id_csv,gg_ads_url,advertiser_url,run_1,run_2,run_3,run_4,run_5
455,https://www.googleadservices.com/pagead/aclk?sa=L&ai=CdW11mO3RafeEKZiDjeYPkOWu6QimxYiNhgHrutiX1hO2woi0AxABIKeKtSFgiQOgAeyW4vQDyAEG4AIAqAMByAMKqgSgAk_Q_15r6tHAYAUVpsS_CoXlWXabfjmzCrMpv2fCutsYLzLEMmefDEXB8k9DAe460x9eiUAjKGx_UZUxyGWSFCJJKVSgC2oZG_Os0t-zX49w21B-l8A4NwlzYd3WU2Srgd1nolf2G0crDTPJp2oHdruhK3Y1PRqC0e071LPYr-e23Jl294PG39ZUp7hORgc8SgObRuyxXAb9L5XBRPOodFpNvHe2Sshbz5njBTqBmCHgVQa4mEGidv9vtu_SbrgRhm890cRz0gS7Wd3rELtykPBOZ_5y_mxXkJ6ef0QsMKQkJMppeqNOdqhN7xQ-xsf0fds_fv7muKrpVFUdyvK3TQBwIrCuL22BzNuzCRQ9tCwhq6gv5a9MmJuYXBHy9zRdk8AEm4jojo8F4AQBiAWi-q_2UqAGN4AH_OidC6gHp8yxAqgH4tixAqgHpr4bqAfMzrECqAfz0RuoB5bYG6gHqpuxAqgHjs4bqAeT2BuoB_DgG6gH7paxAqgH_p6xAqgHr76xAqgHmuGxAqgH1ckbqAfZtrECqAeaBqgH_56xAqgH35-xAqgH-MKxAqgH-8KxAtgHAdIIMAiAYRABGJ0BMgiKgoCAgICACDoOgECAwICAgICIgAKogxBIvf3BOljmwbj999WTA7EJ2l8O4KXoKt2ACgOYCwHICwGiDAOQAQGqDQJKUMgNAeINEwjl7bj999WTAxWYQcMGHZCyK43qDRMI1ui6_ffVkwMVmEHDBh2QsiuN8A0CiA7___________8B2BMNiBQE0BUBmBYByhYCCgD4FgGAFwGyFxAYASoKMzE4Mzg2MDI2MVAGuhcCOAGqGBcJAAAAAKCI9UASCjMxODM4NjAyNjEYAbIYCRICk2kYNyIBANAYAegYAcIZAggB&ae=1&gclid=EAIaIQobChMI97C7_ffVkwMVmEHDBh2QsiuNEAEYASAAEgJruPD_BwE&num=1&cid=CAQS4wEABaugfdVmKOKjuGYOspqWLaY3HTfjicP40Wf65wa7JzciuVmoVc00cI3QO6kmCsG0xUbVvN8e8ovNpdG4WdiCBuFoaX6SZyJoPPg1ygVjr0GKtngChPnLoPzxPipIicrdDLYfo03YvY_ZOt35acCQaSTU_A0QVZRXome7UOl-7THpQ4xYps62G211uzAzwD3cPihSCgQ8l0VWjzPjCFsw3SAj0gFbH-73OpJZXK0xU0ZXP5jaq1t-uPHPRTGqV_vnkraYiDe8L3zWTzWp4fYgSm3DN9U_xifpjMS0_oW4ekm8TxgB&sig=AOD64_0KbtZAiyAx7QttHw8BXdCEfbx4tA&client=ca-pub-4159017740785598&nx=CLICK_X&ny=CLICK_Y&uap=UACH(platform)&uapv=UACH(platformVersion)&uaa=UACH(architecture)&uam=UACH(model)&uafv=UACH(uaFullVersion)&uab=UACH(bitness)&uaw=UACH(wow64)&uafvl=UACH(fullVersionList)&nb=9&adurl=https://www.marketbeat.com/newsletter/PDFoffer.aspx%3Foffer%3D10BestAIStocks%26RegistrationCode%3DBFADS-GDN_AI_DIS1_KW%26utm_source%3Dgoogle%26utm_medium%3Dppc%26utm_campaign%3D%26campaignid%3D22259957026%26utm_content%3D%26adgroupid%3D175856288795%26utm_keyword%3D%26matchtype%3D%26device%3Dc%26placement%3Dwww.wsj.com%26network%3Dd%26creative%3D733527328248%26gad_source%3D5%26gad_campaignid%3D22259957026%26gclid%3DEAIaIQobChMI97C7_ffVkwMVmEHDBh2QsiuNEAEYASAAEgJruPD_BwE,https://www.marketbeat.com/newsletter/PDFoffer.aspx?offer=10BestAIStocks&RegistrationCode=BFADS-GDN_AI_DIS1_KW&utm_source=google&utm_medium=ppc&utm_campaign=&campaignid=22259957026&utm_content=&adgroupid=175856288795&utm_keyword=&matchtype=&device=c&placement=www.wsj.com&network=d&creative=733527328248&gad_source=5&gad_campaignid=22259957026&gclid=EAIaIQobChMI97C7_ffVkwMVmEHDBh2QsiuNEAEYASAAEgJruPD_BwE,,,,,
487,https://www.googleadservices.com/pagead/aclk?sa=L&ai=CsaVQ6czQacCbJtnBvcAP7uOA-QiXveiohgGQ77yf2RWm17CNjw4QASCwhZ0aYImLxIT0E6ABocCY8SjIAQngAgCoAwHIA8sEqgTOAk_Q1St2pGLeq56L13KajFf5loJ9KFbdk9l2BMKfHBZj9F7HYCcpqe2uVlgpj0za-Ozu7BCegFhDldopDJMZf2eZAJAZ82fG0ansNGped4JEqxaeXqN-Gy3di50m5S9YnIa_Pw9j22pK_NLRiwMEx2rImAcLljRQ0OTFmFmGdTfWNwsb9In3GKbYnXa35t9hmasKy1nnEVSDF6rXANHlfwLL2aXc5x5lpg0tBib0csq3quKYvLi3ltvBMPyD0e93lGDFqa_Tu7Mvdo6LeE4rM_9W7r6P7lZUll0bcAty_eXlv4jK1X0UOOs3dqLIuH-KZ-tkZqUmmpb2toD8y9Cwtdfd3Rjp7vCyv-GcRr3BXUHOsBCxRCgNGomESeCkFc8MEyGyv39_mgrWU0jC7urKTTPMzOYOrxW-U1Pn_AJ3mieIYixLkRuCbARF_w5df5_ABO31w5_PBeAEAYgFp4yaxlb6BQYIJRABGACgBi6AB837sfEYqAenzLECqAemvhuoB8zOsQKoB_PRG6gHltgbqAeqm7ECqAeOzhuoB5PYG6gH8OAbqAfulrECqAf-nrECqAevvrECqAfZtrECqAeaBqgH_56xAqgH35-xAqgH-MKxAtgHAPoHFGNvbS5laW5ub3ZhdGlvbi50ZW11wAgB0ggyCIDhgBAQARidATIIqoKAgICAgAg6DoDAA4CAhICAlK7gA6gHSL39wTpY0v3a1eTTkwOACgOQCwOYCwHICwGADAGiDAJIAaoNAkpQyA0B4g0TCOjY29Xk05MDFdlgDwId7jEgj-oNEwjFst7V5NOTAxXZYA8CHe4xII_wDQKIDv___________wHYEwzQFQHKFgIKAPgWAYAXAbIXEBgBKgoyNDU5ODM3NjU3UAa6FwI4AaoYFwkAAAAAcFD4QBIKMjQ1OTgzNzY1NxgBshgJEgLATxguIgEA0BgB6BgBwhkCCAE&ae=1&gclid=EAIaIQobChMIgLTf1eTTkwMV2WAPAh3uMSCPEAEYASABEgI26vD_BwE&num=1&cid=CAQScAAFq6B9ErbXck1cjzjSs5vCbXJ_9fnICBPF4V2BBWUPvlVigJGHVDqHfnvMypichDvWAU-d7xjwu0Qzaj-GXT9dWAtLWYGnIqZWqrV04Yw9UVlTUILWKltioWU_pH89Zr2GpJZN6-fDOI0rtm2DfkMYAQ&sig=AOD64_1RGljF-3mQU6d-U0kGvyHBPKQiAg&client=ca-pub-6447179309296276&nb=9&adurl=https://www.temu.com/ul/kuiper/un3.html%3F_bg_fs%3D1%26subj%3Ddpa-un-dal%26_p_jump_id%3D1028%26_x_vst_scene%3Dadg%26goods_id%3D601099610667600%26sku_id%3D17592570010348%26adg_ctx%3Da-81ea612f~c-9279d1c9%26_x_ns_item_id%3D5068984251-17592570010348%26_x_ads_sub_channel%3Dfeed%26_p_rfs%3D1%26_x_ns_prz_type%3D-1%26locale_override%3D100~ja~JPY%26_x_ns_sku_id%3D17592570010348%26_x_ns_gid%3D601099610667600%26_x_ads_channel%3Dgoogle%26_x_ns_lan%3Dja%26_x_gmc_account%3D5068984251%26_x_login_type%3DGoogle%26_x_ns_gg_lnk_type%3Ddsa%26_x_bg_adid%3Dgd32078801-us-1%26topic_classify%3D133%26_x_ads_account%3D9209990043%26_x_ads_set%3D23232677415%26_x_ads_id%3D193071217389%26_x_ads_creative_id%3D797781952745%26_x_ns_source%3Dd%26_x_ns_gclid%3DEAIaIQobChMIgLTf1eTTkwMV2WAPAh3uMSCPEAEYASABEgI26vD_BwE%26_x_ns_placement%3Dwww.ilmessaggero.it%26_x_ns_match_type%3D%26_x_ns_ad_position%3D%26_x_ns_product_id%3D%26_x_ns_target%3D%26_x_ns_devicemodel%3D%26_x_ns_wbraid%3D%7Bwbraid%7D%26_x_ns_gbraid%3D%7Bgbraid%7D%26_x_ns_targetid%3Dkwd-350228558063%26gad_source%3D5%26gad_campaignid%3D23232677415%26gclid%3DEAIaIQobChMIgLTf1eTTkwMV2WAPAh3uMSCPEAEYASABEgI26vD_BwE,https://www.temu.com/ul/kuiper/un3.html?_bg_fs=1&subj=dpa-un-dal&_p_jump_id=1028&_x_vst_scene=adg&goods_id=601099610667600&sku_id=17592570010348&adg_ctx=a-81ea612f~c-9279d1c9~f-7d8263d6&_x_ns_item_id=5068984251-17592570010348&_x_ads_sub_channel=feed&_p_rfs=1&_x_ns_prz_type=-1&_x_ns_sku_id=17592570010348&_x_ns_gid=601099610667600&_x_ads_channel=google&_x_ns_lan=ja&_x_gmc_account=5068984251&_x_login_type=Google&_x_ns_gg_lnk_type=dsa&_x_bg_adid=gd32078801-us-1&topic_classify=133&_x_ads_account=9209990043&_x_ads_set=23232677415&_x_ads_id=193071217389&_x_ads_creative_id=797781952745&_x_ns_source=d&_x_ns_gclid=EAIaIQobChMIgLTf1eTTkwMV2WAPAh3uMSCPEAEYASABEgI26vD_BwE&_x_ns_placement=www.ilmessaggero.it&_x_ns_match_type=&_x_ns_ad_position=&_x_ns_product_id=&_x_ns_target=&_x_ns_devicemodel=&_x_ns_wbraid=CjoKCAjwyr3OBhAkEioAkUW-2lcncCKoEwxDnFyvPVZZlFmE0qKVQbm1vjIldtD6D9kGmJGMUJsaAkSy&_x_ns_gbraid=0AAAAAo4mICE31bsKKCmJulZ3WGa38Pm_p&_x_ns_targetid=kwd-350228558063&gad_source=5&gad_campaignid=23232677415&gclid=EAIaIQobChMIgLTf1eTTkwMV2WAPAh3uMSCPEAEYASABEgI26vD_BwE&_p_adg_lan_switch_from=ja&refer_page_name=kuiper&refer_page_id=13554_1775393437524_sshuqy1rvm&refer_page_sn=13554&_x_sessn_id=0tt6fya7g5,,,,,
477,https://googleads.g.doubleclick.net/aclk?sa=l&ai=CuYbv-snQacmoKqaQ29gP696U8QWrtP6hhgHhpJOnxxXAj9a62RoQASDmtM-ZAWCJi8SE9BOgAZy4x5cDyAECqQKMvVuyXeY6PuACAKgDAcgDCKoE7QJP0CztnT_knmP56AIXgqBZcSAa3c9BmN5hqx49qpxxeN2f1aTRp3aIL2Baa5stM0tSpe7SnPfrAe18b_WvCG3zo7xdEBespzwd4pUAtl4fyN6KTAZ6_qrpD4oqKfLyWPxiwsal5Al6N4_vnV8mmbKI-mAPV8UiizYTw1eLCgd0Sza0xZgYjOBuxWFU3G8f5QlzlRizT8v9wDvkzBuN1P5Xxf9qfjSSF0ZmXdBsejWoUwUjnnfGUdZD1VnaQknQn7bqR0Ryu8xtIzSMJAVkbX-7DKSA0y0tUvyNMG5oHLF6nYEFhFjI6wMhD3sQrJ279GlyTODQF9RjMo-5cSngIsVy4EutJ9Hxr4Qp4gW5aMYAiTddU0fRLZPoeRnhrjfxKLbWZ9XkeEeseR4rsx1v83mRnDebPR8GY29RLrJEv6QHpOrAUpvAhLt68KPtoevPmaCKCfp9b2aja25M1hPu1SAOzthDzn05j1P2lVBu-sAE2dWK78oF4AQBiAXWjq7RV6AGAoAHzMe4aKgHp8yxAqgH4tixAqgHpr4bqAfMzrECqAfz0RuoB5bYG6gHqpuxAqgHjs4bqAeT2BuoB_DgG6gH7paxAqgH_p6xAqgHr76xAqgH1ckbqAfZtrECqAeaBqgH_56xAqgH35-xAqgH-MKxAqgH-8KxAqgHwsixAtgHAdIIMgiB4YBgEAEYnQEyCMuKgICAgIAKOg6AgASAwICAgICogAKoA0i9_cE6WNvk1O_h05MDsQldOf2RBQM2aIAKA4oKnQFodHRwczovL3Jjdi5peGQuZG1tLmNvbS9hcGkvc3VybD9yZWRpcmVjdGlvbl91cmw9aHR0cHM6Ly9hZC5nYW1lcy5kbW0uY29tL3JseWVoc2hvdWpvdGFpX2MwMi9pbmRleC5odG1sJnVyaWQ9aVVxMWppMDUmZ2FkX3NvdXJjZT01JmdhZF9jYW1wYWlnbmlkPTIzNTI0NTA5NTI2mAsByAsB4AsBogwDkAEBqg0CSlDIDQHiDRMI6ZPV7-HTkwMVJsgWBR1rLyVe6g0TCKKx1e_h05MDFSbIFgUday8lXvANAogO____________AdgTDNAVAZgWAcoWAgoA-BYBgBcBshcQGAEqCjUxMDM4Nzk0ODNQBroXAjgBqhgXCf____-_sO5AEgo1MTAzODc5NDgzGAGyGAkSArBTGAIiAQDQGAHoGAHCGQIIAQ&ae=1&gclid=EAIaIQobChMIyY3W7-HTkwMVJsgWBR1rLyVeEAEYASAAEgJJPPD_BwE&num=1&sig=AOD64_2qTbZZ6wWgPfYxxOQGOYLaxnnd-A&client=ca-pub-3677668629134422&rf=5&nx=CLICK_X&ny=CLICK_Y&uap=UACH(platform)&uapv=UACH(platformVersion)&uaa=UACH(architecture)&uam=UACH(model)&uafv=UACH(uaFullVersion)&uab=UACH(bitness)&uaw=UACH(wow64)&uafvl=UACH(fullVersionList)&nb=2&adurl=https://ad.games.dmm.com/rlyehshoujotai_c02/index.html%3Fgad_source%3D5%26gad_campaignid%3D23524509526%26gclid%3DEAIaIQobChMIyY3W7-HTkwMVJsgWBR1rLyVeEAEYASAAEgJJPPD_BwE,https://ad.games.dmm.com/rlyehshoujotai_c02/index.html?utm_content=210185&utm_source=GDN&utm_medium=display&utm_campaign=rtg&gclid=EAIaIQobChMIyY3W7-HTkwMVJsgWBR1rLyVeEAEYASAAEgJJPPD_BwE,,,,,
459,https://www.googleadservices.com/pagead/aclk?sa=L&ai=CqaDr8OTRac-UJfyCjeYPmJnN6ATC7M-thQHsyqCm1xWhpvjz0B0QASDFnrQdYIkDoAGowMrHA8gBCeACAKgDAcgDCqoE3QJP0E9XF607a77KYe0wZpG8Krly9fa9WBYbgSromifbK5G4FdUNZcNZ6n-hD7M5nPWhoHMYvB7kFQsZzdfcIxb3FfSTYi0GClPzuzqnxi0sJkHIkujZjsWfxpsdIvqlguF7uIFGgHUDPKAt92Ih0KSrJ5Cmh_VbVEt071rWjh_zn-LPxV9LwMh5uTSrEQwoVXNUdgUYwWhEnfAEEpVulUjz5hHNQ_6YyqbrlPkYyFKp-8Y9WefhcVt5p1HADZU2v4hNebj6nhdn-BqyGAPVFlvFEa6pDJ_NDQbgwldj_DWyQxm8rbcTMMDQo7y3EbrT9rJ3NwmgI6Pt0r2SqBYsmfQcgNlxl4Td6shrAOSETg3mtnQZCiAWrbf6SsX1x-ROkK-DVPHDperTOI9vmRSZNflGuNgXLuoXRPzAORFnZnVEwSlecOzdg6imfrpyC3N3gedOt1w0hmVVODEtFuhHwASk5tWsuwXgBAGIBd-zxPVVoAYugAfAv7U4qAenzLECqAfi2LECqAemvhuoB8zOsQKoB_PRG6gHltgbqAeqm7ECqAeOzhuoB5PYG6gH8OAbqAfulrECqAf-nrECqAevvrECqAfVyRuoB9m2sQKoB5oGqAf_nrECqAffn7ECqAf4wrECqAf7wrEC2AcA0ggvCIBhEAEYnQEyCIqCgICAgIAIOg2AQIDAgICAgKiAAqgDSL39wTpYqPze3O_VkwOxCUSOjvGZkWLEgAoDigq-AWh0dHBzOi8vbW9uaXRvci5jbGlja2NlYXNlLmNvbS90cmFja2VyL3RyYWNrZXIuYXNweD9pZD1vemo5ZDdsTzNEYmQ0QyZhZHBvcz0mbG9jcGhpc2ljYWw9OTA2MDQ0MCZsb2NpbnRlcmVzdD0mYWRncnA9Jmt3PSZudz14JnVybD17bHB1cmx9JmNwbj0yMzA1NzUyMTE3MyZkZXZpY2U9YyZjY3B0dXJsPW1vbmV5bWV0YWxzLmNvbSZwbD2YCwHICwHgCwGADAGiDAOQAQGqDQJKUMgNAeINEwjPnt_c79WTAxV8QcMGHZhME03qDRMI7Jbh3O_VkwMVfEHDBh2YTBNN8A0CiA7___________8BsA6Y6rfRGLgT5APYEwvQFQGYFgHKFgIKAPgWAYAXAbIXEBgBKgoyNDQ5NjQwMDQxUAa6FwI4AaoYFwkAAAAA6GsBQRIKMjQ0OTY0MDA0MRgBshgJEgKXTxguIgEA0BgBwhkCCAE&ae=1&gclid=EAIaIQobChMIz8zh3O_VkwMVfEHDBh2YTBNNEAEYASAAEgKDovD_BwE&num=1&cid=CAQS0gEABaugfaG4ZvMugnpBKtc8PCXDEkcq2R3sXVXNLpZHYCXGw1C13zJkBrUr7smt0lE7OtQ0YQqW2WhAWb32eTmwifbhhkA447oPTRvI5CqBgSWYWAUWXcl2jxBzDImZxN3iLQGG1IAcnvib3jGJQ4QvZm6-pcD2ztTh3V5AGp8qPr_LIijo32pTQG03PRDyd4Iuvaxh-BfPHsi20swh6b3ONwSasaO6DZw6Ovjrziz33LOwqbsnmIp6QQlKFslvFS7CbJGxawzWTJfX0BLo23q5fJ8YAQ&sig=AOD64_31_DBTdpJZCYzL8U_U8k0zECwhEQ&client=ca-pub-4069693291391267&rf=4&nb=9&adurl=https://www.moneymetals.com/random-silver-eagles-datestype-our-choices/2285%3Fkeycode%3DGGL-MME-eComm-Performance%2520Max%2520-%2520BelowCost%26utm_source%3Dgoogle%26utm_medium%3Dcpc%26utm_campaign%3DGGL-MME-eComm-Performance%2520Max%2520-%2520BelowCost%2520NCA-23057521173%26gc_id%3D23057521173%26gad_source%3D5%26gad_campaignid%3D23063501279%26gclid%3DEAIaIQobChMIz8zh3O_VkwMVfEHDBh2YTBNNEAEYASAAEgKDovD_BwE,https://www.moneymetals.com/random-silver-eagles-datestype-our-choices/2285?keycode=GGL-MME-eComm-Performance%20Max%20-%20BelowCost&utm_source=google&utm_medium=cpc&utm_campaign=GGL-MME-eComm-Performance%20Max%20-%20BelowCost%20NCA-23057521173&gc_id=23057521173&gad_source=5&gad_campaignid=23063501279&gclid=EAIaIQobChMIz8zh3O_VkwMVfEHDBh2YTBNNEAEYASAAEgKDovD_BwE&gclid=EAIaIQobChMIz8zh3O_VkwMVfEHDBh2YTBNNEAEYASAAEgKDovD_BwE,yes,yes,yes,yes,yes
485,https://www.googleadservices.com/pagead/aclk?sa=L&ai=CA9hRyN7Qac7hGp3sjeYP0euJqQje2oamhgGxraCTwRWiyoDn2TIQASDH5_AgYImLxIT0E6AB4I6KwQPIAQmpAoy9W7Jd5jo-4AIAqAMByAMKqgS5A0_QDJN6fLy5IskIQO9KzMaNwyk2s2ygnWoaGQRn3IKoQDIOxoiV4gymQUMWFgcy9IzQ3z_M1SFDob3qHdJokZEl7r2qBKCC-G--5JlnV935jDdSGt4aNMQAXo6vjIz1Wl2EwAhpjm4W2MDF1z1khf8iVbdLxDpOCzFY2ygPb6BQ4XcYfbe_XeOwN92rp0kA9X2zq_3L22X4Q_YoAgApZ_F64c_i8rtkBvfAjh2TLW_enjrH3MRwMw4foyjTEGLuxJpB3AT7iMDtpAUf6bcgDCuUZHeK0pqIyqSrRwjwkFwxsRWthiBoGFrjKF9LlohNu165zl_2OtD7YPIl14K5I9tSyTKQu7Hnb-jHc0hTViQ80CNJXQfzOGZLLkr3RhmbEEQVa4h4mlxfaLbwxhNcawOJROA2YjN8cuYjc5rlDjOTvYzNeN69DVVZF1kBxY2tolk1V0HqhPti2_Nyaa4B642EGfTAX-ztCIBokO4AeUxhjj245_YG3MfYZwrvjWX0NhEujvWELzDSySH5LXlIJkmjbsJ02SNFg4I8d65TdAPGylJJ6uHt82bZqYcedBStNoxCoQUTGIbKXMAE8vDXhKwF4AQBiAWS7NaNQKAGLoAHiPH1PqgHp8yxAqgH4tixAqgHpr4bqAfMzrECqAfz0RuoB5bYG6gHqpuxAqgHjs4bqAeT2BuoB_DgG6gH7paxAqgH_p6xAqgHr76xAqgH1ckbqAfZtrECqAeaBqgH_56xAqgH35-xAqgH-MKxAqgH-8KxAtgHANIIMgiA4YAQEAEYnQEyCKqCgICAgIAIOg6AwAOAgISAgJSu4AOoB0i9_cE6WI20lNv105MDsQkdn7u72pgSIYAKA5gLAcgLAYAMAaIMA5ABAaoNAkpQyA0B4g0TCJ2Jldv105MDFR12wwYd0XUiheoNEwih45bb9dOTAxUddsMGHdF1IoXwDQKIDv___________wGwDoaSq9kYuBPkA9gTDNAVAZgWAcoWAgoA-BYBgBcBshcQGAEqCjc1NzQxMzM4NjZQBroXAjgBqhgXCQAAAAAgLf9AEgo3NTc0MTMzODY2GAGyGAkSApNOGC4iAQDQGAHCGQIIAQ&ae=1&gclid=EAIaIQobChMIzuWX2_XTkwMVHXbDBh3RdSKFEAEYASAAEgKD3fD_BwE&num=1&cid=CAQSggEABaugfXcCCZDt_8ZpaOlMGM1uV6R8vyLrXLlO26wqGONpFvmtxnBSx34WNMB637t0PLURekn_869VFz0gC2deSDi5JwThio0HxSUvl8n7WxWuCxJXGRfFgnTSN0tNA-SUfjf1tlDChjHArFcd5yMWAYHZoPhjQ6AiwHLit-jVkKMdGAE&sig=AOD64_0tBcxnuRuLyte-ydozdfiZjjzz6A&client=ca-pub-3272912600735998&rf=4&nb=9&adurl=https://www.yoriso.com/sogi/lp/support/v2-a/%3Futm_medium%3Dcpc%26utm_source%3Dgoogle%26utm_campaign%3D17199881977%26ytp_cmp_id%3D17199881977%26ytp_adg_id%3D%26ytp_kwd_id%3D%26ytp_cscm%3Dgoogle_cpc%26keyword%3D%26matchtype%3D%26network%3Dx%26creative%3D%26gad_source%3D5%26gad_campaignid%3D17208555026%26gclid%3DEAIaIQobChMIzuWX2_XTkwMVHXbDBh3RdSKFEAEYASAAEgKD3fD_BwE,https://www.yoriso.com/sogi/lp/support/v2-a/?utm_medium=cpc&utm_source=google&utm_campaign=17199881977&ytp_cmp_id=17199881977&ytp_adg_id=&ytp_kwd_id=&ytp_cscm=google_cpc&keyword=&matchtype=&network=x&creative=&gad_source=5&gad_campaignid=17208555026&gclid=EAIaIQobChMIzuWX2_XTkwMVHXbDBh3RdSKFEAEYASAAEgKD3fD_BwE,,,,,
444,https://www.googleadservices.com/pagead/aclk?sa=L&ai=C_TNgZ6vRabiNEN2I3NMPoOqnkQmKzuuahgHTm4-qsBOhpvjz0B0QASC-z4caYM2g74CsA6AB9bK8wCnIAQmpAjwJqaJZBoo-4AIAqAMByAPLBKoE2wJP0GGEnITHvp5ofC9AbXJUNuPLLLyk_B1lYxwNf2j9qbX-ZjFpYXK8aviAt6--Bgzpz6nVD8ZDvdIBnRCWnCRIqfNO5HxBOKmsrx-NPNWq4t_6OCCLxOBBCYlg47Dyr7NjCf9_2v9C8Q44PQwldj9zw6ySZHZyAM_mTZlMPz2aDloxOSMUUmpGuLnTrGOh0QD15ZaqvfTl-qZugfkN_nxJqjQwPEuMPA-mEyq5rWuw56Nj63o36dC1BT-VQoi-ontt7d0rMh0blVuPrfsSVLUwpL2oZ2Av2A9qDwz2UryTk7K_AK95A3DwTW-8PHZ0TZ8uy_EGUOvxL1ShE5O9SE34qkXDeRS4rj9-qNJlPKgtYWEiVYuuktVElQnu5wlQLrOVxBaie96FC_Ax5xTr7uKsGaTMF6CiaF5F6srz16rCbZTGpb5b-wjQ_7N7rAwRB7_isNaPgQVL1kL3HMAEzvGx54kF4AQBiAW5wIK4UsAFBfoFBgglEAEYAKAGLoAH9eqMoASoB6fMsQKoB-LYsQKoB6a-G6gHzM6xAqgH89EbqAeW2BuoB6qbsQKoB47OG6gHk9gbqAfw4BuoB-6WsQKoB_6esQKoB6--sQKoB9m2sQKoB5oGqAf_nrECqAffn7ECqAf4wrECqAfi2LECqAfi2LECqAfi2LEC2AcA-gcdY29tLm1hZ2F6b3JkLnNpdGUubW92ZWlzYWx2aW7ACAHSCC8IgGEQARidATIIioKAgICAgAg6DYBAgMCAgICAqIACqANIvf3BOljPy5_tuNWTA4AKA5ALA5gLAcgLAYAMAaIMBUgBkAEBqg0CQlLIDQHiDRMIpfuf7bjVkwMVXQR3BB0g9SmS6g0TCJ2Qoe241ZMDFV0EdwQdIPUpkvANAogO____________AbAOtafaihjgEszrxcT9qbeQ4wHYEwvQFQHpFTGEgsgRddyG8BXauMPhAvoVB0FMMjU3LTGYFgHKFgIKAPgWAYAXAbIXEBgBKgozODUyNjA3NDM4UAa6FwI4AaoYFwkAAAAAII4HQRIKMzg1MjYwNzQzOBgBshgJEgKtURguIgEA0BgBwhkCCAE&ae=1&gclid=EAIaIQobChMI-Nyh7bjVkwMVXQR3BB0g9SmSEAEYASABEgLABvD_BwE&num=1&cid=CAQS5AEABaugfclVFWMgenj8z0FshknMzbFamFn2Uuj7IgFZXixJ8mj6C0kbOAEnd5QeF-0dG_UXwY2qWnTLoXOekgis6zKbWVz0e9qGIGovnM22UgXrPeZQ4GilUao5jsDArZATpHwxNrH5fEwqOWxP82FQ25iijG6CwoIoxiPBmn2_YMzN-iPVTeKkisBAr9Trmj6OPSpQj9my9iKRb8-csVkSxWD6fET_f_3NsEjNVBe97oMQunv5EPhZCH5XMS1DlVtZ0Suhvhf14u7Dsuap5cbbkoYQ5KCspxDua9gq9BzWX2cMqtsYAQ&sig=AOD64_1c330NUwsoz1FZujoFvQPuIllARA&ctype=5&client=ca-pub-6453680425766689&nb=9&adurl=https://www.moveisalvin.com.br/conjunto-mesa-espanha-110-cm-4-poltronas-denver-cor-mel-estofado-facto-modena-ocre%3Futm_source%3Dgoogle%26utm_medium%3DShopping%26utm_campaign%3Dconjunto-mesa-espanha-110-cm-4-poltronas-denver-cor-mel-estofado-facto-modena-ocre%26inStock%26gad_source%3D5%26gad_campaignid%3D22129188921%26gclid%3DEAIaIQobChMI-Nyh7bjVkwMVXQR3BB0g9SmSEAEYASABEgLABvD_BwE%23derivacao%3D91/123,https://www.moveisalvin.com.br/conjunto-mesa-espanha-110-cm-4-poltronas-denver-cor-mel-estofado-facto-modena-ocre?utm_source=google&utm_medium=Shopping&utm_campaign=conjunto-mesa-espanha-110-cm-4-poltronas-denver-cor-mel-estofado-facto-modena-ocre&inStock&gad_source=5&gad_campaignid=22129188921&gclid=EAIaIQobChMI-Nyh7bjVkwMVXQR3BB0g9SmSEAEYASABEgLABvD_BwE#derivacao=91/123,yes,yes,yes,yes,yes
493,https://www.googleadservices.com/pagead/aclk?sa=L&ai=CgbMu2uDRaYSuE72YjeYPhIeOwAPSspDnhQG-kZ6jsxW-pNPnjg4QASDmtM-ZAWCJA6AB-v-S_APIAQngAgCoAwHIA8sEqgS-Ak_Q_A-Phr96HdJ_w54YlWGgn6DjVIM-QGbFKtcn7YhXVb2RW2t_8clyKIPCFizpmFawSv5ff_On-XiYqo03X5lY8es6IiXdoH3pTFiDXh2H1e8lSkUoRHkfN_poyNWA_Y992xu5b554Vx0zh6GiUfMC1PT7if45q6aomp5NOmffbUv1nZ5ZHCe__i11IwcOIR76BMI7CFIMlWp-QO3Pm5rkAuogqR4Mel_7ncXlDEYtQdb2ma3p8JynbwZ2ePPPXVg2B62mvrTvgSQwlyOIdM2Uj7ie3H1NTi0y_g2jycqZGh_dMZ56V4-Bpn6FwdwYfBD73CmJHAEzazjpdXapaw0Ch2aFZuPZIT2HNbV_P5K3um8E8Iqn4wD1RUDWvC45J7LUeodZ6c61bDzekrTIxOVn1pAB6Dw1njFFKSFjJcAE7pnctdkF4AQBiAW_uN7fV6AGLoAH7v_sA6gHp8yxAqgHpr4bqAfMzrECqAfz0RuoB5bYG6gHqpuxAqgHjs4bqAeT2BuoB_DgG6gH7paxAqgH_p6xAqgHr76xAqgHmuGxAqgH1ckbqAfZtrECqAeaBqgHmMWxAqgH_56xAqgH35-xAqgH-MKxAqgH-8KxAtgHANIILwiAYRABGJ0BMgiKgoCAgICACDoNgECAwICAgICogAKoA0i9_cE6WJXY5-nr1ZMDmgkXaHR0cHM6Ly93d3cuYmVhemVyLmNvbS-xCTjh8t9RILyHgAoDyAsB4AsBgAwBqg0CSlDIDQHiDRMIj4Po6evVkwMVPUzDBh2EgwM46g0TCNW17Onr1ZMDFT1MwwYdhIMDOIgO____________AdgTDdAVAcoWAgoA-BYBgBcBshcQGAEqCjUxMDM4Nzk0ODNQBroXAjgBqhgXCQAAAADGyiZBEgo1MTAzODc5NDgzGAGyGAkSAq1RGC4iAQDQGAHCGQIIAQ&gclid=EAIaIQobChMIhIPt6evVkwMVPUzDBh2EgwM4EAEYASAAEgLbh_D_BwE&num=1&cid=CAQS0gEABaugfc1X0RHVteOXDdSmU7gFpWrPOLVlE-nF-WDKI2vp1mGis1mV3Edc-kcBdYNg3fMSbbruGeXHhFvRJGpAbSt7G_sW6Ry2gBr7KscgBwTBRcfqiScbKkaDrjySSJpVmrSC0gfowlFTMfHiI8b62TqGR7EfeLDgxh2i9f9mLZ7gUQug-K3jdlYHgmtdn-4rjaV_9OmgbVz_Wy7_fr_C4rqT5ZcWlmYJ5rAoKg0Y4bCnhVgzXC4U4HmGtwvzfI3T-HT4F-JfJKvgs6NgpkklO60YAQ&sig=AOD64_1QqnyyW_fN5r9tuc04_QGQkKXfRQ&client=ca-pub-3677668629134422&rf=1&nb=9&adurl=https://ad.doubleclick.net/searchads/link/click%3Flid%3D58700009041484358%26ds_a_cid%3D10848094%26ds_a_caid%3D23554661439%26ds_a_agid%3D195802107118%26ds_a_fiid%3D%26ds_a_lid%3Dkwd-0%26ds_a_extid%3D%26%26ds_e_adid%3D802908817627%26ds_e_matchtype%3D%26ds_e_device%3Dc%26ds_e_network%3D%26%26ds_url_v%3D2%26ds_dest_url%3Dhttps://www.beazer.com/%3FLeadSourceID%3D2205%26utm_campaign%3DDemand%2BGen%2B-%2BNational%2B-%2BEvergreen%2B-%2BRemarketing%26utm_term%3Ddemandgen%26utm_source%3Dgoogle%26utm_medium%3Dcpc%26utm_content%3DDemand%2BGen%2B-%2BRemarketing%2B-%2BGA4%2BEngaged%2BVisitors%26gclsrc%3Daw.ds%26gad_source%3D5%26gad_campaignid%3D23554661439,https://www.beazer.com/?LeadSourceID=2205&utm_campaign=Demand+Gen+-+National+-+Evergreen+-+Remarketing&utm_term=demandgen&utm_source=google&utm_medium=cpc&utm_content=Demand+Gen+-+Remarketing+-+GA4+Engaged+Visitors&gad_source=5&gad_campaignid=23554661439&gclid=EAIaIQobChMIhIPt6evVkwMVPUzDBh2EgwM4EAEYASAAEgLbh_D_BwE&gclsrc=aw.ds,,,,,
463,https://www.googleadservices.com/pagead/aclk?sa=L&ai=CkNt87zPRafnCAfWRmsMPkZaEsQ_I5r-nhgHXo4jc9RShpvjz0B0QASC6vvAWYKWAgICcAaABrr7W6j7IAQmoAwHIA8sEqgTnAU_QB9zZesF3N1T_anhSS9ccnIZyuP374A5wZhoTY6TM74BnniAG2GEmGPwU6_2-uZQSOLxgMMv2DVwVWV-cJamfaY6sxJ-ZuQvkRb3bDN43-XlULmbi-YVhUk-opV9sMA4WWv-YNuG-c7iDNYD9Dx_ulInIXdqfjrzYz3UBFg_HSBhEM_xhGMrBUbd-NIinvMhOFnWPL3aVa0Cr5uJ0GOW8zAIYtuX09Ul05b2tG_DGS4DxPnjkpZkm5YCXRjt-zj87-L8UyOrWStWfpNpnvrhvzB_IuWmw3NkneoLft7W7gVZ4-LuL3MAE-N-GibwFiAWDz7ylVqAGLoAHrvamyhmoB6fMsQKoB-LYsQKoB6a-G6gHzM6xAqgH89EbqAeW2BuoB6qbsQKoB47OG6gHk9gbqAfw4BuoB-6WsQKoB_6esQKoB6--sQKoB9XJG6gH2baxAqgHmgaoB_-esQKoB9-fsQKoB_jCsQKoB_vCsQLYBwDSCC4IgGEQARgAMgiKgoCAgICACDoNgECAwICAgICIgAKoA0i9_cE6WJDj-vbG1JMD8ggfYmlkZGVyLXhhcGk6NjI1ODgzOnZsV0FZa0tfWUJ3a7EJATQcd5z8-N2ACgSKCiVodHRwczovL3NlYXJjaHBhZC5jb20vdC90P3VybD17bHB1cmx9mAsByAsB4AsBgAwBogwDkAEBqg0CQVXIDQHwDQKIDv___________wG4E-QD2BMN0BUBmBYByhYCCgD4FgGAFwGyFxAYASoKNTU0MzI3MTE1OVAGuhcCOAGyGAUYLiIBANAYAegYAcIZAggB&ae=1&gclid=EAIaIQobChMIufbH9cbUkwMV9YhmAh0RCyH2EAEYASAAEgKvEvD_BwE&num=1&pr=8:124225EAC877F13E&cid=CAQShAIABaugfZS4msxaobjrF61hL7yLklGqpRKtO0kLgJNATKcFOapx_z_xvuLeSVtZxEKfopdA_BvfuLcVO0HecpTGOsj9LhG1BRy5HiP-8bM808TAAXsQ9nuuEORQphN2zvPL1vCVDUTPJuffWajvN04NdPlWKpexAA-g2-SNQKeS5qzB6C9EXp7Koi_9leQcNJSOIGOPiBa8sakP81WX4p4ta90uwXaJA62988nlyUiLXbEV3j1ezbgyIlyreOWzDTTFvqpA49K3qPgwoe8UBLYVRjCn74kbYjd-P-DX5BEfhs6afzR7mS4VwEddSoFV-4Ojfdw_BwPX4Kriu8TqPpMnH0x_7RgB&sig=AOD64_3C4F6wH26NNR367_aXCEA7WuzX0A&client=ca-pub-6579838053286784&rf=1&nb=9&adurl=https://au.search.yahoo.com/yhs/r%3Fkw%3Dhosted%2Bpbx%2Bproviders%26imp%3D200-230%26_rp%3Drz%26campaign%3Drazr%26adsource%3Dgdn%26keyword%3D%26kw_id%3D381161876243930931%26ad_id%3D780238538394%26adgroup%3D187923804152%26campaign_id%3D23164036995%26placement%3Dweather.com%26gad_source%3D5%26gad_campaignid%3D23164036995%26gclid%3DEAIaIQobChMIufbH9cbUkwMV9YhmAh0RCyH2EAEYASAAEgKvEvD_BwE,https://search.yahoo.com/yhs/search?p=hosted+pbx+providers&hspart=yahoo&hsimp=yhs-g225a&type=-hosted+pbx+providers-src-gdn-rkw-381161876243930931-ad-780238538394-pgrid-187923804152-cpgnid-23164036995-&param2=2&param3=33380117d0d81651e2104596a89fff64,,,,,
457,https://www.googleadservices.com/pagead/aclk?sa=L&ai=CufTMNNLRaeehKcWTjeYPrdfqoQnvrsLqhQHEwfP80BPf5KK9wAEQASDNno8YYIkDoAHYsKHvA8gBCakCl4ZLUEwmtj7gAgCoAwHIA8sEqgT5Ak_Qw7BaDjyQs2GRsGiQ9DgMND_iAh5chvPmCOg2-e-05ExItvEteGYVKMBGLZrNNJB8IXLylZd1fo3-MtWhSKK7wrNnPuXhdhMyoZzwdN07DzPyZ-lJ3XQm_Xk9GABL7-5vsdyBJw6LAy2zeS_rKEzQL14l-HNzi1XWMwZvL5Asq0tYW08EsPOQOSEwE8SqsZlBPgPZuDnrK3C6JBF2fT-K-FB_Y98u7wLHvR4sWdKBmvSARB3qoqLAJ7_7a8iS-gU3TR6y0t5X64D8Y4nsuJVf_kL_U6jgXC_shusFkd1KstzhNNDx42uKpccdPB6msgKZOiO5ELz8TtJJsTteV6r5I3HaMx3UqWZp9p-fgk1oO7obPBH4PHTP_A__kS_h13LHhK2LmxqZmb0MhnYFvuSK1LBRk-6WWNBQoQnrHbt86A56jn04p2ZlbS8_pOZ8hqdT7R5OwBWWcQxcm-WNWIV8upwcvp5GOlwULv9dSF0S6Ca_GGgN3ab3wASwgvf_jwXgBAGIBZz1hapR-gUGCCUQARgAoAYugAeKvsnUA6gHp8yxAqgHpr4bqAfMzrECqAfz0RuoB5bYG6gHqpuxAqgHjs4bqAeT2BuoB_DgG6gH7paxAqgH_p6xAqgHr76xAqgH2baxAqgHmgaoB_-esQKoB9-fsQKoB_jCsQLYBwD6BxtuZXQuc2t5c2Nhbm5lci5hbmRyb2lkLm1haW7ACAHSCDEIkOGAQBABGJ0BMgiLg4CAgICACjoNgECAwICAgICogAKoA0i9_cE6WP7N7-3d1ZMDgAoBkAsDmAsByAsBgAwBogwCSAGqDQJKUMgNAeINEwj7nPDt3dWTAxXFScMGHa2rOpTqDRMI3Njw7d3VkwMVxUnDBh2tqzqU8A0CiA7___________8B2BMNiBQB0BUByhYCCgD4FgGAFwGyFxAYASoKMzc4NTc4NzMyMVAGuhcCOAGqGBcJAAAAAMAWCUESCjM3ODU3ODczMjEYAbIYCRICoE8YLiIBANAYAegYAcIZAggB&ae=1&gclid=EAIaIQobChMI54vx7d3VkwMVxUnDBh2tqzqUEAEYASABEgJNYfD_BwE&num=1&cid=CAQS0gEABaugfVkRax-fqu-yBLGLuMhcf9ys019LycfRh2v0LG1VDL18ksx2uB55g7IP8kDdqJnyChU5T9G2HtFniwGWohx-mF-I6aLlu6NmwvnbdLUxr358G1nnDXKsuczBrlh4zLbBh_VTqWYIJlJOV4O2p9fcDw0Yi1JHM32xYZ68_M-xVMOwkDsjvB8WIMCyzOIZzq0w-GqCB9m77JWc2ahpRbcdiya4kvG_B0bxL60_adW7dIWx8u2h9OcrdWzAo3CnLRjiuED2Km9PeGZO1xtGLNsYAQ&sig=AOD64_3GBCWYryMV2ejKK-nNUYWngcbVyg&client=ca-pub-4075694933314520&nb=9&adurl=https://www.skyscanner.jp/transport/flights/JP/KR/cheapest-flights-from-%E6%97%A5%E6%9C%AC-%E8%A1%8C%E3%81%8D%E6%A0%BC%E5%AE%89%E8%88%AA%E7%A9%BA%E5%88%B8-%E9%9F%93%E5%9B%BD.html%3Foym%3Danytime%26iym%3Danytime%26preferDirects%3Dfalse%26utm_campaign%3Djp-flights-display-midfunnel-feedbasedads%26EAIaIQobChMI54vx7d3VkwMVxUnDBh2tqzqUEAEYASABEgJNYfD_BwE%26utm_medium%3Ddisplay%26utm_source%3Dgoogle%26utm_content%3Dfeed%26campaignid%3D21831449244%26adgroupid%3D176093511984%26AssociateID%3DDIS_FLI_19465_00000%26gad_source%3D5%26gad_campaignid%3D21831449244%26gclid%3DEAIaIQobChMI54vx7d3VkwMVxUnDBh2tqzqUEAEYASABEgJNYfD_BwE,https://www.skyscanner.jp/sttc/px/captcha-v2/index.html?url=L3RyYW5zcG9ydC9mbGlnaHRzL0pQL0tSL2NoZWFwZXN0LWZsaWdodHMtZnJvbS3ml6XmnKwt6KGM44GN5qC85a6J6Iiq56m65Yi4Lemfk+WbvS5odG1sP295bT1hbnl0aW1lJml5bT1hbnl0aW1lJnByZWZlckRpcmVjdHM9ZmFsc2UmdXRtX2NhbXBhaWduPWpwLWZsaWdodHMtZGlzcGxheS1taWRmdW5uZWwtZmVlZGJhc2VkYWRzJmdjbGlkPUVBSWFJUW9iQ2hNSTU0dng3ZDNWa3dNVnhVbkRCaDJ0cXpxVUVBRVlBU0FCRWdKTllmRF9Cd0UmRUFJYUlRb2JDaE1JNTR2eDdkM1Zrd01WeFVuREJoMnRxenFVRUFFWUFTQUJFZ0pOWWZEX0J3RSZ1dG1fbWVkaXVtPWRpc3BsYXkmZ2FkX2NhbXBhaWduaWQ9MjE4MzE0NDkyNDQmdXRtX3NvdXJjZT1nb29nbGUmdXRtX2NvbnRlbnQ9ZmVlZCZnYWRfc291cmNlPTUmY2FtcGFpZ25pZD0yMTgzMTQ0OTI0NCZBc3NvY2lhdGVJRD1ESVNfRkxJXzE5NDY1XzAwMDAwJmFkZ3JvdXBpZD0xNzYwOTM1MTE5ODQ=&uuid=b48fb383-30ee-11f1-b60b-27f114cc2d29&vid=b48fb67d-30ee-11f1-b60b-29893ea2a015,no,no,no,no,no
469,https://www.googleadservices.com/pagead/aclk?sa=L&ai=C38GV3tTRadnnNueMjeYPtNuvCcCbr6KGAY71opXxFN3ZHhABIIWv8x5giQOgAemwlP0DyAEB4AIAqAMByAMKqgSqAk_QXX0rr5LjMjLrAxO_CY5qIUS0gYjNiBcC_WEc59XI0jl-nXIvHbSfR_Nfzx-dSiU3xHsomm9kW2kfwk3m8yLEiNFBZYB22oLbeC8uNSWCA-w57pYtQtBJw8ciDBSfquhqPUGnAOEX3Dgy27eiseqDVfODAee4Cq547UgAZ6jpjTLNyaE4v8HwvElR_xqSSrtf0jYCIpY9Azfy4vNRUNgbkBbWiy8Kl55Dcmv0gw0xHAIHOLOeoAUj6AJ-mui5l1IjlydscgFGfIF1F8OjBpTsu9L9syrSI2g3qH1DRiI0GrNi2xAmqxM_Qn5WdwQbHcN4VWaPIC74dVRzO3DU4aLaLZn9_hk8QDT8v0fBA9DDaJ3vA87S2XLMkTmIX7Z3rwrMogns0Num-WvABMWkn7K5BeAEAYgF0JyQolaAB__O6wKoB6fMsQKoB6a-G6gHzM6xAqgH89EbqAeW2BuoB6qbsQKoB47OG6gHk9gbqAfw4BuoB-6WsQKoB_6esQKoB6--sQKoB9XJG6gH2baxAqgHmgaoB_-esQKoB9-fsQKoB_jCsQKoB_vCsQLYBwHSCC8IgGEQARidATIIioKAgICAgAg6DYBAgMCAgICAqIACqANIvf3BOljKvJSz4NWTA7EJ-I0nFG_Ush2ACgOYCwHICwGqDQJKUMgNAeINEwj2nJWz4NWTAxVnRsMGHbTtKwHqDRMI_vCWs-DVkwMVZ0bDBh207SsB8A0CiA7___________8B2BMKiBQC0BUByhYCCgD4FgGAFwGyFxAYASoKNTUwMTgyOTU3OFAGuhcCOAGqGBcJAAAAAMhJBUESCjU1MDE4Mjk1NzgYAbIYCRIC704YASIBANAYAcIZAggB&ae=1&gclid=EAIaIQobChMI2c6Ys-DVkwMVZ0bDBh207SsBEAEYASAAEgJIrPD_BwE&num=1&cid=CAQS0gEABaugfZ53Aql8CEa1_7Bz_R-YqLMTlrq34TPANf5Q9MoojIKvY2CfWTdsgnURe4YJXhwDW4UJ1HiswXzMim_D9QVDxL13Rb__dc9_GE3OGShovDdZaZYsQVgvWrTqiGEixwucVWcsmEWJrfzMVkaaQpm9By9nRQ93pLGUG7KatbC2Mie8LtiXzcjeJUxNqauuLUFCfXxRg_sxJgZ4InJzX-g3qub7WDmLhtVE-ZcD7GD9KCvsFKmJUsYhALjimQi8lxj6j09W7FMQwZsfxrt7ny0YAQ&sig=AOD64_2k_yl5Hl7lyM7hfAliffa6Hkb9ug&client=ca-pub-6131228133143733&rf=4&nb=0&adurl=https://info.northcoastam.com/ppc%3Fgad_source%3D5%26gad_campaignid%3D23157018192%26gclid%3DEAIaIQobChMI2c6Ys-DVkwMVZ0bDBh207SsBEAEYASAAEgJIrPD_BwE,https://info.northcoastam.com/ppc?gad_source=5&gad_campaignid=23157018192&gclid=EAIaIQobChMI2c6Ys-DVkwMVZ0bDBh207SsBEAEYASAAEgJIrPD_BwE,,,,,
448,https://www.googleadservices.com/pagead/aclk?sa=L&ai=C2le-1sbQaduAPbus0-kP0sfn2AW19rX1hQGCpNrP_xSe4Pi0FhABILyW4RBgiYvEhPQToAGZ4MzAA8gBAqkCvRVz7RdPfD7gAgCoAwHIAwiqBKoDT9BrFHj9IQYz35BkQqRZc9AeMCTEHokDJAbKJkZHhKGAYLvwQ0_r3h-XJ8EMDrwurClz3albtCy7ilzutp442tvDF5MVh4pEcCU2XJTXAwcNxUmbe05_D1RpOtWp85fvMUWg5U-m7zU_VdRgFbnKNTqsU7PofxQCL5Xf9qiXk9-yI0NzmEHUgCH3l8rh68efSKoa1etTSKiWyHFdWAF1aHkehOSXMyBrC6QwUNG5Eq0oia77ljcPE86i54o2g8BHlTB3DrPTTYoTyGSocfYv5mh4XwC0g6qGrQpzuFCamzrlTFlgS2L5-9ONp0_pcyR5JOWx_r0awq5bSaWd8oOPnToYcYubV7HfNyIqLAvZ_L2QJ7faKfrJIUc8xRnytYvzYKtFqVYTc9SzcYIZRJ2GrpEw52hOvrtcHdbBke2mM1sZKJBIxuihhYJgCmP2xB-TMHxde3tJ9zIBbMhH98YKf2llwb_9gCl-CBrZw2heaSKzfGyxpIBplWxPgU3l-Dwm8aSiHfkiCR1y0kg-QEpF7ydvE384BDqcjUX8-C8DN2hjgcb8NrZMFmIAwAS6gpnVnQXgBAGIBb7LzYVNoAYCgAfPn7M_qAenzLECqAfi2LECqAemvhuoB8zOsQKoB_PRG6gHltgbqAeqm7ECqAeOzhuoB5PYG6gH8OAbqAfulrECqAf-nrECqAevvrECqAfVyRuoB9m2sQKoB5oGqAf_nrECqAffn7ECqAf4wrECqAf7wrEC2AcB0ggyCIDhgBAQARidATIIqoKAgICAgAg6DoDAA4CAhICAlK7gA6gHSL39wTpY8bi18N7TkwOxCUPTPiz6oRTcgAoDmAsByAsBogwDkAEBqg0CSlDIDQHiDRMIgIK28N7TkwMVO9Y0Bx3S4xlb6g0TCN7ot_De05MDFTvWNAcd0uMZW_ANAogO____________AdgTDdAVAZgWAcoWAgoA-BYBgBcBshcQGAEqCjY3MzE4NDAyNTBQBroXAjgBqhgXCQAAAAAQhvxAEgo2NzMxODQwMjUwGAGyGAkSAsBPGAIiAQDQGAHoGAHCGQIIAQ&ae=1&gclid=EAIaIQobChMI28O48N7TkwMVO9Y0Bx3S4xlbEAEYASAAEgKkoPD_BwE&num=1&cid=CAQScAAFq6B9QxKyd4_9bp6BKddeKJJBepT91NXNBoAASQX_3GeTJ2rAeoTs_JFwVX2C6KfqnTlGJKH9WrfcCaRhQs3XAXzOOLJbv4KF7GFBtsscthd6ZxIB73gx1HvAeZN5GriTszLN4ZRTGtqVXc8UPkwYAQ&sig=AOD64_02BrcWn-_TwQKAAIxFqUDB6H26-g&client=ca-pub-2012933198307164&rf=5&nx=CLICK_X&ny=CLICK_Y&uap=UACH(platform)&uapv=UACH(platformVersion)&uaa=UACH(architecture)&uam=UACH(model)&uafv=UACH(uaFullVersion)&uab=UACH(bitness)&uaw=UACH(wow64)&uafvl=UACH(fullVersionList)&nb=2&adurl=https://www.etonshirts.com/us/en/category/wedding-shirts%3Fgad_source%3D5%26gad_campaignid%3D20681287102%26gclid%3DEAIaIQobChMI28O48N7TkwMVO9Y0Bx3S4xlbEAEYASAAEgKkoPD_BwE,https://www.etonshirts.com/us/en/category/wedding-shirts?gad_source=5&gad_campaignid=20681287102&gclid=EAIaIQobChMI28O48N7TkwMVO9Y0Bx3S4xlbEAEYASAAEgKkoPD_BwE,no,no,no,no,
458,https://adclick.g.doubleclick.net/aclk?sa=l&ai=CN9vO5tTQafHaLdLk29gPuPKSiQm6hd7ohQG64OPOshX58KqHqkYQASC8luEQYImLxIT0E6ABmJ3W0APIAQmpAoy9W7Jd5jo-4AIAqAMByAPLBKoE7gJP0HDMvvr5S4qavScsbN5SoxphL4zx8f2ZfpRkOXs_0qsbue0pWk-nir446Oq_7faQ23HNudNUM7IPCJqfu3oVbvvEJuNXmGtlNdLb3HjNoXlWcjA25_Sju4XXpcBPWLDRhQwZJfz0ebrtvdlb3FF8rfvI-4cPYtHReFbaj4j6pA3GXnK_DggrtUgXj-v2JQKmyPoW82XI-DA-9-9VpMnXP9lkveBY7ZJLiwFWxvUgSLZXFh71bJe7lLpmdqm4QoUG7V-iYp11myPSGDD9QjcBmeNFRC9TTV-yFnc7Liuw3eZQhTIE9WyunMIgVJ4dzwywg3S9PTGTdwnWUBXb0FiI4Xf_1VdthQ2jpInXLTxmakjE3HZ6hOEQHX87WFe6GbfeWYZe4lrvanwYswGlRKC1T1uqSVJW4H6Sy1rVogmW5aMgx5dILJpGNlvNwpPfKlU534h6-jfaGLSwVeoztCcReNwynnBb2u5jRV7l99nABJuP-s3ABeAEAYgFrbqX8FbABQX6BQYIJRABGACgBi6AB-rQpOACqAenzLECqAemvhuoB8zOsQKoB_PRG6gHltgbqAeqm7ECqAeOzhuoB5PYG6gH8OAbqAfulrECqAf-nrECqAevvrECqAfZtrECqAeaBqgH_56xAqgH35-xAqgH-MKxAtgHAPoHFWpwLmNvLnJha3V0ZW4uYW5kcm9pZMAIAdIIMgiA4YAQEAEYnQEyCKqCgICAgIAIOg6AwAOAgISAgJSu4AOoB0i9_cE6WLzq9KTs05MDgAoDkAsDmAsByAsBgAwBogwCSAGqDQJKUMgNAeINEwjVpvWk7NOTAxVS8hYFHTi5JJHqDRMI_aD3pOzTkwMVUvIWBR04uSSR8A0CiA7___________8BsA7f-oneGOASm4XPjN7Ak9VB2BML0BUB6RVQb7qmrAKM6fAVo-jNNvoVFmthaXRvcmloZXJvZXM6MTAwMjY5MzjKFgIKAPgWAYAXAbIXEBgBKgo2NzMxODQwMjUwUAa6FwI4AaoYFwkAAAAAgKj4QBIKNjczMTg0MDI1MBgBshgJEgKGVRguIgEB0BgB6BgBwhkCCAE&ae=1&gclid=EAIaIQobChMI8eX3pOzTkwMVUvIWBR04uSSREAEYASABEgJ18PD_BwE&num=1&cid=CAQScAAFq6B9aLgD6inuchhrOiQuegQ7EKOQA-CqpEV1W6FtBZ-KApuyHERyHrpKibkAxPumzmF9hQm35jxC5Of6bPrhzCjmFcqQoD8OI6sfzIeACZS-ATklc-UvEg-gDb9ztfCLq3Umx7xESuttTJmwfuwYAQ&sig=AOD64_0hvMQePgKZASm8m7LG6ZaAAL7vqw&ctype=5&client=ca-pub-2012933198307164&nb=9&adurl=https://hb.afl.rakuten.co.jp/ichiba/15775013.fe265b86.15775013.fe265b86/23320714001_%3Fpc%3Dhttps%253A%252F%252Fitem.rakuten.co.jp%252Fkaitoriheroes%252F19130955%252F%253FvariantId%253D19130955%2526ultra_crid%253D19130955%26icm_acid%3D255-776-8501%26icm_cid%3D23320714001%26icm_agid%3D%26ifd%3D57%26iasid%3Dwem_icbs_%26gad_source%3D5%26gad_campaignid%3D23320714541%26gclid%3DEAIaIQobChMI8eX3pOzTkwMVUvIWBR04uSSREAEYASABEgJ18PD_BwE,https://item.rakuten.co.jp/kaitoriheroes/19130955/?ultra_crid=19130955&scid=af_pc_etc&sc2id=af_113_0_10001868&icm_acid=255-776-8501&gclid=EAIaIQobChMI8eX3pOzTkwMVUvIWBR04uSSREAEYASABEgJ18PD_BwE&ifd=57&iasid=wem_icbs_&icm_cid=23320714001&icm_agid=,,,,,
488,https://www.googleadservices.com/pagead/aclk?sa=L&ai=C49jWBMbQaf2oIOqX29gP_LbByQmQpfqihgGQ8vrj2ROaw-_7BxABIK2ymipgiYvEhPQToAGv67ivKcgBCeACAKgDAcgDCqoEpgJP0N8mInyDXXTHuMjCnkCRT-DPvLHk6_pgZ3E6XHD6rLRAorSvTlH7VOMEuBZ-4IjKxKvAnHZCmYTdMsaWUeh-ZQLldpJHXfWyE0lRTixehyc8V8cQ-JOXdveRuOzjfumXu2YsfjyUHEubSm560rdzGehE2QrB6bOtJXcdGAZuCxpOldIec2LjaJfayBRNhg8JY7b6y9WkorcyP6rmucPvCSXUq0oC6UGMUxkNx1piH581hEZU2vej7L9383a5GpJdEeI4UUf21zHncFV2Hm_t0c6gbEGXKIBYosQgFz8eZaa3j1HC9Z7cgFnzxGgYtmjYvhUd9rYK3bqCHSoz5jNLHoPAGqFpLjo7fkr0c32mLPnLvhdoEsOa1I_nAg6qqW_fuUy9TlvABKrMnK7tBOAEAYgFgu279FGgBi6AB6-jiY8EqAenzLECqAemvhuoB8zOsQKoB_PRG6gHltgbqAeqm7ECqAeOzhuoB5PYG6gH8OAbqAfulrECqAf-nrECqAevvrECqAfVyRuoB9m2sQKoB5oGqAf_nrECqAffn7ECqAf4wrECqAf7wrEC2AcA0ggvCIBhEAEYnQEyCIqCgICAgIAIOg2AQIDAgICAgKiAAqgDSL39wTpYnviHjN7TkwOxCabxU_ApIcJYgAoDigrGAWh0dHBzOi8vcmVhbHR5YWRzLmNvbS90cmsvNmw1Lz91PWFIUjBjSE02THk5amFHRnliR1Z6ZEc5M2JpMXNZV0p6TG1OaWNtVXRjSEp2Y0dWeWRHbGxjeTVqYjIwdlAzVjBiVjl6YjNWeVkyVTlVbVZoYkhSNVFXUnpKblYwYlY5dFpXUnBkVzA5UjI5dloyeGxKblYwYlY5allXMXdZV2xuYmoxSGIyOW5iR1ZmUkdsemNHeGhlUT09Jmd1cmw9e2xwdXJsfZgLAcgLAeALAYAMAaoNAkpQyA0B4g0TCIiviIze05MDFerLFgUdfFswmeoNEwjC8ImM3tOTAxXqyxYFHXxbMJnwDQKIDv___________wG4E-QD2BMD0BUByhYCCgD4FgGAFwGyFxAYASoKNDU5Nzc3ODEyM1AGuhcCOAGqGBcJAAAAAOdNNEESCjQ1OTc3NzgxMjMYAbIYCRICk04YLiIBANAYAcIZAggB&ae=1&gclid=EAIaIQobChMI_bqKjN7TkwMV6ssWBR18WzCZEAEYASAAEgJgKPD_BwE&num=1&cid=CAQS4wEABaugfQZlhQSARIxjBj5Hlo150Orwka_V5lWINnUR_axNEhdw_ljGK1nnh76otJZLzqeH2k8vd-o3TpqP2Y6Z3y5RJKJwh5ZHL-Jhp3Ch-L8Kvt_HLMFCTZL_E-hW2ZZT6uGFVlP9UJl0dKKQqnR1qFmAkMy2PopHVseEGDB80CUFWM07aOSObrdBNT71gEoBD950K5e279UOOvcGnQS4QbGSlFZhtMiSvdTY1FbCy_5NS3hW1Q1cu_5Ar1Z9Mlw1mQlMafK3blfbIbFxohdSKJ_hBWktlgh2m7Zjon6DCx7YGRgB&sig=AOD64_1lH8271o_J2W96kSWxxTlt08lh-A&client=ca-pub-8864803855381259&rf=4&nb=9&adurl=https://charlestown-labs.cbre-properties.com/%3Futm_source%3DRealtyAds%26utm_medium%3DGoogle%26utm_campaign%3DGoogle_Display%26gad_source%3D5%26gad_campaignid%3D21987522178%26gclid%3DEAIaIQobChMI_bqKjN7TkwMV6ssWBR18WzCZEAEYASAAEgJgKPD_BwE,https://charlestown-labs.cbre-properties.com/?utm_source=RealtyAds&utm_medium=Google&utm_campaign=Google_Display,,,,,
467,https://googleads.g.doubleclick.net/aclk?sa=l&ai=CuiV8-MnQad3QKfOcvcAP0KmeoQ6---HdhQG3yJ-QwhXb2R4QASDmtM-ZAWCJi8SE9BOgAabbyIFCyAEBqQKMvVuyXeY6PuACAKgDAcgDCqoE-wJP0OQ_ooYIAIJv7jxSgb3YL_515nRS683ouCiL-Vd3QrFt1GFBrM5m7DzrJHvJNJT8dr84jBPvzkTLimlBa9ur4SgIjCA_1ocktaPMs83hn4UYD3TnMKnDbZxRCJFG_rDuo3Wg-iEB8y3cLoQWL6G0EUN-15tU9_8WESHXSqPQtfkkwRHgHCVphoBlRxFoA9t7avajF7JWbWr75FxMoRbyynPvCCq2cKuO5OHSVPeDYd9jyU3vIDMEfqX8N4qajLKMFGHWeYqB7uA65Yu_Qn47ubAjiipBrUxibgRM_RsZkgtD20Z4LFgqCNk1nBNxNOCBaJURUufKjhONdLqkNsL0LN6KzyiBpUjhO6yfxkx7FPWAz38nNhwOba5Q16Y5E5Xqhe_nk5DNY3G6oVNxTNuoX99KgpuzVD-LcWe2gyI9besqcLz9RsZK4tgcPXbnHuAHW_mHCdQtAfAnZKtVSLYzbCm36NEH__-PmbaEgjtM2KRTJrnkHj-x2eHNwATjk--K1QXgBAGIBcXn54JYoAYugAemk5nhHKgHp8yxAqgH4tixAqgHpr4bqAfMzrECqAfz0RuoB5bYG6gHqpuxAqgHjs4bqAeT2BuoB_DgG6gH7paxAqgH_p6xAqgHr76xAqgH1ckbqAfZtrECqAeaBqgH_56xAqgH35-xAqgH-MKxAqgH-8KxAtgHAdIIMgiB4YBgEAEYnQEyCMuKgICAgIAKOg6AgASAwICAgICogAKoA0i9_cE6WPbj2e7h05MDsQlJAoRsgCsE_IAKA5gLAcgLAaIMA5ABAaoNAkpQyA0B4g0TCP-g2u7h05MDFXNODwId0JQn5OoNEwiyy9ru4dOTAxVzTg8CHdCUJ-TwDQKIDv___________wHYEw2IFAHQFQGYFgHKFgIKAPgWAYAXAbIXEBgBKgo1MTAzODc5NDgzUAa6FwI4AaoYFwkBAAAA4PDuQBIKNTEwMzg3OTQ4MxgBshgJEgLjYBguIgEA0BgBwhkCCAE&ae=1&gclid=EAIaIQobChMI3azb7uHTkwMVc04PAh3QlCfkEAEYASAAEgIKWfD_BwE&num=1&sig=AOD64_2AF_g120Ik6Giy4iBxdOYYZJnt3A&client=ca-pub-3677668629134422&rf=4&nb=0&adurl=https://atofuru.jp/app-download%3Fgad_source%3D5%26gad_campaignid%3D23628215237%26gclid%3DEAIaIQobChMI3azb7uHTkwMVc04PAh3QlCfkEAEYASAAEgIKWfD_BwE,https://atofuru.jp/app-download/?gad_source=5&gad_campaignid=23628215237&gclid=EAIaIQobChMI3azb7uHTkwMVc04PAh3QlCfkEAEYASAAEgIKWfD_BwE,,,,,
474,https://www.googleadservices.com/pagead/aclk?sa=L&ai=CLLJPztXQafWQENasvcAP3e_0wQSlwuP4hQGwvOSvthOq9rzkqUMQASCgwYUeYImLxIT0E6AB2LCh7wPIAQmpApeGS1BMJrY-4AIAqAMByAPLBKoEsgJP0HwGPM57Unn7RQuLcMGBmteBjye6EjJ7TULhGneJorn9PWB8BTrg7q01zkGDTphyvZVOKS5diidemL4j2NB2ttkxG7vcNa3JcDudlPab1l8Eg6lnHjps1B0skDD06PvUlE4yGDYFeH5F1NUeQR-AWawbg_2xqlf9LBh3bDXcUoi36SmOgY3Jblv0KSAQn5KeLOMDDSIfDKoJ_NBXb03Lum84jfv8ThdvVqmDH2vIIoUmNga6UMGPUmDAxV4ZsGrU4_InH2KHVW9DMv1AJGEjhR6TNmetubGICpFrpotnqjwkZlQGfQ2-fAqNxq1PsfKS9XDTt51tQ6cNGKNyCfAaPvxi2NRinRzK-xnFyoA55BnXuz8L7fEA3HtM346AEXT917rdU44nlrcMeyWsBB9NO5vABOS6utr2BOAEAYgF9ffhq1H6BQYIJRABGACgBi6AB4q-ydQDqAenzLECqAemvhuoB8zOsQKoB_PRG6gHltgbqAeqm7ECqAeOzhuoB5PYG6gH8OAbqAfulrECqAf-nrECqAevvrECqAfZtrECqAeaBqgH_56xAqgH35-xAqgH-MKxAtgHAPoHG25ldC5za3lzY2FubmVyLmFuZHJvaWQubWFpbsAIAdIIMgiA4YAQEAEYnQEyCKqCgICAgIAIOg6AwAOAgISAgJSu4AOoB0i9_cE6WIjQppPt05MDgAoDkAsDmAsByAsBgAwBogwCSAGqDQJKUMgNAeINEwjbqKeT7dOTAxVWVg8CHd03PUjqDRMIyO2pk-3TkwMVVlYPAh3dNz1I8A0CiA7___________8B2BMLiBQB0BUByhYCCgD4FgGAFwGyFxAYASoKMjM3MDEwOTQxNVAGuhcCOAGqGBcJAAAAACQuFUESCjIzNzAxMDk0MTUYAbIYCRICoE8YLiIBANAYAegYAcIZAggB&ae=1&gclid=EAIaIQobChMI9a-qk-3TkwMVVlYPAh3dNz1IEAEYASABEgLljvD_BwE&num=1&cid=CAQScQAFq6B9GeElYd1DybO3YcPaxdoFOSoQoK8DuBpdM7SaFfLwQk6YmeEzslQgl50h9y1OZTsAguGYJLwjEXyImKEa26l98GVopffjK8LdXrK17KncZpsgh_ShMUhA1Rc6-xPpONWJ-uSzGJqSUZKCfb--GAE&sig=AOD64_0U_S9fFVArjhDSlyV7Y56zbEcFVA&client=ca-pub-8625962252420196&nb=9&adurl=https://www.skyscanner.net/transport/flights/JP/KR/cheapest-flights-from-Japan-to-South-Korea.html%3Foym%3Danytime%26iym%3Danytime%26preferDirects%3Dfalse%26utm_campaign%3Duk-flights-display-midfunnel-feedbasedads%26EAIaIQobChMI9a-qk-3TkwMVVlYPAh3dNz1IEAEYASABEgLljvD_BwE%26utm_medium%3Ddisplay%26utm_source%3Dgoogle%26utm_content%3Dfeed%26campaignid%3D21835054069%26adgroupid%3D169304038756%26AssociateID%3DDIS_FLI_19465_00000%26gad_source%3D5%26gad_campaignid%3D21835054069%26gclid%3DEAIaIQobChMI9a-qk-3TkwMVVlYPAh3dNz1IEAEYASABEgLljvD_BwE,https://www.skyscanner.net/sttc/px/captcha-v2/index.html?url=L3RyYW5zcG9ydC9mbGlnaHRzL0pQL0tSL2NoZWFwZXN0LWZsaWdodHMtZnJvbS1KYXBhbi10by1Tb3V0aC1Lb3JlYS5odG1sP3V0bV9tZWRpdW09ZGlzcGxheSZ1dG1fc291cmNlPWdvb2dsZSZ1dG1fY29udGVudD1mZWVkJmNhbXBhaWduaWQ9MjE4MzUwNTQwNjkmZ2NsaWQ9RUFJYUlRb2JDaE1JOWEtcWstM1Rrd01WVmxZUEFoM2ROejFJRUFFWUFTQUJFZ0xsanZEX0J3RSZhZGdyb3VwaWQ9MTY5MzA0MDM4NzU2JmdhZF9jYW1wYWlnbmlkPTIxODM1MDU0MDY5Jm95bT1hbnl0aW1lJmdhZF9zb3VyY2U9NSZpeW09YW55dGltZSZwcmVmZXJEaXJlY3RzPWZhbHNlJnV0bV9jYW1wYWlnbj11ay1mbGlnaHRzLWRpc3BsYXktbWlkZnVubmVsLWZlZWRiYXNlZGFkcyZBc3NvY2lhdGVJRD1ESVNfRkxJXzE5NDY1XzAwMDAwJkVBSWFJUW9iQ2hNSTlhLXFrLTNUa3dNVlZsWVBBaDNkTnoxSUVBRVlBU0FCRWdMbGp2RF9Cd0U=&uuid=f6187911-30f1-11f1-b4c0-00283f6ad39b&vid=f6187c2b-30f1-11f1-b4c0-6f1add7931a0,no,no,no,no,no
484,https://adclick.g.doubleclick.net/aclk?sa=l&ai=CKVTRxuXRacDsDJm9geAPhrDNoQqev821gQHF87fbyBSw1pic_kYQASC6hMAzYIkDoAHZ9OakQMgBCakCl4ZLUEwmtj7gAgCoAwHIAwqqBK8CT9DsEC8-tquayrU4aKjx-HjnbV3PDUKM0TlMt45hUBOgU2Tpd2AsJxmejSMaRl1yMqEH1VhkPD8PBATkoA8pl0ijCEz7OSSiDsdxSOf1IMKLGa6L4y3lYCizo-Udfjmnqo56yMsajQscD2PCBUCHDuxyo-dLR98yVVLnV4bKfSfkY28nfpZv9SBQtzuonSd9wdvuvxxhU3UBS8G2Oognn3IkBc4VZ0GpTThLAgme25roBQaawS-yDDyLGZmoMhSRjxJn5PNBPdYx6prYtIAurC4CoZ1QoT7KJKH_4XPT-CJIl-lC8M_X_Amtz3T6385Z9ugznulssLdyTT_BMbjQhTdhIruG5YTVLbECYWZCuxXobgkher2KcbaBIjLGpHMxIyluXONdXGTdu13pivtywASa_pKAugXgBAGIBYT6lrVVoAYugAfZrLeEG6gHp8yxAqgHpr4bqAfMzrECqAfz0RuoB5bYG6gHqpuxAqgHjs4bqAeT2BuoB_DgG6gH7paxAqgH_p6xAqgHr76xAqgH1ckbqAfZtrECqAeaBqgH_56xAqgH35-xAqgH-MKxAqgH-8KxAtgHANIILwiAYRABGJ0BMgiKgoCAgICACDoNgECAwICAgICogAKoA0i9_cE6WLXEzMLw1ZMD8ggbYWR4LXN1YnN5bi02MDU5NjU5NTYwNjU0NjU1sQmuYb6aVemjE4AKA5gLAcgLAYAMAaoNAkpQyA0B4g0TCJrkzMLw1ZMDFZleAAYdBlgzpOoNEwigxM7C8NWTAxWZXgAGHQZYM6TwDQKIDv___________wG4E-QD2BMD0BUByhYCCgD4FgGAFwGyFxAYASoKNzg2OTg5NTg3M1AGuhcCOAGqGBcJAAAAAMC--kASCjc4Njk4OTU4NzMYAbIYCRICvVAYLiIBANAYAcIZAggB&ae=1&gclid=EAIaIQobChMIwOfOwvDVkwMVmV4ABh0GWDOkEAEYASAAEgIc9_D_BwE&num=1&cid=CAQS0QEABaugfbir9Og1eineHv1u3NJvHW3FM98qFJokMsYIaScktEGmr3VZzzqkKy9OY6IQYvBP0F19o-4UR_FiR-H1vIe1fcNDrsxS2AtzbZ26pNekFymymXOH3B45g98-a8uOTfqiYIio-H9C8Pg3AVk15bvVGExWxIHZzoUBVmkkmXmYFvMLTNW2mTXLomgR05GyP6_JMlAydFB9e7n5yVFpzjwT38g2Mzp4iq4p9rHDz2f47Uq0r2Stats4bzBQ4U7n7n1R7WjNIPJl7BKzgrRLdxgB&sig=AOD64_3dbmGoFxZw2SKAB3wSndIDEwc-cA&client=ca-pub-8933329999391104&rf=4&nb=9&adurl=https://earthwisebottling.com/%3Fgad_source%3D5%26gad_campaignid%3D22928538884%26gclid%3DEAIaIQobChMIwOfOwvDVkwMVmV4ABh0GWDOkEAEYASAAEgIc9_D_BwE,https://earthwisebottling.com/?gad_source=5&gad_campaignid=22928538884&gclid=EAIaIQobChMIwOfOwvDVkwMVmV4ABh0GWDOkEAEYASAAEgIc9_D_BwE,,,,,
480,https://googleads.g.doubleclick.net/aclk?sa=l&ai=CLA2DLuDRac2UMMiwgeAPpJfpwQe8u46nhgGI4or9-RW__7nj1wIQASD0-cYlYMme-YaAgKAZoAHg8oC_AcgBAuACAKgDAcgDCKoEtgJP0HUp-XUyxfKYAAdLtuIz8fOf4I6iHmOJGWOzrr9TY0J0-0ljCCBMrlIqYjOv64wDU0ulOL2jtd9xb9PmHhMv6c6TBiEnoPusBuWXsuww2-t0cFtiyXJckn8F6YdRKfilltbyXHV6CKR8U9XFVnWs42xIBmrEI2guYgyZpgYdWo1Uyww-W0uES3XhWXQW5EgdZJfqIXonJC0W5anBdfG3RfaWnQkfckIIRiAcoGUZxO86MbXa56VvSnnf-CJPbd3F4TQZohjqIx5TMqvybvev_gSLjWXNKNnqzYOb-nM-4Y-U_VZmcRZs_aB427P3xoedCnZfqDrd8kNyDrU7z6OC_kYn4OS43sUs5RRKAAg6gTP7mRSArsmmWKEQX10N4UObe7P3I6vS-MJSsTqhQzrjWyYVz8VIwATntZLj0QXgBAGIBaDso6xYoAYCgAfuh8XFGqgHp8yxAqgHpr4bqAfMzrECqAfz0RuoB5bYG6gHqpuxAqgHjs4bqAeT2BuoB_DgG6gH7paxAqgH_p6xAqgHr76xAqgH1ckbqAfZtrECqAeaBqgH_56xAqgH35-xAqgH-MKxAqgH-8KxAtgHAdIIMAiAYRABGJ0BMgiKgoCAgICACDoOgECAwICAgICogAKogxBIvf3BOliCs4KY69WTA_IIG2FkeC1zdWJzeW4tODQ0Njc0NTAxMzMzNTgwNrEJqef74ogxaeuACgOYCwHICwGqDQJVU8gNAeINEwjd1YKY69WTAxVIWAAGHaRLOnjqDRMIkrmHmOvVkwMVSFgABh2kSzp48A0CiA7___________8B2BML0BUByhYCCgD4FgGAFwGyFxAYASoKMzM0NTM4Mzc3NFAGuhcCOAGqGBcJAAAAAECJCEESCjMzNDUzODM3NzQYAbIYCRIC6FkYAiIBANAYAegYAcIZAggB&ae=1&gclid=EAIaIQobChMIzeOHmOvVkwMVSFgABh2kSzp4EAEYASAAEgJeyfD_BwE&num=1&cid=CAQS4wEABaugfVVh16cUh0-2KSSmihe9ro9iF7Y0Dw_MaeF5ba2eq6hc0Y7xVzhsC8XV_gJv9eYeE-eluBeVdjs1G-_n6QQ1TLpTEsOJ5Df1DZ4LWSUms2ZZFBcGCSiwH1rFLxy-c4qMm8Ex3i4Pi8KD3GONZyz1aBj_lQxD33qDITU6kuh2CnravRpnMIdwAuQJ2Hn9_3F3bpuhu-jrtI14SQux6A3_yUZxH1QLRA7KibqbZKaq-8lQ4q8OHt0MBKE8pY_xV9CQMYa6089WeFJx66yakyTMYkC5kubdmC8XbAfKiuBk6RgB&sig=AOD64_0W2RYBiMa5j76P-jD1f9kIpzpzrA&client=ca-pub-6396844742497208&rf=5&nx=CLICK_X&ny=CLICK_Y&uap=UACH(platform)&uapv=UACH(platformVersion)&uaa=UACH(architecture)&uam=UACH(model)&uafv=UACH(uaFullVersion)&uab=UACH(bitness)&uaw=UACH(wow64)&uafvl=UACH(fullVersionList)&nb=2&adurl=https://koreadates.com/land/sp/447f4c08%3Fpartner%3Dadw_koreadates_ua%26campaignid%3D23715182112%26gclid%3DEAIaIQobChMIzeOHmOvVkwMVSFgABh2kSzp4EAEYASAAEgJeyfD_BwE%26adgroupid%3D193749883623%26targetid%3D%26network%3Dd%26device%3Dc%26devicemodel%3D%26loc_int_ph%3D_9053616%26matchtype%3D%26target%3D%26keyword%3D%26creative%3D803741789015%26placement%3Ddantri.com.vn%26campaign%3DAW_Koreadates_USA-TOP1_All_GDN_Allpurchase_all_gender_45%2B_chinazes_keywords_S3_troas27_03Apr%26group%3Din-market_Apparel_Accessories%26banner_type%3DTN_39399_01_Black_Koreadates_Asia_GDN_336x280_Static%26asset_type%3D%26gad_source%3D5%26gad_campaignid%3D23715182112%26gclid%3DEAIaIQobChMIzeOHmOvVkwMVSFgABh2kSzp4EAEYASAAEgJeyfD_BwE,https://koreadates.com/land/sp/447f4c08/?partner=adw_koreadates_ua&campaignid=23715182112&gclid=EAIaIQobChMIzeOHmOvVkwMVSFgABh2kSzp4EAEYASAAEgJeyfD_BwE&gclid=EAIaIQobChMIzeOHmOvVkwMVSFgABh2kSzp4EAEYASAAEgJeyfD_BwE&adgroupid=193749883623&targetid=&network=d&device=c&devicemodel=&loc_int_ph=_9053616&matchtype=&target=&keyword=&creative=803741789015&placement=dantri.com.vn&campaign=AW_Koreadates_USA-TOP1_All_GDN_Allpurchase_all_gender_45+_chinazes_keywords_S3_troas27_03Apr&group=in-market_Apparel_Accessories&banner_type=TN_39399_01_Black_Koreadates_Asia_GDN_336x280_Static&asset_type=&gad_source=5&gad_campaignid=23715182112&id_visit_prev=b23a0649-d851-4ae1-b845-24bc03ad2f85#c3RlcDA=,yes,yes,yes,yes,yes
445,https://www.googleadservices.com/pagead/aclk?sa=L&ai=CzrxzzeHRaaHSKpeWgeAP7rqz0QTIyPyXgwGw2OTFoBTIwpbLjw4QASC-z4caYIkDoAGQxtz7A8gBAuACAKgDAcgDCKoEwgJP0HnSD4MtrYoYLyt42hi64eIMzQETdMZ_tuEsqTx8AFas17crpqMopwyOD8wW-O4u1n6nDVYWeaP8ccOVlgCNRCXg8Jy6EzsYglWv_26uxBc4hJ0VRHR2Jw9McIEnr1WpWtwJ5f5CZ2B5oTM-GLjMPSU652V88MGHbm3v3nGIP_dT5Fq-q7nqXX8KrCYxk7dPcXdRKXslOFdnwSMtAkbIW28EngjacrRNIuK87pi52YW-dz88ZBDQ2eEzy6mrbADZG6qzhkLsAWcRDhmHc3xfAdNEhE6hB_rWG-YihA3rJISs5CEzD1B9MRRSviFOV10pcoKDeHaLFYFJvd0QXrMSmFsqLxokkZpACZVsaMEVKRw5oH-80RB-DZorJ_d-U8ZsmeDx0N23V6M9U6TV5riHdLDhnXlJb7-4P1zbjEZODRZRwAS3-bPitQXgBAGIBcD1gehLoAYCgAfYuaMEqAenzLECqAfi2LECqAemvhuoB8zOsQKoB_PRG6gHltgbqAeqm7ECqAeOzhuoB5PYG6gH8OAbqAfulrECqAf-nrECqAevvrECqAfVyRuoB9m2sQKoB5oGqAeYxbECqAf_nrECqAffn7ECqAf4wrECqAf7wrEC2AcB0ggwCIBhEAEYnQEyCIqCgICAgIAIOg6AQIDAgICAgKiAAqiDEEi9_cE6WMHwvd3s1ZMDmgk4aHR0cHM6Ly93d3cucHJpZGVvZm1hdWkuY29tL3RyaXBzL21hdWktc25vcmtlbGluZy10b3Vycy-xCQad183T_zFbgAoDyAsB4AsBogwDkAEBqg0CSlDIDQHiDRMI9Ze-3ezVkwMVF0sABh1u3SxK6g0TCIzzv93s1ZMDFRdLAAYdbt0sSogO____________AaITVAo3CANAAVIICgYSBAgBEAFo27GvrkNyIRIfIAIoATgCQMD1gehLWAFo_v__________AYABAZgBAxoZChdjYS1wdWItNjQ1MzY4MDQyNTc2NjY4OdgTA9AVAZgWAcoWAgoA-BYBgBcBshcQGAEqCjM4NTI2MDc0MzhQBroXAjgBqhgXCQAAAABYTgNBEgozODUyNjA3NDM4GAGyGAkSAoVPGAIiAQDQGAHCGQIIAQ&gclid=EAIaIQobChMI4ezz3ezVkwMVF0sABh1u3SxKEAEYASAAEgKjFPD_BwE&num=1&cid=CAQS4wEABaugfY7f_lT77czuaeVVyiHzE2UG1x8f8kE45favUaz8i5RIJJgtCo3DiHxLkhe_BOOZfBLO9X5wmv9_TaJKfZLMrx1rc6M4P7JVB3yfNymjNASqke6zLQv9BentGp2usoIU2hmJx0BH4mzRodENev3gBzKGGSg1h1FewBi1hiKyVsItqaKeMwQwDOdTzvylZmoa55KAYg6EoC6L4uxOxjKfcWLG4FY6FOIp4sjbvBlk-U5q37lBWXl149pJkYDHUm6O_NEmiRhlRR3S6ZzFZ7rUCN6GhvThFu5PdRzBliSc6hgB&sig=AOD64_1z211nYJt8Nd0q-9WYNfSHXyVs0Q&client=ca-pub-6453680425766689&rf=5&nx=CLICK_X&ny=CLICK_Y&uap=UACH(platform)&uapv=UACH(platformVersion)&uaa=UACH(architecture)&uam=UACH(model)&uafv=UACH(uaFullVersion)&uab=UACH(bitness)&uaw=UACH(wow64)&uafvl=UACH(fullVersionList)&nb=2&adurl=https://clickserve.dartsearch.net/link/click%3F%26ds_a_cid%3D11487212%26ds_a_caid%3D20350794432%26ds_a_agid%3D186232143031%26ds_a_fiid%3D%26ds_a_lid%3D%26%26ds_e_adid%3D767358162130%26ds_e_matchtype%3Dcontent%26ds_e_device%3Dc%26ds_e_network%3Dd%26%26ds_url_v%3D2%26ds_dest_url%3Dhttps://www.prideofmaui.com/trips/maui-snorkeling-tours/%3Fgclsrc%3Daw.ds%26%26utm_term%3D%26gad_source%3D5%26gad_campaignid%3D20350794432,https://www.prideofmaui.com/trips/maui-snorkeling-tours/?&utm_term=&gad_source=5&gad_campaignid=20350794432&gclid=EAIaIQobChMI4ezz3ezVkwMVF0sABh1u3SxKEAEYASAAEgKjFPD_BwE&gclsrc=aw.ds,,,,,
478,https://www.googleadservices.com/pagead/aclk?sa=L&ai=CW6GV4KvRabqMJ6mDjeYPk_G8yATs7r-khgHG8NHhyRXZ2R4QASC-z4caYM2g74CsA6ABqYnbySjIAQLgAgCoAwHIAwiqBMICT9CwJxY56zGa2ScIin9nFpPmRXTVY8s66lS9mqEl6zs23QFyGC6bxttBnPGzVWmy5o2oBC3H511U1Exf4Jwq4yLd0B0TJKUK_U4GYew77HYqgXNEypbDcESmudAAFyaptmvQl3L-S6RAJ5HUFOLP6Gpr0GZnV9RxWW7PYQMPEpszVJCV1aBnq_xUxYzPijNsDNDJ-gohN2yYz2jOvgd362a3iPGqgfHJu6u0g0NHASALGKUzvJg45XIFytzmo6bj3rkyTDukmbXfDYg2miqR9wmSsT52FBRKYSU-8764tjkYSzrv1CjLegQfngm39mrFx7dd0m6kVJvG8lW5bhdsmxjqRHRqO97A2KRT6o2c9lB0iEYKpoDJllPh-TRwWrfouwqaysz5TkGPbWLvDMH_5wJc8bmpQ7C0rOECWsxpeGhRT8AE0szt2vIE4AQBiAXTg73NUKAGAoAHqcGrqQOoB6fMsQKoB-LYsQKoB6a-G6gHzM6xAqgH89EbqAeW2BuoB6qbsQKoB47OG6gHk9gbqAfw4BuoB-6WsQKoB_6esQKoB6--sQKoB9XJG6gH2baxAqgHmgaoB_-esQKoB9-fsQKoB_jCsQKoB_vCsQLYBwHSCC8IgGEQARidATIIioKAgICAgAg6DYBAgMCAgICAqIACqANIvf3BOliY44-nudWTA7EJE2t4PqZMrsWACgOYCwHICwGiDAOQAQGqDQJCUsgNAeINEwiRmZCnudWTAxWpQcMGHZM4D0nqDRMIhraRp7nVkwMVqUHDBh2TOA9J8A0CiA7___________8B2BMN0BUBmBYByhYCCgD4FgGAFwGyFxAYASoKMzg1MjYwNzQzOFAGuhcCOAGqGBcJAAAAAEBCBUESCjM4NTI2MDc0MzgYAbIYCRIC41kYAiIBANAYAcIZAggB&ae=1&gclid=EAIaIQobChMIuvyRp7nVkwMVqUHDBh2TOA9JEAEYASAAEgIAkPD_BwE&num=1&cid=CAQS5AEABaugfSXE7XxQcDapTPhsXgYtqD5157BuiHoCz7lsZXdUGg-rC8MGbwxti0RA4p-y-M8M9OX6htCRwfNz-5-KjXdr-z7Z2xd3cEMVw1dpZKx7JVTBEofSGjRzqj0jYblBGKz4As97cl_1XEVJxiE2SwL4v0dqQvMXLK9GpyEifS7GG8G6mdCz3OIMxeoLacPn0NIKkocgYF2du4fZuM-L6UCSB9HnqutfGdTj7ZZ8X_nCENUPpVSh2xJHeJ9-LzayQQJWtMdydMeWW849TrE2PRvmFvRuF8IZ4C5EOsnT7oAoSYIYAQ&sig=AOD64_3PDNW-a3gMMoAPjGmNTMurR-82tw&client=ca-pub-6453680425766689&rf=5&nx=CLICK_X&ny=CLICK_Y&uap=UACH(platform)&uapv=UACH(platformVersion)&uaa=UACH(architecture)&uam=UACH(model)&uafv=UACH(uaFullVersion)&uab=UACH(bitness)&uaw=UACH(wow64)&uafvl=UACH(fullVersionList)&nb=2&adurl=https://www.starlink.com/br/residential%3Freferral%3DRC-1195276-75811-68%26utm_source%3Dgoogle%26utm_medium%3Dpaid%26utm_campaign%3Dsls_br_dis_ggl_ptg_imk%26utm_content%3Dsls_br_dis_ggl_ptg_dem_res_itp_v4m_stc_pt-br_black-studio-pmo-149%26gad_source%3D5%26gad_campaignid%3D21637317075%26gclid%3DEAIaIQobChMIuvyRp7nVkwMVqUHDBh2TOA9JEAEYASAAEgIAkPD_BwE,https://starlink.com/br/residential?referral=RC-1195276-75811-68&utm_source=google&utm_medium=paid&utm_campaign=sls_br_dis_ggl_ptg_imk&utm_content=sls_br_dis_ggl_ptg_dem_res_itp_v4m_stc_pt-br_black-studio-pmo-149&gad_source=5&gad_campaignid=21637317075&gclid=EAIaIQobChMIuvyRp7nVkwMVqUHDBh2TOA9JEAEYASAAEgIAkPD_BwE,,,,,
429,https://googleads.g.doubleclick.net/aclk?sa=l&ai=CVaUaxPTQae_TEanujeYPorj7sAWFh56ChgG8gd6Q1RXa2R4QASDmtM-ZAWCJi8SE9BOgAamJ28koyAEC4AIAqAMByAMIqgT-Ak_QxCEUAxRgvAxyDFbz5pelQRrHB0LtHQ7rxo-VcthgCsWkOnO9nzeWGVZ2KsKcPvLRnxpbTZkT9WeHoruLKchAfGaU5THFHVR2_1yJng5bhCdA3YCm-s6yMVRpBZV77_DJOsNNu5ax6CBDz7nMU0oRYqGaQfh_z8UAAHh6PLJeBAoIaUNGWq1ykKa5TLaeRonU2BDuy_Vq14Sb2xpU_rsyfPJe4cYgFHDeDv6zsTJ-1VKAYMAgSVETfsyr7kkzHFHGcebavg3OQv-PFISc2Dxh6wwalLLqiYjQ4yhyYkX9DhA0Tf0GjyY5mJEpNc72oz66cvdF5pMhdb05bxCMu3AVURUi2BcRQ6JPTmxFEQwh-X96h6a6kSAk-WC89fsQPea6EVymAHKm3zDO8gylXaMx53qIHopZA7-bQt8tMBHQQFfHS8OyAMh9uZgQ6JQyaPmE8GTl0Esnjhroxa2I8xRWqUXS4usOcHnurCcqF2yVG_EI7qzW4_uviJau7rjABIa6lcCdBeAEAYgF3oqzuVSgBgKAB6nBq6kDqAenzLECqAfi2LECqAemvhuoB8zOsQKoB_PRG6gHltgbqAeqm7ECqAeOzhuoB5PYG6gH8OAbqAfulrECqAf-nrECqAevvrECqAfVyRuoB9m2sQKoB5oGqAf_nrECqAffn7ECqAf4wrECqAf7wrEC2AcB0ggyCIHhgGAQARidATIIy4qAgICAgAo6DoCABIDAgICAgKiAAqgDSL39wTpYnOLf1orUkwOxCWPIBtoxjifugAoDmAsByAsBogwDkAEBqg0CSlDIDQHiDRMI7vvf1orUkwMVKXfDBh0i3B5W6g0TCMqP4NaK1JMDFSl3wwYdItweVvANAogO____________AdgTDdAVAZgWAcoWAgoA-BYBgBcBshcQGAEqCjUxMDM4Nzk0ODNQBroXAjgBqhgXCQAAAACQMfVAEgo1MTAzODc5NDgzGAGyGAkSAvJsGAIiAQDQGAHCGQIIAQ&ae=1&gclid=EAIaIQobChMI78Xg1orUkwMVKXfDBh0i3B5WEAEYASAAEgLC3_D_BwE&num=1&sig=AOD64_3I2gUgk886siCjQ82QabyIx4vJxA&client=ca-pub-3677668629134422&rf=5&nx=CLICK_X&ny=CLICK_Y&uap=UACH(platform)&uapv=UACH(platformVersion)&uaa=UACH(architecture)&uam=UACH(model)&uafv=UACH(uaFullVersion)&uab=UACH(bitness)&uaw=UACH(wow64)&uafvl=UACH(fullVersionList)&nb=2&adurl=https://www.starlink.com/jp/roam%3Freferral%3DRC-1195276-75811-68%26utm_source%3Dgoogle%26utm_medium%3Dpaid%26utm_campaign%3Dsls_jp_dis_ggl_ptg_imk%26utm_content%3Dsls_jp_dis_ggl_ptg_imk_rom_hds_v4m_stc_ja-jp_black-studio-pmo-31320%26gad_source%3D5%26gad_campaignid%3D22668952926%26gclid%3DEAIaIQobChMI78Xg1orUkwMVKXfDBh0i3B5WEAEYASAAEgLC3_D_BwE,https://starlink.com/jp/roam?referral=RC-1195276-75811-68&utm_source=google&utm_medium=paid&utm_campaign=sls_jp_dis_ggl_ptg_imk&utm_content=sls_jp_dis_ggl_ptg_imk_rom_hds_v4m_stc_ja-jp_black-studio-pmo-31320&gad_source=5&gad_campaignid=22668952926&gclid=EAIaIQobChMI78Xg1orUkwMVKXfDBh0i3B5WEAEYASAAEgLC3_D_BwE,,,,,
430,https://www.googleadservices.com/pagead/aclk?sa=L&ai=CbknwAkfRaaPsLsiTjeYP7JXG6QHX9aWqggHA3e3T2hTCxaTmjg4QASD_8PghYKWAgICcAaABncibyj3IAQLgAgCoAwHIAwiqBO0CT9DPzDnzm0H9ORuG0L7WFT2MpR_pi6sTG8ShlvB-aEiP9ep9BGCEoqfNP26uIHEo3iN-VwY4CT7-SE3t3oDrWxzXWdiZWPMraYrwjXpvOzqFioaDAcuoJjCB4DHDGZpi-H8E_X47xkMQym4z1ioOIpDQVMG1MttGnf08CjLvJPdiVTzO7GKDw_d0kVazkQ-R6Mkm3u5v5I1WuaHALWssxqfepr9cbbm_l6xcsthuh6htvzOgjoUmJK2DmJq77NBguTUBOPu_lZ6ciAP5lHpyqlCJIF5m4w-heD0MvpIRB5ntdvPWiQnyyudslkD8Rl8s-82dxJfYmGdZqcUiFN7QzyVvtCAaf6QUGU6ffPKklrAUFFmaMtckg02pLmOjvAMKL0-Ncwn71zfiLupo7XMGiTtZR0MZWcTaQqM2lsviu8XOxe7eQQ1hgSOn0fkQlEOy4BtxfYIfDlrsdef_EQEjO42BcWKV-j1qZNtGQfnABP7o3ICZBeAEAYgFkayQhFSgBgKAB52A7KkYqAenzLECqAemvhuoB8zOsQKoB_PRG6gHltgbqAeqm7ECqAeOzhuoB5PYG6gH8OAbqAfulrECqAf-nrECqAevvrECqAfVyRuoB9m2sQKoB5oGqAf_nrECqAffn7ECqAf4wrECqAf7wrEC2AcB0ggxCJDhgEAQARidATIIi4OAgICAgAo6DYBAgMCAgICAqIACqANIvf3BOljh26aO2dSTA7EJMrYM9eBSCkmACgOYCwHICwGqDQJBVcgNAeINEwiL_KaO2dSTAxXIScMGHeyKMR3qDRMIyMynjtnUkwMVyEnDBh3sijEd8A0CiA7___________8B2BMN0BUByhYCCgD4FgGAFwGyFxAYASoKNDU3MDI0NDE4M1AGuhcCOAGqGBcJAAAAANhuBEESCjQ1NzAyNDQxODMYAbIYCRIC8E4YAiIBANAYAcIZAggB&ae=1&gclid=EAIaIQobChMIo_WnjtnUkwMVyEnDBh3sijEdEAEYASAAEgJFkvD_BwE&num=1&cid=CAQS0gEABaugfeSdtnauQF1GUhs-n9faz88fF2CTvPKfolqlNCp-pTaVmgnJzTPAbaTXmQ9ZovTK3_U8tu9LRwqviBGlCA1gJtr7w2181iKjI3d_sivzPcOXSexy-XP3NCmV7WpaOzA_eQJet9tGhYxUKTB3GrQyePmGV3_f15ZZmzdwNmfryUW0u-rzsqw_G2graE8EH_M2GHICsG27mRCXGmrlQlRZmQGJBZO906wLK-r-99XvVEzXBcaXkIllzhmY5CseQy1D5-tbUCaHsqvezUhXY8YYAQ&sig=AOD64_1f8SePdqZ1lu6-1uOTlVbWYZcbaw&client=ca-pub-1037373295371110&rf=5&nx=CLICK_X&ny=CLICK_Y&uap=UACH(platform)&uapv=UACH(platformVersion)&uaa=UACH(architecture)&uam=UACH(model)&uafv=UACH(uaFullVersion)&uab=UACH(bitness)&uaw=UACH(wow64)&uafvl=UACH(fullVersionList)&nb=2&adurl=https://www.firstbase.io/%3Futm_adgroup%3D178511099006%26utm_keyword%3D%26utm_device%3Dc%26utm_network%3Dd%26utm_location%3D9070871%26utm_adposition%3D%26utm_source%3Dgoogle%26utm_medium%3Dpaid-search%26utm_campaign%3D22557234705%26utm_content%3D760208975447%26utm_term%3D%26hsa_acc%3D7546243791%26hsa_cam%3D22557234705%26hsa_grp%3D178511099006%26hsa_ad%3D760208975447%26hsa_src%3Dd%26hsa_tgt%3D%26hsa_kw%3D%26hsa_mt%3D%26hsa_net%3Dadwords%26hsa_ver%3D3%26gad_source%3D5%26gad_campaignid%3D22557234705%26gclid%3DEAIaIQobChMIo_WnjtnUkwMVyEnDBh3sijEdEAEYASAAEgJFkvD_BwE,https://www.firstbase.io/?utm_adgroup=178511099006&utm_keyword=&utm_device=c&utm_network=d&utm_location=9070871&utm_adposition=&utm_source=google&utm_medium=paid-search&utm_campaign=22557234705&utm_content=760208975447&utm_term=&hsa_acc=7546243791&hsa_cam=22557234705&hsa_grp=178511099006&hsa_ad=760208975447&hsa_src=d&hsa_tgt=&hsa_kw=&hsa_mt=&hsa_net=adwords&hsa_ver=3&gad_source=5&gad_campaignid=22557234705&gclid=EAIaIQobChMIo_WnjtnUkwMVyEnDBh3sijEdEAEYASAAEgJFkvD_BwE,yes,yes,yes,yes,yes
476,https://www.googleadservices.com/pagead/aclk?sa=L&ai=CXSgoM9HRabGpJaG2geAPpZGSEaSunaiGAcKw86rPFbaQHxABIM2ejxhgiQOgAfKI5NMByAEB4AIAqAMByAPLBKoE0AJP0KANDh8FxBvA_4CaBIq1DXbxPZ494x3-OCupd2iHwvG8fp5RYVyIC-eGBppNVze4sZsuEb9YABFA48-1anNDM3PVLYtJGlF5Ygm1La_nS5QPUlEKEhWXGLotn5VHcG76H7qJYDQ3WHhfql9rMAQ4U2FviAVKrHUDK8Hm9cnFZzMORThl_Wsgi4zohBnRHQupy2OjTnvSV-jbI4LY6Xachlg-3gAdOSLiyHNC7MWYtKdY4dGf-tmgdtIxZOLfQT43Yezw5FXKS6vNWjeF0GpgHV-f4_w7or6eiB8yhZj7p7YsEZferM-Hc1cKAQTxeEp7x4J8WbI5ZPJk8W95tUctdKOKAr3gYkLg3sgC-C6UkQk3L_dtkRbOaR9wJbYb8RYS-kTF5N5GlDzNyJ85Q3w7mRVzYR_kUs93onNWxzbGQEzpCXCquAnNlzjheKRbeSrABNjftcGDBeAEAYgF9tOq31CAB_b2m6wCqAenzLECqAemvhuoB8zOsQKoB_PRG6gHltgbqAeqm7ECqAeOzhuoB5PYG6gH8OAbqAfulrECqAf-nrECqAevvrECqAfVyRuoB9m2sQKoB5oGqAf_nrECqAffn7ECqAf4wrECqAf7wrEC2AcB0ggvCIBhEAEYnQEyCIqCgICAgIAIOg2AQIDAgICAgKiAAqgDSL39wTpYsPGf89zVkwOxCRs2wa2H_5l6gAoBmAsByAsBqg0CSlDIDQHiDRMIlpig89zVkwMVIVsABh2liCQC6g0TCKSiofPc1ZMDFSFbAAYdpYgkAvANAogO____________AdgTCogUAdAVAcoWAgoA-BYBgBcBshcQGAEqCjk5MTMxMTU1MTZQBroXAjgBqhgXCQAAAABuC1FBEgo5OTEzMTE1NTE2GAGyGAkSArhQGAEiAQDQGAHCGQIIAQ&ae=1&gclid=EAIaIQobChMI8Y6n89zVkwMVIVsABh2liCQCEAEYASAAEgIfVPD_BwE&num=1&cid=CAQS0gEABaugfW0WsNFy_m5WWdFgfnS_h3TqBSdzF84_ypnqA-ABhX9ubHKni5hLlkRvN19CBIgyjxuC2ozW6Bu6qSz0lRY0bLMFkSdoilINqc8EhGMybeSTUD3FE25Vt7zDXXZrSyL_7G08xj9nuWiHkLUcfP5tYGFTTK9dqBYxWRm_S9Iwsxima2uGI-RiufHnxZPPE9XJsZnkAVZQboQ6GnSdZ5KFk8ReJI6ZMgds4KY1M5TvHskwqH_l525gQ2YEbRCt92OGxOitgOa93brw92K2A8wYAQ&sig=AOD64_3zAM9uPwBipT1i7lj3KhYSrhalQg&client=ca-pub-4075694933314520&rf=1&nb=0&adurl=https://www.nalashaa.com/as400-support-and-modernization-services/%3Futm_source%3Dgoogle%26utm_medium%3Dcpc%26utm_campaign%3D%7B%7Bcampaignname%7D%7D%26utm_term%3D%7B%7D%26utm_content%3D%7B%7Badgroupname%7D%7D%26gad_source%3D5%26gad_campaignid%3D21674764790%26gclid%3DEAIaIQobChMI8Y6n89zVkwMVIVsABh2liCQCEAEYASAAEgIfVPD_BwE,https://www.nalashaa.com/as400-support-and-modernization-services/?utm_source=google&utm_medium=cpc&utm_campaign={{campaignname}}&utm_term={}&utm_content={{adgroupname}}&gad_source=5&gad_campaignid=21674764790&gclid=EAIaIQobChMI8Y6n89zVkwMVIVsABh2liCQCEAEYASAAEgIfVPD_BwE,no,no,no,no,no
434,https://www.googleadservices.com/pagead/aclk?sa=L&ai=Cydm_n-zRade2HZaxgeAPqpmF8A_WjrmAhgGN6uaczBXYnb-4kQ4QASDhqo4nYIkDoAGuzs6VA8gBCeACAKgDAcgDCqoEnwNP0FB2bhQkDywO3ek34hyqtogD_UaT9KeJ_orRfoLpNOjS9M5SJriYXVH-1gvpmIai6VJLYPS-gRkIqaQUd9B3pcjumfCwzHYY9Tg7b4Xwp_0X_DDL1bCfg8k4NOo1zrZTwvRkcHDqrzq5Be8WZzgFqSMoH9o26A-lKFPYwhmctMBjAvN0dFOGNRkkrE2c32ZSmixJlXfUc0kcZYz1_aJEGimWsvlFpRenZP2qtC7iRBTtpXOHO_34848ogZfXmSUrkhqXzWmIYRNxFQ_gr49Ekg-WlAP8NggS40eDXNACsCsiwzpR9desJ6Nk_CYFmmSCBV6sPGF0u4XBAR1Dj7vMk2sCL2_I86a7InYE4lTO4hm5Th-PwJeVtHsebLWiKw0dyChVEwXLMgfNxiPT4RsQm0ald9SdNSABKWFYPn6RzgzVeT_8-GBwkniSfk3dYTMA1V6ToTLPw1t2AyCTs4IDK0TCOO-keE3yprQPgR28ag-jGGLhBV65GBl61RJZy7SuLDs-HvqabnmwZ7DQErzRO2Es1ZCC_HN973xUD4uKwASrxPOf1QXgBAGIBbzckJpYoAYugAe6sbFqqAenzLECqAemvhuoB8zOsQKoB_PRG6gHltgbqAeqm7ECqAeOzhuoB5PYG6gH8OAbqAfulrECqAf-nrECqAevvrECqAfVyRuoB9m2sQKoB5oGqAf_nrECqAffn7ECqAf4wrECqAf7wrEC2AcA0ggvCIBhEAEYnQEyCIqCgICAgIAIOg2AQIDAgICAgKiAAqgDSL39wTpY7sXPhvfVkwOxCVTDeUEwfmltgAoDmAsByAsBgAwBqg0CSlDIDQHiDRMI8ebPhvfVkwMVllgABh2qTAH-6g0TCIPg0Yb31ZMDFZZYAAYdqkwB_vANAogO____________AdgTA9AVAcoWAgoA-BYBgBcBshcQGAEqCjIwMTgzNTcyNDRQBroXAjgBqhgXCQAAAAAO9ClBEgoyMDE4MzU3MjQ0GAGyGAkSAqpTGC4iAQDQGAHCGQIIAQ&ae=1&gclid=EAIaIQobChMIl4LShvfVkwMVllgABh2qTAH-EAEYASAAEgLWQfD_BwE&num=1&cid=CAQS5AEABaugfUfPW5CnEgqqvo6ke7bltr7Iy2ggFSZdLqaAcGapPAEkcU5VfOVxdO8wupXXeT6QJ50VWhc5blTOzh2Hsm6CM9_QyWbtELRy8Tncr_JQpFObSEtiFEesbDJa6av6Qf3Uvx46As6_uh3Pm-T4gapDo5liYjQpkPhH7Y6HQDRz54xAyOU_aTHDMLWzlDM7bW9Cks_5dWlEUQOrdsPddfgPvLRK6wDsr2l5KV063YZUPyv6VMSfGSJyQ_K33bC2JgCsVdFs1oY8Cse7ldgxcI8lk61nGxygByte112NY81usLQYAQ&sig=AOD64_2IecGstzkujiWG1Iqc4st38uD7DA&client=ca-pub-1644806578912499&rf=4&nb=9&adurl=https://birkman.com/products/birkman-enterprise%3Futm_campaign%3DPfizer%2520ABM%26utm_source%3Dgoogle%26utm_medium%3Ddisplay%26utm_content%3DTactic%253A%2520Advertising%2520-%2520Direct%257CType%253A%2520Display%2520-%2520Standard%257CTargeting%2520Method%253A%2520Account-Based%257CAudience%253A%2520None%257CAd%2520Creative%253A%2520None%257CUnit%2520Size%253A%2520None%257CSocial%2520Network%253A%2520None%257CPublication%253A%2520None%257CEvent%2520Name%253A%2520None%257CPartner%253A%2520None%257C%26utm_term%3D%26utm_campaign%3DPfizer%2BABM%26utm_source%3Dadwords%26utm_medium%3Dppc%26hsa_kw%3D%26hsa_acc%3D1075217641%26hsa_ad%3D801049177341%26hsa_net%3Dadwords%26hsa_src%3Dd%26hsa_tgt%3D%26hsa_grp%3D194682610219%26hsa_mt%3D%26hsa_cam%3D23677120060%26hsa_ver%3D3%26gad_source%3D5%26gad_campaignid%3D23677120060%26gclid%3DEAIaIQobChMIl4LShvfVkwMVllgABh2qTAH-EAEYASAAEgLWQfD_BwE,https://birkman.com/products/birkman-enterprise?utm_campaign=Pfizer%20ABM&utm_source=google&utm_medium=display&utm_content=Tactic%3A%20Advertising%20-%20Direct%7CType%3A%20Display%20-%20Standard%7CTargeting%20Method%3A%20Account-Based%7CAudience%3A%20None%7CAd%20Creative%3A%20None%7CUnit%20Size%3A%20None%7CSocial%20Network%3A%20None%7CPublication%3A%20None%7CEvent%20Name%3A%20None%7CPartner%3A%20None%7C&utm_term=&utm_campaign=Pfizer+ABM&utm_source=adwords&utm_medium=ppc&hsa_kw=&hsa_acc=1075217641&hsa_ad=801049177341&hsa_net=adwords&hsa_src=d&hsa_tgt=&hsa_grp=194682610219&hsa_mt=&hsa_cam=23677120060&hsa_ver=3&gad_source=5&gad_campaignid=23677120060&gclid=EAIaIQobChMIl4LShvfVkwMVllgABh2qTAH-EAEYASAAEgLWQfD_BwE,yes,yes,yes,yes,yes
481,https://www.googleadservices.com/pagead/aclk?sa=L&ai=CPutdiEbRaeCSL92LjeYPu7LFGOfNtJuGAY7XltXGFd3ZHhABIPT5xiVgpYCAgJwBoAHRnvqaPsgBAqkCCqOpg3Uipz7gAgCoAwHIAwiqBLkCT9A7MMR0Aa_SB1lQj1oxdHML_f9alxP33PUclYNGh0G541pFr1fGWBRr7BEXZPa9GmN3wibHtQkEvMMMhTAEQzzes7-GYefjc4az-GLns2NA_QDcel8D2UMZqMiX2AzXcO_S5ObBqzSW4KL6OpWNS9gjsSpMAzx1YxfPln22MdhTrJ3ZZr9erdXxQRnOZVIdiJ5JxOamV2faSYjs-GlRACAWceKw5dAr5rXQtz9c-GAvXaCKiFyDZfaLjnoXEtxNIlDPU-TTDLOdNbRhDIG-bzI_VoDTHPRfz72IIJ7zZ_p5iLDvLIbbmcSNqZ069TvZvlZR40EjbacfRhMqLPxr4THvjcKeMkq7N_wLGVI1QrwOsRmeiKH66bpGy0ncj5XHsZgBzZ3fvhsWHA-cTH88Z7xYJDF5doAn-MAEsqy1otQF4AQBiAW41_GnWKAGAoAH0dbK-hioB6fMsQKoB6a-G6gHzM6xAqgH89EbqAeW2BuoB6qbsQKoB47OG6gHk9gbqAfw4BuoB-6WsQKoB_6esQKoB6--sQKoB9XJG6gH2baxAqgHmgaoB_-esQKoB9-fsQKoB_jCsQKoB_vCsQLYBwHSCC4IgGEQARgdMgiKgoCAgICACDoNgECAwICAgICogAKoA0i9_cE6WPqBkNTY1JMD8ggbYWR4LXN1YnN5bi04NDQ2NzQ1MDEzMzM1ODA2sQl7O83Ob-_pRYAKA5gLAcgLAaoNAkFVyA0B4g0TCP2hkNTY1JMDFd1FwwYdO1kRA-oNEwixzpHU2NSTAxXdRcMGHTtZEQPwDQKIDv___________wHYEwPQFQHKFgIKAPgWAYAXAbIXEBgBKgozMzQ1MzgzNzc0UAa6FwI4AaoYFwkAAAAAQIkIQRIKMzM0NTM4Mzc3NBgBshgJEgKQTxgCIgEA0BgBwhkCCAE&ae=1&gclid=EAIaIQobChMI4PaR1NjUkwMV3UXDBh07WREDEAEYASAAEgIAsPD_BwE&num=1&cid=CAQS4wEABaugfdKGIKey594UzsdcxdqNkyzybieuGXqguoxAEkpJw-064D_vsvPlyZ1gsdPq5NBvvT09o3NsqxmXJZzqunKqsAjAUOnhvfY5h3-RrNdd1wJrliE4sYx8pLFoumkuFPX3SGegrPGpavVpM371hVhT_dRDT4IFOyugeuaAQEduN9S2eR3xjdfcknR34xAob06RzAolFoRGkUMDmrw7KcmJDNy9j28ZrqweEr36n9L3jqH7wQAqPvbCcTr2O57vx7yhP9_QaOOGGZRo9FJd16YsDWkChpplI7OmFdtBthqlLxgB&sig=AOD64_1rj0L2SGa-M2vCC84gvXYor0j3sA&client=ca-pub-6396844742497208&rf=5&nx=CLICK_X&ny=CLICK_Y&uap=UACH(platform)&uapv=UACH(platformVersion)&uaa=UACH(architecture)&uam=UACH(model)&uafv=UACH(uaFullVersion)&uab=UACH(bitness)&uaw=UACH(wow64)&uafvl=UACH(fullVersionList)&nb=2&adurl=https://www.nestlepromotions.com.au/quiz/1755500_3102/au-maggi-national-promo-2026.html%3F%26utm_medium%3Ddisplay%26utm_source%3Dwebdisplay%26utm_campaign%3Dnational-promo-2026%26gad_source%3D5%26gad_campaignid%3D23705971640%26gclid%3DEAIaIQobChMI4PaR1NjUkwMV3UXDBh07WREDEAEYASAAEgIAsPD_BwE,https://www.nestlepromotions.com.au/quiz/1755500_3102/au-maggi-national-promo-2026.html?&utm_medium=display&utm_source=webdisplay&utm_campaign=national-promo-2026&gad_source=5&gad_campaignid=23705971640&gclid=EAIaIQobChMI4PaR1NjUkwMV3UXDBh07WREDEAEYASAAEgIAsPD_BwE,,,,,
461,https://www.googleadservices.com/pagead/aclk?sa=L&ai=CDAG9GcvQafTlJ4m7geAP2fqHmAOrtP6hhgG0iI7ipBXjgZLNmkcQASCOtLMhYImLxIT0E6ABnLjHlwPIAQKpAoy9W7Jd5jo-4AIAqAMByAMIqgTfAk_QuTel2oiekbRPczOkgP2cKaJSugMsW9f-RAowkHmgycErHc5Cc0uTFbgq2uHcryE27T67MV1VlLzOC48xdbkMQv7UnC3NLp2gRI0GWng7oa75zioSD6eXzYeZiY4bvv3JU3scCJ--PR-wpYyHvc4UdG78sBs1IW9Oro5CE3zCh-K3FUphTKmX9wpIqrbey5G5G4t_ampG9u-qtv5A0WBlEqkYhrwziTz7jbj2PDZTsFV_f4WGn3QBp3RMEsuHKHknuhsNgyT5iMim3dlaY8zGT0nzYNRggH9g_Uyk0CLTpLAseF2-gQ3vm1dDo2OwNaCB24ieRuxPI05iEbUGOlk84PcWkdOmqQUTnObCeHN3FtQUlbcKbSgsgxysyTFjyuMvwph_NkuTHyAtroBSY0VFHFlpsG7n5Bk5EeQ6vPKgh85njjhiVsmG8c7Atlu9CCzTriQlc6jXVlwmF61rAsAE-cn0wdkF4AQBiAXWjq7RV6AGAoAHzMe4aKgHp8yxAqgH4tixAqgHpr4bqAfMzrECqAfz0RuoB5bYG6gHqpuxAqgHjs4bqAeT2BuoB_DgG6gH7paxAqgH_p6xAqgHr76xAqgH1ckbqAfZtrECqAeaBqgH_56xAqgH35-xAqgH-MKxAqgH-8KxAqgHwsixAtgHAdIIMgiA4YAQEAEYnQEyCKqCgICAgIAIOg6AwAOAgISAgJSu4AOoB0i9_cE6WN7zvfji05MDsQkRchxgqZqkIIAKA4oKnQFodHRwczovL3Jjdi5peGQuZG1tLmNvbS9hcGkvc3VybD9yZWRpcmVjdGlvbl91cmw9aHR0cHM6Ly9hZC5nYW1lcy5kbW0uY29tL3JseWVoc2hvdWpvdGFpX2MwMy9pbmRleC5odG1sJnVyaWQ9TWt3TWZibW4mZ2FkX3NvdXJjZT01JmdhZF9jYW1wYWlnbmlkPTIzNTI0NTA5NTI2mAsByAsB4AsBogwDkAEBqg0CSlDIDQHiDRMIh7q--OLTkwMViV0ABh1Z_QEz6g0TCOb_v_ji05MDFYldAAYdWf0BM_ANAogO____________AdgTDNAVAZgWAcoWAgoA-BYBgBcBshcQGAEqCjE2MzczNDkxOTdQBroXAjgBqhgXCQAAAAAQPgxBEgoxNjM3MzQ5MTk3GAGyGAkSArBTGAIiAQHQGAHoGAHCGQIIAQ&ae=1&gclid=EAIaIQobChMItNbA-OLTkwMViV0ABh1Z_QEzEAEYASAAEgLqnPD_BwE&num=1&cid=CAQSggEABaugfQPV1Qc88PfPcXHxtiYyQqMo8EZG69DQ-Z032lfnNOl2b8m3sGvLHCcOD3n1zOXcfuYKlB_BiE80TmcxNqHw3gSdDiXyBX3EXWbSsTZWhdB136zrXMC7vTgoAQi9-P9pjhXLxHoZgu817Z_x6QPa5vK9_u_V-mC7885RC8dwGAE&sig=AOD64_1H35HtO2X4IKDtYXyIrC_HIZmuRw&client=ca-pub-7418191728211626&rf=5&nx=CLICK_X&ny=CLICK_Y&uap=UACH(platform)&uapv=UACH(platformVersion)&uaa=UACH(architecture)&uam=UACH(model)&uafv=UACH(uaFullVersion)&uab=UACH(bitness)&uaw=UACH(wow64)&uafvl=UACH(fullVersionList)&nb=2&adurl=https://ad.games.dmm.com/rlyehshoujotai_c03/index.html%3Fgad_source%3D5%26gad_campaignid%3D23524509526%26gclid%3DEAIaIQobChMItNbA-OLTkwMViV0ABh1Z_QEzEAEYASAAEgLqnPD_BwE,https://ad.games.dmm.com/rlyehshoujotai_c03/index.html?utm_content=210185&utm_source=GDN&utm_medium=display&utm_campaign=rtg&gclid=EAIaIQobChMItNbA-OLTkwMViV0ABh1Z_QEzEAEYASAAEgLqnPD_BwE,,,,,
466,https://www.googleadservices.com/pagead/aclk?sa=L&ai=Cx8kMK-HRabyoDu_fjeYP_aOciQi2jd6ihgHmqdm43BW2kB8QASDskNEXYIkDoAGBnPXJA8gBAqkCt_uZbKUPqD7gAgCoAwHIAwiqBKMCT9CE1RsffKoGs1fEKuZy7-rf5vYB8y5Kt0YHvUCrFumExlFtLxA7FFKr1cj4hRNrM1jEhGH2Mj7mvSSJFwkjzDfuubeKeKYScE1LQLkeXQGZQxyUXIW-kRNU5lSVnG4G3rJJJbd2pQtNxUPASQMMGbpxP_KuQSpIZ8aK7iek3z_zBxQ6vKqsTqf2bVPijQ7MGJ9osdl6qFCmKNE429GIff2d6HylhQZLC_PvG-uYDuhW2X93bpx8VdSMrQl3WdGjfjZjbpygceDvqCHbFYFS_bWP8DPBob5QFo71IrAa2i3UV0sYYOkCGMo7vRNITDpyNobKIQHAriQG-ZIXZoTP7IMVqt9og9YIhMJnDrdg8Ks8qFu0V0TstjJdOWUpYz7yGuS-wATpgarq4gXgBAGIBdn7rKVYoAYCgAfn44o2qAenzLECqAfi2LECqAemvhuoB8zOsQKoB_PRG6gHltgbqAeqm7ECqAeOzhuoB5PYG6gH8OAbqAfulrECqAf-nrECqAevvrECqAfVyRuoB9m2sQKoB5oGqAf_nrECqAffn7ECqAf4wrECqAf7wrEC2AcB0ggwCIBhEAEYnQEyCIqCgICAgIAIOg6AQIDAgICAgKiAAqiDEEi9_cE6WJ_ElpDs1ZMDsQkc5Mf6A_hBeoAKA5gLAcgLAaIMA5ABAaoNAkpQyA0B4g0TCPLplpDs1ZMDFe9vwwYd_REngeoNEwjc-5iQ7NWTAxXvb8MGHf0RJ4HwDQKIDv___________wHYEwPQFQGYFgHKFgIKAPgWAYAXAbIXEBgBKgozNjAyODcyMjU5UAa6FwI4AaoYFwkAAAAA0GMTQRIKMzYwMjg3MjI1ORgBshgJEgKVWhgCIgEA0BgBwhkCCAE&ae=1&gclid=EAIaIQobChMI_Om3kOzVkwMV72_DBh39ESeBEAEYASAAEgKgEvD_BwE&num=1&cid=CAQS5AEABaugfRb2DsKepHrq4ZKruaffQX6aveD6oFnbuzvF98AJ_gRGh9LsT-LKtEEZvAOObBbl7RtvmApj0vN1PDEvpGhzXmZYjfWN8beiV19ZuJEJjR70XISm4vN5TdWjQ_RofZ3oG9EaXgh6esYbfbC7UNA2oy6pmzsevoaC8NtfqZ_MqatVvx2ajcfbp2V3lROzi5diyKiclTezii46SWXcSxmDrDC_Ek9OZm6AVNZ6lJBhW127PfQWylaFmOVKdXYNcGKl0Pl8qEECBMFkO26QVoMDloqFPJAn0O3tlH94oe7dpdgYAQ&sig=AOD64_13YckzfPfeXhLwnmDQZOdidbRRkQ&client=ca-pub-6275030221952515&rf=5&nx=CLICK_X&ny=CLICK_Y&uap=UACH(platform)&uapv=UACH(platformVersion)&uaa=UACH(architecture)&uam=UACH(model)&uafv=UACH(uaFullVersion)&uab=UACH(bitness)&uaw=UACH(wow64)&uafvl=UACH(fullVersionList)&nb=2&adurl=https://www.napoleon.com/en/us/grills/product-search%3Ff%255B0%255D%3Dproduct_type%253A286%26f%255B1%255D%3Dshop_napoleon%253A1%26sort%3Dfield_msrp%26order%3Dasc%26gad_source%3D5%26gad_campaignid%3D23700651481%26gclid%3DEAIaIQobChMI_Om3kOzVkwMV72_DBh39ESeBEAEYASAAEgKgEvD_BwE,https://www.napoleon.com/en/us/grills/product-search?f%5B0%5D=product_type%3A286&f%5B1%5D=shop_napoleon%3A1&sort=field_msrp&order=asc&gad_source=5&gad_campaignid=23700651481&gclid=EAIaIQobChMI_Om3kOzVkwMV72_DBh39ESeBEAEYASAAEgKgEvD_BwE,,,,,
490,https://www.googleadservices.com/pagead/aclk?sa=L&ai=Cu3Bnqj_RafeILd2J3NMPk8KT8Qug48uXhQGQ_uO76RXogIb2ig4QASD0-cYlYKWAgICcAaABruqxqgHIAQmpAgqjqYN1Iqc-4AIAqAMByAMKqgS_Ak_Q4rwzyfB0lvaf7lTGR3S5RuOzRgcRAYGoxZP_sMnYomSIfq1XIP5hLb20O-BruUEZjzTKdOQDF5VIuscmHguF-0CQ7-8RMPdaA5EDd51SECS9FdZLyAvZ29BlPeHa8RhPvUl3IK1kkwMW5xvHepXKByABJDfGw94a3TfItxvm3jzTlwPv4kOcCQCr6j-y1xZG0ku1u_IZ6gVNLe6Yb7PE1R8kUUjw6NKP7mBypFkEFwTKGHBjmnC6p_pt0Con2ivuoUtWdSWf3yAvrRW6hapK3YZnIgCDUNk9l28hKI8ZpLIUpqEmAsA45wowWcTDPagDu3gqlXin8YiwqFgRmyMUEhtsYtzOvokZ0jyByU-pY0DXMO4KmdltSTNMk0pArWPLesA8Ms_5-ki8ORUZYKUlgnr3cdEFdKtXkgmxtBLABICI8pXUBeAEAYgF3r7Z0legBi6AB7qVztUCqAenzLECqAemvhuoB8zOsQKoB_PRG6gHltgbqAeqm7ECqAeOzhuoB5PYG6gH8OAbqAfulrECqAf-nrECqAevvrECqAfVyRuoB9m2sQKoB5oGqAf_nrECqAffn7ECqAf4wrECqAf7wrEC2AcA0ggvCIBhEAEYnQEyCIqCgICAgIAIOg2AQIDAgICAgKiAAqgDSL39wTpYpaDqjdLUkwPyCBthZHgtc3Vic3luLTg0NDY3NDUwMTMzMzU4MDaxCc07WbtBlFVigAoDmAsByAsBgAwBqg0CQVXIDQHiDRMIusPqjdLUkwMV3QR3BB0T4SS-6g0TCMjm643S1JMDFd0EdwQdE-EkvvANAogO____________AbgT5APYEwOIFALQFQHKFgIKAPgWAYAXAbIXEBgBKgozMzQ1MzgzNzc0UAa6FwI4AaoYFwkAAAAA6G04QRIKMzM0NTM4Mzc3NBgBshgJEgK3UBguIgEA0BgBwhkCCAE&ae=1&gclid=EAIaIQobChMI94XsjdLUkwMV3QR3BB0T4SS-EAEYASAAEgLuJPD_BwE&num=1&cid=CAQS4wEABaugfa6KO2JQU00SaWFPzjbby18aJPNEy_Le_mrEbHwMkgFaz2hJGfyMKzF9kh9kRAPrWMlCitDgUNRS2e__EeqL1XUY1zAd8Ue8uHNQDbx8ZU7rEFls6--Ghgd0mruDoXOQZiFRCaPVp-EFyE1co6DbPgcsqVYw1LLhfToJAT88hehuwCsuA6uigToSaVyb323QxWVYUE-pzaGX6bwysxZPDnR8oCobeq4m0iZULx0oVGhbNVXXd2tEst3vjDs1z70wt7ruHdNBnNVhl-pLinBZyT-GLDTOqkDaaqp-yuFWwxgB&sig=AOD64_3WiLKPEj4fSG7L8MO2REakfDc_1A&client=ca-pub-6396844742497208&rf=4&nb=19&adurl=https://www.sapowernetworks.com.au/home/please-be-considerate/%3Futm_source%3Dgoogle%26utm_medium%3Dcpc%26utm_campaign%3D23527317342%26utm_term%3D%26gad_source%3D5%26gad_campaignid%3D23527317342%26gclid%3DEAIaIQobChMI94XsjdLUkwMV3QR3BB0T4SS-EAEYASAAEgLuJPD_BwE,https://www.sapowernetworks.com.au/home/please-be-considerate/?utm_source=google&utm_medium=cpc&utm_campaign=23527317342&utm_term=&gad_source=5&gad_campaignid=23527317342&gclid=EAIaIQobChMI94XsjdLUkwMV3QR3BB0T4SS-EAEYASAAEgLuJPD_BwE,,,,,
491,https://www.googleadservices.com/pagead/aclk?sa=L&ai=C7JBLHM7Qae3KF6X1pt8Pu-6eoQKujc2FgQHjm8ST4Q_G19W-1w4QASDejvAmYImLxIT0E6ABrvnt0gPIAQKpAoy9W7Jd5jo-4AIAqAMByAMIqgTPAk_QqZ42gVcIu_dyPpEdu33OwZ3Ru7I1Yvey3vwWT286eQ6TMbfpmhSrCfxxOR0fwG_0Da9nt9iJjY9E1pjqUiZ4mKL1nUzJeSMhxKAT34CY4doVPJfeJ8ewGh0uW94q__w3ZizyyjkbNXaYZoRBITBmEECdeYemnI_7ctc3y4bhpOuhxjuz0JN-C5oNLL7qVI1Dj3mN4HOERD7DKBSZArpv3NjOUKAZ2qkCiSCb5XcuCeILADHdd1ns8j559cVvrZ449plbRuGg08AMgRdoSCtMOWN9E2tBObYsm724wx4S8EbnYHVkEiE3p7Bp8FSbEUpisSjoJj5lBjhZJXc1W2f41iGrQzUTWo-9TsN3RsjYmABqM5YTgvpSZ0-94NiwIrWzUHpPG7HC2fHC4-g_vPEHNGcleDlNdWQpvCYmXqb53gdQiRC0ICYBHjLuYeE0wAS3ztCa8QPgBAGIBdTV3oA-oAYCgAe6hpItqAenzLECqAfi2LECqAemvhuoB8zOsQKoB_PRG6gHltgbqAeqm7ECqAeOzhuoB5PYG6gH8OAbqAfulrECqAf-nrECqAevvrECqAfVyRuoB9m2sQKoB5oGqAf_nrECqAffn7ECqAf4wrECqAf7wrEC2AcB0ggyCIDhgBAQARidATIIqoKAgICAgAg6DoDAA4CAhICAlI7gA6gHSL39wTpY4vj95-XTkwPyCBthZHgtc3Vic3luLTk1NjYzNTQ5MzgzMTU0MjexCRjY3__TOD3OgAoDmAsByAsBogwDkAEBqg0CSlDIDQHiDRMIveb-5-XTkwMVpbrpBR07tyck6g0TCPuxgejl05MDFaW66QUdO7cnJPANAogO____________AdgTDdAVAZgWAcoWAgoA-BYBgBcBshcQGAEqCjg4Njk2NjE1OTVQBroXAjgBqhgXCQAAAABYNgVBEgo4ODY5NjYxNTk1GAGyGAkSAvNoGAIiAQDQGAHCGQIIAQ&ae=1&gclid=EAIaIQobChMI7ciC6OXTkwMVpbrpBR07tyckEAEYASAAEgJohfD_BwE&num=1&cid=CAQSggEABaugfQOmfvtDAjsOpvKiPd7zUVxLshkCl7skMIWNthBxrDKBByEx9cM5VtyqgFvu6Fc3YN2Rz_atRKCzJidlIOqKhhMh5_KKm0IpsATewmfB5EucWuo0amxuFiG5bOAvs-uhu6rVs16KbohiKByH3yfwLGefeIvzSCNCKvZy0UtsGAE&sig=AOD64_0mwthY0DQD5OpUW0aujeQPuIwvOQ&client=ca-pub-2058194454775629&rf=5&nx=CLICK_X&ny=CLICK_Y&uap=UACH(platform)&uapv=UACH(platformVersion)&uaa=UACH(architecture)&uam=UACH(model)&uafv=UACH(uaFullVersion)&uab=UACH(bitness)&uaw=UACH(wow64)&uafvl=UACH(fullVersionList)&nb=2&adurl=https://nakanocampus.net/highschool_alldays/%3Fgad_source%3D5%26gad_campaignid%3D16644549332%26gclid%3DEAIaIQobChMI7ciC6OXTkwMVpbrpBR07tyckEAEYASAAEgJohfD_BwE,https://nakanocampus.net/highschool_alldays/?gad_source=5&gad_campaignid=16644549332&gclid=EAIaIQobChMI7ciC6OXTkwMVpbrpBR07tyckEAEYASAAEgJohfD_BwE,,,,,
443,https://www.googleadservices.com/pagead/aclk?sa=L&ai=C-IfS0tnQadrmFeuCjeYP8Y3YiQbmtP_vhQHIr4qEgRPv06K9wAEQASCVltshYImLxIT0E6AB2LCh7wPIAQmpApeGS1BMJrY-qAMByAPLBKoEhAJP0LP5zMlr7aUDeN1VY1astem2haFjQ37vNrm5zJHbV7sDxcaPrQgorK3di4Cv8xXCoLBSGPbcEWOQlIyCK87ebIE4Wso1Wwk57IrtPPmJr_v1CDpOmGcS0hp6BLOyj-3wEyK_E38eGfX4qbhz8UMjOjX9Vi3uI_Uid3Vu6C-QpFSCQhQJ0R0lffPt4AJUHIUQI7OJYBCKVusLUiued2f4cvJZg7J7KfSWUfPB9nm0Sg4ELh-khDu3OaybzA0n1_nJdvB4yHGjHc0zQQXNx-Pz0reWU57jqyGeOR_vDrUaIIISUE5NPZ65ZrXdT0rVm-PDqNPPtqpOufBRWDZVJZRBSTeKBsAE-vz27_QEiAWG0P6sUfoFBgglEAEYAKAGLoAHir7J1AOoB6fMsQKoB6a-G6gHzM6xAqgH89EbqAeW2BuoB6qbsQKoB47OG6gHk9gbqAfw4BuoB-6WsQKoB_6esQKoB6--sQKoB9m2sQKoB5oGqAf_nrECqAffn7ECqAf4wrEC2AcA-gcbbmV0LnNreXNjYW5uZXIuYW5kcm9pZC5tYWluwAgB0ggwCIBhEAEYnwMyCIqCgICAgIAIOg6AQIDAgICAgKiAAqiDEEi9_cE6WJeAyP3w05MDgAoBkAsDmAsByAsBgAwBogwCSAGqDQJKUMgNAeoNEwjWncj98NOTAxVrQcMGHfEGNmHwDQKIDgnYEwvQFQHKFgIKAPgWAYAXAbIXEBgBKgo0MTUwNTkzNDEyUAa6FwI4AaoYFwkAAAAAWBcYQRIKNDE1MDU5MzQxMhgBshgJEgKgTxguIgEA0BgB6BgBwhkCCAE&ae=1&gclid=EAIaIQobChMI2pfI_fDTkwMVa0HDBh3xBjZhEAEYASABEgLPe_D_BwE&num=1&cid=CAQS0QEABaugfeJh4DnFO88nrZXD68PacfIZ88_9APWJdspCx2NUrn9INYG_zzKPg69u_xZPShL3a72SrMTXwkMmB6KR5Zz0o7tmmhKiAN-BG5SccyYpBbC10p8QHnwCHm3thRBsd_byM6CnClWiJFnnnpXrR3gD7W0pxIZjIQGnjqADy9PhivhJEFPmz1olhlft9zqOZV-lmyO1N4hKDN-1bWwafILMT9lYzYJs6RgcGnjmuUN9EAuYIm4hquDoIqtJ6TTyQo0jc8iLgEO3TsBCVuolrhgB&sig=AOD64_3URtKXmcLutu4TK1oJwSByt6Q0dg&client=ca-pub-5771594739411148&nb=9&adurl=https://www.skyscanner.ca/transport/flights/JP/KR/cheapest-flights-from-Japan-to-South-Korea.html%3Foym%3Danytime%26iym%3Danytime%26preferDirects%3Dfalse%26utm_campaign%3Dca-flights-display-midfunnel-feedbasedads%26EAIaIQobChMI2pfI_fDTkwMVa0HDBh3xBjZhEAEYASABEgLPe_D_BwE%26utm_medium%3Ddisplay%26utm_source%3Dgoogle%26utm_content%3Dfeed%26campaignid%3D21837621254%26adgroupid%3D168812199546%26AssociateID%3DDIS_FLI_19465_00000%26gad_source%3D5%26gad_campaignid%3D21837621254%26gclid%3DEAIaIQobChMI2pfI_fDTkwMVa0HDBh3xBjZhEAEYASABEgLPe_D_BwE,https://www.skyscanner.ca/sttc/px/captcha-v2/index.html?url=L3RyYW5zcG9ydC9mbGlnaHRzL0pQL0tSL2NoZWFwZXN0LWZsaWdodHMtZnJvbS1KYXBhbi10by1Tb3V0aC1Lb3JlYS5odG1sP3V0bV9zb3VyY2U9Z29vZ2xlJnV0bV9jb250ZW50PWZlZWQmY2FtcGFpZ25pZD0yMTgzNzYyMTI1NCZhZGdyb3VwaWQ9MTY4ODEyMTk5NTQ2JmdjbGlkPUVBSWFJUW9iQ2hNSTJwZklfZkRUa3dNVmEwSERCaDN4QmpaaEVBRVlBU0FCRWdMUGVfRF9Cd0Umb3ltPWFueXRpbWUmZ2FkX2NhbXBhaWduaWQ9MjE4Mzc2MjEyNTQmaXltPWFueXRpbWUmcHJlZmVyRGlyZWN0cz1mYWxzZSZ1dG1fY2FtcGFpZ249Y2EtZmxpZ2h0cy1kaXNwbGF5LW1pZGZ1bm5lbC1mZWVkYmFzZWRhZHMmZ2FkX3NvdXJjZT01JkVBSWFJUW9iQ2hNSTJwZklfZkRUa3dNVmEwSERCaDN4QmpaaEVBRVlBU0FCRWdMUGVfRF9Cd0UmdXRtX21lZGl1bT1kaXNwbGF5JkFzc29jaWF0ZUlEPURJU19GTElfMTk0NjVfMDAwMDA=&uuid=1b37c444-30f0-11f1-a917-a2f7997b23e0&vid=1b37c823-30f0-11f1-a917-a0ad21ee0fb4,no,no,no,no,no
427,https://www.googleadservices.com/pagead/aclk?sa=L&ai=CuXmqWebQaausC_f-ovUP2La1uQm6hd7ohQGqu4fgshWVtOnPyAIQASDskNEXYImLxIT0E6ABmJ3W0APIAQmpAoy9W7Jd5jo-4AIAqAMByAPLBKoEuQJP0NZtZZ-szE7tFpO--sytWW2uv5c9S7Zg_tDg4mmR9CdSFw2B9nLNjan1TgtXZlnFALymE-YjTTBZXv_SCD4j4prGdA4q9hVufv066c9pg4aBW_PEUbqkZDFxczugXESmAn4iNMoJqCFBkSAL6hBtRqq3KQE8YxfiBlGv1jnb0qPTxhLxKHkSUYiGikRu5VlXN7JoVgRKuwK4p546qPicFAIazcLxY0SlSNlSFkKE6RF0KKT3Y7HnKZTsnjQaXkBWjowzi8U7CNNu6icF04J-lgxqJfbzxAH4bCLF-5IWGRq4UdAnrXMBS9ETMfbHiV879eUG42J1WtzQR_0suNC3sFewRoA0s6hhbrVYcG7W-pqBADaU7_Bfl6AHEytIVoUzFzlYZ-CrtftQBKsJXK37iwoe45UL7tlLwASttdHgwAXgBAGIBa26l_BWwAUF-gUGCCUQARgAoAYugAfq0KTgAqgHp8yxAqgHpr4bqAfMzrECqAfz0RuoB5bYG6gHqpuxAqgHjs4bqAeT2BuoB_DgG6gH7paxAqgH_p6xAqgHr76xAqgH2baxAqgHmgaoB_-esQKoB9-fsQKoB_jCsQLYBwD6BxVqcC5jby5yYWt1dGVuLmFuZHJvaWTACAHSCC8IgGEQARidATIIioKAgICAgAg6DYBAgMCAgICAqIACqANIvf3BOljuitf2_NOTA4AKA5ALA5gLAcgLAYAMAaIMAkgBqg0CSlDIDQHiDRMI_7bX9vzTkwMVd7-oCB1YWy2X6g0TCKWD2fb805MDFXe_qAgdWFstl_ANAogO____________AbAO6_eN3hjgEvOf4YbSkb_OgwHYEwvQFQHwFefbzTb6FQ9taWthd2E6MTAwMDcwMTjKFgIKAPgWAYAXAbIXEBgBKgozNjAyODcyMjU5UAa6FwI4AaoYFwkAAAAAIF8SQRIKMzYwMjg3MjI1ORgBshgJEgKGVRguIgEA0BgB6BgBwhkCCAE&ae=1&gclid=EAIaIQobChMI67zZ9vzTkwMVd7-oCB1YWy2XEAEYASABEgK_p_D_BwE&num=1&cid=CAQS5AEABaugfYipT5359Usq008_9NeZ3cdLr4GJ8RY9xLkKBFKkxMhBlFVdFTNBxsQ5W-BBh3SuUQsEhN9shwAlsXBZXEamLosKKItD5uqR5S5K2v99MEtecyU5cJYwmi8lB-mX4bB4oluFPeeiMyLQ5TJIrPcD_ZbDEYYvr9Eu-re6ojZqcR4FgGVuTadhjC5ZiMU6k4uZ4z-TcgTEZL_9WVsvVa2FvL_d0hPa_EjPsAdA5tIgSgVljWUr3GAXC2rWcxGLRWRhey0fqI-1bBYELKLP-MXjS2jE9jNeTH5euU0eIiU-hJUYAQ&sig=AOD64_2bxKnsajSZKX1P7CXd5vaRgT9-SQ&ctype=5&client=ca-pub-6275030221952515&nb=9&adurl=https://hb.afl.rakuten.co.jp/ichiba/15766d68.26bfb757.15766d68.26bfb757/23320714001_%3Fpc%3Dhttps%253A%252F%252Fitem.rakuten.co.jp%252Fmikawa%252Fdc-ps12%252F%253FvariantId%253Ddc-ps12b%2526ultra_crid%253Ddc-ps12%26icm_acid%3D255-776-8501%26icm_cid%3D23320714001%26icm_agid%3D%26ifd%3D57%26iasid%3Dwem_icbs_%26gad_source%3D5%26gad_campaignid%3D23320714541%26gclid%3DEAIaIQobChMI67zZ9vzTkwMVd7-oCB1YWy2XEAEYASABEgK_p_D_BwE,https://item.rakuten.co.jp/mikawa/dc-ps12/?variantId=dc-ps12b&ultra_crid=dc-ps12&scid=af_pc_etc&sc2id=af_113_0_10001868&icm_cid=23320714001&iasid=wem_icbs_&ifd=57&gclid=EAIaIQobChMI67zZ9vzTkwMVd7-oCB1YWy2XEAEYASABEgK_p_D_BwE&icm_acid=255-776-8501&icm_agid=,,,,,
440,https://www.googleadservices.com/pagead/aclk?sa=L&ai=C-As1YsjQabmTOqCbjeYPvKTUkQq---HdhQG3yJ-QwhXd2R4QASDyqukoYImLxIT0E6ABptvIgULIAQapAoy9W7Jd5jo-4AIAqAMByAMKqgSyAk_QsyRibTaNkKc3ILOY__QfTG5pWdAvrvPXN10LnGVVQzxDaO9EL3h5GXCBSvZkhxD0JK8GG6DQTe6KqvKZtpJUphMfPtzR27d3XrK8jLPw_IimkO3u33oSQ2cs0xRqEkzCGvn_2AkDup-j4zqx6ZsMN0VsV0GVK8NHaU_rO6lTTe4F-pGk3G21f3aG3ie1mpce4o_rjZHHsoc4UFx4onpcDtdSiLrBoKL9R_3F91x2x0JCQ1jQAezY_IGHoahyC0ECY9P19AxLkUcaNCTrieXrzi_o9Sw5WgBrsiFPHpJB3PgfmXz9rP-v2xlzjL5llFrs1I56CaON6y6LKTiFGNlwyCoTPlx3Jk2HxrEO9-Cw_8AsTcKb5o_GhEsfETpWXqJjlzHIpQJncSSUrS6Zrlkq5cAE45PvitUF4AQBiAXF5-eCWKAGLoAHppOZ4RyoB6fMsQKoB-LYsQKoB6a-G6gHzM6xAqgH89EbqAeW2BuoB6qbsQKoB47OG6gHk9gbqAfw4BuoB-6WsQKoB_6esQKoB6--sQKoB9XJG6gH2baxAqgHmgaoB_-esQKoB9-fsQKoB_jCsQKoB_vCsQLYBwHSCDIIgOGAEBABGJ0BMgiqgoCAgICACDoOgMADgICEgICUruADqAdIvf3BOliT65yt4NOTA7EJSQKEbIArBPyACgOYCwHICwGiDAOQAQGqDQJKUMgNAeINEwiNrp2t4NOTAxWgTcMGHTwSNaLqDRMIkPOereDTkwMVoE3DBh08EjWi8A0CiA7___________8B2BMNiBQB0BUBmBYByhYCCgD4FgGAFwGyFxAYASoKNDkyODMxMzM5NlAGuhcCOAGqGBcJAAAAANyiEUESCjQ5MjgzMTMzOTYYAbIYCRIC42AYLiIBANAYAcIZAggB&ae=1&gclid=EAIaIQobChMIucyfreDTkwMVoE3DBh08EjWiEAEYASAAEgITnPD_BwE&num=1&cid=CAQSggEABaugfVTLm14zDkvV445uHGZbvqMBUBwJGbgPtgmB51j7HK8AlXzaySplA4g3L7DWO-fkus02OiML44fZ4XBlepplP9Wp1ClM04Y63yflyEv_g5vp1G6t5xvi6e55_2lSPDKatNFtvJM0maBocaDVA_lPloae92uZv_zY-vqJtsOWGAE&sig=AOD64_0hf8COSx67_lamUw_kZZ9s6ATcSg&client=ca-pub-8750086020675820&rf=4&nb=19&adurl=https://atofuru.jp/app-download%3Fgad_source%3D5%26gad_campaignid%3D23628215237%26gclid%3DEAIaIQobChMIucyfreDTkwMVoE3DBh08EjWiEAEYASAAEgITnPD_BwE,https://atofuru.jp/app-download/?gad_source=5&gad_campaignid=23628215237&gclid=EAIaIQobChMIucyfreDTkwMVoE3DBh08EjWiEAEYASAAEgITnPD_BwE,,,,,
431,https://www.googleadservices.com/pagead/aclk?sa=L&ai=CwGCBKOfQaYW9IIWgjeYPpduR2QiRjKyjhgHfvdTv1RWhpvjz0B0QASDmtM-ZAWCJi8SE9BOgAZiz4qEoyAEJqQKMvVuyXeY6PuACAKgDAcgDywSqBMACT9As3GKNkWtDZGzYiDdGK8xpttMkyB5104VIH3n9wa6E8Lfzx7oy4ItydYiDIufC055mY5Lm-ZAw5mnM74BBHsApltmX-TsbF_rQN0N_olb2rAlCywBZDUty2gPJ8HgH-kxzrDYO7ecWH_ZP058R146BQWfSk69uxfddVfRE-Cu4O18IzxPTH23e18U1nRRZTn0lRipUwgk_MqSd0M3l4CCPWYMrQnC520EFXD_R7vQc_fVxqGUW_cPSED0HDkNt9nFBJTmfepkDF7g2lDvsZkgL936OUJNpljN5XFn0zmmIS2ICT0adXfL7_JoqNDPovj894sxuXYqb9pK31SBsB8mICzXxO2ip96Ieubqi7IlZCqA2TnTeLIEao4OA0Fxw4AGCE3tSz-LJYcRZuo49tfQ1q4j6CWFW1kVXW0BQxUvABOKpp-XYBeAEAYgFqfKqi1igBi6AB5jrsoEDqAenzLECqAemvhuoB8zOsQKoB_PRG6gHltgbqAeqm7ECqAeOzhuoB5PYG6gH8OAbqAfulrECqAf-nrECqAevvrECqAfVyRuoB9m2sQKoB5oGqAf_nrECqAffn7ECqAf4wrECqAf7wrEC2AcA0ggvCIBhEAEYnQEyCIqCgICAgIAIOg2AQIDAgICAgKiAAqgDSL39wTpY0MrG2f3TkwOxCZibgCgi06H0gAoDmAsByAsBgAwBmAz_7oif1AWqDQJKUMgNAeINEwiX68bZ_dOTAxUFUMMGHaVtJIvqDRMIvrLI2f3TkwMVBVDDBh2lbSSL8A0CiA7___________8BsA6d5pv0GLgTgwTYEw7QFQHKFgIKAPgWAYAXAbIXEBgBKgo1MTAzODc5NDgzUAa6FwI4AaoYFwkAAAAAwID0QBIKNTEwMzg3OTQ4MxgBshgJEgK5TxguIgEA0BgBwhkCCAE&ae=1&gclid=EAIaIQobChMIhfHI2f3TkwMVBVDDBh2lbSSLEAEYASAAEgJuCPD_BwE&num=1&cid=CAQS0QEABaugfSmVDD7oORxS2AcCLU6WGFM_r1PLwWCZDX3-YG-WRYJpLNRzbhDgpFczG3YpkogVjEOAayN1UAoiD1QvloKROaYbStyPdwNwNjGx_wuBhVTouDHnZke2M2MGxAMf-2pJfEG3Hu9b7H4b3_GQ96RwobAd6OGlak0SekY1_OqZj2gWBONbUZSJIIgSBpmn9N83K2l-hqKVfjm62ng3up1UWDKs1QbQZ75zx_HKd1uge-8UWtWRcq8PWY4zw5RA4EfUZI_uus3p2m1gMw13uhgB&sig=AOD64_3IprtNNqCPXHaJWXHdBnMoTGDi2w&client=ca-pub-3677668629134422&rf=1&nb=12&adurl=https://yakinikumafia-ikebukuro.com/en/%3Fgad_source%3D5%26gad_campaignid%3D23646091561%26gclid%3DEAIaIQobChMIhfHI2f3TkwMVBVDDBh2lbSSLEAEYASAAEgJuCPD_BwE,https://yakinikumafia-ikebukuro.com/en/?gad_source=5&gad_campaignid=23646091561&gclid=EAIaIQobChMIhfHI2f3TkwMVBVDDBh2lbSSLEAEYASAAEgJuCPD_BwE,,,,,
486,https://www.googleadservices.com/pagead/aclk?sa=L&ai=CGaGCqtnRaZ2tCOqwgeAPnbuG0APfxLPpgwGIgtrXtBSc9PjDs0YQASC-z4caYIkDoAGL8-naAsgBBqkCCqOpg3Uipz7gAgCoAwHIAwqqBNoDT9BRCWBaaQ_Q1odW-dRr18SgboXkazO2HMJKk3_997aO4XF-pNuKBuzG6-In5aZ0XLO1tAKyzdFXcgashB6TOXc68aoyF3pGnMzzKdKSpStPMgRvoh_NgGfKTKr8lmgQzXWSPblx3cAsyLFYt5WK70LyFtCJCWz8N2LLiporoqWFsxk_2GsurAlsCLmnVr9YkRYlGeAexPfmZjZT14mOfxsG9YaP4t3neyu7yrVgwSazt4A2sr1M5fe_eDKMNRoiVxDXfQ5132FKjNUEUywRSQNgGL9poMjmrIEP48S1z6GqTzuACjspFQV22fpCXdX-2EOGNmFTBy3SooObmlfimQN1xJikVwg11PtfwM23jMgi34e7A-FejPTC-51N13FFFkjWIViTjqttszxek5Ly0HxgfWTzSRhizpXXsJiCU0HAY1J6pDF54L1gIaXvq_wqC6-gbYzHqA6sIeptAPSgVFJKdLXaWThxsveaxmCj05rK9O_OfDSBqM5Nm7L4lUGo9MZcSye-yejN7S4F5tjoINz-phxrcDuQJCGlzWkvKLEmwCtwEP88H3lHR09lZkySffhggDK-yfMykBrdFIbv10F61ptVLptfglKJzdM75M0uFPhejOQkZ5w_wASYucPArwXgBAGIBfXDkOhToAY3gAfdjJalAagHp8yxAqgH4tixAqgHpr4bqAfMzrECqAfz0RuoB5bYG6gHqpuxAqgHjs4bqAeT2BuoB_DgG6gH7paxAqgH_p6xAqgHr76xAqgH1ckbqAfZtrECqAeaBqgH_56xAqgH35-xAqgH-MKxAqgH-8KxAtgHAdIIMAiAYRABGJ0BMgiKgoCAgICACDoOgECAwICAgICogAKogxBIvf3BOliDwqv85NWTA7EJ50vK5tNucpuACgOYCwHICwGiDAOQAQGqDQJKUMgNAeINEwjK6av85NWTAxVqWAAGHZ2dATrqDRMI5-uw_OTVkwMValgABh2dnQE68A0CiA7___________8B2BMDiBQB0BUBmBYByhYCCgD4FgGAFwGyFxAYASoKMzg1MjYwNzQzOFAGuhcCOAGqGBcJAAAAAFTkE0ESCjM4NTI2MDc0MzgYAbIYCRICi1QYNyIBANAYAcIZAggB&ae=1&gclid=EAIaIQobChMInaqx_OTVkwMValgABh2dnQE6EAEYASAAEgJ-5vD_BwE&num=1&cid=CAQS4wEABaugfcpr9q2fTHtBlzCTGguNt5fUjrWt5TMTVTrT3CflzR98Vkaxss1H2fl_FHPqU16ziL7ncchbzWGtOs6FWMZh-9KtYtHQynxrlfqkBz7igGUdc0ueXij8ZbrWiURP2Tk3c4sZWt6fCytRNjZgAI8O_FcSAmewyzZqDsnd4BcYpemPWNZhTw8XYMb2BZEO9VnHKpp2gU3OzKAIogLELTcQsx2qzf_ZOMmk87655J2DezRhp_ofl5WCMn8c_Vhjrf5ssC9NcUFuQ6W2y9nKBYd_-TVnfuEC3IbKzkUNgJq43BgB&sig=AOD64_08GqHsxfEQWbai7kMwiOwPUkTYyg&client=ca-pub-6453680425766689&nx=CLICK_X&ny=CLICK_Y&uap=UACH(platform)&uapv=UACH(platformVersion)&uaa=UACH(architecture)&uam=UACH(model)&uafv=UACH(uaFullVersion)&uab=UACH(bitness)&uaw=UACH(wow64)&uafvl=UACH(fullVersionList)&nb=9&adurl=https://marcusoldham.vic.edu.au/%3Futm_source%3DGoogle%26utm_medium%3DDisplay%26utm_campaign%3DAwareness%26gad_source%3D5%26gad_campaignid%3D22498517493%26gclid%3DEAIaIQobChMInaqx_OTVkwMValgABh2dnQE6EAEYASAAEgJ-5vD_BwE,https://marcusoldham.vic.edu.au/?utm_source=Google&utm_medium=Display&utm_campaign=Awareness&gad_source=5&gad_campaignid=22498517493&gclid=EAIaIQobChMInaqx_OTVkwMValgABh2dnQE6EAEYASAAEgJ-5vD_BwE,,,,,
439,https://www.googleadservices.com/pagead/aclk?sa=L&ai=CGSrN6t_RaZPRHLeejeYP-KHPuAib9-2vggH974fbnxXs4fTbrxAQASDZ1JqYAWCJA6AB7cHGwAPIAQmpAoy9W7Jd5jo-4AIAqAMByAMKqgTMAk_Qg1kQL_cUd6JhZW4HHRVtd-NareTQ6Pds8ZWCQzdj7GQI2sjUO6EBnI_vRY6NfkmXUKF1t3qz04drxRE0ctmL6zGcQw-kXKMXQjMjCh2T3oRfl5GZv4uiE7K8vEZJlr1zBINJwU4Brhic6mOAAy3PHwHMiJ2b2Y463IhlTbF55goo2jKB1XNSB-mblSkq4h8nXEZbccrWlsc6HerjzNYPd7TaOBj-sYRGHQG4y91sw9ttZdH1ELEQ6kZtMCXPv3TcyBxFtjxSwkJ_2kZrBXsjXVfpPrhSwhHVJ8VEt8XR2QDZVpryK_zx-OPa-v63Pf40X6jjNUrej3lB6AkDLbpEMHMkS3210SSKCPFJd1FEHQtODYLQ_K1TnLfUXMyMQnoVScRCfJx3DBIUbjK-M2cpXcD28k5V-C_5QGZLC2ZN612xYXecPArH0e3pwASK9oT9oQXgBAGIBZWTyIxToAYugAf7vbk_qAenzLECqAfi2LECqAemvhuoB8zOsQKoB_PRG6gHltgbqAeqm7ECqAeOzhuoB5PYG6gH8OAbqAfulrECqAf-nrECqAevvrECqAfVyRuoB9m2sQKoB5oGqAf_nrECqAffn7ECqAf4wrECqAf7wrEC2AcA0ggwCIBhEAEYnQEyCIqCgICAgIAIOg6AQIDAgICAgKiAAqiDEEi9_cE6WMHbnPfq1ZMDsQkZP_9Lf4yPloAKA5gLAcgLAYAMAaIMA5ABAaoNAkpQyA0B4g0TCJD-nPfq1ZMDFTdPwwYd-NATh-oNEwiml6P36tWTAxU3T8MGHfjQE4fwDQKIDv___________wGwDs6fysAYuBPkA9gTDNAVAZgWAcoWAgoA-BYBgBcBshcQGAEqCjg2Mjc3NzE0MjRQBroXAjgBqhgXCQAAAAAg2eFAEgo4NjI3NzcxNDI0GAGyGAkSApNOGC4iAQDQGAHoGAHCGQIIAQ&ae=1&gclid=EAIaIQobChMIk-699-rVkwMVN0_DBh340BOHEAEYASAAEgKWafD_BwE&num=1&cid=CAQS0gEABaugfQV1_R7S0R5WR2xYss8XVm6ptALGHGv6Av9TGNqUpk145a3Xkc6mAipeih4zGZy-qhpAbTWEPkfiCOqGAekcqW8-MfS-qgmKDHTwOYYEc5L5RNkrPFWi-3yqm8vTpiuTVfALK_8VHFrccrxFx_GPzJ8_z-o7bf2aOFhtc6wdMymnV0_LC64Hqwib1G9cJ3TXfk7Pp776VhQaQiQrnKGQYxMJAp36fNDP-KI9soXkEWxOQDZg29eNv_Dncj92ZWkeyoZqRupJVS67yEfWkgEYAQ&sig=AOD64_3wpweDnl-62lWR6zSHZc8SsJQ2uA&client=ca-pub-5180688252622813&rf=4&nb=9&adurl=https://ielove-cloud.jp/lp/kimar/%3Fmatchtype%3D%26network%3Dx%26utm_term%3D%26utm_campaign%3Dpmax_kimar%26utm_source%3Dgoogle%26utm_medium%3Dcpc%26hsa_acc%3D3012550608%26hsa_cam%3D22302748706%26hsa_grp%3D%26hsa_ad%3D%26hsa_src%3Dx%26hsa_tgt%3D%26hsa_kw%3D%26hsa_mt%3D%26hsa_net%3Dadwords%26hsa_ver%3D3%26gad_source%3D5%26gad_campaignid%3D22306490773%26gclid%3DEAIaIQobChMIk-699-rVkwMVN0_DBh340BOHEAEYASAAEgKWafD_BwE,https://ielove-cloud.jp/lp/kimar/?matchtype=&network=x&utm_term=&utm_campaign=pmax_kimar&utm_source=google&utm_medium=cpc&hsa_acc=3012550608&hsa_cam=22302748706&hsa_grp=&hsa_ad=&hsa_src=x&hsa_tgt=&hsa_kw=&hsa_mt=&hsa_net=adwords&hsa_ver=3&gad_source=5&gad_campaignid=22306490773&gclid=EAIaIQobChMIk-699-rVkwMVN0_DBh340BOHEAEYASAAEgKWafD_BwE,,,,,
453,https://www.googleadservices.com/pagead/aclk?sa=L&ai=CVIuNKzfRaZO5KNqEjeYPvuC80AS5m-TZhAG694HB0RSwkB8QASDa18U5YKWAgICcAaABzYWT8wLIAQngAgCoAwHIA8sEqgTvAk_QxmmmROuzmUnsj8BJ6OzUV-awlJIHco39pUPXscXPYPdzW0I_mpIoLvRXILjhPlirNHkwTCf7VIqVf3QbtsNup5T8YemHS162SkxKFjRg0YFkOoQ6pjcNsAXVPAW4mkZn-CmBXBAmrWy9PB8R0lu_OQvKX9BY876z2nJbRIgge9RDhNUUshIyG2VBKYX-ChZQxWGmznEjA8h3SNg5pTLQOdLbRwsF4yMsGppVAbrATteqih067srDzKoj46Hwb0Zx3O9pK-ctVSjuWmzFKe_erGikD2T1MnTp8Vk_j6UNWRMpJdPkZpzcaBkPOuo6AD-E_1sPthW1FErdWfcb8KXlJcit9k2rxE79H0RHaIWyluid1ku8OoVg2RxJeF0pOUb0CCcw52wCIwPEm0t7CoiHmvOh-kvKEAH7y2sl-Kyo6ZTurnaMFi1-ngbdVfqzM-KXSGQy3KDLTm3GL4bVerlhAqvht4JdUwxIiNoaPUjABI_MmdCzBeAEAYgFgaO4-lWgBi6AB5Tntf4YqAenzLECqAemvhuoB8zOsQKoB_PRG6gHltgbqAeqm7ECqAeOzhuoB5PYG6gH8OAbqAfulrECqAf-nrECqAevvrECqAfVyRuoB9m2sQKoB5oGqAf_nrECqAffn7ECqAf4wrECqAf7wrEC2AcA0ggxCJDhgEAQARidATIIi4OAgICAgAo6DYBAgMCAgICAqIACqANIvf3BOljb1taAytSTA_IIG2FkeC1zdWJzeW4tMTYxNDkxMzU5ODg3NTQ5NrEJwlxoU0wAZhWACgOYCwHICwGADAGqDQJBVcgNAeINEwjlgteAytSTAxVaQsMGHT4wD0rqDRMIosjXgMrUkwMVWkLDBh0-MA9K8A0CiA7___________8B2BMM0BUByhYCCgD4FgGAFwGyFxAYASoKODQ2NjE1NjM1NFAGuhcCOAGqGBcJAAAAAHBV8UASCjg0NjYxNTYzNTQYAbIYCRICsFMYLiIBANAYAegYAcIZAggB&ae=1&gclid=EAIaIQobChMI0_rXgMrUkwMVWkLDBh0-MA9KEAEYASAAEgJFavD_BwE&num=1&cid=CAQS4wEABaugfRDtASOPJyo8NQh9p8Q6WslZNQoZ5l07p7tx5HKkfhmtN3vkLLQwbt15nCLP2ty9vfTSrQPniW5RREUto7ZmsL1FktsdIG1-ZSnTuTSnq5Lxje8z1phfwyJOZ8Koq7un1E0Jz_s7rUL62wUaNFdP_-ot9k9iwk7dXET4EB26QbdXd-6Ca55pqZuuzwWbMwV8axuusCFF8l9rODLIKMNA3AanYHeLofWkYshxrT6rDSoM2S1hb3h59a8Q-210Qj8nkAlEMJ8UjP0sXRVCNflco9PzPolDvdjJ9uPHvRNPshgB&sig=AOD64_2pcMa6RuEnGhy9HWppMEZE9B8S_Q&client=ca-pub-3605257360853185&rf=1&nb=9&adurl=https://h5.g123.jp/game/arifure%3Flang%3Den%26platform%3Dauto%26utm_source%3Dgoogle%26utm_campaign%3Darifure_en_NeDiscoveryAttributionWorldwide_adn_all%26utm_adgroup%3Dcr_normal_pay_similar_alltitle%26utm_content%3Darifure_ja_ai-screenshot-ssnolg-76ef95_1080-1080.jpg%26gad_source%3D5%26gad_campaignid%3D23073788289%26gclid%3DEAIaIQobChMI0_rXgMrUkwMVWkLDBh0-MA9KEAEYASAAEgJFavD_BwE,https://h5.g123.jp/game/arifure?lang=en&platform=auto&utm_source=google&utm_campaign=arifure_en_NeDiscoveryAttributionWorldwide_adn_all&utm_adgroup=cr_normal_pay_similar_alltitle&utm_content=arifure_ja_ai-screenshot-ssnolg-76ef95_1080-1080.jpg&gad_source=5&gad_campaignid=23073788289&gclid=EAIaIQobChMI0_rXgMrUkwMVWkLDBh0-MA9KEAEYASAAEgJFavD_BwE,,,,,
441,https://www.googleadservices.com/pagead/aclk?sa=L&ai=C-R5IjqvRaae8MNGWjeYPkdmDAd7ov6CGAc2R5aynFdnZHhABIIeun6YBYM2g74CsA6ABgNmksynIAQGpApfKa6n6UrM-4AIAqAMByAMKqgTDAk_QaUjfreT0CA5tr6dh2W68i_2Yve_36X9r-CsF8acyUz7biabIqO2VTnmKJcPwBTBU-3qCyYCEE9krykZtdkg231DE-aubgu_QL4N-3aKKRLINTTkcV9cx25vyOXLpz9K9AZbDN407eq1SQDWJyveL9xSkE4j4-MMEGY-y0UVkN7C30bTXoZByb1vDzMLKTbdXGK13vow5em6I_4TR11QgV4vnXjsmJgRz9TDWUK-709gy91NPMInMlmB4bN2By0BJ80EposzJ-_fEvjcrs6fKd_s6LU3RFVW6bI878OOMZPRizasxrhBMeXNHk_jfeZnR81CHkLNtpy3aEBNO2yNveqDGFPHocdLoB27_xgrjTWSWiHA3w9o7l6KAkRidtMhtYMjvNkcmSglPX3eQvo4gRDfCvoIXCMjfsHbBzylZMbdmwAT0icCs1wXgBAGIBYHfjfdXoAZmgAeAkfWSBKgHp8yxAqgH4tixAqgHpr4bqAfMzrECqAfz0RuoB5bYG6gHqpuxAqgHjs4bqAeT2BuoB_DgG6gH7paxAqgH_p6xAqgHr76xAqgH1ckbqAfZtrECqAeaBqgH_56xAqgH35-xAqgH-MKxAqgH-8KxAtgHAdIILwiAYRABGJ0BMgiKgoCAgICACDoNgECAwICAgICogAKoA0i9_cE6WJPLjIC51ZMDsQkuQ4aBumkWsoAKA5gLAcgLAaIMA5ABAaoNAkJSyA0B4g0TCNfwjIC51ZMDFVFLwwYdkewgAOoNEwjHjI6AudWTAxVRS8MGHZHsIADwDQKIDv___________wHYEwqIFAHQFQGYFgHKFgIKAPgWAYAXAbIXEBgBKgozMzAwMTE1NjMzUAa6FwI4AaoYFwkAAAAAIHXtQBIKMzMwMDExNTYzMxgBshgJEgKLVBhmIgEA0BgBwhkCCAE&ae=1&gclid=EAIaIQobChMIp7uOgLnVkwMVUUvDBh2R7CAAEAEYASAAEgINSPD_BwE&num=1&cid=CAQS0gEABaugfdoddlSB90XI6t3Kbz1qjR-yUouqrMEqswHYYQ3Oeu-H4PGSICAdCiU23pGB-UDJLvxKFqVegy-zgMH4GHPhXgagT4qyMbRoWALeG3RHAnCja_itrPXUW1lpAGCJPTBiaFl4uJQEdgea8Ud58OJVMQaqJH4VV0MPxLTt-iKmstI6jMZBAfuoD8ZopqJ-ejP7Gv1xVOwUQXz1e6QmF8PN0fxP1fMbyEnf_7ccjstwp6pqw3D7alnjhuB7F6PaqBul9vBe0sOOtVg1h-t--_wYAQ&sig=AOD64_0g4-HfKVgnQXLyXiX9iNOTq7SpOQ&client=ca-pub-1277376307232638&rf=4&nb=0&adurl=https://www.utn.de/en/study/ai-robotics-en/%3Futm_campaign%3Dtriebwerk_g_cpc%26utm_medium%3Dcpc%26utm_source%3Dgoogle%26utm_content%3Dworldwide-air%26gad_source%3D5%26gad_campaignid%3D23603670913%26gclid%3DEAIaIQobChMIp7uOgLnVkwMVUUvDBh2R7CAAEAEYASAAEgINSPD_BwE,https://www.utn.de/en/study/ai-robotics-en/?utm_campaign=triebwerk_g_cpc&utm_medium=cpc&utm_source=google&utm_content=worldwide-air&gad_source=5&gad_campaignid=23603670913&gclid=EAIaIQobChMIp7uOgLnVkwMVUUvDBh2R7CAAEAEYASAAEgINSPD_BwE,no,no,no,no,no
447,https://www.googleadservices.com/pagead/aclk?sa=L&ai=CVjfLGMvQaebqBraO29gPi7mTyQawyLuohgHJrpXykBXJ6sCajQ4QASCg5YIkYImLxIT0E6ABvN_txULIAQKpAoy9W7Jd5jo-4AIAqAMByAMIqgSPA0_QvOL26Dg08RbiIIJyg2Jq5LbWV8CrwJtDbr4ejP6lbijoavx0JKiyFPkUVkoK3JlGwSLu1ntdLFWLsakXvQFPv2bcf_tsBVdUv5_CZW0kyjnOxK8GE7mB_2HC2PeCTKP6jK7Fo1-eiPzQcDV2GLdtg-E8CzFrHWMK8EEc0CNNRfNOo_l7pYJXoyZp20mKoHKrkdQ6gdZZVMJT7u-zEw-NhIZwnRvdylF-VsyLNkpFXWW0yaXUap_UahD5PRvs-CpkIQht5DlHdInV7EtZodPmiaJITTILeaVLEtaJlRzJuWCiixcIz5O7U87bOKbvpSccvKlSeHo9Pya4W5zTUUOyiIX2g8Fq83YxgwJuRwDQiXeqVWJOc0sdZBXL5UrR3Eh9xCVB-sYlRLN2A_ab7EvIi1M9H7gdOHpIIdN-kg_uy4RIo5lNvzsem6S_6ojGrrFO3-TkJaNQGmVd65SIXkZRfQ32a9uF42WTZKxTkZIlEcc_vGZZN3tJ-fonCkMDDJPJ6ltKSAV1ZS8JJL12g8AE2_iLttEF4AQBiAWipqzvV6AGAoAHvJe-pR2oB6fMsQKoB6a-G6gHzM6xAqgH89EbqAeW2BuoB6qbsQKoB47OG6gHk9gbqAfw4BuoB-6WsQKoB_6esQKoB6--sQKoB9XJG6gH2baxAqgHmgaoB_-esQKoB9-fsQKoB_jCsQKoB_vCsQLYBwHSCC8IgGEQARidATIIioKAgICAgAg6DYBAgMCAgICAqIACqANIvf3BOlid89734tOTA7EJ4UGp2uAsvSmACgOYCwHICwGqDQJKUMgNAeINEwiUpt_34tOTAxU2xxYFHYvcJGnqDRMIuOPg9-LTkwMVNscWBR2L3CRp8A0CiA7___________8B2BMC0BUByhYCCgD4FgGAFwGyFxAYASoKOTU5NzQyNTQ5NFAGuhcCOAGqGBcJAAAAALDY8UASCjk1OTc0MjU0OTQYAbIYCRIC4k4YAiIBANAYAcIZAggB&ae=1&gclid=EAIaIQobChMI5tbi9-LTkwMVNscWBR2L3CRpEAEYASAAEgKjWvD_BwE&num=1&cid=CAQS0QEABaugfUDbeGK_4afJ507oypJLBCvkZUOcr_u4JBZk9Dc0XqHyxtna33iEnHGXRQpOuc3_00E3DPsA8_UHxS3mk5mU5ApcOcQmxPD21tE7Em8X5loLPmbJ39id9IIs-JNTs49Cnn4TVFe-pb9P2DFCiTfHS96i2G5Fi45s8n-KJr3ozruI75L5bBsUL-wqQ2ATy9JTq7u93IAKeTr5z-o8SA8eGD7bi6Ji38drECmGzh7_QtlzDcHd5bol6Q5qzk4IT4o8nERnao9itvZnqFzm2BgB&sig=AOD64_2kaPR7B_Kg2kU39dPNmalxVCZr3g&client=ca-pub-2970406823702922&rf=5&nx=CLICK_X&ny=CLICK_Y&uap=UACH(platform)&uapv=UACH(platformVersion)&uaa=UACH(architecture)&uam=UACH(model)&uafv=UACH(uaFullVersion)&uab=UACH(bitness)&uaw=UACH(wow64)&uafvl=UACH(fullVersionList)&nb=2&adurl=https://greko.rest/%3Fgad_source%3D5%26gad_campaignid%3D23587394338%26gclid%3DEAIaIQobChMI5tbi9-LTkwMVNscWBR2L3CRpEAEYASAAEgKjWvD_BwE,https://greko.rest/?gad_source=5&gad_campaignid=23587394338&gclid=EAIaIQobChMI5tbi9-LTkwMVNscWBR2L3CRpEAEYASAAEgKjWvD_BwE,yes,yes,yes,yes,yes
492,https://www.googleadservices.com/pagead/aclk?sa=L&ai=CVmIU2tHQafOBEL-hjeYP5JnnkAivoKjcgAGm2YDBrBTVq52UqRsQASDH5_AgYImLxIT0E6ABoZfH30DIAQmpAoy9W7Jd5jo-4AIAqAMByAMKqgSpA0_Q2mSTm5umuWF08_gc8j5g3Vox426I-M51JhiobZnF3dXjvJ4qu8m3YO9X_o4h7IGdQxNMxaMQivBlbW1f-1ALvgIauhkayLsqu9lMtDx2IxU8ibP3wbMI7GBc67NVn2ORPDLK1BkjN4_p-MFI1JfkE57K-H3-rm_3u-WYDO0eDOg0d6s2UFJhDQwTeMcArSO4YmlvYHQqxpgPBbOnN2tDdaDv_5VdRxW3v1IZp2sgGXKfUCfMCGvS8ZtmHKx5s3CcGhH0OJZuyS68hTHK544Bppr0uDl3PdAq_fG4NOZYRyw4ypkzKghB2fTJfrdmrlqE6yUeNOPbzXfmd6H_jULhI5Lq448M3ujDhX-i9SuawJKET_21jgmfJLJPRYiALZ9rKMSgZQkCqBvVxQC9RCeTcgLvpCVBzb09_YxyJMcmLiaSSohByVPc-RYDGQnCzZLBPl6jibdYilZErJTw8p4fxuL2fAZcpLHm0mpbDtv8Dqi-lxPTKKox7P2TKqaiV8uYes4J7ihWqV4ynDZ44W0t1EC7uK5PBiajMZCCbVElDBeEtC7SG9rFwATcpOvcqwXgBAGIBaLOnvxUoAYugAehz5e_G6gHp8yxAqgHpr4bqAfMzrECqAfz0RuoB5bYG6gHqpuxAqgHjs4bqAeT2BuoB_DgG6gH7paxAqgH_p6xAqgHr76xAqgH1ckbqAfZtrECqAeaBqgH_56xAqgH35-xAqgH-MKxAqgH-8KxAtgHANIIMgiA4YAQEAEYnQEyCKqCgICAgIAIOg6AwAOAgISAgJSu4AOoB0i9_cE6WMqL37Dp05MDsQnIXg8X6wcpbYAKA5gLAcgLAYAMAaoNAkpQyA0B4g0TCIrz37Dp05MDFb9QwwYd5MwZguoNEwiQ3uGw6dOTAxW_UMMGHeTMGYLwDQKIDv___________wG4E-QD2BMK0BUByhYCCgD4FgGAFwGyFxAYASoKNzU3NDEzMzg2NlAGuhcCOAGqGBcJAAAAACAt_0ASCjc1NzQxMzM4NjYYAbIYCRICmFIYLiIBANAYAcIZAggB&ae=1&gclid=EAIaIQobChMI89bisOnTkwMVv1DDBh3kzBmCEAEYASAAEgKyI_D_BwE&num=1&cid=CAQSggEABaugfREngPAcTCHnPVWDxbs-3zWt7fl-T-OK_6wROzATlYdVtpm_frR2ZN-ehbYc9muBjFO1TLxnfoAsWy00x7bIN7USNHtgQOUBk2ymUMHQ0RbVrh8adsHFWm-gTn-iZWPJZCJpAp3lEvV1qZe1yAVoOaHb20d4h62cTIRNHAC7GAE&sig=AOD64_1-uBEnl-ILTJljniWiIKMOK1pinQ&client=ca-pub-3272912600735998&rf=4&nb=9&adurl=https://seijo-pain.com/%3Fgad_source%3D5%26gad_campaignid%3D22809126690%26gclid%3DEAIaIQobChMI89bisOnTkwMVv1DDBh3kzBmCEAEYASAAEgKyI_D_BwE,https://seijo-pain.com/?gad_source=5&gad_campaignid=22809126690&gclid=EAIaIQobChMI89bisOnTkwMVv1DDBh3kzBmCEAEYASAAEgKyI_D_BwE,,,,,
479,https://www.googleadservices.com/pagead/aclk?sa=L&ai=Cq5rAX9rQaeOQEMXCgeAPj_qmCK6a2IlnzcDU-4UVteuGjKNHEAEglaLOHGCJi8SE9BOgAduJpsoDyAEGqQKXhktQTCa2PuACAKgDAcgDCqoEuwJP0CoO2nrJnwayienVhdmAo7F2lHWMidcoDo36v_eLINc-fXpDQ-y6l9ECofoGXuF-B1McSfLo7sEzEePL5OW6Ygz3Iu-khffadxmZGaOPgFDD0xV3nZr8zynsc4-BnxDyt4nYKqD-5pi9X0v98V6z2sDgbRHnGj_fVQmwYwzyUpmbmZEK8bHSbI-_Qwqcs-TS7d4lfsxyeGh1QUHnDg8ZUve7ayHta5S_CzfNfcZxMIwouI0t3ffKdMSObt9vcSwagqQ4G3n9pE1fg4nhpTumJCVoVE8nKZ0wn1iRskPY04FGcYFxiZiVxWJijDfRYdApWdv294o3ROGfOe2uk65X8jK25TvzvlWQzAQ9ZAa0qXriLUsHmmmdxa-uyq8v1VsFutEXupTCvJe5Zv0P4b6niPsTWf_JRwcmyJ_ABNbu0IH2A-AEAYgFrZvU5zmgBjeAB5GL0NcBqAenzLECqAemvhuoB8zOsQKoB_PRG6gHltgbqAeqm7ECqAeOzhuoB5PYG6gH8OAbqAfulrECqAf-nrECqAevvrECqAea4bECqAfVyRuoB9m2sQKoB5oGqAf_nrECqAffn7ECqAf4wrECqAf7wrEC2AcB0ggyCIDhgBAQARidATIIqoKAgICAgAg6DoDAA4CAhICAlI7gA6gHSL39wTpY38ncwPHTkwOxCZG227BZb6O9gAoDmAsByAsBqg0CSlDIDQHiDRMIoLzdwPHTkwMVRWEABh0PvQkB6g0TCO6438Dx05MDFUVhAAYdD70JAfANAogO____________AdgTDdAVAcoWAgoA-BYBgBcBshcQGAEqCjM3MzkwNjY2MDhQBroXAjgBqhgXCQAAAACAqPhAEgozNzM5MDY2NjA4GAGyGAkSApFUGDciAQHQGAHCGQIIAQ&ae=1&gclid=EAIaIQobChMIo7zgwPHTkwMVRWEABh0PvQkBEAEYASAAEgLt-vD_BwE&num=1&cid=CAQScAAFq6B9YSO-AFOkRy0FY8Ij7AQ0aTE7QfDNCDYnND_qcLGG6BITomXJ3HtKwopG1ZfqZKTVxG0uN-1ChApJKWF3iB7iOteuIk5B6nI_u49UdjlX14xZvA73p2E-X3-fq5S0eoWI2VOFVF3QFqt29UIYAQ&sig=AOD64_2R-YPSGRrfE6L_IowbTyPtpkVQpw&client=ca-pub-0414436487628782&nx=CLICK_X&ny=CLICK_Y&uap=UACH(platform)&uapv=UACH(platformVersion)&uaa=UACH(architecture)&uam=UACH(model)&uafv=UACH(uaFullVersion)&uab=UACH(bitness)&uaw=UACH(wow64)&uafvl=UACH(fullVersionList)&nb=9&adurl=https://www.apexhotels.co.uk/login-register/%3Fgad_source%3D5%26gad_campaignid%3D15518207405%26gclid%3DEAIaIQobChMIo7zgwPHTkwMVRWEABh0PvQkBEAEYASAAEgLt-vD_BwE,https://www.apexhotels.co.uk/login-register/?gad_source=5&gad_campaignid=15518207405&gclid=EAIaIQobChMIo7zgwPHTkwMVRWEABh0PvQkBEAEYASAAEgLt-vD_BwE,yes,yes,yes,yes,yes
494,https://www.googleadservices.com/pagead/aclk?sa=L&ai=COlBM3tXRac6wJ7ThjeYPgYCP6QSJiuHQddzajOH5EbaQHxABIMClqyNgiQOgAbKz36UpyAEJqQIKo6mDdSKnPuACAKgDAcgDCqoE4AJP0Iea_MijqT6pesMaCnSdB7Dk_qS9hyT-fFb2aMdwNZJKNZSv10O5n4Qc77ok9cUhmPvLRovgnpuILrQzqRHQTnJop4We7yW0YEmBDXms6dqsO42aktDvuHQIGi5whnk6b8mdLsvDfpkPoSMN0sx7n9Me-EADhP9x1wAupEr8Po4yrnKcXhW_6B1ZFtdEzb1cqu3EJT838I1Favgzhnuiar72bsnv5UVJOx1UZFx1GzebltkG16-InFCIc5CQXOQEAxBjr4YBmIX3_6cIDG0ATWgcCE7GuROQ4ZGrY6g-DXQXLH_mT4sLyCayhCbidi8esZGtgOHNMbTTpB9Rt91NWJmRlymboFKeRyttEHiV_u8GNOhT-v-eYJ9XmFkodVxIRnjbh70UhHMwwHY-qqnJwQ7AQb8_a0fSJ_jlIYoiNG5kMBcZYxxvMHE1yg6nX-IwOyQbCZPXB-Skt2xDBvVgwASpicbaywTgBAGIBYbpq5hOoAYugAey66-FBKgHp8yxAqgHpr4bqAfMzrECqAfz0RuoB5bYG6gHqpuxAqgHjs4bqAeT2BuoB_DgG6gH7paxAqgH_p6xAqgHr76xAqgH1ckbqAfZtrECqAeaBqgH_56xAqgH35-xAqgH-MKxAqgH-8KxAtgHANIIMAiAYRABGJ0BMgiKgoCAgICACDoOgECAwICAgICogAKogxBIvf3BOljkrJCt4dWTA7EJJ9hMOAuHCWuACgOYCwHICwGADAGqDQJKUMgNAeINEwjo1pCt4dWTAxW0cMMGHQHAI03qDRMIm-2RreHVkwMVtHDDBh0BwCNN8A0CiA7___________8B2BMD0BUByhYCCgD4FgGAFwGyFxAYASoKMTU5ODc2MTQxOFAGuhcCOAGqGBcJAAAAAKwTEkESCjE1OTg3NjE0MTgYAbIYCRIC9k4YLiIBANAYAcIZAggB&ae=1&gclid=EAIaIQobChMIzpeSreHVkwMVtHDDBh0BwCNNEAEYASAAEgICiPD_BwE&num=1&cid=CAQS0gEABaugfX-mM2GVSGtjchivIxyAvicsRjhxoVUHboknO-dKOMkDCXu2wPtwk9Ljr5mWm_fmftDEDQaQCri6rR2uZ8OsUBeIFGSXfrcv-0nEXg7Yi2Z5VMolFz8Cd94kFTU044mNutoY6EJvrjwA-Cvor2Trg1gcBufm2zvucp7TmJb5o1WICsQRQOkm1PVvMi21EJStSb3K22bIluhuDnJZtka5NO_O8QYcGfFmhWG9ke0BQJJ0mbv0ShHJeh53EDuvdhhN--WF0CpuNjNjTvE0qXEYAQ&sig=AOD64_0kWZC_GKXbI5WZy2STIp3CUROH0w&client=ca-pub-5227748429508049&rf=4&nb=9&adurl=https://myinsurancespecialist.com.au/request-a-quote/%3Fgad_source%3D5%26gad_campaignid%3D20989015174%26gclid%3DEAIaIQobChMIzpeSreHVkwMVtHDDBh0BwCNNEAEYASAAEgICiPD_BwE,https://myinsurancespecialist.com.au/request-a-quote/?gad_source=5&gad_campaignid=20989015174&gclid=EAIaIQobChMIzpeSreHVkwMVtHDDBh0BwCNNEAEYASAAEgICiPD_BwE,,,,,
475,https://googleads.g.doubleclick.net/aclk?sa=l&ai=CudpV--zQaZXxL6qYid4PqeqmkQnK06mnhgGagd3K6hXhmJjWnUcQASCf-9kfYImLxIT0E6AB0qfFqT_IAQKpAq_E9WDtEEc-4AIAqAMByAMIqgStAk_Qpmd6CFjKSwJpkJD3ue-sMfc1uS66DDu-FEJlGVd8VXwQy9JJ_Scz1WL1wYtGJeGFDJRQq8mkNK9KRC4LDGpteTwkQSr5Qs_4GWeP2D3qIFgFIQP6wh_HJ54nXv7d45XyCxw7D4_BAdBDeBW6LZHZ_ulYfdkkxEac7So02yhASAZmHV07u57iszFox1T1Qd8DzHJRlB4xKiqP4anJRPYpb2EjD5O2qCrNfKWiIjcWZ0xbua8ee7N5Ku8CV5XlJDr-J6cZCi3BCxlBvlWERw7W1d-t8_HaEfCBuUMbc-J9WxEXFWS5tCYGzuIbdcGqHN3LoMSstjx6jFnfjhmxRX4Imxfi1ybBjTMBY4s_aRDDq8PaEZQOz6M8fLIBE90wYP1ytKyx1e63p9xjuS3ABJW5upzUBeAEAYgFvd7knVigBgKAB9LflYkaqAenzLECqAfi2LECqAemvhuoB8zOsQKoB_PRG6gHltgbqAeqm7ECqAeOzhuoB5PYG6gH8OAbqAfulrECqAf-nrECqAevvrECqAea4bECqAfVyRuoB9m2sQKoB5oGqAf_nrECqAffn7ECqAf4wrECqAf7wrEC2AcB0ggvCIBhEAEYnQEyCIqCgICAgIAIOg2AQIDAgICAgKiAAqgDSL39wTpYrYTQoIPUkwOxCWKM5BA34PE2gAoDmAsByAsBogwDkAEBqg0CSlDIDQHiDRMIgcrQoIPUkwMVKkzCBR0ptSmS6g0TCJHk0qCD1JMDFSpMwgUdKbUpkvANAogO____________AdgTA9AVAZgWAcoWAgoA-BYBgBcBshcQGAEqCjEzODM2ODA4MjFQBroXAjgBqhgXCQAAAACAqPhAEgoxMzgzNjgwODIxGAGyGAkSAu1OGAIiAQHQGAHCGQIIAQ&ae=1&gclid=EAIaIQobChMI1drToIPUkwMVKkzCBR0ptSmSEAEYASAAEgJZR_D_BwE&num=1&cid=CAQS0gEABaugfV5dC9OfSKxegYo-89ED8zps4Y1wGtX--PfNms7V01CasjJaAWZh8mF49ZtpnSLzmId0Np3ypyvplqDDTmDT04FmXHyRvclH_DMkpIC8uxrLbAx7OlXuJberf_WjY0Hvqw8oxTa8-KCjBT7jMDV7p0x9r472UguwveT9p9Oz5WCbKZz3POf8cmwZQUMphZ7Q5Mcetqtyv7jVH0Y6543Y_rlRwoFRrM5koFxqIOxn9mEftCI74CEubdMdiY9MEkk1oKI1HEjyxy-44ChaTacYAQ&sig=AOD64_0v2Kvgam6jc9FQJ7yjlUKuZ1xuFw&client=ca-pub-9386487545679073&rf=5&nx=CLICK_X&ny=CLICK_Y&uap=UACH(platform)&uapv=UACH(platformVersion)&uaa=UACH(architecture)&uam=UACH(model)&uafv=UACH(uaFullVersion)&uab=UACH(bitness)&uaw=UACH(wow64)&uafvl=UACH(fullVersionList)&nb=2&adurl=https://www.rbi.org.in/Commonman/English/Scripts/FAQs.aspx%3FId%3D3686%26gad_source%3D5%26gad_campaignid%3D23684788029%26gclid%3DEAIaIQobChMI1drToIPUkwMVKkzCBR0ptSmSEAEYASAAEgJZR_D_BwE,https://www.rbi.org.in/Commonman/English/Scripts/FAQs.aspx?Id=3686&gad_source=5&gad_campaignid=23684788029&gclid=EAIaIQobChMI1drToIPUkwMVKkzCBR0ptSmSEAEYASAAEgJZR_D_BwE,,,,,
483,https://www.googleadservices.com/pagead/aclk?sa=L&ai=CzOabFujRaYXTAqGCjeYPr6iC4ATp68uhhgG0k6TvuRWr8YO9uxAQASDHxaUmYIkDoAGR6_HNKMgBCakC2Kvec8UQkj7gAgCoAwHIAwqqBJsDT9BJeGDrz9XB-vaCoKi7PiZWRke85hZ-SQe3PDd0ps-_Rriv8KQtF2uLSk7cVE6hRT2kVlJDcE7E3-_wwbtn3YvBStBP4CvwL_zkO7hpc3wTvnf0pSehF6MYxBEQJjMoWZFk7ba1jOoj8nG0nIF8t1WuHZ5_fqjjx5-XKD5tGZrpxoFvoAHBnvCfytHZQXo0oAXCqvakGqo_QoAfMn9rEM8a-_iZ7_TuizWkIqfyH5-kvU6QtViHTAxrex6Ph7zVEpvDr3tC1Gd-I_iRgAtjxN0e8XEZhGp2Fq-bpClYjEsTP7IocIS5KFNTjmVB6FZ79wX2hT7mVtkuGBQRJ7GcDv6sSSBa8Yay4G68Ab2CLFyER3eCq8dbta0b8ks8rB6IHaFNFyA-HgwhwtqXvj7EhP_KOqAgcpmGmwkhLNzcs_GYuBkSxxDuTfn26SsV_R1MpcJ5k2ic6yW7wkuCk5C58d3QNVKExM5OO9GRyJpOOuZVogZcY309LguKNpI5guWf7C61mswAKBD9QZuHgfDlhL1dIhrVMYTjPSIAwATDks7s3QXgBAGIBaj9j4BYoAYugAeRo8KtA6gHp8yxAqgHpr4bqAfMzrECqAfz0RuoB5bYG6gHqpuxAqgHjs4bqAeT2BuoB_DgG6gH7paxAqgH_p6xAqgHr76xAqgH1ckbqAfZtrECqAeaBqgH_56xAqgH35-xAqgH-MKxAqgH-8KxAtgHANIIMAiAYRABGJ0BMgiKgoCAgICACDoOgECAwICAgICogAKogxBIvf3BOlj1yubc8tWTA7EJGLBkHzZZ1PCACgOYCwHICwGADAGqDQJKUMgNAeINEwiE-ubc8tWTAxUhQcMGHS-UAEzqDRMIyOzo3PLVkwMVIUHDBh0vlABM8A0CiA7___________8B2BMD0BUByhYCCgD4FgGAFwGyFxAYASoKODM3NjM5NzA2NFAGuhcCOAGqGBcJAAAAABwjHEESCjgzNzYzOTcwNjQYAbIYCRICmGkYLiIBANAYAcIZAggB&ae=1&gclid=EAIaIQobChMIhbbp3PLVkwMVIUHDBh0vlABMEAEYASAAEgLOX_D_BwE&num=1&cid=CAQS4wEABaugfaMYShrFFrGSIh-aXMotaSThW4qHLJvRagLdjFtu0KGCYMElo_2ZOXYAksQ2oFY6ip0aVILAAI94wTCKKSrBhZe2OjSN-C8nXUCHRFu5XqHRzR5TdkBmCJG0ow10kTdSHerShPBbikr0ygYOj06IjxO-BAwFiD4VRrMev2ZzZEysj_liZnueVukxzSloWdezs3Y26z4XenT5cY-ZpEjxaS6NtwC9BNgbWVraxOX-xwY4uKV6urYCD6wLgBd5_eTLSHt0nAPcGNjYmR3-4-1ggPDxYazBawBdzRQcNNYDoRgB&sig=AOD64_3DGuL151d8qnL45Onm-vNN88etOA&client=ca-pub-7270302704377593&rf=4&nb=9&adurl=https://www.vidaron.pl/produkt/impregnat-ochronnodekoracyjny-powlokotworczy%3Fgad_source%3D5%26gad_campaignid%3D23622581928%26gclid%3DEAIaIQobChMIhbbp3PLVkwMVIUHDBh0vlABMEAEYASAAEgLOX_D_BwE,https://www.vidaron.pl/produkt/impregnat-ochronnodekoracyjny-powlokotworczy?gad_source=5&gad_campaignid=23622581928&gclid=EAIaIQobChMIhbbp3PLVkwMVIUHDBh0vlABMEAEYASAAEgLOX_D_BwE,no,no,no,no,no
452,https://adclick.g.doubleclick.net/aclk?sa=l&ai=Cut55H8jQabS2K-WBjeYPs4iRiQmSkaCnhgH2mMHEqBWu8ceqskYQASDo5YkTYImLxIT0E6ABx5jerj3IAQngAgCoAwHIA8sEqgTMAk_QN6AAyWv7X9nSH0cuqNWtEDv7LLNUBR-corcdp1pkZCteYRGk28mjgDWNiHVCyPZd9LM-E1q5H5YIATXzinF9pasirK9lm5s61daAeGcHUC4alEDFr841P5i93IyLi33iD604TxPOBOJt0eER5CM1vH2uvCUrtEnglfCZI_OHO5QD4VE9EGCaUY5dD1dz74Oaw3pS74bmBYNqEqjBwFkbiv3bmboyojIcP3lvv2kHLAwCQ97SlRP6VrimRlf9whCvtlwx1M70GPMnnRGiXr64n4DXLhg3UD75IgMyrDnEGLJaguomPlGz7Qb-G8EPBfnEf-e3j00F892WZKzel4Q8kxUeYjV1r9BeRoZFA00qL_TmETRgWkef6f_VRmtMTSg7fy9HCY9cPETNZvLx9ANKkO-8oeYj1LGUJhlcA5kXYo1AJzVPL_IaPLyIwATPiY_ypwXgBAGIBe-bjaVVwAUF-gUGCCUQARgAoAYugAfH0K6OGKgHp8yxAqgH4tixAqgHpr4bqAfMzrECqAfz0RuoB5bYG6gHqpuxAqgHjs4bqAeT2BuoB_DgG6gH7paxAqgH_p6xAqgHr76xAqgH2baxAqgHmgaoB_-esQKoB9-fsQKoB_jCsQKoB-LYsQKoB-LYsQKoB-LYsQLYBwDACAHSCDIIgOGAEBABGJ0BMgiqgoCAgICACDoOgMADgICEgICUruADqAdIvf3BOlirmZWN4NOTA4AKA5ALA5gLAcgLAYAMAaIMBUgBkAEBqg0CSlDIDQHiDRMIgMOVjeDTkwMV5UDDBh0zRCSR6g0TCO__lo3g05MDFeVAwwYdM0QkkfANAogO____________AbAOw_juyxjgEqvj8-fv2pDONNgTC9AVAekVAgPe4MbY2SzwFbCMnfET-hUnc2hvcGlmeV9aWl83ODIzMjg5NzQ1NDkyXzQyNjgwMzg0MzIzNjY4mBYByhYCCgD4FgGAFwGyFxAYASoKMTk5ODgxNDA1NlAGuhcCOAGqGBcJAAAAAEjRBkESCjE5OTg4MTQwNTYYAbIYCRICgE8YLiIBAdAYAcIZAggB&ae=1&gclid=EAIaIQobChMI9MGXjeDTkwMV5UDDBh0zRCSREAEYASABEgKaEPD_BwE&num=1&cid=CAQScAAFq6B9AOc9B4WFV8zZtXkHqvwhIo1X3ZIRvHhUZR_D5M5yxvdsnqi5VqBxRVH_T2jWiPbfJAGTK0h8jWXQJ0LA03IrHKFDYyYUiHMhhjy-WpkyKD9iCliIjcVUcVUyNvyIweEtJ14Bl-0ZwHN9I_UYAQ&sig=AOD64_0bMTavF93Kn95yPhlf66n14Dy8RQ&ctype=5&client=ca-pub-2615941022292182&nb=9&adurl=https://jp.plaud.ai/products/plaud-note-for-referral%3Fvariant%3D42680384323668%26country%3DJP%26currency%3DJPY%26utm_medium%3Dproduct_sync%26utm_source%3Dgoogle%26utm_content%3Dsag_organic%26utm_campaign%3Dsag_organic%26utm_source%3Dgoogle%26utm_medium%3Dads%26utm_campaign%3DBrand_JP_CV_PR_T1_PM_AO_250811-RMKT-Pmax-ALL%26gad_source%3D5%26gad_campaignid%3D22894824943%26gclid%3DEAIaIQobChMI9MGXjeDTkwMV5UDDBh0zRCSREAEYASABEgKaEPD_BwE,https://jp.plaud.ai/products/plaud-note-for-referral?variant=42680384323668&country=JP&currency=JPY&utm_medium=product_sync&utm_source=google&utm_content=sag_organic&utm_campaign=sag_organic&utm_source=google&utm_medium=ads&utm_campaign=Brand_JP_CV_PR_T1_PM_AO_250811-RMKT-Pmax-ALL&gad_source=5&gad_campaignid=22894824943&gclid=EAIaIQobChMI9MGXjeDTkwMV5UDDBh0zRCSREAEYASABEgKaEPD_BwE,,,,,
454,https://www.googleadservices.com/pagead/aclk?sa=L&ai=CglDqrdjRaffiIoaI3NMPzJzWqQ6e_uj9hQH19K7IoxW_4R4QASCn2cwjYIkDoAGz8OG8A8gBAqkCjL1bsl3mOj7gAgCoAwHIAwiqBN8CT9B7iWW5GwkkcSwyc-_S9pVmao6P1AijRjVFYqQ8--UKcm0wJq5lu31qM78FahTgBr_aDaqb7QRxySmB3Ik-dQJ18JnOT9RAJPVLjjXmcECwaCqQmLHYD66qJRy1dLV01GLYhKZSf_-yDMc0uKeJN4ucUW4RRPXMPcmxto7lgo7J3jdvhOS9hjByEtljm1CTKy-uzKwnP6YlObrvJCMn3dHLhOZ59Skzcxapa3JdF94pN4ceylePr0HmXS4oe2uW9vFVoyUzYrJy8_3L9D_k_JrUgQSVLnMfIxafPbTIcD5dNcSXhf5YXvcg6p2_rIhFwql71QI4Hceh2cTEa6Yhmz8vWSOosAPFMKFubm24GNfRaNrhxetMSfvwOiCg27_0SxqvI-Lr3hU3gOJvjriHjfXhYPNJI221nJn1UWnE_0giuH2pTHh233hmR3OJGKhVeWY5lZ0S5YjQpgpLJjbOwASLkLj8zgXgBAGIBYe5sNdXoAYCgAe1j55DqAenzLECqAfi2LECqAemvhuoB8zOsQKoB_PRG6gHltgbqAeqm7ECqAeOzhuoB5PYG6gH8OAbqAfulrECqAf-nrECqAevvrECqAfVyRuoB9m2sQKoB5oGqAf_nrECqAffn7ECqAf4wrECqAf7wrEC2AcB0ggvCIBhEAEYnQEyCIqCgICAgIAIOg2AQIDAgICAgKiAAqgDSL39wTpY8frzg-TVkwOxCZhr34X_PaKxgAoDmAsByAsBogwDkAEBqg0CSlDIDQHiDRMI1KX0g-TVkwMVBgR3BB1MjjXl6g0TCKSa-YPk1ZMDFQYEdwQdTI415fANAogO____________AdgTDNAVAZgWAcoWAgoA-BYBgBcBshcQGAEqCjUwNzU1NzM1NDNQBroXAjgBqhgXCQAAAAA49AdBEgo1MDc1NTczNTQzGAGyGAkSAvBqGAIiAQDQGAHoGAHCGQIIAQ&ae=1&gclid=EAIaIQobChMIt-35g-TVkwMVBgR3BB1MjjXlEAEYASAAEgKqsvD_BwE&num=1&cid=CAQS4wEABaugfd6pL61ZLD_QPV3MFLli1-22VN744W0HTREHuJlpG-m85OFNpG35FXpJSwsxRA0B9t83W2J1XJKb24njarneFeHo3BgivKvEiKFK1B4ZEsPRMKTO7MgAfMoLXU2BV2oz9c21IfRaRZALnTCD9TemQUFn-BhbZk0b14ycEwJJMAmD5ABoU2JUCy4K_Td622eN48DUwtpGRanfaCT34k8tgVdkKSUKNJMfI6yeUB7H8AzEblg40ZtV_a_2I06ZnQSfyN41X8RVDQ84SiIdXQOvZm1K7kOL_UTIlZtf043kxhgB&sig=AOD64_3xaBQj5NPS9S6i2pLKWlux_xn0Zg&client=ca-pub-3933051677849271&rf=5&nx=CLICK_X&ny=CLICK_Y&uap=UACH(platform)&uapv=UACH(platformVersion)&uaa=UACH(architecture)&uam=UACH(model)&uafv=UACH(uaFullVersion)&uab=UACH(bitness)&uaw=UACH(wow64)&uafvl=UACH(fullVersionList)&nb=2&adurl=https://present.baby-calendar.com/multipp/atp01%3Futm_source%3Dgdn%26utm_medium%3Ddisplay%26utm_campaign%3D4m%26saf_src%3Dgoogle_d%26saf_pt%3Dwww.yomiuri.co.jp%26saf_kw%3D%26saf_dv%3D%26saf_cam%3D23537130631%26saf_grp%3D192997623819%26saf_ad%3D796036480945%26saf_acc%3D5655660573%26saf_cam_tp%3Ddisplay%26gad_source%3D5%26gad_campaignid%3D23537130631%26gclid%3DEAIaIQobChMIt-35g-TVkwMVBgR3BB1MjjXlEAEYASAAEgKqsvD_BwE,https://present.baby-calendar.com/multipp/atp01?utm_source=gdn&utm_medium=display&utm_campaign=4m&saf_src=google_d&saf_pt=www.yomiuri.co.jp&saf_kw=&saf_dv=&saf_cam=23537130631&saf_grp=192997623819&saf_ad=796036480945&saf_acc=5655660573&saf_cam_tp=display&gad_source=5&gad_campaignid=23537130631&gclid=EAIaIQobChMIt-35g-TVkwMVBgR3BB1MjjXlEAEYASAAEgKqsvD_BwE,,,,,
473,https://www.googleadservices.com/pagead/aclk?sa=L&ai=C4bcKR97RaZe0DreejeYP-KHPuAivwvL4hQGHx6HP-BSwkB8QASC-z4caYIkDoAHBlZWHA8gBCeACAKgDAcgDywSqBMICT9CCKAUJ85a8vtuXn3sOga4_T91e364ie7c7vxeroRvnhOA30danRRyZ33eeB0LJn7GG3El7TKIHVGbulHF8nXlcyISfTVsAADPaOWfyfiJ4x9zosvpBMCwN7yFnkxAHLC0GWda7cU6eT3eLeIAHNWRvwi1KNRs_eNcdDKluES84lhFqv6jlCMN_LokUMtlfqXLl8s_DpJ3wSG_i4jXPex5tgbQdbKOXpf1dcTOYNPBnugpwWgYXXAoh4osgm7sU_lcCnd5_0zdEApPoTukD6UPalRXxnE26KA938U5u44VQy8XLM06t4MQtFILfbBN9vWyHT8q6Ao7F60oDOlD0Wfo8hBT6r47wDUghwoaddEMRJotDmfMj2ONougELrtq1We--8Jfw-8ml2fu3rCamrEwlNGdpTTsQdOI3p1YHbEmvLsAE_o-hk74F4AQBiAWj0aC1VqAGLoAHp-rqeKgHp8yxAqgHpr4bqAfMzrECqAfz0RuoB5bYG6gHqpuxAqgHjs4bqAeT2BuoB_DgG6gH7paxAqgH_p6xAqgHr76xAqgH1ckbqAfZtrECqAeaBqgH_56xAqgH35-xAqgH-MKxAqgH-8KxAtgHANIIMAiAYRABGJ0BMgiKgoCAgICACDoOgECAwICAgICogAKogxBIvf3BOliZwcOv6dWTA7EJTBS8KkFwXbKACgOYCwHICwGADAGqDQJKUMgNAeINEwib8sOv6dWTAxU3T8MGHfjQE4fqDRMIkK_Jr-nVkwMVN0_DBh340BOH8A0CiA7___________8B2BMK0BUByhYCCgD4FgGAFwGyFxAYASoKMzg1MjYwNzQzOFAGqhgXCQAAAAB4jgBBEgozODUyNjA3NDM4GAGyGA8KBMSkvwESAu9OGC4iAQDCGQIIAQ&ae=1&gclid=EAIaIQobChMI1_PJr-nVkwMVN0_DBh340BOHEAEYASAAEgKcR_D_BwE&num=1&cid=CAQS5AEABaugfV7YqteA37hGTrgHwjb0gxwNvQARKOwo-0gzO5Eq1gLPmTa0cLRoN69hwXoHhJXYLLClFPyKLO4GMQ7Y3Pms89NSVRSKYLu6nnVH27MYOG01mv6GdhnbL_61Nh0AkYKhZNqk0fdIEjaQW3nLtgnJVPZ6zf1dUKAy7S6BQ89Fe4kATrUwROmDVzQVXpio57E22vajVHwE-F74PD9Hj8-Jb5MuiCnUvx1PqeAkaVOJyESzerosKyRmLRHlEqJFS74b6yuILvBux-CqIMKFU7dWOJZIHiZeiqB3olE-d9fMpagYAQ&sig=AOD64_3p_Z1IPQoFA2F-TQkMPAdEmTwcFQ&client=ca-pub-6453680425766689&rf=1&nb=9&adurl=https://www.spice-indices.com/idp/%3Fgad_campaignid%3D23197132963%26gclid%3DEAIaIQobChMI1_PJr-nVkwMVN0_DBh340BOHEAEYASAAEgKcR_D_BwE%23/%3Futm_content%3DIntl_SPICE_DemandGen%26utm_source%3Dgoogle%26utm_medium%3Dcpc%26utm_term%3D%26utm_campaign%3Dpaid_campaign%26campaignid%3D23197132963%26adgroupid%3D188482078718%26gclid%3DEAIaIQobChMI1_PJr-nVkwMVN0_DBh340BOHEAEYASAAEgKcR_D_BwE,https://www.spice-indices.com/idp/auth/login.html,no,no,no,no,no
433,https://www.googleadservices.com/pagead/aclk?sa=L&ai=CY176eOnRaayXMq6g3NMPrafGMan79pmGAbLh0Nz9FJzgwovBARABINrXxTlgiQOgAayNieYByAEDqQIKo6mDdSKnPuACAKgDAcgDCKoEjgNP0FVZCLJryZNpRTtuW0jibtJ7R-qtfm-cct_BVSUFFoqN87sVj93fuguhJy8Sh-sg50hegMI8s70QkqWjHSD-dAoM3S5xvlc9ZL1gt9ziRdvXBnOj5JGGo_udIiRTZWXYGj8UukeYLUWfAb2D5JirCNErEIGOux9TBLwVirN8BH7V1-t8guKQ-xRZ_PQMTmG9sYk_ni-gy9CXbzEJJSJj-heRrjA3yPAcVE6N60lbgGg0kElprX9k_bjlbUI5zr7n3fC9xyFzHvJOmiNOAZzJqu2rr5VnKm8neUaX009tKpM2pVTR6BEAe8PIJbKvFmuc0rDu8rYYS-mOeHKLi7qwhzJgmKfw5k-rEbqigVmSZaSkfpl0RcAI7uNbsC2itj66Ua1VFvlV52GU7d6DxEhrV2uJBGXMrIXRnPvjSJz2JpiYHSoJrWYM_JxsnD0wOGyl5zRbriLpn2j6dd3liBEPTmd8Toap8rII6qtbu17pPqLd3yuD6ZRCK03BAB8hP2wa6-JUOne7pqLy-okOqcAE5P-67ugF4AQBiAWLmdGlWKAGA4AHvPL2mQKoB6fMsQKoB6a-G6gHzM6xAqgH89EbqAeW2BuoB6qbsQKoB47OG6gHk9gbqAfw4BuoB-6WsQKoB_6esQKoB6--sQKoB5rhsQKoB9XJG6gH2baxAqgHmgaoB_-esQKoB9-fsQKoB_jCsQKoB_vCsQLYBwHSCDIIgOGAEBABGJ0BMgiqgoCAgICACDoOgMADgICEgICUruADqAdIvf3BOlijyPyF9NWTA_IIG2FkeC1zdWJzeW4tMTYxNDkxMzU5ODg3NTQ5NrEJA8sL3AaOlVGACgOYCwHICwGqDQJKUMgNAeINEwiqiv2F9NWTAxUuEHcEHa2TMQbqDRMIj4T_hfTVkwMVLhB3BB2tkzEG8A0CiA7___________8B2BMN0BUByhYCCgD4FgGAFwGyFxAYASoKODQ2NjE1NjM1NFAGuhcCOAGqGBcJAAAAAIAk5UASCjg0NjYxNTYzNTQYAbIYCRICqlEYAyIBANAYAcIZAggB&ae=1&gclid=EAIaIQobChMIrLP_hfTVkwMVLhB3BB2tkzEGEAEYASAAEgLJUPD_BwE&num=1&cid=CAQSggEABaugfawlfzsMw-bSCMthL0uwQZOIx32CXGQQkWd10tgiIivq-JafaueaId7nHRqoX9xz18EyfTpL_4EOej1mN9iLNqDLA1rp1gHbZ6X7PAl1Ha2KZ3xYUTO1CoFajCpOx6QJ577gb4-T12BLpReeLclO4_5Waaubv8phL2r5I4mLGAE&sig=AOD64_10D354DyzS9iR9BYIw35rVK0GLDw&client=ca-pub-3605257360853185&rf=5&nx=CLICK_X&ny=CLICK_Y&uap=UACH(platform)&uapv=UACH(platformVersion)&uaa=UACH(architecture)&uam=UACH(model)&uafv=UACH(uaFullVersion)&uab=UACH(bitness)&uaw=UACH(wow64)&uafvl=UACH(fullVersionList)&nb=2&adurl=https://wheelandbarrow.com.au/%3Fgad_source%3D5%26gad_campaignid%3D23701245067%26gclid%3DEAIaIQobChMIrLP_hfTVkwMVLhB3BB2tkzEGEAEYASAAEgLJUPD_BwE,https://wheelandbarrow.com.au/?gad_source=5&gad_campaignid=23701245067&gclid=EAIaIQobChMIrLP_hfTVkwMVLhB3BB2tkzEGEAEYASAAEgLJUPD_BwE,,,,,
450,https://www.googleadservices.com/pagead/aclk?sa=L&ai=Cuw3PYtnQafKILsGUm9cP9L66wQGEzLLShQGoiKfx0hKtAhABIPyCuRtgiYvEhPQToAGXg6DkKMgBCagDAcgDywSqBK0CT9CBNywqPUU2h6qoGkib8WlBGcqq3XLQvk4mtxt5JvB3QT_GY3izzv9uIOS3S-xmCTyAoyOstsclE3cEGTc3XOmxhXo6rKXnpCOA-XIiRMbPIFG6TepPb-W6qr8FlPULgSEM-Z09qgBUy5wtk6Vi4A63Tw2y0h0acY43g2iLfjfwNeeDFIaZMzbqGA6OeACCTHpDwagRl1UevM7KK8evsJf9M5mVJnLUH3rPcMBJHp3JgxGvbB1BoNf4y2sdhaPmK8MKmg2b17_kmVMgo8B3MVsW4c3RMVJl1XX6y4EJyig4nVgcclBN652OGK4XyIFNmP7S3SSzdOnyqDH6MC2nHCxq5f_ZWfT8OPiapbyj54ScsYZmAioeXfF56U36FOWJFzDTguY5Uq4B0kKYdMAE84altOoEiAXR6KzDUKAGLoAHl7vwwwOoB6fMsQKoB-LYsQKoB6a-G6gHzM6xAqgH89EbqAeW2BuoB6qbsQKoB47OG6gHk9gbqAfw4BuoB-6WsQKoB_6esQKoB6--sQKoB9XJG6gH2baxAqgHmgaoB_-esQKoB9-fsQKoB_jCsQKoB_vCsQLYBwDSCC8IgGEQARifAzIIioKAgICAgAg6DYBAgMCAgICAqIACqANIvf3BOliLz6nI8NOTA7EJI7L16P2AwiCACgGYCwHICwGADAGiDAOQAQGqDQJKUMgNAeoNEwiPyazI8NOTAxVByuYEHXSfLhjwDQKIDgm4E-QD2BMDiBQB0BUBmBYByhYCCgD4FgGAFwGyFxAYASoKNzA2NDYwOTY3MlAGuhcCOAGqGBcJAAAAAADs80ASCjcwNjQ2MDk2NzIYAbIYCRICqlAYLiIBANAYAcIZAggB&ae=1&gclid=EAIaIQobChMI8sGsyPDTkwMVQcrmBB10ny4YEAEYASAAEgKow_D_BwE&num=1&cid=CAQS0gEABaugfYh3GRNq1xOlTYaShDdxnMZCrwFNf4tG62-sbZe9m-YfeDsSLGOOUchGmxjwzK0k-qcU8lJWaeuGai7_1x-HcYvss6PSmvgnFX0cDc5OR6Uzdu23monBedwbG9TTNqNL_oAg1ka9dRo1OFz4xIp46aPCSh8cyGAIJu65vPtDk6RP02uOwmneuEXLpRCTSuOXXKMg8opFiye3ubELsfow5IOnF2R-AsbVs5n49QcaL_HsPwxp5mx4_-0m9I9BHDVNs0utX7huWgTN6ua0nzUYAQ&sig=AOD64_2ibrj_aaetIHGhHBZnVU2XyAkmrw&client=ca-pub-1772901936034744&rf=1&nb=9&adurl=https://www.xcmgglobal.com/%3Fgad_source%3D5%26gad_campaignid%3D21616079953%26gclid%3DEAIaIQobChMI8sGsyPDTkwMVQcrmBB10ny4YEAEYASAAEgKow_D_BwE,https://www.xcmgglobal.com/?gad_source=5&gad_campaignid=21616079953&gclid=EAIaIQobChMI8sGsyPDTkwMVQcrmBB10ny4YEAEYASAAEgKow_D_BwE,yes,yes,yes,yes,no
438,https://www.googleadservices.com/pagead/aclk?sa=L&ai=C7HBf_ufRaeuJJ8WYjeYPksvNsQeY9-GohgHey-quyRWq9OrNsDMQASDCiLkiYIkDoAHb9KyoQcgBCakCjL1bsl3mOj7gAgCoAwHIAwqqBOICT9A358WEVydUXxlK2lV3naCMghYCRmDVeaagLC05gAUdyClboGMzCzjIc6P53L91pE_BAf3lResyPS2uwGZNadOuq61uruMV0Zoakj-QIYB7GThq8iAUtm_-VA_bfU_Y7TkijBsdI8sGjbshoVvuFpi5_2k9-NT6nhVxY-vheJomEiYmokBcOXafQpo_69JFEkAPYi-Ri8FCCzHIIDqSz9QELRYl44_4YzOI73t58dPwRkukP7jM_sSboGPoNybRbHJ5creUsTFKN2uVZQBEWs90wm561B4I0JzUmHw7dyApCQm9s87ixgc1kknYIQBJe1TTkgDcnP3EVUYlzulgjpS5gyWsx6_B3GkiJ5fOV_v3b4JMUxI4xHR2hI4gymbnekwKhSf73KJezzdErkvDiphEi-aKpTHy5bzbV0LbdALPtt8WL6rxLifC0craVwzTqndeylEurPXv2EKACtUTarvAwATK49Oh0gXgBAGIBdfa75VYoAYugAfbrP2HHKgHp8yxAqgH4tixAqgHpr4bqAfMzrECqAfz0RuoB5bYG6gHqpuxAqgHjs4bqAeT2BuoB_DgG6gH7paxAqgH_p6xAqgHr76xAqgH1ckbqAfZtrECqAeaBqgH_56xAqgH35-xAqgH-MKxAqgH-8KxAtgHANIIMAiAYRABGJ0BMgiKgoCAgICACDoOgECAwICAgICogAKogxBIvf3BOljFt9LR8tWTA_IIG2FkeC1zdWJzeW4tMzQ0ODM0MTg1MjkyOTI1M7EJlDELuQvary2ACgOYCwHICwGADAGiDAOQAQGqDQJKUMgNAeINEwiQ2tLR8tWTAxVFTMMGHZJlM3bqDRMIo8XU0fLVkwMVRUzDBh2SZTN28A0CiA7___________8BsA6r1NL1GNgTDNAVAZgWAcoWAgoA-BYBgBcBshcQGAEqCjQ4MTIxMTMxNTFQBroXAjgBqhgXCQAAAADgo-dAEgo0ODEyMTEzMTUxGAGyGAkSAu9OGC4iAQDQGAHoGAHCGQIIAQ&ae=1&gclid=EAIaIQobChMI64DV0fLVkwMVRUzDBh2SZTN2EAEYASAAEgJApvD_BwE&num=1&cid=CAQS0gEABaugfSXaXtOr3ruDSJa0m-jkB6vQ-KfE0UYAezelRhWog4ridgYhfhZYi8uj-YyygUPi2YK3Ht7jlszzISS-SlhKqX4mD-hgXMFcKiQBUJgmfTuWzb97Z1og0MRhqy52T1QDaQoOjbwmVLoLq18yZ0qKZtgxusQNICLBrw11tnwRiGtmVokHi5eW895e-NOWD27y4H1MlB1w0PVsx1iygy5gbbGEBh4bKBrdRFIfyEpotg3qQspw8bt0dqhgsCZMPtIsOvMs3fMMcp_P3nEBCE8YAQ&sig=AOD64_2wqo_2sGKwIB9q5J-_T-hxJgbSFw&client=ca-pub-5610521491184789&rf=4&nb=9&adurl=https://www.nikkei.com/promotion/%3Fn_cid%3DDSPRMOTRCVLS26haruascop_02%26utm_source%3Dgoogle%26utm_medium%3Ddisplay%26utm_campaign%3DDS_VD_TA_SP_GG_SPC%26utm_content%3DDSPRMOTRCVLS26haruascop_03%26gad_source%3D5%26gad_campaignid%3D23668190551%26gclid%3DEAIaIQobChMI64DV0fLVkwMVRUzDBh2SZTN2EAEYASAAEgJApvD_BwE,https://www.nikkei.com/promotion/?n_cid=DSPRMOTRCVLS26haruascop_02&utm_source=google&utm_medium=display&utm_campaign=DS_VD_TA_SP_GG_SPC&utm_content=DSPRMOTRCVLS26haruascop_03&gad_source=5&gad_campaignid=23668190551&gclid=EAIaIQobChMI64DV0fLVkwMVRUzDBh2SZTN2EAEYASAAEgJApvD_BwE,,,,,
446,https://adclick.g.doubleclick.net/aclk?sa=l&ai=CQSJsitHQaevQNMDi2roP6MOooQvPqfuehgGBpb2PxRXjgZLNmkcQASC8luEQYImLxIT0E6ABnLjHlwPIAQmpAoy9W7Jd5jo-4AIAqAMByAMKqgTbAk_QFp-9ruZ8TQBRCQLZifilCMZptF4SDAstYBWqVowFLSneWT8y95ZLvaxlzepaWI6Osv9WrPuj3w05p5LtfS9NB1E3PcH8YUyQmLRSzVwiFzUGSe9zwO78CfKLqx8Udi9HzOL9lKevSxjM4lwj5nmZcq3mFkU-gg0pmL0Lfa1j4qk5nbc22Pw2zoF6pJCWI2WUBL3JdnT1cYHTriF0P2BGDqdPa61hZ6nhfTfLz0yObkaRZ-Ar0g7XxBMh9XUFrELzPIXxjGTPYZcAiyEDhwG7_nKyRS3bjxHRBnmqT5ET-EeG26PbtE5LSghjGqNrDivs6hOMSnhvbA_roi1RJj_hA1RMSybON9IBmcJZ5pWkNl8Xug9BBbogLnnvcjFfXI1vUKAgXcEtWe95dqFUrgcL14vaq7fSGwZMUp6TrQ5_e-xhinkYfGPXomhVLn_xgEh0kmaBGTtKouJ7wASk3biR2QXgBAGIBb_HvpBXoAYugAfMx7hoqAenzLECqAfi2LECqAemvhuoB8zOsQKoB_PRG6gHltgbqAeqm7ECqAeOzhuoB5PYG6gH8OAbqAfulrECqAf-nrECqAevvrECqAfVyRuoB9m2sQKoB5oGqAf_nrECqAffn7ECqAf4wrECqAf7wrECqAfCyLEC2AcA0ggyCIDhgBAQARidATIIqoKAgICAgAg6DoDAA4CAhICAlK7gA6gHSL39wTpYlYvxiunTkwOxCWHFgkvNSWoggAoDigqbAWh0dHBzOi8vcmN2Lml4ZC5kbW0uY29tL2FwaS9zdXJsP3JlZGlyZWN0aW9uX3VybD1odHRwczovL2FkLmdhbWVzLmRtbS5jb20vZGV0YXJpa2l6X3BjXzAwMS9pbmRleC5odG1sJnVyaWQ9RXg4aUxiZlMmZ2FkX3NvdXJjZT01JmdhZF9jYW1wYWlnbmlkPTIzMzg4NDY0MDYzmAsByAsB4AsBgAwBogwDkAEBqg0CSlDIDQHiDRMIkdvxiunTkwMVQLFWAR3oISq06g0TCO7m84rp05MDFUCxVgEd6CEqtPANAogO____________AbgT5APYEwzQFQGYFgHKFgIKAPgWAYAXAbIXEBgBKgo2NzMxODQwMjUwUAa6FwI4AaoYFwkAAAAAgKj4QBIKNjczMTg0MDI1MBgBshgJEgKwUxguIgEB0BgB6BgBwhkCCAE&ae=1&gclid=EAIaIQobChMI6730iunTkwMVQLFWAR3oISq0EAEYASAAEgKdTPD_BwE&num=1&cid=CAQScAAFq6B9MQeQM6qk5bmEVFDfFGtJEFaim4iY8rBzAD0jrVXU8y2VylQnkIhtnh9iXSt3sa_rPW1Nnd8WDKN5a6Xr_pJQkqbNNMJ1CSJdDAY4xzSGp2fIDYT7K4hCUNlWKN8e-vmA0XEwPMYEjrcjIOUYAQ&sig=AOD64_3HlJULnY4ipLY9-azEFczLVCh_0g&client=ca-pub-2012933198307164&rf=4&nb=9&adurl=https://ad.games.dmm.com/detarikiz_pc_001/index.html%3Fgad_source%3D5%26gad_campaignid%3D23388464063%26gclid%3DEAIaIQobChMI6730iunTkwMVQLFWAR3oISq0EAEYASAAEgKdTPD_BwE,https://ad.games.dmm.com/detarikiz_pc_001/index.html?utm_content=220258&utm_source=GDN&utm_medium=display&utm_campaign=nml,,,,,
432,https://googleads.g.doubleclick.net/dbm/clk?sa=L&ai=CD7D24_DRaZizO8Su0PEPt6KHsAyQ6pund6a5pIvIFeHaptzMOhABIJLinEpgiQOgAYy2tMQDyAEBqAMBqgSRAk_Qvb-cg8XdjC9K53Yr0MPmfKpDQZjkN9-mwuwMnuYjL8BbgOw7Bw05pUqPFTsIdFopF4dBzPTW3Ux5ULvjPw_6hISaDQLJ1-uNJJisH8jMjCbOutKX72rIKZcUBf2pbN3HA5Xh8VuChqD8-vj_i8w2ta0VvWTLNDhT25x_xgEatlpXDoprNnD1TSTde1YtbKYm3Fb5DpnghwwMW701-x9k0G_ZRvcMYlVgS5spXmGG89VBcNd6c5oG5szYdFzgfgXokzJ-qT6iZ1j_hZg2N5kqGk5yz6RhJpinAsWhkdJl-ZGFr2slyulGorVOUStiptPSGdJTDLayunvUDD-ZRw0i7ZlRb8LdyGq7n7WQkwWud8AE-uXt_ZYE4AQDiAWnkKPQSpAGAYAH3MnLO6gHp8yxAqgH4tixAqgHpr4bqAfMzrECqAfz0RuoB5bYG6gHqpuxAqgHjs4bqAeT2BuoB_DgG6gH7paxAqgH_p6xAqgHr76xAqgH1ckbqAfZtrECqAeaBqgH_56xAqgH35-xAqgH-MKxAqgH-8KxAtgHANIILwiAYRABGJ8DMgiKgoCAgICACDoNgECAwICAgICogAKoA0i9_cE6WJ-9x4_71ZMDgAoBmAsByAsBgAwBogwDkAEBqg0CSlDqDRMIn7nKj_vVkwMVRBc0CB030QHG8A0CiA4JsBOB9bYh2BMKiBQB2BQB0BUBmBYByhYCCgD4FgGAFwGyFxAYAioKNTU1NTM4OTQ0NlAG6BcEqhgXCQAAAACwGfRAEgo1NTU1Mzg5NDQ2GAGyGAkSAutOGAEiAQDQGQHYGQE&ae=1&num=1&cid=CAQS0gEABaugfVw0ozsOGNuJtMvLiTqdmGZddqURjk40fwZZvgSRJWWMU9sWj1LkuE2OSbSVE2Ut329_jMjgQvuqf7__ZgWTR6mEUHMt_dfL8EKmc1PiLJLOFyDs5oOHz1lROWbqoGg5S74v1iOKA_NkYioatxbRZxrX3N1O1QS-c6YCeJf2jDxupDitC0iR8hatknAg0i5Fysv_jhvbwhpklxir6VSL9BLmGJMRxdJA6y8uzpzlZxwI1ot-iy9WKf2NB8sGKnuo-KjkwLhPk1A9f3zlQYAYAQ&sig=AOD64_3hBKKURhHm01LsYFC_yyoGYfZdMQ&client=ca-pub-1215248651959341&dbm_c=AKAmf-CIaylX3pfsQMGuaxs_uG4hexlaPH0e_iFbhOR0bw2aFObUa2B6xSU8pxbGM4cLNitsUFlPF7Vy3zVUj7j37sZQ5hgNivz8taIsG8IJOWI5dcZXhnNTCsvX7Mubhp2oup0SNLo7WZZag96-Zlv_22SAz8z6Wj3gmHMDDduDbl276_zaryx9ktqGjGhvjg8h4hYNXWQvb0hVvuRCtB1jvc6tjyUKrmSDDALCYPzGsCe2GgZgtQ49Ffp5Y8ENINZYUERkHIOcxM3dgIV2hNRSF6D82qci_Q&dbm_d=AKAmf-C10n-P3DhdHXCPodFsr-GtvA3BrVZEduL4OY4p1EZ4KqneBtktuJLi63PW2ye_0u7fMhfcK3eXQKicTor3VBbvkQWRBk6Svfuhs2YiHBp5LaFDkEHd604dyfMwxdXb_KYOhVOv06SbHFqGRsb4-IZnoKmoDl6mbgSzDQFDsn4rvpjdlmDBx1zpIxCJqCOza6-3s3bNc1Rm4I616mUpNNGFp3qci5f-yUJpZv8EavwMbGFFPca-iQaxx8FM4dMY37Zq7yUKWeJZK4wVBTeEnEK5ER7YNEjzAZ0z09zIWWBZGjIfwLXdmYT5qq0IQn0oh0_6mdHWx9PgkGlds027FhxAiSm7u4lAe9wbMivWxzLMCHMAYL0&rf=1&nb=19&adurl=https://join.aarp.org/DISDV360CAREGIVINGFIERCE/?cmp=DPM70UZ2W70O0&CampaignID=UBJDDBB31&gclid=EAIaIQobChMI2LDKj_vVkwMVRBc0CB030QHGEAEYASAAEgID7_D_BwE,https://www.aarp.org/membership/lp/bc5-calc/?cmp=DPM70UZ2W70O0&campaignid=UBJDDBB31&gclid=*&gad_source=7&gad_campaignid=20032571431&google=AMsySZaAH7EqrZ7JUDdr5N2Olead&tc_tm_xg=disdv360caregivingfierce&tc_campaign=DISDV360CAREGIVINGFIERCE&tc_channel=display&tc_vendor=DV360,,,,,
436,https://www.googleadservices.com/pagead/aclk?sa=L&ai=C3-wM-7rRac3jDtCMjeYP4Ory8A_C4L6lhgGf1caNnxGl1oKbFBABIOa0z5kBYM2g74CsA6AB7rr0iAPIAQmpAi7B6ySibGA-4AIAqAMByANIqgTyAk_QEvagMOrE-yASv1C3upcbiVCwbL1CG_suYsnBaWrNsy45vHbUNFpbZ0FAL4QE3VZHE5O21wOvvZ_ZR50xUwPb8Oz5ogGy_7TIwFdeVXZ_qD-cwgugqCKG6QStMsXCziI091rRsJdnsN3VSy7BbgmdKOSb-2Suxj0n-LsSsL44bp5hA9UIJTeiFGbqSNUaXLP1gO2fmKTMWR2sgf5EXGTQa4tdlNnbq1Gsj-D9es-joViK2XLQdMax_bdmuT9HqXgHJWLCXd9fddQShfyzcj0iCLVO8_5en5IzLBAI6V5i1C4DgO2VZif2jRKOiCACdLiKm5k4QmdmznRKv4OFxRL98Zo2RyCyw0wyN_YKyemIT8A3iJ4MwVO-VFCEo9ZcumimkcvViIVZZRGgpxDnPuVIT5j5gYQPSQGJfYIyKHfelwwlGcEeVd7evhni0LuaYgXh0EWY0rQf7oLQ-8-9XjsuCMbn4r02rheez2-QtKIMqmnABL7HqKSiBOAEAYgFg6eElkmgBi6AB9qls54BqAenzLECqAemvhuoB8zOsQKoB_PRG6gHltgbqAeqm7ECqAeOzhuoB5PYG6gH8OAbqAfulrECqAf-nrECqAevvrECqAfVyRuoB5oGqAf_nrECqAffn7ECqAf4wrECqAf7wrEC2AcA0ggvCIBhEAEYnQEyCIqCgICAgIAIOg2AQIDAgICAgKiAAqgDSL39wTpYzMLu2sfVkwOxCZe95i4nVDWTgAoDmAsByAsBgAwBqg0CQlLIDQHiDRMIvuju2sfVkwMVUEbDBh1gtRz-6g0TCMn579rH1ZMDFVBGwwYdYLUc_vANAogO____________AdgTAtAVAcoWAgoA-BYBgBcBshcQGAEqCjUxMDM4Nzk0ODNQBroXAjgBqhgXCQAAAACgBPxAEgo1MTAzODc5NDgzGAGyGAkSAqFPGC4iAQDQGAHoGAHCGQIIAQ&ae=1&gclid=EAIaIQobChMIjc3w2sfVkwMVUEbDBh1gtRz-EAEYASAAEgJUsfD_BwE&num=1&cid=CAQS0QEABaugfdZr-h5npo4rgJQyxLseIuyLx5icmsaHoe2juwCLvhJ9Ou49cUtXKEM62iXeJng6HdrgBXXCoyWGYcbo4uM4SKDApTVOr--9t5bSxWOh4Syk0G03KeKRwf3ebGXmJc1-RI3bS8GB1hgY1VOiVla-N3-Re3JsTp0BobPAMD6wsNuhZu1i1CtfKJIi3XUfp0r9OMiWo0GwmKnAJgdZXeOHNF1cOdClD2JzThMBA2Mg-r4iebhZIm840oMcByo2BIaUYJ8lgOl9OuUGbmA6ghgB&sig=AOD64_1demk9rKvxtjwFs6MWSxvEG2u6WQ&client=ca-pub-3677668629134422&rf=1&nb=25&adurl=https://12go.asia/en/travel/phuket/koh-phi-phi%3Fz%3D4%26sub_id%3Ddisplaythcid19641996163%26gad_source%3D5%26gad_campaignid%3D19641996163%26gclid%3DEAIaIQobChMIjc3w2sfVkwMVUEbDBh1gtRz-EAEYASAAEgJUsfD_BwE,https://12go.asia/en/travel/phuket/koh-phi-phi?gad_source=5&gad_campaignid=19641996163&gclid=EAIaIQobChMIjc3w2sfVkwMVUEbDBh1gtRz-EAEYASAAEgJUsfD_BwE,yes,yes,yes,yes,yes
435,https://www.googleadservices.com/pagead/aclk?sa=L&ai=CG52bIu3QaYzENKWQid4Pv8WxmAjK06mnhgGagd3K6hXhmJjWnUcQASCf-9kfYImLxIT0E6AB0qfFqT_IAQKpAq_E9WDtEEc-4AIAqAMByAMIqgSqAk_QFc7m-cXWZigm6OHbrtZWdVAOF9dJN17CT5gUXGhiQDGJMDZEQ8hGM0D9pcrXuJTr04tSgGJSEVvLIzA9dw-su_L_Eix1zjhI2bambdJCv00AOQieCkj3PMm4TY3-aKu9xx69fly8-WXwrLSZkgHhZaHiH0NYkQlFdpA_H20KG6gAkkUZFviiNIMjK1FBQ4Hyk06flYe0tpcfI4G6e5E-pPMTl3SUpU4ZLiIsypKPXW9mPFW23ukQRG1DSMPgaTprxjFJTLreOxn0s9CM6ytPoNU90B1NYd5xyUCl_KrTqXam5zplcyjcRV9MBJ9OTPHT1nyWkb1rpU3Hv11KKuAQPbsWx16HHG8FtaFlKrr3oNxqLdBxfLbSZhM5I_23rzTE1KREll3sh0_ABJW5upzUBeAEAYgFvd7knVigBgKAB9LflYkaqAenzLECqAfi2LECqAemvhuoB8zOsQKoB_PRG6gHltgbqAeqm7ECqAeOzhuoB5PYG6gH8OAbqAfulrECqAf-nrECqAevvrECqAfVyRuoB9m2sQKoB5oGqAf_nrECqAffn7ECqAf4wrECqAf7wrEC2AcB0ggvCIBhEAEYnQEyCIqCgICAgIAIOg2AQIDAgICAgKiAAqgDSL39wTpYo4Whs4PUkwOxCWKM5BA34PE2gAoDmAsByAsBogwDkAEBqg0CSlDIDQHiDRMIqruhs4PUkwMVJUjCBR2_YgyD6g0TCKGqpLOD1JMDFSVIwgUdv2IMg_ANAogO____________AdgTA9AVAZgWAcoWAgoA-BYBgBcBshcQGAEqCjEzODM2ODA4MjFQBroXAjgBqhgXCQAAAADAoOpAEgoxMzgzNjgwODIxGAGyGAkSAu1OGAIiAQHQGAHCGQIIAQ&ae=1&gclid=EAIaIQobChMIjN2ks4PUkwMVJUjCBR2_YgyDEAEYASAAEgLSCvD_BwE&num=1&cid=CAQS0gEABaugfdA1stJNYY3kvars9SsS7wdm18D7NTq7wfMUoVjb7Md0HDO2li-gx29m1Peq_JrxwweOODOtryS6c1j8M6Po03h96faDucQ6PlBrd7L7jhWXMU3QU0zV7h7KF0dEqYRqAgVf4jcRyT8w0ZyF45WWgJiPSHi5sEqW-zwmMAgkcrcmLnmOqOVCCBR39TTt4U6c4ZjT_Vqhooxcr_pQeCZKuIrtXP0XG1urEcNCCkFvnaMFrQw1BHZaVPZ8V_43g_nYOAsWWEKng0L64S49OGoYAQ&sig=AOD64_11_LygQQNY_QMQuyv2dsPQQIlirw&client=ca-pub-9386487545679073&rf=5&nx=CLICK_X&ny=CLICK_Y&uap=UACH(platform)&uapv=UACH(platformVersion)&uaa=UACH(architecture)&uam=UACH(model)&uafv=UACH(uaFullVersion)&uab=UACH(bitness)&uaw=UACH(wow64)&uafvl=UACH(fullVersionList)&nb=2&adurl=https://www.rbi.org.in/Commonman/English/Scripts/FAQs.aspx%3FId%3D3686%26gad_source%3D5%26gad_campaignid%3D23684788029%26gclid%3DEAIaIQobChMIjN2ks4PUkwMVJUjCBR2_YgyDEAEYASAAEgLSCvD_BwE,https://www.rbi.org.in/Commonman/English/Scripts/FAQs.aspx?Id=3686&gad_source=5&gad_campaignid=23684788029&gclid=EAIaIQobChMIjN2ks4PUkwMVJUjCBR2_YgyDEAEYASAAEgLSCvD_BwE,,,,,
449,https://googleads.g.doubleclick.net/aclk?sa=l&ai=CbvHWwtvQaZaCEpm9geAPhrDNoQre2oamhgGxraCTwRWhpvjz0B0QASCQgfMlYImLxIT0E6AB4I6KwQPIAQapAoy9W7Jd5jo-4AIAqAMByAMKqgS-Ak_Qwmk2G1XpjIiPRiYkseyOpTT5hfgGli7vFzh6ajiHjWQXehwaGGv4-vriklkiAiuYa2t3AkHW2rIGxqywBu7kw0u-hJDQf884dlHzCTa1rWBaSq576IgghZ9swuMj88YPZ8ADzpoDKnRchwwP0vwKD2Oh5JKDC6NG_ZzxbKamiYM6daH4sTmJeE2BTnB2Rw-KYogWag9-8cZ9YAEF4cxJ4GbbEKSRkX_q-ijVK9SbHaaPGVECQTI7l7yAIl0btlE6vco0iUOBhauKzyqAmM3myzDt6dPiX5B-UugF_XB6-NvLmrZ7D5GlQ2preipgnrOU6VSXkUmFLFGG6B_YceryHz8CCQ9YEbZzviN9MpI6FY1NBikoxMdinA0UooMtrJKMouD4VHJ3SuRD2OKFlsU8NdviLHFvspLpsNKDnMAE8vDXhKwF4AQBiAWS7NaNQKAGN4AHiPH1PqgHp8yxAqgH4tixAqgHpr4bqAfMzrECqAfz0RuoB5bYG6gHqpuxAqgHjs4bqAeT2BuoB_DgG6gH7paxAqgH_p6xAqgHr76xAqgH1ckbqAfZtrECqAeaBqgH_56xAqgH35-xAqgH-MKxAqgH-8KxAtgHAdIIMgiR4YBQEAEYnQEyCKuLgICggIAKOg6AgAWAgICAgJSu4AOoB0i9_cE6WKiWhery05MDsQkdn7u72pgSIYAKA5gLAcgLAaIMA5ABAaoNAkpQyA0B4g0TCKq4hery05MDFZleAAYdBlgzpOoNEwiLzYXq8tOTAxWZXgAGHQZYM6TwDQKIDv___________wGwDoaSq9kY2BMM0BUBmBYByhYCCgD4FgGAFwGyFxAYASoKMzU4NTcxMTE3NlAGuhcCOAGqGBcJAAAAAIDZ0UASCjM1ODU3MTExNzYYAbIYCRICk04YNyIBANAYAcIZAggB&ae=1&gclid=EAIaIQobChMIluuF6vLTkwMVmV4ABh0GWDOkEAEYASAAEgI9qPD_BwE&num=1&sig=AOD64_3FA-zooZ4hgw-B_xPj_ekRP-h2_w&client=ca-pub-9040680041623400&nx=CLICK_X&ny=CLICK_Y&uap=UACH(platform)&uapv=UACH(platformVersion)&uaa=UACH(architecture)&uam=UACH(model)&uafv=UACH(uaFullVersion)&uab=UACH(bitness)&uaw=UACH(wow64)&uafvl=UACH(fullVersionList)&nb=9&adurl=https://www.yoriso.com/sogi/lp/support/v2-a/%3Futm_medium%3Dcpc%26utm_source%3Dgoogle%26utm_campaign%3D17199881977%26ytp_cmp_id%3D17199881977%26ytp_adg_id%3D%26ytp_kwd_id%3D%26ytp_cscm%3Dgoogle_cpc%26keyword%3D%26matchtype%3D%26network%3Dx%26creative%3D%26gad_source%3D5%26gad_campaignid%3D17208555026%26gclid%3DEAIaIQobChMIluuF6vLTkwMVmV4ABh0GWDOkEAEYASAAEgI9qPD_BwE,https://www.yoriso.com/sogi/lp/support/v2-a/?utm_medium=cpc&utm_source=google&utm_campaign=17199881977&ytp_cmp_id=17199881977&ytp_adg_id=&ytp_kwd_id=&ytp_cscm=google_cpc&keyword=&matchtype=&network=x&creative=&gad_source=5&gad_campaignid=17208555026&gclid=EAIaIQobChMIluuF6vLTkwMVmV4ABh0GWDOkEAEYASAAEgI9qPD_BwE,,,,,
489,https://googleads.g.doubleclick.net/aclk?sa=l&ai=ChwWtzeHRaaC1Cr28geAP8LyJEMjI_JeDAenK5bbKFMjClsuPDhABINrxjgxgiQOgAZDG3PsDyAEB4AIAqAMByAMKqgS8Ak_Qu6w31wwrJQOcBz2trKZD5FTknZrmfE5dd70QdSii3ktwPwoMArHbGpBMm-IxR9Rg-2HvpKAxZVyE6vGnpOyN9l-x8MfuJNxif6xn24tmuSRUC5rK1lAoc4nbX-UMe1GCgH9py9w60uVnRXT8ieymMWHodqjoEp00yA_JS0l5UJxUY0xe71o4RTl_jIR0_lnizr4CsiVpMgrhAaGkWp8eLY3R6yFOFuQ0o1o4YMatfb7UVzQe46q8i4DSLy1J1qfvy2enlEl8p4LUJzd0PVC9qIkjhFC1-UoXMgFIggycivrwmC3tpXpGvyRCVIc1Y16veo-3sooXF_Q5774-PgJW8WFWpT7ZpIKlnLaemljHma0d0Y0oyCu93BA4IJSJAA-J6UxsJ7qRx5fchZIAnU2jK6SDVYJb5XkCHerABLf5s-K1BeAEAYgFwPWB6EugBi6AB9i5owSoB6fMsQKoB-LYsQKoB6a-G6gHzM6xAqgH89EbqAeW2BuoB6qbsQKoB47OG6gHk9gbqAfw4BuoB-6WsQKoB_6esQKoB6--sQKoB9XJG6gH2baxAqgHmgaoB5jFsQKoB_-esQKoB9-fsQKoB_jCsQKoB_vCsQLYBwHSCDAIgGEQARidATIIioKAgICAgAg6DoBAgMCAgICAqIACqIMQSL39wTpYwO293ezVkwOaCThodHRwczovL3d3dy5wcmlkZW9mbWF1aS5jb20vdHJpcHMvbWF1aS1zbm9ya2VsaW5nLXRvdXJzL7EJNjkJUsDOWUWACgHICwHgCwGiDAOQAQGqDQJKUMgNAeINEwijkL7d7NWTAxU9XgAGHXBeAgLqDRMIqPW_3ezVkwMVPV4ABh1wXgICiA7___________8BohNUCjcIA0ABUggKBhIECAEQAWjbsa-uQ3IhEh8gAigBOAJAwPWB6EtYAWj-__________8BgAEBmAEDGhkKF2NhLXB1Yi05NzgzNTE1NDAzNTQxMDA22BMDiBQE0BUBmBYByhYCCgD4FgGAFwGyFxAYASoKOTIyNjA4ODUyNFAGuhcCOAGqGBcJAAAAADDRBkESCjkyMjYwODg1MjQYAbIYCRIChU8YLiIBANAYAcIZAggB&gclid=EAIaIQobChMI4M_T3ezVkwMVPV4ABh1wXgICEAEYASAAEgJB9_D_BwE&num=1&cid=CAQS4wEABaugfepEOxWefmlqcnbgY4mOvZ-oNcpg6h5DJEgDRKFdHVzWV-ME8hWGU7OL5_TN7jTmgTR8gcE77wuozOTwBjYX3ZaCkDruV5Pv7T97IO7RceeZWFsofOE4LH0h2Ybvw6_FyiFAWEb7uxLu3fHDOxmbHuOU_IjbJgAp5eCjqjfOr4R6hqaT4vl5Ae898fyHxWeWEav73zLz1KSP7_Tg06v8dxd3WyfIyI5YC8VvfR6JxozgYqKMYcaJW2SC_W-GW6_NPYCQ3oI3cjVlbdTXhD14aC0Oowm9LlLHo6k7CYTsZhgB&sig=AOD64_3sO7dh-TOpbgOnbPHvcpYo5pkPDg&client=ca-pub-9783515403541006&rf=4&nb=0&adurl=https://clickserve.dartsearch.net/link/click%3F%26ds_a_cid%3D11487212%26ds_a_caid%3D20350794432%26ds_a_agid%3D186232143031%26ds_a_fiid%3D%26ds_a_lid%3D%26%26ds_e_adid%3D767353845082%26ds_e_matchtype%3Dcontent%26ds_e_device%3Dc%26ds_e_network%3Dd%26%26ds_url_v%3D2%26ds_dest_url%3Dhttps://www.prideofmaui.com/trips/maui-snorkeling-tours/%3Futm_source%3Ddisplay%26utm_medium%3Dbanner%26utm_campaign%3Dca_brand_awareness%26gclsrc%3Daw.ds%26%26utm_term%3D%26gad_source%3D5%26gad_campaignid%3D20350794432,https://www.prideofmaui.com/trips/maui-snorkeling-tours/?utm_source=display&utm_medium=banner&utm_campaign=ca_brand_awareness&&utm_term=&gad_source=5&gad_campaignid=20350794432&gclid=EAIaIQobChMI4M_T3ezVkwMVPV4ABh1wXgICEAEYASAAEgJB9_D_BwE&gclsrc=aw.ds,,,,,
464,https://googleads.g.doubleclick.net/aclk?sa=l&ai=CFURjZlbRacCDC5GV3NMP_qDCmQjYxPKof6rTiL62E8ChysOLDhABIJ_72R9gpYCAgJwBoAHm3L-9AsgBA6kCCqOpg3Uipz7gAgCoAwHIAwiqBPMCT9BKs2D0x7vHrwCr_mJcoUFIfohLaPUJJpbL3JzPPnqqisBFM6lAnNfIMVxd1pvzocWPynk9lp9YSb1q7cUIcemOgIwsnG4z-X0K8b5F-9_XKWAmMUwqNbIoUgt1qZrSrbclcgcNgWQ_TLEa4b6YnoW2DvvVDTQVd-NvLYagkBi-nLnDeHhLqylwlLlfuW7i6JGMNlnJXmm2mnyKUXlUB9dkrDMZ1opqFtOrKRy6U0c_mSTHS_UUSBBXlMy4ifq11l0iT3OWDLNGi3Q1PJqI-_1SNhv75ru_Snndc2w6gM-k3otQdQkDAslwzwyqafcCLHc-woercpW14ofyIMSlbsPnZVYlpA7VENqY7VXg_ZxihNF0yk4kfW1nY3p9XpaH4HBVDsQeFMfykvAD0MCa3gUx8oKQ2Ab-jAl7Kd3oKyY-RwaBMntFYxZVJk-I-qVhkF7oa4dQswOTON6NYwbzWmQx7R4HTroDtrsvKpN0jdp5PfHABM-4t7fzBOAEAYgFyqn6qlGgBgOAB4KjwMIBqAenzLECqAemvhuoB8zOsQKoB_PRG6gHltgbqAeqm7ECqAeOzhuoB5PYG6gH8OAbqAfulrECqAf-nrECqAevvrECqAfVyRuoB9m2sQKoB5oGqAf_nrECqAffn7ECqAf4wrECqAf7wrEC2AcB0ggvCIBhEAEYnQEyCIqCgICAgIAIOg2AQIDAgICAgKiAAqgDSL39wTpY4eTg5OfUkwOxCXzDDRW8qG4qgAoDmAsByAsBqg0CQVXIDQHiDRMIoI7h5OfUkwMVkQp3BB1-kDCD6g0TCLKh4uTn1JMDFZEKdwQdfpAwg_ANAogO____________AdgTA9AVAcoWAgoA-BYBgBcBshcQGAEqCjMyOTI1NDcyMjRQBroXAjgBqhgXCQAAAAABujdBEgozMjkyNTQ3MjI0GAGyGAUYAyIBANAYAcIZAggB&ae=1&gclid=EAIaIQobChMIwM7i5OfUkwMVkQp3BB1-kDCDEAEYASAAEgKcbvD_BwE&num=1&cid=CAQS5AEABaugfRrihdhWjEIm1wlhI6uL3I9tqBdcZm-H6uUuOWDUIVH-EcXbGg3knFuo5Bc7zivjzuMzoCEYcM5jLZAV5qP0o8UO2MGLq6gopz2GJYVAVwOO3JyhxNqPiNNTVEky9HFFJewRQmUB_4_FTgxxhe9YeXPxbR6Y3-CqKqwEKreVj0lEI4twKDRnUitDVbwwxS4d2HRYSgkvMTu2JscAdVEMYX4hNvmf_6klAAvAH0suFDGT6V6-LtaNJX1qi7jJCVm_CSUbaNyPUqrC-UPwmNPe285XceUB9_l06r5uQQhrtGsYAQ&sig=AOD64_3A-DOOocHMXnHo9eH4DlQjzDuYdg&client=ca-pub-9386487545679073&rf=5&nx=CLICK_X&ny=CLICK_Y&uap=UACH(platform)&uapv=UACH(platformVersion)&uaa=UACH(architecture)&uam=UACH(model)&uafv=UACH(uaFullVersion)&uab=UACH(bitness)&uaw=UACH(wow64)&uafvl=UACH(fullVersionList)&nb=2&adurl=https://baptistcaresa.org.au/service/adventure-camping%3Fgad_source%3D5%26gad_campaignid%3D21833356490%26gclid%3DEAIaIQobChMIwM7i5OfUkwMVkQp3BB1-kDCDEAEYASAAEgKcbvD_BwE,https://baptistcaresa.org.au/service/adventure-camping?gad_source=5&gad_campaignid=21833356490&gclid=EAIaIQobChMIwM7i5OfUkwMVkQp3BB1-kDCDEAEYASAAEgKcbvD_BwE,,,,,
465,https://www.googleadservices.com/pagead/aclk?sa=L&ai=CUP9Kfp_RaemkEeCOjeYP3MPisQPJ6vnbY_HL4c7UFcCNtwEQASD6qYoXYM2g74CsA6ABuPmXogHIAQngAgCoAwHIAwqqBO0CT9AL7dvoIxwakQ49BRk_wTjje3WSgPXtpIxe3liIizmqnIPaKbvotDHNftpqOHg0HY11eC0yUYqLqlJ9fUk8fJL7ff6i-oKhY8eaHyjK9XZvr1OHphCrrSdreSdNdIs3XBvTl34YArO1pPVLbiiPPLKOl16_-fZuId7qJSE8cWkLEybirkZsQ2KptM5ZS4bHeQ9A1eUui28LjEd5OTNtlIB7WQm5_YuoScIzChpefB31_USQTDa94KFBCpXo8yqUJ1CQu9vKzyjyEbqPNSb_lO_5vFetO4oWFMU6KJ3l0lcDOTlsYKgoHUAyNqOBm2nJ4QXantM1XuiCjUU8IG-l_LBNs2EXBfiDoS03TikF3v_-hxBNNvWl4tKW5S-wBQHGMpvpi6GAu_5glNQ2Dq4Vlw-ukMLZj7Re0VZtmCoobVaOCcxuJ1kb3eXbW6knYXuUR-gmbMe6lJIfwqWITmCEnekHd_GyKwObMyhUCqPABI6swLGMBeAEAYgFkdHF0DOgBi6AB7CG6N0CqAenzLECqAemvhuoB8zOsQKoB_PRG6gHltgbqAeqm7ECqAeOzhuoB5PYG6gH8OAbqAfulrECqAf-nrECqAevvrECqAfVyRuoB9m2sQKoB5oGqAf_nrECqAffn7ECqAf4wrECqAf7wrEC2AcA0ggvCIBhEAEYnQEyCIqCgICAgIAIOg2AQIDAgICAgKiAAqgDSL39wTpY24qxv63VkwOxCSNSEvGxkcm9gAoDmAsByAsBgAwBqg0CQlLIDQHiDRMI5qyxv63VkwMVYEfDBh3coTg26g0TCJuxsr-t1ZMDFWBHwwYd3KE4NvANAogO____________AbgT5APYEwKIFAHQFQHKFgIKAPgWAYAXAbIXEBgBKgo5MzMyNzkyOTA2UAa6FwI4AaoYFwkAAAAAAGz-QBIKOTMzMjc5MjkwNhgBshgJEgKxXxguIgEA0BgBwhkCCAE&ae=1&gclid=EAIaIQobChMI6duyv63VkwMVYEfDBh3coTg2EAEYASAAEgICMfD_BwE&num=1&cid=CAQS0gEABaugfQ0mqWQ629F5ZW2QXNqYiu-FsD1R_psFN78CBcJbdBYh6UYhEIGiMj8gug21gdE-lelyGDREnZiOmM874U2dBF7BOg4aBeDWOQvgF_39DtKQXU9FcgHeLo0AMbbFN4RT5cPIhU765iSMTUCGp-fQHwzNfzkItfggyAyeuZ_zHXnJYzajfG65f_0Bxil9X4jB7KzmuyUqMz26GDsDeR2lyCec92tq6fgivkfqfB1qDpIE5_bzf1d7IzvzOVgrdQpBC6PQExjhYpgfBEWPJR8YAQ&sig=AOD64_1ZGKOyYHBRCicL8HklofxXCSzZUw&client=ca-pub-5405132603504384&rf=4&nb=9&adurl=https://www.ganttexcel.com/free-gantt-chart-excel-template-d1%3Futm_campaign%3D13859121297-175123731982%26utm_kwd%3Dproject%2520timeline%26utm_source%3Dgoogle%26utm_medium%3Dcpc%26utm_content%3D798297365684%26gad_source%3D5%26gad_campaignid%3D13859121297%26gclid%3DEAIaIQobChMI6duyv63VkwMVYEfDBh3coTg2EAEYASAAEgICMfD_BwE,https://www.ganttexcel.com/free-gantt-chart-excel-template-d1/?utm_campaign=13859121297-175123731982&utm_kwd=project%20timeline&utm_source=google&utm_medium=cpc&utm_content=798297365684&gad_source=5&gad_campaignid=13859121297&gclid=EAIaIQobChMI6duyv63VkwMVYEfDBh3coTg2EAEYASAAEgICMfD_BwE,,,,,
442,https://www.googleadservices.com/pagead/aclk?sa=L&ai=CGciaYs_QabbsMKWdvcAPxN6liQ6S75CnhgHkvpLr7BPywoi0AxABIOa0z5kBYImLxIT0E6ABo5XnwALIAQLgAgCoAwHIAwiqBIUDT9BTdX2AyJUHT1B7KCrUGrSzHD2nZRfL3mhx0dcRP3AGQ0IEB-4i8i7SkhUcqhgXZxaKn73PtMgRh-HpeP9f-pZvHQ2WGVh4qSnt9ukKB7BluM0s_-fk5obwoGb0Dv-Yb5TTS9AiulIYxsjwd8JrZb81Wfw9n_akOz5AgH17N-Prp4AMReLLSuDM3R7GjswYECrlIJA21ikuWzaJt3olT8qwF-ptA50LEhCqI0hTYGXSPadlegcGxSm2eIyD_j1xNIf03GNnmil2dh2YaGCPbAjH2euvkiOWHqYBAitGttysWhIP4Gt8qKAXapsM6HXFzKMQSpYw_MO6m6XT9722e1XVnAUInBu_PQn0JDLRmPnHUdT3Shw7Grnspm-ZgO4VUbrLYyX4QcrSzorjQaYe26oScRajsNgEpYWcvg1Ob0zjPRIYBTOQENz75MdFruIRjb_WbO33y9XFQ0cvgTBvL3MJYefp3gDcgFFaq5gkHa5i2BZGJH4JKEyrM7j93ris-xv0uXPABPD_vKrnBOAEAYgFqN2Il0mgBgKAB8XqmL8BqAenzLECqAemvhuoB8zOsQKoB_PRG6gHltgbqAeqm7ECqAeOzhuoB5PYG6gH8OAbqAfulrECqAf-nrECqAevvrECqAfVyRuoB9m2sQKoB5oGqAf_nrECqAffn7ECqAf4wrECqAf7wrEC2AcB0ggvCIBhEAEYnQEyCIqCgICAgIAIOg2AQIDAgICAgKiAAqgDSL39wTpYhJHSg-fTkwOxCXt_df25PEjugAoDmAsByAsBqg0CSlDIDQHiDRMI5bzSg-fTkwMVpU4PAh1Ebynh6g0TCNu11IPn05MDFaVODwIdRG8p4fANAogO____________AdgTDdAVAcoWAgoA-BYBgBcBshcQGAEqCjUxMDM4Nzk0ODNQBroXAjgBqhgXCQAAAAAA6PpAEgo1MTAzODc5NDgzGAGyGAkSAqFPGAIiAQDQGAHCGQIIAQ&ae=1&gclid=EAIaIQobChMItqXVg-fTkwMVpU4PAh1EbynhEAEYASAAEgKehPD_BwE&num=1&cid=CAQS0QEABaugfXeE2a2WwFnIF0A6Cp4dBFmG0NNhw9ZZnpF4J79M6vOc-BdijohVt3yUG9SZRHsPVk3ure6Cy3_BvpUb___NDVjwnM6A-QM-iv-L6Wmkbg--hCCV-5GIlbvYvcvzNw21YJouE9WPIau1PYPisKn7psX-pDQFXhEwj_AUyuol_E_LwPsbScAVulEfYTUkF9Ef0HZej7QvripvnGj6TCFwtoZlw5h_NVQ4gAy8osWgj4DWhz5TrZZfCbcHSGWAv4EUIcnVyx9z6udHl-XhbxgB&sig=AOD64_1V3Ehgk-hZBoisIayA17ATXJAxbw&client=ca-pub-3677668629134422&rf=5&nx=CLICK_X&ny=CLICK_Y&uap=UACH(platform)&uapv=UACH(platformVersion)&uaa=UACH(architecture)&uam=UACH(model)&uafv=UACH(uaFullVersion)&uab=UACH(bitness)&uaw=UACH(wow64)&uafvl=UACH(fullVersionList)&nb=2&adurl=https://www.curacao.com/en/why-curacao%3Futm_medium%3Dcpc%26utm_source%3Dgoogle%26utm_campaign%3Dusa_fify_ao_drm%26utm_content%3D%26utm_segment%3Dusa_affinity_travel_drm%26gad_source%3D5%26gad_campaignid%3D19644165800%26gclid%3DEAIaIQobChMItqXVg-fTkwMVpU4PAh1EbynhEAEYASAAEgKehPD_BwE,https://www.curacao.com/en/why-curacao?utm_medium=cpc&utm_source=google&utm_campaign=usa_fify_ao_drm&utm_content=&utm_segment=usa_affinity_travel_drm&gad_source=5&gad_campaignid=19644165800&gclid=EAIaIQobChMItqXVg-fTkwMVpU4PAh1EbynhEAEYASAAEgKehPD_BwE,,,,yes,yes
437,https://www.googleadservices.com/pagead/aclk?sa=L&ai=CUphDyujRaaulIK-hjeYPrLuCgQeP4OCBhgHSh5SjjhK2kB8QASDE8qQ5YIkDoAGrrpPtAsgBA6kCl8prqfpSsz7gAgCoAwHIAwiqBOICT9DV2GCl-E98ZzIpBj2lvD8n-Wm4mEOByV-op66cYJ8OpcVsMs2Z8sf0vTH5-N-Q0AD1nf5eyGratKjpo4WnvzVC3un3uRC_A5ylw9DcGQEjBut_hRayVy421yvJjLui4QLrOZ9oTGjllR2KqSAiTNjMCtsZAGlJeuEe6O0koWemucDUulYfm5XFMmA--yeGr5ZMWYOYB9c6EsbhkdJjKEJkYd-DyowRgfghpCCml9dHnsPSc0Q8c1qwO2Vw1YdbbKpbn3dTvY5dZFOza3jZMtWRknm5lHyCpgqZkkBsdeFj6Ojh3gy2c9cOefnnQ9ZIhCMiazGS-p_3qDTcoAGtT8Hopt8OPgp5z_5zdDcbMYP_wRRF8StZpWg1OBHr6Nmmx40ZLvOolF4Y74QfHNGWwe9AFzEX3MyECA6p36JOX8WNHggkfjHbE38NtTz1mkK55jK4cUmlJf5kDhzc9KZ_7ysFwAT52N6WvwTgBAGIBfbJoJNNoAYDgAe90eySAagHp8yxAqgH4tixAqgHpr4bqAfMzrECqAfz0RuoB5bYG6gHqpuxAqgHjs4bqAeT2BuoB_DgG6gH7paxAqgH_p6xAqgHr76xAqgH1ckbqAfZtrECqAeaBqgH_56xAqgH35-xAqgH-MKxAqgH-8KxAtgHAdIIMgiA4YAQEAEYnQEyCKqCgICAgIAIOg6AwAOAgISAgJSu4AOoB0i9_cE6WPOy7rLz1ZMDsQlCGslsw1qkiYAKA5gLAcgLAaIMA5ABAaoNAkpQyA0B4g0TCMbe7rLz1ZMDFa9QwwYdrJ0gcOoNEwj15_Cy89WTAxWvUMMGHaydIHDwDQKIDv___________wHYEwPQFQGYFgHKFgIKAPgWAYAXAbIXEBgBKgoxNzAwNDI2OTc2UAa6FwI4AaoYFwkAAAAAStMgQRIKMTcwMDQyNjk3NhgBshgFGAMiAQDQGAHoGAHCGQIIAQ&ae=1&gclid=EAIaIQobChMIq7LxsvPVkwMVr1DDBh2snSBwEAEYASAAEgJ_xvD_BwE&num=1&cid=CAQScQAFq6B9m9_KVfwkWWLJD6xMCK4tvYpwNdVfrwiT5P8Y6LlpV2VGtb-zeCCCNAur9ob_ybPKHXBN8-xid89TL1GrgZedcSFOVpfqmfuA7qezI_NLDExnQXax9OqcnT20XNh2M8VI1U5EqNNK_pUYSU_3GAE&sig=AOD64_0lpz7hDfxnwyhogGc0s_BZmjMdXQ&client=ca-pub-9508825025323605&rf=5&nx=CLICK_X&ny=CLICK_Y&uap=UACH(platform)&uapv=UACH(platformVersion)&uaa=UACH(architecture)&uam=UACH(model)&uafv=UACH(uaFullVersion)&uab=UACH(bitness)&uaw=UACH(wow64)&uafvl=UACH(fullVersionList)&nb=2&adurl=https://www.lenire.com/%3Fgad_source%3D5%26gad_campaignid%3D20709909750%26gclid%3DEAIaIQobChMIq7LxsvPVkwMVr1DDBh2snSBwEAEYASAAEgJ_xvD_BwE,https://www.lenire.com/?gad_source=5&gad_campaignid=20709909750&gclid=EAIaIQobChMIq7LxsvPVkwMVr1DDBh2snSBwEAEYASAAEgJ_xvD_BwE,,,,,
470,https://www.googleadservices.com/pagead/aclk?sa=L&ai=Cc8kx6LnRac2jGK-J3NMPssmAwAPogq3khQH1kpLclRWP9tHzpCYQASCry5shYM2g74CsA6AB5P3apz7IAQngAgCoAwHIAwqqBKQDT9DafsyKAx8dWairXa1MZyuUgOPvv18lKli6InhvRd0AMlqEJeIpKM-AhOaox7AANs-TKe2LeMqUoikIn8ZzFCgzoRlfODy5na2wdkU0FM588HxLsYBaX4I-MJyBID0giBse8MbK8I8J5YOPpYVS-r7qNB4swTvVnORKvBWPW8n7nBH-7ufX08tfErgBlPnSA5idPbyHtECHPJEMHkEGXLXu9yjo518EicYp63YivLyI7oWbEZdcFTlg9koj-QLkxYkeoaBcNQSbqTQ503l_I73PgHsZni_AfdWOPYanXXKfDmA7mn5lant8gbeX7eKR3JMWJJAuDUEsbF23wpcyWY1N9y3nltatffenx63p3VFUDMiHBKZOF7dz6oM6wHjjrgJdHGjjbfz0z1sEs8a-yr8Dm5TmSQ3oaRjG-e8jYrEopVZY8c3XrppLLy6SwFbyrKc-WoWfvqpZUV2OP02FihrpNHPhbuzaT4rqOeZ2CrMfzOIQPaY43QhEr3p7MsqS-F07oCdp0fZFpaWsdnoI0HpAG3v9OljAPubtEq0Q28EAClWawATZ4tfI1gXgBAGIBdvSvbBXoAYugAfktauHGagHp8yxAqgH4tixAqgHpr4bqAfMzrECqAfz0RuoB5bYG6gHqpuxAqgHjs4bqAeT2BuoB_DgG6gH7paxAqgH_p6xAqgHr76xAqgH1ckbqAfZtrECqAeaBqgH_56xAqgH35-xAqgH-MKxAqgH-8KxAtgHANIILwiAYRABGJ0BMgiKgoCAgICACDoNgECAwICAgICogAKoA0i9_cE6WOzt5dfG1ZMDsQl_7wEHajDTioAKA5gLAcgLAYAMAaIMA5ABAaoNAkJSyA0B4g0TCPaj5tfG1ZMDFa8EdwQdsiQAOOoNEwin1-fXxtWTAxWvBHcEHbIkADjwDQKIDv___________wGwDuSf_OYYuBPkA9gTDNAVAZgWAcoWAgoA-BYBgBcBshcQGAEqCjg2MTU4MzQ4NjBQBroXAjgBqhgXCQAAAAAgXPBAEgo4NjE1ODM0ODYwGAGyGAkSAoVUGC4iAQDQGAHoGAHCGQIIAQ&ae=1&gclid=EAIaIQobChMIzbfp18bVkwMVrwR3BB2yJAA4EAEYASAAEgKIDPD_BwE&num=1&cid=CAQS0gEABaugfapyX4YxcQ7PERLVvL8hYY2iVfjm0Ym-kWGicBYZIRV1oc2GLzL_tOgIkRHPGa7GVTLSqeEm7domIvhfTiKDcqOZvA9A8la6nfoSDXsD5qq6s3j2FCD1myfCiYSQSNZkR0eg7jOMmYzLwRtJ1Ep9UDc-GeRrXMQxZ_FWRljKOJcEx1Jcto9LCeqf28YN58_93tSpv2z4Bqdpo4c2pP2ZEzY7e12Qn7R9QXRv73MpL1ZhTYgWG54ZXaxTx8-urSbq2uXxF5BAeRkYHIOu9RIYAQ&sig=AOD64_0M9XPn3yKVYP5ewF66a61TNqFNVg&client=ca-pub-3477346062204992&rf=4&nb=9&adurl=https://aichatbot.co/onboarding/multi-model-tools/deepseek%3Futm_source%3Dgoogle%26utm_medium%3Dweb%26utm_campaign%3Daichatbot_web_go_pmax_wo_en_purchase_product_120126%26utm_term%3D%26matchtype%3D%26device%3Dc%26GeoLoc%3D9100707%26placement%3D%26network%3Dx%26campaign_id%3D23451065471%26ad_id%3D%26extension_id%3D%26gad_source%3D5%26gad_campaignid%3D23455557979%26gclid%3DEAIaIQobChMIzbfp18bVkwMVrwR3BB2yJAA4EAEYASAAEgKIDPD_BwE,https://aichatbot.co/onboarding/multi-model-tools/deepseek?utm_source=google&utm_medium=web&utm_campaign=aichatbot_web_go_pmax_wo_en_purchase_product_120126&utm_term=&matchtype=&device=c&GeoLoc=9100707&placement=&network=x&campaign_id=23451065471&ad_id=&extension_id=&gad_source=5&gad_campaignid=23455557979&gclid=EAIaIQobChMIzbfp18bVkwMVrwR3BB2yJAA4EAEYASAAEgKIDPD_BwE,yes,yes,yes,yes,yes
462,https://www.googleadservices.com/pagead/aclk?sa=L&ai=C2Io3GtvRab6AHN-XjeYPoKbwoAuNpMmdhgHtkr-3wRW_4R4QASDCiLkiYIkDoAHQh_zbAcgBCakCjL1bsl3mOj7gAgCoAwHIAwqqBNoCT9DJiVn1XDbDH-bSqdGbH8uay3Vd9TvD_Zs-Dpr_VmptFldqoX9pqS8zHWT4te5gCbX6eH8hIdfLgG8awfaVQY6Gtqyw6HYMgUT_ehl5ZLxxbOGcGW1VMng9Of3JDq3yCkaMxKZ2Hfj7jFujZBvlYJQx7QcLTqgH6XENEfBKAJCO9YdMXf-oBSgxaSLsjTSHBGgla3WU6k3G_71AaSguKa7Q4_BsZVJD1Habt2p-tp78Ml_hvaok7l4YmQ7Wc14Ga4zaUxXtPohYk0ULsfflMIlv_TH_JKsvzD9ydOj6jU6IyyzoJMwUHWkEkjrYPpU4Mflv01ZO1lV26pfPjHQE8WTwcdfz6n_WtznCu98UwApjqFiLt9LKpLwTDJXD95JRggTlVgtfmcZMyhsI_t7Wm516d8XdebY2k6SWPRwTBPnCeFIPrJuSeHWlQ-UH7z2mKd6uoD45hkGi1cAEq_qt6NgF4AQBiAWf2Oi-V6AGLoAHmPiDpAKoB6fMsQKoB6a-G6gHzM6xAqgH89EbqAeW2BuoB6qbsQKoB47OG6gHk9gbqAfw4BuoB-6WsQKoB_6esQKoB6--sQKoB9XJG6gH2baxAqgHmgaoB_-esQKoB9-fsQKoB_jCsQKoB_vCsQLYBwDSCDAIgGEQARidATIIioKAgICAgAg6DoBAgMCAgICAqIACqIMQSL39wTpY6Jf9q-bVkwPyCBthZHgtc3Vic3luLTM0NDgzNDE4NTI5MjkyNTOxCfg10s12JpGggAoDmAsByAsBgAwBqg0CSlDIDQHiDRMIs7f9q-bVkwMV30vDBh0gExy06g0TCOK9gazm1ZMDFd9LwwYdIBMctPANAogO____________AbgT5APYEw2IFAHQFQHKFgIKAPgWAYAXAbIXEBgBKgo0ODEyMTEzMTUxUAa6FwI4AaoYFwkAAAAAwAjnQBIKNDgxMjExMzE1MRgBshgJEgKVahguIgEA0BgB6BgBwhkCCAE&ae=1&gclid=EAIaIQobChMIvvWBrObVkwMV30vDBh0gExy0EAEYASAAEgJfx_D_BwE&num=1&cid=CAQS4wEABaugfcQ5uiTVXF3IZYfSW6LiLtlSpYEz7ig1hOqM0smTo689iFwZMgGkr9P-flVpcNv6704ZuV89dC-A-XdskZ2DtQDSmYhDZh_QbzljvlyAry_zEi4tnqdaotgrZOySi2tbT3ou9-0Z7hlXOkkL44Ih9v5vqivqi7liu1DYnJi4XyKQkU_d_woYB5IfEqdrwKpJwhW8m5W-8vI8fPo2bok7KKxCiWnQ4LDrSDjHWeejURr9jg2IA88v8NuTVp0EzPlOYOZBTJbjom_tDInM21bgHyS6OK9GIpb0xkMmqZsdyhgB&sig=AOD64_1PLSXjPncvQg79I_e8Rp_rVDJVXA&client=ca-pub-5610521491184789&rf=4&nb=9&adurl=https://id.gmo-cybersecurity.com/register-lite/%3Fgad_source%3D5%26gad_campaignid%3D23485623327%26gclid%3DEAIaIQobChMIvvWBrObVkwMV30vDBh0gExy0EAEYASAAEgJfx_D_BwE,https://id.gmo-cybersecurity.com/register-lite/?gad_source=5&gad_campaignid=23485623327&gclid=EAIaIQobChMIvvWBrObVkwMV30vDBh0gExy0EAEYASAAEgJfx_D_BwE,,,,,
451,https://www.googleadservices.com/pagead/aclk?sa=L&ai=CMbt0EMnQae2KIqOUjeYPx6reoAmWw9uHhgHN9660uBW6iNaUhxcQASDyqukoYImLxIT0E6ABkKrL-D7IAQmpAoy9W7Jd5jo-4AIAqAMByAMKqgSzAk_QrRqO6qDMR5jrByY0CwW41tmW_47lMbR-_qsJ3x9Mkni5MS6RiEBTbr3n_0TgL7Qq4ETrNgprdCgWxy6kUFGf_5PsqCzqXwhFc7okY5NYiejtcitmMQYU07RLdnZ7ic_GWBq5QSB2sUfrcBH8a-4gvfycTZQiZriaBuBo_2ddsEhEdZCniGRMKuTQyoupZa61Il4N9PiIHuZAKJBgMAP5o-GnMg3KoG4BYLOrTZqFqAgFhtXz9hx6MmC-o4aGGIgaCZhcbEXzvfJ7c7M9PJmqIilAXBJ3ojgFb4gAit41_oKX-TymwEq1kjk0mV04mE9gdVU8qq2I45_oE19kqRi8hfIozgmzJ2GM8WipfxPVPYPuHzMPNAnKsu9iCfDF8fGe7i1UTTfpxLzeUh8Eds6pAubABMOlicPXBeAEAYgFvb69mVigBi6AB5Dim9gZqAenzLECqAfi2LECqAemvhuoB8zOsQKoB_PRG6gHltgbqAeqm7ECqAeOzhuoB5PYG6gH8OAbqAfulrECqAf-nrECqAevvrECqAfVyRuoB9m2sQKoB5oGqAf_nrECqAffn7ECqAf4wrECqAf7wrEC2AcA0ggyCIDhgBAQARidATIIqoKAgICAgAg6DoDAA4CAhICAlK7gA6gHSL39wTpY0saBgOHTkwOxCWikOmvP1NoMgAoDmAsByAsBgAwBogwDkAEBqg0CSlDIDQHiDRMIlfmBgOHTkwMVI0rDBh1HlReU6g0TCLeag4Dh05MDFSNKwwYdR5UXlPANAogO____________AdgTA9AVAZgWAcoWAgoA-BYBgBcBshcQGAEqCjQ5MjgzMTMzOTZQBroXAjgBqhgXCQAAAABgFPFAEgo0OTI4MzEzMzk2GAGyGAkSAvBqGC4iAQDQGAHCGQIIAQ&ae=1&gclid=EAIaIQobChMI7dKDgOHTkwMVI0rDBh1HlReUEAEYASAAEgLozPD_BwE&num=1&cid=CAQSggEABaugfZER-UR6QBnVv03sJNPoU6vM966CFnqtfcYJ31I07is8V9Rjlzn2oYArHNMY-nHK5V7aC6uHQn7C3DQPBtWjKvqATqtncZJ9bWj8A5PFp2x7zovKW1AC5wyCIGxmCdh30Dp7w59KF8KZmS2-1fnND2OLSnu9iBsXoeUwhqPHGAE&sig=AOD64_2Zg-rqSNYchHm618ZXNsN2z_oCJA&client=ca-pub-8750086020675820&rf=4&nb=9&adurl=https://www.amazon.co.jp/events/shinseikatsu2%3Ftag%3Dxcmadnw10505790-22%26ref_%3DXCJR26JP002_63-19308462_dig_jp_ss1q-26v2_dtsu_q1-26_daysof_reac_prog_googleads_bannr_x_x_x_x_x%26gad_source%3D5%26gad_campaignid%3D23675756349%26gclid%3DEAIaIQobChMI7dKDgOHTkwMVI0rDBh1HlReUEAEYASAAEgLozPD_BwE,https://www.amazon.co.jp/events/shinseikatsu2?tag=xcmadnw10505790-22&ref_=XCJR26JP002_63-19308462_dig_jp_ss1q-26v2_dtsu_q1-26_daysof_reac_prog_googleads_bannr_x_x_x_x_x&gad_source=5&gad_campaignid=23675756349&gclid=EAIaIQobChMI7dKDgOHTkwMVI0rDBh1HlReUEAEYASAAEgLozPD_BwE,,,,,
471,https://www.googleadservices.com/pagead/aclk?sa=L&ai=CT999YfDRaeOfH5iB0PEPh9H76Aulj6DqhQG1wKOrwRXI_YKqkQ4QASCn9owaYIkDoAHh1LTGP8gBAakCtrusRVH9bT6oAwHIA8MEqgTgAk_Q4MMwdqG6y4HBXtineqPmuS-axdC14jN1GmxrFVJL65vWdQVYRGwzhzORNjNQS3iD6Tx5l_n6I5o4N62z6yNOXnBWWuvz04AuWk4VFm1HXfvpov29iYFq6kGrkSRxv7QtNGWM1KrHKA8I_1vAh9l4BNw6ntBHKJjkLrOn9fvqyCUUjQKRRx1iydyJ3oXSDfRNeKhd_5T4MxvL_Lv3C3mt1HHGSHShuIXlEo6GG71zvaKV6wAm20h-DGS13a-r5WtXzWa2zRYYt3TTgEgLcAy1B6wdBHNucAEQw68CJP4ZjfPWmJTRjOK3mVio2sJLyIXvCqXw86upaNJ8nc9ekYLgKf5yY4lCXGS-6b7OqVF-si8IznmiICa06cKbByUthXS7AZaaLKBDPg9GL2rtwS3tjju_X83WhYalSG4CaUL4Gd9_kJBObIItnbJDdnQQKzBnNnd3Wop3rOn-2eqdKXDABLSI1LfkBYgFot719FegBmaAB-GMhaYaqAenzLECqAfi2LECqAemvhuoB8zOsQKoB_PRG6gHltgbqAeqm7ECqAeOzhuoB5PYG6gH8OAbqAfulrECqAf-nrECqAevvrECqAfVyRuoB9m2sQKoB5oGqAf_nrECqAffn7ECqAf4wrECqAf7wrEC2AcB0ggwCIBhEAEYnwMyCIqCgICAgIAIOg6AQIDAgICAgKiAAqiDEEi9_cE6WMTQrNH61ZMDsQnGknZrSHvhioAKAZgLAcgLAaIMA5ABAaoNAkpQyA0B6g0TCPjYr9H61ZMDFZgANAgdh-gevfANAogOCdgTDIgUAdAVAZgWAcoWAgoA-BYBgBcBshcQGAEqCjk0MjgwNjg5MjNQBroXAjgBqhgXCQAAAABwKQRBEgo5NDI4MDY4OTIzGAGyGAUYZiIBANAYAcIZAggB&ae=1&gclid=EAIaIQobChMIo9Sv0frVkwMVmAA0CB2H6B69EAEYASAAEgI5CvD_BwE&num=1&cid=CAQS0QEABaugfbKgktvVdP5Au43Al8O-Df7ljUQ92IeyX17QooO0vnJaGClWrsmRfAjz4NgHmpjOWN0BU4hE1lJ9iMyZ59735gDxQx2ld5K3XjcMDiBXW41AEmcdIPvohWw01K6qQ4akefu_UVnHlS9MPSMkXjsyXatOHflHY0GPrrkLUKtYHVlPAxmPNUF7Uee7hWAYO9IlyM75TaX2k_VuTwTxhQ2ZurAZgkmc839rd_2TGD52-xJ1l5gFr3R_WVd68722UpYLSwg0PIbSKc5IgX4tfBgB&sig=AOD64_3QMRImhawQ5kwr_nqi_41JT2P1eg&client=ca-pub-2107538958244175&rf=1&nb=0&adurl=https://www.powerivf.com/eggdonation-form%3F%26utm_campaign%3D%26utm_term%3D%26utm_source%3Dadwords%26utm_medium%3Dppc%26ctf_src%3Dd%26ctf_net%3Dadwords%26ctf_mt%3D%26ctf_grp%3D198758958132%26ctf_ver%3D1%26ctf_cam%3D23599083298%26ctf_kw%3D%26ctf_ad%3D798149565021%26ctf_tgt%3D%26gad_source%3D5%26gad_campaignid%3D23599083298%26gclid%3DEAIaIQobChMIo9Sv0frVkwMVmAA0CB2H6B69EAEYASAAEgI5CvD_BwE,https://www.powerivf.com/eggdonation-form?&utm_campaign=&utm_term=&utm_source=adwords&utm_medium=ppc&ctf_src=d&ctf_net=adwords&ctf_mt=&ctf_grp=198758958132&ctf_ver=1&ctf_cam=23599083298&ctf_kw=&ctf_ad=798149565021&ctf_tgt=&gad_source=5&gad_campaignid=23599083298&gclid=EAIaIQobChMIo9Sv0frVkwMVmAA0CB2H6B69EAEYASAAEgI5CvD_BwE,,,,,
482,https://www.googleadservices.com/pagead/aclk?sa=L&ai=Csb7E_u_QafTSC6Tapt8P2onI6AaSkaCnhgG389nSuhSu8ceqskYQASDD0KcZYImLxIT0E6ABx5jerj3IAQngAgCoAwHIA8sEqgTOAk_QZWwFaqVQ-njsv0A2mDHMOGSA3sDuIB4UvbyD77Jpfj_aPFmZBLRCBgRWoqnSW9UUd7a0lHlgMd5sjGILiAD4ZQ1Ucd5CadyK5zXoG9Y282UZnUgmc6SJ1BhG1vUwzzrdPbsQz_8kWWIwR-dD9A-USYmLkYCnxwEbfwXozs1eEo6NFUiL_s0zBeP-SGLuIPHWZHYIfVO745Otc-wZgpTPKxj95TddZ8Kss5dCnPDOlSoEz755IoiuLjZt4pvXbYwZT8LBZlLgQxyAdbFZDxjFHtazKYEOdkgJKR2HPN0CJ_-LYYnG0B2vptwztdIOJ_Kbes65IN_OgrjiSmIfmZR6bW5whE2_iZjCPzOeIX2QQLO6GNuvqGKi7uF9cvuQissUaqcbcwC1ROvJpaqnSsBIsBKLcahCAJxzF3alpZfcOJ3wEyhfAjHFMkK6IWDABM-Jj_KnBeAEAYgF75uNpVXABQX6BQYIJRABGACgBi6AB8fQro4YqAenzLECqAfi2LECqAemvhuoB8zOsQKoB_PRG6gHltgbqAeqm7ECqAeOzhuoB5PYG6gH8OAbqAfulrECqAf-nrECqAevvrECqAfZtrECqAeaBqgH_56xAqgH35-xAqgH-MKxAqgH4tixAqgH4tixAqgH4tixAtgHAMAIAdIIMgiA4YAQEAEYnQEyCKqCgICAgIAIOg6AwAOAgISAgJSu4AOoB0i9_cE6WPKw_Y-G1JMDgAoDkAsDmAsByAsBgAwBogwFSAGQAQGqDQJKUMgNAeINEwiBgf6PhtSTAxUkrekFHdoEEm3qDRMIkNSAkIbUkwMVJK3pBR3aBBJt8A0CiA7___________8BsA7D-O7LGOASq-Pz5-_akM402BML0BUB6RUCA97gxtjZLPAVsIyd8RP6FSdzaG9waWZ5X1paXzc4MjMyODk3NDU0OTJfNDI2ODAzODQzMjM2NjiYFgHKFgIKAPgWAYAXAbIXEBgBKgo5MTMwMTcyNjI5UAa6FwI4AaoYFwkAAAAAaPYFQRIKOTEzMDE3MjYyORgBshgJEgLFaBguIgEB0BgBwhkCCAE&ae=1&gclid=EAIaIQobChMI9MmBkIbUkwMVJK3pBR3aBBJtEAEYASABEgImFvD_BwE&num=1&cid=CAQScAAFq6B9B3bWnR-HvyuIZwz6QfarjC3uWCBMpL95Exs-ZT4xHCFNsFByHsNJ61z7SmpFUT-7eFDo6m7zmrkp2_m38CtN9bpJ51KnNCson97k_grgR1RGF-CIeCLzNB3iJEqrFcR5-Ro-tohzX2fm-DwYAQ&sig=AOD64_0bhUcMCt9KmJjO9Le-9O0QglD5-Q&ctype=5&client=ca-pub-2476470713677313&nb=9&adurl=https://jp.plaud.ai/products/plaud-note-for-referral%3Fvariant%3D42680384323668%26country%3DJP%26currency%3DJPY%26utm_medium%3Dproduct_sync%26utm_source%3Dgoogle%26utm_content%3Dsag_organic%26utm_campaign%3Dsag_organic%26utm_source%3Dgoogle%26utm_medium%3Dads%26utm_campaign%3DBrand_JP_CV_PR_T1_PM_AO_250811-RMKT-Pmax-ALL%26gad_source%3D5%26gad_campaignid%3D22894824943%26gclid%3DEAIaIQobChMI9MmBkIbUkwMVJK3pBR3aBBJtEAEYASABEgImFvD_BwE,https://jp.plaud.ai/products/plaud-note-for-referral?variant=42680384323668&country=JP&currency=JPY&utm_medium=product_sync&utm_source=google&utm_content=sag_organic&utm_campaign=sag_organic&utm_source=google&utm_medium=ads&utm_campaign=Brand_JP_CV_PR_T1_PM_AO_250811-RMKT-Pmax-ALL&gad_source=5&gad_campaignid=22894824943&gclid=EAIaIQobChMI9MmBkIbUkwMVJK3pBR3aBBJtEAEYASABEgImFvD_BwE,,,,,
460,https://www.googleadservices.com/pagead/aclk?sa=L&ai=CBNIccdbQaYzQPPKP0PEP0NmMwAjc45GmhgGy36q1mBXd2R4QASDiuKiTAWCJi8SE9BOgAYyz1MA9yAECqQKMvVuyXeY6PqgDAcgDyQSqBKcCT9CshMcL4sxQmKp-0__qCK868qH7-b5lXnZ_2NXr8347Mf7hxvCg3ko4jvEhHgi4hA8kOhlHC8JvrpqxSrvKTR19hlIENYeD4ZofYvNLsf0PmlTxhVpxChaTFUgJjyo6t4UP4EGdEspx5rz4IHvv2_n_SyDbWywtS2rnj2GTRgaRNEnHzUA0kk5MaJBUHCA__Od1IKso-nOQ_cdHgWrROusPOipTROvqZL-zOi16DDXQITcWiwV9MTMAfnoNle4wqWnInI0-ZbgPtQxiKiqOyvR4uRjz0JSyjGVSZ0GJ9z4YYWlHODV5AuZWqA2xdcaMhlNl0G8NwVeAx---KCAsr-RSmc6sR8MsOlnEHeJ9Q7JFR-7_6uu8L-o0Tw6lqYseEKYax8aH4MAE58uq5Z0FiAXr29HwT6AGAoAHjOukoBioB6fMsQKoB-LYsQKoB6a-G6gHzM6xAqgH89EbqAeW2BuoB6qbsQKoB47OG6gHk9gbqAfw4BuoB-6WsQKoB_6esQKoB6--sQKoB9XJG6gH2baxAqgHmgaoB_-esQKoB9-fsQKoB_jCsQKoB_vCsQLYBwHSCC8IgGEQARjdATIIioKAgICAgAg6DYBAgMCAgICAqIACqANIvf3BOljMz7Dh7dOTA7EJX9iSOuiIvMuACgOYCwHICwGiDAOQAQGqDQJKUMgNAeoNEwjv0LPh7dOTAxXyBzQIHdAsA4jwDQKIDgnYEwzQFQGYFgHKFgIKAPgWAYAXAbIXEBgBKgo2NDkxMTI1MTAyUAa6FwI4AaoYFwkAAAAAQJ70QBIKNjQ5MTEyNTEwMhgBshgJEgL8WxgCIgEB0BgB6BgBwhkCCAE&ae=1&gclid=EAIaIQobChMIzMyz4e3TkwMV8gc0CB3QLAOIEAEYASAAEgJ3kvD_BwE&num=1&cid=CAQSvwEABaugfZH4dWyE-egotob_qVIQfDsLtjNfO6JeymkXY-oHPzzvp2X2KVsB4e3Ldfwfgqeq0wTAyHkgva7luqdZz2Av6XlIMKWGJaDUE23KNIFGcFdpti8VhR0AruC7qZYiKITt9qTQ6Xaf9molshwmYrTpaLPVjnZO0fAL_3gBtcBmobE6KD_hjIxTqig6MCiuqXnFpYcC_liNDgSIAgaDH2mCox_POtFYppdKXmVBZyq5fqrtWsKmvPT6tBdGJxgB&sig=AOD64_3Q76kR-AzUhUgNqnaG9WyQ3rDmcA&client=ca-pub-1714061154748628&rf=2&nb=2&adurl=https://regain-suppli.jp/stc/campaign/lp/curebo/gd40/default.aspx%3Fgad_source%3D5%26gad_campaignid%3D21442620907%26gclid%3DEAIaIQobChMIzMyz4e3TkwMV8gc0CB3QLAOIEAEYASAAEgJ3kvD_BwE,https://regain-suppli.jp/stc/campaign/lp/curebo/gd40/default.aspx?gad_source=5&gad_campaignid=21442620907&gclid=EAIaIQobChMIzMyz4e3TkwMV8gc0CB3QLAOIEAEYASAAEgJ3kvD_BwE,,,,,
472,https://www.googleadservices.com/pagead/aclk?sa=L&ai=CvSLnhcbQabe1MJ6CvcAPvZHw-AiU4LPohQHI6ZLd6xWe4Pi0FhABILyW4RBgiYvEhPQToAHz7bbBA8gBCeACAKgDAcgDCqoEggNP0KK4td450fgWyyeYuVkBDwdkFrwQfSgLTwolVqx4Ykyg3k9XVBmXaRTFLJcLVENlQKesJewzAhwnY_sutmTpMycqIN-83q-YkiXZF1Cn3WJuyJ1BSaze7bL6gqIqdS6io7Ztcg026KQdUzHedGUC0-mYfpZBctdiz2q2KmTJE-oRTGe3jQm9EwVtjp_SRDOyK2-MhTtBz_zSUoAmUVE_Yib8cNkxBmS6bVWEmpj3XI4pUtXpB4A4PPg9HSEtKZay1fHUZ5mbALmqJ1rmCM0paK6D4508Yyjh1G7q_zgA0BJepW90L5EiduHe8xQqOYjhWHYSYQRhoOqEwfSBVXLnlDmi8MOVg5Iae57pnvaiuyoTuux67gu4aChaYG3SsvtgoTkUmM2gQJe9--S-Rh0YeBrqRz2S-DrdQ50aYG7rnzF2Oi8InZfMgzaZLTlIcOgBYXTTd5h2MP05vC-NW0C0fV_0zGyFeOXDKeJdUgrsDlKja-4kjFvBhGkGIsq0ANqgVMAE4_P5z9QF4AQBiAWEqYX9V6AGLoAH9ZHJPqgHp8yxAqgHpr4bqAfMzrECqAfz0RuoB5bYG6gHqpuxAqgHjs4bqAeT2BuoB_DgG6gH7paxAqgH_p6xAqgHr76xAqgH1ckbqAfZtrECqAeaBqgH_56xAqgH35-xAqgH-MKxAqgH-8KxAtgHANIIMgiA4YAQEAEYnQEyCKqCgICAgIAIOg6AwAOAgISAgJSu4AOoB0i9_cE6WMWL2cne05MDsQlTz99h1N1KPIAKA4oK4wFodHRwczovL21vbml0b3IuY2xpY2tjZWFzZS5jb20vdHJhY2tlci90cmFja2VyLmFzcHg_aWQ9N3BDeTZPWDMyMmRhbUYmYWRwb3M9JmxvY3BoaXNpY2FsPTkxOTg4ODMmbG9jaW50ZXJlc3Q9MTAxODEyNyZhZGdycD0xOTQ1MTQ5NDI0MzUma3c9Jm53PWQmdXJsPXtscHVybH0mY3BuPTIzNjE2MTE1ODQ0JmRldmljZT1jJmNjcHR1cmw9aWRyaW5rcHJvZHVjdHMuY29tJnBsPXRoZWd1YXJkaWFuLmNvbZgLAcgLAeALAYAMAaoNAkpQyA0B4g0TCObM2cne05MDFR5BDwIdvQgcj-oNEwidrdvJ3tOTAxUeQQ8CHb0IHI_wDQKIDv___________wG4E-QD2BMNiBQC0BUByhYCCgD4FgGAFwGyFxAYASoKNjczMTg0MDI1MFAGuhcCOAGqGBcJAAAAAFgxCkESCjY3MzE4NDAyNTAYAbIYCRIC404YLiIBANAYAcIZAggB&ae=1&gclid=EAIaIQobChMI94vcyd7TkwMVHkEPAh29CByPEAEYASAAEgJrPPD_BwE&num=1&cid=CAQScAAFq6B9QJPpnIumhWRwOpjjfVvw0gZjcaYeAheom-UUCO9xFtJ4hjYw9W8VXuz5sNMnFIYnR8ztOrn1HRn8AwpXoWay-EQ3XvbnkgxmNB1d8Z0YR2Q6CsBQZ2oQCFQ-i5HQqoRRM8dhj_n4hae5B2oYAQ&sig=AOD64_172nqBflYufeKZW033yMI9BO3OVQ&client=ca-pub-2012933198307164&rf=4&nb=9&adurl=https://idrinkproducts.com/products/drinkmate-ultimate-bundle%3Fgad_source%3D5%26gad_campaignid%3D23616115844%26gclid%3DEAIaIQobChMI94vcyd7TkwMVHkEPAh29CByPEAEYASAAEgJrPPD_BwE,https://idrinkproducts.com/products/drinkmate-ultimate-bundle?gad_source=5&gad_campaignid=23616115844&gclid=EAIaIQobChMI94vcyd7TkwMVHkEPAh29CByPEAEYASAAEgJrPPD_BwE&gclid=EAIaIQobChMI94vcyd7TkwMVHkEPAh29CByPEAEYASAAEgJrPPD_BwE,,,,,
468,https://www.googleadservices.com/pagead/aclk?sa=L&ai=CNCWmbtDQadC8E9OvgeAP-qio4Qq4tbujhgHEjbueqRXAjbcBEAEgtM6VCGCJi8SE9BOgAZ2O9-IqyAEJqQKMvVuyXeY6PuACAKgDAcgDCqoE3wJP0Bi5pr3kkW6oMVUPVwMV6kerg1ApUukZ2fnFc1lHFzPUv-pidaJCpJIZ9T01DFzSBN1tuUbXprkDsW2GSy-qqwqNtTJJ-Fe3LbnaoPCTfatCSzKopCmBZYnpa8Zh449wHkSGpkKE94t8G0ZZArM15y4YcGEEoLZLQ9kqGEg9MNre9eqddAjrNvIGH_otErDgr3AOCzCXzGi5oMnIacbkKzNlt3_ExGx8TPeQ-IgycxUJJtnUEzOCvygFS_57LspuQh-HkV_F6REf7Mp9MJo73tXXVJ25Mf2uSx91HBNNudze2WYPz-D1m-DkfD-SxsU76QLhzZNhWWptrStPa2UcbJ9sCMNIGcw3h9B4M7XnZwaVdm4BwtZO17YDOdxyCuRCQN5KaEamB_pbs6nTFRtTJmpsH-yBieydisr2dfdITWts8K_4pY-Vv-ivKIFWJnHD9pCSpSywy4X4pSsEy3zABNTn_sfqBOAEAYgF7PXH0E6gBi6AB53Gx8IFqAenzLECqAfi2LECqAemvhuoB8zOsQKoB_PRG6gHltgbqAeqm7ECqAeOzhuoB5PYG6gH8OAbqAfulrECqAf-nrECqAevvrECqAfVyRuoB9m2sQKoB5oGqAf_nrECqAffn7ECqAf4wrECqAf7wrEC2AcA0ggvCIBhEAEYnwEyCIqCgICAgIAIOg2AQIDAgICAgKiAAqgDSL39wTpYgp-bg-jTkwOxCZxujkHrWl3TgAoDmAsByAsBgAwBogwDkAEBqg0CSlDIDQHiDRMI_8Kbg-jTkwMV01cABh16FCqs6g0TCOSDnYPo05MDFdNXAAYdehQqrPANAogO____________AdgTDNAVAZgWAcoWAgoA-BYBgBcBshcQGAEqCjk3Mzc2MzA1NTJQBroXAjgBqhgXCQAAAACQcPBAEgo5NzM3NjMwNTUyGAGyGAkSAsdOGC4iAQDQGAHCGQIIAQ&ae=1&gclid=EAIaIQobChMI0Kudg-jTkwMV01cABh16FCqsEAEYASAAEgJMkfD_BwE&num=1&cid=CAQS4wEABaugfcFABG9oyjYPVFwN-lJ-6e4Ryv6oQJgZBlMs_g7fBLe6nQqB90ljJQ1AcKVLt4M33ONnk7l4OhimuiKTnd_cYPXEawdQw6F3E1j6xCdIuwBjynvbh59P_umYlNmjJi_RnFLb0vzKcKHHnCv2qbFIfIxCdKVSfMj7clBEH2gEV-ePronJVRjrw60TLxaZs_fPg8t_tGUItRELcGMD6ak445nq3uY0ouA5xOBf01yRPFvKlQUrBVI7wzSpuRf-6T0m7SnxLw19DQ4uEOGd-xILjXjdW4UcSWqQp5l-4hb15xgB&sig=AOD64_1yQybnCdXw22BuBodFQ3hX-DkwEA&client=ca-pub-5190935653373739&rf=4&nb=9&adurl=https://apac.bioprogramming-club.com/hairbeauron-107d-plus-straight.html%3Fgad_source%3D5%26gad_campaignid%3D21106916076%26gclid%3DEAIaIQobChMI0Kudg-jTkwMV01cABh16FCqsEAEYASAAEgJMkfD_BwE,https://apac.bioprogramming-club.com/hairbeauron-107d-plus-straight.html?gad_source=5&gad_campaignid=21106916076&gclid=EAIaIQobChMI0Kudg-jTkwMV01cABh16FCqsEAEYASAAEgJMkfD_BwE,,,,,
