id_csv,gg_ads_url,advertiser_url,run_1,run_2,run_3,run_4,run_5,unique_run_1,unique_run_2,unique_run_3,unique_run_4,unique_run_5
1,https://www.googleadservices.com/pagead/aclk?sa=L&ai=Cq106UwO4aYjyN8f26tkP67CzmQPorNPKhQHRzofmyxWa9bKwBRABILq-8BZgyZ75hoCAoBmgAdyo4Nk_yAEJqAMByAPLBKoE8wFP0D3BgNNCFWvPZ-1MfLwMTBpIv_Qx8k8ENHv4FVgekHsPjZpAqH2bUiyRoPd1sjqyyj-V6y36hXgQJ0x6wkqLwTp7Xxeihpihg898FChhF2vU4RiGci7qVBKKreKxKsTNSmN3Ffxq4vejcF-v1-1-7DLHJsTyk0WsjDlb6EUItbgX4a28E67JuYJj4q2C1dRt8SgpjUOKb-fD_yEcrqKztL-XRUR7BZnz6xjdzRswbJ0Ut74lgvjjFzBMV_lYJSIjJwm6__7ll3BNvrU_lWvxZn0XOggJtDQTZh8u94BRa5TLADdWMIPdp-sD8wccWGxyy0bABJzu04XxBYgF5onD91egBi6AB9zgsLkaqAenzLECqAfi2LECqAemvhuoB8zOsQKoB_PRG6gHltgbqAeqm7ECqAeOzhuoB5PYG6gH8OAbqAfulrECqAf-nrECqAevvrECqAea4bECqAfVyRuoB9m2sQKoB5oGqAf_nrECqAffn7ECqAf4wrECqAf7wrEC2AcA0ggvCIBhEAEYADIIioKAgICAgAg6DoBAgMCAgICAiIACqIMQSL39wTpYupX2i8GkkwPyCB9iaWRkZXIteGFwaToxNzU2MTg6dmxXQVlrS19ZQndrsQmBFuF0fon514AKBJgLAcgLAYAMAaIMA5ABAaoNAlVTyA0B8A0CiA7___________8BuBPkA9gTDYgUBNAVAZgWAcoWAgoA-BYBgBcBshcOGAEqCjg4NTM2OTY3NTG6FwI4AbIYBRguIgEA0BgB6BgBwhkCCAE&ae=1&gclid=EAIaIQobChMIyOechsGkkwMVR7s6BR1r2CwzEAEYASAAEgLLRfD_BwE&num=1&pr=8:57FADDEB999C3A1F&cid=CAQShAIA56J1eZ2RkZy2PA70EepYTxUS8-QlvXnTWL854cFhWzV0TKzS0ySxh_W9SkrXuxzc_xYOirMlRhnwXQ1RjuvDMXYygyNrTxW3YEdqBex339wd_QTESKLcmdci7PhfXAKf8nN4Vgfi29UwSBV88zvHrPeqnRkNaF28buDJKBJfIeuFHMcXc7CbQLFhyJc9dy09XqYFlKOm3IyPWtkQ8Lsm9IQLPm6tQnwj1EiRGGbU5jhaZ9ATt_arqGdQDweVVJZ8vH4DUe-S2tEc15cng3HcD7-YCPD8T9zgGFuVh2PdsPE-G61NtfqzS-19RqN0IjToRgS5pBTDscIAY2lZ-l61thvHYxgB&sig=AOD64_1ZKIVKb8eqm5XAcEUm0I_fYgFIjQ&client=ca-pub-6579838053286784&rf=1&nb=9&adurl=https://consumersavingshub.com/blackoptic/us-trk1.html%3Fcid%3D23604544742%26adid%3D202143758108%26extid%3D%26targetid%3D%26locint%3D%26locphys%3D1014226%26matchtype%3D%26network%3Dd%26device%3Dc%26devicemodel%3D%26creative%3D798458493822%26kw%3D%26placement%3Dcbsnews.com%26target%3Dcbsnews.com%26pos%3D%26v%3D106_us_d-mc_blackoptic_dis-t%26gad_source%3D5%26gad_campaignid%3D23604544742%26gclid%3DEAIaIQobChMIyOechsGkkwMVR7s6BR1r2CwzEAEYASAAEgLLRfD_BwE,https://consumersavingshub.com/blackoptic/us-trk1.html?cid=23604544742&adid=202143758108&extid=&targetid=&locint=&locphys=1014226&matchtype=&network=d&device=c&devicemodel=&creative=798458493822&kw=&placement=cbsnews.com&target=cbsnews.com&pos=&v=106_us_d-mc_blackoptic_dis-t&gad_source=5&gad_campaignid=23604544742&gclid=EAIaIQobChMIyOechsGkkwMVR7s6BR1r2CwzEAEYASAAEgLLRfD_BwE,,,,,,,,,,
2,https://www.googleadservices.com/pagead/aclk?sa=L&ai=CUUrLL7q4abPsK5eJ3NMP17vvqQP_idipftSN7tSBC2QQASD0g7kbYMeVgI6EJqABhO--ggPIAQapArr0AG6STbM-4AIAqAMByAMKqgTSAk_Qz91adlHxw4_HD3Z31hrM2yzx--MKPHltsCMwWbC9rQK887GjDZpmJHwktPz0xWuc5o5gS7XGGjFll_eVV7sK5kA34P23s5x5yh3PT4cGBvDuid-WtiQG4iOA2q2oZy4__2RM8nB0kK1tvxtPOnhJYFqtPLDfkCUIU8Txl0kbRoR1HyHLG7A4t6UWcItA30jinBQZqFOutFlKsFL6hhz_ephVi0WV9LXhaNt6IXd1pBsQss8qR01F9rj4XOC39cVaj9zFD43KelF_9VvDz4_BL0Zn4jnR0nsaSG63CX0Rq5S9R6AooyBuI8cBZvMYI_-E1DNQlq-toIPCdE6d6qEiaItUrAblcv_0c-hSdBBque9GyNLgkKUJbg-lc4DGGu6fHl0eYe0SrFJIPLKrVLKLZaq3b5JF18J4CvW-r5rb3yyoSeHyDCik7oZz8zJ1SVD3wATb5ZDTyAHgBAGIBeDIpf0EoAY3gAfkkMF9qAenzLECqAemvhuoB8zOsQKoB_PRG6gHltgbqAeqm7ECqAeOzhuoB5PYG6gH8OAbqAfulrECqAf-nrECqAevvrECqAfVyRuoB9m2sQKoB5oGqAf_nrECqAffn7ECqAf4wrECqAf7wrEC2AcB0ggvCIBhEAEYnQEyCIqCgICAgIAIOg2AQIDAgICAgIiAAqgDSL39wTpY1vjZt--lkwOxCfKF_7W1EBhQgAoDigrbAWh0dHBzOi8vbW9uaXRvci5jbGlja2NlYXNlLmNvbS90cmFja2VyL3RyYWNrZXIuYXNweD9pZD1iT1FlTnRuTzJ3aEUxNCZhZHBvcz0mbG9jcGhpc2ljYWw9OTE5NTk1NSZsb2NpbnRlcmVzdD0yNDEwJmFkZ3JwPTUzODYxNDI5OTc5Jmt3PSZudz1kJnVybD17bHB1cmx9JmNwbj0xMzM2NTAxMzQ0JmRldmljZT1jJmNjcHR1cmw9dGF0dGFob21lLmNvbSZwbD13d3cubmV3eW9ya2VyLmNvbZgLAcgLAeALAaoNAlpByA0B4g0TCLmj2rfvpZMDFZcEdwQd1907NeoNEwjf-Nq376WTAxWXBHcEHdfdOzXwDQKIDv___________wHYEw2IFAHQFQHKFgIKAPgWAYAXAbIXDhgBKgo5ODE3NjI2ODE0uhcCOAGqGBcJAAAAAPDbBEESCjk4MTc2MjY4MTQYAbIYCRICrVEYNyIBANAYAcIZAggB&ae=1&gclid=EAIaIQobChMI87_qt--lkwMVlwR3BB3X3Ts1EAEYASAAEgIRW_D_BwE&num=1&cid=CAQS5AEABaugfQLUEkeDl-LHkPOjJ_9nMLxIN62Si-XUf9qb6M1iEc6czEytL6LAfQ9Z-pj33Tf31xq1ROBOmaYY99RQ6fKlbHHER8SNHOaWrQXxMYlo22jZwURpJhcvXdkySo2-wp6csDSEIUsr5kd4abQ2kijsnYnNd6xMw2UvpELHFDONuW0vhydhqvmL_abZGA5ZhAQxSXCrGHQ1dtxJ3bSGS7YOeSqEl0AvhiIOd9pMWyuBPhvzgildAEBjsrUIwf-bh5KHgj_BKD-1L97HScIy1HARSVNCyuV5aXbG1BkeU3bh_GsYAQ&sig=AOD64_3MBojYRI4CKgodDRBSV6EMIH3mJQ&client=ca-pub-3844877863303739&nx=CLICK_X&ny=CLICK_Y&uap=UACH(platform)&uapv=UACH(platformVersion)&uaa=UACH(architecture)&uam=UACH(model)&uafv=UACH(uaFullVersion)&uab=UACH(bitness)&uaw=UACH(wow64)&uafvl=UACH(fullVersionList)&nb=9&adurl=https://www.tattahome.com%3Fgad_source%3D5%26gad_campaignid%3D1336501344%26gclid%3DEAIaIQobChMI87_qt--lkwMVlwR3BB3X3Ts1EAEYASAAEgIRW_D_BwE,https://www.tattahome.com/en/?gad_source=5&gad_campaignid=1336501344&gclid=EAIaIQobChMI87_qt--lkwMVlwR3BB3X3Ts1EAEYASAAEgIRW_D_BwE,,,,,,,,,,
3,https://adclick.g.doubleclick.net/aclk?sa=l&ai=CYl2-Ike3aeGnE8GfjeYP15Hh0QuJl5bvhQHbu_yjvxW2kB8QASDj9rOqAWCJA6AB7JrZuQPIAQmoAwHIA8sEqgSMAk_QeHHuAp_xYUnWcA8nrl_nPVDnSfyKMB3xoEjamaQH7dS7-tUxaSs2ZdItObZF4z47pNsqbDGf9qTN1UX37UGkhWN5II9V9fkEYgBX0x0IoWyyetzCm4Yt5VnABZdVFSBjM9jkm6C1INsK8ZWKmYUnLT4BFjpfGyPGb3dXJp9zmg-5m_voZcCjQSTalDPpCI6iKe_styL7zMMTnu6ugzHGHFITYBkclKCOGOMrjvoZWcMIHncIjvpYCMKhsjA6XOQHqBGoQljx4y32UDAo4HMZMU7aNMz-IYxkIhsPyDQ9VDaZiCP2WhmRpJpWdC1Xjr_8c63O01HR35zktcvqZgJvdOTrrd2Vlt57X9LABPmTpOPgBYgFx8zTjligBi6AB_zkpkaoB6fMsQKoB-LYsQKoB6a-G6gHzM6xAqgH89EbqAeW2BuoB6qbsQKoB47OG6gHk9gbqAfw4BuoB-6WsQKoB_6esQKoB6--sQKoB9XJG6gH2baxAqgHmgaoB_-esQKoB9-fsQKoB_jCsQKoB_vCsQLYBwDSCC8IgGEQARifAzIIioKAgICAgAg6DYBAgMCAgICAqIACqANIvf3BOljSqq3JjaOTA7EJnJvSpp9P3RCACgGYCwHICwGADAGiDAOQAQGqDQJKUMgNAeoNEwiOxK3JjaOTAxXBT8MGHddIOLrwDQKIDgm4E-QD2BMDiBQB0BUBmBYByhYCCgD4FgGAFwGyFw4YASoKOTA5ODg4MTMwN7oXAjgBqhgXCQAAAAB4NAlBEgo5MDk4ODgxMzA3GAGyGAkSApNOGC4iAQDQGAHCGQIIAQ&ae=1&gclid=EAIaIQobChMI4cCtyY2jkwMVwU_DBh3XSDi6EAEYASAAEgIKMPD_BwE&num=1&cid=CAQS0gEA56J1efV5HzQlzM_JFpbV2XzvC5kSuWTZ_p0yKmbM4FQApQHCXmo8NqDv591lQ-c7poz79vWUYBuvF1yC6F4idb4rpRMN6ket-vh8diTuzEkjUKpF4PKeDojjHdOm6I0q_HX3aHDSBUjxiCO0Ry3fKASX7fFEu8AtbayHcBJquUdLewx5hs1gSUXpFUGXsK1RvcjMnFAfAfiCkPkB07b08ZTk7WMDFtL39sBKuGsGwWVgtqTUGSY0Al8Dyco7R3OHbj9tI5YySW1c4yMrUDq2TH8YAQ&sig=AOD64_3cnUy7mY2oJPDrmLZk_46I4RktcQ&client=ca-pub-9378280564130997&rf=1&nb=9&adurl=https://rrproperties.mu/park-west-residence/%3Fgad_source%3D5%26gad_campaignid%3D23653049927%26gclid%3DEAIaIQobChMI4cCtyY2jkwMVwU_DBh3XSDi6EAEYASAAEgIKMPD_BwE,https://rrproperties.mu/park-west-residence/?gad_source=5&gad_campaignid=23653049927&gclid=EAIaIQobChMI4cCtyY2jkwMVwU_DBh3XSDi6EAEYASAAEgIKMPD_BwE,,,,,,,,,,
4,https://www.googleadservices.com/pagead/aclk?sa=L&ai=CXm5oD7K2ae-wEdmRpt8P95uEuAmIxaiwgQHuw_u-1hSN5tq_zQEQASCWo-6kAWCJi8SE9BOgAc-SvdICyAEG4AIAqAMByAMKqgTLAk_QogNXVkU9pCl1hkv3iPP3K6rIfIeRZM6zCsTa3is59nh1azhBighz2Oq0gXpw_rjMrxOQx-poIidexD3Feq7E1tzN-4jcGlJy2HQEnoAHEGnrFW6MoRyWXAubl5cuem1G5X5KEgGA5LT21nGsqkJnX7O7PbHMHjIB3zvLqdS3OOUDH3EMdNvNe1XrMxQBAuLD1bpbKXV2Kvb-2OK2J8VBztByWdZvBhyGnuiJscGEtqzSIzc_aR_7HoTgikSpSxCW8II6Z8tuV07st_VmDVmj4RIz_fFwId-6MT_izhnhddyHM5NHNr116DIM2xOTckmrhMKSzpsgvKZ8M1HatQUHcZQ8JawRr8uwHl5M2YnX4IdnsGgBAWWzvDrTRHZUuhFQ7Hyik2VVIi5bIC3byK4qZr_Lfwj5-0m0zRaRWgC_DVZVf5nzcJluvZTABOD0_IerBeAEAYgF5e-l_lSAB5ntwq0BqAenzLECqAfi2LECqAemvhuoB8zOsQKoB_PRG6gHltgbqAeqm7ECqAeOzhuoB5PYG6gH8OAbqAfulrECqAf-nrECqAevvrECqAfVyRuoB9m2sQKoB5oGqAf_nrECqAffn7ECqAf4wrECqAf7wrEC2AcB0ggvCIBhEAEYnQEyCIqCgICAgIAIOg2AQIDAgICAgKiAAqgDSL39wTpY097ks_-hkwOxCWxuoprJ5kg_gAoDigrbAWh0dHBzOi8vbW9uaXRvci5jbGlja2NlYXNlLmNvbS90cmFja2VyL3RyYWNrZXIuYXNweD9pZD0zQnd4V0FNd1hTZFJIYSZhZHBvcz0mbG9jcGhpc2ljYWw9OTE5ODg4MyZsb2NpbnRlcmVzdD0yODQwJmFkZ3JwPTE4MzM1ODE0MzA3MiZrdz0mbnc9ZCZ1cmw9e2xwdXJsfSZjcG49MjI4MTM0Mzk5NzMmZGV2aWNlPWMmY2NwdHVybD1jb21wbGlhdHJpYy5jb20mcGw9d3d3LmluZGlhLmNvbZgLAcgLAeALAaIMA5ABAaoNAkpQyA0B4g0TCMGU5bP_oZMDFdmI6QUd9w0Bl-oNEwjOt-az_6GTAxXZiOkFHfcNAZfwDQKIDv___________wHYEwPQFQGYFgHKFgIKAPgWAYAXAbIXDhgBKgo3NTA5OTY1MjE1uhcCOAGqGBcJAAAAAMDXAUESCjc1MDk5NjUyMTUYAbIYCRICrFMYASIBANAYAcIZAggB&ae=1&gclid=EAIaIQobChMIr_Tms_-hkwMV2YjpBR33DQGXEAEYASAAEgLeOPD_BwE&num=1&cid=CAQS5AEABaugfWPpgU2mQ6Rx2avHoAQsREgHDh-wIXkJ3WPJHZHAgAcftDai0q3ZwBJQrlR0-TJgDzcgU8vidLyZv8s529ndADlqdZNpwBimbT56xdrWlejWIvnd4N6ezEjMktAF6sE5Vc66JgkcE7pwx1J-OE6Osjlz0CBD4XOOmzF9T-NZOHibdlK4HRqSXxbnvCp7_Y9SuQmcguAVKDuWZf2ncGBC8gU8PdQeUCIsYt0kwIvTDfHQm03uRgTnK5UHdxkQW_h4Rv3AKwOty_LPcoDBp3iLC1xeGboNEJnbJM94H-5rOCcYAQ&sig=AOD64_1BqzNnui5mqpwzXYzayenhSXG0Qw&client=ca-pub-3872674820285626&rf=4&nb=0&adurl=https://compliatric.com/%3Fgad_source%3D5%26gad_campaignid%3D22813439973%26gclid%3DEAIaIQobChMIr_Tms_-hkwMV2YjpBR33DQGXEAEYASAAEgLeOPD_BwE,https://compliatric.com/?gad_source=5&gad_campaignid=22813439973&gclid=EAIaIQobChMIr_Tms_-hkwMV2YjpBR33DQGXEAEYASAAEgLeOPD_BwE&gclid=EAIaIQobChMIr_Tms_-hkwMV2YjpBR33DQGXEAEYASAAEgLeOPD_BwE,,,,,,,,,,
5,https://www.googleadservices.com/pagead/aclk?sa=L&ai=Cg6zw7IS3aerMIfyDvcAP2seKyQHClrylhAH7j-T-9RO--d6MhA8QASDH6_YeYMeNgY6EJqAB3-7u3wPIAQmpAh7QvDAcP7Y-4AIAqAMByAMKqgScA0_QM6wPsQlB62LMyDqSKPDIbjHHogk14eIZcpfw_gkT4YK0WFXF18lk5OCPjt7Ep7YUiRL5In5VSVmLMHLZdE-4KZsKXacOuMgkCezUgfVXzq9zrFAmAHYPj1fdjwPIBlHu_ySd_m4CHp_SZLnbncXXrs7mWgdLL8XA7_5_riMYkNIpv8bDOKNy4ARXc7914_yfGL1tGkOI9bpttOiUxcROlTlSNsBxOoxU-EnGYlIGw8LJfwAjH06t5Nw61F-CnNcbPgHoHiUpz8Ebf70lK8iEZ__y4CbzyK65N8hDGDTTDjjFaY5kD8Qztsqm9YQj97l-04UKX8SjkyDEQFAFMc2A4z0tBh9b8bYZLvnmBOWY7qG10oq5Z5GbQf9k_KWed9h8CXmHncx40QuDrBo6exl5J3xi8HJMwpoq7R5i489lCuspXu4wnJr6eOeyqc-b4estihrQXk0eHYscuD2NdTDr1QSGCaL7oMkGS2xAjpHdteRg3meiGZswqw1ZrfqJESY-XAn8biJ3i61M_RGUwvVqi36IhcAhLN340LXABNaW_MGQBeAEAYgF7uKcvVOgBi6AB4mRkSCoB6fMsQKoB-LYsQKoB6a-G6gHzM6xAqgH89EbqAeW2BuoB6qbsQKoB47OG6gHk9gbqAfw4BuoB-6WsQKoB_6esQKoB6--sQKoB9XJG6gH2baxAqgHmgaoB_-esQKoB9-fsQKoB_jCsQKoB_vCsQLYBwDSCC8IgGEQARidATIIioKAgICAgAg6DYBAgMCAgICAqIACqANIvf3BOljk5IfAyKOTA7EJmdqWzCBRTbmACgOYCwHICwGADAGiDAOQAQGqDQJaQcgNAeINEwj_k4jAyKOTAxX8QQ8CHdqjIhnqDRMI8rCJwMijkwMV_EEPAh3aoyIZ8A0CiA7___________8BsA6vjtO6GNgTC9AVAZgWAcoWAgoA-BYBgBcBshcOGAEqCjIwMzE0Mzk3ODW6FwI4AaoYFwkAAAAASKQAQRIKMjAzMTQzOTc4NRgBshgJEgK7TxguIgEA0BgBwhkCCAE&ae=1&gclid=EAIaIQobChMI6vKJwMijkwMV_EEPAh3aoyIZEAEYASAAEgLYAfD_BwE&num=1&cid=CAQS0QEABaugfSvGlrj295A6TgMVrOJTvopRSBj11oMimxDKudYk2vEP1_qP3YhXATEPSru-rmeuaRrpGSqCnTRpToV0kl-HMGqL1ojwizl4yukgD6m3rtnpqMPY4Kci7s1rwmrnk4RYNKEJlDoxRQ3hm5QidPKMibPV8rSLG5nai0sFzTPSaQs4bZhtf9bQa_nOk1f8_TkVM7F0_IFG6fdOkA3xW_4kqSdBC2eoNfoMORCFMNmdBUG_a6XEPWpoI2Tb92iOJe9dh7dmcn98ATkcg7ciyRgB&sig=AOD64_1G8zbJCWeh_Cy3s9aTm6YitHzxVQ&client=ca-pub-8188431425509997&rf=4&nb=9&adurl=https://crootsengland.co.uk/shop/vintage-leather-laptop-bag/%3FVL0404%26gad_source%3D5%26gad_campaignid%3D22408540526%26gclid%3DEAIaIQobChMI6vKJwMijkwMV_EEPAh3aoyIZEAEYASAAEgLYAfD_BwE,https://crootsengland.co.uk/shop/vintage-leather-laptop-bag/?VL0404&gad_source=5&gad_campaignid=22408540526&gclid=EAIaIQobChMI6vKJwMijkwMV_EEPAh3aoyIZEAEYASAAEgLYAfD_BwE,0.0,0.0,0.0,0.0,0.0,0.0,0.0,0.0,0.0,0.0
6,https://googleads.g.doubleclick.net/aclk?sa=l&ai=CBGEM9qm3acOWLZacjeYPyfCVwAzq_emdhQGs6OfuuxXc2R4QASCg5YIkYJXikIKgB6AB7cLZtQLIAQLgAgCoAwHIAwiqBMACT9DFvSNXI1MzampUT11DGMssz8KZXeG_Ldox-GihzWHEHjZceO9zdphjeP53TcMqLyXgswyDNm7l2VbElDuIlsWBbI42h7GkPmo-y5fJe16D03ZkJScLjmQ26y8FvQDIWh1_KtwypKc9zb4fXHr50koFTmxmy32-HXyNKrKiU9oAVfInR3hkHhZne0v-HeuZb_PUJtoHL3lmB9crAzsQzehSeXYeQr5fWwllyVLfj3h4mBrDEr1wxa3JZO_aErfxXP4c6xcxEP-Yo-XT2RujUrHp7CGEr8Ya5sPLWPxD2tEvFSEByyCUuIz36UFpfL2OjAcypzAJL_WQLNVwFriywcvofZP1Agkr0oh65cQw5iwVm6A2I6hqI5T2VWaXWJLMourK-_U-m4ZvPEpYD8IInmie8BBmWvD_rKdQ4VymGorABMmywMTbBeAEAYgFj_iX2FegBgKAB_u8psoBqAenzLECqAfi2LECqAemvhuoB8zOsQKoB_PRG6gHltgbqAeqm7ECqAeOzhuoB5PYG6gH8OAbqAfulrECqAf-nrECqAevvrECqAfVyRuoB9m2sQKoB5oGqAf_nrECqAffn7ECqAf4wrECqAf7wrEC2AcB0ggwCJHhgFAQARidATIIq4uAgKCAgAo6DACAgICAgJSoiAKoA0i9_cE6WJ79wenro5MDsQmY9ES7HF7S2IAKA5gLAcgLAaIMA5ABAaoNAkRFyA0B4g0TCJOiwunro5MDFRZOwwYdSXgFyOoNEwiyvcLp66OTAxUWTsMGHUl4BcjwDQKIDv___________wHYEwzQFQGYFgHKFgIKAPgWAYAXAbIXDhgBKgo5NTk3NDI1NDk0uhcCOAGqGBcJAAAAAKAj4EASCjk1OTc0MjU0OTQYAbIYCRICi08YAiIBANAYAegYAcIZAggB&ae=1&gclid=EAIaIQobChMIw-nE6eujkwMVFk7DBh1JeAXIEAEYASAAEgIsFPD_BwE&num=1&sig=AOD64_3BXqsRKfiFyjtdjDJw70dvsiJB5A&client=ca-pub-2970406823702922&rf=5&nx=CLICK_X&ny=CLICK_Y&uap=UACH(platform)&uapv=UACH(platformVersion)&uaa=UACH(architecture)&uam=UACH(model)&uafv=UACH(uaFullVersion)&uab=UACH(bitness)&uaw=UACH(wow64)&uafvl=UACH(fullVersionList)&nb=2&adurl=https://plan.muscle-booster.io/%3Fbranch-name%3Dtaichi%26link-id%3Dgo2tcg%26gender%3Dmale%26skip-general%3Dtrue%26utm_source%3Dgoogle%26utm_medium%3Dcpc%26campaign_id%3D23538826255%26adgroup_id%3D196369979721%26ad_id%3D799811613358%26utm_term%3D%26placement%3Dwww.sozcu.com.tr%26timer_reset%3Dtrue%26gad_source%3D5%26gad_campaignid%3D23538826255%26gclid%3DEAIaIQobChMIw-nE6eujkwMVFk7DBh1JeAXIEAEYASAAEgIsFPD_BwE,https://plan.muscle-booster.io/onboarding?branch-name=taichi&link-id=go2tcg&gender=male&skip-general=true&utm_source=google&utm_medium=cpc&campaign_id=23538826255&adgroup_id=196369979721&ad_id=799811613358&utm_term=&placement=www.sozcu.com.tr&timer_reset=true&gad_source=5&gad_campaignid=23538826255&gclid=EAIaIQobChMIw-nE6eujkwMVFk7DBh1JeAXIEAEYASAAEgIsFPD_BwE,,,,,,,,,,
7,https://adclick.g.doubleclick.net/aclk?sa=l&ai=CUuYtMpq2aYS6CoeZ29gPyYC_4ATg2a6OhQHjvc2wqxVkEAEg5rTPmQFgx42BjoQmoAHT37CzKMgBCakCfnmPX9m0bz7gAgCoAwHIAwqqBOsCT9BwL7_PTIPCI2b8d6E4f1E4U3OYasd-8fA6A4mOw6Jeikou_oswhRlbl6p5pe7ltV0iHXorE848PQdBYXC5npTdKw7uRNCiS2Guhz40aSnoNXlQzKzy17KQb8YOuC14jg7PRyGiXqYwP5YZHMR1TQ9z17wLOKsmDHOOLKQPMl7ffD1_imkrpZhy2ezwA6p3K8v5Hfy6MYlnpHmqfcPrTTj_GgVTSrd1auRAEfk_lgvDBCmXW7KA20b1TDCOYKElorM4ldznwunPNoOiwenPxDDNREDj7827ZshQa4cQFdjzHFAAAw8fhBIe6wNIHxtgOu0-q_D_ZwE26pw8duY2Mle-roGoLqyNWDCwrNVMCHm08tpkxgBFM1UUaFBeLhUaLK39RwwdMUhuagLS6sFc7zADBEwdfFn2rms_oSSmc4TkQYiU7AnNHI4fVnH_lNEONttoP11fF-zWJjpJmSP_MngKy8ICeZiw9ZgYwASinvTzrwTgBAGIBZW_qORKoAYugAfTl4GTA6gHp8yxAqgHpr4bqAfMzrECqAfz0RuoB5bYG6gHqpuxAqgHjs4bqAeT2BuoB_DgG6gH7paxAqgH_p6xAqgHr76xAqgH1ckbqAfZtrECqAeaBqgH_56xAqgH35-xAqgH-MKxAqgH-8KxAtgHANIIMgiB4YBgEAEYnQEyCMuKgICAgIAKOg6AgASAwICAgICogAKoA0i9_cE6WKOw39LooZMDsQkqKCyA8Xo1xoAKA5gLAcgLAYAMAaoNAlpByA0B4g0TCOvX39LooZMDFYfMFgUdScAPTOoNEwio8d_S6KGTAxWHzBYFHUnAD0zwDQKIDv___________wGwDr7wwosYuBPkA9gTDNAVAcoWAgoA-BYBgBcBshcOGAEqCjUxMDM4Nzk0ODO6FwI4AaoYFwkBAAAA8Mb-QBIKNTEwMzg3OTQ4MxgBshgJEgKTThguIgEA0BgBwhkCCAE&ae=1&gclid=EAIaIQobChMIhJvg0uihkwMVh8wWBR1JwA9MEAEYASAAEgKK3_D_BwE&num=1&sig=AOD64_2LBYqyAbOslrfMwB9kI4wa5Ygs-g&client=ca-pub-3677668629134422&rf=4&nb=19&adurl=https://onerosebank.co.za/contact%3Futm_source%3Dgoogle%26utm_medium%3Dcpc%26utm_campaign%3Dgooglepmax%26gad_source%3D5%26gad_campaignid%3D20074602389%26gclid%3DEAIaIQobChMIhJvg0uihkwMVh8wWBR1JwA9MEAEYASAAEgKK3_D_BwE,https://onerosebank.co.za/contact/?utm_source=google&utm_medium=cpc&utm_campaign=googlepmax&gad_source=5&gad_campaignid=20074602389&gclid=EAIaIQobChMIhJvg0uihkwMVh8wWBR1JwA9MEAEYASAAEgKK3_D_BwE,,,,,,,,,,
8,https://www.googleadservices.com/pagead/aclk?sa=L&ai=CH2m5sh62aemGNbzfjeYPpev6-AW8--2-fviZ6bLME7aQHxABIJWW2yFgiYvEhPQToAHK6b2QKsgBCakCPwO4FU0ytj6oAwHIA8sEqgSUAk_QXpCfdhB8UMrr5wCkaHe5DMdqDMkxHk4Y5UehbiLFN03ock9bIRBAhFC-2kSVPI9uCiJGurv1LY6ECdjze3huz0eMPcqW43enzwq2fRuhkVU5ExEcL01U15UbktqIJZR0msItcYt_bcqU_s6OtlpzukuKRt-6XYuM20iug45nLzqMR1X00gD5wh7ZUYec1O1H5Zxekpa7mVsBqLEuqjkM6nwXoYeNPP-bGiYxe3D-JZ8gJetKUuLzgixi_Nji7yUU9BS_uiCy_Xr3_YTU4H_ZP3cqiVU0Ou49rEOP6effy3rWsxXAmInuK9nMVopM1LYh8j_J1Vn6asmMG4YGvfwO-7NXzC1cP8RHFpGqvOPeTZ7vBcAErLTvop8FiAXs3M3yUaAGLoAHyqGO8ASoB6fMsQKoB6a-G6gHzM6xAqgH89EbqAeW2BuoB6qbsQKoB47OG6gHk9gbqAfw4BuoB-6WsQKoB_6esQKoB6--sQKoB9XJG6gH2baxAqgHmgaoB_-esQKoB9-fsQKoB_jCsQKoB_vCsQLYBwDSCDAIgGEQARifAzIIioKAgICAgAg6DoBAgMCAgICAqIACqIMQSL39wTpYkpaz7_KgkwOxCTFVvipFt0GogAoBmAsByAsBgAwBqg0CSlDIDQHqDRMI5aqz7_KgkwMVvG_DBh2ltR5f8A0CiA4J2BMN0BUByhYCCgD4FgGAFwGyFw4YASoKNDE1MDU5MzQxMroXAjgBqhgXCQAAAAAQQApBEgo0MTUwNTkzNDEyGAGyGAkSAq1RGC4iAQDQGAHCGQIIAQ&ae=1&gclid=EAIaIQobChMI6aez7_KgkwMVvG_DBh2ltR5fEAEYASAAEgJHuvD_BwE&num=1&cid=CAQS0QEA56J1eRVr4Ib9YpQkIVz3CC45mNEKYJOdiOLRyAc7jpG3YlffB3iHz-CZgVbR1YbcAsSM_40p7jgznoC7WrLF-LCkjIAGGiELsWF1t0FkXlzFIWhRjJJWpnretLNtmJ-9XJs_6smxAfS7_8_PxcslAcCH-IQZ5Sl2VXRfeQry1RjzDy4lddS9t_hRL1vvoliznE3L_9utp9v5umAXaC_cyO4EOGVA1XKk-BUAgwKM3WYaBqM3HJxJST-zSK0ZldYBhIF71CSwgrbivXSqdNKeZhgB&sig=AOD64_2PnWCfdAxFDC0N8NVRTZDhUmdWiw&client=ca-pub-5771594739411148&rf=1&nb=9&adurl=https://spacescollection.com/%3Fgad_source%3D5%26gad_campaignid%3D21983620716%26gclid%3DEAIaIQobChMI6aez7_KgkwMVvG_DBh2ltR5fEAEYASAAEgJHuvD_BwE,https://spacescollection.com/?gad_source=5&gad_campaignid=21983620716&gclid=EAIaIQobChMI6aez7_KgkwMVvG_DBh2ltR5fEAEYASAAEgJHuvD_BwE,,,,,,,,,,
9,https://www.googleadservices.com/pagead/aclk?sa=L&ai=CTm6Na-K0ac6ULKGCjeYPu4GboAa5w6buhQH4hYS41BShpvjz0B0QASDmtM-ZAWCloJWAmAGgAZz-qpUCyAEC4AIAqAMByAMIqgS7Ak_QNEW45cW1H0aClB12ZjAp4DLBASptY2o7rGtNr-Xz47EH9K5fR4H7gtKCHP5m4VeJ4SBuoVKylpHW4yGiWRUvWQOU3OxKyXm18b0Eg_BPZtuSUP-X4zNfqyMUMG3_s7YjxgmHbOYllmOZIvmD024hQmu1ZPy9OWKGIcepbSOUPHc_kvGx6f9Msldmy1zrVot2jCdwTS9o0zN6PN5HEkNMc1pNv2ujSUfKIb9vUWtzVuds4YFIUoMXk3CjJYQrJtmgOkth4bCQOujtOssZVTxkgrwqtrgZIoU6WDQnNBvcXwmkuSKBuF_fJmcy6MNUN6sS6WLhgxhHLKMGqwppr071Akxyl4eALVZ6TRbHe_kVCDyXS53Mqyh-MAGmZsHyLlnrwOxS6kTltcpoEGbTBm7t5P8-RFqjMucMs8AEoIDrwdQF4AQBiAWkirG3VqAGAoAHtpvTvAKoB6fMsQKoB6a-G6gHzM6xAqgH89EbqAeW2BuoB6qbsQKoB47OG6gHk9gbqAfw4BuoB-6WsQKoB_6esQKoB6--sQKoB9XJG6gH2baxAqgHmgaoB_-esQKoB9-fsQKoB_jCsQKoB_vCsQLYBwHSCC8IgGEQARidATIIioKAgICAgAg6DYBAgMCAgICAqIACqANIvf3BOliOzZqfxZ6TA7EJKbPkqZ6RxO-ACgOYCwHICwGqDQJBVcgNAeINEwiM9ZqfxZ6TAxUhQcMGHbvABmTqDRMI1sCbn8WekwMVIUHDBh27wAZk8A0CiA7___________8B2BMN0BUByhYCCgD4FgGAFwGyFw4YASoKNTEwMzg3OTQ4M7oXAjgBqhgXCQAAAABy1SlBEgo1MTAzODc5NDgzGAGyGAkSArFpGAIiAQDQGAHoGAHCGQIIAQ&ae=1&gclid=EAIaIQobChMIjvagn8WekwMVIUHDBh27wAZkEAEYASAAEgI9RfD_BwE&num=1&cid=CAQS0QEA56J1ea5G6_NrI60TvGPcK4aywmXoxc0773PciQ5tdjb5SyeFpbpNCX7KV14XoexxVAelqsdYIN2xUJ87z_kkOBJ7xRi-sWfZ_Ztj1CKeFVmTM6oHoF2ubU-saMPC2jYtV_j3mkh3JoHfRzQVbdJcYrd2JiyRUPwm2CRSOroD5xB75gk5VKCSOuFz9fv-hpCR9rgSQNmVFnFRlh0gA-ukEmowXYEUSZr495J1D869mf2el1lH23L1gzqB4GJSzg-PtkkZjbO47y1DDwsW5zcAfhgB&sig=AOD64_0Y_K2h8gPWT2ZCzseXttq-Ik2_TQ&client=ca-pub-3677668629134422&rf=5&nx=CLICK_X&ny=CLICK_Y&uap=UACH(platform)&uapv=UACH(platformVersion)&uaa=UACH(architecture)&uam=UACH(model)&uafv=UACH(uaFullVersion)&uab=UACH(bitness)&uaw=UACH(wow64)&uafvl=UACH(fullVersionList)&nb=2&adurl=https://appnebula.co/past-life/prelanding%3Futm_source%3Dgoogle%26utm_medium%3Dconversions%26utm_campaign%3D28.10.2025_d%40_ivv_m%40_WW_g%40_PAST-LIFE_f%40_GDN_it%40_Keyword_gt%40_Purch_tag_oe%40_Test_4%26utm_campaignid%3D23201596708%26utm_adid%3D781160944533%26utm_adsetid%3D194485338144%26utm_adset_name%3DAd_group_1%26utm_term%3D%26gad_source%3D5%26gad_campaignid%3D23201596708%26gclid%3DEAIaIQobChMIjvagn8WekwMVIUHDBh27wAZkEAEYASAAEgI9RfD_BwE,https://appnebula.co/past-life/prelanding?utm_source=google&utm_medium=conversions&utm_campaign=28.10.2025_d@_ivv_m@_WW_g@_PAST-LIFE_f@_GDN_it@_Keyword_gt@_Purch_tag_oe@_Test_4&utm_campaignid=23201596708&utm_adid=781160944533&utm_adsetid=194485338144&utm_adset_name=Ad_group_1&utm_term=&gad_source=5&gad_campaignid=23201596708&gclid=EAIaIQobChMIjvagn8WekwMVIUHDBh27wAZkEAEYASAAEgI9RfD_BwE,0.0,0.0,0.0,0.0,0.0,0.0,0.0,0.0,0.0,0.0
10,https://www.googleadservices.com/pagead/aclk?sa=L&ai=CYou3Q523ae3xG6ul2roPyqzmiA2g6tPLhQGHzpWquhWooPr_gAkQASCDqaUhYImLxIT0E6ABiuOV9EHIAQmpAs-_QO1i6To-4AIAqAMByAMKqgTOAk_QUKKhnzr0Xqa9HOXhPFlLwuPnM2ZwLl8MJpr4O5qn2Y1X-qmqnhT0iOW1ducXt-mKYI39ZwP55alV1tM0mpENBrF4QAzPkpEC6yLjKFrVHT4E3dmVFS56Lqe1zxbFmHyv6aZbF9_0zjkcNaLvyDYg6VHiePXvJVITJIhjxNUywnY9S_8hHGyaSnd-f7107_IW8EAN8l8cPAGiyvnXx_wZFnZ6CQFyc2Z2XApOQ6xNDc3dOrpg2Axrp-mxaw5V_RxvyJqEzi98WanBTq9D_Izl-98aiW__C0V9vB3T3juzgdPfHKSZJJaU8gFcf8rG0r6Pvbvg-OYR81ft4nZbHItPOVkR5VYFBiqd4XNqNilMbj0OVeJt0ftbPRWDI4GZ6R59p6J5xQJyLwTE8cxGZo9rJoky_OBX2U7CWpIEqnc_lvt_OjM5W5oYO3Er9xvABJvj96fQBeAEAYgF9ajJ9VegBi6AB4qb5tMcqAenzLECqAemvhuoB8zOsQKoB_PRG6gHltgbqAeqm7ECqAeOzhuoB5PYG6gH8OAbqAfulrECqAf-nrECqAevvrECqAfVyRuoB9m2sQKoB5oGqAf_nrECqAffn7ECqAf4wrECqAf7wrEC2AcA0ggvCIBhEAEYnQEyCIqCgICAgIAIOg2AQIDAgICAgKiAAqgDSL39wTpY3qCW29-jkwPyCBthZHgtc3Vic3luLTk4NDM1MzQ1NDIxODk0NDKxCf97BQwemH-5gAoDmAsByAsBgAwBqg0CSlDIDQHiDRMI75GX29-jkwMVq5JWAR1KlhnR6g0TCI69mdvfo5MDFauSVgEdSpYZ0fANAogO____________AbAOxPXX8RjYEwzQFQHKFgIKAPgWAYAXAbIXDhgBKgo4NTQ3NTU5NzQ3uhcCOAGqGBcJAAAAAICL80ASCjg1NDc1NTk3NDcYAbIYCRICrFMYLiIBANAYAcIZAggB&ae=1&gclid=EAIaIQobChMIrZ-a29-jkwMVq5JWAR1KlhnREAEYASAAEgJIOvD_BwE&num=1&cid=CAQS0gEABaugfekEK8x1oBBaDRfi5G0MpmDsFE8e_TH36DbzMbyHl5wB8EUwEuVTxLykNLHrTD0qGXndZpRPUjPCHchtPnEfl10Bdu5sT9jNDtXWPlkf-iVQ0GlBzIRjx-yB8JYUnHim3ToK6E-J3iTr9Zq7tgx1RY9ZXRMMn_PZhapzKcTVBmd-9mQaDJkwfd3kwnMEu-XBij137dI_DrObuGplgFHsiSWHPGeQp39wrSQGzMsLXIMaCEOR2vhCrBH_Zw4i01j_0UlWFdKZZl9afIHvynUYAQ&sig=AOD64_14BwbmO0z2fWYLdgUUXk_vDTEo5Q&client=ca-pub-6028289858130678&rf=4&nb=9&adurl=https://location.mygol.jp/ab/zrNv-sytHxfzClgpPNg%3Fgad_source%3D5%26gad_campaignid%3D23600452725%26gclid%3DEAIaIQobChMIrZ-a29-jkwMVq5JWAR1KlhnREAEYASAAEgJIOvD_BwE,https://location.mygol.jp/ab/zrNv-sytHxfzClgpPNg?gad_source=5&gad_campaignid=23600452725&gclid=EAIaIQobChMIrZ-a29-jkwMVq5JWAR1KlhnREAEYASAAEgJIOvD_BwE,,,,,,,,,,
11,https://www.googleadservices.com/pagead/aclk?sa=L&ai=Cry__76-2abmzDKOrvcAPm830wQHj-qPrhQHt8LGEphWv0vfV3jIQASDmtM-ZAWCJi8SE9BOgAe7_j8UDyAEJqQJoC-gkWeM6PuACAKgDAcgDCqoEzgJP0AK8na8--rjMAUwEm4hLgAjNW8Ud3l25l82JTBS76jFR38xdKb7BoLG-MyzIlsJIdadPgf6Z-AQdvOyt1Z5r3w_r8H7OUSxZ2lXwDYCOZA_OWo8NViq_6ctFx902_HPLUq-yyCpZWnMw9jPoyFIWu-Z4UeiaVurFc0tpr63UJTWuwail1ouZqAyTF8Wt1t9t_7kGqIoIfd5Zec6WAkUeIsLc8Eq8sQAsc3ykCTNTdUI8x2mTo5QoeICqYGIgioAPESkNIsRODGHRtoFfsYCDzvM_IFLJ1zVd8IgKNPZGBIfEk7yUqHSzPiNcXCghPjvvcs0byeKF9No_1QMJe7krsZcUuOQ53ZqK_mdDPhQHMKPewyMohyyQo8Sf_EsIFj2I6Q1GUBAGt7DOyrxozUlUrqcSBSVPddOhlGKAOBcrZI9kXgdNVvhqZ3gEqG5ywATx_vTo1QXgBAGIBbS4oepXoAYugAfD19JFqAenzLECqAfi2LECqAemvhuoB8zOsQKoB_PRG6gHltgbqAeqm7ECqAeOzhuoB5PYG6gH8OAbqAfulrECqAf-nrECqAevvrECqAfVyRuoB9m2sQKoB5oGqAf_nrECqAffn7ECqAf4wrECqAf7wrEC2AcA0ggvCIBhEAEYnQEyCIqCgICAgIAIOg2AQIDAgICAgKiAAqgDSL39wTpYjOCrsP2hkwOxCfhWUJUGvsc5gAoDmAsByAsBgAwBogwDkAEBqg0CSlDIDQHiDRMI1I2ssP2hkwMVo1UPAh2bJj0Y6g0TCMuLrrD9oZMDFaNVDwIdmyY9GPANAogO____________AbAOrd-a7xi4E-QD2BMM0BUBmBYByhYCCgD4FgGAFwGyFw4YASoKNTEwMzg3OTQ4M7oXAjgBqhgXCQAAAABIRAVBEgo1MTAzODc5NDgzGAGyGAkSAqhOGC4iAQDQGAHCGQIIAQ&ae=1&gclid=EAIaIQobChMI-eausP2hkwMVo1UPAh2bJj0YEAEYASAAEgKKEfD_BwE&num=1&cid=CAQS0gEABaugfWEkxRLzK-kdNI_DtvfdEBkYZ0b6_hw-lm3miCaC60NWsDoIohPovaHIxo09rWQg68beB0tvsebd4bpPK_wK8d7QHqfJS8dTQx38PPlxfsTaq_k46IeuysVc-N5MFbIogskw-bZJfKWnghLVagij63czXtA23fapeKNBTZxJwSDaJtvO8IrGj5Pt0VaVB_CUTRdy5BZhDeiMYGWnCKrQhLftOYmoYbFz63P9xIJd5kxzs_3IXSPs59n64L13UQNeZ0PGgQWM-DUUjsMOBp0YAQ&sig=AOD64_3jJaJx84AUsyAamth6fAJs_QVLow&client=ca-pub-3677668629134422&rf=4&nb=19&adurl=https://www.audi.co.jp/ja/special_offer/present_event/spring_fair_a5q5/%3Futm_content%3D__23566682361__%26utm_campaign%3D12NR_PMX_A01%2528A5Q5TactialQ5%257CPMAX%257CTier2%2529%26gad_source%3D5%26gad_campaignid%3D23576730676%26gclid%3DEAIaIQobChMI-eausP2hkwMVo1UPAh2bJj0YEAEYASAAEgKKEfD_BwE%23design,https://www.audi.co.jp/ja/special_offer/present_event/spring_fair_a5q5/?utm_content=__23566682361__&utm_campaign=12NR_PMX_A01%28A5Q5TactialQ5%7CPMAX%7CTier2%29&gad_source=5&gad_campaignid=23576730676&gclid=EAIaIQobChMI-eausP2hkwMVo1UPAh2bJj0YEAEYASAAEgKKEfD_BwE#design,,,,,,,,,,
12,https://www.googleadservices.com/pagead/aclk?sa=L&ai=CaqwrhIK3adOyOrSBvcAPgInW6Ans3NnChQG3kp6SvxWx0oG85wIQASCOy9ciYMeNgY6EJqABzOGVmz_IAQLgAgCoAwHIAwiqBL8CT9D6ZtnXEtIrKvQwqOg7ZDIzXLAtap7RFydYbR2MV93HCi--THrrxwGDsYlsEvVZD6EUwS-HiTOO4W-C9Qdg1JYhvoukEDobkg-Z7b05zJVUDaredCcfsuoiRRvDA5ESY6GDH8y__p3WlnVcwQduEjix7rU1w4sggP8sHkpXIsqBcRJR8RpdHedxCAGolmiRSzzbNGLYzaPuqkTLci9gFY0ts9X8AOLXE1cUv49Jyb8mgyU5iBjvRceJtk-KpD_VPjuLHelzg9_V3I3ejqVyL6fCr-kDNhuskXwM7d_W_5JbYU3abWK22aP25HkwIibWhqc227N1gzbTcluuLRIjcQcPuXepuYCDfhMw_lXCp_NgrQgCOPNv1HWSbqk7kU36jxZATFEfuaVuChH9Zebn0NtZ4zRa8l7TYiStWZF_gMAEhamy788F4AQBiAWig9DvV6AGAoAHzJnm-hmoB6fMsQKoB6a-G6gHzM6xAqgH89EbqAeW2BuoB6qbsQKoB47OG6gHk9gbqAfw4BuoB-6WsQKoB_6esQKoB6--sQKoB9XJG6gH2baxAqgHmgaoB_-esQKoB9-fsQKoB_jCsQKoB_vCsQLYBwHSCC8IgGEQARidATIIioKAgICAgAg6DYBAgMCAgICAqIACqANIvf3BOliZkcOaxqOTA7EJN3f0D-vUlp2ACgOYCwHICwGqDQJaQcgNAeINEwixy8OaxqOTAxW0QA8CHYCEFZ3qDRMIt8HEmsajkwMVtEAPAh2AhBWd8A0CiA7___________8B2BMN0BUByhYCCgD4FgGAFwGyFw4YASoKNTExMzM3NTk5MLoXAjgBqhgXCQAAAAC3hjNBEgo1MTEzMzc1OTkwGAGyGAkSAvZOGAIiAQDQGAHCGQIIAQ&ae=1&gclid=EAIaIQobChMI04TFmsajkwMVtEAPAh2AhBWdEAEYASAAEgK5cPD_BwE&num=1&cid=CAQS0QEABaugfV4tlUetsU6fatefvTyDAfl-vMgrnokvjyTrdaZprQP8V8FnkRlgi2OWzfYHErl-86yZ_07UL7XP5lBCzZRRAfr9jbgfN9TIb-vMb23Jkj5Hu_jhHsPjgqefhAvi1AhnPFfU79DatLS9Kin32OXTwxKUtf1M_VioBiAUunp-9T8hfqW-VE9Z4DGz1pPrejDK5dJOm2BWEHSpIP79usNWZzmSy8KH1cWHRrI0NDmCwnoVtC9ACCJo_qVeoMtCGom84XNY_HxVBxwlyFn3XhgB&sig=AOD64_3X3Jc7j1rKbCHweW6mP213HlmBSg&client=ca-pub-7301355741158821&rf=5&nx=CLICK_X&ny=CLICK_Y&uap=UACH(platform)&uapv=UACH(platformVersion)&uaa=UACH(architecture)&uam=UACH(model)&uafv=UACH(uaFullVersion)&uab=UACH(bitness)&uaw=UACH(wow64)&uafvl=UACH(fullVersionList)&nb=2&adurl=https://www.sedric.ai/partner-compliance%3Fgad_source%3D5%26gad_campaignid%3D23587979682%26gclid%3DEAIaIQobChMI04TFmsajkwMVtEAPAh2AhBWdEAEYASAAEgK5cPD_BwE,https://www.sedric.ai/partner-compliance?gad_source=5&gad_campaignid=23587979682&gclid=EAIaIQobChMI04TFmsajkwMVtEAPAh2AhBWdEAEYASAAEgK5cPD_BwE,0.0,2.0,2.0,2.0,0.0,0.0,1.0,1.0,1.0,0.0
13,https://www.googleadservices.com/pagead/aclk?sa=L&ai=Cwkj9yTe0aZnCE-mKjeYPoq-byAvZl5rHgwHPxeaT7BTQ-7WxiCoQASDmtM-ZAWCJi8SE9BOgAab5m90CyAEJqQJy97sow_M6PuACAKgDAcgDCqoE4gJP0AH6pyqL8VWwJpCHt90sNWWj-tujjbVvlTKcTM-RexjIxykfMGDacpDxTd-W-A2czk7gxxbgyRMkT7IpvfcH6jMHnRnX2aYiuD8EszQ1I9ZHrsQ7r5ySia6CP9z1Y_bBHfQ-8El7xaNvnNSmXMJ8JPsUa68QlxUsdY0qDGDHTCtv-kPPkDA95o1Rx5NdCPIm8HM-jth4BPkby01t_Kk0_MedhJAoUjum_nzjt0Xg5H0E4AKPHzO3R-9FnZPAZEAmrD5s_9J9sadpomTQTbd5dgQGsgO5i_QfxWywYvpgpgyO6ZI6W5svrH_4xQKIBhCh9qCtaBjXfmAX8eU8a_gghBW_Df3Z8Wt0z7n6ZNdZfPdSpo_RIwbXdyUmxg08Hf0vIM7qMLJp_YJysyRLVk9xhrYU3fZdn079gCxKqISIDTZURehVwsPY_0G-cQUcLZjNpWhSOcayt1BrLsxouQ6mI2jABN3ry9PnBOAEAYgF6c3z1lCgBi6AB8KG5KIBqAenzLECqAemvhuoB8zOsQKoB_PRG6gHltgbqAeqm7ECqAeOzhuoB5PYG6gH8OAbqAfulrECqAf-nrECqAevvrECqAfVyRuoB9m2sQKoB5oGqAf_nrECqAffn7ECqAf4wrECqAf7wrEC2AcA0ggvCIBhEAEYnQEyCIqCgICAgIAIOg2AQIDAgICAgKiAAqgDSL39wTpYqYDtwaKdkwOxCXZe12XPsfv3gAoDmAsByAsBgAwBqg0CSlDIDQHiDRMIpZ7twaKdkwMVaUXDBh2i1wa56g0TCJ-I7sGinZMDFWlFwwYdotcGufANAogO____________AbAO6-W8ohjYEwzQFQHKFgIKAPgWAYAXAbIXDhgBKgo1MTAzODc5NDgzuhcCOAGqGBcJ_____wdaD0ESCjUxMDM4Nzk0ODMYAbIYCRICyU4YLiIBANAYAcIZAggB&ae=1&gclid=EAIaIQobChMI2cruwaKdkwMVaUXDBh2i1wa5EAEYASAAEgKudfD_BwE&num=1&cid=CAQS0gEA56J1eUGrgN54-SNyCMqt1dNzBDXaUgun1we4SzfeyW02PTqU8tJRHHH-Y2uMWYE0LhWczn0r3AcVFGmA6W1MXXVEgNWz4fdcUnw9D-PjA4cHCX3q1ySWjDt1zjYLOZ6l-tmzAkO_c2z3tR0UoxauG6ymy0fcavIs0BTySAZVEepDSGw810TSiWxlUG-SKlOIUQnImW_V5MFdipeuHOtdOj6W2u448TqVGQQ-tIDrSYs6x_GuFBOsWEKWVyD0zSzYEuFT_Ex1Cr7fTlTveAPtaMkYAQ&sig=AOD64_1ayFSQyf9Od1Z0vGqmFOoFAIx80Q&client=ca-pub-3677668629134422&rf=4&nb=9&adurl=https://aroma-spacedesign.com/%3Fgad_source%3D5%26gad_campaignid%3D21657085673%26gclid%3DEAIaIQobChMI2cruwaKdkwMVaUXDBh2i1wa5EAEYASAAEgKudfD_BwE,https://aroma-spacedesign.com/?gad_source=5&gad_campaignid=21657085673&gclid=EAIaIQobChMI2cruwaKdkwMVaUXDBh2i1wa5EAEYASAAEgKudfD_BwE,,,,,,,,,,
14,https://www.googleadservices.com/pagead/aclk?sa=L&ai=CEboZrUS0aaePJ-bujeYP8KL42ArJ0bbShQHfhYqQhBa_r9STugIQASCtsJEjYImLxIT0E6ABhueGm0LIAQapAip2TFk69zo-4AIAqAMByAPLBKoEugJP0HMsype7VDRX5dNr5927p3tpTX4LwIR1Fk0v4EFDQQF7Lc-btvmG_q1Vszfmwk6AK_NSSVq9hF1EEgRHFmyz_Fy7dTFVRj9M6A_nn8-Io8cPsL6P8nVx_wsbxhumsfiXbzMrMCeBzsxQF01JDzORUIAVRzS6ETPD4Zt1yUIaPAfqHKuO0bOnS4tJeGqW-N517dr2W1Ynp7Kl87j3h68uu_HOSALl1NR-LZuEc4o_mpy-0wLl71YP70zFUhGT1LBhTJeFRs0ZbVhG_dIobUtjiszti9B2Z6tuK3Gh-uljxaRqhv7mXlbp6ZwB6g6_ubVXda1p0XsEChS_5R9tagbxMaNR1R164nMj08HTQBY_nGfXUYqRQUshyYiA44wZYRTDr5trVxLtyH7U8jrcms7Sa_VTnkaxJbXntsAEkI3_p-YF4AQBiAXPqdf2V6AGN4AHhp_X-hyoB6fMsQKoB6a-G6gHzM6xAqgH89EbqAeW2BuoB6qbsQKoB47OG6gHk9gbqAfw4BuoB-6WsQKoB_6esQKoB6--sQKoB5rhsQKoB9XJG6gH2baxAqgHmgaoB_-esQKoB9-fsQKoB_jCsQKoB_vCsQLYBwHSCDAIgGEQARidATIIioKAgICAgAg6DoBAgMCAgICAqIACqIMQSL39wTpY3d_I566dkwOxCUtFKB4xL37DgAoDmAsByAsBqg0CSlDIDQHiDRMIp4jJ566dkwMVZnfDBh1wER6r6g0TCJXtyeeunZMDFWZ3wwYdcBEeq_ANAogO____________AbAOkeiQ8RjYEwzQFQHKFgIKAPgWAYAXAbIXDhgBKgoyMDg5MDM2NzYyuhcCOAGqGBcJAAAAAMU6MUESCjIwODkwMzY3NjIYAbIYCRICsV8YNyIBANAYAcIZAggB&ae=1&gclid=EAIaIQobChMI55nK566dkwMVZnfDBh1wER6rEAEYASAAEgK4LvD_BwE&num=1&cid=CAQS5AEA56J1edpYPKaqusWimf689TUt6CcnZVJgm4iMuG4yrNCBru6tnvBNVSFhBUyBwC8EYVd6qdBKrFiYTAihS8HyKycKvjRXL8zZJg_RZQzkb3cs71ojkiEhfkIXRHACAbrEwMYbho-lE5RvQ2Mal7pehxoxWgMOEzg7oS-AR-GKk6LlvjZ3B40Ud1WS6arTo69bFaTdhK6cnjnkjJlRbDYxIBehD7fZMiLQdgbyYhJ5t8tSu6b6e5MMqs0hG0ie2jm88zFnqgxYstaBllq47uhqQ8sgj0wO9uiw7J7lbSiSk2KObAYYAQ&sig=AOD64_2458DnBNo1z2lb0JLupqYpbfxHpQ&client=ca-pub-9415735639897500&rf=1&nb=9&adurl=https://www.rakus.co.jp/rakurakucloud/%3Futm_source%3Dgoogle%26utm_medium%3Dcpc%26utm_campaign%3Dpmax%26utm_term%3Dpmax%26gad_source%3D5%26gad_campaignid%3D23602779343%26gclid%3DEAIaIQobChMI55nK566dkwMVZnfDBh1wER6rEAEYASAAEgK4LvD_BwE,https://www.rakus.co.jp/rakurakucloud/?utm_source=google&utm_medium=cpc&utm_campaign=pmax&utm_term=pmax&gad_source=5&gad_campaignid=23602779343&gclid=EAIaIQobChMI55nK566dkwMVZnfDBh1wER6rEAEYASAAEgK4LvD_BwE,,,,,,,,,,
15,https://www.googleadservices.com/pagead/aclk?sa=L&ai=C4AVJ8Ja3acHeBPGVjeYP2fbauQHtp-3QhQGSq837-xS2kB8QASDU_LceYImLxIT0E6ABnuGNpwHIAQLgAgCoAwHIAwiqBOoCT9AVNBqKTjXwf36pbxEZoLkcokbFkqvCtmoLV1exiMtPuYGBG54hd5yZI8lK77oB_ZVN3Xps25AI-nknmhzKo8VGyY9zdnkV0VpbpZYtKkaPkwpA_p0gXFfoGsTzyoOJbjgbRc4HX1Dh1XNIgRj2GRekS7O5dT_jxEVFY1FJW7G8Vp_f-JHHZ3pH5WHqEX5b8IPAofUbsuPQOfaELAYGxzhaEEuvIDZMhizqKwEtB5FAwYvp5YIN_7fZSUvSTMvi-f38zl9JXCXUsN3nQxXD7KoYOQXA8QUe2LnooUvPgJnyx0sv9DCwPilU8ZK1qHBbMAEq8t1V2mLB38dWz6AXTfjRV3ZfPTBMeASnvnAwWTvGT9hdmI2vVLQgHxBqN2exOf63ACQY_W0Eivs4As9lvVBvjemiumreB2CwmbNHGrl2IMZk031qJgtLPBByYbMRm1Zm7GXNHmBVmvFfEGekN62r0RQkZYO7jZHABI-1iPCrBeAEAYgFxcLazlWgBgKAB8qe8tgCqAenzLECqAfi2LECqAemvhuoB8zOsQKoB_PRG6gHltgbqAeqm7ECqAeOzhuoB5PYG6gH8OAbqAfulrECqAf-nrECqAevvrECqAfVyRuoB9m2sQKoB5oGqAf_nrECqAffn7ECqAf4wrECqAf7wrEC2AcB0ggvCIBhEAEYnQEyCIqCgICAgIAIOg2AQIDAgICAgKiAAqgDSL39wTpYmciB19mjkwOxCRuNHd226nXAgAoDmAsByAsBogwDkAEBqg0CSlDIDQHiDRMIl_OB19mjkwMV8UrDBh1ZuzYX6g0TCLLrgtfZo5MDFfFKwwYdWbs2F_ANAogO____________AdgTDdAVAZgWAcoWAgoA-BYBgBcBshcOGAEqCjI5MzE0NjYyNTC6FwI4AaoYFwkAAAAAMC7yQBIKMjkzMTQ2NjI1MBgBshgJEgKTThgCIgEA0BgB6BgBwhkCCAE&ae=1&gclid=EAIaIQobChMIwZaD19mjkwMV8UrDBh1ZuzYXEAEYASAAEgJzvvD_BwE&num=1&cid=CAQS4wEA56J1eVgVI9_UdPOHdvXoTHXC-M8F0DCM08QdpdaoPElozdpexihwzpwVx6DRy83vLJ7Nh3BSA4iSPH8uo8UvDZlTp6fdhXVyKvY6fwnHrDuT0cbVWITbpWhtBlJn61YmovveWYJlFjs5v4OTFlcZlwW8UEZI9EmZ_dMeCHaD2e_VrkSCBfyn8RtJaHyetekj0hRic8nu97-CGYCbfKoQyvuzdhwWX37LBwLkRtks9-G6x-B2GF3RoKd6Zo0Rhk-glxFK8JHd6bA7R94Gjr6LcGaxcrKhRgTRuLZhaPFXnV-e7xgB&sig=AOD64_3_XobFjvbv4HatGNxLtvt07b2z3Q&client=ca-pub-4613881071217662&rf=5&nx=CLICK_X&ny=CLICK_Y&uap=UACH(platform)&uapv=UACH(platformVersion)&uaa=UACH(architecture)&uam=UACH(model)&uafv=UACH(uaFullVersion)&uab=UACH(bitness)&uaw=UACH(wow64)&uafvl=UACH(fullVersionList)&nb=2&adurl=https://get.acres.com/watch-now-custom-maps%3Futm_source%3Dgoogle%26utm_medium%3Ddisplay%26utm_campaign%3DAcre_Plus_disp_engg%26utm_term%3Dimage_ads%26utm_content%3Dtopic%26utm_term%3D%26utm_campaign%3D%26utm_source%3Dadwords%26utm_medium%3Dppc%26hsa_acc%3D6352989462%26hsa_cam%3D22982074693%26hsa_grp%3D183576435343%26hsa_ad%3D772295068548%26hsa_src%3Dd%26hsa_tgt%3Dkwd-0%26hsa_kw%3D%26hsa_mt%3D%26hsa_net%3Dadwords%26hsa_ver%3D3%26utm_term%3D%26utm_campaign%3DAcre_Plus_Disp_Engg%26utm_source%3Dadwords%26utm_medium%3Dppc%26hsa_acc%3D6352989462%26hsa_cam%3D22982074693%26hsa_grp%3D183576435343%26hsa_ad%3D772295068548%26hsa_src%3Dd%26hsa_tgt%3Dkwd-0%26hsa_kw%3D%26hsa_mt%3D%26hsa_net%3Dadwords%26hsa_ver%3D3%26gad_source%3D5%26gad_campaignid%3D22982074693%26gclid%3DEAIaIQobChMIwZaD19mjkwMV8UrDBh1ZuzYXEAEYASAAEgJzvvD_BwE,https://get.acres.com/watch-now-custom-maps?utm_source=google&utm_medium=display&utm_campaign=Acre_Plus_disp_engg&utm_term=image_ads&utm_content=topic&utm_term=&utm_campaign=&utm_source=adwords&utm_medium=ppc&hsa_acc=6352989462&hsa_cam=22982074693&hsa_grp=183576435343&hsa_ad=772295068548&hsa_src=d&hsa_tgt=kwd-0&hsa_kw=&hsa_mt=&hsa_net=adwords&hsa_ver=3&utm_term=&utm_campaign=Acre_Plus_Disp_Engg&utm_source=adwords&utm_medium=ppc&hsa_acc=6352989462&hsa_cam=22982074693&hsa_grp=183576435343&hsa_ad=772295068548&hsa_src=d&hsa_tgt=kwd-0&hsa_kw=&hsa_mt=&hsa_net=adwords&hsa_ver=3&gad_source=5&gad_campaignid=22982074693&gclid=EAIaIQobChMIwZaD19mjkwMV8UrDBh1ZuzYXEAEYASAAEgJzvvD_BwE,74.0,59.0,73.0,78.0,78.0,15.0,16.0,16.0,17.0,17.0
16,https://www.googleadservices.com/pagead/aclk?sa=L&ai=CWCEBTAW4ac-TGLndvcAPkNvfyAKLmveohQHWkY6tsBWhpvjz0B0QASDa18U5YIkDoAGVgOi1QcgBCeACAKgDAcgDywSqBM0CT9CucJdzkuTP19PHmTZxchcmOm7OC-E4EvUQ9M-LAO5ydhfu9Z9sJ2TMIfuXb-El4Lu7k_-oB9Oh4cChSOM4NclsTp2EQqeoXiCh5ePpzl91d5zrcIHDvgGT_xaIfV50OgbQOwP4-vqxIXkbOzsEzqkeqoYCBuSa5KE_cqPK60kqyn4pm21azIM5vsrUVC-SexKSEjZH_6Vh5T56n6EIVtz2OHHg5qhk6ciXuEP6-r25iaXv6QRh_yVVRPSy239ikvckvQxWZKfWCiu66a_nF7U35fUJ_pRDcWG0rEdUHhtnMPGwiryVuFQA9fMFD3_Bv6i3yiJ7KQZcULLkPd6yIP6f-Wp_oiSplpE3BKe4mMoFLHaHrbtJflr8FWzc1qZwGIhoDBP2esomTsDd3tKHr--NvxMIH4RN2sE1Hd_MGLsY7tTRgqP4wyqe6CAvwASAyr7y5AXgBAGIBf3gzt9XoAYugAeVuLiVHKgHp8yxAqgHpr4bqAfMzrECqAfz0RuoB5bYG6gHqpuxAqgHjs4bqAeT2BuoB_DgG6gH7paxAqgH_p6xAqgHr76xAqgH1ckbqAfZtrECqAeaBqgH_56xAqgH35-xAqgH-MKxAqgH59exAtgHAMAIAdIIMAiAYRABGJ0BMgiKgoCAgICACDoOgECAwICAgICogAKogxBIvf3BOli5kuH2wqSTA_IIG2FkeC1zdWJzeW4tMTYxNDkxMzU5ODg3NTQ5NoAKA5gLAcgLAdoLERCkwqWz3QgYACCQ6YP1ITANgAwBmAztmInfyQWqDQJKUMgNAeINEwjd3OH2wqSTAxW5bg8CHZDtFynqDRMI2KDj9sKkkwMVuW4PAh2Q7RcpiA7___________8BsA6-6JHuGLgTgwTYEw7QFQHKFgIKAPgWAYAXAbIXDhgBKgo4NDY2MTU2MzU0uhcCOAGqGBcJAAAAAOCX_0ASCjg0NjYxNTYzNTQYAbIYCRICqlAYLiIBANAYAbIZATbCGQIIAQ&gclid=EAIaIQobChMIz-nj9sKkkwMVuW4PAh2Q7RcpEAEYASABEgI-FPD_BwE&num=1&cid=CAQS4wEABaugfStRgpSt1JVKwmsTezO1t0mg4RdVXS2aYLBtSJc7OaCJ8J0tU7zaEpaf_pcswGl5Fmufp4HGrrUNbp1e4jGejXrxB5UPyL8gsW-_fnmFJXMqajVOBKdMaLDIBVHhppKHUuVm2o-xZXuLsTnmTKEqv9WP0W32suq5D7M4lfQtcEY7lmB0xb8ItoqmlLsShDD6rHmLBHDeqCgH0u3hzbXhzDI0ZAlWzY4KkrVHgnSC3WkTyI7DIg19WA1xKwNUR1DPQwDrWwZEfKdtil7WMIclHDFRPdLSpRXRVrhn_Ls0vhgB&sig=AOD64_0_UvjbswRpqQtlkUXXPd2_kCdTtg&ae=1&ctype=77&nb=33&adurl=https%3A%2F%2Fwww.google.com%2Fmaps%2Fplace%2F%2F%4038.984623%2C-77.0956497%2C14z%2Fdata%3D!4m2!3m1!1s0x89b7c9bd411056a5%3A0xb5213230b78fa398!11m3!1m1!1e4!5shttps%3A%252F%252Fgoogleads.g.doubleclick.net%252Fpagead%252Fconversion%252F%253Fai%253DCFtExTAW4ac-TGLndvcAPkNvfyAKLmveohQHWkY6tsBWhpvjz0B0QASDa18U5YIkDoAGVgOi1QcgBCeACAKgDAcgDywSqBM0CT9CucJdzkuTP19PHmTZxchcmOm7OC-E4EvUQ9M-LAO5ydhfu9Z9sJ2TMIfuXb-El4Lu7k_-oB9Oh4cChSOM4NclsTp2EQqeoXiCh5ePpzl91d5zrcIHDvgGT_xaIfV50OgbQOwP4-vqxIXkbOzsEzqkeqoYCBuSa5KE_cqPK60kqyn4pm21azIM5vsrUVC-SexKSEjZH_6Vh5T56n6EIVtz2OHHg5qhk6ciXuEP6-r25iaXv6QRh_yVVRPSy239ikvckvQxWZKfWCiu66a_nF7U35fUJ_pRDcWG0rEdUHhtnMPGwiryVuFQA9fMFD3_Bv6i3yiJ7KQZcULLkPd6yIP6f-Wp_oiSplpE3BKe4mMoFLHaHrbtJflr8FWzc1qZwGIhoDBP2esomTsDd3tKHr--NvxMIH4RN2sE1Hd_MGLsY7tTRgqP4wyqe6CAvwASAyr7y5AXgBAGIBf3gzt9XoAYugAeVuLiVHKgHp8yxAqgHpr4bqAfMzrECqAfz0RuoB5bYG6gHqpuxAqgHjs4bqAeT2BuoB_DgG6gH7paxAqgH_p6xAqgHr76xAqgH1ckbqAfZtrECqAeaBqgH_56xAqgH35-xAqgH-MKxAqgH-8KxAtgHANIIMAiAYRABGJ0BMgiKgoCAgICACDoOgECAwICAgICogAKogxBIvf3BOli5kuH2wqSTA_IIG2FkeC1zdWJzeW4tMTYxNDkxMzU5ODg3NTQ5NrEJwFkgpTCuwoKACgOYCwHICwGADAGYDO2Yid_JBaoNAkpQyA0B4g0TCN3c4fbCpJMDFbluDwIdkO0XKeoNEwjYoOP2wqSTAxW5bg8CHZDtFynwDQKIDv___________wGwDr7oke4YuBODBNgTDtAVAcoWAgoA-BYBgBcBshcOGAEqCjg0NjYxNTYzNTS6FwI4AaoYFwkAAAAA4Jf_QBIKODQ2NjE1NjM1NBgBshgJEgKqUBguIgEA0BgBwhkCCAE%2526sigh%253DAB4ZHFW6jfM%2526label%253D_AITNAME_%2526value%253D_AITVALUE_%3Fsource%3Dcad-loc%26dadc%3D734534011094,"https://www.google.com/maps/place/A.G+Garage+Door/@38.984623,-77.0956497,14z/data=!4m6!3m5!1s0x89b7c9bd411056a5:0xb5213230b78fa398!8m2!3d38.9846216!4d-77.0956499!16s%2Fg%2F11xlzgm7j8!11m3!1m1!1e4!5shttps:%2F%2Fgoogleads.g.doubleclick.net%2Fpagead%2Fconversion%2F%3Fai%3DCFtExTAW4ac-TGLndvcAPkNvfyAKLmveohQHWkY6tsBWhpvjz0B0QASDa18U5YIkDoAGVgOi1QcgBCeACAKgDAcgDywSqBM0CT9CucJdzkuTP19PHmTZxchcmOm7OC-E4EvUQ9M-LAO5ydhfu9Z9sJ2TMIfuXb-El4Lu7k_-oB9Oh4cChSOM4NclsTp2EQqeoXiCh5ePpzl91d5zrcIHDvgGT_xaIfV50OgbQOwP4-vqxIXkbOzsEzqkeqoYCBuSa5KE_cqPK60kqyn4pm21azIM5vsrUVC-SexKSEjZH_6Vh5T56n6EIVtz2OHHg5qhk6ciXuEP6-r25iaXv6QRh_yVVRPSy239ikvckvQxWZKfWCiu66a_nF7U35fUJ_pRDcWG0rEdUHhtnMPGwiryVuFQA9fMFD3_Bv6i3yiJ7KQZcULLkPd6yIP6f-Wp_oiSplpE3BKe4mMoFLHaHrbtJflr8FWzc1qZwGIhoDBP2esomTsDd3tKHr--NvxMIH4RN2sE1Hd_MGLsY7tTRgqP4wyqe6CAvwASAyr7y5AXgBAGIBf3gzt9XoAYugAeVuLiVHKgHp8yxAqgHpr4bqAfMzrECqAfz0RuoB5bYG6gHqpuxAqgHjs4bqAeT2BuoB_DgG6gH7paxAqgH_p6xAqgHr76xAqgH1ckbqAfZtrECqAeaBqgH_56xAqgH35-xAqgH-MKxAqgH-8KxAtgHANIIMAiAYRABGJ0BMgiKgoCAgICACDoOgECAwICAgICogAKogxBIvf3BOli5kuH2wqSTA_IIG2FkeC1zdWJzeW4tMTYxNDkxMzU5ODg3NTQ5NrEJwFkgpTCuwoKACgOYCwHICwGADAGYDO2Yid_JBaoNAkpQyA0B4g0TCN3c4fbCpJMDFbluDwIdkO0XKeoNEwjYoOP2wqSTAxW5bg8CHZDtFynwDQKIDv___________wGwDr7oke4YuBODBNgTDtAVAcoWAgoA-BYBgBcBshcOGAEqCjg0NjYxNTYzNTS6FwI4AaoYFwkAAAAA4Jf_QBIKODQ2NjE1NjM1NBgBshgJEgKqUBguIgEA0BgBwhkCCAE%26sigh%3DAB4ZHFW6jfM%26label%3D_AITNAME_%26value%3D_AITVALUE_?entry=ttu&g_ep=EgoyMDI2MDMxNS4wIKXMDSoASAFQAw%3D%3D",,,,,,,,,,
17,https://www.googleadservices.com/pagead/aclk?sa=L&ai=Co4WtPiG2af68KIGYjeYP6a3pkQbX6vHvhAH86YCI_hSS09r4zAgQASD6qYoXYImLxIT0E6ABvf7twgPIAQmpAj8DuBVNMrY-4AIAqAMByANIqgSxAk_QtxBYlMHDePm-PRtn9GIq0XBrMrkWj5b17k4P5uCjvCcazinK7lteBH_KIMad_GBMP5qCPLCkw1oJRsdCri9_AJTr0LuBghy_U_u3GJMyclHyk_FLDXXFoOsIzlUCrbWr4_aUcmZ0wFSzZoCqjIMbAGgZ4HPcYtgs3F11-GVzXsBLYtLLnhdGX0SHeyNYsfm6tqwJreiiUg_5UR_ff5HRxgEHOZqoSNrjh1Ij1AWUJH2YmlNtHuN3Ca_pWQFIqevZQKwBRjUWxvhG1WWwUqflkXvbLHN-C-Z4fZgRCSgG0B9Rpom5a4brwTmKZanVv-_2O7krR592EuzC4MQ2IAZjagZl7BQp2728-3nwAdNJAqVoQDRs_D91Njtjqpn9JDA8igPYx_qOC6ad9XPp9v5vwATew8ugxgXgBAGIBcLbkLxXoAYugAergZI9qAenzLECqAemvhuoB8zOsQKoB_PRG6gHltgbqAeqm7ECqAeOzhuoB5PYG6gH8OAbqAfulrECqAf-nrECqAevvrECqAfVyRuoB9m2sQKoB5oGqAf_nrECqAffn7ECqAf4wrECqAf7wrEC2AcA0ggvCIBhEAEYnQEyCIqCgICAgIAIOg2AQIDAgICAgKiAAqgDSL39wTpY3ZKYpvWgkwOxCQaktcQ2pMKFgAoDmAsByAsBgAwBqg0CSlDIDQHiDRMIurKYpvWgkwMVAUzDBh3pVjpi6g0TCOeqmab1oJMDFQFMwwYd6VY6YvANAogO____________AdgTDdAVAcoWAgoA-BYBgBcBshcOGAEqCjkzMzI3OTI5MDa6FwI4AaoYFwkAAAAAgNbtQBIKOTMzMjc5MjkwNhgBshgJEgKLVBguIgEA0BgBwhkCCAE&ae=1&gclid=EAIaIQobChMI_tOZpvWgkwMVAUzDBh3pVjpiEAEYASAAEgLEMvD_BwE&num=1&cid=CAQS0QEA56J1eQZUxcL5RxyRwGS6_Lc3nPRSVnLy2ZxVHUJP7IHPUFZqcUGt7ZEkCpJqTGqkleVp9mOwUtjQFCos0bZl3a-FNrnku2REB4qDin7HkHTkpCyHNRl5UWasSbU6QowRBiBTKlcgAu0PRK1yWl0yxtx2-_W5EcRUCfMNleW7E6fEM6lOpxCom3GnrvqTaqllzK0ENMDTb6k9FDwKXjZxMgWEU-ydoynWJ9JZTU1zfO2906Zwmt89MFwdUPt5e1iRa9oyAmMwJo3IIaZFjL05thgB&sig=AOD64_3zcQD9e9OV5EIL5d6Fq4PjkoM80A&client=ca-pub-5405132603504384&rf=1&nb=25&adurl=https://www.business-school.ed.ac.uk/msc/ai-business%3Fgad_source%3D5%26gad_campaignid%3D23479987650%26gclid%3DEAIaIQobChMI_tOZpvWgkwMVAUzDBh3pVjpiEAEYASAAEgLEMvD_BwE,https://www.business-school.ed.ac.uk/msc/ai-business?gad_source=5&gad_campaignid=23479987650&gclid=EAIaIQobChMI_tOZpvWgkwMVAUzDBh3pVjpiEAEYASAAEgLEMvD_BwE,0.0,0.0,0.0,0.0,0.0,0.0,0.0,0.0,0.0,0.0
18,https://www.googleadservices.com/pagead/aclk?sa=L&ai=CX64dToO3ac6xGa-529gPxKDZoAeK4efthQG015C9mRXcqdm7rUcQASDX2J0iYMeNgY6EJqAB04fozkHIAQLgAgCoAwHIAwiqBIoDT9C_zCWwoIxjA4iHarw3TZH9RYL8k0qF2FK-WnodjN3VILBtAtKDtZqUfVGbjaWZWSlIbeV6fClpffVeGVJLWfHp5u020cKPbrEhyg01ybzZQBira2hZlwiq1Z6zqlMMRVCvtAhEjMX0e9osPpWPVeInptBIYlwrkj1ImKABwYG9apKDvdGyBbjjQwc4RcVJ0t54tXvICl9-fTaJhFWPyDf134F8t5CS68mGhehd3YUebF4vJRhVg3b85WHxiFOVORJy5gHTVv6ENJHqIBLnzExr-lTzb6VU_DDqzAh4hB9lz6rV5x9lNUDn1QuT8cVwdsmtYQMWZfdl0ibQLJacO-wB7Fqd3eW1HMoC-np1RKkxERn8i-EJJBMVFz80jLpUkBQytTUznHn0bf2KnANuiZz_aG5vi2Txh2Iq3d1dw_QCCvO17SEtrnWT8j7leLxUr-fij_wN6w2GBPheKhiQ2-56Qnk4vKY42-BHX-qPEfxDzV0h6eBOL_nzwtWlb1JH7HC-c1zwV7nFKsAE_6br49MF4AQBiAW82eyDWKAGAoAH07-4rhyoB6fMsQKoB6a-G6gHzM6xAqgH89EbqAeW2BuoB6qbsQKoB47OG6gHk9gbqAfw4BuoB-6WsQKoB_6esQKoB6--sQKoB9XJG6gH2baxAqgHmgaoB_-esQKoB9-fsQKoB_jCsQKoB_vCsQLYBwHSCC8IgGEQARidATIIioKAgICAgAg6DYBAgMCAgICAqIACqANIvf3BOlj7oMv6xqOTA7EJ_HPGmnjzNF2ACgOYCwHICwGqDQJaQcgNAeINEwjd2Mv6xqOTAxWv3BYFHURQFnTqDRMInc_M-sajkwMVr9wWBR1EUBZ08A0CiA7___________8B2BMD0BUByhYCCgD4FgGAFwGyFw4YASoKMTI2OTAxMDM0OLoXAjgBqhgXCQAAAABMui1BEgoxMjY5MDEwMzQ4GAGyGAkSAutOGAIiAQDQGAHCGQIIAQ&ae=1&gclid=EAIaIQobChMIzpDN-sajkwMVr9wWBR1EUBZ0EAEYASAAEgJ9HfD_BwE&num=1&cid=CAQS4wEABaugfT500m4unYLvEvNWC71ZhayXFnkq7Bk6SFY-Nkx_YpeykyBf5fY1uk3vctRQnJCL3vPvYuyz3TnBEethtLUpnqKPucAOXMoxxqP-UD8WAvESGwj-OYEQQ2pGz3OVfSC9nJ6o8RE_RgLqRuC8AEGRzUH1x3uWTTZjJNAl0Qrbfsc90p8O-2_3GlVddMAIG5iKvuQwZ7Sir0kd0BOpZruEzKgktYUxPsNgpUnte18YpF3G3XnqjRecwZwJj30NK2IC8QozXm97m3vh5McDlPX8w7wE0IlowekkZu7p9weU4BgB&sig=AOD64_2mJSyLnqLaxoGI66smdPv8hdK7pQ&client=ca-pub-8475685469544477&rf=5&nx=CLICK_X&ny=CLICK_Y&uap=UACH(platform)&uapv=UACH(platformVersion)&uaa=UACH(architecture)&uam=UACH(model)&uafv=UACH(uaFullVersion)&uab=UACH(bitness)&uaw=UACH(wow64)&uafvl=UACH(fullVersionList)&nb=2&adurl=https://www.pace.edu/undergraduate-nursing-pace-university%26utm_campaign%3Dss-pace-26-undergrad%26utm_source%3Dgoogleads%26utm_medium%3Dpaid-display%26utm_content%3D300x600%3Fgad_source%3D5%26gad_campaignid%3D23630392508%26gclid%3DEAIaIQobChMIzpDN-sajkwMVr9wWBR1EUBZ0EAEYASAAEgJ9HfD_BwE,https://www.pace.edu/undergraduate-nursing-pace-university&utm_campaign=ss-pace-26-undergrad&utm_source=googleads&utm_medium=paid-display&utm_content=300x600?gad_source=5&gad_campaignid=23630392508&gclid=EAIaIQobChMIzpDN-sajkwMVr9wWBR1EUBZ0EAEYASAAEgJ9HfD_BwE,,,,,,,,,,
19,https://www.googleadservices.com/pagead/aclk?sa=L&ai=CNj-Apsy2ab_hK4yijeYPmO7HyAGBvLvMhAHO28_E4RHripSryA8QASDmtM-ZAWCloJWAmAGgAe2m2e4CyAEJ4AIAqAMByAMKqgS0Ak_QnFpvXD2s2MqkWYTqWf6C_bqShIMw0APCxouYmOzyFI5cEE6pyddbxNWES7s1Lj5iUOtjMI5vb8VfvzMXQUhJcJ2WVqJs_QoUcQK1ltToTt9y9RME5XsIFKs1iRWuxNYkQFa-ZulvzfnC-L2xYADE3o0zKNEEq1cErHXZ1KpoiCMR25YBU-N3Vc6RRSxjttPvYwkNurfU6Tr8h6nEctP8Y2M9RxpGnZyTdXfGbVa03IpuDp60LK-iJ73IkyRGA3fQsv0PXmcuFqx179hNW2FELNB0XaGQ3W1QHAOZm5AKX8O5VesDSps7WzNprSz3wsbUTIfeN4iP2GSi5helUB5hT3aAw7eK0X_u9pOYWYhK_C3wzd9y_jsHCugVKdHfVqbmWiAKftLBAiRhnJPYazB7H1UPwASpsbD77wPgBAGIBcPfrNQ4oAYugAf72KaRAagHp8yxAqgHpr4bqAfMzrECqAfz0RuoB5bYG6gHqpuxAqgHjs4bqAeT2BuoB_DgG6gH7paxAqgH_p6xAqgHr76xAqgH1ckbqAfZtrECqAeaBqgH_56xAqgH35-xAqgH-MKxAqgH-8KxAtgHANIILwiAYRABGJ0BMgiKgoCAgICACDoNgECAwICAgICogAKoA0i9_cE6WMbc5eGYopMDsQmAgv8syZpTWYAKA5gLAcgLAYAMAaoNAkFVyA0B4g0TCMb45eGYopMDFQxRwwYdGPcRGeoNEwjN0ebhmKKTAxUMUcMGHRj3ERnwDQKIDv___________wG4E-QD2BMNiBQC0BUByhYCCgD4FgGAFwGyFw4YASoKNTEwMzg3OTQ4M7oXAjgBqhgXCQAAAABgEhVBEgo1MTAzODc5NDgzGAGyGAkSAtxRGC4iAQDQGAHCGQIIAQ&ae=1&gclid=EAIaIQobChMIv8zr4ZiikwMVDFHDBh0Y9xEZEAEYASAAEgJkRvD_BwE&num=1&cid=CAQS0gEA56J1eZ3PB2h-ugtMCG2Kwqz1rgvNA6u2B64muZic-7NJL0a3wGtNg_r-8CpERaj2pcmAFC1cdq3MaGNrtUC-isgDE_e9FZkXsWrIyBMb3EEtpEQ8-YacagknBUu9LF52huApJm-8ervH_Xb7JAFujdCkY1HN6DQn3xSP8eHeyXKEbXlYaoth3tw3E60qedYepgkgAMrIhIELzHHZHSuJx_uXtGB4pKIyrt_xPbJ4z06OJ2EzR6Wga0jkvUhKUnTVmLKXIs97spPxvM7b5Gh_gJUYAQ&sig=AOD64_1sBjiEezm0rTy_jgE5itwbu202UQ&client=ca-pub-3677668629134422&rf=4&nb=9&adurl=https://moscot.com%3Fg_adid%3D671243988159%26g_keyword%3D%26g_campaignid%3D15209279427%26g_acctid%3D914-049-3847%26g_adgroupid%3D133134293161%26g_network%3Dd%26g_adtype%3Ddisplay%26g_keywordid%3Dkwd-0%26g_campaign%3DAGP%2B%257C%2BPerformance%2B%257C%2BRemarketing%2B%257C%2BDisplay%26gad_source%3D5%26gad_campaignid%3D15209279427%26gclid%3DEAIaIQobChMIv8zr4ZiikwMVDFHDBh0Y9xEZEAEYASAAEgJkRvD_BwE,https://moscot.com/?g_adid=671243988159&g_keyword=&g_campaignid=15209279427&g_acctid=914-049-3847&g_adgroupid=133134293161&g_network=d&g_adtype=display&g_keywordid=kwd-0&g_campaign=AGP+%7C+Performance+%7C+Remarketing+%7C+Display&gad_source=5&gad_campaignid=15209279427&gclid=EAIaIQobChMIv8zr4ZiikwMVDFHDBh0Y9xEZEAEYASAAEgJkRvD_BwE,,,,,,,,,,
20,https://adclick.g.doubleclick.net/aclk?sa=l&ai=CeJrjTMC4aZqsCc-HjeYPhay3sAi7qOP-hAGq5qfJmBX--IDawwEQASDmtM-ZAWDHlYCOhCagAYrAsf8CyAEJqQJgikrE0hdwPuACAKgDAcgDSKoE-QJP0HZNpqvfPX-yIqd1rUKSwIaj1lvirRFCtGlgbHX0zTcjzGPc4aw-1WNvli2TX4YSJRuIGrHv66GpphnMO-RCEl4idOZ2wm1fyqNAoI3jaHWhIC5khJWejk91ku_uFbOFJ8m71icmXcXKvK68cXVtuRteaa0r4hkOQHrfd1_cpEsCArh-6wVsnuDmIz-rpTeSo5GjI58G6fs_BmGddc1HO3tIeZdJAI60NsR1yrvpPF34Iwkl2EwNHmC2gx3Zpy165yh3icSO-jAI6yyE_GonZm_SkylC3yhRjHYmEwa474xK_oXr-0kNpdSJsRAzmtyszo6jAHnz6g7VKJIbfjs2XlmdhGYRfyMiWm6iwIjU-gMTPq9GyxtfY4K95ppWkFW8cIs2U8xuKP5AH-q6JstcRvhgau7I4o_wc648ph_lqmV9dzjDa1P1GSVe6HlxSfjyyL8amwOaXXXqzXD9l1LVO7ZS6kXlkOFn39GhfcvXvWqKFF0ntrFSxMAEgLrFrtYF4AQBiAXb1eboVqAGLoAH3r_OgAGoB6fMsQKoB-LYsQKoB6a-G6gHzM6xAqgH89EbqAeW2BuoB6qbsQKoB47OG6gHk9gbqAfw4BuoB-6WsQKoB_6esQKoB6--sQKoB9XJG6gH2baxAqgHmgaoB_-esQKoB9-fsQKoB_jCsQKoB_vCsQLYBwDSCDIIgeGAYBABGJ0BMgjLioCAgICACjoOgIAEgMCAgICAqIACqANIvf3BOljYm-eh9aWTA7EJjbFnB3Oka2qACgOYCwHICwGADAGiDAOQAQGqDQJaQcgNAeINEwjIteeh9aWTAxXPQ8MGHQXWDYbqDRMIqMrnofWlkwMVz0PDBh0F1g2G8A0CiA7___________8B2BMO0BUBmBYByhYCCgD4FgGAFwGyFw4YASoKNTEwMzg3OTQ4M7oXAjgBqhgXCQAAAABwUPZAEgo1MTAzODc5NDgzGAGyGAkSAvZOGC4iAQDQGAHoGAHCGQIIAQ&ae=1&gclid=EAIaIQobChMImoLoofWlkwMVz0PDBh0F1g2GEAEYASAAEgJrjPD_BwE&num=1&sig=AOD64_1RjevGt92yqqX28VIQnrlYgajAWQ&client=ca-pub-3677668629134422&rf=1&nb=25&adurl=https://www.naked.insure/home-contents-insurance%3Futm_source%3Dgoogle%26utm_medium%3Ddisplay%26utm_campaign%3Dcategoryd_abj_sales_basic%26renter%26utm_content%3D%26utm_term%3D%26utm_location%3D9195955%26utm_match%3D%26utm_network%3Dd%26utm_device%3Dc%26utm_model%3D%26utm_placement%3Dwww.mirror.co.uk%26utm_target%3D%26utm_position%3D%26utm_extension%3D%26utm_targetid%3D%26gad_source%3D5%26gad_campaignid%3D23305235163%26gclid%3DEAIaIQobChMImoLoofWlkwMVz0PDBh0F1g2GEAEYASAAEgJrjPD_BwE,https://www.naked.insure/home-contents-insurance?utm_source=google&utm_medium=display&utm_campaign=categoryd_abj_sales_basic&renter&utm_content=&utm_term=&utm_location=9195955&utm_match=&utm_network=d&utm_device=c&utm_model=&utm_placement=www.mirror.co.uk&utm_target=&utm_position=&utm_extension=&utm_targetid=&gad_source=5&gad_campaignid=23305235163&gclid=EAIaIQobChMImoLoofWlkwMVz0PDBh0F1g2GEAEYASAAEgJrjPD_BwE,,,,,,,,,,
21,https://www.googleadservices.com/pagead/aclk?sa=L&ai=C34TKJU22afq0OYCppt8PruDswQfn_uPrf6G5r_W7Fb6g3q_DARABIIWv8x5gpaCVgJgBoAG7gfm5KMgBCakCz5CtxHZspz7gAgCoAwHIA8sEqgS9Ak_Q5aRbJvzJi9cgJyic_ZCsa56MLgmQI43SynRzMgrTchG5GOFAO4ogxU0xJI-hynbPqYGGBtPrWsUP_m680dPe99KhsfUOQ1e940Z3GPYWUnj4NhInHnNWPNX8Q_dTaofZmGDfuWmk4oGBur_yAz5lGYAGRPDC5wzMgtUn1E-YIpJcABrNEgxa6762X_SSHS5zO5CcpzXb8dUa5NO33KyF4xUdLlrVOgdK6QMd6WHufKTodE8MCBZVq48zhbfGizLM9slYGiurpH1dpuXm1PqneQLH6oPGZjNHrGv8N-7tiCPw2B5-kPcqomAx9-Hj6ucyl_d5r9wBEtouUIMv3kbU7jl4Bkw39OocjDygDfOd6mddIIXZJmmJydTtBalrcmb_COOhCR7KaSGL2Rqopr-4shntKOxrYUJ3ANI-wASiifCaigXgBAGIBZSWju9SwAUF-gUGCCUQARgAoAYugAe7ucmZA6gHp8yxAqgH4tixAqgHpr4bqAfMzrECqAfz0RuoB5bYG6gHqpuxAqgHjs4bqAeT2BuoB_DgG6gH7paxAqgH_p6xAqgHr76xAqgH2baxAqgHmgaoB_-esQKoB9-fsQKoB_jCsQKoB-LYsQKoB-LYsQKoB-LYsQLYBwDACALSCC8IgGEQARidATIIioKAgICAgAg6DYBAgMCAgICAqIACqANIvf3BOliJ87uVn6GTA4AKA5ALA5gLAcgLAYAMAaIMBUgBkAEBqg0CQVXIDQHiDRMI4p68lZ-hkwMVgJTpBR0uMDt46g0TCKzMvZWfoZMDFYCU6QUdLjA7ePANAogO____________AbAOkP3UrhjgErbS3LPHlb_jcqITSwouCANAAVIICgYSBAgBEAFyHhIcIAIoATgCQJSWju9SWAFo_v__________AZgBAxoZChdjYS1wdWItNjEzMTIyODEzMzE0MzczM9gTDNAVAekVB_jFyhRUn9XwFfibnJAC-hUKMjM1MTIzNDQ1MpgWAcoWAgoA-BYBgBcBshcOGAEqCjU1MDE4Mjk1Nzi6FwI4AaoYFwkAAAAAQIkIQRIKNTUwMTgyOTU3OBgBshgJEgLHTxguIgEA0BgBwhkCCAE&ae=1&gclid=EAIaIQobChMIutvAlZ-hkwMVgJTpBR0uMDt4EAEYASACEgJygvD_BwE&num=1&cid=CAQS0AEABaugfZbe4fZyt_6LHLyosynPsOql3Us7Rn7eoSACoQ21eBiybuWiSZQarTvL9vRg4v-7WnJIegQazq50XzYn7tgIKXklJICQKQqLyIZA7H6RBeRniaXQoofbjbSblR1j8DstHgYYJWm7oiLFYEbF_CWXsNkF9LElHH29zD6hTtyzq-8mAkkxrYh6_PT6jdCs1lZ32AOEbstlOcct2MP5OSRRHzzKvTcGe8TtgWIqbUd43osKkn_bOGjx5mpRCOlFYoD4Rz3cMUfay78KxFz4GAE&sig=AOD64_2q7jSmR-Pn_XRlwQi5ynNWEUJY2g&ctype=5&client=ca-pub-6131228133143733&nb=9&adurl=https://bossadventure.com.au/caravans/boss-sorrento-18/%3Futm_source%3Dgoogle%26utm_campaign%3D21078674330%26utm_medium%3Dad%26utm_content%3D%26utm_term%3D%26gad_source%3D5%26gad_campaignid%3D22244723476%26gclid%3DEAIaIQobChMIutvAlZ-hkwMVgJTpBR0uMDt4EAEYASACEgJygvD_BwE,https://bossadventure.com.au/caravans/boss-sorrento-18/?utm_source=google&utm_campaign=21078674330&utm_medium=ad&utm_content=&utm_term=&gad_source=5&gad_campaignid=22244723476&gclid=EAIaIQobChMIutvAlZ-hkwMVgJTpBR0uMDt4EAEYASACEgJygvD_BwE,,,,,,,,,,
22,https://googleads.g.doubleclick.net/aclk?sa=l&ai=C66OlDz60aZHBK9uTjeYPx-XCyQPq7JafggHO_9CwkRStyv3fBRABINOx301giYvEhPQToAGgk4uwA8gBAqkCcve7KMPzOj7gAgCoAwHIAwiqBLoCT9DJfitEeTcIdVA3GFtORaIEYNeDUC76YF3S6aERj50W21muv8zNwrH5RhuClEd7Y9WwAkGC7ZML6BuPTNrO6hu6lK5lh2YPRgvVM9D5sOq3GpZ4cNaKQ9WzGceEEeGeS18AuO7m1wMaoMLUJq5moo4wFy9jte1kLST65dPPFICTcjex5X9rB_Wz6JYmlUM2b_QkIK8aVku-6kKT1NFIYwD9-ftvPg6uSsyuMUSdIuaZG6e9MKn1nu86jSSEBOGyLVfdQTim9kstY_NrTTIMSI8WvofQmBaYDxmEcv8-_fe3uEeNmxoSghMGGQtzeIQh3HcAouj-1st0WUg6yFVP1_3tin043AjK_-UHqz_CQi0iYAUgruupwRteQ3ZXbM1YVZWhjxUmjgnYu4BgcQQiynNjWPxgTPghUBbABNb1i9G6A-AEAYgF1pf9hSygBgKAB8js9E-oB6fMsQKoB-LYsQKoB6a-G6gHzM6xAqgH89EbqAeW2BuoB6qbsQKoB47OG6gHk9gbqAfw4BuoB-6WsQKoB_6esQKoB6--sQKoB9XJG6gH2baxAqgHmgaoB_-esQKoB9-fsQKoB_jCsQKoB_vCsQLYBwHSCC8IgGEQARidATIIioKAgICAgAg6DYBAgMCAgICAqIACqANIvf3BOljxnr-_qJ2TA7EJSKR9f4ezxj-ACgOYCwHICwGiDAOQAQGqDQJKUMgNAeINEwjpvb-_qJ2TAxXbScMGHceyMDnqDRMIqpXAv6idkwMV20nDBh3HsjA58A0CiA7___________8B2BMD0BUBmBYByhYCCgD4FgGAFwGyFw4YASoKNDU0NzQwNzIyMLoXAjgBqhgXCQAAAACoDwVBEgo0NTQ3NDA3MjIwGAGyGAkSArFfGAIiAQDQGAHoGAHCGQIIAQ&ae=1&gclid=EAIaIQobChMI0YTtv6idkwMV20nDBh3HsjA5EAEYASAAEgJXf_D_BwE&num=1&cid=CAQS5AEA56J1eWcXQpbRlsWF7g99oXYcANur99VWNdaf4BN6mWHYY2RYoMXpEfdFOSnVz-cEjn8xmJD4iclBV9CP4ch9epCXP9XrD73ZJeMwzz2hjBkv9jBByuc1qiMxyrQVQaxGkXquyOeHFs1xSH8AsNt57B9OLQbfB2B4JYiYcRN2rSmjHLChQ2Gzid_CUTPr6dNndB9pcYSHNncH5j6XJlBpoMVO7NvpF7LJf-SVDHNc_X_LrCS-CuThRn7Qp5sr_T-bMA4wJPHZJTiIfekh7gYudbNvZItWpx-Q8HzCDHpJlB9GUj0YAQ&sig=AOD64_26dK1nBq00um83OsJ8Bx0bZWrH3g&client=ca-pub-7732679874752919&rf=5&nx=CLICK_X&ny=CLICK_Y&uap=UACH(platform)&uapv=UACH(platformVersion)&uaa=UACH(architecture)&uam=UACH(model)&uafv=UACH(uaFullVersion)&uab=UACH(bitness)&uaw=UACH(wow64)&uafvl=UACH(fullVersionList)&nb=2&adurl=https://www.sateraito.jp/%3Fgad_source%3D5%26gad_campaignid%3D11823696854%26gclid%3DEAIaIQobChMI0YTtv6idkwMV20nDBh3HsjA5EAEYASAAEgJXf_D_BwE,https://www.sateraito.jp/?gad_source=5&gad_campaignid=11823696854&gclid=EAIaIQobChMI0YTtv6idkwMV20nDBh3HsjA5EAEYASAAEgJXf_D_BwE,,,,,,,,,,
23,https://www.googleadservices.com/pagead/aclk?sa=L&ai=CJ0kkNyG2aZKQC-WLjeYPgYGakAavz8fabam625TmE4CU4KW6AhABIPqpihdgiYvEhPQToAH6nrHmAcgBCakCaAvoJFnjOj7gAgCoAwHIAwqqBMICT9DJwT5bCW23k7xrjU7OkrkH7EfU643VWT00YHMnfyNlO5rkl3HJ2XBljnY-ZwzvmQ1dmgSYsPTSC8wIGTLPsyIYH0_SGz8kHy9M6LsYhEOkrq8zinn_0cIGtA6yDrpbdFySBE_om1brcjsdwR6C1XREAvxEdVc_enaLvm3i6Xx-CQWTQqFdbzatmoTQUqkt1IpimCxz5Dj_fCjIs7Kaq6LcwEypkqvGPyUWgiO9_0zOQbjWlvWawpAO5q4qnjq6iCKabzHwZBK_DVarwBPq4sOHwhr8yV8fsEdvlmQETWuE9awHfHDPhDzpPvIZKng8Ju4Nu_G-NvkjxJOD4uI9g3Kmnrud532eTDppQxWovfs8KbOtUtuB41X709PUsUCpwIWQX_j_FNs_97Bpvn9A0A9a8mz4l7UsVOlu09HAR8RvqsAE-97es6UD4AQBiAXQqvn3KqAGLoAH7uDOmQKoB6fMsQKoB6a-G6gHzM6xAqgH89EbqAeW2BuoB6qbsQKoB47OG6gHk9gbqAfw4BuoB-6WsQKoB_6esQKoB6--sQKoB9XJG6gH2baxAqgHmgaoB_-esQKoB9-fsQKoB_jCsQKoB_vCsQKoB8LIsQLYBwDSCC8IgGEQARidATIIioKAgICAgAg6DYBAgMCAgICAqIACqANIvf3BOlipvM-i9aCTA7EJDshGUFr7KbmACgOKCj1odHRwOi8vd3d3LmtuYS5jby5qcC8_Z2FkX3NvdXJjZT01JmdhZF9jYW1wYWlnbmlkPTExNTI1ODM4MTYwmAsByAsB4AsBgAwBqg0CSlDIDQHiDRMIveHPovWgkwMV5UXDBh2BgAZi6g0TCPXe0KL1oJMDFeVFwwYdgYAGYvANAogO____________AdgTDdAVAcoWAgoA-BYBgBcBshcOGAEqCjkzMzI3OTI5MDa6FwI4AaoYFwkAAAAAoGDkQBIKOTMzMjc5MjkwNhgBshgJEgKTThguIgEA0BgBwhkCCAE&ae=1&gclid=EAIaIQobChMI0ofRovWgkwMV5UXDBh2BgAZiEAEYASAAEgInTvD_BwE&num=1&cid=CAQS0QEA56J1eftbOAaEjUx8mDYs2FsGyOZCFCgW4BcPoo7FiS-gjwa8wOq5MOHbRnjb5OnttywlV5YqIK6Z7u8Nh_pD7BnIqMpobx5_E7lTA5vGNE8gUFESO8eWAiFntnrBcqK9D1iOgDiP5F_Dh4ZtT3l3sqcTPWsxv-KavzZ6Fy-mVuwR-gLtkjQndJMy7aF2ZyRSXDLnDOGRHmxEwuRBvoR5VvpiV7cgXVoVAXAuJXOwUGoJTYMNxoHSdctr4s4uJrC2e1UvUkOrU3Px5fDB2HlBUBgB&sig=AOD64_0OnQ1iPEXq3Sze8jOfUJ2lVV_1vQ&client=ca-pub-5405132603504384&rf=4&nb=9&adurl=https://www.kna.co.jp/%3Fgad_source%3D5%26gad_campaignid%3D11525838160%26gclid%3DEAIaIQobChMI0ofRovWgkwMV5UXDBh2BgAZiEAEYASAAEgInTvD_BwE,https://www.kna.co.jp/?gad_source=5&gad_campaignid=11525838160&gclid=EAIaIQobChMI0ofRovWgkwMV5UXDBh2BgAZiEAEYASAAEgInTvD_BwE,,,,,,,,,,
24,https://www.googleadservices.com/pagead/aclk?sa=L&ai=CMleDOJi3afXrDrSygeAP6ZOR4AKnoN6lggG7mqKKjRWn3bqi1ggQASCg5YIkYImLxIT0E6AB4Oq-sCnIAQmpAvrWXIzt9To-4AIAqAMByAMKqgTUAk_QbsHOj1L96nInVrUTDD1UpIATXHBK_yqP-VB3G1M-Dn1Ic_23OpcwTiVQT0L3MxcaAOuaawlQ9ARrzRU67u5F_92M59sfP8YgmPUR0uSisQyd_qJVULUZtP3CeEcreqYuf7biujtnjxI9rikxKJy-c-qiuHdyNUJ4YuAxq7a7Zy2Ek5lOlcs7TDeIRJ_Ee4eHk2VXmgxtOuSna4V0zmyspr-dtCwIVKcpAZxpdXwKPEG078_WCFCf4ExRv2cYLg2PxvQvUgTY5-6q7fAI4hDrFvhOfgTr2A5wzrhHaIAFxUCMx6hw7keS8Uhtx52eYbMPuU9rCFzIx-HER8RQRlJdH2tY-iwmWC-VNvS9Zj6yRcQcJNjRTOF8zB3FiFkStxzHYKTtAtaqoGMX0QAa1SpWPCzftsXbwFrDL4UBROiaH139X4KbO2aedPxSgrCC_KyMenjABOLLjZWtBOAEAYgFvpf7xkmgBi6AB-Cij5AEqAenzLECqAfi2LECqAemvhuoB8zOsQKoB_PRG6gHltgbqAeqm7ECqAeOzhuoB5PYG6gH8OAbqAfulrECqAf-nrECqAevvrECqAfVyRuoB9m2sQKoB5oGqAf_nrECqAffn7ECqAf4wrECqAf7wrECqAfCyLEC2AcA0ggvCIBhEAEYnQEyCIqCgICAgIAIOg2AQIDAgICAgKiAAqgDSL39wTpYvJy-89qjkwOxCecfzQtfQPOGgAoDigpUaHR0cHM6Ly90aGUtZmlyc3QuY2xpbmljL3RhbWEtY2VudGVyLWNsaW5pYy8_Z2FkX3NvdXJjZT01JmdhZF9jYW1wYWlnbmlkPTE5NzQ0NjA3MTY2mAsByAsB4AsBgAwBogwDkAEBqg0CSlDIDQHiDRMI-Ly-89qjkwMVNFkABh3pSQQs6g0TCJW1v_Pao5MDFTRZAAYd6UkELPANAogO____________AdgTCtAVAZgWAcoWAgoA-BYBgBcBshcOGAEqCjk1OTc0MjU0OTS6FwI4AaoYFwkAAAAAgKj4QBIKOTU5NzQyNTQ5NBgBshgJEgLrThguIgEA0BgBwhkCCAE&ae=1&gclid=EAIaIQobChMI9efA89qjkwMVNFkABh3pSQQsEAEYASAAEgKlkfD_BwE&num=1&cid=CAQS0gEA56J1eWrqBF9WM-nJFvFZBeK_hDWfOylcyyoUi67Wk4lKHGCAktLSZuT9NCs0vAMWIhLUsNXyaddHkKD0weXeszcFnk7tPVEsyqHjFO6LuvSdtqAgyqb4mcW76rLyJWqgKfxYH1-u3GNRFfU2LE0LWHYFWwBVyAJdTEdimkcgdEeBFN3oQuCplndthEtor6hf2wzItTsEOiisjI4AOB3hNMPqvVvFRR4In3T_65ie3h88KheU7Y614ED6B4oMIBSqbJPkF2e6CqqmP8QwGa3ZcPYYAQ&sig=AOD64_0TvcpbARApczH3D5MmvDACfYUtGg&client=ca-pub-2970406823702922&rf=4&nb=9&adurl=https://the-first.clinic/toppage/tama-center-clinic/%3Fgad_source%3D5%26gad_campaignid%3D19744607166%26gclid%3DEAIaIQobChMI9efA89qjkwMVNFkABh3pSQQsEAEYASAAEgKlkfD_BwE,https://the-first.clinic/toppage/tama-center-clinic/?gad_source=5&gad_campaignid=19744607166&gclid=EAIaIQobChMI9efA89qjkwMVNFkABh3pSQQsEAEYASAAEgKlkfD_BwE,,,,,,,,,,
25,https://www.googleadservices.com/pagead/aclk?sa=L&ai=CcEn0kLO2adb-OoyW29gPm93x0AfZ4ZjHhQHx84nqkhWujYeV4A4QASC0o80iYImLxIT0E6ABr-DzigPIAQPgAgCoAwHIAwiqBKkDT9CAEZlCtVDYD8WIFOk5Kw01UwOqbGtAkWQE0c8VkrbXaH3FtVrxP3PUH1nA5zWbp00MZYwkpZQVhzXqw7sb0o3ECWfyVSkthxTbvnaGzwfd-bJPKHkt2fzrU1PR41hPFMZMgQS5jwGylPnzjxGKeUo5N-JC7VZyKDsHZGQoif6zASkIAhgWHsoPJsRbxERXoGcU6IPZ17F3biTbK3eMwdlqK5eaUtYg_bV-9-H4zmvERCZY22laCPaFyzWPWPFYrQ5wdkFC7Ewc3nqCX02DJC-qHFhLfeEiY95oe3_jSabwHCL-UHsyEwKx1F0E9T9g_bxxxBy9JktdAjNSjI_Bz8-YbixnXX0P3RRRjtWOLJNZkArdmalyTjB8s6ER6jvkrClEpFbWDOYbpNgu7HfOa8ITbFMNaXaMaTVo0kyyilwJjWEovI3SWwzdQk3CvA9F5tIrTxuDKnlOnn_DL42c-d-79UCmTzAUyzWpPchAlAcKdrw1V-JGaYvuJP6jsAmNl6fATLoyoHMBh5tl6NHeIsiNvD0MLqx9YGQt4Bkd-dEAJ4svckUF_ibABP7iv-PfBeAEAYgFpLeU81egBgOAB92IlHyoB6fMsQKoB-LYsQKoB6a-G6gHzM6xAqgH89EbqAeW2BuoB6qbsQKoB47OG6gHk9gbqAfw4BuoB-6WsQKoB_6esQKoB6--sQKoB9XJG6gH2baxAqgHmgaoB_-esQKoB9-fsQKoB_jCsQKoB_vCsQLYBwHSCC8IgGEQARidATIIioKAgICAgAg6DYBAgMCAgICAqIACqANIvf3BOljJ-tjrgKKTA7EJuadfeEa0SEKACgGYCwHICwGiDAOQAQGqDQJKUMgNAeINEwiDsNnrgKKTAxUMyxYFHZtuHHrqDRMIndza64CikwMVDMsWBR2bbhx68A0CiA7___________8B2BMD0BUBmBYByhYCCgD4FgGAFwGyFw4YASoKOTcxODI5NTg1NboXAjgBqhgXCQAAAAAA7PNAEgo5NzE4Mjk1ODU1GAGyGAkSAsVoGAMiAQDQGAHoGAHCGQIIAQ&ae=1&gclid=EAIaIQobChMI1obb64CikwMVDMsWBR2bbhx6EAEYASAAEgI3kvD_BwE&num=1&cid=CAQS0QEABaugfTDxsuNsB0joeLFMkzaGKCaugo0k_I8jF5Oudn9iDg7MOMGWZXbsgYzUpbOFf3ovqXO4fyZ_65tHSZjtxyf8UcgMuyA1-X43viSwLjYmN9seMXouQSXbCx-1nWJhiEKZ0MPE4vNRo2Tgd3uQrIltW9cLsWo_PkgNjaf6a3sR03h0b5QrKNMbIB1n0muvNxcu8TDO4jAhe-cXjbY_HBaVpkodl5yWvAqFdn-61AeD-uhZ7vVh15a3ZCdgd3cDC_U59ERB1FHbNoc4YOXKrRgB&sig=AOD64_0J3223kb-Fs0gMEckRlYp5xuAITA&client=ca-pub-2334602378211593&rf=5&nx=CLICK_X&ny=CLICK_Y&uap=UACH(platform)&uapv=UACH(platformVersion)&uaa=UACH(architecture)&uam=UACH(model)&uafv=UACH(uaFullVersion)&uab=UACH(bitness)&uaw=UACH(wow64)&uafvl=UACH(fullVersionList)&nb=2&adurl=https://www.samsung.com/pe/smartphones/galaxy-s26-ultra/buy/%3Fcid%3Dpe_pd_display_google-display-network_f1h26_pre-order_e260046-mx-miracle-preorder-reach-ss-gdn-cmo_standard-banner_other-other-None-spanish_custom-affinity-custom-affinity%26utm_source%3Dgoogle-display-network%26utm_medium%3Ddisplay%26utm_campaign%3De260046-mx-miracle-preorder-reach-ss-gdn-cmo%26utm_term%3Dcustom-affinity%2Bcustom-affinity%26utm_content%3Dother%2Bother%2BNone%2Bspanish%26gad_source%3D5%26gad_campaignid%3D23595391908%26gclid%3DEAIaIQobChMI1obb64CikwMVDMsWBR2bbhx6EAEYASAAEgI3kvD_BwE,https://www.samsung.com/pe/smartphones/galaxy-s26-ultra/buy/?cid=pe_pd_display_google-display-network_f1h26_pre-order_e260046-mx-miracle-preorder-reach-ss-gdn-cmo_standard-banner_other-other-None-spanish_custom-affinity-custom-affinity&utm_source=google-display-network&utm_medium=display&utm_campaign=e260046-mx-miracle-preorder-reach-ss-gdn-cmo&utm_term=custom-affinity+custom-affinity&utm_content=other+other+None+spanish&gad_source=5&gad_campaignid=23595391908&gclid=EAIaIQobChMI1obb64CikwMVDMsWBR2bbhx6EAEYASAAEgI3kvD_BwE,,,,,,,,,,
26,https://www.googleadservices.com/pagead/aclk?sa=L&ai=Cfh4k9K62ae_nFcbcs8IPmZ3h4AH_npDyhQGI2b-7vxXZguaQhyoQASDmtM-ZAWCJi8SE9BOgAabqsbsDyAEJqQJoC-gkWeM6PuACAKgDAcgDCqoEygJP0HEJ4zsgQb18cF4CzLWKbOtsCQKF-sEqpjbCdTNUw2fh-eas9Ogi5DDzMc7XBg8rJFVCcZk7g_-iQlLrr_Vp2k_jghplAp-hL7h1wKE7Q1Mcu1nXLeFV8RwIMWwby1aCPY6eOXZwDkW6t4VshwGBJXcg-8X47HmPZ9yVU0LArzcgp5eWFZp4bWg1cL8qy8-K2XmrkMAChvads5igPcqHTTvhdRasnDQvU-6rLupPyiGgIcjBzY4bUp-nuj4dyNBoPEobp8AKsu9pUzd9PFZyp6igJu8_yEELvpQNYQaK7xkqqmpbCLBE7LVbkRjTz0P5VqUd9T0od2Ax3Lr6HFEGfumCQmwE5VpMkQO8HNBPhseb0K9uDHy8E_ydglvs-2hSN5Z_XOcNY_PyVJQF-XLvC5CLmum-EtGxUR9rOhXY8iJTbCMxi9YRpJ3ABNW91JnEBeAEAYgFydvPxVGgBi6AB8KVzkSoB6fMsQKoB-LYsQKoB6a-G6gHzM6xAqgH89EbqAeW2BuoB6qbsQKoB47OG6gHk9gbqAfw4BuoB-6WsQKoB_6esQKoB6--sQKoB5rhsQKoB9XJG6gH2baxAqgHmgaoB_-esQKoB9-fsQKoB_jCsQKoB_vCsQLYBwDSCC8IgGEQARidATIIioKAgICAgAg6DYBAgMCAgICAqIACqANIvf3BOliGj964_KGTA7EJ-Duc6jPryHWACgOYCwHICwGADAGiDAOQAQGqDQJKUMgNAeINEwj5tt64_KGTAxVG7kwCHZlOGBzqDRMIwNDfuPyhkwMVRu5MAh2ZThgc8A0CiA7___________8BsA6A-8fgGNgTDNAVAZgWAcoWAgoA-BYBgBcBshcOGAEqCjUxMDM4Nzk0ODO6FwI4AaoYFwkAAAAAwMwCQRIKNTEwMzg3OTQ4MxgBshgJEgL2ThguIgEA0BgBwhkCCAE&ae=1&gclid=EAIaIQobChMI77HguPyhkwMVRu5MAh2ZThgcEAEYASAAEgLNqPD_BwE&num=1&cid=CAQS0gEABaugfeOOdKWTZ9LO9oZP4dAh5rKAihgKW31G-2nmXxKNlvhUEw694TSpPkff0NhSnmuMpAdYcKvuQBH-rnvr5iguJSn7khorKQVmiwFzf0q1hBjAyiddMzhvIieW8LJAY4SKwweqxK9i_2D9Ul9lmIV5kYTuqww43Y8gicKXccHlfAvxWNqMyrDgBsFA8Erd3p4n9bGXqjaK78Lze1u3UDAsiqBfoJ9pqGvsDgOitiOjOaPhBZXItDbfT-9bEvnCZki8PBLeT3lNxYidLxt-yS8YAQ&sig=AOD64_3oteolsZljh2r8zfprnCQ4GoX0xA&client=ca-pub-3677668629134422&rf=4&nb=9&adurl=https://www.aflac.co.jp/campaign/md/extnl/hoshii/%3Fpnum%3Dpmk19831%26utm_source%3Dc_google%26utm_medium%3Ddisplay%26utm_campaign%3D21878939418%26utm_content%3Diryo_tr2%26gad_source%3D5%26gad_campaignid%3D21889281481%26gclid%3DEAIaIQobChMI77HguPyhkwMVRu5MAh2ZThgcEAEYASAAEgLNqPD_BwE,https://www.aflac.co.jp/campaign/md/extnl/hoshii/?pnum=pmk19831&utm_source=c_google&utm_medium=display&utm_campaign=21878939418&utm_content=iryo_tr2&gad_source=5&gad_campaignid=21889281481&gclid=EAIaIQobChMI77HguPyhkwMVRu5MAh2ZThgcEAEYASAAEgLNqPD_BwE,,,,,,,,,,
27,https://www.googleadservices.com/pagead/aclk?sa=L&ai=CLsMXlpi2aYrKEP2N0-kP4vuA4QnZ9uHYhQHa1LD88RShpvjz0B0QASCHj4skYMeNgY6EJqABq8OfwSjIAQmpAj8DuBVNMrY-4AIAqAMByAPLBKoExgJP0Ny4bbkPCieKA4ZelMEqdXk6sF1p-Frhlz-TWmTItX4sIOMaB_udXrqIAORs6P3yfs97cD3JZT6p07IjSAmcVsuBu0HCr1DvPQwASOLX71aTmYmZxZpS2n4Qy8ZNPmBh2lNFmgz_30sXOsmsKrUf08qZQovYouaoRFmd2dFQflPp_WN2kLcWt0PEPHSDRaGqoAV4sG00xhjFEbSKhEvnoqqopl1DJgCl4PTjvRHv3sra5AhK9QprbEtuSoJOO6yRwzjDGO4SkRMbodY7cdlJYw3d-L-1ZXa3vJHKOyh534uYP5JaGI_2xwjRUi7fI9O9Kvr-fMKXp88hgwUDbINdxK1dJl893D6tGWMDddEtka_8IDczX-hJwitXp7-oX_wvuU5PAtL3Sln0vhibif2M2no4EgUK7d07ZXMzoMam-iPyMHlRJsAEuumOkNcF4AQBiAXDyNT-V8AFBfoFBgglEAEYAKAGLoAHq_vvoAOoB6fMsQKoB-LYsQKoB6a-G6gHzM6xAqgH89EbqAeW2BuoB6qbsQKoB47OG6gHk9gbqAfw4BuoB-6WsQKoB_6esQKoB6--sQKoB5rhsQKoB9m2sQKoB5oGqAf_nrECqAffn7ECqAf4wrECqAfi2LECqAfi2LECqAfi2LEC2AcAwAgB0ggvCIBhEAEYnQEyCIqCgICAgIAIOg2AQIDAgICAgKiAAqgDSL39wTpYscKpjuehkwOACgOQCwOYCwHICwGADAGiDAVIAZABAaoNAlpByA0B4g0TCI7wqY7noZMDFf3GNAcd4j0gnOoNEwitoauO56GTAxX9xjQHHeI9IJzwDQKIDv___________wGwDqDP3PQY4BKg5YqPxJPr6q8B2BMM0BUB6RUxI_ReYpPXsfAVxNSn7BP6FRR2ZXJzYWNlLXN0YW1wYXRvLWJhZ5gWAcoWAgoA-BYBgBcBshcOGAEqCjIxNTczNzA4MjK6FwI4AaoYFwkAAAAAwNTpQBIKMjE1NzM3MDgyMhgBshgJEgLnXxguIgEA0BgBwhkCCAE&ae=1&gclid=EAIaIQobChMIiu2rjuehkwMV_cY0Bx3iPSCcEAEYASABEgL7_vD_BwE&num=1&cid=CAQS0gEABaugfXuwnZc3v7rzJ88DkwI6wumPmr4lzPsEky4ynGCf1IAEUxm8mhXqJgrwvDKdPqbtmzT5CTLlaTMKMZH40Ajq2GBg4omATlKW-7xsEgpg6CLytWM9Vsp7ocjvJMgp9TG4cb9grWbUc0enDkNXaA4VZVlg6XgVkc36g_5h7sSVMddt9L7u7AzNF8PvwQWrpO2Rn8qqe0PpxBSvkX9EDwWuvjGObzVIbCtTH43GY2x7XXGEYGmDdP1O4WXiXKT3ImxbsSUBmo-yIKoj5rkOxiQYAQ&sig=AOD64_2h8Gm4Pz8v0x-8RpmoYCuygKApdA&ctype=5&client=ca-pub-3428031914463355&nb=9&adurl=https://www.glamorizta.com/products/versace-stampato-bag%3Fgad_source%3D5%26gad_campaignid%3D23619511363%26gclid%3DEAIaIQobChMIiu2rjuehkwMV_cY0Bx3iPSCcEAEYASABEgL7_vD_BwE,https://www.glamorizta.com/products/versace-stampato-bag?gad_source=5&gad_campaignid=23619511363&gclid=EAIaIQobChMIiu2rjuehkwMV_cY0Bx3iPSCcEAEYASABEgL7_vD_BwE,,,,,,,,,,
28,https://www.googleadservices.com/pagead/aclk?sa=L&ai=CWn-Zn9G3afTND6aZjeYPm6qS2QjopaP0hQGY4qbX8RXc2R4QASCVltshYIkDoAG1sfaGKcgBCakCwuVMpovrOj6oAwHIA8sEqgSFAk_QIiTe0RIErqOTIj0_radCtLK_JSoxVaoi5RurpWiz_Oy9mP60dAzHxzJCCJ7cbOvl5Gxh8bGMMy7sygbGGogHOcAw84xCCoZ1YPnSBqJnLU7nMKAZWw00tDZ05TD3uV6a2jJZjV3kljZqPrYCzTlcQGdH4riSAkwiLZkA0WPtCIKEYrvF31VnK2RxB0gfOosXpSteRdbKYgk2oUbNcDcaBm-d_8iUmXYzrClYvKdkWfDmkF9icyFMop9gqA4xTWTmGeHvTB9Cd_bq4lg7V27qyAZqiA_QfRKlFInPV8cgzq-34NN4dxwRHh_bFUkq7qBLFLcQO2yrNqduY2S3xWVvm211z8AElJWX0tYFiAWUieWOWKAGLoAHtenG5gOoB6fMsQKoB-LYsQKoB6a-G6gHzM6xAqgH89EbqAeW2BuoB6qbsQKoB47OG6gHk9gbqAfw4BuoB-6WsQKoB_6esQKoB6--sQKoB9XJG6gH2baxAqgHmgaoB_-esQKoB9-fsQKoB_jCsQKoB_vCsQLYBwDSCDAIgGEQARifAzIIioKAgICAgAg6DoBAgMCAgICAqIACqIMQSL39wTpY9IHR0pGkkwOxCXdcEFfHM-ndgAoBmAsByAsBgAwBogwDkAEBqg0CSlDIDQHqDRMI-5zR0pGkkwMVpkzDBh0blSSL8A0CiA4J2BMCiBQB0BUBmBYByhYCCgD4FgGAFwGyFw4YASoKNDE1MDU5MzQxMroXAjgBqhgXCQAAAACilC1BEgo0MTUwNTkzNDEyGAGyGAkSAphpGC4iAQDQGAHCGQIIAQ&ae=1&gclid=EAIaIQobChMItJnR0pGkkwMVpkzDBh0blSSLEAEYASAAEgJJPvD_BwE&num=1&cid=CAQS0QEA56J1ecLuBklEQy8VkVneD8eLp9zFtt1wzJyK-9zKGvevUBSGS_LnEJGciRq-mxBjCtqrp9yWqn4hwDqxaswnS_utosXZu-jzxC-P1Vm6yCc9Qn9ZxeJGG61zTBL8imeiXI6wqiUN8HiPye-YtMLWpD4Vh6pUnBYoqlkkUawSfs6rggrLYRdVQuo3_AtkfcT48z60wsUNi6m-7RaJejWmJkMkWiVAvyk5TxsAaQHPtnCZqyX8wVw42aUypbcgVc1SmWZ6kfSQYIsjonfRnoLzERgB&sig=AOD64_0QLsZHZkSDI3WwV9fobGFMaP1nng&client=ca-pub-5771594739411148&rf=1&nb=9&adurl=https://www.skypce.net/%3Futm_source%3Dgoogle%26utm_medium%3Ddisplay%26utm_campaign%3D23653336212_195056487060%26utm_content%3D800565749690%26utm_term%3D_%26gad_source%3D5%26gad_campaignid%3D23653336212%26gclid%3DEAIaIQobChMItJnR0pGkkwMVpkzDBh0blSSLEAEYASAAEgJJPvD_BwE,https://www.skypce.net/?utm_source=google&utm_medium=display&utm_campaign=23653336212_195056487060&utm_content=800565749690&utm_term=_&gad_source=5&gad_campaignid=23653336212&gclid=EAIaIQobChMItJnR0pGkkwMVpkzDBh0blSSLEAEYASAAEgJJPvD_BwE,,,,,,,,,,
29,https://adclick.g.doubleclick.net/aclk?sa=l&ai=CVt0cUoW3acWxOomfjeYPnKvmsAjbjN7ZhQGshbq75hTO6tSKjA4QASCVltshYMeNgY6EJqABvMKZpULIAQmoAwHIA8sEqgSRAk_Qc5RnwipqpOIcfdm_WBJYQQwq_-NPMKy8jH3tYeMHWF2oL9fUexJ7FtrIJgx8MPgeSG23adC8qlmV4lC-KfoxKganWDuMPO444lL7xL8WetcvfW2wsMtbeViwKJe6QKIS9dYKxH48bjvdX99Iwjqn69F1AGXitg_iTvMmHaQZYoZOu0D2JvJF3liuQyKsNFYHw8gCYo0lCgB4K87-cfvDgHHUs-dRP-GhugXsymFTBRP3asYBtkaZA_GYfCYAIxJ9sZmGDje54XxfRxSEfw25JqcKV8Z-qKR06r7FqAa9PeaZk0J-UycyJj9m4JyGOOYKHQHAwGu38Wvh7fM_LPzP4wUXdO5_2ei81rMVcbuWmsAE_Juv6eQFiAWZlO-NV6AGLoAHvPrphB2oB6fMsQKoB6a-G6gHzM6xAqgH89EbqAeW2BuoB6qbsQKoB47OG6gHk9gbqAfw4BuoB-6WsQKoB_6esQKoB6--sQKoB9XJG6gH2baxAqgHmgaoB_-esQKoB9-fsQKoB_jCsQKoB_vCsQLYBwDSCDAIgGEQARifAzIIioKAgICAgAg6DoBAgMCAgICAqIACqIMQSL39wTpYpY708MijkwOxCbIeoQffCveygAoBmAsByAsBgAwBqg0CWkHIDQHqDRMIkKb08MijkwMViU_DBh2clRmG8A0CiA4JuBPkA9gTDYgUAdAVAcoWAgoA-BYBgBcBshcOGAEqCjQxNTA1OTM0MTK6FwI4AaoYFwkAAAAA1GUUQRIKNDE1MDU5MzQxMhgBshgJEgKqUBguIgEA0BgBwhkCCAE&ae=1&gclid=EAIaIQobChMIxaL08MijkwMViU_DBh2clRmGEAEYASAAEgIDZvD_BwE&num=1&cid=CAQS0gEA56J1eYYC7MM5tbly4htbaITwRGTFSSd5Trz5tx9JId6lDSh0GuIAR6UGi7UKhRyiO1g3Dz0M7w4h1PPpuejYGdiSN56DAa9NhDX1vGZ60YEye_EDE5y5DGcB8P1gk8P3OgoGM_GrUTnyHfE0MLx9dl9_CKq6iUQI08CILjJAkIrOji5nTYLAN0gLU6s2dh6O_Ebo0oBwgooWQsxfp6F36xQsLNAcnG9LdNBGQq3f0MWRIweApxh_J30EXjJbj88gwiCV43wEx-IqW8klw97rkCUYAQ&sig=AOD64_0y8DVB5Jwngbhe1wbLNI_vjkU6gw&client=ca-pub-5771594739411148&rf=1&nb=9&adurl=https://celebright.com/%3Futm_term%3D%26utm_campaign%3DRetargetting%2B(%2BLead%2BGen%2B)%26utm_source%3Dadwords%26utm_medium%3Dppc%26hsa_acc%3D4230261768%26hsa_cam%3D23382968857%26hsa_grp%3D198863212028%26hsa_ad%3D789020568923%26hsa_src%3Dd%26hsa_tgt%3D%26hsa_kw%3D%26hsa_mt%3D%26hsa_net%3Dadwords%26hsa_ver%3D3%26gad_source%3D5%26gad_campaignid%3D23382968857%26gclid%3DEAIaIQobChMIxaL08MijkwMViU_DBh2clRmGEAEYASAAEgIDZvD_BwE,https://celebright.com/?utm_term=&utm_campaign=Retargetting+(+Lead+Gen+)&utm_source=adwords&utm_medium=ppc&hsa_acc=4230261768&hsa_cam=23382968857&hsa_grp=198863212028&hsa_ad=789020568923&hsa_src=d&hsa_tgt=&hsa_kw=&hsa_mt=&hsa_net=adwords&hsa_ver=3&gad_source=5&gad_campaignid=23382968857&gclid=EAIaIQobChMIxaL08MijkwMViU_DBh2clRmGEAEYASAAEgIDZvD_BwE,,,,,,,,,,
30,https://googleads.g.doubleclick.net/aclk?sa=l&ai=C34Ses9W2afSIOMe1geAP8MnQwQH4hbjohQGrxq60zxSIvdT-9BMQASDcxvJ2YKWglYCYAaAB7LPywAHIAQLgAgCoAwHIAwiqBKsCT9CWjdu0UlzXnp4RK7loBguTBpqFWmYEpP__W0sAkFA47MPutmVpdad7Gpwhp2vWQlLh1g6VkCGdzbdJ2XXIqgNh9tAkwSFYa3FuEzNIXlfBnW5Md9YSfoo6MHxw7c8qypOuP5ZsFbdMyb-b5DTYpQJwblO6lBg1vKHHk4Mo3KeGz_U5BVNk-05RcIUtLvOmJFidgr5oJ7heL7e1me4wR1RmqAhdM_rF2cHNYaBoLwRnCS-_slLHtXnJqTf87CQqiMObSsM3TjEXz2tsWLKNqeyc11hh-0y2-yuRmLQIDfPgqAhq_EVrotORN_ZbbHMZPKXzkXYxQoukvO5tc8TJbSaN5HaOpojLVd2tfA3JFfoGjy5r3P4qg1H8TzUZFv9z3Wegn7I2coqljUPABLeJpdW4BeAEAYgFzaXcr1WgBgKAB_zLjb8CqAenzLECqAfi2LECqAemvhuoB8zOsQKoB_PRG6gHltgbqAeqm7ECqAeOzhuoB5PYG6gH8OAbqAfulrECqAf-nrECqAevvrECqAfVyRuoB9m2sQKoB5oGqAf_nrECqAffn7ECqAf4wrECqAf7wrEC2AcB0ggvCIBhEAEYnQEyCIqCgICAgIAIOg2AQIDAgICAgKiAAqgDSL39wTpYhqXcsqGikwOxCVapuMwZBruYgAoDmAsByAsBogwDkAEBqg0CQVXIDQHiDRMI_MLcsqGikwMVx1oABh3wJDQY6g0TCNGz3bKhopMDFcdaAAYd8CQ0GPANAogO____________AdgTC9AVAZgWAcoWAgoA-BYBgBcBshcOGAEqCjYzNjg3OTUyNDe6FwI4AaoYFwkAAAAAsD7xQBIKNjM2ODc5NTI0NxgBshgJEgKqUxgCIgEA0BgB6BgBwhkCCAE&ae=1&gclid=EAIaIQobChMItK7isqGikwMVx1oABh3wJDQYEAEYASAAEgLkofD_BwE&num=1&cid=CAQS5AEA56J1eR3_c8yA5fZBMgatqFM8KIdgcgdi5GuFETU-4Obdl5484Qnaj7kUpI2XT0NW4nyvwBqLngYtkwrzgpqbeJAW-8cUwZt-9jGAGoIunyPdq7i_dU19xw-3IcDr12ITSIx5aAo4qd97w7UdVXUQCbFomOLfHSP8TvBDIfzTA3b_LBF3yxGWlCuG5-fazuMu3-TPVtuOPLxOJI-bpVNkcN1QRyP8oVsM5uhetnkXmDlWzyvnKt6yPvEvsav2imvHY3SpQN7mAgUw6IErUjwNOiVMshv1bue5qzRrqA7uwNCi7hQYAQ&sig=AOD64_3IBD8ChYdmVhMyUxG8GA0CDgGq6Q&client=ca-pub-9395884928140160&rf=5&nx=CLICK_X&ny=CLICK_Y&uap=UACH(platform)&uapv=UACH(platformVersion)&uaa=UACH(architecture)&uam=UACH(model)&uafv=UACH(uaFullVersion)&uab=UACH(bitness)&uaw=UACH(wow64)&uafvl=UACH(fullVersionList)&nb=2&adurl=https://madmuscles.com/funnel/taichi-v163-unsx/step-one%3Futm_source%3Dgoogle_display%26utm_medium%3D187009942711%26utm_campaign%3D22917092045%26utm_content%3D770330082418%26utm_term%3Dpt%2520token%2520122%25204%252080559%26camp_name%3D%26asn%3D%26utm_target%3Dv(simple_workouts)_tm1(martarts)_tm2(taichi)%26utm_adname%3DGAHTXKcards1AVRv4VAR2v2_v1_cYM_dED_pic_MM_tm1(martarts)_tm2(taichi)_len_p(google)_aS_gM_970x250%26gad_source%3D5%26gad_campaignid%3D22917092045%26gclid%3DEAIaIQobChMItK7isqGikwMVx1oABh3wJDQYEAEYASAAEgLkofD_BwE,https://madmuscles.com/funnel/taichi-v490-unsx/step-one?utm_source=google_display&utm_medium=187009942711&utm_campaign=22917092045&utm_content=770330082418&utm_term=pt+token+122+4+80559&camp_name=&asn=&utm_target=v%28simple_workouts%29_tm1%28martarts%29_tm2%28taichi%29&utm_adname=GAHTXKcards1AVRv4VAR2v2_v1_cYM_dED_pic_MM_tm1%28martarts%29_tm2%28taichi%29_len_p%28google%29_aS_gM_970x250&gad_source=5&gad_campaignid=22917092045&gclid=EAIaIQobChMItK7isqGikwMVx1oABh3wJDQYEAEYASAAEgLkofD_BwE&rr=0,3.0,5.0,3.0,3.0,5.0,2.0,3.0,2.0,2.0,3.0
31,https://www.googleadservices.com/pagead/aclk?sa=L&ai=CKMic6Am4aaztAZ2yvcAPh4Sx8Qr0pOLrhQH9mM-yshXlgc7A-EYQASDmtM-ZAWCJA6ABiJjahAPIAQmpAu9sgeLLfag-4AIAqAMByAMKqgTRAk_QAV6od-UbQ8SVhrkr9UkbJO3n4Vm-ILGCiRtYFX1RF58OxIg5wjLcS9nutGOwLumqxmTQwaixioKgIlU9bM3A4ZUdrUAWk1W6Zp5ZNliIm6izdQWPDycHk5YgMprgWz8ex2P8RNO2V5VpBaKgO9wirTs-HwB_PV23VlNXsyKmBIbxhbV4aEvijuAMqBtXxplYMmWsPMcLDvuBUcY7n4R98yPTYJwo6ICCu9CUxHwZK5VdGJXwJ_aevwQ3_eMYyU70Ky5XysO3zqlcG2v02hpsLGD21PKZ-LRM5QrIqaj5RLK46u1ilQv7jUWQgn-DCQ50L75uNbcnW_CyaDL7wJsKYyK1hEwRkxxf4ZpPUQe9ebdYS2_cGlchOnCU82OeYynYFaYGNfU8Deh_I-YRzTMcqiZwsWscj918BKnfgKJD2Gk2zp79imCfW6G_kVxRSlLABI2K7OGpBeAEAYgFyPP7v1WgBi6AB-DnpXuoB6fMsQKoB-LYsQKoB6a-G6gHzM6xAqgH89EbqAeW2BuoB6qbsQKoB47OG6gHk9gbqAfw4BuoB-6WsQKoB_6esQKoB6--sQKoB9XJG6gH2baxAqgHmgaoB_-esQKoB9-fsQKoB_jCsQKoB_vCsQLYBwDSCC8IgGEQARidATIIioKAgICAgAg6DYBAgMCAgICAqIACqANIvf3BOljZ9qCpx6STA7EJ1cDjOJIpUwyACgOYCwHICwGADAGiDAOQAQGqDQJKUMgNAeINEwi2oqGpx6STAxUdWQ8CHQdCLK7qDRMI_c2iqcekkwMVHVkPAh0HQiyu8A0CiA7___________8BohNLCi4IA0ABUggKBhIECAEQAXIeEhwgAigBOAJAyPP7v1VYAWj-__________8BmAEDGhkKF2NhLXB1Yi0zNjc3NjY4NjI5MTM0NDIy2BMNiBQB0BUBmBYByhYCCgD4FgGAFwGyFw4YASoKNTEwMzg3OTQ4M7oXAjgBqhgXCQAAAADg4wBBEgo1MTAzODc5NDgzGAGyGAkSAqFPGC4iAQDQGAHCGQIIAQ&ae=1&gclid=EAIaIQobChMIrIGjqcekkwMVHVkPAh0HQiyuEAEYASAAEgI4lPD_BwE&num=1&cid=CAQS0QEABaugfd72j9kvm-O3LpJoeq6apm9meJPU0CKh4c0y5KAGhg7jBIQl007AxWVsNwx3yJ55LgTMqFcUlE-fUTwRkgdqvDnPEh_SJ47DXUu3vwKYyVwqupOWdH8OwAU1qBKvEdogyNzgMebs9TmCT9tGnP1LGMYa1JTKvpjamGjOkHv-muYTcNEIP3Cvg4uE78PBk2TrHIhXxauDkjxSylqD7CvATVRuOHmrVGezHtyq2yX_kMQJFdGBCZG1jiIBfTL69mdyBztVFNccuTMuYGjGkhgB&sig=AOD64_17Da2PIGvrWCTDsOL8WtCtO_Aqgg&client=ca-pub-3677668629134422&rf=4&nb=9&adurl=https://groupelevenresources.com/%3Fgad_source%3D5%26gad_campaignid%3D22951164360%26gclid%3DEAIaIQobChMIrIGjqcekkwMVHVkPAh0HQiyuEAEYASAAEgI4lPD_BwE,https://groupelevenresources.com/?gad_source=5&gad_campaignid=22951164360&gclid=EAIaIQobChMIrIGjqcekkwMVHVkPAh0HQiyuEAEYASAAEgI4lPD_BwE,,,,,,,,,,
32,https://googleads.g.doubleclick.net/aclk?sa=l&ai=CCkPozZS3acjKFZevgeAP6JLnuQHFjZnyhQGvtZmarxXy4aiQ2zgQASDX2J0iYImLxIT0E6ABlrC4owLIAQLgAgCoAwHIAwiqBMACT9A-Z8mnaH4ZZge1nZDYqcpWg1VWjI-ih4T2TNTS0Fh1yL-vx7kBs7qtBUJp978L4KFD80T9w_MCEmw3-e77NjO7gmZ7dEcoyPQyAEY-sulPfGwmhBh92qfsaENhPzYgs80k8WHMnsYOCx1TE24JnvsOOXazAZxJNH8darujKPZEFD1DVQLGXRckah2xoec2yXlg9ej5bhZCbummBvPOgOP2Wql70Ohumo-ZAmBgsh5MdBth095oXwkzoRugeTXlsTm2y-Qm6lFdKaX4puKMUfQpR05ada-eSFb9m-VfBMw_3fHGEJ4nLiOQ0GFI1sUa2iM_Be9cIAaJsMMPdB62hmpzSGrl9y3TN_r41R7y4Li-gI5iHuFN2O-NwwhwG_D2w7a-oGjmsoVvzLNlbcGFhZPVVwEvu8p8cmDgGiju9tLABP2K8bnSBeAEAYgFj4nnhligBgKAB9LPx9wBqAenzLECqAfi2LECqAemvhuoB8zOsQKoB_PRG6gHltgbqAeqm7ECqAeOzhuoB5PYG6gH8OAbqAfulrECqAf-nrECqAevvrECqAfVyRuoB9m2sQKoB5oGqAf_nrECqAffn7ECqAf4wrECqAf7wrEC2AcB0ggvCIBhEAEYnQEyCIqCgICAgIAIOg2AQIDAgICAgKiAAqgDSL39wTpYw4mo0tejkwOxCUbhocwQdyZSgAoDmAsByAsBogwDkAEBqg0CSlDIDQHiDRMIpK-o0tejkwMVl1cABh1oyTkX6g0TCJuyqdLXo5MDFZdXAAYdaMk5F_ANAogO____________AdgTA9AVAZgWAcoWAgoA-BYBgBcBshcOGAEqCjEyNjkwMTAzNDi6FwI4AaoYFwkAAAAAgMbzQBIKMTI2OTAxMDM0OBgBshgJEgKSTxgCIgEA0BgBwhkCCAE&ae=1&gclid=EAIaIQobChMIiOWp0tejkwMVl1cABh1oyTkXEAEYASAAEgIpKPD_BwE&num=1&cid=CAQS4wEA56J1ebGliNVXkIbUKgeaMcSNL33Byb7vAzJLQIksfcjOY_Doyax5jbvMQF_2M8N1c97TKSuSKrmYI52a_7FBpEOxH8C9DH_vlIXLY34rR2P-XxNInITLp6lXOLX_4X-I23FXU7ZtKtyyZhXR4xJcDb0_7zE2WjqIjtuBH6mq7aj1ho9OxiBQNy1sQpfL89IYMhZJVZtWn7Ck4cIy9l2OEt77NraDrZj8xae1Jy09f1k-sKVSMaw0GlWnnIskanMf4CJVig0g13iPXYny1G2KjVJnzgBFhOCR3SZkoA5_mKaLIxgB&sig=AOD64_03OPmlXB36pc_qS76oaYjPNh2udw&client=ca-pub-8475685469544477&rf=5&nx=CLICK_X&ny=CLICK_Y&uap=UACH(platform)&uapv=UACH(platformVersion)&uaa=UACH(architecture)&uam=UACH(model)&uafv=UACH(uaFullVersion)&uab=UACH(bitness)&uaw=UACH(wow64)&uafvl=UACH(fullVersionList)&nb=2&adurl=https://www.halocollar.com/%3Fnbt%3Dnb%253Aadwords%253Ad%253A23636591759%253A193931789693%253A800229760946%26nb_adtype%3D%26nb_kwd%3D%26nb_ti%3D%26nb_mi%3D%26nb_pc%3D%26nb_pi%3D%26nb_ppi%3D%26nb_placement%3Dapnews.com%26nb_li_ms%3D2840%26nb_lp_ms%3D2840%26nb_fii%3D%26nb_ap%3D%26nb_mt%3D%26gad_source%3D5%26gad_campaignid%3D23636591759%26gclid%3DEAIaIQobChMIiOWp0tejkwMVl1cABh1oyTkXEAEYASAAEgIpKPD_BwE,https://www.halocollar.com/?nbt=nb%3Aadwords%3Ad%3A23636591759%3A193931789693%3A800229760946&nb_adtype&nb_kwd&nb_ti&nb_mi&nb_pc&nb_pi&nb_ppi&nb_placement=apnews.com&nb_li_ms=2840&nb_lp_ms=2840&nb_fii&nb_ap&nb_mt&gad_source=5&gad_campaignid=23636591759&gclid=EAIaIQobChMIiOWp0tejkwMVl1cABh1oyTkXEAEYASAAEgIpKPD_BwE,2.0,2.0,2.0,2.0,2.0,1.0,1.0,1.0,1.0,1.0
33,https://www.googleadservices.com/pagead/aclk?sa=L&ai=CBrIYZo63abG2JLuB3NMPs8eE4AqBuILWhAHw16L1iRKk5_LtlQIQASCM95YmYMeNgY6EJqAB_orWmQPIAQKpAq8WUd2d0W8-4AIAqAMByAMIqgStA0_QDL1o5LjqhWieoqL60bmV2cQPIuQzxeKd-otk12dxNCNgBCwyM3l-4oqU6uff3b2BDg-XrhY-ELZ5WyxrckPy2GGsgV1Uez5vBppI45mQNSD9GlE2xkCF15i7N4r_pf7hYuHg4iUlh4ArWGxl7NE3BBVLi1V44mLoJqC4ldN3efDWp-xk9_bCOVXGT_VWcE6wZy61TEVX0fWmY2o9D3zHDjquFEdaeaIZoGm9hnbKKA9oCcdlrjhNKtvEFaJGx4sXQp2cCHvPFnv3y3BO9ZMsuymWsD2M6tQQf6CEM6xGfn97v6fBVfyE4FU1T3K7J85Tae1Rt9c1iJRVmX2wQe-s5UWP_ownuTswYUXf2k-DhixVT-80Nq6Z2LCIJP4Earlfh6lWrCNKyra678K_204CMgE1YjdV8weK9Q96mB_OvR606if6xS2O7UQ7tvdiZtZDXUn32sve_UrcwTBLREBzHj1O_Qunwc8KN1jPsiGGy89gWuK0HQ6Pm1Mvms3f7FLmq53wgQVEBNOV_Nx1GRmgB7saQPYduBb0VJDZONQ0qVHe1d5sBBlBYntfHMAEiebEpaAE4AQBiAXF4qz6AqAGAoAH6vSpZqgHp8yxAqgH4tixAqgHpr4bqAfMzrECqAfz0RuoB5bYG6gHqpuxAqgHjs4bqAeT2BuoB_DgG6gH7paxAqgH_p6xAqgHr76xAqgH1ckbqAfZtrECqAeaBqgH_56xAqgH35-xAqgH-MKxAqgH-8KxAtgHAdIILwiAYRABGJ0BMgiKgoCAgICACDoNgECAwICAgICogAKoA0i9_cE6WPr54MTRo5MDsQkKJKNXJyRjCIAKA5gLAcgLAaIMA5ABAaoNAlpByA0B4g0TCIWt4cTRo5MDFbsAdwQdsyMBrOoNEwj6neLE0aOTAxW7AHcEHbMjAazwDQKIDv___________wHYEw3QFQGYFgHKFgIKAPgWAYAXAbIXDhgBKgoxOTA4NzU3Mzc5uhcCOAGqGBcJAAAAALBK8UASCjE5MDg3NTczNzkYAbIYCRIC62gYAiIBANAYAcIZAggB&ae=1&gclid=EAIaIQobChMIsYH0xNGjkwMVuwB3BB2zIwGsEAEYASAAEgJ5mPD_BwE&num=1&cid=CAQS0QEA56J1eWNce0c64gEDUI6HkDXcrcEM9suarNviKPjD2D-5J4LCQWTYPJzjTPAmzErQe7fNMQSIV2U_CIH6c0CRDSeNpJthaOarXl7W-ADz5GtQVr5EqyNf2RVu6iJoTHdTBSXPhWPEqAiTyTz2X2tNAVt_mNDTsNQurWmwLjsp175bHSyDBK1gcU-L4hebfa4vlUXyy20n_vLHA8AuDb6oKmKHEyCb9EAtzUsXtngEgk0D4F06i4sKa6XkiwtrG4TGS2A7dB7l23m4TiN2aHBlnhgB&sig=AOD64_0-YmhgdOphyhORJ2_ZgPxEM2VHSQ&client=ca-pub-6554330019384808&rf=5&nx=CLICK_X&ny=CLICK_Y&uap=UACH(platform)&uapv=UACH(platformVersion)&uaa=UACH(architecture)&uam=UACH(model)&uafv=UACH(uaFullVersion)&uab=UACH(bitness)&uaw=UACH(wow64)&uafvl=UACH(fullVersionList)&nb=2&adurl=https://www.switchtel.co.za/unlimited-voip/%3Fgad_source%3D5%26gad_campaignid%3D793456965%26gclid%3DEAIaIQobChMIsYH0xNGjkwMVuwB3BB2zIwGsEAEYASAAEgJ5mPD_BwE,https://www.switchtel.co.za/unlimited-voip/?gad_source=5&gad_campaignid=793456965&gclid=EAIaIQobChMIsYH0xNGjkwMVuwB3BB2zIwGsEAEYASAAEgJ5mPD_BwE,,,,,,,,,,
34,https://www.googleadservices.com/pagead/aclk?sa=L&ai=C8NiSDZS3aZ2DPOfzjeYPlJLvkQXS84_yhQGJpZu80BWhpvjz0B0QASD0g7kbYImLxIT0E6ABsLfOiSnIAQngAgCoAwHIA8sEqgTGAk_QL-kRwR710ZZoNpvSsVcAdIDkNhqZD4RFjv8gDVfZb4y2vXNv7srqPXo0EakMb021HNB0q69G0yVrsLGiybZ3MT-deRX94Fl_TkcSYYpNee3oUnP_j7RySUVnCThzPVkG-P-a_4vEAtGz8UkR6UJFTSiPJv2OK30fh9MypTcfGySb1ldWPI8JFpHOFyeKPrs0kV0_wBUtcFUpORvJVRicnzlY3lsYqezSGggnVHT2DWoRAe6abKAuOaNn0AcOayaEtSAgvc8cMySFXQh1lvRMuZtyP9oHAbQEyBipyReer2wxNn8ZlKg0YIuaFi0gdZsc4FNkUWLfMXDRDDqU6XnCyg2eOv7gHzF8zIeAqo6NF250mgWv9Ur-nBRn9m0lnKbnIgXfv5FSZo1qZkz_yqCOvYpktgbB868GFw03Df8hiLjdzHMdwATA7_q55AXgBAGIBcWJ2rxXwAUF-gUGCCUQARgAoAYugAew757pA6gHp8yxAqgH4tixAqgHpr4bqAfMzrECqAfz0RuoB5bYG6gHqpuxAqgHjs4bqAeT2BuoB_DgG6gH7paxAqgH_p6xAqgHr76xAqgHmuGxAqgH2baxAqgHmgaoB_-esQKoB9-fsQKoB_jCsQKoB-LYsQKoB-LYsQKoB-LYsQLYBwDACAHSCC8IgGEQARidATIIioKAgICAgAg6DYBAgMCAgICAiIACqANIvf3BOliZp4j31qOTA4AKA5ALA5gLAcgLAYAMAaIMBUgBkAEBqg0CSlDIDQHiDRMIgseI99ajkwMV53nDBh0UyTtS6g0TCPCciffWo5MDFed5wwYdFMk7UvANAogO____________AbAOu_j36BjgEtPX4IvQs-TjwwHYEwvQFQHpFZWQl0fmh_hj8BX6u57hAvoVJ3Nob3BpZnlfWlpfODIyMDQ4NjY5NzI1MV80NDY2MzExNzUxMjk5NZgWAcoWAgoA-BYBgBcBshcOGAEqCjk4MTc2MjY4MTS6FwI4AaoYFwkAAAAAgKj4QBIKOTgxNzYyNjgxNBgBshgJEgLoThguIgEA0BgBwhkCCAE&ae=1&gclid=EAIaIQobChMI3b2J99ajkwMV53nDBh0UyTtSEAEYASABEgKahPD_BwE&num=1&cid=CAQS5AEA56J1eUPuQpGk0IVvihfjwCUq_kfW-PfZvA89rTSK_pMcs-tUr9B5XlvR-k_540L6pZw2a8fPLKfj7lPB3whXin1NSdvLbW-WM-SPT3EzCe1Iaa8iXVddbJlVcGtGcc_arLgGpD2oX6nZdCQdkzD521nfiAP3TYTYOfjf9wOy_MVeGU4_eThAu1g4HJZEJ6iPls2X8l2iAOyxtA3fn8fVcGw7n7MkHmCYzffm0BkkQSw2W12_A42yKfy005y05fWgOs3GsJt3NI7-yN66WBHhrxWw9GeJ5NSHM84LXigY5thM6lEYAQ&sig=AOD64_2CrNhWijkmLSLe4lryIrocbjkAHg&ctype=5&client=ca-pub-3844877863303739&nb=9&adurl=https://epochlifescience.com/products/collection-tube-for-econospin%25C2%25AE-mini-spin-column%3Fvariant%3D44663117512995%26country%3DJP%26currency%3DJPY%26utm_medium%3Dproduct_sync%26utm_source%3Dgoogle%26utm_content%3Dsag_organic%26utm_campaign%3Dsag_organic%26utm_campaign%3D23481189072%26utm_source%3Dx%26utm_medium%3Dcpc%26utm_content%3D%26utm_term%3D%26seg_aprod%3Dshopify_ZZ_8220486697251_44663117512995%26ad_id%3D%26utm_source%3DNTDdigital%26utm_medium%3Dcpc%26gad_source%3D5%26gad_campaignid%3D23481189573%26gclid%3DEAIaIQobChMI3b2J99ajkwMV53nDBh0UyTtSEAEYASABEgKahPD_BwE,https://epochlifescience.com/products/collection-tube-for-econospin%C2%AE-mini-spin-column?variant=44663117512995,0.0,0.0,0.0,0.0,0.0,0.0,0.0,0.0,0.0,0.0
35,https://www.googleadservices.com/pagead/aclk?sa=L&ai=CluUdsU62abDuEsTNjuMPo6XxyAjozsbyhQHPjtuooxWa9bKwBRABIMuJ1iNgpaCVgJgBoAGy7MOlKMgBCakCz5CtxHZspz6oAwHIA0iqBJ0CT9DKmniZUohFepxb83mYb_9EAE25INL48w3N1FkLB-7mt4_RaE9TvHzuZNqyIQK0oeiap7XgDAarhEzGYPGV7eFP7majX54JAauoR5ja0DIKN5J9vVg49l9_MYNZdls9UhmzzA39mVaegGBTqYjc6BMlcdPp0kcakRPsLXzI7HC7srYE_dau7U_HpEP8eXCfW_7sxx_K6jK4behQX3y3oq7CQSmgLreZykwnNMt0UEU_ufFpIMk2nEY0t2MhXZhuu7U-FNspStFAc5Hd4VjzxCHcLmfgq7ANqtFzfVuwrPLUz5CZvUvm49wLTNpu7k0d6WuQcmYDHYXplCQXU8RlgyYhbfd-s1L66De2aTYuXbnyj45J7gpVCTqoxSbMwASCjrGX0gWIBdrRpNlXoAYugAeypJSFA6gHp8yxAqgH4tixAqgHpr4bqAfMzrECqAfz0RuoB5bYG6gHqpuxAqgHjs4bqAeT2BuoB_DgG6gH7paxAqgH_p6xAqgHr76xAqgH1ckbqAfZtrECqAeaBqgH_56xAqgH35-xAqgH-MKxAqgH-8KxAtgHANIILgiAYRABGAAyCIqCgICAgIAIOg2AQIDAgICAgIiAAqgDSL39wTpYr6-p06ChkwPyCA1iaWRkZXItMzkxMDcysQmhmaWiZw28bYAKBJgLAcgLAYAMAaIMA5ABAaoNAkFVyA0B8A0CiA7___________8B2BMK0BUBmBYByhYCCgD4FgGAFwGyFw4YASoKMTAyODMwODcwMroXAjgBshgFGC4iAQDQGAHCGQIIAQ&ae=1&gclid=EAIaIQobChMI8IqE0qChkwMVxKZjBh2jUhyJEAEYASAAEgL4t_D_BwE&num=1&pr=6:0.104525&cid=CAQSvgEA56J1ea6u0nBRIMA07yd_k-yXYpGZn01NqBCYjkpfR80DvndfeEj34d8Ytxmfo-DA205tdg5jDwxN72t7cWTqdOej0DwAuAeKtxjsHZxuW3WrbCQMkiueSG7deYZhXEdDzBVaIDukezmYkMKXdm781puTpe3hP6uwccLzY7lF0UmcF7oglcnCzRq8ej4gmKXiJyPW50BNyEGrGAoRInlLldgF8ux-sndpuCTx06b_tkARHBdla9VltDV-WO1UGAE&sig=AOD64_1R7ukHZ11zvn-P5waGRgjvzhSE0Q&client=ca-pub-6362111942204036&rf=1&nb=25&adurl=https://www.micron21.com/small-medium-business/au-domain-security%3Fgad_source%3D5%26gad_campaignid%3D23541131482%26gclid%3DEAIaIQobChMI8IqE0qChkwMVxKZjBh2jUhyJEAEYASAAEgL4t_D_BwE,https://www.micron21.com/small-medium-business/au-domain-security?gad_source=5&gad_campaignid=23541131482&gclid=EAIaIQobChMI8IqE0qChkwMVxKZjBh2jUhyJEAEYASAAEgL4t_D_BwE,,,,,,,,,,
36,https://googleads.g.doubleclick.net/aclk?sa=l&ai=CZcF_zK-2aamTNsKu0-kP953b4A7ux5bQhQHyh7TT9RS2kB8QASD6qYoXYImLxIT0E6ABnuGNpwHIAQLgAgCoAwHIAwiqBLECT9AqVebRrGr9pTHjb__p-P-axnAI4H2YqjsRx5HVFg0A4qxDIpk-6zVXf7vkCqx7k5H4Lu7F9S8Tk6NfL_zNLiN05BQoWEDZ2xLZLBtHX6hl39exi1GWo9hpfZBHnRheo6zgJfGxUkjvGwneMjJulp1B3r3CMd8MgK-Qr4mIWQuMGbqbxsVI9xhF0NFIcsSsel9sU7qyDkuAGl8Fc1XNt8vbzi0V6QU_Jp1KeummIT5nbGWXCddwUMD7FMDZyKH3_SfTJt5rcmhg7LtnB8qG7raqEEdFzKp5KGWGjVKE_ppJG8vmjc93RRH-zKtBBO76BYWIxCw1iTxcM_Tj2Mg01mfew6KPaEt-Rt8VSeYE9cyUz2ejvlvtdAWayIBjNCaixfN7XQ83o6JvMPZNMQIZlwLABOrTouq7BeAEAYgFvc7R91WgBgKAB8qe8tgCqAenzLECqAfi2LECqAemvhuoB8zOsQKoB_PRG6gHltgbqAeqm7ECqAeOzhuoB5PYG6gH8OAbqAfulrECqAf-nrECqAevvrECqAfVyRuoB9m2sQKoB5oGqAf_nrECqAffn7ECqAf4wrECqAf7wrEC2AcB0ggvCIBhEAEYnQEyCIqCgICAgIAIOg2AQIDAgICAgKiAAqgDSL39wTpYlsr9n_2hkwOxCSG7WQDaZXx2gAoDmAsByAsBogwDkAEBqg0CSlDIDQHiDRMIof_9n_2hkwMVQtc0Bx33zhbs6g0TCNHj_5_9oZMDFULXNAcd984W7PANAogO____________AdgTDdAVAZgWAcoWAgoA-BYBgBcBshcOGAEqCjkzMzI3OTI5MDa6FwI4AaoYFwkAAAAAYMTiQBIKOTMzMjc5MjkwNhgBshgJEgKTThgCIgEA0BgB6BgBwhkCCAE&ae=1&gclid=EAIaIQobChMIqamAoP2hkwMVQtc0Bx33zhbsEAEYASAAEgIebPD_BwE&num=1&cid=CAQS0QEABaugfbCkLaWbxPCAp6vgCZHg4ySG81p0ma987dEjw3tTc9z3FnXXDn4cGk7Rqcye7jgTJFMZl7QdQwR_VX9NA5v_PSTzSAX33wSAeN9GAzCdldR8FTgUTyRFrRH_ps9qWa8teWpgdYzeyGwC8AbNEdJGr6zpn5habdY9RHThWj9dUO48VP_y9-TTtX9RbmgzXT9sHSk47tMzABulCXWbCpn_bH_8XhvzfjifCSrPacqPPpUz4XZ0Zxae-cvvZrPMODE_jHF089F6-EPa6TspQBgB&sig=AOD64_25A-F9gQKSXPAwYVMkFuvD6H587g&client=ca-pub-5405132603504384&rf=5&nx=CLICK_X&ny=CLICK_Y&uap=UACH(platform)&uapv=UACH(platformVersion)&uaa=UACH(architecture)&uam=UACH(model)&uafv=UACH(uaFullVersion)&uab=UACH(bitness)&uaw=UACH(wow64)&uafvl=UACH(fullVersionList)&nb=2&adurl=https://get.acres.com/nationwide-comps%3Futm_source%3Ddisplay%26utm_campaign%3DEntp_Nationwide_Comp_Disp_Lp_Mob%26utm_term%3DEntp_Nationwide_Comp_Disp_Lp_Mob%26utm_content%3Dimages_ads%26utm_term%3D%26utm_campaign%3D%26utm_source%3Dadwords%26utm_medium%3Dppc%26hsa_acc%3D6352989462%26hsa_cam%3D23067911997%26hsa_grp%3D187859249642%26hsa_ad%3D776752246950%26hsa_src%3Dd%26hsa_tgt%3D%26hsa_kw%3D%26hsa_mt%3D%26hsa_net%3Dadwords%26hsa_ver%3D3%26utm_term%3D%26utm_campaign%3DAcre_Plus_Disp_Engg%26utm_source%3Dadwords%26utm_medium%3Dppc%26hsa_acc%3D6352989462%26hsa_cam%3D23067911997%26hsa_grp%3D187859249642%26hsa_ad%3D776752246950%26hsa_src%3Dd%26hsa_tgt%3D%26hsa_kw%3D%26hsa_mt%3D%26hsa_net%3Dadwords%26hsa_ver%3D3%26gad_source%3D5%26gad_campaignid%3D23067911997%26gclid%3DEAIaIQobChMIqamAoP2hkwMVQtc0Bx33zhbsEAEYASAAEgIebPD_BwE,https://get.acres.com/nationwide-comps?utm_source=display&utm_campaign=Entp_Nationwide_Comp_Disp_Lp_Mob&utm_term=Entp_Nationwide_Comp_Disp_Lp_Mob&utm_content=images_ads&utm_term=&utm_campaign=&utm_source=adwords&utm_medium=ppc&hsa_acc=6352989462&hsa_cam=23067911997&hsa_grp=187859249642&hsa_ad=776752246950&hsa_src=d&hsa_tgt=&hsa_kw=&hsa_mt=&hsa_net=adwords&hsa_ver=3&utm_term=&utm_campaign=Acre_Plus_Disp_Engg&utm_source=adwords&utm_medium=ppc&hsa_acc=6352989462&hsa_cam=23067911997&hsa_grp=187859249642&hsa_ad=776752246950&hsa_src=d&hsa_tgt=&hsa_kw=&hsa_mt=&hsa_net=adwords&hsa_ver=3&gad_source=5&gad_campaignid=23067911997&gclid=EAIaIQobChMIqamAoP2hkwMVQtc0Bx33zhbsEAEYASAAEgIebPD_BwE,73.0,76.0,76.0,76.0,76.0,15.0,16.0,16.0,16.0,16.0
37,https://googleads.g.doubleclick.net/aclk?sa=l&ai=Cjhfz4o23adiUEYGNjeYPksGU-QW1xubahAHay4bqsBXAjbcBEAEg5rTPmQFgx42BjoQmoAGGqpLfQcgBAeACAKgDAcgDCqoE3AJP0AudEkHsauTK3kRTeieWiYQ_G8NAQtQKll0syrC0MQjxHiChpF_hAaKFXdxgnfQlMbvDe0LYeVXKgelcSHQAQdeMXvtQZmeDMjCsNotfDZ_vlDq7ioGkSKFBkkmOMgO7xIHerqIlJrbRmoMDHWHgwj5t54CBD8-haKo3nOYUSPb5BH4wIxyXu7up_pjAV-ZUEqizPlXTzweP8DiUSWDZzUKn7uLbtDMg2Cv9S6ky22eJOiRiueRBMDyArgAnSg_YVfHCOi37jmzNQMqrQXiwuQ3pnf8qwfyW5YOX6DLEJwnP4eqoWY4sGKeWzqyRyVXCEBCoJ7WpEbtv2GbzAHd6fHvSV0eQfX78h2aFYflRMTASO2Q3JkI8mDO1KH0SzA0CRytNLdsc6D4DqzRl2GZciHLe3u_wbFaXQvNaDX3Jlfm1hYvaRZ9jlvwBma6EsUIiOvvSicKGTX5zpPbABPy068LPBeAEAYgF_OepsFegBi6AB4bi4r4cqAenzLECqAfi2LECqAemvhuoB8zOsQKoB_PRG6gHltgbqAeqm7ECqAeOzhuoB5PYG6gH8OAbqAfulrECqAf-nrECqAevvrECqAfVyRuoB9m2sQKoB5oGqAf_nrECqAffn7ECqAf4wrECqAf7wrEC2AcB0ggyCIHhgGAQARidATIIy4qAgICAgAo6DoCABIDAgICAgKiAAqgDSL39wTpYhp_nhdGjkwOxCWmuZksHTzG1gAoDmAsByAsBogwDkAEBqg0CWkHIDQHiDRMI27rnhdGjkwMVgUbDBh2SICVf6g0TCP_P54XRo5MDFYFGwwYdkiAlX_ANAogO____________AdgTDogUAdAVAZgWAcoWAgoA-BYBgBcBshcOGAEqCjUxMDM4Nzk0ODO6FwI4AaoYFwkAAAAAQCkTQRIKNTEwMzg3OTQ4MxgBshgJEgKYaRguIgEA0BgBwhkCCAE&ae=1&gclid=EAIaIQobChMI2I3ohdGjkwMVgUbDBh2SICVfEAEYASAAEgJFK_D_BwE&num=1&sig=AOD64_02AqJujyjzAslXMRvkcsMxszLngQ&client=ca-pub-3677668629134422&rf=4&nb=0&adurl=https://jlcmc.com/%3Ffrom%3DEGCLDB%26gad_source%3D5%26gad_campaignid%3D23455233020%26gclid%3DEAIaIQobChMI2I3ohdGjkwMVgUbDBh2SICVfEAEYASAAEgJFK_D_BwE,https://jlcmc.com/?from=EGCLDB&gad_source=5&gad_campaignid=23455233020&gclid=EAIaIQobChMI2I3ohdGjkwMVgUbDBh2SICVfEAEYASAAEgJFK_D_BwE,2.0,,2.0,2.0,1.0,1.0,,1.0,1.0,1.0
38,https://www.googleadservices.com/pagead/aclk?sa=L&ai=CCvDJCb64abP0JoXdjeYP9ueriAGI1__zhQGBwcnj2hWM3ImfvAEQASDa18U5YMeVgI6EJqAB-5iC1T7IAQKpAmCKSsTSF3A-4AIAqAMByAMIqgT9A0_QwWd7WfwIRfYUY6iPytgc8uC0c-l79HbGEB1zz3xTwjAukrkR4YdZYqzmIopQy31D3PQTbLXsqsNKMUyVjQE-yFgGinRAEx-5TUp0XdxVAMiW559_EnuP_GpQ8zUQ_6jU3ZMH0lw_EP_LSl96I_p8WDWWY75RgWaChYETPZBkN-GoSNYqcC4YmrT2SMxANiRRKCATxmUCmkfBrWn9Az4gI4_J2MuFxzCXcHV_9HgyNhvo9z_V-FdYP8f4BbfCQchqevvOArqX0foP8QhGVk3dHNRofN5oMgVB05WVCrJgr6WG55dAvNQP6Vxgx0wpOlrefZAgYbyQKa5a6Agx6_YBbdCQOJQ1muUUhyb3vno39hfsIgjWpzkNagaFDt99hdOgsxyWjsoGYBW25i4ZL8Krg037qGy6rU3B1M7FvRyN3tbkIIAdPStsKy1QfQU6Fw7KsjY3H5v7eS3CrdD-TMXO_ugCs1z2iN_pXFCZvjv8AXkSyMamzAaffxeQ5kNJm8mVnG9Z_TWR6jfBWpAqcILBlQ-BI17QE0Ax7pIwcSvQ8Xznp2qsXcMPhDF1UDQymFkdJLGCeR0MOdTy5PvEcGLFi8SRGOUJauDxuCGv0tEtT0Ks1k0FgZpExQEEAJ8WoFZQ85Ybed3RMw1YDgJywWSGwC1Oux7mU319B_DmwASy2-7DvwXgBAGIBZql1_hXoAYCgAf70NK0GagHp8yxAqgH4tixAqgHpr4bqAfMzrECqAfz0RuoB5bYG6gHqpuxAqgHjs4bqAeT2BuoB_DgG6gH7paxAqgH_p6xAqgHr76xAqgH1ckbqAfZtrECqAeaBqgH_56xAqgH35-xAqgH-MKxAqgH-8KxAtgHAdIILwiAYRABGJ0BMgiKgoCAgICACDoNgECAwICAgICogAKoA0i9_cE6WLXA-I3zpZMD8ggbYWR4LXN1YnN5bi0xNjE0OTEzNTk4ODc1NDk2sQn1fWdrqrs5K4AKA5gLAcgLAaIMA5ABAaoNAlpByA0B4g0TCMTk-I3zpZMDFYVuwwYd9vMKEeoNEwjw5_mN86WTAxWFbsMGHfbzChHwDQKIDv___________wHYEwPQFQGYFgHKFgIKAPgWAYAXAbIXDhgBKgo4NDY2MTU2MzU0uhcCOAGqGBcJAAAAACA89kASCjg0NjYxNTYzNTQYAbIYCRICqE4YAiIBANAYAcIZAggB&ae=1&gclid=EAIaIQobChMI85z6jfOlkwMVhW7DBh328woREAEYASAAEgJd4vD_BwE&num=1&cid=CAQS5AEABaugfbRY8nkLWgp6OSk85rm6fiQNQafqnsCl6NgHUpdP_FitxHHGKDIapFttVUal8qI-Qshhe7D_gAwOO47WhobabcNhIMRsSRE1hTlYh4-2mZnm2i10qTaL3DlA5RrWTfemMLWOQKt3HO309bu4PqGQqSeOtInfPMWqtrHgsGDgg-gBFq-INGronRsBjX-6AFABO_ZJMVfmsvvHQK8ZroGftaXe3G1kxULwwoN-PBbz6pfBm6fBjvFhYmQDyv8p5Fmu4lvJeuhdLIvOihJvzNWXzJhZa7lRaU6GYaomoJQvP1MYAQ&sig=AOD64_2zHc0aN0f6B-zAmgO6YMwEuraILA&client=ca-pub-3605257360853185&rf=5&nx=CLICK_X&ny=CLICK_Y&uap=UACH(platform)&uapv=UACH(platformVersion)&uaa=UACH(architecture)&uam=UACH(model)&uafv=UACH(uaFullVersion)&uab=UACH(bitness)&uaw=UACH(wow64)&uafvl=UACH(fullVersionList)&nb=2&adurl=https://www.centurionselect.co.za/suzuki/new-cars/book-a-test-drive/new-swift/%3Fgad_source%3D5%26gad_campaignid%3D23606973082%26gclid%3DEAIaIQobChMI85z6jfOlkwMVhW7DBh328woREAEYASAAEgJd4vD_BwE,https://www.centurionselect.co.za/suzuki/new-cars/book-a-test-drive/new-swift/?gad_source=5&gad_campaignid=23606973082&gclid=EAIaIQobChMI85z6jfOlkwMVhW7DBh328woREAEYASAAEgJd4vD_BwE,0.0,0.0,0.0,0.0,0.0,0.0,0.0,0.0,0.0,0.0
39,https://www.googleadservices.com/pagead/aclk?sa=L&ai=C-Xt1CZe3aZCjJoy1geAPi5_W2QuTpvbqhQGzsfKRihPX9t2YugEQASCFr_MeYImLxIT0E6ABzP3hmQHIAQGpAvrWXIzt9To-4AIAqAMByAMKqgTiAk_QRgncU46txWKKQRzLlBifkE3zbxBBv_jAFowZnQT6jkbSNw3LtpErE1iyztO1H4sJcSpTNMZl7h5PewMxFTLtvitv5dJXcuf5pXS0v7ndsms50Klgrd01jrXagABzq30iN5i9hCZntky14UzTXISw9S-tJJdznSxNnmeNnGOeStGtZ6tNGCmWaOJncZd0UCIZqAtXwOf_Sbeh5DBcGw9VSuAAzIXI6zAmcJHljt2w8utC9UJgQhRnFmfWaZ6UkJ2V0O2K6Li7J2OGJC_gKPwNjyHiOi4NYiodKmxCp4U7wDUN76JAdHU2QDSlblR5VyrlJjjunQStcFIa2vsXRBKs57hI2e9c48QNyONLCAgSoDo_McmX1y8o8PoM_OwbTdoB33AYn7vIDIRDpxA3g4FhHdLcRAanO-j8I-QjRCqqUtRKg7ayN-3cvvvevMuJeLvTAaRC0WRld8bm9YoLhhYEwMAE_5-8vu8E4AQBiAWoze-3QqAGZoAHnIKe5gKoB6fMsQKoB-LYsQKoB6a-G6gHzM6xAqgH89EbqAeW2BuoB6qbsQKoB47OG6gHk9gbqAfw4BuoB-6WsQKoB_6esQKoB6--sQKoB9XJG6gH2baxAqgHmgaoB_-esQKoB9-fsQKoB_jCsQKoB_vCsQLYBwHSCC8IgGEQARidATIIioKAgICAgAg6DYBAgMCAgICAqIACqANIvf3BOliBmZjj2aOTA7EJkH49chlale-ACgOYCwHICwGiDAOQAQGqDQJKUMgNAeINEwj815jj2aOTAxWMWgAGHYuPNbvqDRMI3-qZ49mjkwMVjFoABh2LjzW78A0CiA7___________8B2BMMiBQn0BUBmBYByhYCCgD4FgGAFwGyFw4YASoKNTUwMTgyOTU3OLoXAjgBqhgXCQAAAADwO_FAEgo1NTAxODI5NTc4GAGyGAkSAqRRGGYiAQDQGAHoGAHCGQIIAQ&ae=1&gclid=EAIaIQobChMI0Mua49mjkwMVjFoABh2LjzW7EAEYASAAEgKPefD_BwE&num=1&cid=CAQS0gEA56J1eSQsCaiBVlSC9I5H-HvizW9nRb0g66nHf8il1_kodl4YyZg6ARpnvN7e7HFBY-lxMRJlQZXnuZQLCz_ZCR5G6y3du6wiIYcwSUPNPpboY21LDNoC0FoEkT8oNcYYX6t3bXPWwRPBZ-D6ad7MGTgbg3azs4AA7aGQJk24oWx9pm3Gtxy_lSPjjYlP9CjAh8lqYoKoUMgYeXiKGonLvkQie40th7WfyiqUlDdPAgco2Db3Dleiz7Ph1rdQqlyR8414SNy6vrm0lazLbNcxBd4YAQ&sig=AOD64_2bIWJX-0AlIBQ0avs9FvraK46R9w&client=ca-pub-6131228133143733&rf=4&nb=0&adurl=https://coyash.jp/japanese-doll2lpo11/%3Futm_source%3Dgoogle%26utm_medium%3Dcpc%26utm_term%3D%25E3%2583%25AA%25E3%2583%25A4%25E3%2583%2589%25E3%2583%25AD%2520%25E4%25BA%25BA%25E5%25BD%25A2%2520%25E8%25B2%25B7%25E5%258F%2596%26matchtype%3D%26targetid%3D%26gad_source%3D5%26gad_campaignid%3D17833911976%26gclid%3DEAIaIQobChMI0Mua49mjkwMVjFoABh2LjzW7EAEYASAAEgKPefD_BwE,https://coyash.jp/japanese-doll2lpo11/?utm_source=google&utm_medium=cpc&utm_term=%E3%83%AA%E3%83%A4%E3%83%89%E3%83%AD%20%E4%BA%BA%E5%BD%A2%20%E8%B2%B7%E5%8F%96&matchtype=&targetid=&gad_source=5&gad_campaignid=17833911976&gclid=EAIaIQobChMI0Mua49mjkwMVjFoABh2LjzW7EAEYASAAEgKPefD_BwE,,,,,,,,,,
40,https://www.googleadservices.com/pagead/aclk?sa=L&ai=CXZ33Tyu0aeCqJ_augeAPx_mCiAzD05buhQGGidimwhXc2R4QASC744ckYImLxIT0E6ABiOb2pkLIAQGpAnL3uyjD8zo-4AIAqAMByAMKqgS0Ak_Q8shuO8QqgcGzmCIP8vxn_urW_1_zkGT0vEjJuMABAXejGhwQuC4xbkiRlDT8bprxh8c64wkUQItzk1O6AXT42RUu2MiGmOIkMWj5y99xfl5Agt_Jg6ZuMye5RFEWRD_MCbZnlKgzZ3w36_ujMWRjtlJuO-oajOuGqBZCfEFIPbSrsscV6FvwOtuVxLzGiJtfJOz0nPriUKVsP5EPxrImY4oo6jfjlv0BWKDfg1Fr6wipKLfDituAi1TokQzdFuLiIGq0E3QJpcMsSXSGSYP-mhufr9fKoOiOguzpnSrXchR-7O2vH0yvQ6WeVGIUa0aiz-7kx8bFwKgjWXhF8mTute1LmphVCbY4NLxs63OPa5ItA8zDmwXtPrOs_jBQT4rHeAyRA_zT2zwvV1Wkzc6fM_NOwASgqouW1QXgBAGIBdiv849YgAeInseGHagHp8yxAqgH4tixAqgHpr4bqAfMzrECqAfz0RuoB5bYG6gHqpuxAqgHjs4bqAeT2BuoB_DgG6gH7paxAqgH_p6xAqgHr76xAqgH1ckbqAfZtrECqAeaBqgH_56xAqgH35-xAqgH-MKxAqgH-8KxAtgHAdIILwiAYRABGJ0BMgiKgoCAgICACDoNgECAwICAgICogAKoA0i9_cE6WJe__s6WnZMDsQnzQ8IreH4auoAKA5gLAcgLAaIMA5ABAaoNAkpQyA0B4g0TCMbi_s6WnZMDFXZXAAYdx7wAweoNEwjRuf_Olp2TAxV2VwAGHce8AMHwDQKIDv___________wHYEwPQFQGYFgHKFgIKAPgWAYAXAbIXDhgBKgo3NDUxNzg5OTAwuhcCOAGqGBcJAAAAAPjDBkESCjc0NTE3ODk5MDAYAbIYCRICsFMYASIBANAYAcIZAggB&ae=1&gclid=EAIaIQobChMIoI6Az5adkwMVdlcABh3HvADBEAEYASAAEgIfUfD_BwE&num=1&cid=CAQS4wEA56J1eaOEbpisA0ki6RI7aUnFI-KU8xug3aLAy4xbL5VDI-ULWV3Hv-LCr5nnV0RndR4GQkhIeB9gStWA7K-9r_LfDcX4H3rb9WfOAAYeyN3WOk8e859KdpODq9MeHPK8EQ7RX-NOnUu4Nk4EIjH_KaHFL9cijjlmwNHg4ptGRItomi7FhyJeuEYnQx5CjYinUBdb-zQ72DNGjsczvKduCMXwZhBZhhXlPVoG1XDzIfrX2wKn63wF0E3AUwLJ25QaGKvbw5g90tBihKa3bpNUdT0-y16GLUdWiIDcUGemYWDURhgB&sig=AOD64_22NSg37heN9Tw7OtIdyWq27zkoww&client=ca-pub-1301581561755234&rf=4&nb=1&adurl=https://www.redstoneonline.jp/event/p09dm85jpbdfhnoquk%3Futm_source%3Dgoogle%26utm_medium%3Ddisplay%26utm_campaign%3D21anniv%26utm_content%3Dbanner3%26gad_source%3D5%26gad_campaignid%3D23655667672%26gclid%3DEAIaIQobChMIoI6Az5adkwMVdlcABh3HvADBEAEYASAAEgIfUfD_BwE,https://www.redstoneonline.jp/event/p09dm85jpbdfhnoquk?utm_source=google&utm_medium=display&utm_campaign=21anniv&utm_content=banner3&gad_source=5&gad_campaignid=23655667672&gclid=EAIaIQobChMIoI6Az5adkwMVdlcABh3HvADBEAEYASAAEgIfUfD_BwE,,,,,,,,,,
41,https://www.googleadservices.com/pagead/aclk?sa=L&ai=CL7Mn0Ky2aYPbCuadid4P1Y3R2QGawtuihQHlhdWv7w6-msueDBABIKDlgiRgiYvEhPQToAGSu_XmA8gBBuACAKgDAcgDCqoEugJP0GC68jWXNiMXo4mq1UJMSWJ8FFd_91h2r7iyrw5ST_BhVqMdaX-8ObVLhEzNQeWrOYrN_iALho5w6kl2YzXMnWFsfzSgwbKzL-tViwi4E76IKuUU0l_ZaakRcgEshKPaUxXZGp2V5lhk86-jRRA7dijisnRVRvaQZPUnX9POWn0Vu9-qBFTBWkwklyylTErbV1MhgOcQ3ZUP8xsSyCpb1sscK1sCBlWoqRZ-l6OJuZnwaXgWMTMpoGpZh9dTwMEylPbvN8CAxqrCK4BXBrBR-7d0K5ysLuX4JngSkVgq1lP7wsH75x9vhVSrQiePMJwrcFJwuAcc8uGpqT4Bm2KyQDRPvvEthjFH3HgIrgCLz1Xq-NYLgS1zoKdXMOKQD2_YN2d8rCJLexgKfiDd_gQ7TrFi-iGQ-kYPCsAEvcHnr-ID4AQBiAWwn5KJOaAGLoAH1sSKGagHp8yxAqgHpr4bqAfMzrECqAfz0RuoB5bYG6gHqpuxAqgHjs4bqAeT2BuoB_DgG6gH7paxAqgH_p6xAqgHr76xAqgH1ckbqAfZtrECqAeaBqgH_56xAqgH35-xAqgH-MKxAqgH-8KxAtgHAdIILwiAYRABGJ0BMgiKgoCAgICACDoNgECAwICAgICogAKoA0i9_cE6WNqfp7P6oZMDsQlBFUTUED6gm4AKA5gLAcgLAaoNAkpQyA0B4g0TCIDrp7P6oZMDFeZOwgUd1UY0G-oNEwiXoqmz-qGTAxXmTsIFHdVGNBvwDQKIDv___________wHYEw2IFAnQFQHKFgIKAPgWAYAXAbIXDhgBKgo5NTk3NDI1NDk0uhcCOAGqGBcJAAAAAOC47UASCjk1OTc0MjU0OTQYAbIYCRIC42AYLiIBANAYAcIZAggB&ae=1&gclid=EAIaIQobChMIg4Ous_qhkwMV5k7CBR3VRjQbEAEYASAAEgK7OfD_BwE&num=1&cid=CAQS0QEABaugfV0GTZVsN3Ob2dLpoipI72TNbUAnlPSBY9oqpRG03SEB-wSsR8ijNfeSzXW3Lj54hA_tFgKSFyMJrvfh2n2blmy0yEoTBKaiJ6Bh3bYxEt5xxmXKNAGGkQWwVdkeVoyrNjdndCgrPzUjzbrV5sGlWqWryJSfo7ZVGZLeVj0JVxVH3qM7GdI1Yqcfq8H-feKaRP7CCSZcGkynFGDxM_xkObEwkaO09_e2Ct8Ij3MA6WTR2s5Hc0-vvoOaXURNlfAOY96cTLAWr5j7cR4sOBgB&sig=AOD64_1ws1QUkHCfAYsx2KCjD9bEKM6Zwg&client=ca-pub-2970406823702922&rf=4&nb=19&adurl=https://www.taxbasket.com/tr%3Fgad_source%3D5%26gad_campaignid%3D15319994288%26gclid%3DEAIaIQobChMIg4Ous_qhkwMV5k7CBR3VRjQbEAEYASAAEgK7OfD_BwE,https://www.taxbasket.com/tr?gad_source=5&gad_campaignid=15319994288&gclid=EAIaIQobChMIg4Ous_qhkwMV5k7CBR3VRjQbEAEYASAAEgK7OfD_BwE,,,,,,,,,,
42,https://googleads.g.doubleclick.net/aclk?sa=l&ai=Cp9_29Eq2afjJPK6ZjeYP5OHaQave6t6FAbSp_JPIFbSKnc2hDxABIIvwih9gpaCVgJgBoAGG3ZShAsgBAuACAKgDAcgDCKoEzgJP0Fce3kpWy1GbW6xuFjgmvYIjQ92mHzpVzO8440IWbhWUKQ_m3PtobofxMhFTSEtS1dvwXcfEMpWjiiEg84AkSCCJG-siFXl6sSB--JKJZZz2wTVBVV_U53i2gQ7jMZZPooAuxa3JrJHr_aEWGWx0gJr5Vn-O7vPv6lr35qP2GvAABYKpIWvJs5BYFNGbLLRdfWg38clu66TcATVsgRO-FBci49jq8WvAxF2MmpvOQQF9fvNk4rgOKsVeN53jiBEIcs1G4dbY3Y-_Wfyazb_tj1qlukxYilSgxkmqLI7XFr_-AFkjdtD5xbkCEwEFtt2kf-JV_iJEZgf6nXuGCT9vjDejZ-UMOPcmi1bKI6VJMvPD1o6snhONiq5lUOhYS-L-ZzHXQ0TvJUvCP_9iZGvjcnJdOfC2kj-oSvFN2ne8PSEUaWsGRODfr5A-sRhlwASnl7ulugXgBAGIBbWx7r9VoAYCgAfblsmFGqgHp8yxAqgHpr4bqAfMzrECqAfz0RuoB5bYG6gHqpuxAqgHjs4bqAeT2BuoB_DgG6gH7paxAqgH_p6xAqgHr76xAqgH1ckbqAfZtrECqAeaBqgH_56xAqgH35-xAqgH-MKxAqgH-8KxAtgHAdIIMQiQ4YBAEAEYnQEyCIuDgICAgIAKOg2AQIDAgICAgKiAAqgDSL39wTpYlYuCip2hkwOxCa3yZCytaj11gAoDmAsByAsBqg0CQVXIDQHiDRMI9quCip2hkwMVrkzDBh3ksDYI6g0TCKDjgoqdoZMDFa5MwwYd5LA2CPANAogO____________AdgTDNAVAcoWAgoA-BYBgBcBshcOGAEqCjIwNDUyMTQyMji6FwI4AaoYFwkAAAAAIF_9QBIKMjA0NTIxNDIyOBgBshgJEgKxaRgCIgEA0BgB6BgBwhkCCAE&ae=1&gclid=EAIaIQobChMI-JODip2hkwMVrkzDBh3ksDYIEAEYASAAEgJcfPD_BwE&num=1&cid=CAQS0QEA56J1eTVG8TzuSuv-r3UWob6mVvvBdY6AlJxxRRMF3cx687k1vtqwzVlKnU2EX7kbkw6m_jUZEtXYbTetTdawjU5Eha116_D80y9DxRcdcZCLTONJqMKuunZCGZcePbUhzGcMVooH0pQS4NhM6CKHvbckUWJ1N7Zw8aUi-UCNihY6jJpkPujLFbeSmzBfBkb5DVVkGtshMSMkTXfVGx1FTRWftBIiYjTtl-fkzi6MWBKoiJm5sdcDjq4OA5lhZET_rqsWx9hFLsKfZtirt84RxBgB&sig=AOD64_3CApdLeEYnui_SCfuulzU7rVVb6w&client=ca-pub-3746578658400510&rf=5&nx=CLICK_X&ny=CLICK_Y&uap=UACH(platform)&uapv=UACH(platformVersion)&uaa=UACH(architecture)&uam=UACH(model)&uafv=UACH(uaFullVersion)&uab=UACH(bitness)&uaw=UACH(wow64)&uafvl=UACH(fullVersionList)&nb=2&adurl=https://myiq.com/start/personality-test%3Fg%3D83212512%26utm_source%3Dgoogle%26utm_medium%3Dcpc%26utm_campaign%3DWW-EN-Display_Personality_Audiences%26utm_campaign_id%3D22950942901%26utm_adgroup%3DWW-EN-Display_Personality-Audience_Segments%26utm_adgroup_id%3D187446512551%26utm_term%3D%26utm_content%3D797666401434%26utm_funnel%3D%26partner%3DWM%26url%3Dhttps://myiq.com/start/personality-test%253Fg%253D83212512%26gad_source%3D5%26gad_campaignid%3D22950942901%26gclid%3DEAIaIQobChMI-JODip2hkwMVrkzDBh3ksDYIEAEYASAAEgJcfPD_BwE,https://myiq.com/start/personality-test?g=83212512&utm_source=google&utm_medium=cpc&utm_campaign=WW-EN-Display_Personality_Audiences&utm_campaign_id=22950942901&utm_adgroup=WW-EN-Display_Personality-Audience_Segments&utm_adgroup_id=187446512551&utm_term=&utm_content=797666401434&utm_funnel=&partner=WM&url=https://myiq.com/start/personality-test%3Fg%3D83212512&gad_source=5&gad_campaignid=22950942901&gclid=EAIaIQobChMI-JODip2hkwMVrkzDBh3ksDYIEAEYASAAEgJcfPD_BwE,,,,,,,,,,
43,https://www.googleadservices.com/pagead/aclk?sa=L&ai=CZ2TjDW22afzPBuDfjeYPxea2iQ3Y-fe9aJ-Jo6XhE_3n2r_NARABIN6drHVgiQOgAaaTyKsCyAEJqAMByAPLBKoEiAJP0B6ME-DoyHzXuewaLgB3q5N2lZgXVLRi4KtWZTIU48xFg992xj3P-Hr70fb6GkMFFPUcDtRWiiNSK7CzjNpmKiPwCDAhQUkyDSnVhFskk40-2FA2N6QvmDoNCS83Hu-QM-EFPihbDNQFgN7hs5f1RjvZQx3ibyJ7U7Y9tSA5oazrcUXPqc-RtAA2-XkZI5KIY7ZlamV3GV3F-vG-CkvEZWIZznupo4m_lsbpBWqNqyVCulQwWPJWFzRBRfbUb1SUj65wjfzYENvWDIL4j15qGJPbfUBPdryqJGFDAzPR7x1__tPvxSDqPlif9DCKaB2SG7jp8dvFaR0S3mfy0pC93n6ArnBmhafABIamhLf3AogFva_z8yWgBi6AB8Lst9QBqAenzLECqAfi2LECqAemvhuoB8zOsQKoB_PRG6gHltgbqAeqm7ECqAeOzhuoB5PYG6gH8OAbqAfulrECqAf-nrECqAevvrECqAfVyRuoB9m2sQKoB5oGqAf_nrECqAffn7ECqAf4wrECqAf7wrECqAfCyLEC2AcA0ggvCIBhEAEY3QEyCIqCgICAgIAIOg2AQIDAgICAgKiAAqgDSL39wTpYlun0y72hkwOxCc6FRcc7o00ZgAoDigpBaHR0cDovL3d3dy50cmVrcG9vbHMuY29tLz9nYWRfc291cmNlPTUmZ2FkX2NhbXBhaWduaWQ9MTAxNzUxNzQ1ODmYCwHICwHgCwGADAGiDAOQAQGqDQJKUMgNAeoNEwiYkPXLvaGTAxXgb8MGHUWzLdHwDQKIDgXYEw3QFQGYFgHKFgIKAPgWAYAXAbIXDhgBKgo3OTI2NzM3NzcyuhcCOAGqGBcJAAAAAICo-EASCjc5MjY3Mzc3NzIYAbIYCRICk04YLiIBANAYAcIZAggB&ae=1&gclid=EAIaIQobChMIvIr1y72hkwMV4G_DBh1Fsy3REAEYASAAEgJ4v_D_BwE&num=1&cid=CAQS0gEA56J1eW9J1j2ie9bns81vasoi327vh50CdZ0_ZB5a_kYybKdZc6mWJqhrSXt_OmvoTAbq76XjBaLTTJhsPpHmHtjz7xXI5zFRdyjhngpzjBD29DIMG3gROvdECzzBDDhELTLcG3WzIV3fK3sIG7XyJlNb0oEeLXiJSII4KnkM1lbVYkCMVLcutsZMLS942yzl8zO5-MaAm6YydnQddtB4BaK2dJWLnivWrPruWiUlsuFQ3bYLwKfwuKqWlhCN0Xx_w04pqEGXpeFQw67ga-q8x-sYAQ&sig=AOD64_2lXpELBrvt1gJ2nF11vj7HgkUJsA&client=ca-pub-7209808242714184&rf=1&nb=9&adurl=https://www.trekpools.com/%3Fgad_source%3D5%26gad_campaignid%3D10175174589%26gclid%3DEAIaIQobChMIvIr1y72hkwMV4G_DBh1Fsy3REAEYASAAEgJ4v_D_BwE,https://www.trekpools.com/?gad_source=5,,,,,,,,,,
44,https://www.googleadservices.com/pagead/aclk?sa=L&ai=Ck3cl3yO2acf1MsqcvcAPlaTXuQyQzLO5hQHvtsfdzhXc2R4QASC-z4caYImLxIT0E6ABn5KB8j7IAQLgAgCoAwHIAwiqBOECT9BDVw2jhLmfp79XRMIcG9kkoh3WxIRUNluqIv_nFqhwud0N694hwxaVH06nfiEVeioH1FadPp5fCv0U7F2BEy0ggiWrP2JH23y-p098NjMsEOQoJWklouW6Tb6MasMNT_w7FQXWcz4ZUFFWlnqDdlvFZ9aEm9XO77TO7_tV7hawvT3u1BzXQwEtcpS8Jk4y2de7ggGhcdD9oy9GRfxtjZ5CMq8colysZV1hFcH0-CeWS_hORT9ESp5sWkLC4HS9wltD5yBmKr4Kahd9nBPCvfQnGSNxRVmYuBMyciulSLVzOxcikpdMIQ9gDxev0JCi4L1-3dzis8s2XjVkKG3a4qUzDCaWtxHLga3l7u6Pk2Eq-hPnuZ_F0tbQFkWWfovDKVANyMa9Qca5BTb1UXTp8IIYkHiYVnUkFp7aTdwet2EeLVIw5HmcxNtAO8FOUu4X8HQVc1WbIi1bUCvXI4ZCDV3ABNnJgZnOBeAEAYgF9rql71egBgKAB5_K0dEZqAenzLECqAfi2LECqAemvhuoB8zOsQKoB_PRG6gHltgbqAeqm7ECqAeOzhuoB5PYG6gH8OAbqAfulrECqAf-nrECqAevvrECqAfVyRuoB9m2sQKoB5oGqAf_nrECqAffn7ECqAf4wrECqAf7wrEC2AcB0ggvCIBhEAEYnQEyCIqCgICAgIAIOg2AQIDAgICAgKiAAqgDSL39wTpYk5L65vegkwOxCZ6c0NKhZv-bgAoDmAsByAsBogwDkAEBqg0CSlDIDQHiDRMIzMr65vegkwMVSk4PAh0V0jXH6g0TCJLF--b3oJMDFUpODwIdFdI1x_ANAogO____________AdgTA9AVAZgWAcoWAgoA-BYBgBcBshcOGAEqCjM4NTI2MDc0Mzi6FwI4AaoYFwkAAAAASL0DQRIKMzg1MjYwNzQzOBgBshgJEgLtThgCIgEA0BgBwhkCCAE&ae=1&gclid=EAIaIQobChMIh-GY5_egkwMVSk4PAh0V0jXHEAEYASAAEgJMzfD_BwE&num=1&cid=CAQS0QEABaugfSmIfmJX3vnAUaDqvWYPPdJQvEulxWiRcfchWTEQ7gjlS8u6gFomUtEBD4REj-8lJD2tSM4UdifixGPEePrKCdyhycjHYzdtclUGOBqDFthJMl2mNvxeFtdcdBYz9HpFURl6JqVGeIZA8pUbdt9MEH0MvWInyIWD92Vj58UpEwrVkhnu0rE46wU9VvXwTJYMQdVy6UBurST-GwhX5I57zx1KvFt8Ecf8GJI85siQCYEbS8rAaaScYlEzGyaJI35VIIBocSy-y4Pz1V6oxxgB&sig=AOD64_0GasHm97_7pSrr4dZlHL0_EXNUxg&client=ca-pub-6453680425766689&rf=5&nx=CLICK_X&ny=CLICK_Y&uap=UACH(platform)&uapv=UACH(platformVersion)&uaa=UACH(architecture)&uam=UACH(model)&uafv=UACH(uaFullVersion)&uab=UACH(bitness)&uaw=UACH(wow64)&uafvl=UACH(fullVersionList)&nb=2&adurl=https://www.peoplesbank.lk/youth_accounts/%3Fgad_source%3D5%26gad_campaignid%3D23587282294%26gclid%3DEAIaIQobChMIh-GY5_egkwMVSk4PAh0V0jXHEAEYASAAEgJMzfD_BwE,https://www.peoplesbank.lk/youth_accounts/?gad_source=5&gad_campaignid=23587282294&gclid=EAIaIQobChMIh-GY5_egkwMVSk4PAh0V0jXHEAEYASAAEgJMzfD_BwE,,,,,,,,,,
45,https://www.googleadservices.com/pagead/aclk?sa=L&ai=C8tNte8y2adLxKpWajeYP29OM6Q6r3urehQG0qfyTyBX8jJDUqw4QASCL8IofYKWglYCYAaABht2UoQLIAQLgAgCoAwHIAwiqBM8CT9CWWmDxkT3LBRLTlL7XyKxQHGCWXsbxSoFljV59DK6zqTDrUMsYrafrtAJ1wah3NqzvBeEIZNn_II7w6gC8gOeTZqNKRg5INVGJJGd2DqO3imZQiPrS2YbbfyuaGT8eGku12YnJ-y_4Z_kxx8rwVpd31pP_qxzyQWEeEdSKA_iL-SVCmLZM7sqf2Bba_fwSb2M-awRy6BYqegVR7n5A8l1X62JdW5lD96aAPMnO95ucRID9rXJRriOO2E2kQhIuZgXXmtQT9eI7uHOWIgG4p3WCzvchULwHWvtrGLAUi-94vClIxhR9TC2jtpn-z1HoxlnUkQiWshuRkIiPdL-GqVNoWqSbK07hitqslrUrrlVQAp8Pe3JFwmnnXENSGdKSfpJwNNXi41h37QG28wP1qXmxMiGMjkhk38kZyBWA8kIRsFrgggx84NJLDhAxTcbABKeXu6W6BeAEAYgFtbHuv1WgBgKAB9uWyYUaqAenzLECqAemvhuoB8zOsQKoB_PRG6gHltgbqAeqm7ECqAeOzhuoB5PYG6gH8OAbqAfulrECqAf-nrECqAevvrECqAfVyRuoB9m2sQKoB5oGqAf_nrECqAffn7ECqAf4wrECqAf7wrEC2AcB0ggxCJDhgEAQARidATIIi4OAgICAgAo6DYBAgMCAgICAqIACqANIvf3BOlidk6nNmKKTA7EJrfJkLK1qPXWACgOYCwHICwGqDQJBVcgNAeINEwjFtKnNmKKTAxUVTcMGHdspI-3qDRMIkvOpzZiikwMVFU3DBh3bKSPt8A0CiA7___________8B2BMM0BUByhYCCgD4FgGAFwGyFw4YASoKMjA0NTIxNDIyOLoXAjgBqhgXCQAAAAAAefNAEgoyMDQ1MjE0MjI4GAGyGAkSArFpGAIiAQDQGAHoGAHCGQIIAQ&ae=1&gclid=EAIaIQobChMIkpuqzZiikwMVFU3DBh3bKSPtEAEYASAAEgIgK_D_BwE&num=1&cid=CAQS0gEA56J1ea7ve67Fdk2uBoS_qI-KrUz8HtDWwfbdbmZut_5vsSj4i20Pq2rGjk0UjKuWaPgbVAC7Tvr7Hl2zknORYoQNBI3LPYOSScFhvEkrQR_rThKf7tk-doW7ps3efJrEnl3yYgDbz_ZZZMGAuJ2dqR54jTLWVei5CNDKMYg2SYlO2PHDA78JRd0QlBw1MUpwaChVfokvHp-P81pQse2juGrVSRxBfqnoBMw4PDv1otragYVCxLBLA2UCw37sgugtMWAhdsm7iLQEwuesyeobWmwYAQ&sig=AOD64_1mq0qY2vab3_-VDKPgEzstk_FkpA&client=ca-pub-3746578658400510&rf=5&nx=CLICK_X&ny=CLICK_Y&uap=UACH(platform)&uapv=UACH(platformVersion)&uaa=UACH(architecture)&uam=UACH(model)&uafv=UACH(uaFullVersion)&uab=UACH(bitness)&uaw=UACH(wow64)&uafvl=UACH(fullVersionList)&nb=2&adurl=https://myiq.com/start/personality-test%3Fg%3D83212512%26utm_source%3Dgoogle%26utm_medium%3Dcpc%26utm_campaign%3DWW-EN-Display_Personality_Audiences%26utm_campaign_id%3D22950942901%26utm_adgroup%3DWW-EN-Display_Personality-Audience_Segments%26utm_adgroup_id%3D187446512551%26utm_term%3D%26utm_content%3D797666401434%26utm_funnel%3D%26partner%3DWM%26url%3Dhttps://myiq.com/start/personality-test%253Fg%253D83212512%26gad_source%3D5%26gad_campaignid%3D22950942901%26gclid%3DEAIaIQobChMIkpuqzZiikwMVFU3DBh3bKSPtEAEYASAAEgIgK_D_BwE,https://myiq.com/start/personality-test?g=83212512&utm_source=google&utm_medium=cpc&utm_campaign=WW-EN-Display_Personality_Audiences&utm_campaign_id=22950942901&utm_adgroup=WW-EN-Display_Personality-Audience_Segments&utm_adgroup_id=187446512551&utm_term=&utm_content=797666401434&utm_funnel=&partner=WM&url=https://myiq.com/start/personality-test%3Fg%3D83212512&gad_source=5&gad_campaignid=22950942901&gclid=EAIaIQobChMIkpuqzZiikwMVFU3DBh3bKSPtEAEYASAAEgIgK_D_BwE,,,,,,,,,,
46,https://www.googleadservices.com/pagead/aclk?sa=L&ai=CTIk1iEy2aYj6LPuXvcAPnqiWgArQ6PSQhQG3gsTTxBTAjbcBEAEgm6iHN2CloJWAmAGgAYei6_YDyAEC4AIAqAMByAMIqgTAAk_Q6MjrpdOJbf5EA74UNa6tkZSR0XW4-vz5PK8Dvy5XTr4zsIjKZ7t8Tyd1HtnO3o_Pl-Td-8bS2tNploV10Wq2_cGypPgFYOkZwN1VDdhdsfLFdjsnIE06Al65Ay2ftougRDrJjPBq3Zf8Mfqrhfycd-yJoblOY3Y0p85kI8wcQ45d5dERsDLsKeLm_BEIr3iQlhDDoHBFNeQUrPNpCnlPKoByijCWzmQ7C4zmvP7ZcLjx459J5OZZP4JseIsUgQa6xI2nEQbSPbY8KN7YHq5qeBGyVRSLA1YhiNts2n53nWpmeDzCijD1kqRyYfp1Ush8l_tPsbR2qE43ZNHBuYjN9SBx6WdBjZgKsb6opfEFs9Pgql1ucFMSZgknQdzzEl_kBAq09nrQNvrOF3ctTWcbPa9yYk8tVb2DkEEnjY2bwAShpKGXnQXgBAGIBfmt6NRToAYCgAfh3ZQJqAenzLECqAemvhuoB8zOsQKoB_PRG6gHltgbqAeqm7ECqAeOzhuoB5PYG6gH8OAbqAfulrECqAf-nrECqAevvrECqAfVyRuoB9m2sQKoB5oGqAf_nrECqAffn7ECqAf4wrECqAf7wrEC2AcB0ggvCIBhEAEYnQEyCIqCgICAgIAIOg2AQIDAgICAgKiAAqgDSL39wTpYgabAyp6hkwOxCVJl-19hXVfmgAoDmAsByAsBqg0CQVXIDQHiDRMI9eHAyp6hkwMV-0sPAh0elAWg6g0TCMmAwsqeoZMDFftLDwIdHpQFoPANAogO____________AdgTA9AVAcoWAgoA-BYBgBcBshcOGAEqCjQxOTYwMDMzNDOqGBcJAAAAACq5MkESCjQxOTYwMDMzNDMYAbIYCRIC6E4YAiIBAMIZAggB&ae=1&gclid=EAIaIQobChMIiN7Fyp6hkwMV-0sPAh0elAWgEAEYASAAEgImHPD_BwE&num=1&cid=CAQS0AEABaugfVJs9WvBo0YBCeurSnJAbwuQskd1i2sJtpxm9OsudRYB70mqislvFk8si8UAbwJN593bgFjFUkUyVBGfX_H9TqksLDvoUNC51SuHyHAfpAIek-HOSNXp777VemXEV9MzDVaSWJkg5PffRJyfO0yXQ9Jp3eU4Fo4SqFU6ua4dqpf_UHH0RiFI7Vaiib3QqZ_H2guW3CAF-Hd0ujZEhA3F5aM3z97LGfW4YREt7JlJk4DP2GtvELJ3QnWFEbJ64cbnxajWt84J5c1P9CQFGAE&sig=AOD64_0lhBUZE9u3_I4_V5dw_SWW-SgJnA&client=ca-pub-9636953777155876&rf=5&nx=CLICK_X&ny=CLICK_Y&uap=UACH(platform)&uapv=UACH(platformVersion)&uaa=UACH(architecture)&uam=UACH(model)&uafv=UACH(uaFullVersion)&uab=UACH(bitness)&uaw=UACH(wow64)&uafvl=UACH(fullVersionList)&nb=2&adurl=https://akronbiotech.com/introductory-exclusive-offer-cgmp-human-fibronectin-virus-inactivated%3Futm_source%3Dgoogle%26utm_medium%3Dbanner%26utm_campaign%3Dfibronectin25%26gad_campaignid%3D22458013433%26gclid%3DEAIaIQobChMIiN7Fyp6hkwMV-0sPAh0elAWgEAEYASAAEgImHPD_BwE,https://akronbiotech.com/introductory-exclusive-offer-cgmp-human-fibronectin-virus-inactivated?utm_source=google&utm_medium=banner&utm_campaign=fibronectin25&gad_campaignid=22458013433&gclid=EAIaIQobChMIiN7Fyp6hkwMV-0sPAh0elAWgEAEYASAAEgImHPD_BwE,,8.0,6.0,18.0,,,3.0,2.0,5.0,
47,https://www.googleadservices.com/pagead/aclk?sa=L&ai=CODVUL7G2acjpBoLb29gPpPOP8QSS_-7vhQG7nKrruRW-45qKBBABIKzZuCJgiYvEhPQToAHC253tQsgBBuACAKgDAcgDCqoE3wJP0GDHgcWr7Eb_EwkD_MAjk1eeQgIpnAjC10vP3S1thJRq-vJxo929GVtsLBw_gljpTjITOp8oKZN-tXoHdxOJtawsmhiY0XUeF3jeTRK1om4IiCQ9rLZ2hLfb32TiqJylVMrywj4vJL2Mv5tpWs0TZEsBjmwlKi2rs-AXHY4VlD5f-jE4lFshVXO20Vxm85-eZ3iAWHZV_mELkNi4f7FWC4kku2GuziHHiThH6LPJtOA87SiI9QcQq-0dTDD_AvzvkFbOJPy9jxBhNdppLi7DKKqxrhKdH6UKSm8zIeUCvppinBShuzlyEQBDFOgOuI4U1vUcnJRmY5ZC4sUzXCme2POZrh-Fi4ANauevitzY2d6W-JLCByP47sejuIb8zU081x5N6KLYRaaZ0C3rTxSLEVNDq-yKMImUQq3VbAj3r0i7B1M6st3AjszaI4QcLcb7PS7lzzc0-ht3uVfmTZjABMyQ857SBeAEAYgFkNzM_VegBjeAB8KT7swdqAenzLECqAemvhuoB8zOsQKoB_PRG6gHltgbqAeqm7ECqAeOzhuoB5PYG6gH8OAbqAfulrECqAf-nrECqAevvrECqAfVyRuoB9m2sQKoB5oGqAf_nrECqAffn7ECqAf4wrECqAf7wrEC2AcB0ggvCIBhEAEYnQEyCIqCgICAgIAIOg2AQIDAgICAgKiAAqgDSL39wTpYs_vxyP6hkwOxCRzulpzFSoAHgAoDmAsByAsBqg0CSlDIDQHiDRMInLbyyP6hkwMVgu0WBR2k-SNO6g0TCM7488j-oZMDFYLtFgUdpPkjTvANAogO____________AdgTDYgUBNAVAcoWAgoA-BYBgBcBshcOGAEqCjQ0MjkyNTAxNze6FwI4AaoYFwkAAAAAQGvuQBIKNDQyOTI1MDE3NxgBshgJEgLKThg3IgEA0BgB6BgBwhkCCAE&ae=1&gclid=EAIaIQobChMIiL30yP6hkwMVgu0WBR2k-SNOEAEYASAAEgJ59fD_BwE&num=1&cid=CAQS5AEABaugfRsDEFFzjLMOf0VfOzLwfvlleuh9q025zq_NVy6uz2F5dY0nm9qdR-qkHJEmRopvk1P6g0YyurwOWkEARxaE1wthjJ1Bh5n-jvFSu6BQ4ya9-I3Tf9-f3dcXeq4RtgjgmdXiNV1svWmr4IqfJFGOeGmAmOVcto_hcXx_589DHHSd1zibAqCxdw2rhvjo5kT3afF9R6JgbdD7zejpPntD3iaUVEJa6wF-klf9MwFqW-B9e3RV2hM07lYMrdW-4YGhX3TECcJPJX_V0xbiQVuO-Gm2-S9FZKTufrvjDE4CijEYAQ&sig=AOD64_1V-kIP5BLe2mzzXPSih79Fv18Jsw&client=ca-pub-4180835694166255&nx=CLICK_X&ny=CLICK_Y&uap=UACH(platform)&uapv=UACH(platformVersion)&uaa=UACH(architecture)&uam=UACH(model)&uafv=UACH(uaFullVersion)&uab=UACH(bitness)&uaw=UACH(wow64)&uafvl=UACH(fullVersionList)&nb=9&adurl=https://deals.dealwatchdogs.com/amazon-deals-g/%3Fc1%3Ddailymail.co.uk%26source%3Dgoog%26click-id%3DEAIaIQobChMIiL30yP6hkwMVgu0WBR2k-SNOEAEYASAAEgJ59fD_BwE%26site%3DaZ8TrXs7SYI3v67kkN-wBQAAACE%26gad_source%3D5%26gad_campaignid%3D23617285648%26gclid%3DEAIaIQobChMIiL30yP6hkwMVgu0WBR2k-SNOEAEYASAAEgJ59fD_BwE,https://deals.dealwatchdogs.com/amazon-deals-g/?c1=dailymail.co.uk&source=goog&click-id=EAIaIQobChMIiL30yP6hkwMVgu0WBR2k-SNOEAEYASAAEgJ59fD_BwE&site=aZ8TrXs7SYI3v67kkN-wBQAAACE&gad_source=5&gad_campaignid=23617285648&gclid=EAIaIQobChMIiL30yP6hkwMVgu0WBR2k-SNOEAEYASAAEgJ59fD_BwE,,,,,,,,,,
48,https://www.googleadservices.com/pagead/aclk?sa=L&ai=Cvpev8ou3afuoJda1geAPo5KDsQKQlpqugwG9tIiktBXAjbcBEAEgxpWTpQFgx42BjoQmoAHpzqTEA8gBCakCQs3SDB-Kpz7gAgCoAwHIAwqqBLcDT9C1bdAElSXwmeGkNuMG5-NCfJHedhxjGaXh0hxxeo66bqX9EX1R-EUDABnQ03dKma5f4rjSTGrTOQ7pHlEJc-hBPbxnb6S_U_GwrS-XcYmmxDbsiPiZxjWAzPHE75Eo3gfnmGWWDPkHvvyd7IZdq7GHLbK3YkYC1vf0ud0-ITa9XGOKIWSQk0N24RFj_xoQiv8OSVCBHcsbKnifU1mRpbFaeIaTjEPlhpyFIIig2Zvf42rcAffK--qYBEmk1drKyR4cd1wN7fnYVl3zCEdRn8zzzsoc4xS7os25VKb3WFGA9C6MU4P-BCvk8p4lTwGGutDRAlUizAoCXVqH51-JA3TMcnElBAJpsf87AJTAy5NEcbqt53M0SY72q1k5r3hPZQPRIKogLOxWgb8xoa-XbNF-gzit56QdyPN3_0LBFNlXJ_fRLAVb4HAb6RlJRY0Am3-CV3Yh2S2r79bIqPJzSN3ZgF_WqZelzexnuXnfQJADz0i3PK7FtD3j7e4QFe50PjzNzmYWsDYRAnu6swcGdv0uNSDz8DrRZPh8ufmPV5_-IUUvyN7DcgC0TKL92DfkVeG33zCxN8AE_PrIt-gD4AQBiAX3pb30OaAGLoAH_7DbO6gHp8yxAqgHpr4bqAfMzrECqAfz0RuoB5bYG6gHqpuxAqgHjs4bqAeT2BuoB_DgG6gH7paxAqgH_p6xAqgHr76xAqgH1ckbqAfZtrECqAeaBqgH_56xAqgH35-xAqgH-MKxAqgH-8KxAtgHANIILwiAYRABGJ0BMgiKgoCAgICACDoNgECAwICAgICogAKoA0i9_cE6WLH3uJnPo5MDsQlaeMGdz-tFsoAKA5gLAcgLAYAMAaoNAlpByA0B4g0TCK2quZnPo5MDFdZaAAYdI8kgJuoNEwjErLqZz6OTAxXWWgAGHSPJICbwDQKIDv___________wG4E-QD2BMM0BUByhYCCgD4FgGAFwGyFw4YASoKMjAzMDY5NjgwOLoXAjgBqhgXCQAAAAB4DANBEgoyMDMwNjk2ODA4GAGyGAkSArlPGC4iAQDQGAHCGQIIAQ&ae=1&gclid=EAIaIQobChMI--m6mc-jkwMV1loABh0jySAmEAEYASAAEgKn__D_BwE&num=1&cid=CAQS0QEA56J1eaj4-MFYmEeHQATkalGhfsH8huAcyPfaPOSV9BXf739aaqF4-APpkAy6Uxo9qvTp1koVfOAbGJSdFj08WSdjYWeRcoOQnMF7J_Qt-w0KU2cghBx7mSLshhD1U1hKRBG88mv3bNFiK9qjELpP_71kQ8U4aXl7fq1RpPJLPo7m0d1CBT8u43ic9UFn4GqN5KwuG0Ad4Y3GbRRMlVN7aeF2MMwdem13IMN3Ea4NsJaA0OaZw94RQx5flZGA3iwugTOZ7KRwdbdIp8q2loGpLhgB&sig=AOD64_2HtKKukzH7ZMTv01G0fUylz6sqbw&client=ca-pub-6545456483651868&rf=4&nb=9&adurl=https://taxopia.com.au/cheap-company-tax-return/%3Futm_term%3Dsmall%2520business%2520tax%2520help%26utm_campaign%3DSmall%2BBusiness%26utm_source%3Dadwords%26utm_medium%3Dppc%26hsa_acc%3D9529039902%26hsa_cam%3D15545094903%26hsa_grp%3D131113041276%26hsa_ad%3D800432230761%26hsa_src%3Dd%26hsa_tgt%3Dkwd-24351841%26hsa_kw%3Dsmall%2520business%2520tax%2520help%26hsa_mt%3D%26hsa_net%3Dadwords%26hsa_ver%3D3%26gad_source%3D5%26gad_campaignid%3D15545094903%26gclid%3DEAIaIQobChMI--m6mc-jkwMV1loABh0jySAmEAEYASAAEgKn__D_BwE,https://taxopia.com.au/cheap-company-tax-return/?utm_term=small%20business%20tax%20help&utm_campaign=Small+Business&utm_source=adwords&utm_medium=ppc&hsa_acc=9529039902&hsa_cam=15545094903&hsa_grp=131113041276&hsa_ad=800432230761&hsa_src=d&hsa_tgt=kwd-24351841&hsa_kw=small%20business%20tax%20help&hsa_mt=&hsa_net=adwords&hsa_ver=3&gad_source=5&gad_campaignid=15545094903&gclid=EAIaIQobChMI--m6mc-jkwMV1loABh0jySAmEAEYASAAEgKn__D_BwE,,,,,,,,,,
49,https://www.googleadservices.com/pagead/aclk?sa=L&ai=C3UlDC6G2aanCGsiNvcAPj9uvqAf9ttrHhQGlv8H-kRKwkB8QASC6hMAzYMeNgY6EJqAB8-qP-gPIAQHgAgCoAwHIAwiqBNYCT9A0RpEya7d80YIfk20aQBrbYVVAwTkFrQL5EpVy2EonXhES5Z50820Y1nF1v_nz0W_gyB3aaeE_3LPcp0ALQu8hjspmQFxNBI1nBTRGOhokmH-sTTOWl48FpRtHv_OIQXjW1OEthKcMvHuOxBrR6dcurY0EAe8Fc9Ks9nsucYn2gkiul9GWPLuNust6t4lYDVZDaG1atXHaedrpIjkjLaQ5TvEetjbgqjb77DbbJ8fd8zp3qRUbzuZmm248LIMr_zFnYKqJns5HSDeIVUzQGsf0Jz8NRQHlInN1r4JodhKCveU1Qm8W5QgAmCFuFkMZwRVncg44n13-wZUnxHx4wbWopw_aDCjS0NeA_IrFOVhB2PqyRYz1TzII0AFH9-FsNMuyUUoxn6jPEiPbymvajGQgL-BOxmaLSRjo9QOpcpdBj8usR7fL47YmTnVNk4aGfS4bLSY6wASlyeifVuAEAYgFpc_PrwGgBgKAB_WU8AWoB6fMsQKoB-LYsQKoB6a-G6gHzM6xAqgH89EbqAeW2BuoB6qbsQKoB47OG6gHk9gbqAfw4BuoB-6WsQKoB_6esQKoB6--sQKoB9XJG6gH2baxAqgHmgaoB_-esQKoB9-fsQKoB_jCsQKoB_vCsQLYBwHSCC8IgGEQARidATIIioKAgICAgAg6DYBAgMCAgICAqIACqANIvf3BOljmieCW76GTA_IIG2FkeC1zdWJzeW4tNjA1OTY1OTU2MDY1NDY1NbEJ4uAflVHzIduACgOYCwHICwGiDAOQAQGqDQJaQcgNAeINEwim4-CW76GTAxXIRg8CHY_tC3XqDRMI043ilu-hkwMVyEYPAh2P7Qt18A0CiA7___________8B2BMM0BUBmBYByhYCCgD4FgGAFwGyFw4YASoKNzg2OTg5NTg3M7oXAjgBqhgXCQAAAADwPfBAEgo3ODY5ODk1ODczGAGyGAkSAqFPGAIiAQDQGAHCGQIIAQ&ae=1&gclid=EAIaIQobChMI6fPilu-hkwMVyEYPAh2P7Qt1EAEYASAAEgJfTvD_BwE&num=1&cid=CAQS0QEABaugfQHMS05VJ7XR-WimkePafGX8McdhE3a8oAUUtzZzTnsxLwmm4Cepb--bC40p0PGLz5GrdXpfalWAPTaf4KYWK9WquJn5XD1ynVfCiFLHLCBIOjFQO-vwmfCpLHkTm5CiGZb8muQHZ9chMMsaYMWrKqCP3WEv7cbE7HCtfxZI3xoYFQ7yjaOnpxyXnaYm---w9esuBTsthxBQZBUdUn7LWqC8nWdE7FXqK4eHjATSYkRDXObZ_if-zBAmBY6nb2ep3cWPg4ISTMBEstTdhRgB&sig=AOD64_07iSHs9L8LOJGA9gscWp501Cd-eg&client=ca-pub-8933329999391104&rf=4&nb=2&adurl=https://www.brekketours.com/%3Fgad_source%3D5%26gad_campaignid%3D368306085%26gclid%3DEAIaIQobChMI6fPilu-hkwMVyEYPAh2P7Qt1EAEYASAAEgJfTvD_BwE,https://www.brekketours.com/?gad_source=5&gad_campaignid=368306085&gclid=EAIaIQobChMI6fPilu-hkwMVyEYPAh2P7Qt1EAEYASAAEgJfTvD_BwE,,,,,,,,,,
50,https://www.googleadservices.com/pagead/aclk?sa=L&ai=C1puPL5G1abSDIOH0jeYPqdnpoAWG-djEhQHT6rL-rxTc2R4QASCg5YIkYMfd_Y2EJqABwKf-t0DIAQKpAn55j1_ZtG8-4AIAqAMByAMIqgS2Ak_QPqh1MtNd2lRNDiA8UH1UUwB4ePz2mCIesYn47VOWHTiG29hbvRRoRmDRw02glVo_3WkH2Pn-4CCUolZJUDMGeuyOn1h86D0L3FZnBy3Czxp5os_vX6PCATJp_F6KOtDi0kf42nMKYPwim10VQmoncFfQNAjqWy0s3WA-PclIFfaxt22uajbT0dg7Lm__7bPMJhTmPf8wo-naPI48gCOpVAnYVPZjSD5ge4oeg0HEUjrjmE3AHBFJey7FVZWJylPjN98YFqUACiVzamEsqdQ_4eW_3SUwrXKq2XXDI69R3XUFu3BO_WCfQOs63npaDNkIOWgYrDRO8DuOEeQBctgzYJ1yAAcl-_ua71eEQPqd6J4tFnPkuiaXXwUCMWtGAHNyVsc_zTOAby7ryTzoVkOpMS2d_NLABL_riLezBeAEAYgF_KX_3FSgBgKAB8DfzpcbqAenzLECqAemvhuoB8zOsQKoB_PRG6gHltgbqAeqm7ECqAeOzhuoB5PYG6gH8OAbqAfulrECqAf-nrECqAevvrECqAfVyRuoB9m2sQKoB5oGqAf_nrECqAffn7ECqAf4wrECqAf7wrEC2AcB0ggvCIBhEAEYnQEyCIqCgICAgIAIOg2AQIDAgICAgKiAAqgDSL39wTpY75Lp9OufkwOxCe_fxrCtp3CRgAoDmAsByAsBqg0CWkHIDQHiDRMI27np9OufkwMVYXrDBh2pbBpU6g0TCLKh6vTrn5MDFWF6wwYdqWwaVPANAogO____________AdgTDdAVAcoWAgoA-BYBgBcBshcOGAEqCjk1OTc0MjU0OTS6FwI4AaoYFwkAAAAAgKj4QBIKOTU5NzQyNTQ5NBgBshgJEgKTThgCIgEA0BgBwhkCCAE&ae=1&gclid=EAIaIQobChMI9Nbt9OufkwMVYXrDBh2pbBpUEAEYASAAEgKJ1PD_BwE&num=1&cid=CAQS0AEA56J1eSA3rri4O-BygTi13YiSPR_c8ke3Oycz7Q8AWDBOY6SKuK15PWeOMzIPFTlA3un4vBVRGge2zHaGQXWP3VziRw3Ay24c1LGbmC5PkBxmebL1bNh8Xz1OkKUyV01dmN0TJhirpn9Vkt4mXxKQB2hD2NRJZ_k5umWvTb05HWolENL_3EX1ctmp4574E2f3zEbqxA2EmefcucQmk93-hF53fEMaDJSzS_oY08zKa2XKN98DuAEF6quTvvGTI4sqdVvGNU-SzqNQ_YguYigPGAE&sig=AOD64_0b0DPudVvTXjxi663Vq7ONeVx8mg&client=ca-pub-2970406823702922&rf=5&nx=CLICK_X&ny=CLICK_Y&uap=UACH(platform)&uapv=UACH(platformVersion)&uaa=UACH(architecture)&uam=UACH(model)&uafv=UACH(uaFullVersion)&uab=UACH(bitness)&uaw=UACH(wow64)&uafvl=UACH(fullVersionList)&nb=2&adurl=https://www.tricolt.co.za/the-neighbourhood-estate/%3Futm_source%3Dgoogle%26utm_medium%3Dcpc%26utm_campaign%3Dgoogledisplay%26utm_content%3Dbanners%26gad_source%3D5%26gad_campaignid%3D22743601916%26gclid%3DEAIaIQobChMI9Nbt9OufkwMVYXrDBh2pbBpUEAEYASAAEgKJ1PD_BwE,https://www.tricolt.co.za/the-neighbourhood-estate/?utm_source=google&utm_medium=cpc&utm_campaign=googledisplay&utm_content=banners&gad_source=5&gad_campaignid=22743601916&gclid=EAIaIQobChMI9Nbt9OufkwMVYXrDBh2pbBpUEAEYASAAEgKJ1PD_BwE,,,,,,,,,,
51,https://www.googleadservices.com/pagead/aclk?sa=L&ai=Ck6DGysy3aZHvCqqV29gP27LOyAaU3NHphAG4nP6R5BWbls_yiAIQASDa18U5YIkDoAHy_Z6WQsgBBqkCgaL6mRuGpz7gAgCoAwHIA8sEqgTHAk_QXGF-wHVj0JkzfFOiXJJ3ARuZuRAntDNxKB5oxzX4pdI89tHP4pJMTczHpPdwM1NZIKsQzEfgg37miGf3hJ7PCfn9BJEJXEtglITGnoV9jhLg14A9gz1SPjzrSfjblEU_1SRUX9UHS3rm36VBGKly1SykQHoalw56lXprdd3wQBtd3guX_53W3ZgNLqw_mxfpYx-3YmLJMCUpLgu2RAt3tCas5cfrOQAM64MKP9yTEbnsEyg1loYxOm-_PBjA-L0qVsT1Qa17UZPHpS8YqlJduafcCvQ8io3QDVwdFqqeWiQKIdSzTbOVqFMo5aZoMr4t_QElIKEnvw_57Iq5Kjrv1cOtTVKXK5uf6LlAOl0Jo83OmqBrWqAVuYvcb_gBH36XiT29TxyrB4C6nCBpO_Odyns_ANvh0NTv8vQyoAhNjyKoKzjnlsAE98mW3s0F4AQBiAXi96_2VqAGN4AH8rXv9RyoB6fMsQKoB6a-G6gHzM6xAqgH89EbqAeW2BuoB6qbsQKoB47OG6gHk9gbqAfw4BuoB-6WsQKoB_6esQKoB6--sQKoB9XJG6gH2baxAqgHmgaoB_-esQKoB9-fsQKoB_jCsQKoB_vCsQLYBwHSCC8IgGEQARidATIIioKAgICAgAg6DYBAgMCAgICAqIACqANIvf3BOljT9d2EjaSTA_IIG2FkeC1zdWJzeW4tMTYxNDkxMzU5ODg3NTQ5NrEJdC_UX4Syan-ACgOYCwHICwGqDQJKUMgNAeINEwjQq96EjaSTAxWqyhYFHVuZE2nqDRMI68bfhI2kkwMVqsoWBR1bmRNp8A0CiA7___________8BsA60laTfGNgTDNAVAcoWAgoA-BYBgBcBshcOGAEqCjg0NjYxNTYzNTS6FwI4AaoYFwkAAAAAUPD4QBIKODQ2NjE1NjM1NBgBshgJEgLATxg3IgEA0BgBwhkCCAE&ae=1&gclid=EAIaIQobChMIkfzfhI2kkwMVqsoWBR1bmRNpEAEYASAAEgKhLPD_BwE&num=1&cid=CAQS4wEABaugfYU9L3EbGU05-HI5yEZDTQ6Md41ppvZfGbsL_21k5N1eixJRNt51QnCxxi8ezoZnW4umguHTvjqBcrz-OMvPBzdQ19BznV3ieTS0LxkdEN3sD2zl1lwjq4asxkqduxDa8F3DgQ_GjqQUe_uI07pvHpnofc4bgl8RTTlmdmxZ19B_dqBz9pHCV0KJRWa67Xo4M-8Vs3hCOAcuG2VbKziii2fRzynTWqH-Nw6Gq_bfLRGOSSc70Z849eLSad5v1kFK1IQUtzylZG4l12Drk6sd_ER_frrJkkgKHvpP8OfM-RgB&sig=AOD64_0VdJQlORPSmyDsbUx_omvKgNyvoQ&client=ca-pub-3605257360853185&rf=1&nb=9&adurl=https://bridalstudio.co/collections/all-dresses%3Fgad_source%3D5%26gad_campaignid%3D23333698530%26gclid%3DEAIaIQobChMIkfzfhI2kkwMVqsoWBR1bmRNpEAEYASAAEgKhLPD_BwE,https://bridalstudio.co/collections/all-dresses?gad_source=5&gad_campaignid=23333698530&gclid=EAIaIQobChMIkfzfhI2kkwMVqsoWBR1bmRNpEAEYASAAEgKhLPD_BwE,,,,,,,,,,
52,https://googleads.g.doubleclick.net/aclk?sa=l&ai=CbQOwzTu0aeiOD4OI3NMPpOTw2QvOi4DJhQHJntahyhW_4R4QASCM95YmYImLxIT0E6ABlsuH-UHIAQbgAgCoAwHIAwqqBM0CT9CtwNO8OjpEM1rp_Q-88kZy7aG1VtAp8QRZif67yM_CZncDlG5CPAZkWIdlBGEvnXzPwXMVQ7f7SRw0_Ce4Cwm8vDkBJoAOD1dskkKMROumTy7QLwRiVU6EdFH71oMSXoCAwHhUjpCg9AE9Y04EUFrdd2OSIKl3GQttnvcJhuIyKiN3Ig5SaL-YKAPjAMFQFoa7HL6Iw0dhMUxZEYfTKO107kXzBq7Z78yKxziPHS_8atIhbVc058uilPSkYUY7RVXQ7TPFoG-W9qx6K7i7kMHGmPxaVwDpx5oCJHP8iIsM18kI641wV1bI24TBdGR7iqzoRDD4soAtiNj4q5nuCOu8El_hkIs3_8qpf2dvVLV2mu-wqKkpXbwAoIPBTvO5RLddLzvC7DX9nS4yXAOpSv_ToxjqOREQ26OJ0vjE8yYf8pf0DtcrzS80e0H7wASP24mfzgXgBAGIBem3lPFXgAeWg9jYHKgHp8yxAqgH4tixAqgHpr4bqAfMzrECqAfz0RuoB5bYG6gHqpuxAqgHjs4bqAeT2BuoB_DgG6gH7paxAqgH_p6xAqgHr76xAqgH1ckbqAfZtrECqAeaBqgH_56xAqgH35-xAqgH-MKxAqgH-8KxAtgHAdIILwiAYRABGJ0BMgiKgoCAgICACDoNgECAwICAgICogAKoA0i9_cE6WM_RgKymnZMDsQnngvF5jGPwhoAKA5gLAcgLAaIMA5ABAaoNAkpQyA0B4g0TCP-EgaymnZMDFQMEdwQdJDI8u-oNEwjw44Gspp2TAxUDBHcEHSQyPLvwDQKIDv___________wHYEwzQFQGYFgHKFgIKAPgWAYAXAbIXDhgBKgoxOTA4NzU3Mzc5uhcCOAGqGBcJAQAAAABl70ASCjE5MDg3NTczNzkYAbIYCRICk2kYASIBANAYAcIZAggB&ae=1&gclid=EAIaIQobChMIqKmCrKadkwMVAwR3BB0kMjy7EAEYASAAEgIhEPD_BwE&num=1&cid=CAQS0gEA56J1eWYEaF7zCcrQ4xhyae6N3T-bm64Ln6FK-2YZGZzPGqLm3djMW3L7YZZ_GirJ-71IfAw6gVZRJ42Rx0dMtNNL6OyiBKXTtqY8LAAOuXkmXxfQtZd0Xu3VchqVvgkbo3kTHUztqI_T8Qg8J9kzjG5WRGFuqicaI7KMV1szrYrwwh9pjvwcMaAg74b4aO8VBI5n8O8OXEGSh6xwCFEu0eopIuVSpNCG7picgkTdcxr73KPbUQOWZ_yz8NftfpJE6BG_ouHSCQaIxpTB_fG_tdYYAQ&sig=AOD64_2ikbAN6V026WgQcWNEAYf6z5F02A&client=ca-pub-6554330019384808&rf=4&nb=0&adurl=https://kabunews.co/6010%3Fgad_source%3D5%26gad_campaignid%3D23591197673%26gclid%3DEAIaIQobChMIqKmCrKadkwMVAwR3BB0kMjy7EAEYASAAEgIhEPD_BwE,https://kabunews.co/6010/?gad_source=5&gad_campaignid=23591197673&gclid=EAIaIQobChMIqKmCrKadkwMVAwR3BB0kMjy7EAEYASAAEgIhEPD_BwE,,,,,,,,,,
53,https://www.googleadservices.com/pagead/aclk?sa=L&ai=CTMLivq-2abOzN4eipt8P-Lm4yASJ5NG1hAGBureGuBBkEAEg-qmKF2CJi8SE9BOgAYLClcsDyAEC4AIAqAMByAMIqgSwAk_Qv61tEQSl2Juo_w2yn5NELgTjFzdxPv37qXlqOLykJavWSVvlUmgWknQ3Fs3WJq61ZETOstq3ytZTqNtg1tVMpfoqBMPEz68DLnZI_iU88Em_B_mGWvnmypYe6utEH6zkhKUqap68SKSbAow-o7vVm3gH3blfsgrrfV4uEc-8pHMESU4lZ0DBe8NC4DUmgxDos-zQhgycFzqjQjLS7SuVNr6zun-Zhw3h_Yxjz123a4OLTHZtE8yUzwzPwEwWpY3AezHQ6Gh_zL3n4HhX57DrxXyiJw-raNegAe71pe67C6WBF3JUPNbsS2QCb7lzOFbA8tJmZhupqhkA06WP7Hpy6bNqmve4oT7rGlF7ZDsobpFmY45N0GrpaHVGzUJSjOgQICvp5CPnGmvFE5UB3zDABObhivOaAuAEAYgF3by8ywegBgKAB-a96jSoB6fMsQKoB6a-G6gHzM6xAqgH89EbqAeW2BuoB6qbsQKoB47OG6gHk9gbqAfw4BuoB-6WsQKoB_6esQKoB6--sQKoB9XJG6gH2baxAqgHmgaoB_-esQKoB9-fsQKoB_jCsQKoB_vCsQLYBwHSCC8IgGEQARidATIIioKAgICAgAg6DYBAgMCAgICAqIACqANIvf3BOliksqiZ_aGTA7EJtVXvkg2KpHaACgOYCwHICwGqDQJKUMgNAeINEwiV56iZ_aGTAxUHkekFHfgcDknqDRMI6syqmf2hkwMVB5HpBR34HA5J8A0CiA7___________8BohNUCjcIA0ABUggKBhIECAEQAWi_jovDRXIhEh8gAigBOAJA3by8ywdYAWj-__________8BgAEBmAEDGhkKF2NhLXB1Yi01NDA1MTMyNjAzNTA0Mzg02BMN0BUByhYCCgD4FgGAFwGyFw4YASoKOTMzMjc5MjkwNroXAjgBqhgXCQAAAAAAxfBAEgo5MzMyNzkyOTA2GAGyGAkSAqVqGAIiAQDQGAHCGQIIAQ&ae=1&gclid=EAIaIQobChMIs4qrmf2hkwMVB5HpBR34HA5JEAEYASAAEgLDIPD_BwE&num=1&cid=CAQS0QEABaugfW3jO3hz1XcSmFmwR_mrfDrlfT2whwj-pSI8l8udlVG03daxGrsmMuO6i59PDTcsGJbHPvqzz24POx_JdAIAWTWDpBh1JWx7t5Io6TX4FzlclvUgZ1Ux2B2EOHwI-j9nrx1-cweNa-Kd-YG5gtSCvbXcM7aOwmDnOH0pYKhvBWp6P7IODneEpfcOOZRD3KRPy8kOocuR3XzkHuUNE2VcN31Up8Rs3xGAIs8e5G4a1PzoTVQCBOMO0u1QlTC4Z6YkoaenOHz1V6c1hOe2AhgB&sig=AOD64_3MN2NGghTkNtdoq5XFHayWm90bOA&client=ca-pub-5405132603504384&rf=5&nx=CLICK_X&ny=CLICK_Y&uap=UACH(platform)&uapv=UACH(platformVersion)&uaa=UACH(architecture)&uam=UACH(model)&uafv=UACH(uaFullVersion)&uab=UACH(bitness)&uaw=UACH(wow64)&uafvl=UACH(fullVersionList)&nb=2&adurl=https://www.thextremexperience.com/%3Fnbt%3Dnb%253Aadwords%253Ad%253A2037325405%253A75940147430%253A605757124527%26nb_adtype%3D%26nb_kwd%3D%26nb_ti%3D%26nb_mi%3D%26nb_pc%3D%26nb_pi%3D%26nb_ppi%3D%26nb_placement%3Dwww.vox.com%26nb_li_ms%3D2840%26nb_lp_ms%3D2840%26nb_fii%3D%26nb_ap%3D%26nb_mt%3D%26gad_source%3D5%26gad_campaignid%3D2037325405%26gclid%3DEAIaIQobChMIs4qrmf2hkwMVB5HpBR34HA5JEAEYASAAEgLDIPD_BwE,https://www.thextremexperience.com/?nbt=nb%3Aadwords%3Ad%3A2037325405%3A75940147430%3A605757124527&nb_adtype=&nb_kwd=&nb_ti=&nb_mi=&nb_pc=&nb_pi=&nb_ppi=&nb_placement=www.vox.com&nb_li_ms=2840&nb_lp_ms=2840&nb_fii=&nb_ap=&nb_mt=&gad_source=5&gad_campaignid=2037325405&gclid=EAIaIQobChMIs4qrmf2hkwMVB5HpBR34HA5JEAEYASAAEgLDIPD_BwE,,,,,,,,,,
54,https://www.googleadservices.com/pagead/aclk?sa=L&ai=CR5UzcGq1afLRA47js8IPk4bmuAP3_4bZhQGtsNvelxKl1oKbFBABIP_w-CFgzfDugKwDoAHO3ufkAsgBCeACAKgDAcgDCqoE5AJP0E7UmZ_ednmrkbilKoLLPvttM-YEytjWBrfZWva5johK_dQGQModlkqV84GGJkpVAUaABPlvp7e3yS32W_RU0y10ForQ2IuzjvHkDVPPvYZg5LMuHVjlendXjk21muQ72a4oSVM94sG7U37MmGk8mzPMEkiZ5mrgIrUmQrSqmGRJmC63TTzUhPBghcyl7vBuPpgLrdVFx-HUk_TLnLsmHAnuMAV1ZJsx5AjcxgIfkLCFq9wq1eaDZ-XlAaX0hFi3fobTzNWzpNvzLUIX7C__cMtfTkYS9Xd6Sw5MFFdDjO8ovJtvKEL_lqSreiOYWzRxk7MHTzTyX8ep1-J8-XkgwXhJgSUXFW7iSLWXuRwkQaDr2Whymed1OseeMsp6g9Aqr7CK4W8pvVUcpBZ5TBRBtHNULbHZAG-99uFbfz_NRa7yrtYl3zTyf50cEdftgjKWeqo1QVl-VH01LRlHX0nEzJL4xcAEjZSIppwE4AQBiAXMq9e-SqAGLoAHmqGYmwGoB6fMsQKoB6a-G6gHzM6xAqgH89EbqAeW2BuoB6qbsQKoB47OG6gHk9gbqAfw4BuoB-6WsQKoB_6esQKoB6--sQKoB9XJG6gH2baxAqgHmgaoB_-esQKoB9-fsQKoB_jCsQKoB_vCsQLYBwDSCC8IgGEQARidATIIioKAgICAgAg6DYBAgMCAgICAqIACqANIvf3BOli34u_6xp-TA7EJoYZywC6z25eACgOYCwHICwGADAGqDQJCUsgNAeINEwjej_D6xp-TAxWO8UwCHRODGTfqDRMI4ZDx-safkwMVjvFMAh0Tgxk38A0CiA7___________8BuBPkA9gTDYgUA9AVAcoWAgoA-BYBgBcBshcOGAEqCjQ1NzAyNDQxODO6FwI4AaoYFwkAAAAA1k03QRIKNDU3MDI0NDE4MxgBshgJEgKkZhguIgEA0BgB6BgBwhkCCAE&ae=1&gclid=EAIaIQobChMI8snx-safkwMVjvFMAh0Tgxk3EAEYASAAEgLkE_D_BwE&num=1&cid=CAQS4gEABaugfXVbXUF3L3IrjDRx7-Vjmj3V59o3NTvkJhHCY48_6XIxhSTCVjnRBLA9kiIWWnD7ZFazZ1RIauNZ2gdORt4obiRDIhdAQTRoqw--n2L0LdP_BOGpaApASdq5qDHblHxAUyHov6nKfYhImy76jcvFh0AxMYM4NECStZd22DGNratIjVMBnW9VQJBPmuAVBppRJCO_wbbtqTta09TgAijmLbkItajKvyiIKbcG54_ABrYhUmzlUVErpE2kJ-nzns0H-uAVg8oMaNvjWm3hTPBRr6YE6L-ri0FVfIzRsuyvGAE&sig=AOD64_2H-cc1G_qs3qdGqIRjZr6wQCbi4Q&client=ca-pub-1037373295371110&rf=4&nb=9&adurl=https://vm.fortigate.com/azure%3Futm_source%3Dppc-google%26utm_medium%3Ddisplay%26utm_campaign%3DFortigateSingleVMAzure-latam%26placement%3Dwww.businessinsider.com%26gad_source%3D5%26gad_campaignid%3D19995678156%26gclid%3DEAIaIQobChMI8snx-safkwMVjvFMAh0Tgxk3EAEYASAAEgLkE_D_BwE,https://vm.fortigate.com/azure?utm_source=ppc-google&utm_medium=display&utm_campaign=FortigateSingleVMAzure-latam&placement=www.businessinsider.com&gad_source=5&gad_campaignid=19995678156&gclid=EAIaIQobChMI8snx-safkwMVjvFMAh0Tgxk3EAEYASAAEgLkE_D_BwE,0.0,0.0,0.0,0.0,0.0,0.0,0.0,0.0,0.0,0.0
55,https://adclick.g.doubleclick.net/aclk?sa=l&ai=COCbH6K22ab6RGu7xjeYPgYXkwAOg0JDmhQHf06zY1RXliuGMBBABIOa0z5kBYImLxIT0E6ABqMrl8ALIAQmpAmgL6CRZ4zo-4AIAqAMByAMKqgTeAk_QCDahIbafK1XCrQB2UqMvn3soMb9JMXfL0yryiVY-LSSGB8Iqy4vYHiMGC-V1QpYSMudYID8Bq2_wI71b9Fy04mnhSGdA1pqPx-J1XVsfqgwwfWKUrUuGwcWeE90jKdr-jimQDytGV3tWzPLdQx9zpdTCS6EBs9rRN1cwyQyHYQpqInMH-B4aTlA9t_wKsfZQMjKT7PiLQF6E2pmBAM8z1ku0OX-iL9GrTg9mkmmhhb7JGXqJGEKjA7HuBtaip8hP_rkzSMKmRcngpGolMPhKGTx9ImsjZo_PwVNHg6p87OQw89IBFjte68aAWn7yt2VnwhMHWHwLyd97phBVD-gOjL4jZgIh2cTG1e4uamqo0pYz0O-RZwcXVzGzof2WudEYbpbIXHTZh9ML33SIvQyJwbhQC15d2pp91M_cZORBRUFs4bFuY9kZgmSy_HnDcptBdWpH3wo3IK6VfSaVwASXk5jW3QXgBAGIBaq7toVYoAYugAfAtZqPAagHp8yxAqgH4tixAqgHpr4bqAfMzrECqAfz0RuoB5bYG6gHqpuxAqgHjs4bqAeT2BuoB_DgG6gH7paxAqgH_p6xAqgHr76xAqgH1ckbqAfZtrECqAeaBqgH_56xAqgH35-xAqgH-MKxAqgH-8KxAtgHANIIMgiB4YBgEAEYnQEyCMuKgICAgIAKOg6AgASAwICAgICogAKoA0i9_cE6WJKk_rj7oZMDsQlWHbiqS1BLjYAKA5gLAcgLAYAMAaIMA5ABAaoNAkpQyA0B4g0TCJHA_rj7oZMDFe54wwYdgQIZOOoNEwiX7f64-6GTAxXueMMGHYECGTjwDQKIDv___________wG4E-QD2BMK0BUBmBYByhYCCgD4FgGAFwGyFw4YASoKNTEwMzg3OTQ4M7oXAjgBqhgXCQAAAADwFv5AEgo1MTAzODc5NDgzGAGyGAkSAqFPGC4iAQDQGAHCGQIIAQ&ae=1&gclid=EAIaIQobChMIvqX_uPuhkwMV7njDBh2BAhk4EAEYASAAEgIXJfD_BwE&num=1&sig=AOD64_0DIIBq-E9MiFHG1K_rl6AxS1SnxQ&client=ca-pub-3677668629134422&rf=4&nb=9&adurl=https://www.japan-guide.com/ad/spring-festival-national-museum-modern-art-tokyo/%3Fgad_source%3D5%26gad_campaignid%3D23633698218%26gclid%3DEAIaIQobChMIvqX_uPuhkwMV7njDBh2BAhk4EAEYASAAEgIXJfD_BwE,https://www.japan-guide.com/ad/spring-festival-national-museum-modern-art-tokyo/?gad_source=5&gad_campaignid=23633698218&gclid=EAIaIQobChMIvqX_uPuhkwMV7njDBh2BAhk4EAEYASAAEgIXJfD_BwE,,,,,,,,,,
56,https://www.googleadservices.com/pagead/aclk?sa=L&ai=CrscBmIy2aYTGCf38s8IP8bOxCLOJh9mFAdOAy5C2FKiwsYQGEAEggLzGc2DN8O6ArAOgAc7e5-QCyAEJ4AIAqAMByAMKqgSKA0_QE381W8Q1SURfvuV-9-WoMM3l8EkXQbk9orBfbGPPF7waJAb336Lsbn-y83mdYfnJ0kJsTwl06c0O7cOF_6n6Phfw4WupcLOEkYSG-GW_BFq8elgGkUgdmJ7Sc26gRl9yqa2XJ_60FRhTeE94XmDq9xYm-rZKDgbR9_yvPncho5BcgLKHlh_kSTurAouWeD4VlB_pQ4eNCp6xb2RMj7fmV1uhMViTvzV9gJu4lO55Bxp_qoM0DCiXTv7CorMxkBKV0Y3_Iiy_XAw68QjvTL-rPUbw3vEZ50YOaEv-9tMhNbBHIj8Y0h4UC_7DG3u7_pMd9L6jd7d1-9PH2O8b8eKS8QZCT4Bz_0QGaNUkB9itEnpEqaWs9dNN7-y-1EkZ4FNiurSIV7XlTvvHW6dvky2KRedkoD2dnYMuXcoSaAi2anE6Qq9GDDC71Zsp3m5_RcisMwAyso607Wud7wo-GaZwcIdZwIufeXO1qFWSnIDPnjUHJYIWgUi7_zfAxrSLTNBoXd2P-dHIxz7ABMrvpYerBeAEAYgF19G_vFOgBi6AB5qhmJsBqAenzLECqAemvhuoB8zOsQKoB_PRG6gHltgbqAeqm7ECqAeOzhuoB5PYG6gH8OAbqAfulrECqAf-nrECqAevvrECqAfVyRuoB9m2sQKoB5oGqAf_nrECqAffn7ECqAf4wrECqAf7wrEC2AcA0ggvCIBhEAEYnQEyCIqCgICAgIAIOg2AQIDAgICAgKiAAqgDSL39wTpYq66w1tuhkwOxCTwtvgI1TCIBgAoDmAsByAsBgAwBqg0CQlLIDQHiDRMI9uSw1tuhkwMVff5MAh3xWQwB6g0TCJH-sdbboZMDFX3-TAId8VkMAfANAogO____________AbgT5APYEw3QFQHKFgIKAPgWAYAXAbIXDhgBKgo5NzI4OTk5NTY0uhcCOAGqGBcJAAAAAByxE0ESCjk3Mjg5OTk1NjQYAbIYCRICpGYYLiIBANAYAegYAcIZAggB&ae=1&gclid=EAIaIQobChMIhPKy1tuhkwMVff5MAh3xWQwBEAEYASAAEgJ3KfD_BwE&num=1&cid=CAQS0gEABaugfQBcGvBas6S3fjfu-oPohfWQ6skc-bIkmHH4ksooIxEmAtyQ3GJc91EM1uAxVslZzSyguTSFlDZFYbis88KVeKkZJi4ruffohIkVCrAHPYzY4YaTO-EYw82I3O-llG0RHlFsxPGZpwLu1rr2v8FA4qvRd7uoBjkZ57cEzMdq9X9-Kw7-FOLJExvnoeHG-M27K4h3B2vYx1OMxYIz1RaG7LpQDUg2Nc_8wnMBz0tPGLDkheMAwsxj-u1RL0MzUVNao19yyu_sZCi73oJ1TgsYAQ&sig=AOD64_0f_RD6PJthDXov2WGpmJvoQ9vJzQ&client=ca-pub-2018484621237323&rf=4&nb=9&adurl=https://waf-security.com/eb-secure-your-aws-web-applications.html%3Futm_source%3Dppc-google%26utm_medium%3Ddisplay%26utm_campaign%3Dwaf-rules-gd-latam-br-eb-rda%26gad_source%3D5%26gad_campaignid%3D22407014615%26gclid%3DEAIaIQobChMIhPKy1tuhkwMVff5MAh3xWQwBEAEYASAAEgJ3KfD_BwE,https://waf-security.com/eb-secure-your-aws-web-applications.html?utm_source=ppc-google&utm_medium=display&utm_campaign=waf-rules-gd-latam-br-eb-rda&gad_source=5&gad_campaignid=22407014615&gclid=EAIaIQobChMIhPKy1tuhkwMVff5MAh3xWQwBEAEYASAAEgJ3KfD_BwE,,,,,,,,,,
57,https://www.googleadservices.com/pagead/aclk?sa=L&ai=Cg87G9Ca2ad3kHduYjeYPicOhiAPbwcLMhQHt_P3K-RSN-fuxARABIPyCuRtgiYvEhPQToAG97bbeAsgBAqkCfnmPX9m0bz6oAwHIA8kEqgT-AU_QESR3ibzRYKMl2DXwlJYBOMqTe-dv_YphaRX2X7aHJ-h7CdY-ku4TrD2ShSm-o6Q1Q7g6p2kZcgitbaEsk2AXI088dcJYba_MEyv9K3QcxbgMWrxxqdGzP0TiU6fN_q6WzoJydet7jWcAbDNuGlOaxXqiQIpse9Lqrz7k-kMBdEDL6d7eB8rVnSvoJsQS3PDaoWXcOzF0dTqTRkWpAvt0BVHiSKyfSh9MTW49o6z5CtYiqU7qHAJQXLwxW-HfuNdMw1PVI8aZflNssuzlR6aRU8y0nIALp0PFqJh7zI56JmVQjdiLmlXwYcnMWkGYxLnZHqDIs8vcotonlqvuwATe4ZeVvAWIBcySvuVWoAYCgAerksmhAagHp8yxAqgHpr4bqAfMzrECqAfz0RuoB5bYG6gHqpuxAqgHjs4bqAeT2BuoB_DgG6gH7paxAqgH_p6xAqgHr76xAqgH1ckbqAfZtrECqAeaBqgH_56xAqgH35-xAqgH-MKxAqgH-8KxAtgHAdIILwiAYRABGJ8DMgiKgoCAgICACDoNgECAwICAgICogAKoA0i9_cE6WJOfoN_6oJMDsQmEUtkZhWQDQoAKAZgLAcgLAaoNAkpQyA0B6g0TCMyxoN_6oJMDFVtMwwYdiWEIMfANAogOCdgTCtAVAcoWAgoA-BYBgBcBshcOGAEqCjIxODQzMzUwMDa6FwI4AaoYFwkAAAAA8CTyQBIKMjE4NDMzNTAwNhgBshgJEgKcahgCIgEA0BgBwhkCCAE&ae=1&gclid=EAIaIQobChMI3a6g3_qgkwMVW0zDBh2JYQgxEAEYASAAEgKX1vD_BwE&num=1&cid=CAQS0AEA56J1eROsf7deSIMparx21j99AOfqYHsec4ulBAhWFReYq-ThEUjti7oGgFGLegx1xuWERi61mRZNoR6dTgpT8KyYlEWt02C9NaGFzxT748iiQhscvKWUVpTY2IL2MNjJRvQIlddEwFAmLmpfToWjGiq9YGX_qsq7WvGrwLxlyQSoNA0Rn-WGQmEVr7vcv7YY403gkvLIZgfF5Fw9RzK9olq0NaqKYj2t25oRk6jqnyhffi4jZWB0uPh_71eCCL0biWJvWiIue4nWlqhwqDrOGAE&sig=AOD64_34LXO_-D9gP0RTJjQeai1PwcKjug&client=ca-pub-1772901936034744&rf=2&nb=2&adurl=https://www.alamy.com/credit-packs/%3Futm_source%3Dgoogle%26utm_medium%3Dcpc%26utm_campaign%3D23298279756%26utm_content%3D785858566718%26placement%3Dwired.com%26utm_source%3Dgoogle%26utm_medium%3Dcpc%26utm_campaign%3D%26utm_content%3D%26gad_source%3D5%26gad_campaignid%3D23298279756%26gclid%3DEAIaIQobChMI3a6g3_qgkwMVW0zDBh2JYQgxEAEYASAAEgKX1vD_BwE,https://www.alamy.com/credit-packs/?utm_source=google&utm_medium=cpc&utm_campaign=23298279756&utm_content=785858566718&placement=wired.com&utm_source=google&utm_medium=cpc&utm_campaign=&utm_content=&gad_source=5&gad_campaignid=23298279756&gclid=EAIaIQobChMI3a6g3_qgkwMVW0zDBh2JYQgxEAEYASAAEgKX1vD_BwE,,,,,,,,,,
58,https://www.googleadservices.com/pagead/aclk?sa=L&ai=COvP2sh62aZTXOr6VjeYP5Zj7qAbinKOxf_eAvLuEFbaQHxABIJWW2yFgiYvEhPQToAH60sGgKMgBAqgDAcgDyQSqBJYCT9CejCOcstHtMle0rBqy7uNFXxAjEJQNfomi_nVyjY-gPXDSumyEY6hF2rDvkUuZVvSvvjYAkKCa-quxTVKlPZjIvH8LVIZ_53AO6OEa_4BkvxLEtCotjrNZGT4KZ3OmQc7qIFakiUUgLag0AmGlRhrAGjK-S2KOS3DjI_EP9_WIDz6tAeyiqw3GP0HGxmMfZQaQ_YL1b29bEIuBRNkNEKDlBOAmMmq7Ut1JF4q5VB_QK_N7pGyqJ6i6PHUb46k99Cw7TTv2W9DLROvUumD4V76oDAfsDTDkuEB6vUeCvPOI-h4tEQ2wOPFRLpTTDnQcqOT2WsExCzq373nO2LCnEnXbo_oGuaVrGTadSJi90aZ7I3ROHGfABJuPsZH6BIgFiuCn-E-gBgKAB_qKkoADqAenzLECqAfi2LECqAemvhuoB8zOsQKoB_PRG6gHltgbqAeqm7ECqAeOzhuoB5PYG6gH8OAbqAfulrECqAf-nrECqAevvrECqAfVyRuoB9m2sQKoB5oGqAf_nrECqAffn7ECqAf4wrECqAf7wrEC2AcB0ggwCIBhEAEYnwMyCIqCgICAgIAIOg6AQIDAgICAgKiAAqiDEEi9_cE6WN_guO_yoJMDsQmvvRz-XNbcq4AKAZgLAcgLAaIMA5ABAaoNAkpQyA0B6g0TCMD8uO_yoJMDFb5KwwYdZcweZfANAogOCdgTA9AVAZgWAcoWAgoA-BYBgBcBshcOGAEqCjg1Mzg1NjY5MzK6FwI4AaoYFwkAAAAAIKH1QBIKODUzODU2NjkzMhgBshgJEgK4UBgCIgEA0BgBwhkCCAE&ae=1&gclid=EAIaIQobChMIlPi47_KgkwMVvkrDBh1lzB5lEAEYASAAEgKDDfD_BwE&num=1&cid=CAQS0QEA56J1eSiWCIVeSCZDy1UrahC2p8GSFEpVX2GQtex_v2smhFgUxk1PYyP0O1Z5pNRtbe0eBqh36VyqG0S_3vxy-hyZDm5-XjNkVJCrTTZ3vGeDbREkmSXZCdqNGTlB_wlayTd1P5oWaCQyo8Fiz7pbl0E9oBaYMX83zynzVod0M2tOfmkBzMqaKbq-Fepa6lWqB7dsXt-ilWgkJhNllouKY_C4vWU_19YUV9_UDlqM30GP1HRVxSuI25dFxptcuif85zgfXipHsd3_3x5wyhxjzxgB&sig=AOD64_0MHLuX8mFeCemUgmJ6Y2KIVLtddA&client=ca-pub-5771594739411148&rf=2&nb=2&adurl=https://betterstack.com/log-management%3Futm_source%3Dgoogle%26utm_campaign%3D21458710538%26utm_medium%3Dad%26utm_content%3D778060808372%26utm_term%3D%26gad_source%3D5%26gad_campaignid%3D21458710538%26gclid%3DEAIaIQobChMIlPi47_KgkwMVvkrDBh1lzB5lEAEYASAAEgKDDfD_BwE,https://betterstack.com/log-management?utm_source=google&utm_campaign=21458710538&utm_medium=ad&utm_content=778060808372&utm_term=&gad_source=5&gad_campaignid=21458710538&gclid=EAIaIQobChMIlPi47_KgkwMVvkrDBh1lzB5lEAEYASAAEgKDDfD_BwE,,,,,,,,,,
59,https://www.googleadservices.com/pagead/aclk?sa=L&ai=CUE3X6oC3ae6MOZG45t0PnvLamAb2zLHBhQG0tITmyRW_4R4QASCL8IofYMeNgY6EJqAB5Yiz2QPIAQKpAq8WUd2d0W8-4AIAqAMByAMIqgSnA0_Qs6AgOaSLDDdX8a_zfDdKQIlNHF2i3oSzLODwQpJxoGiXeGBIufhBtRYabOOMBQS7kQT89LvFUfDodQ54nVL-jPSBBF5hBHx2varPonMu0DkEELUGcnzHcGe0E1eL1AlJ3hZU-8LbFWVw5mQUnlPzKsPz-0r5Q17d3mWM4RhxXUPWLlTEy6MtWJcBOkdiaSLyY6hi0MoDRO0IbWmvjdzG-VGi6lUShZ0D1xjT47Fc1vsu7WZt9_EbjTMltJK1E8env1OHC13-AVlEBdLln_Kw6LuM_N7aJYgeAZ5Sf8OQ_XHSG5I2erOM7mRR0iv6uDncE5tLBqzG7euka5j__OiSkE9mHF7TW2M-Hvnsy-e5KNTlecAeZP2Sjmb0b-hWDY1A_1VtMstRpPYSK893j9aVijtbvPCeivIuv_PIjtGOBUZp9by31XJA7yD86iZnVUEHJptnmg22oJUqKgtgCwK--dLqFquu8kt9OAQyylTsa-nHoRlmZYbaSQBBm_4Py7XnddzlQySJhgNh07dNFGy5BxxTedswNJb1RZMv9IhOIpi6limbzsAEjrjenswF4AQBiAW8hpXvV6AGAoAHg_fMJqgHp8yxAqgH4tixAqgHpr4bqAfMzrECqAfz0RuoB5bYG6gHqpuxAqgHjs4bqAeT2BuoB_DgG6gH7paxAqgH_p6xAqgHr76xAqgHmuGxAqgH1ckbqAfZtrECqAeaBqgHmMWxAqgH_56xAqgH35-xAqgH-MKxAqgH-8KxAtgHAdIIMQiQ4YBAEAEYnQEyCIuDgICAgIAKOg2AQIDAgICAgKiAAqgDSL39wTpYvcnw1sSjkwOaCVFodHRwczovL3d3dy5tcnBob21lLmNvbS9lbl96YS9zaG9wL2luc3BpcmF0aW9uL2dldC10aGUtbG9vay9hbGwtdGhlLWJpdHMtYW5kLWJvYnOxCdjEPLuKTOtJgAoDyAsB4AsBogwDkAEBqg0CWkHIDQHiDRMI0vfw1sSjkwMVEZy5BR0euRZj6g0TCN698dbEo5MDFRGcuQUdHrkWY4gO____________AdgTA9AVAZgWAcoWAgoA-BYBgBcBshcOGAEqCjIwNDUyMTQyMji6FwI4AaoYFwkAAAAAYFEgQRIKMjA0NTIxNDIyOBgBshgJEgKlURgCIgEA0BgB6BgBwhkCCAE&gclid=EAIaIQobChMI7qmD18SjkwMVEZy5BR0euRZjEAEYASAAEgJi8_D_BwE&num=1&cid=CAQS0gEABaugfZjVnhWhNde94dVVJ3Hp9GptV-_kF0E0Vw11xCCm3reIgcHn5xc0OIObzgDdugSsjepQTqiy5Rb2MTI0SYaBfIEccKKNiU5XcheidK5tfKfvTdYBcnRYhJouLDv9c0C8OLAHKNgm5UuJTfD1Z99FeOFaTlFDo6LU3mTV7m_QmVqzFRzGvdXPnvIdyVVOe1rFzmqm58oaFhkwYSI_DDZymzaIjF1OJunn7noqd7Xe84MlQF3tO1XJFZfevt3ksKzhhEGNk3utSIt8qEG-7a8YAQ&sig=AOD64_06maoc9Ng-HsZgOJ99F09CuD4z3w&client=ca-pub-3746578658400510&rf=5&nx=CLICK_X&ny=CLICK_Y&uap=UACH(platform)&uapv=UACH(platformVersion)&uaa=UACH(architecture)&uam=UACH(model)&uafv=UACH(uaFullVersion)&uab=UACH(bitness)&uaw=UACH(wow64)&uafvl=UACH(fullVersionList)&nb=2&adurl=https://clickserve.dartsearch.net/link/click%3F%26ds_a_cid%3D82644675%26ds_a_caid%3D23587013436%26ds_a_agid%3D192264248334%26ds_a_fiid%3D%26ds_a_lid%3D%26%26ds_e_adid%3D798199189676%26ds_e_matchtype%3Dcontent%26ds_e_device%3Dc%26ds_e_network%3Dd%26%26ds_url_v%3D2%26ds_dest_url%3Dhttps://www.mrphome.com/en_za/shop/inspiration/get-the-look/all-the-bits-and-bobs%3Futm_campaign%3D02_2026_wk09_PreboFeb%26utm_source%3Dgoogle%26utm_medium%3Dcpc-gdn%26gclsrc%3Daw.ds%26gad_source%3D5%26gad_campaignid%3D23587013436,https://www.mrphome.com/en_za/shop/inspiration/get-the-look/all-the-bits-and-bobs?utm_campaign=02_2026_wk09_PreboFeb&utm_source=google&utm_medium=cpc-gdn&gad_source=5&gad_campaignid=23587013436&gclid=EAIaIQobChMI7qmD18SjkwMVEZy5BR0euRZjEAEYASAAEgJi8_D_BwE&gclsrc=aw.ds,4.0,1.0,2.0,4.0,,2.0,1.0,1.0,2.0,
60,https://www.googleadservices.com/pagead/aclk?sa=L&ai=C5XJ2x764aZnVFpKNjeYPmPDnqQe3qO_thQHa_uar8RS_4R4QASCVltshYJsDoAHL0aacA8gBAqkCuAYDYXALBz6oAwHIA8kEqgT_AU_Q3uDhZImBYKG6WY-d2CV5pQuGm82ockLEyPhVw9lpnfkvFlStCFJj6X6rwNrz8EHVFtemvUWIFtUeaU_aVbvMtvxRvAYwJ_Vo1ojIqX_ewKMJrWtrKtLelGNb6p6cZ89W-ZDwALYpfwSUqX4YNOd7Yg_5OD4n4Sh9jhFBB0UkSv-aSUX0AIL7ju2ulzVeVta62THti0GYkvnG-umGY3aIYxE0u0-mKzNURausp2b9ACTSmrFx05s5gK3SKd8_yQj92x1deZmx-LoIcVnyeTcrvw1Ui1kmZExjMskbnpiOPw2Ze27NLMYvYFllou_cZl0tTKSIUfcEh3yG6TyYn8AE2YWdt9gFiAXO8q6FWKAGAoAHna7ZY6gHp8yxAqgH4tixAqgHpr4bqAfMzrECqAfz0RuoB5bYG6gHqpuxAqgHjs4bqAeT2BuoB_DgG6gH7paxAqgH_p6xAqgHr76xAqgH1ckbqAfZtrECqAeaBqgH_56xAqgH35-xAqgH-MKxAqgH-8KxAtgHAdIIMAiAYRABGJ8DMgiKgoCAgICACDoOgECAwICAgICogAKogxBIvf3BOliaubbo86WTA7EJS63iLR9mJTGACgGYCwHICwGiDAOQAQGqDQJLUsgNAeoNEwiU2Lbo86WTAxWSRsMGHRj4OXXwDQKIDgnYEwLQFQGYFgHKFgIKAPgWAYAXAbIXDhgBKgo0MTUwNTkzNDEyuhcCOAGqGBcJAAAAAPYCLkESCjQxNTA1OTM0MTIYAbIYCRICsFMYAiIBANAYAcIZAggB&ae=1&gclid=EAIaIQobChMI2dS26POlkwMVkkbDBh0Y-Dl1EAEYASAAEgK4qPD_BwE&num=1&cid=CAQS0gEABaugfYahVDn8mvuCKLgSH96dkdWPqIJ_1RFJAq2vkaZpKerhe7ossOwHrCiXTL5JbheRxl0CEBFBu0dLrrN8CMZU2Zs3T4NNwIweOfs6Uz7r0iA1O02Q8X5pwI-6qW5vxA7x_63IJPt8FYOmCulXYux9VigM6RJCyDnLMcvumuVcv1JpVRLI3H43TLI8lZYSv8tLVcjN9-4n3ZdbB8J9dLK2EvQOv0R0NYJeJeDiNR26za70T8ZgVBfBb6w703mIaPIB_lnfH2IfJvCI3jyihMQYAQ&sig=AOD64_3YSJ6tph2aR02i1JTSjoJe9spJyg&client=ca-pub-5771594739411148&rf=2&adurl=https://lineagem.plaync.com/preorder/record/continew/index%3Fip%3Dlm%26cn%3Dcontinew%26cc%3Dkr%26pi%3Dpre_order%26tp%3Dbranding%26src%3Dgdn%26med%3Dpc_network_banner%26val%3Dperfect%26gad_source%3D5%26gad_campaignid%3D23633574222%26gclid%3DEAIaIQobChMI2dS26POlkwMVkkbDBh0Y-Dl1EAEYASAAEgK4qPD_BwE,https://lineagem.plaync.com/preorder/record/continew/index?ip=lm&cn=continew&cc=kr&pi=pre_order&tp=branding&src=gdn&med=pc_network_banner&val=perfect&gad_source=5&gad_campaignid=23633574222&gclid=EAIaIQobChMI2dS26POlkwMVkkbDBh0Y-Dl1EAEYASAAEgK4qPD_BwE,,,,,,,,,,
61,https://www.googleadservices.com/pagead/aclk?sa=L&ai=ClA6rFpm2aZiPH8H1pt8Pn9jQqAWf64PphQGslfa8jhXO_KHEqzAQASCtieJ7YMeNgY6EJqABnOXTkQPIAQmpAn55j1_ZtG8-4AIAqAMByAMKqgTLAk_Q0J9MkxBKjGzfblnNAN4a6VTxBr-fuR-tfu_T4L3JdTXeH6Vby2ZibSvGtz9NfY21_gKpGpbTLASkAkWG4c3E7ECqKuv2Z5XlXAdDBGaMtaJ5zcKjuhiGMXs-5g_pbNld7Ll0VxrcClzfdI2SQO-zUKsZ8_zgl3Mt39joWBXY1VxqPPOVe-fwVGwfSSOXLqyGOdX-7CYU1hxwZDiB9b6xSslIATF-osYuiBX2P-oGV_iCRGcbJhGIig9DRRNjFSeN4IS3PnKsFRqvLFHpefIjKL2qRgHm3lU47ocFauM0OuhM2bVHJBd221H6KfHpsGl5QtTGnM7N-DbbQFiT5FhAJG0GPiApzDTXoh3-5pt1jMxgW9eNpCESiqxaJ5iThhznSdZI3zW1dmmE7h-jJJl1kq-4jtMHgSppeVMu672bm146HTsl6D46pCvABLHz-KvYBeAEAYgF7pS94wOgBi6AB8yarG6oB6fMsQKoB6a-G6gHzM6xAqgH89EbqAeW2BuoB6qbsQKoB47OG6gHk9gbqAfw4BuoB-6WsQKoB_6esQKoB6--sQKoB5rhsQKoB9XJG6gH2baxAqgHmgaoB_-esQKoB9-fsQKoB_jCsQKoB_vCsQLYBwDSCC8IgGEQARidATIIioKAgICAgAg6DYBAgMCAgICAqIACqANIvf3BOli1l7zL56GTA7EJ647sL8XAWR-ACgOYCwHICwGADAGqDQJaQcgNAeINEwixxrzL56GTAxXBuukFHR8sFFXqDRMI8bO-y-ehkwMVwbrpBR0fLBRV8A0CiA7___________8BuBPkA9gTA4gUAdAVAcoWAgoA-BYBgBcBshcOGAEqCjQ0Nzc0OTY5MDG6FwI4AaoYFwkAAAAAF00xQRIKNDQ3NzQ5NjkwMRgBshgJEgKsURguIgEA0BgB6BgBwhkCCAE&ae=1&gclid=EAIaIQobChMImPK-y-ehkwMVwbrpBR0fLBRVEAEYASAAEgIdh_D_BwE&num=1&cid=CAQS5AEABaugfXsGq_2BfzEmYGw5MJG5sP925OIQiSkmBFkLe9fnW_aS5fgdDOeMgj9hePEB9RZE8zNZy0861hbvfce-7jQFgxUd39etjsyTAT3eDh7ENzjhMvF4t7JPNYbmjZqkDZflNVbXjnsdOp8Hkc3DwBMRqyJLbM2lOgpcuPqmQKvTZAXPlm7hHbNMUa7S_xfBIhGYjgUBg2BITLuvNs8UgLcr3LgouLJBlq5zPfGWN2ANfhxWSyRxDC1NE8R-sIrUM7Fhy8GkAmI235Oh8Po9ISRmPqq57EfGHcXrJxm8UDXMTLsYAQ&sig=AOD64_1V_hEj_Jjz8RWsqedjMh6T3N6DzA&client=ca-pub-5066399099591175&rf=4&nb=9&adurl=https://www.hificorp.co.za/deals/lekker-deals%3Futm_source%3Dgoogle%26utm_medium%3Dcpc-gdn%26utm_campaign%3DHFC653456%26gad_source%3D5%26gad_campaignid%3D1013926510%26gclid%3DEAIaIQobChMImPK-y-ehkwMVwbrpBR0fLBRVEAEYASAAEgIdh_D_BwE,https://www.hificorp.co.za/catalogsearch/result/?q=deals+lekker+deals&amnoroute,0.0,0.0,0.0,0.0,0.0,0.0,0.0,0.0,0.0,0.0
62,https://www.googleadservices.com/pagead/aclk?sa=L&ai=CAd7XSAu4afzOIOH62roPwrn1iA7sgr_0hQG84OSBkhXl0d7B2DIQASDmtM-ZAWCJA6ABq4nl9ijIAQmpAs5UX0aH-Do-4AIAqAMByAMKqgTJAk_QCltl5Zbms-SDAv3UkWb_QuDmR4Oo0BsmhGfLtGwUW1Qcr463jnjq7YEibDT_RcdbOGqPJxSXZrIg4r3QErxkQUY1hK4vHEGfQFFX2UoDPSTPUlnVTW1bXiFVMMOOtBgYLX-C4PwfaPOKOi0d0ebFUo8foZeHE0nRsT1QrKj0p5s-54_lEWhUc2lqWF1ifePMEtnqy4bndY9D4dGGmfjBSW78fohz5NqL0j_zVySvRWgGu479ygvb1C2e91ZAY2RtqU1vj0hBm7rP_EdwBxW1YDQOxq-NIuSjV-AR4OnyX0hhnl7FnzK-P5dql5xh9dcx5MsfubHWZeV8hAQEUFEjKnsXHIvCAbR9F5eMph6iw1pide3GebGs1--MGiolfSEF1jCMUkPqG1kMExWScz4Catyfl0rsgKs0NQ1HrdV2KvvtVShPhX8uwASAw_agxAXgBAGIBc-r665WoAYugAerwbXWA6gHp8yxAqgHpr4bqAfMzrECqAfz0RuoB5bYG6gHqpuxAqgHjs4bqAeT2BuoB_DgG6gH7paxAqgH_p6xAqgHr76xAqgH1ckbqAfZtrECqAeaBqgH_56xAqgH35-xAqgH-MKxAqgH-8KxAtgHANIILwiAYRABGJ0BMgiKgoCAgICACDoNgECAwICAgICogAKoA0i9_cE6WJznq9HIpJMDsQlPZ1WGzcnyJoAKA5gLAcgLAYAMAaoNAkpQyA0B4g0TCNiSrNHIpJMDFWG9VgEdwlwd4eoNEwi-uK3RyKSTAxVhvVYBHcJcHeHwDQKIDv___________wGwDp7ostYY2BMM0BUByhYCCgD4FgGAFwGyFw4YASoKNTEwMzg3OTQ4M7oXAjgBqhgXCQAAAACQfgpBEgo1MTAzODc5NDgzGAGyGAkSArhQGC4iAQDQGAHCGQIIAQ&ae=1&gclid=EAIaIQobChMI_JKu0cikkwMVYb1WAR3CXB3hEAEYASAAEgIoS_D_BwE&num=1&cid=CAQS0QEABaugfY54xq7U4fMI4_gRAG3KI7EEM5L-TwPwpeyHyC-DY8ZJOxMrq3hBzwsZxmHZAqk17FCg69LnJeBwjjF4-oeCdRJYLCt7XVsa9E8R3GIeuK-pwqkrt61jB4b_Ro2Q_cMdpYrC2k0TmkSrwW0x81HrPZ_0kjVcsbRDJjanDwOqRdFlBC0dsY-SGYRJGQltpjKrIhHfcenuRP4gA6mLGhsotKfaJuGGlyEfl2Wgaytfev7HcTuIOCZYet8q--dMj-gYPGQNtxMddgZj2iQlFBgB&sig=AOD64_1QoYbpwS5ZXvpEfX2JtouoUrUPYw&client=ca-pub-3677668629134422&rf=4&nb=9&adurl=https://www.justsystems.com/jp/products/justdb/lp/01/listing/01b/index.html%3Futm_content%3Ddatabase%26utm_source%3Dgoogle%26utm_medium%3Ddisplay%26utm_campaign%3DP-MAX_database%26gad_source%3D5%26gad_campaignid%3D23183676879%26gclid%3DEAIaIQobChMI_JKu0cikkwMVYb1WAR3CXB3hEAEYASAAEgIoS_D_BwE,https://www.justsystems.com/jp/products/justdb/lp/01/listing/01b/index.html?utm_content=database&utm_source=google&utm_medium=display&utm_campaign=P-MAX_database&gad_source=5&gad_campaignid=23183676879&gclid=EAIaIQobChMI_JKu0cikkwMVYb1WAR3CXB3hEAEYASAAEgIoS_D_BwE#d0e9d87eb78fa54e47cd213ca7606442,,,,,,,,,,
63,https://www.googleadservices.com/pagead/aclk?sa=L&ai=ClNMvH8q4aaqLFZmGjeYPi-GqsAbI49j0hQGW4fz1sBWopJ-pkQ4QASCT2NIfYMeVgI6EJqAB_NGrhEPIAQOpAmCKSsTSF3A-4AIAqAMByAMIqgTMAk_QyzvS8ZIaOGMg1j3p431RJCiG2BtIQeR1dMIkIPEg8UK0oVbXA0lbsf2sQvOPMjSyI3qORWZvzShfMyVaaBa2sAS5ldNxhXqvJFaxF8tFOfJNXtQ-T7_OeQJRJARyGW25HP5XX6bvC9bbvCQRY-OjzEyLCtgcXR9ntWS7JjA-IQRzcoH8ApcurrZgpFZChEwe9pBOv7Hry0yB01J4DyUxhMlnn8b43a2ZHNCXRztvjshfHcYgOOM2F5IvU8uIsrI0UZNMfXwI96Q0c8hg__lNrh_hcwwxH3td15wS5irdgAqnJX7DoRXPHHquHwSJ54GArvbMP6Qn50hsZZpdDx3wzOOgTquzdcB7UXTDhvSFa_QAtZjvZg_HB8QHEcgEJGeIohKDe2ddGWUkOfKxvGVAxxX3t1JM5ijL56aulyxa-50EEh332z2LLAKrwATjm-Cf0wXgBAGIBbGBx4BYoAYDgAf8ifzjHagHp8yxAqgHpr4bqAfMzrECqAfz0RuoB5bYG6gHqpuxAqgHjs4bqAeT2BuoB_DgG6gH7paxAqgH_p6xAqgHr76xAqgH1ckbqAfZtrECqAeaBqgH_56xAqgH35-xAqgH-MKxAqgH-8KxAtgHAdIILwiAYRABGJ0BMgiKgoCAgICACDoNgECAwICAgICogAKoA0i9_cE6WN-0kdH-pZMDsQmFoqgXdp45woAKA5gLAcgLAaoNAlpByA0B4g0TCMbfkdH-pZMDFRlDwwYdi7AKZuoNEwib0JLR_qWTAxUZQ8MGHYuwCmbwDQKIDv___________wHYEwPQFQHKFgIKAPgWAYAXAbIXDhgBKgo2MjEzMTIzMDI2uhcCOAGqGBcJAAAAAHi0DEESCjYyMTMxMjMwMjYYAbIYCRICqE4YAyIBANAYAcIZAggB&ae=1&gclid=EAIaIQobChMI6paT0f6lkwMVGUPDBh2LsApmEAEYASAAEgI9n_D_BwE&num=1&cid=CAQS0QEABaugfZALB0UhemJFboqhIb9B956ex-X4WwKVkDpwwgWATsWx-V8Nh8IwE2c5d81wuKi-pJK3OcKLIQKprhO3LzPabCfgPoYFd-h1PvytUViRdM34Ldr8yxvIyfvHz-b3hiv9GrAlMNMTEDpjRNJs3wq71L64b-ZmvYXo_l6DgQEgS7_h1HbIUHj_h2CQlLOuC6Y8Eql7-IXF25_2jhirHoFH-htH-Oogpp8VK357y_uXB4wECaHB0ors8jmqO-R0bPpLOYhJSAn9z9zZWfVb6hgB&sig=AOD64_3pJK2MBbxkKVq22BRzGd-dTfazgQ&client=ca-pub-2870152834215954&rf=5&nx=CLICK_X&ny=CLICK_Y&uap=UACH(platform)&uapv=UACH(platformVersion)&uaa=UACH(architecture)&uam=UACH(model)&uafv=UACH(uaFullVersion)&uab=UACH(bitness)&uaw=UACH(wow64)&uafvl=UACH(fullVersionList)&nb=2&adurl=https://www.chery.co.za/enquire/test-drive%3Futm_source%3Dgoogle%26utm_medium%3Ddisplay-remarketing%26utm_campaign%3Dtiggo_cross_lit%26ref%3Dlc%26gad_source%3D5%26gad_campaignid%3D23623483569%26gclid%3DEAIaIQobChMI6paT0f6lkwMVGUPDBh2LsApmEAEYASAAEgI9n_D_BwE,https://www.chery.co.za/enquire/test-drive?utm_source=google&utm_medium=display-remarketing&utm_campaign=tiggo_cross_lit&ref=lc&gad_source=5&gad_campaignid=23623483569&gclid=EAIaIQobChMI6paT0f6lkwMVGUPDBh2LsApmEAEYASAAEgI9n_D_BwE,4.0,4.0,,6.0,0.0,1.0,1.0,,2.0,0.0
64,https://googleads.g.doubleclick.net/aclk?sa=l&ai=Ck-weC8q0aZLXHsWTjeYPwKmxwQPN6vnIhQHyl6KooBTl-sailQ4QASCL1bEgYJXikIKgB6ABwIPrxAHIAQKpAmRS8Y59J7M-4AIAqAMByAMIqgTPAk_Q1DtAPLNG0PCtPpCZ-fCO3CxKjxn-ldsXBKltWv5fmiDAuP4BV7sZTXU32Shwwk9rc9rP4f2Opclc3pjy3BdvdeP13DzEEt13xDLYEFlswB-vTwyY24WpEDcmo8KB9QEeIc9HGKvbTzkhBJCDUILlQMspRwR-En8mWL2T4CwRDqOsyqdjOrcpUrO-CykqaipTBfH40u1Q-8Ux0cxRk7A4E2SExkz1VQ0BeAEswW-a3YZt7roHfDgjjOcvA90X3KLspqpGjjgfnvaBOstTYf9KF0KdD-MrqfsjHDab1tidEWoE29VPXQe7M-SDkzdrFniK2Xf41zpUX9sOyjdHeXz4aiGAJNfQyvGDAVwqs4b52o8X4kqDiYuZxC1rYnFPmRjVP_ORmyuxrKurYJx-szDz97ZmMMHax4XbODqE8IvaoLwf8snPnTGwo3Ucw8mPwAT44bOPrQTgBAGIBdGs7flKoAYCgAeo_JS7AqgHp8yxAqgH4tixAqgHpr4bqAfMzrECqAfz0RuoB5bYG6gHqpuxAqgHjs4bqAeT2BuoB_DgG6gH7paxAqgH_p6xAqgHr76xAqgH1ckbqAfZtrECqAeaBqgH_56xAqgH35-xAqgH-MKxAqgH-8KxAtgHAdIIMAiR4YBQEAEYnQEyCKuLgICggIAKOgwAgICAgICUqIgCqANIvf3BOliPsNf_rZ6TA7EJGJpqYuxm6MqACgOYCwHICwGiDAOQAQGqDQJERcgNAeINEwj2zNf_rZ6TAxXFScMGHcBULDjqDRMIuOTX_62ekwMVxUnDBh3AVCw48A0CiA7___________8B2BMN0BUBmBYByhYCCgD4FgGAFwGyFw4YASoKODk5MDQxMTkwNLoXAjgBqhgXCQAAAADwi_NAEgo4OTkwNDExOTA0GAGyGAkSAotPGAIiAQDQGAHCGQIIAQ&ae=1&gclid=EAIaIQobChMI0ojY_62ekwMVxUnDBh3AVCw4EAEYASAAEgJHePD_BwE&num=1&sig=AOD64_1X2msHqHall0eymZPPN5fru6SZVQ&client=ca-pub-2378110306265632&rf=5&nx=CLICK_X&ny=CLICK_Y&uap=UACH(platform)&uapv=UACH(platformVersion)&uaa=UACH(architecture)&uam=UACH(model)&uafv=UACH(uaFullVersion)&uab=UACH(bitness)&uaw=UACH(wow64)&uafvl=UACH(fullVersionList)&nb=2&adurl=https://medizen.digital/kurs/vielsitzer%3Futm_campaign%3Ddisplay%26utm_content%3Dnonbrand%26utm_source%3Dgoogle%26utm_medium%3Dcpc%26utm_id%3D20119770705%26network%3Dd%26matchtype%3D%26utm_term%3D%26placement%3Dwww.boston.com%26device%3Dc%26devicemodel%3D%26adv_go_camid%3D20119770705%26adv_go_groupid%3D149550854392%26adv_go_adid%3D753993310689%26adv_go_keyword%3D%26adv_go_matchtype%3D%26adv_go_proid%3D%26gr_source%3Dgoogle%26gr_campaign%3D20119770705%26gr_term%3D149550854392%26gr_gadid%3D753993310689%26gad_source%3D5%26gad_campaignid%3D20119770705%26gclid%3DEAIaIQobChMI0ojY_62ekwMVxUnDBh3AVCw4EAEYASAAEgJHePD_BwE,https://medizen.digital/kurs/vielsitzer?utm_campaign=display&utm_content=nonbrand&utm_source=google&utm_medium=cpc&utm_id=20119770705&network=d&matchtype=&utm_term=&placement=www.boston.com&device=c&devicemodel=&adv_go_camid=20119770705&adv_go_groupid=149550854392&adv_go_adid=753993310689&adv_go_keyword=&adv_go_matchtype=&adv_go_proid=&gr_source=google&gr_campaign=20119770705&gr_term=149550854392&gr_gadid=753993310689&gad_source=5&gad_campaignid=20119770705&gclid=EAIaIQobChMI0ojY_62ekwMVxUnDBh3AVCw4EAEYASAAEgJHePD_BwE,,,,,,,,,,
65,https://www.googleadservices.com/pagead/aclk?sa=L&ai=CAI75YDK0aaqwH-nvjeYPx6Oh0Auh3q7thQGjxZCq4hXY-ey_kQ4QASCOy9ciYImLxIT0E6AB7PX03gPIAQGpAnN3kyLe7zo-4AIAqAMByAMKqgTBAk_QzYnQQPZzUcMOzbnXnbg5GwGLvQHrdGqjFp4YDvJMmZyhUizEk5UGoRwLrIxyAgix43_AQNzlntdSewENlC_Zx2QsD-Msp-TimH6_xXq0XvQcryeff8WXGNYUeDpxVaudYz6Nylf7UjjnWVU66IATKiYh0lL9J-V4-4s_2as7ZqkMrnGgR5YTT_MsQrqxCQpmo_I9Tq8BcXM2d-xWZ7NhP127cYq803FG9DhyNoOcP93nGHEG0W7GDmfY2CmaCMMsSWDax6UbDKW2lqs_0pXslxkJpZXUukO8ciheUz_AXwP5sxC8V_7JHgUGyLJiGUJ3pvvXjSCVRmXSOB0LCrC50GUi4_kuFPtcc44ukgFlVUVOZRoZh2oHvk-bkRyB8WFQfV0h9gXpRXbrQkJA2k8cO7mO4Eewbe9nUTTRtsyS88AE9ZP7l9IF4AQBiAXF_PDAV4AH_ImLIagHp8yxAqgHpr4bqAfMzrECqAfz0RuoB5bYG6gHqpuxAqgHjs4bqAeT2BuoB_DgG6gH7paxAqgH_p6xAqgHr76xAqgHmuGxAqgH1ckbqAfZtrECqAeaBqgH_56xAqgH35-xAqgH-MKxAqgH-8KxAtgHAdIILwiAYRABGJ0BMgiKgoCAgICACDoNgECAwICAgICogAKoA0i9_cE6WNqsw62dnZMDsQn-zN-amOVY8IAKA5gLAcgLAaoNAkpQyA0B4g0TCL_Ow62dnZMDFel3wwYdx1EIuuoNEwjlqcStnZ2TAxXpd8MGHcdRCLrwDQKIDv___________wGwDtD54PQY2BMM0BUByhYCCgD4FgGAFwGyFw4YASoKNTExMzM3NTk5MLoXAjgBqhgXCQAAAAAYbyBBEgo1MTEzMzc1OTkwGAGyGAkSAvpTGAEiAQDQGAHoGAHCGQIIAQ&ae=1&gclid=EAIaIQobChMIquDErZ2dkwMV6XfDBh3HUQi6EAEYASAAEgK3LPD_BwE&num=1&cid=CAQS0QEA56J1eatzS1hGeGXL8Cfe8UL7RzJNawwg7rUbrKKmGjERUrKEQrDa78ngFEhejMNQEdHwg2tKqgkKZFXgtejhytB79k6jtw83UsVLi3XQVMKPFGOvbGSqaZaUoFMP6pP-eTslQelzA7t-rhi58UoOOjmaFpWIRv4PJcNudveud5iarLXyiH7S6aH-UDdRTra-rVScnv7fOhCNL9Drj_AFuuq4lWEX8ip1YH3USA_0ANgft5xjboP3nRLIhHkzoBvB_Makfee51ZErVwsZm_SM9xgB&sig=AOD64_10yYPjBr6qHN4iOvnvfS04wqgQgQ&client=ca-pub-7301355741158821&rf=4&nb=19&adurl=https://mikiwame.com/aptitude-test.html%3Futm_source%3Dgoogle%26utm_medium%3Dcpc%26utm_campaign%3Dpmax%26utm_content%3Dpmax_od%26utm_term%3D%26gad_source%3D5%26gad_campaignid%3D23489953349%26gclid%3DEAIaIQobChMIquDErZ2dkwMV6XfDBh3HUQi6EAEYASAAEgK3LPD_BwE,https://mikiwame.com/aptitude-test.html?utm_source=google&utm_medium=cpc&utm_campaign=pmax&utm_content=pmax_od&utm_term=&gad_source=5&gad_campaignid=23489953349&gclid=EAIaIQobChMIquDErZ2dkwMV6XfDBh3HUQi6EAEYASAAEgK3LPD_BwE,,,,,,,,,,
66,https://www.googleadservices.com/pagead/aclk?sa=L&ai=CVbsn8pm2aajzMdeXgeAPzo-uoA2s_e7thQG82tmmshW_4R4QASCVltshYJsDoAGJkdzAAsgBCakCjzerIq3uBj6oAwHIA8sEqgSAAk_Q3DTa0NXAU9SEIo0fj9BW3DW8UxTtm9ndP57Hx9v1TmptNMACL0ngf7vapJ7354ABCtEvRevRDDGI40O0YvsEteY1FCdIU38y-LZLExlwwkXoVCs9t6UpO0zIGoVWfl7PpoKlwoKiU2SiuyOIHJdtsCgI7HtQBTgVZemrUTjnlHEPb0r3sN1C1-d3znNLHTwQ8plHr4v6xsnfUHzVZ3-blTyYx8K-NJLQgiCU0tVw7J4PiXxhuTsxP_AnrIR-4nVARphxwZycpExgTA0DxQBcaPtdPuzT7RsYjDrAVYSp3TzkBN5DM_wDXDFI2f8YB4QVL_pr9Sm-z7JqDM6YlrLABPz86qXRBYgFne-o2VegBi6AB9_uo78BqAenzLECqAfi2LECqAemvhuoB8zOsQKoB_PRG6gHltgbqAeqm7ECqAeOzhuoB5PYG6gH8OAbqAfulrECqAf-nrECqAevvrECqAfVyRuoB9m2sQKoB5oGqAf_nrECqAffn7ECqAf4wrECqAf7wrEC2AcA0ggwCIBhEAEYnwMyCIqCgICAgIAIOg6AQIDAgICAgKiAAqiDEEi9_cE6WKKdxLTooZMDsQmAJd9h3cstqoAKAZgLAcgLAYAMAaIMA5ABAaoNAktSyA0B6g0TCNe3xbTooZMDFddLAAYdzocL1PANAogOCdgTCogUAtAVAZgWAcoWAgoA-BYBgBcBshcOGAEqCjQxNTA1OTM0MTK6FwI4AaoYFwkAAACAPjNDQRIKNDE1MDU5MzQxMhgBshgJEgLoWBguIgEA0BgBwhkCCAE&ae=1&gclid=EAIaIQobChMIqLTFtOihkwMV10sABh3OhwvUEAEYASAAEgLBbvD_BwE&num=1&cid=CAQS0QEABaugfQVDgpHvP9xPNmGtKqGiecRoTjDy9SALWQa53RbMp3vI2adl0eathdJk3LOQDLqjfncJSw6BzuU9X58jksRT_QY5CLcxzlHwaPM9Ai77Hvle-Zma_TDHcJaiWeagetRULRyr4s3HHAnXk0q1k0_fyigsmRLaj4RBmqKA5nuPLjJdIxt6Lfmi_Xudhmye7URKUmGX1Rd2JvXiM1DlNLZTcUz4boyJzninuBJNoQifvOJevXpYQIc0abQq77AiJ7zwA8BBSZXZlKUU6XLwixgB&sig=AOD64_2vHVyMLemub4-MT7AzUZpw4VIFdA&client=ca-pub-5771594739411148&rf=1&nb=9&adurl=https://www.adobe.com/kr/creativecloud/roc/student/young-pro.html%3Fsdid%3DLH4XT4C6%26mv%3Ddisplay%26mv2%3Ddisplay%26gad_source%3D5%26gad_campaignid%3D23541200797%26gclid%3DEAIaIQobChMIqLTFtOihkwMV10sABh3OhwvUEAEYASAAEgLBbvD_BwE,https://www.adobe.com/kr/creativecloud/roc/student/young-pro.html?sdid=LH4XT4C6&mv=display&mv2=display&gad_source=5&gad_campaignid=23541200797&gclid=EAIaIQobChMIqLTFtOihkwMV10sABh3OhwvUEAEYASAAEgLBbvD_BwE,,,,,,,,,,
67,https://www.googleadservices.com/pagead/aclk?sa=L&ai=CdegI7Ta0aby7LYCJjeYP97DD4QvPitHmhQGNrJ-9qhWwkB8QASD3kJ4nYImLxIT0E6AB4-eVkwLIAQmpAnL3uyjD8zo-4AIAqAMByAPLBKoEzQJP0GbuGGv9rWTrav-LQZUdvqhAVduE_a_KTu-lkB87w0lZS3HTc7jBYYVKZGXjHRd0pwLlbWfotak5XvqG2VIOQgRX8y1tZgr3X6Fp59U2pUJn5er6h56LvximtLHFR-79Na_8Ydf8k2staoNLR1BstSa-g3BhKGf3FXWYHW8jIyNJacyFhZxLZpG8gRCuR0-luNgbnUPmstcJb8B6IaTFIFcCgC4FQhA6G6r94ny8fqeVieyn_wm5sgSn7KtluAFSn2VM0MKmhemeRelvedjgAkmE7oHWpwkk5gOtY1zao2PeG9a4BinmTm2mf7otHgsCBtG7DaPqjjkjw8-iNUKY3ZNftOOqbU-4fwBcf1CvfCJqgE2KlHhM_VZT-Y5PEye-W4hVzq17lm5P17ssWJtcH7Y5IVJUuZzyUyuNm1otYfW5Ko94tG31vkS0lHbABKKEw53cBeAEAYgFzL6J8FegBi6AB4WY6uwBqAenzLECqAfi2LECqAemvhuoB8zOsQKoB_PRG6gHltgbqAeqm7ECqAeOzhuoB5PYG6gH8OAbqAfulrECqAf-nrECqAevvrECqAfVyRuoB9m2sQKoB5oGqAf_nrECqAffn7ECqAf4wrECqAf7wrEC2AcA0ggvCIBhEAEYnQEyCIqCgICAgIAIOg2AQIDAgICAgKiAAqgDSL39wTpYx_eS2aGdkwOxCfxi3PEVxE8JgAoDmAsByAsBgAwBogwDkAEBqg0CSlDIDQHiDRMIgKuT2aGdkwMVgETDBh132DC86g0TCPKXlNmhnZMDFYBEwwYdd9gwvPANAogO____________AdgTDYgUAdAVAZgWAcoWAgoA-BYBgBcBshcOGAEqCjQwOTg3ODQwNzC6FwI4AaoYFwkAAAAAsGn9QBIKNDA5ODc4NDA3MBgBshgJEgK4UBguIgEA0BgB6BgBwhkCCAE&ae=1&gclid=EAIaIQobChMI_OWU2aGdkwMVgETDBh132DC8EAEYASAAEgJbMvD_BwE&num=1&cid=CAQS0gEA56J1eSR9WxyhceQZmB3-Le_1J08Y1TzTfLIT7XMCHQjgq5Zb5P3Cpm5Tx0l9LLl8qdsopP09bTNOzLcopJQcRNOx7dzkFhscboz7L9GfaKsrDM6B1eDE2fTVqH-xMSCvfd1VXshwmiGrI-1PWTCC2tX3jshDbm_yEBAhinPEZtPmR0YdyKLSIxhjKmj2zFy6_xE61lZoztJpdI__64jPwe_JQ87UqtDHX-dCesVJrFrpk0IK7ZIiGrfvzT2SpgAzPGe75aHF4J_BGvOpQ-8CgzYYAQ&sig=AOD64_1cXu8TReXy_kNjqO7gDsVXyAEXow&client=ca-pub-7779027078698074&rf=1&nb=9&adurl=https://www.pa-consul.co.jp/talentpalette/%3Fargument%3Drrhn4VrT%26dmai%3Da69981c80b19b9%26utm_source%3Dgoogle%26utm_medium%3Ddisplay%26utm_campaign%3Dintent%26utm_content%3Dname%26utm_term%3D_%26gad_source%3D5%26gad_campaignid%3D23588921164%26gclid%3DEAIaIQobChMI_OWU2aGdkwMVgETDBh132DC8EAEYASAAEgJbMvD_BwE,https://www.pa-consul.co.jp/talentpalette/?argument=rrhn4VrT&dmai=a69981c80b19b9&utm_source=google&utm_medium=display&utm_campaign=intent&utm_content=name&utm_term=_&gad_source=5&gad_campaignid=23588921164&gclid=EAIaIQobChMI_OWU2aGdkwMVgETDBh132DC8EAEYASAAEgJbMvD_BwE,,,,,,,,,,
68,https://www.googleadservices.com/pagead/aclk?sa=L&ai=CPNPctOa0aZawEI60s8IP4o-y2ArN8N2ChQGviI-2qxW5j7eRARABIMS-3CNgpaCVgJgBoAGqqNDuPcgBAqkCFr9pupezLj6oAwHIA8kEqgT2AU_Q_l_WmeSwbsryoUoPxVLh1zHzcHxw7Mw6DJPB7sRrwE18MjCn98efhok4sAtJGwUuBQmkEocKRj5AbqTaHVrV4IMLTUmnFukubddDZhu7ylYdilFhdbn3qtLK9rtYzgaBBCArPSeGkio-jJz5ArX-Rc4TAXTYl-58NAa3mO-EdE_ym1TYxaRC6GrDnfd-KjX6rLWwzpjQFMzqdgST0jHiwQQuU9CNDcUNQ_fPE5LE8xX5kCG1OENnBYEcp0S4gFzVxz66XX22vqOageM-8A-E7Z-3dqb3Q-6oDKkqDfGkYr8ainade6jAYlg2arnXTMkMcWqxi8AE7o7KwscFiAWT453FV6AGAoAHquCgzhioB6fMsQKoB-LYsQKoB6a-G6gHzM6xAqgH89EbqAeW2BuoB6qbsQKoB47OG6gHk9gbqAfw4BuoB-6WsQKoB_6esQKoB6--sQKoB9XJG6gH2baxAqgHmgaoB_-esQKoB9-fsQKoB_jCsQKoB_vCsQLYBwHSCC8IgGEQARgAMgiKgoCAgICACDoOgECAwICAgICIgAKogxBIvf3BOliE-PmqyZ6TA_IIEGJpZGRlci01MzkwMTQyNzKxCdbxprvFjZlwgAoEmAsByAsBogwDkAEBqg0CQVXIDQHwDQKIDv___________wHYEw3QFQGYFgHKFgIKAPgWAYAXAbIXDhgBKgo4MjIzNzcwODEyuhcCOAGyGAUYAiIBANAYAQ&ae=1&gclid=EAIaIQobChMIltqQqsmekwMVDtpMAh3ihwyrEAEYASAAEgLW5vD_BwE&num=1&pr=9:AAABnOqlMNZpXbGR8vh5UBRRTLOUHsuAPS_etQ&cid=CAQSmwIA56J1eeYeJVFKYGslPShbfrbHYlGZiGC8blY8mqNcINCBt_zT806drQkCpAC_ZWeFpWpQb2M6jJq3RRkIWiG0o7PKiRkqJDJAngBpAA1pnuzuLBDdjHXT8Y7jDMefG1e6PoNZmq25i0e3-U5T4vcVm6DaDKF-HYdkuGdKky3bJwuG1GqryqZwnA_K8ywXrZrs493nLW-x3T7hOytVKcrFsZ6pFFw8UsZqX-Tb92XvfIvR7jmmDwlNTkiWlLDwhfzgC4H0xZ0u8i5gu5vnPfAsRu4_FxnPFFml9LbAvJI4RqRNKByGNsiJvOPT_zVNybqbL8IdSg6k7sQoJ8VXSk_GCo4hrPbhEHnQWBx6p6_ks_Fvqh2OJq7P3K7wGAE&sig=AOD64_3fE2pvUZ3jjO4QQgOB9-hmh17W_A&client=ca-pub-3028258428956246&rf=2&nb=2&adurl=https://shaukatkhanum.org.pk/zakat/%3Fgad_source%3D5,https://shaukatkhanum.org.pk/donors/zakat/,2.0,8.0,10.0,4.0,18.0,1.0,3.0,3.0,2.0,4.0
69,https://googleads.g.doubleclick.net/aclk?sa=l&ai=CBJE8D5C3ad2SOLKa29gPw4KakQH4wY2thQHVncLByBS_4R4QASDf8aByYMeNgY6EJqABuszUqirIAQLgAgCoAwHIAwiqBN0CT9CgDHM5fsWqqomB9wNSUGThlTvqTNLZfe6uxP8jlUIt9GH2uhc5yCeLZ8wd4y7XOcETIAURP21Uo-hkttdgLflg687sehpx70SkdwrrE9hhc6WD2rEx5EDP9IzRdt1tDDt-ocLpqddX7VtDeO3GiRoIY4DyhzagJfUkxa_jPeKpexCJ2cpFKqmIJ-OMFNh3mLdE8iju2Knl08H1nfGH4_KZn_IQhPEgy299GStVd6wC9yRfRRUpK4I9FlYVUtrI1m16fQrIl929h3YRSJgDRJCYCzo5Llk9dYex1ZvrLlOPCAq-WD_sh7aZWsLWE0QdnpWOFwJqagNbMPZ3i5RoT14LbwwxKo0tedVWD_s1pHS0BPM_mQWQW9efhyJ2nSEj5I05d-XdEy7Udcqlakly7lNaALqYZ7TSY5EQEsTb8142haBXsPFAIDCrPlDKX4oYAF1_5kxL6JTwQxLtw8AE6pW6vIAF4AQBiAX-tNy7TqAGAoAHuoSligWoB6fMsQKoB-LYsQKoB6a-G6gHzM6xAqgH89EbqAeW2BuoB6qbsQKoB47OG6gHk9gbqAfw4BuoB-6WsQKoB_6esQKoB6--sQKoB9XJG6gH2baxAqgHmgaoB_-esQKoB9-fsQKoB_jCsQKoB_vCsQLYBwHSCDAIgGEQARidATIIioKAgICAgAg6DoBAgMCAgICAqIACqIMQSL39wTpY2pvZj9OjkwOxCUvFe5CdI_uBgAoDmAsByAsBogwDkAEBqg0CWkHIDQHiDRMI0tfZj9OjkwMVMs0WBR1DgSYS6g0TCOaX24_To5MDFTLNFgUdQ4EmEvANAogO____________AdgTDNAVAZgWAcoWAgoA-BYBgBcBshcOGAEqCjgyMDEwNjUwMTO6FwI4AaoYFwkAAAAAeFIMQRIKODIwMTA2NTAxMxgBshgFGAIiAQDQGAHoGAHCGQIIAQ&ae=1&gclid=EAIaIQobChMIndbbj9OjkwMVMs0WBR1DgSYSEAEYASAAEgInVvD_BwE&num=1&cid=CAQS0QEABaugfXpebfJUHTrY1JuzExXvFD5k9LbeWJIR8Lzl-zT0qMankiEgQ_wBadIODckl9xicgKjd3N8XozxQZsMmGREqOaViZzTk719Ha7ALpfef2FXMfQwszjprw1S9yIBKC8rizNPZXWWdWjRMjD-B2iG49i0ZyX3eIgoCIgcZZbKrnhBoikrClALNfOoSl6h3BjdsEvyPuJePGutmKRKBZZfYf1CdSQq--2scf1gjwnDqb5yc9om7qYDj650Is_T97b8IeFX-8Nd_TDz2vvq0ShgB&sig=AOD64_0aByKhqzfw3clfyUAwxt-b4PdAqw&client=ca-pub-4026473803077671&rf=5&nx=CLICK_X&ny=CLICK_Y&uap=UACH(platform)&uapv=UACH(platformVersion)&uaa=UACH(architecture)&uam=UACH(model)&uafv=UACH(uaFullVersion)&uab=UACH(bitness)&uaw=UACH(wow64)&uafvl=UACH(fullVersionList)&nb=2&adurl=https://walk-fit.io/%3Fbranch-name%3Dwf_general%26link-id%3Dgo3ggl%26utm_source%3Dgoogle%26utm_medium%3Dcpc%26campaign_id%3D21063211646%26adgroup_id%3D171925474026%26ad_id%3D770809076147%26utm_term%3D%26utm_source%3Dgoogle%26utm_medium%3Dcpc%26campaign_id%3D21063211646%26adgroup_id%3D171925474026%26ad_id%3D770809076147%26utm_term%3D%26placement%3Dtime.com%26timer_reset%3Dtrue%26gad_source%3D5%26gad_campaignid%3D21063211646%26gclid%3DEAIaIQobChMIndbbj9OjkwMVMs0WBR1DgSYSEAEYASAAEgInVvD_BwE,https://walk-fit.io/onboarding?branch-name=wf_general&link-id=go3ggl&utm_source=google&utm_medium=cpc&campaign_id=21063211646&adgroup_id=171925474026&ad_id=770809076147&utm_term=&utm_source=google&utm_medium=cpc&campaign_id=21063211646&adgroup_id=171925474026&ad_id=770809076147&utm_term=&placement=time.com&timer_reset=true&gad_source=5&gad_campaignid=21063211646&gclid=EAIaIQobChMIndbbj9OjkwMVMs0WBR1DgSYSEAEYASAAEgInVvD_BwE,,,,,,,,,,
70,https://www.googleadservices.com/pagead/aclk?sa=L&ai=CRm4CgdC3aYHbN6SfjeYP2d3E-QKmpKL0hQHssLmmhxWd2bO01REQASCg5YIkYIkDoAGEhOCpPcgBAqkCwuVMpovrOj7gAgCoAwHIAwiqBL8CT9ADtxp2vZNbqb73s8hboDHjb7suQ9IIH2T2Vz5ws5oqh6FTuG6lBdQVR9HbbyheTO1HK0QTcPvuNFfG9lVrvz7tZXX0hybBHgT8YxJuFSAoqS5kUzN7OU2j0tobLSQxiBX8_LuDisUHDbwk0isN__Z8aa5K8aeb2o4DQO27pAUqnXQJtLntQyudKxPsCv9s4sjteKSibRtKNGbZRLwo6-FhCb7xQm1IOvX7TDBS2YqeitXCMMr833swapNHGK4EkylbaoOVtesguZ_LMWoDLu7_y64xNaH0n-SaTIRyTPnk7E0tjk7BczvBGcUy2H1vVeIoIZzbYpsp0YEXNpv01GmkBwJbUHerH3G_QBkOeoN9ShKFy9DVZwd3p8ZtStl6u97O30mbFXM3hgpKhJv0PQmHULBzsXQpqMzbS19RiMAEjoHK2csF4AQBiAW-0dbnV6AGAoAHhLywiRioB6fMsQKoB6a-G6gHzM6xAqgH89EbqAeW2BuoB6qbsQKoB47OG6gHk9gbqAfw4BuoB-6WsQKoB_6esQKoB6--sQKoB9XJG6gH2baxAqgHmgaoB_-esQKoB9-fsQKoB_jCsQKoB_vCsQLYBwHSCC8IgGEQARidATIIioKAgICAgAg6DYBAgMCAgICAqIACqANIvf3BOlj3l8TKkKSTA7EJbXUP6KdjQ6eACgOYCwHICwGqDQJKUMgNAeINEwjU08TKkKSTAxWkT8MGHdkuMS_qDRMIjffFypCkkwMVpE_DBh3ZLjEv8A0CiA7___________8B2BMD0BUByhYCCgD4FgGAFwGyFw4YASoKOTU5NzQyNTQ5NLoXAjgBqhgXCQAAAAAAcOdAEgo5NTk3NDI1NDk0GAGyGAkSAuJOGAIiAQDQGAHCGQIIAQ&ae=1&gclid=EAIaIQobChMIwZ_JypCkkwMVpE_DBh3ZLjEvEAEYASAAEgLOU_D_BwE&num=1&cid=CAQS0gEA56J1eRzjVFWnH240KVd5lXzsoXZv3NhqDQCzej9Ft8vIlqDzSYG9k5e0nspoEsBfBnHw5EN9hho7SGDQNPwg18uCPMQ9i95_FInFwqoH_eXLrjCL0OryXwVlFAGQJTi1bWX0mq5e0GODHbsXJtLNzMKk6P3P5qxQTyd6O5QRpZdZAzQVZl7agTRa_oK_VP_acP-fH9ZbQneDb5MSMpZviu5irQfU8F2cFXXx80NWfRs_p-ZSCuF29QNi-FzfQSX1thSnZb2goNdnc4hRqogDuOEYAQ&sig=AOD64_0TbcG6oDDzf54TqkAkhDfiYfDbAg&client=ca-pub-2970406823702922&rf=5&nx=CLICK_X&ny=CLICK_Y&uap=UACH(platform)&uapv=UACH(platformVersion)&uaa=UACH(architecture)&uam=UACH(model)&uafv=UACH(uaFullVersion)&uab=UACH(bitness)&uaw=UACH(wow64)&uafvl=UACH(fullVersionList)&nb=2&adurl=https://www.ryukakusan.co.jp/tablet%3Futm_source%3DN_gdn%26utm_medium%3Ddisplay%26utm_campaign%3DN_tablet%26utm_term%3Dall%26utm_content%3Dall%26gad_source%3D5%26gad_campaignid%3D23571310782%26gclid%3DEAIaIQobChMIwZ_JypCkkwMVpE_DBh3ZLjEvEAEYASAAEgLOU_D_BwE,https://www.ryukakusan.co.jp/tablet?utm_source=N_gdn&utm_medium=display&utm_campaign=N_tablet&utm_term=all&utm_content=all&gad_source=5&gad_campaignid=23571310782&gclid=EAIaIQobChMIwZ_JypCkkwMVpE_DBh3ZLjEvEAEYASAAEgLOU_D_BwE,,,,,,,,,,
71,https://www.googleadservices.com/pagead/aclk?sa=L&ai=CU2wiWqC2abfnE8Ors8IPrsWMuAbjraLXgQGc19fE9RWhpvjz0B0QASCL1bEgYMeNgY6EJqABgN2VkSrIAQmpAn55j1_ZtG8-4AIAqAMByAPLBKoExAJP0EJz9R5qrSAXTSyeZorK7FIuKvKIg08hDTv8GIKZCHb_cvZvfJFCo_IrX2ai6speUIheHwjJMvsB_k22_DrtV2MytoMa4ugIB4ybgSx-pSLuzSH-htFHjsNZoDJQ_bVXTxgt6toCZd4XnwKfVjBcXvdxTNhYD8JS3Pc6Z6J3fAtNaC-_Va7AQ83JfoLmZ5gV8Xq-JAkx_2oQhtxRtH2Mtu4R0uIaQIN8U3su6Lk11L4YA8YjGxMM2DTHejQnP4HpqJX7BIiJL4pK3RQnvG9EWzHU3Tcq24qOC_ptS_RAhcntarGgSNT5WrqKw3B8n4joTWl7tAiz4uUVnXY0qKYRbs-vbpzNPbeszVyz2DkHgjGbt_4MVBgDRI5k8ooLmIPpE0mugj7SAme5muJ9oX-ppcnuOBkqMI7GhZLRu-GPA5_2u1TABL-rxuqtBeAEAYgFvrq_y1XABQX6BQYIJRABGACgBi6AB4CV5vAEqAenzLECqAfi2LECqAemvhuoB8zOsQKoB_PRG6gHltgbqAeqm7ECqAeOzhuoB5PYG6gH8OAbqAfulrECqAf-nrECqAevvrECqAea4bECqAfZtrECqAeaBqgH_56xAqgH35-xAqgH-MKxAqgH4tixAqgH4tixAqgH4tixAtgHAMAIAtIILwiAYRABGJ0BMgiKgoCAgICACDoNgECAwICAgICogAKoA0i9_cE6WMqGp8LuoZMDgAoDkAsDmAsByAsBgAwBogwFSAGQAQGqDQJaQcgNAeINEwjst6fC7qGTAxXD1UwCHa4iA2fqDRMIs9Cowu6hkwMVw9VMAh2uIgNn8A0CiA7___________8BsA6k9MXOGOASot_6jvutgZ9O2BMM0BUB6RUMNTeJeOYR0PAVloPN3RP6FQoyOTA4OTMxNzY1mBYByhYCCgD4FgGAFwGyFw4YASoKODk5MDQxMTkwNLoXAjgBqhgXCQAAAACQOfxAEgo4OTkwNDExOTA0GAGyGAkSAqpQGC4iAQDQGAHCGQIIAQ&ae=1&gclid=EAIaIQobChMIt_yowu6hkwMVw9VMAh2uIgNnEAEYASACEgLCsfD_BwE&num=1&cid=CAQS0QEABaugfS8uAyF_OCGsqgbxjGFDQft0IodoDsSJLRckobFXdMHjxhPKOuOwmZicLt8qukIXXNg460PD3xRmX4aEwz6e6UDQDxegE92hHzbva1wQFTuJd3q5Y_wbC9Z3lHa24qKxpmBRJCmhnyFCCwAHP5Zwg6isZFU0lDNMX9b2QiQ2lvh3W1RppgqKHhaOFcj8mAI9w9cEy_ZB8NPDS8YAET3RbpCdIWn6t98amDJYDo1X-yKXKa_RTV7VW9-3o0bVRXlf8if0YJ85KUz5dlQCTRgB&sig=AOD64_2wHopXeJNDS9pQvqd0SOa8qLXyuA&ctype=5&client=ca-pub-2378110306265632&nb=9&adurl=https://shop.waterware.co.za/item/azud_disc_mod100_20mm_red_130mic%3Fgad_source%3D5%26gad_campaignid%3D22975339838%26gclid%3DEAIaIQobChMIt_yowu6hkwMVw9VMAh2uIgNnEAEYASACEgLCsfD_BwE,https://shop.waterware.co.za/item/azud_disc_mod100_20mm_red_130mic?gad_source=5&gad_campaignid=22975339838&gclid=EAIaIQobChMIt_yowu6hkwMVw9VMAh2uIgNnEAEYASACEgLCsfD_BwE,,,,,,,,,,
72,https://www.googleadservices.com/pagead/aclk?sa=L&ai=CctYv7bK2aeCKBcqcvcAPpZ-PwQTxlLzehQG-gaP92xTIhrS0ARABIMClqyNgiYvEhPQToAH4t4LWKsgBCeACAKgDAcgDCqoE0AJP0Em2MopNK-Dv8Jbr5qbc_a7nH9OiSrRpYCcqbE9hzIO_i7npmzp2QfUNCTYnZDSg58uwr2UPq0DWCGeVikqPfLS10H3Wu1Jwtis7eOeD7ja29QFQMJ1AAlESzY5HkaYdR2DAuwsQOU11BkbJ9eorQtheLpWp6xffMOjmbURDg1LM6gdlkGLpgtH1w9TymLh3iQqywsefJsXuFKnKb5OPrsoM8L1SGifR1sGDF3mGM0Mensb8qc0iW3lHt13YkWI1u4slmM2lP_sQ9MyWF2XQkFi6ewhwDMskiG4yo4yIlE4nhBSw5TLkdDtftBHEMXf8bvH7lZqQHS1Ez5PXwGpBmYgRHk10feC_7Y0vjRJvZfwRBWnAyo6wkS_L5XPvgmp-WxAEBQ1SI2bIqCuvjL9F6IOgR8ZjfRjWyGIOFDALW0CIuVVKG6Z64P5mnBIi1dLABITm4O-iBeAEAYgFyIfSplSgBi6AB_jv0rUFqAenzLECqAfi2LECqAemvhuoB8zOsQKoB_PRG6gHltgbqAeqm7ECqAeOzhuoB5PYG6gH8OAbqAfulrECqAf-nrECqAevvrECqAfVyRuoB9m2sQKoB5oGqAf_nrECqAffn7ECqAf4wrECqAf7wrEC2AcA0ggvCIBhEAEYnQEyCIqCgICAgIAIOg2AQIDAgICAgKiAAqgDSL39wTpYjZXGnYCikwOxCZP2ApWc_zYQgAoDmAsByAsBgAwBogwDkAEBqg0CSlDIDQHiDRMIosvGnYCikwMVSk4PAh2lzyNI6g0TCLuDyJ2AopMDFUpODwIdpc8jSPANAogO____________AdgTDYgUB9AVAZgWAcoWAgoA-BYBgBcBshcOGAEqCjE1OTg3NjE0MTi6FwI4AaoYFwkAAAAAsOz0QBIKMTU5ODc2MTQxOBgBshgJEgLuThguIgEA0BgB6BgBwhkCCAE&ae=1&gclid=EAIaIQobChMIoLXInYCikwMVSk4PAh2lzyNIEAEYASAAEgLtcPD_BwE&num=1&cid=CAQS0QEABaugfU_X0yvAA6BXJF58PELPX_oPMMFUhptwd_a-MZjY8zTPqize7BSwma15agpd2X6HrFSpQt-9LAlKnCww1uxpeNIQVkwZTAZ62HvEaacMYM_AGHZcNAEKLiKRxhEqdbf71Yt8L64pYe7WJDPSh4LQwx8jpQodrv3pf6bt1JmChO_JhVlJVtITYQ1c_N-utXAqCY-4F2oXcRDKIZIC3FnnjWuLymdHqw1WZx57UZ-e-IQfDa_zthZazlydOiWCp0kzALa8pA71eZHADAGcFBgB&sig=AOD64_3qq51F7Eke4JPw-v9Ryhc46cP8ww&client=ca-pub-5227748429508049&rf=4&nb=9&adurl=https://remit2any.com/%3Futm_source%3Dgoogle%26utm_medium%3Ddisplay%26utm_campaign%3D22629614536%26utm_content%3D181159867140_774540321284%26utm_term%3Dindianexpress.com%26utm_source%3Dgoogle%26utm_medium%3Dcpc%26utm_campaign%3D%7Bcampaignname%7D%26gad_source%3D5%26gad_campaignid%3D22629614536%26gclid%3DEAIaIQobChMIoLXInYCikwMVSk4PAh2lzyNIEAEYASAAEgLtcPD_BwE,https://remit2any.com/?utm_source=google&utm_source=google&utm_medium=display&utm_medium=cpc&utm_campaign=22629614536&utm_campaign=%7Bcampaignname%7D&utm_content=181159867140_774540321284&utm_term=indianexpress.com&gad_source=5&gad_campaignid=22629614536&gclid=EAIaIQobChMIoLXInYCikwMVSk4PAh2lzyNIEAEYASAAEgLtcPD_BwE,,,,,,,,,,
73,https://www.googleadservices.com/pagead/aclk?sa=L&ai=CvC6b5SK2aaWrNdvls8IPsov_wAz7mtrrhQG6z4jazBXc2R4QASC5-YwpYImLxIT0E6ABsrHH_CnIAQKpAsV2mw54VFg-4AIAqAMByAMIqgS8A0_Qbpk5_1-LZGLHyH8HMD0sHFj0x9QhaCwGgoivX0DXGI-4_I9vF9RMO24Jo9wzVQcmbz4VKOI8y7UnJI6AknCpPYYxHgZ-dcujIGZ_gGJSBOETohtO2aUKi5v1-cFwtJQZYiGSSrCV6-vmw7xdr4XdNmaXdF6VVc5n_i5zpIT3T39D-yE-uETrBhEtLmQ9ndkIX6smvnIud9G_kFqfXUdv70QGOGJPrPOX6gmthycRhLqfdMlWBQwfOKwN3DtYxfKKGbHqVBdv20Tp3anYp5wiCcXPQ36-pSGjQ1RKG-TlYC5aWgHXMwmZbPp71mwJ8kSV25_a7IbIXM7AU8mMG5chTCnDZcxjVIRzr9aFT2WIO-23NSSN27n-0-MANOpaPgOZZYHq_QFhE72hswm8LHatc2Urqh_Yfe8uDhpXvGE7zzIm8NbSMEyIEOtdlCUf184AJe9P0HvF6OaQQ1J4uANLzTK6oD98IcdD4wGLFRXFc0mqGi5KH4icyOzSLDxokEI6dQqjq_q2g-h0pojNIyoYofEYRGZl0gOSgJ4UtR3p--HhEYtLvT_IN0JXOMBBy8aXUZyjIwfakfb4fsAElr3w6dUF4AQBiAWS17KAWKAGAoAHsumX3ASoB6fMsQKoB-LYsQKoB6a-G6gHzM6xAqgH89EbqAeW2BuoB6qbsQKoB47OG6gHk9gbqAfw4BuoB-6WsQKoB_6esQKoB6--sQKoB9XJG6gH2baxAqgHmgaoB_-esQKoB9-fsQKoB_jCsQKoB_vCsQLYBwHSCC8IgGEQARidATIIioKAgICAgAg6DYBAgMCAgICAqIACqANIvf3BOljU-fzv9qCTA7EJKEX1loJ8Z_CACgOYCwHICwGiDAOQAQGqDQJKUMgNAeINEwiVqv3v9qCTAxXb8kwCHbLFH8jqDRMIzqn_7_agkwMV2_JMAh2yxR_I8A0CiA7___________8B2BMD0BUBmBYByhYCCgD4FgGAFwGyFw4YASoKMzQxNDM4Mzg0N7oXAjgBqhgXCQAAAACAE_VAEgozNDE0MzgzODQ3GAGyGAkSAshRGAIiAQDQGAHoGAHCGQIIAQ&ae=1&gclid=EAIaIQobChMI5bGA8PagkwMV2_JMAh2yxR_IEAEYASAAEgLimvD_BwE&num=1&cid=CAQS0AEABaugfVGZGHZY6oKwX5XhgMridbRGAvYZm_px-_hSWQ647nrmRL7dLwZg3vSsQBNoK2_C5ysgMeKFBjiV-NNWRWahqykPMWHFxq6Zl6jyKEY5-QqkpPlH0lwsYeCQZh12Enufp3wmnUHrlv_50fNsPRp67cu-RBFB5PkNrnNFYzfmyMjv5wfbOs6wEPptepPNQoTICoixJdpkqRCQNB0hPCXxqUreGV2qKDVrWDKFWDjLIOpwY1a9a9Rb-KW1Q2TjwO0abffG-ltmalRieMaOGAE&sig=AOD64_0Rx8qfK_5bEqUId5L_ryabV_zRmg&client=ca-pub-5539691492742074&rf=5&nx=CLICK_X&ny=CLICK_Y&uap=UACH(platform)&uapv=UACH(platformVersion)&uaa=UACH(architecture)&uam=UACH(model)&uafv=UACH(uaFullVersion)&uab=UACH(bitness)&uaw=UACH(wow64)&uafvl=UACH(fullVersionList)&nb=2&adurl=https://promotions.metro.ua/katalogh-vighidnikh-vikhidnikh/page/1%3Futm_source%3Dgdn%26utm_medium%3Dpaid%26utm_campaign%3Dua_cc_store-visits_banner_WE_march_cpm_image%26gad_source%3D5%26gad_campaignid%3D23623150482%26gclid%3DEAIaIQobChMI5bGA8PagkwMV2_JMAh2yxR_IEAEYASAAEgLimvD_BwE,https://promotions.metro.ua/katalogh-vighidnikh-vikhidnikh/page/1?utm_source=gdn&utm_medium=paid&utm_campaign=ua_cc_store-visits_banner_WE_march_cpm_image&gad_source=5&gad_campaignid=23623150482&gclid=EAIaIQobChMI5bGA8PagkwMV2_JMAh2yxR_IEAEYASAAEgLimvD_BwE,,,,,,,,,,
74,https://www.googleadservices.com/pagead/aclk?sa=L&ai=Cku8Ig-K0adeZBdbpjuMP9JLP0QjppKmChQG51pXm0BXy7NLgsgEQASC35YQhYKWglYCYAaABkqGGpj7IAQmoAwHIA8sEqgT6AU_QNE0EgYWAKQ3svGn-ussoHQ3T--gUgTHJ9lkO2lasoumuQPOKMoDUyAtmhT2G-bo7tcodRVi0PI_G-f58ibQoZUbWtVNuPEc8yOEG2c9SnD8i4Of7E9PJuIs9n6P5wFl49qtNlrzr3emXpx34IWgYztfUDOrmy5_jStTMCRYp8KuQe520vRaV3D_e3zhGPwPEkg0HPe82R154bEhkZNTub7jGUu_-AsGoOY9gQRkM1e7j0cUlckyhqgP_36jiGo16zFNZK_IZegk0qCYQz3F5WDtkd3FstZGS8trlbd08NPLk8UhPv0n8iqkyH9xIcGkjn7KE7H7QLsbABPvGvIrYBYgF9r_p91WgBi6AB5LZ1oUZqAenzLECqAfi2LECqAemvhuoB8zOsQKoB_PRG6gHltgbqAeqm7ECqAeOzhuoB5PYG6gH8OAbqAfulrECqAf-nrECqAevvrECqAfVyRuoB9m2sQKoB5oGqAf_nrECqAffn7ECqAf4wrECqAf7wrEC2AcA0gguCIBhEAEYADIIioKAgICAgAg6DYBAgMCAgICAiIACqANIvf3BOljCko62xZ6TA_IIDWJpZGRlci0zNzYyMjOxCVNhqSLjzq11gAoEmAsByAsBgAwBogwDkAEBqg0CQVXIDQHwDQKIDv___________wGwDtTJod8YuBPkA9gTDNAVAZgWAcoWAgoA-BYBgBcBshcOGAEqCjUwODg1MjYzNDe6FwI4AbIYBRguIgEA0BgBwhkCCAE&ae=1&gclid=EAIaIQobChMIl-eyqsWekwMV1rRjBh10yTOKEAEYASAAEgIyZfD_BwE&num=1&pr=13:abTigwAAAACDBCVsLoGlgubd3vqEgzN8kLYjpg&cid=CAQS7QEA56J1eTZRwcEmAvB0H8v9Y1Wq1MoxGs03baT7QkoQ27wZel2Ta1X1l7QHXEmuMs-V5FZDBkeqTM7YAKVhrxgnZFnmP-4en7y0AzUi9gHVW3Z3HfBr_chSjrC7YQemi6ckf2XCN1nnj-eZqeSb6XJ2sGJxUTr6WY0l-xOAfV3EMCMtXWsN8CzbPHUQrWRmVMyipeVkTjX8Lv44BWEkebUzGMjVaCmb67d5eUMCS08wGk1DZC1VL_f52pn2iE6V4umaqU7tgRPpLA_lSMMgeVcAdAkui7Cfk8YE0WHtAi0v7qIwvmiYm2IFfChoD4wYAQ&sig=AOD64_250r2zNEJvTtMqEdH2Nhqb5S17wA&client=ca-pub-5722610347565274&rf=1&nb=9&adurl=https://claritycheck.com/reverse-phone-lookup%3Futm_source%3Dgoogle%26utm_medium%3Dcpc%26utm_campaign%3DOC-EN-pMax_PhoneLookup_Comp%26utm_campaign_id%3D23068299519%26utm_adgroup%3D%26utm_adgroup_id%3D%26utm_term%3D%26utm_match_type%3D%26utm_content%3D%26utm_content_id%3D%26utm_funnel%3D%26partner%3DWM%26id%3D46a100facd6f44d672e68d52ffa00e7199d9a67cc92c6246b6196da15ae0a633%26url%3Dhttps://claritycheck.com/reverse-phone-lookup%26gad_source%3D5%26gad_campaignid%3D23068303350%26gclid%3DEAIaIQobChMIl-eyqsWekwMV1rRjBh10yTOKEAEYASAAEgIyZfD_BwE,https://claritycheck.com/reverse-phone-lookup?utm_source=google&utm_medium=cpc&utm_campaign=OC-EN-pMax_PhoneLookup_Comp&utm_campaign_id=23068299519&utm_adgroup=&utm_adgroup_id=&utm_term=&utm_match_type=&utm_content=&utm_content_id=&utm_funnel=&partner=WM&id=46a100facd6f44d672e68d52ffa00e7199d9a67cc92c6246b6196da15ae0a633&url=https://claritycheck.com/reverse-phone-lookup&gad_source=5&gad_campaignid=23068303350&gclid=EAIaIQobChMIl-eyqsWekwMV1rRjBh10yTOKEAEYASAAEgIyZfD_BwE,,,,,,,,,,
75,https://adclick.g.doubleclick.net/aclk?sa=l&ai=CJBmfOtC0aavkKsjvjeYPr8a22Q7ykO3vhQHl2brmphWwkB8QASDHnIMkYJXikIKgB6ABgOnpmAPIAQmpAmRS8Y59J7M-4AIAqAMByAPLBKoE2gJP0DxbAvw91lr2dWs_K646FgghdA8eXFVH9Owu61LRYtb-6Ei2KL4XiuvDO1Lu_LCMRouCMwwA7Y28eroM6w0CJbIlCtMXDEJpU__mKr32VknhmMcUsFuvyyuc1bVWTeu2WWaUNAotFeSmsfi1n8_A_FoWJMmyIT3lXErdaO8c-2-r4-Zcyvqkvh9ykED0lNwYDVmweErqpuuLhT-G151D__S_Mc-gCD6ZHbWAMcs7-6qGcciOOqo0CUABWUNc6cvrhCWp_2BoSygfy1gMnoSXZUhEw760g3fkvA3FLCaUCzhtlXMyQrUIGDLPcGW0H4kQNCJBYLjIrb4j1b7nvZWAl4TnlC_UfqzAKScaktyqejnqGMZSQZZlKMkKKtqNvpyFRM0a759yhjfGMvHy9qXI8DiQ1Kjfo8AQXrx9Scc-GI4c0IHqjpR9SsNNt5UHyNTn8u6tu3gN52ekwATik4jizgXgBAGIBeLqsehXoAYugAeOjNoYqAenzLECqAemvhuoB8zOsQKoB_PRG6gHltgbqAeqm7ECqAeOzhuoB5PYG6gH8OAbqAfulrECqAf-nrECqAevvrECqAea4bECqAfVyRuoB9m2sQKoB5oGqAeYxbECqAf_nrECqAffn7ECqAf4wrECqAf7wrEC2AcA0ggwCJHhgFAQARidATIIq4uAgKCAgAo6DACAgICAgJSoiAKoA0i9_cE6WJOYzvKznpMD8ggbYWR4LXN1YnN5bi01NTMzNjUwMDg4NjA2NjcwmgkoaHR0cHM6Ly93d3cuZmx1Z2xhZGVuLmRlL2ZsdWVnZS90aGFpbGFuZLEJGVMThPdx5kGACgPICwHgCwGADAGqDQJERcgNAeINEwiWtc7ys56TAxXId8MGHS-jLevqDRMI8MnO8rOekwMVyHfDBh0voy3riA7___________8B2BMNiBQB0BUByhYCCgD4FgGAFwGyFw4YASoKNzA1MTEzNzQ3NboXAjgBqhgXCQAAAABwDvJAEgo3MDUxMTM3NDc1GAGyGAkSAsdOGC4iAQDQGAHCGQIIAQ&gclid=EAIaIQobChMIq-nO8rOekwMVyHfDBh0voy3rEAEYASAAEgKhM_D_BwE&num=1&sig=AOD64_0EQNYDBXueho2od2sSr9vtNNR4Og&client=ca-pub-3533864070776314&rf=1&nb=9&adurl=https://ad.doubleclick.net/searchads/link/click%3Flid%3D58700009014339125%26ds_a_cid%3D52983338%26ds_a_caid%3D23572804962%26ds_a_agid%3D192942311906%26ds_a_fiid%3D%26ds_a_lid%3D%26ds_a_extid%3D%26%26ds_e_adid%3D797765456808%26ds_e_matchtype%3D%26ds_e_device%3Dc%26ds_e_network%3D%26%26ds_url_v%3D2%26ds_dest_url%3Dhttps://www.flugladen.de/fluege/thailand%3Futm_id%3D23572804962%26utm_campaign%3DFLDE_DE_MF_Demand-Gen_NRWHB%26gclsrc%3Daw.ds%26gad_source%3D5%26gad_campaignid%3D23572804962,https://www.flugladen.de/fluege/thailand?utm_id=23572804962&utm_campaign=FLDE_DE_MF_Demand-Gen_NRWHB&gad_source=5&gad_campaignid=23572804962&gclid=EAIaIQobChMIq-nO8rOekwMVyHfDBh0voy3rEAEYASAAEgKhM_D_BwE&gclsrc=aw.ds,4.0,2.0,2.0,10.0,2.0,2.0,1.0,1.0,3.0,1.0
76,https://www.googleadservices.com/pagead/aclk?sa=L&ai=C392nHq-2aa_JHsyWvcAPj8vy2ArvidLwhQHT_duxuxWhpvjz0B0QASDag6c9YImLxIT0E6ABvo-Buj_IAQmpAmgL6CRZ4zo-4AIAqAMByAPLBKoEsAJP0E5BbfTXAyV4KplLUT8wHWd8LLbcSVvg1oybyvSNJXpTMWZGfOiDQtoi27z-oHXbFr0e1418mZArWf_U-E2xHyi78D6nfZt2x-_pve6QP4YKr_dn_vES-d69HUnPbGVd1pLseXZWTdMAjoO8RGMp1Ed-Svj7DKoZQWTKA8HKISO6wv563r9L_upVQMI6_qO-AjPNPPvHawITpD6C5nI2r6K9inDp_bXXCFqJ4-Tsv96QDyywfpsYml3yVtBQl0npOkj6n_PykeyOZX_Luf7J_AXkLmORh_II9lIaBsRfEO70jr57TeSgeYKAbhV04KUAxBH-9woeqwlXdGLiLYyo2BG04AirYjwo2CAjYlT21wL-Tfp_YslyZT3AkK-wlPCGjnZHmrSXIbW7uGyen5H8wATf5LPH2wXgBAGIBeHy-LpXwAUF-gUGCCUQARgAoAYugAe-x9GZGqgHp8yxAqgH4tixAqgHpr4bqAfMzrECqAfz0RuoB5bYG6gHqpuxAqgHjs4bqAeT2BuoB_DgG6gH7paxAqgH_p6xAqgHr76xAqgH2baxAqgHmgaoB_-esQKoB9-fsQKoB_jCsQKoB-LYsQKoB-LYsQKoB-LYsQLYBwDACAHSCC8IgGEQARidATIIioKAgICAgAg6DYBAgMCAgICAqIACqANIvf3BOlikj-nM_KGTA4AKA5ALA5gLAcgLAYAMAaIMBUgBkAEBqg0CSlDIDQHiDRMIgMrpzPyhkwMVTEsPAh2PpRyr6g0TCLz968z8oZMDFUxLDwIdj6Ucq_ANAogO____________AbAOx8XR6xjgEprQ3-Sgp8eQdtgTDNAVAfAVrP_bhRX6FRlFVkVSSU5HLURBUktfR1JBWS1TSVpFMTIwmBYByhYCCgD4FgGAFwGyFw4YASoKOTQ3MjUzNTMxMboXAjgBqhgXCQAAAABgFOVAEgo5NDcyNTM1MzExGAGyGAkSArtPGC4iAQDQGAHCGQIIAQ&ae=1&gclid=EAIaIQobChMIr9DszPyhkwMVTEsPAh2PpRyrEAEYASABEgKdn_D_BwE&num=1&cid=CAQS0gEABaugfblQGu_73eVnzodqrU_pr2SQxPtWC8h2pj2ztNTzZD2yD68_jK_Jr8y7M3xiq9PwPP8JOfQPxQYSnRFwm0n6zIGvRpsaHptmLxFavrS5Bw9TqJ-DQMRcf-9deN_SQ_FgNJKHKOGvuxqqIwWfLDmRVhBUu5bca5-UmGcX5Sh-BDWz7ibXjn1G3f8H25q8QV9MZ_Vym6dBiHKMIJMTfGnCq1_0pDFky72Ug4Zq6ixkJnIBpl6sNyE145aHeJNE5-VzNCHNTknkgkMLQXg2Yv4YAQ&sig=AOD64_26GtYRic_MgPDT0aYWNyhDKrmRPw&ctype=5&client=ca-pub-9857577187914945&nb=9&adurl=https://evering.jp/products/neon-buzz-colors%3Fvariant%3D42010464157786%26utm_source%3Dgoogle%26utm_medium%3Ddisplay%26utm_campaign%3DIH_ALL_pmax_LP2%26argument%3DUVJ49hhz%26dmai%3Da697063487bdbd%26gad_source%3D5%26gad_campaignid%3D23477500257%26gclid%3DEAIaIQobChMIr9DszPyhkwMVTEsPAh2PpRyrEAEYASABEgKdn_D_BwE,https://evering.jp/products/neon-buzz-colors?variant=42010464157786&utm_source=google&utm_medium=display&utm_campaign=IH_ALL_pmax_LP2&argument=UVJ49hhz&dmai=a697063487bdbd&gad_source=5&gad_campaignid=23477500257&gclid=EAIaIQobChMIr9DszPyhkwMVTEsPAh2PpRyrEAEYASABEgKdn_D_BwE,,,,,,,,,,
77,https://www.googleadservices.com/pagead/aclk?sa=L&ai=CH6EnjY23aeXsI7Dk29gPnYjCuQT94dLphQHXupOj2hKmoMDieBABIIz3liZgx42BjoQmoAHszM3KPcgBCakCrxZR3Z3Rbz7gAgCoAwHIAwqqBLUCT9BKCQLXUIEfFYLL6tTYBtmqbg6MiaJ2-EnijwMjdkGs0wYKNXT3NKUFheqdsu8VtCMakh-U-taC111evpZVacX000jNJQAnAAGjRw5BziLo1y-9IiBEImHj4MkobNT02J8Ii4K3hx2kqGZNrq1xhtp7UEKHA27cvTdE-d4oC6qzl790Awgx7hCjHSUKjkWnWnUqFrTj9lKcezClOuJMQdKUO9wRy6MLT6olqVUsN7mf8cwsjQQ6ZHKCFgtaovbsk2qBvjBltcPWEvlMWVvyykR-M-6dkfbWyP_k_SQJHWevYEFbqPvNVB-Dw7eta3jY-QXc6tvOJW0hH90gaL5-C1zjJtMyMJLI_O5y0w_bAZa1Hioq9DO2I8qINrrV3bCB6gIiPUsbbkxcx1Y0RJOchSSr4oyLwASRm-783ATgBAGIBeeXjMBPoAYugAfshJ6qGKgHp8yxAqgH4tixAqgHpr4bqAfMzrECqAfz0RuoB5bYG6gHqpuxAqgHjs4bqAeT2BuoB_DgG6gH7paxAqgH_p6xAqgHr76xAqgHmuGxAqgH1ckbqAfZtrECqAeaBqgH_56xAqgH35-xAqgH-MKxAqgH-8KxAtgHANIILwiAYRABGJ0BMgiKgoCAgICACDoNgECAwICAgICogAKoA0i9_cE6WNaBtd3Qo5MDsQn2ONIrd3ZoNoAKA5gLAcgLAYAMAaIMA5ABAaoNAlpByA0B4g0TCKKwtd3Qo5MDFTDyFgUdHYQwR-oNEwi-w7bd0KOTAxUw8hYFHR2EMEfwDQKIDv___________wG4E-QD2BMDiBQG0BUBmBYByhYCCgD4FgGAFwGyFw4YASoKMTkwODc1NzM3OboXAjgBqhgXCQAAAAAwQPxAEgoxOTA4NzU3Mzc5GAGyGAkSAu9OGC4iAQDQGAHCGQIIAQ&ae=1&gclid=EAIaIQobChMIpee23dCjkwMVMPIWBR0dhDBHEAEYASAAEgIYffD_BwE&num=1&cid=CAQS0QEABaugfWSEFLGHGATfKPg1dLfWKZuaHEK7UcUrpIZG7MQpIvD2cdFTriNc83gA_tyGxsH9Nt28d4cGgTIwS34ZyIKU4SJAJ2C5D1MqYXO9i3k6Hgy5d4lQfZtWSBGuqPrXRg__5DGvtet3nBhtOXGw8isM1PtobDwLovGRmsuEU_hDckITVTWyIsEz50Dia8SfaDJsyD-2qBaGe72GezUgOlZChaCoU9sMopiEdf2kQw3Mp3xqfsgywslLC0Bgxw6NLAEF1pUqITxqtOZ_UFPqIxgB&sig=AOD64_1caetEjcOZp_NMPZk-Se-ihe7pww&client=ca-pub-6554330019384808&rf=4&nb=9&adurl=https://1nvest.co.za/products-1nvest-exchange-traded-funds/%3Fcid%3DWDG_rYb4v%26gad_source%3D5%26gad_campaignid%3D21340818407%26gclid%3DEAIaIQobChMIpee23dCjkwMVMPIWBR0dhDBHEAEYASAAEgIYffD_BwE,https://1nvest.co.za/products-1nvest-exchange-traded-funds/?cid=WDG_rYb4v&gad_source=5&gad_campaignid=21340818407&gclid=EAIaIQobChMIpee23dCjkwMVMPIWBR0dhDBHEAEYASAAEgIYffD_BwE,6.0,20.0,4.0,4.0,4.0,2.0,3.0,1.0,1.0,1.0
78,https://www.googleadservices.com/pagead/aclk?sa=L&ai=CchsU-4O3aYroHv_ns8IP8J_v4QXF7tXlhQGN3pvDsBWa_92w9EcQASCHj4skYMeNgY6EJqAB8rzQ4SnIAQLgAgCoAwHIAwiqBMUCT9B57yb6Gy9zTYsOJY23_YE-m7WgmnFrlpkn2jHpypVjbg9yaNxr49q06Nlz1Z34ii3SvSpmWh7n2mif34u9nOr6u0L40SV6ziiACUWmkRDvJ3tgHhlMptqIxWvfp_i3oV3Kj_ft9cxmfdQd9-qqPyLTwJbAA4peFVqPydyIUIhp0cQN5KnRde9JlIS1b8poYBpqPQ9fGs1tpKjfRNLgy2teD7WI23TosUsW0fDuHlbIpKIJ95j0vwERhbnr4KJJhlyezaKIh5dQp5dmvmRT8ZDMWUhGn6qBlm477fcThjqEmJ6OcdR1cq2mCsls20a0qQR--eaELklRUnWh0rA0qwhpAk7VDXMzbJtPDPHiG7kbl7Jd57mjZ_5LPVj4T6rgvUkI-PCTGzWQnrn6U_LovZ95dwn1UY1dtF9fRa9jwPD6SYXZV8AEto658d8F4AQBiAXg7ez0V6AGAoAH8vSgwQSoB6fMsQKoB-LYsQKoB6a-G6gHzM6xAqgH89EbqAeW2BuoB6qbsQKoB47OG6gHk9gbqAfw4BuoB-6WsQKoB_6esQKoB6--sQKoB9XJG6gH2baxAqgHmgaoB_-esQKoB9-fsQKoB_jCsQKoB_vCsQLYBwHSCC8IgGEQARidATIIioKAgICAgAg6DYBAgMCAgICAqIACqANIvf3BOljk0_bMx6OTA7EJyxP7hl1WgdaACgOYCwHICwGiDAOQAQGqDQJaQcgNAeINEwjRi_fMx6OTAxX_80wCHfDPO1zqDRMI3of4zMejkwMV__NMAh3wzztc8A0CiA7___________8B2BMN0BUBmBYByhYCCgD4FgGAFwGyFw4YASoKMjE1NzM3MDgyMroXAjgBqhgXCQAAAACABN9AEgoyMTU3MzcwODIyGAGyGAkSAqJeGAIiAQDQGAHCGQIIAQ&ae=1&gclid=EAIaIQobChMIytGRzcejkwMV__NMAh3wzztcEAEYASAAEgINmPD_BwE&num=1&cid=CAQS0QEA56J1eX_vjakkaVo5brZLRwWnUUAUb7dyVUiFfEW5E3hU_YsZHRJG_40PI0BmGhtXQoEB6NIkNXiquGuDUlwXWF1JYjBmTqHkH0szqZdrsXp8Mm1u_ztu2E50jSxo8W4SLW8kvP0UbjjIG5fW3dpoej_CmhrihGBa98ICWWuIz8_IPtyu7JAd5I3tn_FAWH4tZXVADiJijzepbsULO4lgMA69km_RCIc0H8ZOX7aiBMFtnR8XgthxDcJeGPIdVhtCKOnu8BtvY4vH2e2hMCiXNhgB&sig=AOD64_1gS7bp0-GmfJYj_24lD1-nR7yVsQ&client=ca-pub-3428031914463355&rf=5&nx=CLICK_X&ny=CLICK_Y&uap=UACH(platform)&uapv=UACH(platformVersion)&uaa=UACH(architecture)&uam=UACH(model)&uafv=UACH(uaFullVersion)&uab=UACH(bitness)&uaw=UACH(wow64)&uafvl=UACH(fullVersionList)&nb=2&adurl=https://sonestastmaarten.com/resort/%3Futm_source%3Dgoogle%26utm_medium%3Dcpc%26utm_campaign%3Dspring2026%26gad_source%3D5%26gad_campaignid%3D23598937824%26gclid%3DEAIaIQobChMIytGRzcejkwMV__NMAh3wzztcEAEYASAAEgINmPD_BwE,https://sonestastmaarten.com/resort/?utm_source=google&utm_medium=cpc&utm_campaign=spring2026&gad_source=5&gad_campaignid=23598937824&gclid=EAIaIQobChMIytGRzcejkwMV__NMAh3wzztcEAEYASAAEgINmPD_BwE,0.0,0.0,0.0,0.0,0.0,0.0,0.0,0.0,0.0,0.0
79,https://www.googleadservices.com/pagead/aclk?sa=L&ai=CzHQo0sy2ac7cFq-H88EP1IiJiQLhwLHlhQHn4N7mrhXy2Lq90wEQASC35YQhYKWglYCYAaABmf3r9wPIAQmpAs-QrcR2bKc-qAMByAPLBKoEgwJP0CTQtKohm1FJ8lKERq3nxemy8oMEGx8On-1psjkpwJYZ02MfJVjBOfqlD8lNAMgOE5ShMN1CYHKi9miwV9FgkLI3GMhOyUlj2tEPQXtkKlmuFWSJi396GWB_w-CsiO6UmINz4ko-wbJU8ABmxaQeQITmxc2RtNE63eml30OHgNuCepwVl1yDZphrwx6UfF8OSPDpMT4OSm31V1YPgYFr6g3Sq8Kop6nClFlNhxcryKVsCrYvoS_etmnhgipQ0gH527TWayFsST8GmX7wzmq5TfubtkItFKfFUp9Iwa5Lh1_87-NtPue7ImG43y7kgXnnpIiSy94EdCJ8wPpYyQca4bSFwATBpv3CzQSIBf25iahOoAYugAfPgpQIqAenzLECqAfi2LECqAemvhuoB8zOsQKoB_PRG6gHltgbqAeqm7ECqAeOzhuoB5PYG6gH8OAbqAfulrECqAf-nrECqAevvrECqAfVyRuoB9m2sQKoB5oGqAf_nrECqAffn7ECqAf4wrECqAf7wrEC2AcA0gguCIBhEAEYADIIioKAgICAgAg6DYBAgMCAgICAiIACqANIvf3BOlj567mNmaKTA_IIDWJpZGRlci02NDE4MTGxCc_DoDqqfqNpgAoEmAsByAsBgAwBogwDkAEBqg0CQVXIDQHwDQKIDv___________wGwDqK87pYYuBPkA9gTDNAVAZgWAcoWAgoA-BYBgBcBshcOGAEqCjQxMTQxOTExNDO6FwI4AbIYBRguIgEA0BgBwhkCCAE&ae=1&gclid=EAIaIQobChMIzo3U9piikwMVr8M8Ah1URCIhEAEYASAAEgJFSPD_BwE&num=1&pr=13:abbM0gAAAAA1QJgCJLlqvpyTtetCoGuIt57JNQ&cid=CAQShAIA56J1eShXPVujIcgqJ1vuDgzgnvQ1tE8FAwrmq4B0yMgLtN7yWZ7MOlu7RrhM1jffOozkIENsW5a7mqKtnZL1xY78CtUtZCc15xMnErvuR9GxigMZq3Jc9V6Hglc9K6wa4RrwlK2ncTpkAJm_WU0pybGyooSpKLYvoG4u_CuD4R6EtzlvC8JGX3OLGBylpGHnNkvwBWuY7YWM-Wlxp3klBBrSuyHvwBJaXLlnmTTHb27ibEuV2VZSHiJsXcp0pUma9Ng7gXTrLn-R55UfPKe-gQEJkcPHwCqRb4Bol93BUvb77aim6SS-oyfJNAS-HTgXa5LOTE-_DhDbHO52KX7j_y10TBgB&sig=AOD64_1pMula63TMVe7-0ENnhQ7eCB_M9w&client=ca-pub-5722610347565274&rf=1&nb=9&adurl=https://www.reece.com.au/tools-and-services/book-a-consultation%3Fecid%3Dppc%257Cgoogle%257C%257C%257Cbac_pmax%257C%257Cadwords%257C%257Cleads%257Cau%257C%257C%257C%257C%257C%257C%257C%26utm_medium%3Dppc%26utm_source%3Dgoogle%26utm_campaign%3Dbac_pmax%26utm_content%3D%26ecid%3Dppc%257Cgoogle%257C%257C%257Creece%257C%257Cadwords%257C%257Cperformance%257Cau%257C%257C%257C%257C%257C%257C%257C%26utm_medium%3Dppc%26utm_source%3Dgoogle%26gad_source%3D5%26gad_campaignid%3D21022006525%26gclid%3DEAIaIQobChMIzo3U9piikwMVr8M8Ah1URCIhEAEYASAAEgJFSPD_BwE,https://www.reece.com.au/tools-and-services/book-a-consultation?ecid=ppc%7Cgoogle%7C%7C%7Cbac_pmax%7C%7Cadwords%7C%7Cleads%7Cau%7C%7C%7C%7C%7C%7C%7C&utm_medium=ppc&utm_source=google&utm_campaign=bac_pmax&utm_content=&ecid=ppc%7Cgoogle%7C%7C%7Creece%7C%7Cadwords%7C%7Cperformance%7Cau%7C%7C%7C%7C%7C%7C%7C&utm_medium=ppc&utm_source=google&gad_source=5&gad_campaignid=21022006525&gclid=EAIaIQobChMIzo3U9piikwMVr8M8Ah1URCIhEAEYASAAEgJFSPD_BwE,,,,,,,,,,
80,https://www.googleadservices.com/pagead/aclk?sa=L&ai=CQcai-662aeW7NJOIid4Pwbzu6Aq65dzUhQGgnO6qiRWhpvjz0B0QASDmtM-ZAWCJi8SE9BOgAerE_-gpyAEJqQJoC-gkWeM6PuACAKgDAcgDCqoEywJP0AxduE3exze9s-JQ7yCJ0fwfC9azgVjskRvvMIBWaXOvUw9FJROQM0jKzGI0kF2lPlbbq4u88satA702nNThkEIdjzT0_F6dcbXtWRJARTzUQjDTf3CWobgPKn0STr3vAi96N_f6HXf98gWGWxoDxoji9eZXPGF2UGQ_eHfLS50pgMy3mrpQuIWeZVxa2kdcgHhSeWX5KeRalhXbJaeaQoa4E_A0svZcrD8t8lkcAvQgTOWEnmARmN79ZZJ5PeUsu3HxyKA5LV0hRjTZ8Q4MIf7gFLTSFxNAZ709WuyWYtuCRgJzsvxZZXaCc5MKtR6oWeV4m8SmwFm61YTF8BLqguPp4b6evgV-h26oTyXeoxD8FTFcKt1wVx3DcrhXMab8bW8pqZjbZu7dtzBJSVumyxWbBUgnOO3LelRWgIzsUSk_3-KO1sEYJURawATVtZaltAXgBAGIBZPqh-5VoAYugAfq_M_IBKgHp8yxAqgH4tixAqgHpr4bqAfMzrECqAfz0RuoB5bYG6gHqpuxAqgHjs4bqAeT2BuoB_DgG6gH7paxAqgH_p6xAqgHr76xAqgH1ckbqAfZtrECqAeaBqgH_56xAqgH35-xAqgH-MKxAqgH-8KxAtgHANIILwiAYRABGJ0BMgiKgoCAgICACDoNgECAwICAgICogAKoA0i9_cE6WIyop7z8oZMDsQmVBeBbPSsynIAKA5gLAcgLAYAMAaIMA5ABAaoNAkpQyA0B4g0TCN3Wp7z8oZMDFRNEwgUdQZ4breoNEwjxz6m8_KGTAxUTRMIFHUGeG63wDQKIDv___________wGwDtLZj9EYuBPkA9gTDNAVAZgWAcoWAgoA-BYBgBcBshcOGAEqCjUxMDM4Nzk0ODO6FwI4AaoYFwkAAAAAyGkBQRIKNTEwMzg3OTQ4MxgBshgJEgLrThguIgEA0BgBwhkCCAE&ae=1&gclid=EAIaIQobChMIpaWqvPyhkwMVE0TCBR1BnhutEAEYASAAEgI35_D_BwE&num=1&cid=CAQS0gEABaugfXC_72A1wanbGHiJ7SZmq_wPtUONzs21BzUq6nTklcijW3JR9zUrY8Il4NEjZqzeTiaNORObJnDJyi4KGb98Za51994wir4kxgmkA5Gwtvn1lz3qSaWpvvJ1eKdlcvN8NbWRDY8ByC8GaLWLNuuQDw4FYAjVc5glQWF7S9Vps-te-s4pMgaeo2irDQdbQsA3UfOoYHvtFZTRqLoPZPbKqZj9N4kMpeY_wchw67z9Y136YMVKWnBMGddWCG2D2ZLEAucJTYJtfib-M0qsL-YYAQ&sig=AOD64_0eBojFfN6javQSHSuon1PaXw9MHg&client=ca-pub-3677668629134422&rf=4&nb=19&adurl=https://www.ganmenekinavi.com/immunotherapy/%3Fgad_source%3D5%26gad_campaignid%3D23047828755%26gclid%3DEAIaIQobChMIpaWqvPyhkwMVE0TCBR1BnhutEAEYASAAEgI35_D_BwE,https://www.ganmenekinavi.com/immunotherapy/?gad_source=5&gad_campaignid=23047828755&gclid=EAIaIQobChMIpaWqvPyhkwMVE0TCBR1BnhutEAEYASAAEgI35_D_BwE,,,,,,,,,,
81,https://www.googleadservices.com/pagead/aclk?sa=L&ai=CxBf_gSS2aZOfLoynid4PvbXqwAHq7JafggGS6_bcogytyv3fBRABIMClqyNgiYvEhPQToAGgk4uwA8gBCakCaAvoJFnjOj7gAgCoAwHIAwqqBL8DT9CrfLxsL4EE6F6a30V0qCJNrqftA5Er3djCIKRu3j6OYQuLxezxqfFlep-LLw7AX1rWUbwQ0zJoa74-6rR2BWeSbF9dqInVmFKDFakvHlFgNizjgRxf6bB69UKSdhSejYuFl42cN2eiKmQaTtG1PQOoKQA77d-3iA3vWfKNatS_fn0l5kb8dpF2MLZDlK56RD4v7XX2uPAReVuqhcdoXszV-94zgYpJmN2fE-MO4IB9HgElYUA3WuqyoYK-5COxHE7XVMGnsEHa2amGppNUCDIqxk5t68mvh3SyS2Ttouuvf5PS4kdmM7s9wNudcDaNkUfhQVicRXdD2KD243XxSIDj8HNnlz7ItgF2InTyN0Vr_liQVhx3PogBElGNnJUVfkdk6uLlCVeoQsYVKuUTMfWzP5CIBdY1hI5MmUBRbP2ClydZMkU_uNwnhZjmf5OnyLtMHjcPLJoOAHTMHNcaMcE1Me6GG1JrcDRtXQOubBCis4sO2L7GUMU1IxShIoUbmv6eoZAf076A_YjkVm82xLXHBtSqrR7mWBSetakpvGtL8vPtbSx8feXcJHssUPXVCVarRqnjPDqFPw_k_mo9wATW9YvRugPgBAGIBdaX_YUsoAYugAfI7PRPqAenzLECqAfi2LECqAemvhuoB8zOsQKoB_PRG6gHltgbqAeqm7ECqAeOzhuoB5PYG6gH8OAbqAfulrECqAf-nrECqAevvrECqAfVyRuoB9m2sQKoB5oGqAf_nrECqAffn7ECqAf4wrECqAf7wrEC2AcA0ggvCIBhEAEYnQEyCIqCgICAgIAIOg2AQIDAgICAgKiAAqgDSL39wTpYr8WwtPigkwOxCbzMa0pxP4xGgAoDmAsByAsBgAwBogwDkAEBqg0CSlDIDQHiDRMIsJWxtPigkwMVjFPCBR29mhoY6g0TCLLFsrT4oJMDFYxTwgUdvZoaGPANAogO____________AbgT5APYEwOIFA_QFQGYFgHKFgIKAPgWAYAXAbIXDhgBKgoxNTk4NzYxNDE4uhcCOAGqGBcJAAAAAJDa-EASCjE1OTg3NjE0MTgYAbIYCRICsV8YLiIBANAYAegYAcIZAggB&ae=1&gclid=EAIaIQobChMI0-OztPigkwMVjFPCBR29mhoYEAEYASAAEgKnS_D_BwE&num=1&cid=CAQS0QEABaugfQP1l-Jz-Rfx_UhVbEwReU50al0OT0D_8a1_4NZA2MVrk2MW8GsXwp-CouRwJfln_qFFJVWT68mvSkarxnartQ4AEUO0EkcFENV4u8HGHSJnP6Up_IryOJSpFIYjmDH702aXsYFp7utu_gfX1x62F7ChnpGwoOLIWtNrwJpfo1r3v3WRsPHSupsAZ8qjs1qk9FLvg3Up1yTDAY9YC6FLtK8uSNuZiK0TKZu4mxB3as09XI72GGm10KPVHcmRfdVFEAylBjusx63J_uJkchgB&sig=AOD64_3Fql5z9EtN3fgkLM1Jm9sjB-4ycw&client=ca-pub-5227748429508049&rf=4&nb=9&adurl=https://www.sateraito.jp/%3Futm_source%3DGoogle%26utm_medium%3Ddisplay%26utm_campaign%3DGDN%26utm_term%3DTOP%26utm_content%3D02%26gad_source%3D5%26gad_campaignid%3D11823696854%26gclid%3DEAIaIQobChMI0-OztPigkwMVjFPCBR29mhoYEAEYASAAEgKnS_D_BwE,https://www.sateraito.jp/?utm_source=Google&utm_medium=display&utm_campaign=GDN&utm_term=TOP&utm_content=02&gad_source=5&gad_campaignid=11823696854&gclid=EAIaIQobChMI0-OztPigkwMVjFPCBR29mhoYEAEYASAAEgKnS_D_BwE,,,,,,,,,,
82,https://www.googleadservices.com/pagead/aclk?sa=L&ai=CU3Bd0Om0adr-JfPsjeYPzrSQ4Qvc8-3ohQGS8O3S7xSxjPqg5wgQASCL1bEgYKWglYCYAaAB7LPywAHIAQLgAgCoAwHIAwiqBLsCT9B2pdaAuNPumh0vOMFOwp77Eotmwgx4aJm1Rb_a3EermAsUBcG_ryc6IZV5TkcdHrJmCvTr77JIbSU_wnO5BW8Mto4XxITPtIN9xHn95Zxoo31OwyRY00KYArukdHuJ2N9UUINUFRFOCw6b894b_WiHtUkps-rnl56WTUQ7n0jJ9EDR5n3nkusTAjAPsWKKO4zH4xiiHir-rbR6TLvU7h2_ObuqrXVPTsYlkP_i0CrEw1qeguk2HJkq5IhXqALJLxXKyhJbo9Gbg7SLr-VQc3uSnn1LeArFG0UmiX3IEalsExkktV-V-lUJDaKYZhFvA_mGt6OaliBQHTcsGvwK03EhtVc6wTecVMTK8f20dBlI5fMsFnRlI6iKqDw_IwQkrQlD8wa69G99x83-ohz89zmfVLE4iIAwPA8_wATvoZy4wQXgBAGIBdit5_9WoAYCgAf8y42_AqgHp8yxAqgH4tixAqgHpr4bqAfMzrECqAfz0RuoB5bYG6gHqpuxAqgHjs4bqAeT2BuoB_DgG6gH7paxAqgH_p6xAqgHr76xAqgH1ckbqAfZtrECqAeaBqgH_56xAqgH35-xAqgH-MKxAqgH-8KxAtgHAdIILwiAYRABGJ0BMgiKgoCAgICACDoNgECAwICAgICogAKoA0i9_cE6WMf45qXMnpMDsQn9zftNcgKktoAKA5gLAcgLAaIMA5ABAaoNAkFVyA0B4g0TCIuv56XMnpMDFXN2wwYdThokvOoNEwjOlOilzJ6TAxVzdsMGHU4aJLzwDQKIDv___________wHYEwvQFQGYFgHKFgIKAPgWAYAXAbIXDhgBKgo4OTkwNDExOTA0uhcCOAGqGBcJAAAAAEiwAkESCjg5OTA0MTE5MDQYAbIYCRICi08YAiIBANAYAegYAcIZAggB&ae=1&gclid=EAIaIQobChMI2qbupcyekwMVc3bDBh1OGiS8EAEYASAAEgIU4vD_BwE&num=1&cid=CAQS0gEA56J1ebnCVLR2Q5PLMFsDmIFiN3ux1D1UaNGqIMwUL4sjKJzQJdEmWm1yxGBya5cKhu7SzMyVDNIF3nh-89EZt14nBDQOyGt4ArwEe7y09Y6gQm9cMpSGPrDq1w__u8_8waMhzqeW3gLS55SsF2W1oDsXH-w5ohl38gt4OLJqX7vn5KN9rS0abHRn_MFjnVfOhSvW4F9fVambrAeK9jF0yPwiZtOnwNpVpFprE3VPbR3EMc5Wq1CS8NzYVCmfAxj9nSLR4Oh9NyOYKDjjUzO7HyYYAQ&sig=AOD64_3MlTYSoqhC2FhcosMggYmYxnXyww&client=ca-pub-2378110306265632&rf=5&nx=CLICK_X&ny=CLICK_Y&uap=UACH(platform)&uapv=UACH(platformVersion)&uaa=UACH(architecture)&uam=UACH(model)&uafv=UACH(uaFullVersion)&uab=UACH(bitness)&uaw=UACH(wow64)&uafvl=UACH(fullVersionList)&nb=2&adurl=https://madmuscles.com/funnel/default-no-alco/step-one%3Futm_source%3Dgoogle_display%26utm_medium%3D189364900079%26utm_campaign%3D23353480920%26utm_content%3D799220720794%26utm_term%3D%26camp_name%3D%26asn%3D%26utm_target%3Dv(calisthenics)_tm1(alco)_tm2(alco)%26utm_adname%3DGALnoalczvir_v2_cAF_dVE_pic_MM_tm1(alco)_tm2(alco)_len_p(google)_aY_gM_336x280%26gad_source%3D5%26gad_campaignid%3D23353480920%26gclid%3DEAIaIQobChMI2qbupcyekwMVc3bDBh1OGiS8EAEYASAAEgIU4vD_BwE,https://madmuscles.com/funnel/default-no-alco/step-one?utm_source=google_display&utm_medium=189364900079&utm_campaign=23353480920&utm_content=799220720794&utm_term=&camp_name=&asn=&utm_target=v(calisthenics)_tm1(alco)_tm2(alco)&utm_adname=GALnoalczvir_v2_cAF_dVE_pic_MM_tm1(alco)_tm2(alco)_len_p(google)_aY_gM_336x280&gad_source=5&gad_campaignid=23353480920&gclid=EAIaIQobChMI2qbupcyekwMVc3bDBh1OGiS8EAEYASAAEgIU4vD_BwE,5.0,3.0,3.0,3.0,5.0,3.0,2.0,2.0,2.0,3.0
83,https://www.googleadservices.com/pagead/aclk?sa=L&ai=CZBbivYi3aauhF9eXgeAPnMyZWPKz4M6FAZnvkNC1FZOm9P0IEAEgxZ60HWDHjYGOhCagAZX_5_k-yAEC4AIAqAMByAMIqgSYA0_QlitYe0h4qDOpkfQ5pHhcbIQxCwgn711S8hiruTtDOqhji5NQCbX2J0YWjzdtpLMUEFXArj6TvfFzOc-XQp3ZFPB0QJrdDiK4-s7LLaHt4Ad-egoac3xadINPhnTbjQ4_Ht6A7CJWKImZuPLsqvG64tKvNNTXY2AeswqUG4aLuwEE2euqAPgxLZ-PUxo8Y8Ylo3CN5R6A2VSQ35Qki__9oxlQwZdN_EKTQWBLM0Uc0ru1juXxxdeDDQFIQSCxx8zi574XnyISbWqDzp8vLLTLiLIbnHCDSd11O9rxb3ui8IdQo3qD-B6FCh7eEJWVulLSC2dafCHl45McaRfSASEaZC0wvHFf74-fIad5txjb1cnQYwfgD8hLpRezMLpSpN1jUPSrSNKXMdDFa8RUulQD4PVTunGGrdCH8TtbgBbP-dXq-tfn-nLTjDoFN83E-G-0LI_7vnJOyk0A8U7GJs2AcEIz7gBwWb-k65kNuJi-W1OIvwrzCyzBu3RV_aNcKnCTO9hMC1JoG5PVwMMX-8aqCWDcMvSV6MAE7--_jtgF4AQBiAWtv_y9VaAGAoAHlbe42RmoB6fMsQKoB6a-G6gHzM6xAqgH89EbqAeW2BuoB6qbsQKoB47OG6gHk9gbqAfw4BuoB-6WsQKoB_6esQKoB6--sQKoB9XJG6gH2baxAqgHmgaoB_-esQKoB9-fsQKoB_jCsQKoB_vCsQLYBwHSCC8IgGEQARidATIIioKAgICAgAg6DYBAgMCAgICAqIACqANIvf3BOljP8eyRzKOTA7EJvOylWc9URPyACgOYCwHICwGqDQJaQcgNAeINEwis6e2RzKOTAxXXSwAGHRxmBgvqDRMIh9HukcyjkwMV10sABh0cZgYL8A0CiA7___________8B2BMM0BUByhYCCgD4FgGAFwGyFw4YASoKMjQ0OTY0MDA0MboXAjgBqhgXCQAAAABkjxVBEgoyNDQ5NjQwMDQxGAGyGAkSAp1pGAIiAQDQGAHCGQIIAQ&ae=1&gclid=EAIaIQobChMI6_PukcyjkwMV10sABh0cZgYLEAEYASAAEgJnE_D_BwE&num=1&cid=CAQS0QEA56J1eWkt0rJ0OvhAAgmSiQhgiqaero0hApjt8uaXO5SjOHR4f6QG-A2cKqcsUhODq9cuml5cQ0hjX9YaUC7PaYP4Atrz9dz6gAH5AfCCxseaH9ke7WeTKBcw3zbDMnoDS4wqliJewE5MkkfTmvQJ0rPiQAToZKMwbDvUZQVrE5HFZTS1KLOYsQH7oDOXkSjG6K9lrD4eGJ4AMC5zhSlLbf0cKYTa0TevksQDBGZ1DtCUlqy_PbWB43Rhy2Jpt6KxWR-opmmbYzSIHjXbf4zcoBgB&sig=AOD64_3aQIiWZH8mpManAkTCW7F2apIXtg&client=ca-pub-4069693291391267&rf=5&nx=CLICK_X&ny=CLICK_Y&uap=UACH(platform)&uapv=UACH(platformVersion)&uaa=UACH(architecture)&uam=UACH(model)&uafv=UACH(uaFullVersion)&uab=UACH(bitness)&uaw=UACH(wow64)&uafvl=UACH(fullVersionList)&nb=2&adurl=https://astro-360.com/en/lp/astro-questions-ms%3Ftoken%3D6%40%40613%26country%3DAU%26channel%3DDISP-ASTRO%26campaign%3DDSK-Astro360-(a)%26affid%3DAstro-questions%26param1%3Dwww.manoramaonline.com%26param2%3Dc%26gad_source%3D5%26gad_campaignid%3D22946979757%26gclid%3DEAIaIQobChMI6_PukcyjkwMV10sABh0cZgYLEAEYASAAEgJnE_D_BwE,https://astro-360.com/en/lp/astro-questions-ms?token=6@@613&country=AU&channel=DISP-ASTRO&campaign=DSK-Astro360-(a)&affid=Astro-questions&param1=www.manoramaonline.com&param2=c&gad_source=5&gad_campaignid=22946979757&gclid=EAIaIQobChMI6_PukcyjkwMV10sABh0cZgYLEAEYASAAEgJnE_D_BwE,4.0,2.0,2.0,2.0,4.0,2.0,1.0,1.0,1.0,2.0
84,https://adclick.g.doubleclick.net/aclk?sa=l&ai=CgCKM4o23aefpEZz1jeYPy72L-Au1xubahAHay4bqsBXAjbcBEAEg5rTPmQFgx42BjoQmoAGGqpLfQcgBCeACAKgDAcgDCqoE3AJP0Pkv6wqzSJwYqlzw3LYPNXBZHG1HlWZZ5dptdxrrRos7yqRMBjAmSHUhAzQyh-QFvA9yNJ7s7eYNfIpapkiuThkSmz5aGmeHS9yX-XIbHoS49Pfwmfz9siLnUtRtaDFqS2UU58IQJG07Om_XMDNK3ycNvoo9cbO-yzy15W6IwqyClJ95QkfcYQnyjdlNa_ZMrrizergqEm2tiXMn8NoHLDHNUayXUnOs_fcW38LLhmNXL6X5LYNckOH1fv_cOzZCEqnotcVIpIjHdVSGQZEUyD1y39HzDDqkL3Qc_na9Zwwxm2xBFUCCkh1dr6s52JXfgd4fJIL8CUciMxjBxJk7XlpBS5rWhqp6SSwDAFooP20KzOgddqOqB3Eoh2Hb6wsrpBXskOjKnsXnWQBwEJ9du0CZR_PqFmI9ANeCnhXA9Gr43dTmYURjwbfLT1cxv4-wdFxvKh1RrmfDXvTABPy068LPBeAEAYgF_OepsFegBi6AB4bi4r4cqAenzLECqAfi2LECqAemvhuoB8zOsQKoB_PRG6gHltgbqAeqm7ECqAeOzhuoB5PYG6gH8OAbqAfulrECqAf-nrECqAevvrECqAfVyRuoB9m2sQKoB5oGqAf_nrECqAffn7ECqAf4wrECqAf7wrEC2AcA0ggyCIHhgGAQARidATIIy4qAgICAgAo6DoCABIDAgICAgKiAAqgDSL39wTpYwfLnhdGjkwOxCWmuZksHTzG1gAoDmAsByAsBgAwBogwDkAEBqg0CWkHIDQHiDRMI7JPohdGjkwMVnHrDBh3L3gK_6g0TCMao6IXRo5MDFZx6wwYdy94Cv_ANAogO____________AbgT5APYEw6IFAHQFQGYFgHKFgIKAPgWAYAXAbIXDhgBKgo1MTAzODc5NDgzuhcCOAGqGBcJAAAAAFg0IUESCjUxMDM4Nzk0ODMYAbIYCRICmGkYLiIBANAYAcIZAggB&ae=1&gclid=EAIaIQobChMI5-LohdGjkwMVnHrDBh3L3gK_EAEYASAAEgKax_D_BwE&num=1&sig=AOD64_3z4o3fUsNVivz_PKH51ohA07_DKw&client=ca-pub-3677668629134422&rf=4&nb=9&adurl=https://jlcmc.com/%3Ffrom%3DEGCLDB%26gad_source%3D5%26gad_campaignid%3D23455233020%26gclid%3DEAIaIQobChMI5-LohdGjkwMVnHrDBh3L3gK_EAEYASAAEgKax_D_BwE,https://jlcmc.com/?from=EGCLDB&gad_source=5&gad_campaignid=23455233020&gclid=EAIaIQobChMI5-LohdGjkwMVnHrDBh3L3gK_EAEYASAAEgKax_D_BwE,2.0,,,2.0,,1.0,,,1.0,
85,https://www.googleadservices.com/pagead/aclk?sa=L&ai=CjsKCOD63abfkNu-LjeYPwNiR8AiDpLnzhQGF6sr6rhXtqImRgBAQASDTsd9NYMme-YaAgKAZoAHQ-Y_CKcgBCeACAKgDAcgDCqoEpQJP0Kf97sSZg0FurAcy3-lCKM5Gg7YEp7DyJpMvFCHbpYgm6CTD6O5ph6bo1W6I_ALnIpGOd36-bv4sfuOpQl3zJdvDUPAGiIHv4bQd5sf1k5_L2IyBDYbzegfHTJ5eYmFkHq76-ycdDYIA_Suwt5yE9UAl_ED9D1tbfZrgFssMt8ABElBplFptnyAJ01FfzwSla2nfqoAD0kWuJqu6mpEtEo1KH-wNClQL99nLCyzsyXevt1E5h2LOvFVdwcru_doykrb969D4p_0_DVceiaIOyhopARzSCbR6l7d0UgMe4aR9CcUGc7NIdrXQm36eEMH53wGxNe_3lLecnU_84Py-XGwTuu9fENAuOfTgJT53KVgfIyMjmE9xO0OutQtAyzg9Rc3sHcAEg-WrhOkF4AQBiAWI8pmRWKAGLoAH0LHgoQSoB6fMsQKoB-LYsQKoB6a-G6gHzM6xAqgH89EbqAeW2BuoB6qbsQKoB47OG6gHk9gbqAfw4BuoB-6WsQKoB_6esQKoB6--sQKoB5rhsQKoB9XJG6gH2baxAqgHmgaoB_-esQKoB9-fsQKoB_jCsQKoB_vCsQLYBwDSCDAIgGEQARidATIIioKAgICAgAg6DoBAgMCAgICAqIACqIMQSL39wTpYhuy3iYWjkwOxCd1UulCalhSugAoDmAsByAsBgAwBogwDkAEBqg0CVVPIDQHiDRMI_4m4iYWjkwMV70XDBh1AbASO6g0TCPnYuImFo5MDFe9FwwYdQGwEjvANAogO____________AbgT5APYEwPQFQGYFgHKFgIKAPgWAYAXAbIXDhgBKgo0NTQ3NDA3MjIwuhcCOAGqGBcJAAAAAOznI0ESCjQ1NDc0MDcyMjAYAbIYCRICqE4YLiIBANAYAcIZAggB&ae=1&gclid=EAIaIQobChMIt-C-iYWjkwMV70XDBh1AbASOEAEYASAAEgLoQPD_BwE&num=1&cid=CAQS5AEA56J1eUdVX6v65msEUBgvh_lUpfI1Bs5yzVVDr3Gvy7aAKkOMJxTHQdaNfWl9DCJ4ryv9doZeSjIN6ryDlSYE8dgAxqmDZKQdsbZ_ccletMFgLMHRQsXCkCsKnaJocw8YxC8_8nXnv5834rL1m0uKY0VD90CJ5vVhBv1N0xa41cQLYAIYDoww1kfAgaVemJXgFSEekFxAXSeamizumL5k2OzUR7Y6b_AY9jbJyIgIK4EFSD9JYLePjWrUjjDmlF_2jNMJo2aIbFdoG2FbspO4uII1vktOLzsIptfrSQBE5J427ogYAQ&sig=AOD64_0DHnNyCEhUDcMehgJ1PetpXm-1iw&client=ca-pub-7732679874752919&rf=4&nb=9&adurl=https://www.findlaytoyotaprescott.com/%3Fgad_source%3D5%26gad_campaignid%3D23658395912%26gclid%3DEAIaIQobChMIt-C-iYWjkwMV70XDBh1AbASOEAEYASAAEgLoQPD_BwE,https://www.findlaytoyotaprescott.com/?gad_source=5&gad_campaignid=23658395912&gclid=EAIaIQobChMIt-C-iYWjkwMV70XDBh1AbASOEAEYASAAEgLoQPD_BwE,,,,,,,,,,
86,https://www.googleadservices.com/pagead/aclk?sa=L&ai=CL6q1VcW4aeXHE-KNjeYP367XqQP9qMX0hQHJ04Hr0hXo5_fyxgIQASDApasjYMeVgI6EJqABuszUqirIAQLgAgCoAwHIAwiqBMsCT9CmskQ6LJZ1vC5hbAf_qLVo0wbcM8fpajSp9Uda-bQEkXGvuLtLunvZfoBAvyf452JRYgsYvjwcyFHSZQa5rxJpf2EM7INbAmGyZ_ugVAilsTHD_SrWpYOnhCrph7JD9iPyDveLKgk1cq-5nivlv0lDI7n5PMB7Hr08f-5DuvBNK-IPhhm1qPIsWMud3JJ4V34GZBt_Xlxpbjb6kJuE-vJjqvYt9pon5Q_1BPcayobipX7C0wGH8_9GzcULdBjjuRFlkzV7A9sAnVxw9E_feDzdmnODUW21PWgPyCkL6pU2ss2NuoSB1C-FSHM1utrNyzO-IlwZD1fa1l_bHG8EK016bKGVLm-rHpQazNBx0VoQELdRbTNwu8Et-e9JeYnvDJvp18a3aw0gZkqz1aSYnIhFqsBkAM299pIerNHQo5_mt0m6uxbldcJLD8AE2YzRrMsF4AQBiAXCpriSWKAGAoAHuoSligWoB6fMsQKoB-LYsQKoB6a-G6gHzM6xAqgH89EbqAeW2BuoB6qbsQKoB47OG6gHk9gbqAfw4BuoB-6WsQKoB_6esQKoB6--sQKoB9XJG6gH2baxAqgHmgaoB_-esQKoB9-fsQKoB_jCsQKoB_vCsQLYBwHSCC8IgGEQARidATIIioKAgICAgAg6DYBAgMCAgICAqIACqANIvf3BOlj1msOI-qWTA7EJHGRmLn4PipSACgOYCwHICwGiDAOQAQGqDQJaQcgNAeINEwj_wMOI-qWTAxXiRsMGHV_XNTXqDRMItaTEiPqlkwMV4kbDBh1f1zU18A0CiA7___________8B2BMN0BUBmBYByhYCCgD4FgGAFwGyFw4YASoKMTU5ODc2MTQxOLoXAjgBqhgXCQAAAABIrQVBEgoxNTk4NzYxNDE4GAGyGAkSAotPGAIiAQDQGAHoGAHCGQIIAQ&ae=1&gclid=EAIaIQobChMIpcbEiPqlkwMV4kbDBh1f1zU1EAEYASAAEgKAxvD_BwE&num=1&cid=CAQS0QEABaugfcr1A7lxZ9vL377zPKBbOM2XfrQphK27_ERT7FsCcfq9XIEbIoiOydW19FL71HA2pfEsCyGiSdgwtP4TN_AMGBxJojgRbOfssEoda96rKjKTzA0tUTrakm9r2TbYaLP1gzx2wlb35ogW-gaYZjw74y8va-g67YpiY1fTAPh5q0sw7Jn6KZKR6xHvaUs8HczEHlP5u27EgCTYnzIgULg3ngvyOSaRDHJnDMrr3riBOxQyRK9wTmLzNrPlsgbZ3osxRyqpsDW_iffW5Zq73RgB&sig=AOD64_3KPWQysOOu--qxrvHDCBVaQxJaGw&client=ca-pub-5227748429508049&rf=5&nx=CLICK_X&ny=CLICK_Y&uap=UACH(platform)&uapv=UACH(platformVersion)&uaa=UACH(architecture)&uam=UACH(model)&uafv=UACH(uaFullVersion)&uab=UACH(bitness)&uaw=UACH(wow64)&uafvl=UACH(fullVersionList)&nb=2&adurl=https://walk-fit.io/%3Fbranch-name%3Dindoor%26link-id%3Dgo63chi%26timer_reset%3Dtrue%26utm_source%3Dgoogle%26utm_medium%3Dcpc%26campaign_id%3D23660991298%26adgroup_id%3D192024954457%26ad_id%3D800327458920%26utm_term%3D%26placement%3Dindianexpress.com%26timer_reset%3Dtrue%26gad_source%3D5%26gad_campaignid%3D23660991298%26gclid%3DEAIaIQobChMIpcbEiPqlkwMV4kbDBh1f1zU1EAEYASAAEgKAxvD_BwE,https://walk-fit.io/?branch-name=indoor&link-id=go63chi&utm_source=google&utm_medium=cpc&campaign_id=23660991298&adgroup_id=192024954457&ad_id=800327458920&utm_term=&placement=indianexpress.com&gad_source=5&gad_campaignid=23660991298&gclid=EAIaIQobChMIpcbEiPqlkwMV4kbDBh1f1zU1EAEYASAAEgKAxvD_BwE,,,,,,,,,,
87,https://www.googleadservices.com/pagead/aclk?sa=L&ai=Cawtp10C0acLpH5GgjeYPrrmBwQqU4I_NfObIsqOiC7CQHxABIMClqyNgiYvEhPQToAGR7db8A8gBCakCcve7KMPzOj7gAgCoAwHIAwqqBNQCT9Au6Aw1Yns3bSR5UHhwefHQecq0J5Gr7uGPwam3rlFvskfPqFmxmDejZ_mi3ejpQydVlp5C4_Z826wj5G3SXk1XMHjq-KycqYyz_SGCL7cSsZaoIZTiG4bhrYVofswEqGEma5Zrq5kQsn8ToKM711KUHJTcb5NKvQ9aHFajOj32SMpq_hfiv6B5pAbUbUyBbeAFiJpY7XtBwJkhaw37c9OUZzrZ800F80Wf2uMK1O1XnaO-M56ipM291PYsYPk8oTnqnSYQx8mcftQMW7pJNloAamKRcDgBoarCaG_EDeIfqdYQORP-zI5WYex2gYYXCiCVnkA3sQFIAP3LIHaQEmDGtDEJq1f2hICE0irSxFcPUn6nAVN0E5VMyexFU3EQM5zLXcxLa1Uhn4x6RX_s0rMTFkXgpxl5Ruwf6De5gh4zVDNkHrccN_RIMY34HsgUyk3fLsAEjeL4oecC4AQBiAWN4uSqI6AGLoAH15KpA6gHp8yxAqgHpr4bqAfMzrECqAfz0RuoB5bYG6gHqpuxAqgHjs4bqAeT2BuoB_DgG6gH7paxAqgH_p6xAqgHr76xAqgH1ckbqAfZtrECqAeaBqgH_56xAqgH35-xAqgH-MKxAqgH-8KxAtgHANIILwiAYRABGJ0BMgiKgoCAgICACDoNgECAwICAgICogAKoA0i9_cE6WO30oJOrnZMDsQkGxC5ybkEoqYAKA5gLAcgLAYAMAaoNAkpQyA0B4g0TCPyUoZOrnZMDFRFQwwYdrlwgqOoNEwishaKTq52TAxURUMMGHa5cIKjwDQKIDv___________wG4E-QD2BMNiBQD0BUByhYCCgD4FgGAFwGyFw4YASoKMTU5ODc2MTQxOLoXAjgBqhgXCQAAAADgIfxAEgoxNTk4NzYxNDE4GAGyGAkSApdPGC4iAQDQGAHCGQIIAQ&ae=1&gclid=EAIaIQobChMIgrGik6udkwMVEVDDBh2uXCCoEAEYASAAEgKdLfD_BwE&num=1&cid=CAQS0QEA56J1eZGMXEJwYdpNSB6nSLC-wnkjsj-t8wGOtHiWBrERKsj3baE87brDWXi4jEP57tPZE2ot5GfPzhklrBpJbrG97teGtyuX0lVYzXqyE87lzhIq-Y4iNZZ5GK48P_1RWtQH7oa-9xm5fY_iVaLfO_WTZa-CrghkdIJPd6jwqRkL9k5Fq6QxwIHcfZUssFP2jrLx9A0fD6keqlHRj1kDKZjh8e0_eyWlgTU-d7r07LvzWZ6gHQRtpe0kOZbwVuzGcZ1tg9o9z8gIx5Q6cBuZlxgB&sig=AOD64_1GihcARJeCU9YPIH6HsRZyCK1OiA&client=ca-pub-5227748429508049&rf=4&nb=9&adurl=https://www.hongou.jp/%3Fglnw%3Dd%26glad%3D423963245902%26glpm%3Dindianexpress.com%26glkw%3D%26glti%3D%26gllc%3D9198883%26glmt%3D%26glfi%3D%26gldv%3Dc%26gldm%3D%26gad_source%3D5%26gad_campaignid%3D9484972301%26gclid%3DEAIaIQobChMIgrGik6udkwMVEVDDBh2uXCCoEAEYASAAEgKdLfD_BwE,https://www.hongou.jp/?glnw=d&glad=423963245902&glpm=indianexpress.com&glkw&glti&gllc=9198883&glmt&glfi&gldv=c&gldm&gad_source=5&gad_campaignid=9484972301&gclid=EAIaIQobChMIgrGik6udkwMVEVDDBh2uXCCoEAEYASAAEgKdLfD_BwE,,,,,,,,,,
88,https://www.googleadservices.com/pagead/aclk?sa=L&ai=Cc3daYki3ab67KvPYtOUP3bDe8AOcloW6hQGOuKuIhg2-45qKBBABIMS-3CNgyZ75hoCAoBmgAa73mdIDyAECqQLeTl7hkXWoPqgDAcgDyQSqBMkCT9BbFgb44-DXlzLiwubefQLxPAJpu3bUGPHOpyUcrrX6jF9bRi0GOGDH6VQTqpDNIajZ5u51nTp282V6Th3CnPK8vlmuGhqL5wlmP_4VVXkeBb9lP1TpyQvSNUX7fg1_UT--C6_P_vhDXJ7dznay88MCWyp25D7oB8H5Bu-tFSK47NNPZMbqVh1W-SyinqJw2bvFGrMA3tZM_ccZCIjErsXeE7xTrOrS4OYA7YUcelgD3N4sRcZ84dGyMzNtW9IZGjrCORtXMngxxA-C_66YZwV7CbV-En_wL_703QzBxN6yYkwlC9csqV-9ZYF2Thi3YbqMbeuBmhCQHZJvZweXiur6_zszcXrBxx7qI0m85X9n7_IGMP2Rvvz0c4oOI9J3B_Qse4AmuaEu76kBfc2wlViE4uNSNQxJ2ArQWuTG0_b-trRmLhx_oV_ABIKryu1LiAXq0tKbAaAGAoAHuojmLagHp8yxAqgHpr4bqAfMzrECqAfz0RuoB5bYG6gHqpuxAqgHjs4bqAeT2BuoB_DgG6gH7paxAqgH_p6xAqgHr76xAqgH1ckbqAfZtrECqAeaBqgH_56xAqgH35-xAqgH-MKxAqgH-8KxAtgHAdIILwiAYRABGAAyCIqCgICAgIAIOg6AQIDAgICAgIiAAqiDEEi9_cE6WPCmh-OOo5MD8ggQYmlkZGVyLTU1ODkxMjI3M7EJaLaWSCNJvVOACgSYCwHICwGqDQJVU8gNAfANAogO____________AdAVAcoWAgoA-BYBgBcBshcOGAEqCjgyMjM3NzA4MTK6FwI4AbIYBRgCIgEB0BgBwhkCCAE&ae=1&gclid=EAIaIQobChMIvvSP4o6jkwMVcyytBh1dmBc-EAEYASAAEgLxZ_D_BwE&num=1&pr=9:AAABnPPywfiur1tvfNnKvD_CKTrpPjG7-4HP5A&cid=CAQSsgIA56J1eU1WB8g20knFLtuSPmVvfFWLEfWMWL0emj3hI_HGZapl3lcRzaoAZDYOrnfCzKgqZ4RJejiWMLwSefhwT9ZyoYDTbcDsBG9fJbCgEhbqnUenl5up8aaM5Rt3u6qAx7waILU9AoVtba1E1x-NBk2_7LJO1g1uWwqfI2kHJJjAWuLXlySdCKEjDQAkoaMyeGVzZbg0Lk3oh-Nj9-I6mND4-D7bd6_ukOczeCQ8Fq6V6wBUnqBICXki6TFiern43z5dfIMJhPJiT0qlnhTwwpHMAQC_BOEWtF3W7jN_yE-0cQL_5_3Fj6zC75BQ7ncFFfhraMOveriVbya5UbXacxUKAN2hD06e8TAuq7woXxJ-mLiZKgm2ml7UKpCBEMk-D59fqFZ3bmcj7WEhaGvj2zsYAQ&sig=AOD64_1uKNE0Onc3gX4o3T1oovAoq-ywew&client=ca-pub-3028258428956246&rf=2&nb=2&adurl=https://foreverspin.com/%3Fc%3Dfs5re%26gad_source%3D5%26gad_campaignid%3D326412650%26gclid%3DEAIaIQobChMIvvSP4o6jkwMVcyytBh1dmBc-EAEYASAAEgLxZ_D_BwE,https://foreverspin.com/?c=fs5re&gad_source=5&gad_campaignid=326412650&gclid=EAIaIQobChMIvvSP4o6jkwMVcyytBh1dmBc-EAEYASAAEgLxZ_D_BwE,,,,,,,,,,
89,https://pagead2.googlesyndication.com/aclk?sa=l&ai=Closh4o23aefpEZz1jeYPy72L-Au1xubahAHay4bqsBXAjbcBEAEg5rTPmQFgx42BjoQmoAGGqpLfQcgBCeACAKgDAcgDCqoE3AJP0Pkv6wqzSJwYqlzw3LYPNXBZHG1HlWZZ5dptdxrrRos7yqRMBjAmSHUhAzQyh-QFvA9yNJ7s7eYNfIpapkiuThkSmz5aGmeHS9yX-XIbHoS49Pfwmfz9siLnUtRtaDFqS2UU58IQJG07Om_XMDNK3ycNvoo9cbO-yzy15W6IwqyClJ95QkfcYQnyjdlNa_ZMrrizergqEm2tiXMn8NoHLDHNUayXUnOs_fcW38LLhmNXL6X5LYNckOH1fv_cOzZCEqnotcVIpIjHdVSGQZEUyD1y39HzDDqkL3Qc_na9Zwwxm2xBFUCCkh1dr6s52JXfgd4fJIL8CUciMxjBxJk7XlpBS5rWhqp6SSwDAFooP20KzOgddqOqB3Eoh2Hb6wsrpBXskOjKnsXnWQBwEJ9du0CZR_PqFmI9ANeCnhXA9Gr43dTmYURjwbfLT1cxv4-wdFxvKh1RrmfDXvTABPy068LPBeAEAYgF_OepsFegBi6AB4bi4r4cqAenzLECqAfi2LECqAemvhuoB8zOsQKoB_PRG6gHltgbqAeqm7ECqAeOzhuoB5PYG6gH8OAbqAfulrECqAf-nrECqAevvrECqAfVyRuoB9m2sQKoB5oGqAf_nrECqAffn7ECqAf4wrECqAfn17EC2AcAwAgB0ggyCIHhgGAQARidATIIy4qAgICAgAo6DoCABIDAgICAgKiAAqgDSL39wTpYwfLnhdGjkwOACgOYCwHICwHaCwsIHxD_15m63wgYAIAMAaIMA5ABAaoNAlpByA0B4g0TCOyT6IXRo5MDFZx6wwYdy94Cv-oNEwjGqOiF0aOTAxWcesMGHcveAr_wDQKIDv___________wG4E-QD2BMOiBQB0BUBmBYByhYCCgD4FgGAFwGyFw4YASoKNTEwMzg3OTQ4M7oXAjgBqhgXCQAAAABYNCFBEgo1MTAzODc5NDgzGAGyGAkSAphpGC4iAQDQGAHCGQIIAQ&ae=1&gclid=EAIaIQobChMI5-LohdGjkwMVnHrDBh3L3gK_EAEYASABEgITMPD_BwE&num=1&sig=AOD64_17DjEkKFJxSpF4hdQgEmshA4MgMQ&nb=6&adurl=https://jlcmc.com/blog%3Ffrom%3DGSBLOG%26gad_source%3D5%26gad_campaignid%3D23455233020%26gclid%3DEAIaIQobChMI5-LohdGjkwMVnHrDBh3L3gK_EAEYASABEgITMPD_BwE,https://jlcmc.com/blog?from=GSBLOG&gad_source=5&gad_campaignid=23455233020&gclid=EAIaIQobChMI5-LohdGjkwMVnHrDBh3L3gK_EAEYASABEgITMPD_BwE,,,,,,,,,,
90,https://googleads.g.doubleclick.net/aclk?sa=l&ai=CewEWYUu2acb9K831jeYP84SFiQKen7TdhAGw2_jgkhXalbLumQ4QASCL8IofYKWglYCYAaABz8q54CjIAQLgAgCoAwHIAwiqBN8CT9C2sTQdIBuY1ZqxJaZ5Z8VwTMVqnWNY8R9OB5t3Dtgh--F83Tyh-1OPLL5d6TxRjkQ6341DnGuhQn3aczT84CuaFURYT06eexBuyxztR6QpUyFw4H63lSQf3Bst9iqBTBkh8uG8SqB4_8fY6nVYQJ7wGHdBZO_Apb4kRXb5s28jbHq9HXRnPwQ3xMNwwFhfAcZDNdXTnq8tBdD7UNIwatKaZvEAc2bluzJgzbMwU5jGy-XvwiKjYsfXUAGhA0xfCFWsZlTenocyhDlTDxx7aZVA1ghLWZNEDBgCa2WSHk3vi-dJQEoFMM813_dUjwyGEqV4SvMcL9UR5AvRfkbOOisZu9HFL5PIcR61K1XONzYOi6EVCt6Dfr0qH6_Po7xeY9OnxGtaOi0L9XeYvOEe71Cj1eLO8efIg5I1yvhGhhl0gyae6gbiggjRKrLSvK_typZ3HaOth1CqMYQM6M1LwATJvLeA0AXgBAGIBZrRuM1BoAYCgAfPgorAA6gHp8yxAqgHpr4bqAfMzrECqAfz0RuoB5bYG6gHqpuxAqgHjs4bqAeT2BuoB_DgG6gH7paxAqgH_p6xAqgHr76xAqgH1ckbqAfZtrECqAeaBqgH_56xAqgH35-xAqgH-MKxAqgH-8KxAtgHAdIIMQiQ4YBAEAEYnQEyCIuDgICAgIAKOg2AQIDAgICAgKiAAqgDSL39wTpYlKPdvZ2hkwOxCV3H6ZtAAn3pgAoDmAsByAsBqg0CQVXIDQHiDRMIrYvevZ2hkwMVzXrDBh1zQiEh6g0TCL_C3r2doZMDFc16wwYdc0IhIfANAogO____________AdgTDdAVAcoWAgoA-BYBgBcBshcOGAEqCjIwNDUyMTQyMji6FwI4AaoYFwkAAAAAWNMDQRIKMjA0NTIxNDIyOBgBshgJEgKxXxgCIgEA0BgBwhkCCAE&ae=1&gclid=EAIaIQobChMIhrLvvZ2hkwMVzXrDBh1zQiEhEAEYASAAEgJSKfD_BwE&num=1&cid=CAQS0QEA56J1eZbFpJQTuBfcKw_xp9cvd8lwJpDgpXqkEH9cpx9AnJVBXIZM_tySSDNnVmsMNlFEnM85Tg3AMi2zpdG4MSI8ffbY4poJeq-wV7puwhk56-cn3sOYCSqDicOiP9bc2zG0k4fHdfZtv8PhowgQBPVCulTeFZcWgIxwUN6fBDK1SGSnsFDKRKeua-hl4JaHbJj6kkKlwG-t-6bhNXnUoMkON8jYmobO0siDn2LI4ctfdo_IAXzgzx3RZ0Y3TNdqZlSHwkBVXiN-GY3u6WzQuBgB&sig=AOD64_3LMul1u7jvuSCsyXLFCTPZ5Lw5mg&client=ca-pub-3746578658400510&rf=5&nx=CLICK_X&ny=CLICK_Y&uap=UACH(platform)&uapv=UACH(platformVersion)&uaa=UACH(architecture)&uam=UACH(model)&uafv=UACH(uaFullVersion)&uab=UACH(bitness)&uaw=UACH(wow64)&uafvl=UACH(fullVersionList)&nb=2&adurl=https://wpdatatables.com/pricing/%3Fgad_source%3D5%26gad_campaignid%3D17610713242%26gclid%3DEAIaIQobChMIhrLvvZ2hkwMVzXrDBh1zQiEhEAEYASAAEgJSKfD_BwE,https://wpdatatables.com/pricing/?gad_source=5&gad_campaignid=17610713242&gclid=EAIaIQobChMIhrLvvZ2hkwMVzXrDBh1zQiEhEAEYASAAEgJSKfD_BwE,,,,,,,,,,
91,https://adclick.g.doubleclick.net/aclk?sa=l&ai=Cpku9-sa0ae7sHfaTjeYP5JzXoQbg-JzvhQGQjPbhkxShpvjz0B0QASCg5YIkYJXikIKgB6AB_YXJ0j3IAQmpAmRS8Y59J7M-4AIAqAMByAPLBKoEuQJP0Oaf7fDHwc6AD4clQR0bkhj8b8cMQHtObpr9tZyIKIt13bc8XePZ-3IIk2hPh5XgExIl7GVKjqI_pEflvwdVaEsfyEBXnuaqh0Zhycdwdnl8Bu7XkGYxcNh9BQ2vOBOfxmHoO4K8bf60bNa_bdfPbpVt4RiL_oGY90jTOa5qkCPMPp9KeQrlCdwrpjPSPrz91Ted7OiHZHWhm4Pchln49tsjF_5YVTn5oHjCaOp2_lGPghg464-klZWmZKnyDczpnwtjE26PQfl_MMeD8bly3aGyA2ZGsWrPpGSR0_Ao79ckppBHKP_hiWy74RtpyZCIswSDJA5OMoHPu9ZZ2rQFpExnv2KuFckJdjAoi9wGs2OxD1PtZAmV63rOA46ZgwHvtWPZU_HE3BIfVtEFh_Os3QlPaujbPbsgwATC14GVswXgBAGIBeqP1upSwAUF-gUGCCUQARgAoAYugAf9vZmyGKgHp8yxAqgH4tixAqgHpr4bqAfMzrECqAfz0RuoB5bYG6gHqpuxAqgHjs4bqAeT2BuoB_DgG6gH7paxAqgH_p6xAqgHr76xAqgH2baxAqgHmgaoB_-esQKoB9-fsQKoB_jCsQKoB-LYsQKoB-LYsQKoB-LYsQLYBwDACAHSCDAIkeGAUBABGJ0BMgiri4CAoICACjoMAICAgICAlKiIAqgDSL39wTpY6-eqiauekwOACgOQCwOYCwHICwGADAGiDAVIAZABAaoNAkRFyA0B4g0TCKiMq4mrnpMDFfZJwwYdZM41ZOoNEwiYp6uJq56TAxX2ScMGHWTONWTwDQKIDv___________wGwDraP9sgY4BKZm6GmsP-Ws13YEwzQFQHwFfnalIwU-hUOc2ltMjQuZGUtMU0tUzKYFgHKFgIKAPgWAYAXAbIXDhgBKgo5NTk3NDI1NDk0uhcCOAGqGBcJAAAAAGDZ40ASCjk1OTc0MjU0OTQYAbIYCRIC62gYLiIBANAYAegYAcIZAggB&ae=1&gclid=EAIaIQobChMI7tGuiauekwMV9knDBh1kzjVkEAEYASABEgICdvD_BwE&num=1&sig=AOD64_0NRFk4qZJ6B7hMGNF-mgnU40kWUg&ctype=5&client=ca-pub-2970406823702922&nb=9&adurl=https://www.sim24.de/%3Ftarif%3D2%26laufzeit%3D2%26refid%3D30294%26channelid%3D32814%26gad_source%3D5%26gad_campaignid%3D22235416554%26gclid%3DEAIaIQobChMI7tGuiauekwMV9knDBh1kzjVkEAEYASABEgICdvD_BwE,https://www.sim24.de/?tarif=2&laufzeit=2&refid=30294&channelid=32814&gad_source=5&gad_campaignid=22235416554&gclid=EAIaIQobChMI7tGuiauekwMV9knDBh1kzjVkEAEYASABEgICdvD_BwE,0.0,0.0,0.0,0.0,0.0,0.0,0.0,0.0,0.0,0.0
92,https://www.googleadservices.com/pagead/aclk?sa=L&ai=CjsS_CIi3abaPMMagjeYPp8qv-Arj-fqnhQHLuu2HwRXRjLikBBABIKP-wh9gx42BjoQmoAHJqNSuP8gBAqkCrxZR3Z3Rbz7gAgCoAwHIAwiqBMgCT9C68gHGksoChEwGJxCLZUfsREkvxVy2RF3FU25w9xohBlwiJ03vn0GylaxTLiH4hH9_FctZEgoaGRZaSIIJGfNn_tnTiXsE_N4hb7S7oYGrBQxTstdOWqqAIOgxVQWx7CJ0hWjJfyVPTK_6M_BgZzZJFEc-mHOw6Gbx0vP1BIeSbZxbMevwQhtQkb2__qYhC5OS8xr83ix7FOrmpDARCVlIp3sbXDL-1xAp-Y-EM0-lbv8UYKkYCghLnRS1cr64jGTkIuocBLXuBGtKkPgpasw2pIWLRIfG6IaHrVDgsSCXsx-KT5bQnCP-Cex-85myaMEnaqwV3TJR6xS7HzKe0TphpbxqIWXTVjHaKess8x5z2KnxFmv2d_J9dE_2nxj_Q6c4BDOA4rlCqMKTxtnCQ9fEdDZDhMLCP5ykkJa4TmE5vKc1hi7pj8AE88HE-uQF4AQBiAWDkYTfV6AGAoAHyeCkjhqoB6fMsQKoB6a-G6gHzM6xAqgH89EbqAeW2BuoB6qbsQKoB47OG6gHk9gbqAfw4BuoB-6WsQKoB_6esQKoB6--sQKoB9XJG6gH2baxAqgHmgaoB_-esQKoB9-fsQKoB_jCsQKoB_vCsQLYBwHSCC8IgGEQARidATIIioKAgICAgAg6DYBAgMCAgICAqIACqANIvf3BOliakKy7y6OTA7EJ15EBJ84HPIyACgOYCwHICwGqDQJaQcgNAeINEwjpr6y7y6OTAxVGUMMGHSflC6_qDRMI_5itu8ujkwMVRlDDBh0n5Quv8A0CiA7___________8B2BMN0BUByhYCCgD4FgGAFwGyFw4YASoKNjgwOTgwNTU4OLoXAjgBqhgXCQAAAACgm-9AEgo2ODA5ODA1NTg4GAGyGAkSAsBRGAIiAQDQGAHCGQIIAQ&ae=1&gclid=EAIaIQobChMItrPgu8ujkwMVRlDDBh0n5QuvEAEYASAAEgK46vD_BwE&num=1&cid=CAQS0gEA56J1eUTm0DDVm1KJvSQJ2nM-7tqo6Wpb0GPbpsfPPBhNZiKSg6Bwa6gos9wLzg60-yreIczhNnKRsnt-8xsqctOqMCGPKy8_z6Peyn1tn6XJgW_K0dukUA8DCyK3YtbXoBpepGznYmqGwFDep90Fnk_NGcT_jdUIwr4wf_3Hog6v8YM6ucENWVk21KcUnHGxSCcCZ08mOrZB9nptbHeS8UVJyOHY4QPBoezSw7h540k2_bqPq0n1UaG8YpQmv_lE3fq26jVNKxcVGJorTVoQTysYAQ&sig=AOD64_0vzPUUQxu1mR4oUTnyMfnlDj2hvg&client=ca-pub-3805416966001714&rf=5&nx=CLICK_X&ny=CLICK_Y&uap=UACH(platform)&uapv=UACH(platformVersion)&uaa=UACH(architecture)&uam=UACH(model)&uafv=UACH(uaFullVersion)&uab=UACH(bitness)&uaw=UACH(wow64)&uafvl=UACH(fullVersionList)&nb=2&adurl=https://cakecart.co.za/enjoy-sweet-rewards-with-cake-canteen/%3Futm_source%3Dgoogle_ads%26utm_medium%3Ddisplay%26utm_campaign%3Dcake_canteen%26gad_source%3D5%26gad_campaignid%3D23553181827%26gclid%3DEAIaIQobChMItrPgu8ujkwMVRlDDBh0n5QuvEAEYASAAEgK46vD_BwE,https://cakecart.co.za/enjoy-sweet-rewards-with-cake-canteen/?utm_source=google_ads&utm_medium=display&utm_campaign=cake_canteen&gad_source=5&gad_campaignid=23553181827&gclid=EAIaIQobChMItrPgu8ujkwMVRlDDBh0n5QuvEAEYASAAEgK46vD_BwE,2.0,2.0,2.0,2.0,2.0,1.0,1.0,1.0,1.0,1.0
93,https://www.googleadservices.com/pagead/aclk?sa=L&ai=CDA2cOpm2adrrA-vqpskPl-_vSPT73qWFAaeYzriIFdvZHhABIKO7rZgBYMeNgY6EJqABjb6xuAPIAQmpAn55j1_ZtG8-4AIAqAMByAMKqgSdA0_QgmHu8IbGnb0TE0F0mDuHI_pFVL1JAx_C5cUZkdNXTMZxWCnWap0GUf36BsYrN7a8w4xK3y5emcAU6E8coUQO1uChMrMggITlLyUt72j33E_ydfjqlZ_twR0Np1s7sXZQy0kxho6LFt5JelKJQAjRK4evjc5Hi7BzbqZHv4k8ZDkJIrwVmfR-Rb6YUqxXLBKxzra7tqIh6KW2_lDXJQ-Rr3vZcOKbJBdQMo0eZ4DVz_VMZnSKkkSCHuZlE8WH-ZZasftmE-jDdAfYYgiNZoTLtGtW0Hi7_buWy9EfVufFpIBaqvYACB36Ml4A6AYBNofbOe9A39CTRDwjR66PraAeU88GqpOg5-iLDXbOXxiIlNfZKC3pmBjEvE4kBx16Gfaa6Q-UkPwF_FjZJb-U4CSMzxXE8JKbAif00vE6EgZlVdWbTgaNdDflU0oFUp_O0hNBF8JSjcHED0KPYuWs93v96YI9ReZLO585xqHGGsEPshMqFwFxzu7S80WZ5r-6RZ_mUkGN2ETZuashNSL1MHr9LgVw6I2VLXrQwtVnwAS3-p6zyQXgBAGIBcnJwtVWoAYugAfbwc5HqAenzLECqAemvhuoB8zOsQKoB_PRG6gHltgbqAeqm7ECqAeOzhuoB5PYG6gH8OAbqAfulrECqAf-nrECqAevvrECqAea4bECqAfVyRuoB9m2sQKoB5oGqAf_nrECqAffn7ECqAf4wrECqAf7wrEC2AcA0ggvCIBhEAEYnQEyCIqCgICAgIAIOg2AQIDAgICAgKiAAqgDSL39wTpYz8223OehkwOxCfamsBOscBC3gAoDmAsByAsBgAwBqg0CWkHIDQHiDRMIl4G33OehkwMVa7UpAx2X9xsJ6g0TCP-7uNznoZMDFWu1KQMdl_cbCfANAogO____________AdgTDYgUAdAVAcoWAgoA-BYBgBcBshcOGAEqCjI3NjA5MDM0Nze6FwI4AaoYFwkAAAAAYD_jQBIKMjc2MDkwMzQ3NxgBshgJEgK3UBguIgEA0BgBwhkCCAE&ae=1&gclid=EAIaIQobChMI2vC43OehkwMVa7UpAx2X9xsJEAEYASAAEgIUV_D_BwE&num=1&cid=CAQS0gEABaugfVXSBBWPMUesAD_Y1o_v7Equtl51bPJibSdJtMLb5vY9xJXH2hCl6IuPGgk9vIRfZsW-RjCKaM1DKLjxR_k0J9-vPcPPImL1cnQsa-mDePxO4m4LxxcnKSJXwPGivHeXBHY3aaiQ56bvSbeqgxcigaVw9bLRRFhAY_ATm_rLwUJhuB0v1jZ-ovV4RuWpJvueITlO22LL0QNn8WjkXre0r12ON_VX8oJzX_5dyI7jeFQTVTSzxtObaztOTl7eICjeIsWcUQXgJrBn5p0_93QYAQ&sig=AOD64_0z_zNorebjCk7XT-5e82BfDo6jYA&client=ca-pub-9014350818378033&rf=4&nb=9&adurl=https://solarafrica.com/wheeling/commercial-and-industrial/%3Futm_term%3D%26utm_campaign%3DWheeling%2BDisplay%2BRetargeting%2BNov%2B2025_Updated%2BApproach%2BWebsite%2Btraffic-Display-25%26utm_source%3Dadwords%26utm_medium%3Dppc%26hsa_acc%3D1391987605%26hsa_cam%3D23264797897%26hsa_grp%3D191501942071%26hsa_ad%3D783900156624%26hsa_src%3Dd%26hsa_tgt%3D%26hsa_kw%3D%26hsa_mt%3D%26hsa_net%3Dadwords%26hsa_ver%3D3%26gad_source%3D5%26gad_campaignid%3D23264797897%26gclid%3DEAIaIQobChMI2vC43OehkwMVa7UpAx2X9xsJEAEYASAAEgIUV_D_BwE,https://solarafrica.com/energy-solutions/wheeling/commercial-and-industrial/?utm_term&utm_campaign=Wheeling%20Display%20Retargeting%20Nov%202025_Updated%20Approach%20Website%20traffic-Display-25&utm_source=adwords&utm_medium=ppc&hsa_acc=1391987605&hsa_cam=23264797897&hsa_grp=191501942071&hsa_ad=783900156624&hsa_src=d&hsa_tgt&hsa_kw&hsa_mt&hsa_net=adwords&hsa_ver=3&gad_source=5&gad_campaignid=23264797897&gclid=EAIaIQobChMI2vC43OehkwMVa7UpAx2X9xsJEAEYASAAEgIUV_D_BwE,0.0,0.0,0.0,0.0,0.0,0.0,0.0,0.0,0.0,0.0
94,https://www.googleadservices.com/pagead/aclk?sa=L&ai=CCaqEH5q3acb3EL-a3NMPuoKlkQLt3ZT1hQHwsp_qqxW8ybWrrgEQASDcrK8gYImLxIT0E6ABoKLOlz7IAQmpAvrWXIzt9To-qAMByAPLBKoEkAJP0Ij9Q5YMpabTPF_6xuF1bIOqpX4yyo4ZEdw1ci1CO0ewDtQmQ1tg8x42VafuwGsZJ90MlSeUGI6In3Gq_ih7Tj_h2Zt2r0NHN9xaKIb-3R-wpC9hc5Hruywxi6bI1mVFZ8wfBYJug4PzWq9NJ_yngABMFSHlcYvun-aru0bt8xg-T2bQDzAy9utkczBmL-kPKZ5SVOlLNNWsnomTiQ7SLaNd6Bm5z5p5GmCYsebRewEp4Y_QNJHQE3nWpcuBVZ_mXRB24jzbJVMyEBW_WfROfY5EtQjHnJtsXIGP_xELEuyDI-nEOR_y-uZ7vjofadkiILwYd1wNS-15zaDeyuJnDd5jcmVXRp1ksAtXYll7G8AE7tmux84FiAWXprSMWKAGLoAHoNqe9xioB6fMsQKoB-LYsQKoB6a-G6gHzM6xAqgH89EbqAeW2BuoB6qbsQKoB47OG6gHk9gbqAfw4BuoB-6WsQKoB_6esQKoB6--sQKoB9XJG6gH2baxAqgHmgaoB_-esQKoB9-fsQKoB_jCsQKoB_vCsQLYBwDSCC8IgGEQARifAzIIioKAgICAgAg6DYBAgMCAgICAqIACqANIvf3BOliL7d7b3KOTA7EJoEVk-XHaW72ACgGYCwHICwGADAGiDAOQAQGqDQJKUMgNAeoNEwj1iN_b3KOTAxU_DXcEHTpBKSLwDQKIDgm4E-QD2BMDiBQD0BUBmBYByhYCCgD4FgGAFwGyFw4YASoKODQ5MDc5MTM5OLoXAjgBqhgXCQAAAAAA7PNAEgo4NDkwNzkxMzk4GAGyGAkSAotVGC4iAQDQGAHCGQIIAQ&ae=1&gclid=EAIaIQobChMIhoPf29yjkwMVPw13BB06QSkiEAEYASAAEgLaI_D_BwE&num=1&cid=CAQS0gEA56J1eT_B_Y5ohSUEX1quSSFlIoeqw28cJ5p4Md-P24q8nHizL_RYrdnAUwymRvh3GlAPoC6qDfALBhnQPD5UHTlFQNoowwtkav5-5y_uwcx6jGXMyle5JZ1mtwQfSTWU_toNtR34c8v4btG2pwOnBF8GkPRi02FSUWd-iuLHbAPUrvhj6_plUsQB0S30UokP-sw1F-Qwzj_ZWa8IRds2V4v6Q-XMjwfaiGF084fAi5o4pYq8F0T4s7DeZarT-LHDDhMy7dsGHs_aaCcNAG3dCQAYAQ&sig=AOD64_2ZaGYG-UDAl8FBCA0Vq9KR-OI_YQ&client=ca-pub-1919012362442653&rf=1&nb=9&adurl=https://www.mos.jp/oc/spring202603/%3Futm_source%3Dgoogle%26utm_medium%3Dgdn%26utm_campaign%3Dgdn_2604teriyaki_area_click_upcoming%26utm_content%3Dgdn_2604teriyaki_area_click_upcoming_003%26gad_source%3D5%26gad_campaignid%3D23648342807%26gclid%3DEAIaIQobChMIhoPf29yjkwMVPw13BB06QSkiEAEYASAAEgLaI_D_BwE,https://www.mos.jp/oc/spring202603/?utm_source=google&utm_medium=gdn&utm_campaign=gdn_2604teriyaki_area_click_upcoming&utm_content=gdn_2604teriyaki_area_click_upcoming_003&gad_source=5&gad_campaignid=23648342807&gclid=EAIaIQobChMIhoPf29yjkwMVPw13BB06QSkiEAEYASAAEgLaI_D_BwE,,,,,,,,,,
95,https://googleads.g.doubleclick.net/aclk?sa=l&ai=CKGyHD5a2abXoAeXas8IP1r_GsArSuMzGhAHV44-i8BS-pNPnjg4QASD0g7kbYMeNgY6EJqABl9K-k0HIAQapAn55j1_ZtG8-4AIAqAMByAMKqgT8Ak_Qxnswlnvx91LjM6JRGFVtpTxp-zbunk8d88K5V7igFgU38ffN9BfEKnwuGjPx7HPbch4XnUrIdRJUy8xcFE_6qcaoD9aVx1BLwRbgl4LVwPj1Kqt9LcowRWhQjVwO3icrOzH1A3XrGqWFcNwUc4088tOSSvk_PR9YBNieHL8vRzIjtEbQznwio_7Z-Wc8PwBqoC9LiB706TzmDa5sT-99PDEy0tUDINEGhbeqrRJvcW04UnQBrrLo6Jws8M4BHdGy7FUymr5nGy_pGN-TX8zig31hWcnAOjejrwxaTVKqUa1z95g4B7EizA8D46WEqLlEUuYl5I5lluFCcl6pZwcKHMvN7xHFf9DLbgRBoTjMhockV5hic4oyKd7Po99m3pwDe0vkUapw60b6oy0_M5kVmQTo-pvnJKfecQuTVBvFrtFz16lf8NYbZImWBZUfm8g2WWIJtLOmgLHP8OfmtELEHs7QWKCmzhuMS-BT7pZhBj2xfw62xiCIZKvUwATs5c2cswXgBAGIBYH-kOVVoAY3gAeXio_zG6gHp8yxAqgH4tixAqgHpr4bqAfMzrECqAfz0RuoB5bYG6gHqpuxAqgHjs4bqAeT2BuoB_DgG6gH7paxAqgH_p6xAqgHr76xAqgH1ckbqAfZtrECqAeaBqgH_56xAqgH35-xAqgH-MKxAqgH-8KxAtgHAdIILwiAYRABGJ0BMgiKgoCAgICACDoNgECAwICAgICIgAKoA0i9_cE6WKTn2dnkoZMDsQlLFdQ6CwcJN4AKA5gLAcgLAaIMA5ABAaoNAlpByA0B4g0TCJGc2tnkoZMDFWXtTAId1p8RpuoNEwim-drZ5KGTAxVl7UwCHdafEabwDQKIDv___________wGwDrSNmNAY2BMM0BUBmBYByhYCCgD4FgGAFwGyFw4YASoKOTgxNzYyNjgxNLoXAjgBqhgXCQAAAADE1RJBEgo5ODE3NjI2ODE0GAGyGAkSApNOGDciAQDQGAHCGQIIAQ&ae=1&gclid=EAIaIQobChMI9avb2eShkwMVZe1MAh3WnxGmEAEYASAAEgJUiPD_BwE&num=1&cid=CAQS5AEABaugfQ0lKgrfXXs1IcsBb3fmnUY4S25oboRfdumEDNGkOCKgOV056UUJjRzjoT2fJyKRISmau-vSCDuhktWRCgWBQzRWKUYXdOVnovPM_vGEs_UjzaBCY_fYzxnRwkvum51i_UCLBoN3PqfERf_B9Ip1ZgFjIoN2fzaJf4-Cs4xgR_rAqsUGTtHPNrIZDtT0ObI6AHyJmIa24BW2uf3OtjZyheiVl87wag8TQ3jNHriSX8rn8ymRkNsONzAvIoBx51HM6z9u37nJwWSdT4WfHWatWrIHKnLdsrXcWgm0n8B13GUYAQ&sig=AOD64_3gmYxI9ZAhsC_BKGhxTZhh7R40xA&client=ca-pub-3844877863303739&nx=CLICK_X&ny=CLICK_Y&uap=UACH(platform)&uapv=UACH(platformVersion)&uaa=UACH(architecture)&uam=UACH(model)&uafv=UACH(uaFullVersion)&uab=UACH(bitness)&uaw=UACH(wow64)&uafvl=UACH(fullVersionList)&nb=9&adurl=https://www.tricolt.co.za/cantabella/%3Futm_source%3Dgoogle%26utm_medium%3Dcpc%26utm_campaign%3Dgooglepmax%26gad_source%3D5%26gad_campaignid%3D23029104385%26gclid%3DEAIaIQobChMI9avb2eShkwMVZe1MAh3WnxGmEAEYASAAEgJUiPD_BwE,https://www.tricolt.co.za/cantabella/?utm_source=google&utm_medium=cpc&utm_campaign=googlepmax&gad_source=5&gad_campaignid=23029104385&gclid=EAIaIQobChMI9avb2eShkwMVZe1MAh3WnxGmEAEYASAAEgJUiPD_BwE,,,,,,,,,,
96,https://adclick.g.doubleclick.net/aclk?sa=l&ai=CBQmuG5i3aZuLKMmcjeYPoaTFqQje06vPhQG4l__N7RKwkB8QASDag6c9YImLxIT0E6ABtqDqjgPIAQmpAj9TKvny8Do-4AIAqAMByAPLBKoEsgJP0Lge_rkcATM5M9AN16glczw6OjQADvvoL67RMG53CZvQRZiky6BVmKn7u9grg28nJuoDbsm1tPfBOeMLjGev4-giLSnSXj_-qn8IxFbwh8FMKmzXjLNgL6AECA4ZL7OvXEVkGswWWn5zcfAZUMhmYUIjv0KeJTFkBCIYfApdDZhjL2qiEw125OM7LkZr9bTfYiSasEK4DY-utLMsXWH8e-O4kuhhlSFPNz9R_ERn1V4mD07uzy_FnnuCMq4tuWw4KD84_LGKBqbCOz-hY1rpsHBFBP580xFqEUqZHhqafQrNfO6-hZdBtHdCfYpflgplxDTFcXJY7F-jcHZVCtgLB6VH52u9nnzLDlzVjJ3uQP7jHzAR4c3i65qq0z5apzje_Z2oIgBFjYFEaQzFRLPQwSzABImpt-bSBOAEAYgF_ILH3E6gBi6AB-CIj4ABqAenzLECqAemvhuoB8zOsQKoB_PRG6gHltgbqAeqm7ECqAeOzhuoB5PYG6gH8OAbqAfulrECqAf-nrECqAevvrECqAfVyRuoB9m2sQKoB5oGqAf_nrECqAffn7ECqAf4wrECqAf7wrEC2AcA0ggvCIBhEAEYnQEyCIqCgICAgIAIOg2AQIDAgICAgKiAAqgDSL39wTpY8KXu5dqjkwOxCcaV6YB0MsnLgAoDmAsByAsBgAwBqg0CSlDIDQHiDRMIk8ru5dqjkwMVSU7DBh0hUjGF6g0TCPfP7-Xao5MDFUlOwwYdIVIxhfANAogO____________AdgTDIgUA9AVAcoWAgoA-BYBgBcBshcOGAEqCjk0NzI1MzUzMTG6FwI4AaoYFwkAAAAAMJvwQBIKOTQ3MjUzNTMxMRgBshgJEgKTThguIgEA0BgB6BgBwhkCCAE&ae=1&gclid=EAIaIQobChMI24Tw5dqjkwMVSU7DBh0hUjGFEAEYASAAEgKSZ_D_BwE&num=1&cid=CAQS0gEA56J1eShIXCdqxDCMNeKN3DypGCAZ3lPIGRh2jb3qVaP1RQAWxNMqzYFfN53Jdx9V6Z7n8g2-QfRUQtrI56uTYHpP9NC0hkGpTw-ZYMDosWl4cF4qLUIPdhhev3ocQV-VI4CQ72pfs4wJhFIt1bXWf81oQ2Ess2b2pFwdRd4keZPNJ5Ya4CMjMjvJit0IDjVa-QeKe2cx47D1t9ctJvJFkRhqBaxsJg3Sjv55MhFPz04xzf8_zQr4aTqloqt6nDgZxZ32MyoDn9q4P1w-cs27WWUYAQ&sig=AOD64_2oGBmYobGoIu2OxfqcWjfbQMagsw&client=ca-pub-9857577187914945&rf=1&nb=9&adurl=https://www.villagehouse.jp/pt/%3Futm_source%3Dgoogle%26utm_medium%3Dcpc%26utm_campaign%3Dretargeting%26utm_content%3D2025-01-07-gdndisplaydiscoverycpa-property-1x1-responsive-pthp-rt%26gad_source%3D5%26gad_campaignid%3D21132067196%26gclid%3DEAIaIQobChMI24Tw5dqjkwMVSU7DBh0hUjGFEAEYASAAEgKSZ_D_BwE,https://www.villagehouse.jp/pt/?utm_source=google&utm_medium=cpc&utm_campaign=retargeting&utm_content=2025-01-07-gdndisplaydiscoverycpa-property-1x1-responsive-pthp-rt&gad_source=5&gad_campaignid=21132067196&gclid=EAIaIQobChMI24Tw5dqjkwMVSU7DBh0hUjGFEAEYASAAEgKSZ_D_BwE,,,,,,,,,,
97,https://www.googleadservices.com/pagead/aclk?sa=L&ai=Cr8mPk563acmmBLCS29gPuZmhkQX0qIX1hQGl6bLcxhOhpvjz0B0QASC-z4caYImLxIT0E6AB0-LfxQHIAQngAgCoAwHIA8sEqgTiAk_QOZfx6DkKyqbXVeiaVBePtp83FuiSFv1OC6tutRrKI05oW0m9V8ISysbhG5EtrSoMUBI2o2ZF3S7NEdYiskydvdkZoTNuTWe2JzZ17oDqAkDamUE2ZfLM1iJho5PIVoQq3C-VREunp60TmFsG4VIypjNTyGX2OmZuXSmgcNsdmHtFYeErBzR2RhXfalUS-37yij4Y5D58ir9BBVR5PzQ3WnpspD6dnF5N-IWZkMIEsWbHc-EIPkoEEjjr-8MXepB_BTQs6o8RQUxluBasZboLEfw3oLcnuz1ie-1kn2a3HGW75nRt574Rqv_A9ys6b0YGcjAr8ox4wRGqT0P6W9AO1yrh8ztbzSPUkX_iZ6bI5Zb13tsi1n4R-P9VXj7XDSDkWeZsnMVKku_1wW3Vnm0Nq-AC9OtKP1ZfSLJZlyvP9EVCPzO1sHcYLEJli0dq-30QPSR-PM7Pw8hCs82_dCVCLcAEgMf1pZAF4AQBiAW-huSHU8AFBfoFBgglEAEYAKAGLoAHlZ2gugKoB6fMsQKoB6a-G6gHzM6xAqgH89EbqAeW2BuoB6qbsQKoB47OG6gHk9gbqAfw4BuoB-6WsQKoB_6esQKoB6--sQKoB9m2sQKoB5oGqAf_nrECqAffn7ECqAf4wrEC2AcAwAgB0ggvCIBhEAEYnQEyCIqCgICAgIAIOg2AQIDAgICAgKiAAqgDSL39wTpYvZGc--CjkwOACgOQCwOYCwHICwGADAGiDAJIAaoNAkpQyA0B4g0TCKi9nPvgo5MDFTDJFgUduUwoUuoNEwiJ9J374KOTAxUwyRYFHblMKFLwDQKIDv___________wGwDq3YwLYY4BLK5JaX7fC_4oUB2BML0BUB8BXg7YmkAfoVJ3Nob3BpZnlfVVNfNjYzNTU5OTUyODExNl81MTAwMzcwMDMxNDMyNcoWAgoA-BYBgBcBshcOGAEqCjM4NTI2MDc0Mzi6FwI4AaoYFwkAAAAAMDPyQBIKMzg1MjYwNzQzOBgBshgJEgK7TxguIgEA0BgBwhkCCAE&ae=1&gclid=EAIaIQobChMIibye--CjkwMVMMkWBR25TChSEAEYASABEgL8ZfD_BwE&num=1&cid=CAQS0gEABaugfVHDminSdmFemqrVv2BFCRSg4RHzA6cBr4pVYeO42a5lWD8yw5G6AfmiBE01Qvi_BE_QAWVR4tE_tRg_sQLFC7_Ep4lF2Sxv30vRJZXqwaPnA_pmxIEG0NSl2UO_-pFoOPhleRkYWtC4R6R0a2LBRgbK6KOi4__tn065gCB7dPXmv162hyAFXaLYrNPrqzfB8Mm0ikyxFjhcDPXz9B4XY6Np727kpgvRmvqDr-2QZZm0JwHcZjF9hqfzIcWTOQ6ncOMFHWnbG-a5gZPMWW4YAQ&sig=AOD64_1ceEQ3USpsq5uzH2kycuqRYChTbg&ctype=5&client=ca-pub-6453680425766689&nb=9&adurl=https://masonmadison.com/products/gold-chain-necklace-boyfriend%3Fcurrency%3DUSD%26variant%3D51003700314325%26utm_source%3Dgoogle%26utm_medium%3Dcpc%26utm_campaign%3DGoogle%2520Shopping%26stkn%3De547be54f477%26gad_source%3D5%26gad_campaignid%3D22296462142%26gclid%3DEAIaIQobChMIibye--CjkwMVMMkWBR25TChSEAEYASABEgL8ZfD_BwE,https://masonmadison.com/products/gold-chain-necklace-boyfriend?currency=USD&variant=51003700314325&utm_source=google&utm_medium=cpc&utm_campaign=Google%20Shopping&stkn=e547be54f477&gad_source=5&gad_campaignid=22296462142&gclid=EAIaIQobChMIibye--CjkwMVMMkWBR25TChSEAEYASABEgL8ZfD_BwE,,,,,,,,,,
98,https://www.googleadservices.com/pagead/aclk?sa=L&ai=CrnYafoy3abbiK8agjeYP6NmygQOWg7nphQHEmcf3zBWIqMzEuA4QASCry5shYMeNgY6EJqAB1pDSkQPIAQGpAj8nyCKw428-4AIAqAMByAMKqgT3Ak_QwlP9osGYWDlHJ2m0OK1XsGZRiCy3XGluxwSRO_xX_vBLWYa0MAz6lD2bDgBLLhA1V2sbNJKEs2c_g_b646gRssFDIw0GtUYjKxBpru6dO4DkQQk0MhXBIygs3OO_0PILbjWvC_7TIZEPQ-jLcFC5FHvX1ozoThpA5Cjn_hqMZGcOuxUE7rwsbeyd5xIUZ3PWjb3jLsUBGVetSxHcCFjYYRbbkPZWrNMZThdqajYl99VdiVq8j-XZkAJU6Btys13VfVWv0M7zHwKgwK7gQdwEo4OezlF5lhq1vy3UioJWo1HaMPXqncv20RCZGq8gbI-c1FAO7F8KcmXFh1C7KUb1wvw46UQ6MwszbJhgEjEgikCkHiDMOOQfg6tDXdetYAAZr0bHP3hvdadPxi6_T4Ln0nkqnDV_F8iu8YwOzSysL07c7QagBdCV_pjfaYOyijeC_pSgh0ky7ue2GV3HNDXc9yxCxCfsIKku8ExmzdQQJks3Qf4l28AEqajnxdcF4AQBiAXJwL-2A6AGLoAHku-tbqgHp8yxAqgH4tixAqgHpr4bqAfMzrECqAfz0RuoB5bYG6gHqpuxAqgHjs4bqAeT2BuoB_DgG6gH7paxAqgH_p6xAqgHr76xAqgH1ckbqAfZtrECqAeaBqgH_56xAqgH35-xAqgH-MKxAqgH-8KxAtgHAdIILwiAYRABGJ0BMgiKgoCAgICACDoNgECAwICAgICogAKoA0i9_cE6WLWan9zPo5MDsQk98cC44oOsTYAKA5gLAcgLAaIMA5ABAaoNAlpByA0B4g0TCKnKn9zPo5MDFUZQwwYd6KwsMOoNEwiBx6Dcz6OTAxVGUMMGHeisLDDwDQKIDv___________wHYEwOIFAHQFQGYFgHKFgIKAPgWAYAXAbIXDhgBKgo4NjE1ODM0ODYwuhcCOAGqGBcJAAAAANaHMEESCjg2MTU4MzQ4NjAYAbIYCRICm18YLiIBANAYAcIZAggB&ae=1&gclid=EAIaIQobChMItpmi3M-jkwMVRlDDBh3orCwwEAEYASAAEgI4H_D_BwE&num=1&cid=CAQS0gEA56J1eV9QDW3F0UAQLb186Y_9IYEHwyEDFzL9KfKVEdU6YXFMxice9E8d5Q7BXd65X-ZXa4zMGYsM0nQgwwLcwL_urJJciszfEC1cpWmWscCuCc0MIYRySzPWHf2qEXFUFqi_k-mDrON9g8vGz7VdDkK12VXlN8MdiQvuosCfqDWWijxFsML6pa5ViIaKqCAgcVIwir5mW2wc4JQUJJMSjtF2LihkSHfMh5EOszNkI6IO0lIMbty1-A2yMziHwO0-johQ97wapP675YTdgwYG3d4YAQ&sig=AOD64_1dBcVXftP209AZGLaN1LCiz_ITVA&client=ca-pub-3477346062204992&rf=4&nb=19&adurl=https://www.incredible.co.za/work-study-achieve%3Futm_source%3Dgoogle%26utm_medium%3Dcpc-gdn%26utm_campaign%3DIC618772%26gad_source%3D5%26gad_campaignid%3D919593033%26gclid%3DEAIaIQobChMItpmi3M-jkwMVRlDDBh3orCwwEAEYASAAEgI4H_D_BwE,https://www.incredible.co.za/work-study-achieve?utm_source=google&utm_medium=cpc-gdn&utm_campaign=IC618772&gad_source=5&gad_campaignid=919593033&gclid=EAIaIQobChMItpmi3M-jkwMVRlDDBh3orCwwEAEYASAAEgI4H_D_BwE,0.0,0.0,0.0,0.0,0.0,0.0,0.0,0.0,0.0,0.0
99,https://www.googleadservices.com/pagead/aclk?sa=L&ai=CRbWyjR22acbwD9a12roP7rifiQ2llsbthQG9w_GC6RO2kB8QASCs_KcFYImLxIT0E6AB2rzTxCjIAQHgAgCoAwHIAwiqBMACT9AW3EN9LPDyWu0g2zqVHFzn_3SKpPoYlFRtMuCivetHhrj0u-_gqesUihMSedea3o-wojqO9NLO_Qt-rQhjSWcWAdQnYzLfVSwGIhax4mKe8G1ru_9uAebBFEeQpd9RxYhGzPjDNcLmZQkTeWGKs1_Tnt4f2DAZUg0sZFgQeo9IRfk-XcrVEf0hMcW1vCkS6G6zbx0e_1RUWpldWTz9ycQ4XV0iksW70LhEnOprFSo_PG3OgivdmJvaQ7Z7phkJS6A4TGkHHeK2OwuIWlhrC8L8ioq2P0sZeHgIAhBlfOrHN-cZT7ENerGRIDKJxZQrtt_6VNcJR4yXO5C_itWtUnsBRfGiTMaiY_EP30G2vpzUDKZ3GDD74zyWMbsPvc9UslRe0ObOIO8qHhOUiCnEZL2vjcUSbFNKhhdYmpZGQO7ABJTuuq6rBeAEAYgF_9bx0VOgBgKAB9r0o6QDqAenzLECqAemvhuoB8zOsQKoB_PRG6gHltgbqAeqm7ECqAeOzhuoB5PYG6gH8OAbqAfulrECqAf-nrECqAevvrECqAfVyRuoB9m2sQKoB5oGqAf_nrECqAffn7ECqAf4wrECqAf7wrEC2AcB0ggvCIBhEAEYnQEyCIqCgICAgIAIOg2AQIDAgICAgKiAAqgDSL39wTpYlMeu4_GgkwOxCZgL62oe7_KogAoBmAsByAsBqg0CSlDIDQHiDRMI6K2v4_GgkwMV1ppWAR1u3CfR6g0TCJ-csePxoJMDFdaaVgEdbtwn0fANAogO____________AdgTA4gUAdAVAcoWAgoA-BYBgBcBshcOGAEqCjkyMjA1OTYxOTW6FwI4AaoYFwkAAAAAcC_9QBIKOTIyMDU5NjE5NRgBshgJEgK4UBgCIgEA0BgB6BgBwhkCCAE&ae=1&gclid=EAIaIQobChMIhuuy4_GgkwMV1ppWAR1u3CfREAEYASAAEgIXC_D_BwE&num=1&cid=CAQS0QEABaugfbdNOaQKbF8-Hys8lO6n6AJlJYP-N3q0TFZ_MxsGrjjkdXhhHxIqmvV1ieUXE7yWhome4Dcj2OI2iIBXr9teSqMVW7N1mvI-LjMNPjEo61oBwXehHdGvuG6e1j8smHPLLQB0KMucHWWS0zsiWXmTQT8ZzHaZtr05G2pnLT3g-Y9BqRexxbPHvdB2NhWZ9MxHc-f6md84LQcakT0V8TBAKD2Uj_ZC7xWqBk_GHuG8ZMGkdMknRO_R538HaOuTfTeAwyH0qtWIf-9IauiDvBgB&sig=AOD64_2mHbXWtQAcPFIG7MRK1TBJ7OBWJw&client=ca-pub-3793720534573472&rf=4&nb=2&adurl=https://www.toriihq.com/case-studies/rock-content%3Fkw%3D%26cpn%3D22451874687%26_bt%3D747048277881%26_bk%3D%26_bm%3D%26_bn%3Dd%26_bg%3D183438849812%26utm_source%3Dgoogle%26utm_medium%3Dad%26utm_term%3D%26utm_campaign%3DRetargeting%2B-%2BDisplay%2B-%2BPast%2B60%2BDays%26hsa_acc%3D9043227409%26hsa_cam%3D22451874687%26hsa_grp%3D183438849812%26hsa_ad%3D747048277881%26hsa_src%3Dd%26hsa_tgt%3D%26hsa_kw%3D%26hsa_mt%3D%26hsa_net%3Dadwords%26hsa_ver%3D3%26gad_source%3D5%26gad_campaignid%3D22451874687%26gclid%3DEAIaIQobChMIhuuy4_GgkwMV1ppWAR1u3CfREAEYASAAEgIXC_D_BwE,https://www.toriihq.com/case-studies/rock-content?kw=&cpn=22451874687&_bt=747048277881&_bk=&_bm=&_bn=d&_bg=183438849812&utm_source=google&utm_medium=ad&utm_term=&utm_campaign=Retargeting+-+Display+-+Past+60+Days&hsa_acc=9043227409&hsa_cam=22451874687&hsa_grp=183438849812&hsa_ad=747048277881&hsa_src=d&hsa_tgt=&hsa_kw=&hsa_mt=&hsa_net=adwords&hsa_ver=3&gad_source=5&gad_campaignid=22451874687&gclid=EAIaIQobChMIhuuy4_GgkwMV1ppWAR1u3CfREAEYASAAEgIXC_D_BwE,0.0,0.0,0.0,0.0,0.0,0.0,0.0,0.0,0.0,0.0
100,https://www.googleadservices.com/pagead/aclk?sa=L&ai=CpKUFlpi2aaCcEvu0pt8P_77k8QfgsrKoeZ7w3ZjYE9ex9I-wARABIIePiyRgx42BjoQmoAGJ49KzKcgBCakCfnmPX9m0bz7gAgCoAwHIAwqqBNUCT9CLoCsmMsKah7X4t7VEKAxqEWNriVwhArekks7hbHHaXIb8aA4PsyD1Gx8_79d7awL0OsI0nPPnugtbkhFeUjwaRUdFvDmVoRxo9TUHwZvita_W2qX4LnOIfY2mME-cTFZgCIj5GAJN5PHO9vqBlo2hVvRYfNbTFRvk-Dq0YPB2MWWKYAoP97wGcbFQX3wscjhzyL43GU7RLB9EktgSwn8lCF2pnSKuYugmqFpJLKbhT1GWDPKm9opkHoeYwCqcPlBtDbxhD4HNyqxYmhOSnywq1rBIA5M-gM0upmFfPEUogY4KbKGx1AbU7ObNlTAZ2nidk08AFHc87XZxiBeorq5ti-5X43oZWclKPfpqAjbcHY1TgoPbOH2kMO-tkmhEXlu1hDwGPLnGV6a9SBtGtkYPXYuKu0_YBl-pPI2BArIW2B0Yq3x8qqUSMf_RKk9N62uU2UbABIf_6JyyBOAEAYgFw-rd3UmgBi6AB4mbo5MEqAenzLECqAfi2LECqAemvhuoB8zOsQKoB_PRG6gHltgbqAeqm7ECqAeOzhuoB5PYG6gH8OAbqAfulrECqAf-nrECqAevvrECqAfVyRuoB9m2sQKoB5oGqAf_nrECqAffn7ECqAf4wrECqAf7wrEC2AcA0ggvCIBhEAEYnQEyCIqCgICAgIAIOg2AQIDAgICAgKiAAqgDSL39wTpYqeWqjuehkwOxCZzghMQRy4TtgAoDmAsByAsBgAwBogwDkAEBqg0CWkHIDQHiDRMIsL6rjuehkwMVe5rpBR1_Hzl-6g0TCJL6rI7noZMDFXua6QUdfx85fvANAogO____________AdgTCtAVAZgWAcoWAgoA-BYBgBcBshcOGAEqCjIxNTczNzA4MjK6FwI4AaoYFwkAAAAAAP_vQBIKMjE1NzM3MDgyMhgBshgJEgKoThguIgEA0BgBwhkCCAE&ae=1&gclid=EAIaIQobChMIoL-tjuehkwMVe5rpBR1_Hzl-EAEYASAAEgJFM_D_BwE&num=1&cid=CAQS0gEABaugfXJFJRyyBfjghd_UjP-gYPjq4B41JbKqRUTrdhsS2ntPXwUcRJsVvaH2Vye9pZMcwLn0WG27sAd5svvV1H0q6ufXDx7gEQthoW2fEJGDQBHUpPebfFJQT_TOraiEqui0psrqGZsGix735Oak8YBDgV9KO-gLiKQU35409R-0tdOg5A5o3OmvUKzns4_6w0aMH1pOz5ckloZLlGjz6_xU6IeCQZvcJCCZJ9a51BVyNtO2B5B4XzJNjaZa33-0rJ_mcjj6xrrIawKXqJfilo4YAQ&sig=AOD64_1IkDbx6KK_bG67jtRmaLE0X-aizA&client=ca-pub-3428031914463355&rf=4&nb=9&adurl=https://smashed2cash.co.za/%3Fgad_source%3D5%26gad_campaignid%3D19792360771%26gclid%3DEAIaIQobChMIoL-tjuehkwMVe5rpBR1_Hzl-EAEYASAAEgJFM_D_BwE,https://www.google.com/,,,,,,,,,,
101,https://www.googleadservices.com/pagead/aclk?sa=L&ai=C5bPgDK-2aaG1Fdi20-kP8rGagQnHh-3vgwHwv5qYlxW2kB8QASDmtM-ZAWCJi8SE9BOgAcS47tIDyAEJqQJoC-gkWeM6PuACAKgDAcgDCqoExwJP0FIVsXWEOUpyl9qg1N_XaF0S9JhTir4iyHs2KlDsKKmBSGBeobEn5JoKhs1kU895dAInBwfOUy7qVP03CDD8Gv43wC9ZRLP2OyV5sO2pKnnRWlhA6JlHyUMquWEfB97qBtGFR8jqqwVGTdZGBtVtOyierZkROLEK62_j496DUGkcZSlUn8uJdI4RZim3rAh9-AhbH9u8yUVwoIkObkkB9Mevi42eFGtkmMo_lp4RBh1UrLIco8-EF8YZ-PzYVz08_wNwgevtINr4jfr1_XtzZw9z2ob6Kkdg1aXe7A2xGgl_3uyfAjlOkW8H8YgHmAcp04Jf7CKD5fldJ3UfyVoAHapK4hT0rfQieznsOgHHd0-8nXmQv4HFxoJLv07-i6g0cLi_9rImJzL5e4rAOzPZJLHsvLIoCvAVSsr_qGtnSGrQ6ijAs-nABPfXoKrHBOAEAYgF6r-wyU2gBi6AB6THkS2oB6fMsQKoB6a-G6gHzM6xAqgH89EbqAeW2BuoB6qbsQKoB47OG6gHk9gbqAfw4BuoB-6WsQKoB_6esQKoB6--sQKoB9XJG6gH2baxAqgHmgaoB_-esQKoB9-fsQKoB_jCsQKoB_vCsQLYBwDSCC8IgGEQARidATIIioKAgICAgAg6DYBAgMCAgICAqIACqANIvf3BOlirpZbE_KGTA7EJ1d1dAMpiy-CACgOYCwHICwGADAGqDQJKUMgNAeINEwi-3ZbE_KGTAxVY2zQHHfKYJpDqDRMIvoqYxPyhkwMVWNs0Bx3ymCaQ8A0CiA7___________8BsA7G3eiTGNgTC9AVAcoWAgoA-BYBgBcBshcOGAEqCjUxMDM4Nzk0ODO6FwI4AaoYFwkAAAAACP0DQRIKNTEwMzg3OTQ4MxgBshgJEgK-UBguIgEA0BgBwhkCCAE&ae=1&gclid=EAIaIQobChMIoeuYxPyhkwMVWNs0Bx3ymCaQEAEYASAAEgJ4NvD_BwE&num=1&cid=CAQS0gEABaugfauwyHJq5XCxYTyUlHyiATM_f5Flscuq0NrFZ838Oomc88oe-7mk3DbgNZL_USBdZUOPFr0EgtXzKanRvwkZoqR_8JR6XpROJ3fHO0AHrKNRwDkmTeqd5gwBnUoSav9WRKbcrstyW1RRrtL2aeGU-V0gqgM5qIa7YDCx1lbere1YW7ZrGTaUNKDF1tUnQI18JITt3EI7HwRtY4b662sJnEVZumz0j7kPUugO8bwOyJBV6ri_JD-pKA3BGmm4Pv5M-rLYCk6M4P2x950j-cMYAQ&sig=AOD64_2YmUxqaMF6fLiwRpcNBCuqR6fnDA&client=ca-pub-3677668629134422&rf=4&nb=9&adurl=https://micogic.jp/%3Fgad_source%3D5%26gad_campaignid%3D20823416810%26gclid%3DEAIaIQobChMIoeuYxPyhkwMVWNs0Bx3ymCaQEAEYASAAEgJ4NvD_BwE,https://micogic.jp/?gad_source=5&gad_campaignid=20823416810&gclid=EAIaIQobChMIoeuYxPyhkwMVWNs0Bx3ymCaQEAEYASAAEgJ4NvD_BwE,,,,,,,,,,
102,https://www.googleadservices.com/pagead/aclk?sa=L&ai=C_IHY5Qq4adnqOJyQ3NMPuOneKJ7z7aF2hK-01oITuuTS4LIBEAEgmfugK2CJA6AB18Hc9QLIAQHgAgCoAwHIA8MEqgTWAk_Qf9xu0unPtEVdhSjrFiwLqA8npIYcADo0Rj7f-U6C-NDXft9cPmLf4Eq66G8rFsq5ieNpPb2_-h-ylTlG42WJoS3atxy09f0rVZAGPXcVlj2ubLrSc1XgljU5aAE64rMJB9Hnac4XSnrrMBh8rDTfVlNeD4vmrxVmyPXp8dK6p4R02qlni1mdwXVjXsGjYTQGBJqZD0og6sPFenumJuBCbDAfvg1YruPHuvcag4gtpyC3JJN26LmSfrLixhmJ6WkQo98ApR0Qme8WTc2j51Y9yGd_imJqpMzbfeEfPuWpY2QZnmh1VKATFlRBwIt8ExOarFDsjwUBlTDCS9IiXNAaDDh8h2MCXOUrqF6zv6c5yUotO2hCwpoS_ajWngJUSBN3f5pQWXUrgotPezrxbn9vvViUBxctirqqHIdTliyFsdTL_dD0-mpFFuFDO0D3YZf7ywdQxsAE94KX588E4AQBiAW15unDTqAGZoAHkb6jigGoB6fMsQKoB-LYsQKoB6a-G6gHzM6xAqgH89EbqAeW2BuoB6qbsQKoB47OG6gHk9gbqAfw4BuoB-6WsQKoB_6esQKoB6--sQKoB9XJG6gH2baxAqgHmgaoB_-esQKoB9-fsQKoB_jCsQKoB_vCsQLYBwHSCC8IgGEQARidATIIioKAgICAgAg6DYBAgMCAgICAqIACqANIvf3BOli3_6iiyKSTA7EJTjpO_Nfu8_mACgOYCwHICwGiDAOQAQGqDQJKUMgNAeINEwimwamiyKSTAxUcCHcEHbi0FwXqDRMI1t2qosikkwMVHAh3BB24tBcF8A0CiA7___________8B2BMKiBRd0BUBmBYByhYCCgD4FgGAFwGyFw4YASoKMzkyOTI1NzkyMroXAjgBqhgXCQAAAAAUiTNBEgozOTI5MjU3OTIyGAGyGAkSApNOGGYiAQDQGAHCGQIIAQ&ae=1&gclid=EAIaIQobChMImfGrosikkwMVHAh3BB24tBcFEAEYASAAEgINwPD_BwE&num=1&cid=CAQS0QEA56J1eVPtUMK1v7dbr84r-XA4MvOuTTDD_-QwwWyxfHBudQ6ni5RcZne1gI1UKpsUuBeAme4JA9El7epp8xulcIib9BWqvQUkyY--GZMctj96WeDvjtFyT__fe8C75u79s73Sa0SRbvbfypuavLuU2Qe--IMe2vA8BLYzKZAi0cy5MLRWxi8fdxz7-nlaaXKTQ2qsC5HSjH6aLFeHvMihuEtcPyIihUkXlzIG8hrUCWNyhZmGpN9MPk19z5V9LmJlJAX4mJeE-3UleArwGy7ebBgB&sig=AOD64_1UStod6Jwj_GRZRh3nYVwRboQrhw&client=ca-pub-9314111824787632&rf=1&nb=0&adurl=https://www.meredithfogle.com/%3Fgad_source%3D5%26gad_campaignid%3D21080208181%26gclid%3DEAIaIQobChMImfGrosikkwMVHAh3BB24tBcFEAEYASAAEgINwPD_BwE,https://www.meredithfogle.com/?gad_source=5&gad_campaignid=21080208181&gclid=EAIaIQobChMImfGrosikkwMVHAh3BB24tBcFEAEYASAAEgINwPD_BwE,,,,,,,,,,
103,https://www.googleadservices.com/pagead/aclk?sa=L&ai=CsQe0RSG1ac7ZE6-hsLUPjri9kA_L6KrThQGKjrSD9RPf4r2m0AoQASDEvtwjYMme-YaAgKAZoAHZwLGNA8gBAqgDAcgDyQSqBPsBT9AvjZsAv9CZsPnLNsQx9NfAEETXUEeAY8DC6zt2Y4u5mBfeNotKOtCdh9_E4AguBlAwB183hkiP9kJ5CCjhnXCx7gaatDLI8mXKC3U2V_jIw4O2hInb7Or_E-jo8ycu5VJ9mPTb3QNYSuNAw5Cqh4O26HpbHWeRyNnH4_dj7gk_sPYarUgc2t7Em1TyeQ7ZCQ32G8uUKp8PsmHWqxL-igv9IPbGJuh5HYip-HdrCAGL01GyJ0V-qb8k61kUo_qVPYb8DyEtmkMBI1W6_UJdV9aUP8qxRUotyhlqdo5yHd2E96u31v1-4MQPOlV9um0_M-B6LQij-uS-VKHABK_Go-WpAYgFm5HOwAOgBgKAB4-_znKoB6fMsQKoB6a-G6gHzM6xAqgH89EbqAeW2BuoB6qbsQKoB47OG6gHk9gbqAfw4BuoB-6WsQKoB_6esQKoB6--sQKoB9XJG6gH2baxAqgHmgaoB_-esQKoB9-fsQKoB_jCsQKoB_vCsQLYBwHSCC8IgGEQARgAMgiKgoCAgICACDoOgECAwICAgICIgAKogxBIvf3BOliQq7GxgZ-TA_IIEGJpZGRlci01NjQwMzMzNjOxCUiNNZQT11AsgAoEmAsByAsBqg0CVVPIDQHwDQKIDv___________wHQFQHKFgIKAPgWAYAXAbIXDhgBKgo5MzczOTc1NjE4uhcCOAGyGAUYAiIBAdAYAcIZAggB&ae=1&gclid=EAIaIQobChMIjpCwl4GfkwMVrxCsAB0OXA_yEAEYASAAEgLgevD_BwE&num=1&pr=9:AAABnOuJ98AZEoRUsxw7WFrwjsgeI-5E02cFLg&cid=CAQSmgIA56J1eYFxhmKHJiuUSMGYrg6387z3cNWZROS37NG8wR9LOEv-8GUi7q2viTIkCIJvrWGUKeCX2MPiFQZD6pvZ0t-409AfeMV9d_hArruGZPS7xdUiBl5i_1CR7A8wZDKUC8nm2bunHxgX1dldT79CXic21WAKEyLftExplSQvF-qWz4zYvT4Szbug-TPBEL9nFCOFxz7p5PUSiIIRNoV6FvhDkxKaK3l92HfAgdsprdiuvmBuriZd13BVROM3XruIP1g7nK3TOBtH9DgN3OPkg098Rh3mNhpoS7go0zK-lKA2YDrNcAvCP_lhMiqdH78y8g46mzCIG-NC1swD-7uGHP8jujQihGjIW88X7lArMD7zWsb8ATmKOpkYAQ&sig=AOD64_08TjEEHOQ43GQ6wU9HbaFwEOLMiQ&client=ca-pub-3028258428956246&rf=2&nb=2&adurl=https://www.olhausenbilliards.com/%3Fgad_source%3D5%26gad_campaignid%3D940804251%26gclid%3DEAIaIQobChMIjpCwl4GfkwMVrxCsAB0OXA_yEAEYASAAEgLgevD_BwE,https://www.olhausenbilliards.com/?gad_source=5&gad_campaignid=940804251&gclid=EAIaIQobChMIjpCwl4GfkwMVrxCsAB0OXA_yEAEYASAAEgLgevD_BwE,,,,,,,,,,
104,https://www.googleadservices.com/pagead/aclk?sa=L&ai=Cyd3XDwu4ab7DO-iRvcAPrY6b4AzWw7_rgwHR4vfS5xSitoe0AxABINO5uyRgiQOgAYir1MICyAECqQLUQM7_IDxHPuACAKgDAcgDCKoE5QJP0GToAFGCPMeVEq5xZ-ERMfyTuOB9Pxne1QpeeJpY33n3HFXRi2JQNz3LNbZpJNdcBPyP5uB3naCooBCyDJ_DarSahVk1VrSMVj9nsqVxtCTASPdVuZeKkSr647XCC4JiJ-xZOh8Gc20P1Cxn8jzdDhYirYM3mhPkTY20ZMH3RG7apaWw2963LtuIhO7Mk1snf7gKK-8eYj_tM4FaVkreSQWQMHHwq5_ttDusnbqdnU_1iHfY9QsF0PzB3otkmk-gC0uTjdY-DJnnN-moSaUM_wo0MMEyBpG8yb8IHsddlSiNJAqeHmjVsaSLWJURaTLtUzzYzw7FszJbd9CBMgZztPcDKaVG9yoMpf7h2_3D83gnvKzlyNC3qWE3h4h_DlcL-6vlgb7q0snGws0_GdVWZIjGswzwLtpoOFaxRBmus3LcZ7OSbjPWiwY3Uqh2l1BF6bTEnnAvLKTM_aeXvJNTOFhoVbfABM715JqvBeAEAYgFtPr5m1WgBgKAB-DUq70BqAenzLECqAfi2LECqAemvhuoB8zOsQKoB_PRG6gHltgbqAeqm7ECqAeOzhuoB5PYG6gH8OAbqAfulrECqAf-nrECqAevvrECqAfVyRuoB9m2sQKoB5oGqAf_nrECqAffn7ECqAf4wrECqAf7wrEC2AcB0ggwCIBhEAEYnQEyCIqCgICAgIAIOg6AQIDAgICAgKiAAqiDEEi9_cE6WKCkrrbIpJMDsQnHnYV4XeHWQ4AKA5gLAcgLAaIMA5ABAaoNAkpQyA0B4g0TCLmAr7bIpJMDFehIDwIdLccGzOoNEwitzLC2yKSTAxXoSA8CHS3HBszwDQKIDv___________wHYEwPQFQGYFgHKFgIKAPgWAYAXAbIXDhgBKgo2MDc2NzA1NjY3uhcCOAGqGBcJAAAAANkUMUESCjYwNzY3MDU2NjcYAbIYCRICsV8YAiIBANAYAcIZAggB&ae=1&gclid=EAIaIQobChMI_oaytsikkwMV6EgPAh0txwbMEAEYASAAEgLUZvD_BwE&num=1&cid=CAQS5AEABaugfTHrVXxq7Mu8KiDiK3_glbCqHmkbZIOOulomiPwsBQraAoTtsqVMogFska06BobMM10-Xgfv5M8O_7ua2G5DphSl-VlhUnmNiZuc4jtf6nlTEtq4yGmXqZDqptbcPx5ScJLiUCoJDhzZ-U2_Po2WKsRvrAHnhJVne14lIyMikO2c8-S1kf9HV38b2A0UZHNOJ_RJUMpQjq8S2kY8Mg0qlgV9W5YD0VmTWv4MAViaNK8EuatZPAwSNEK3SWXoVz282hMuflbmZI6nKPA9HtEiY3arvSD33bLXVptwvHL4sz0YAQ&sig=AOD64_3V_Om68ClIeUcTVTP5ZFlaZ4nxzQ&client=ca-pub-5472357192251791&rf=5&nx=CLICK_X&ny=CLICK_Y&uap=UACH(platform)&uapv=UACH(platformVersion)&uaa=UACH(architecture)&uam=UACH(model)&uafv=UACH(uaFullVersion)&uab=UACH(bitness)&uaw=UACH(wow64)&uafvl=UACH(fullVersionList)&nb=2&adurl=https://www.zoho.com/crm/lp/switch.html%3Fnetwork%3Dd%26device%3Dc%26keyword%3D%26campaignid%3D22875634996%26creative%3D775192438207%26matchtype%3D%26adposition%3D%26placement%3Dwww.seattletimes.com%26adgroup%3D184471337678%26gad_source%3D5%26gad_campaignid%3D22875634996%26gclid%3DEAIaIQobChMI_oaytsikkwMV6EgPAh0txwbMEAEYASAAEgLUZvD_BwE,https://www.zoho.com/crm/lp/switch.html?network=d&device=c&keyword=&campaignid=22875634996&creative=775192438207&matchtype=&adposition=&placement=www.seattletimes.com&adgroup=184471337678&gad_source=5&gad_campaignid=22875634996&gclid=EAIaIQobChMI_oaytsikkwMV6EgPAh0txwbMEAEYASAAEgLUZvD_BwE,,,,,,,,,,
105,https://www.googleadservices.com/pagead/aclk?sa=L&ai=CFeziBMW4aar8KeiWjeYP_OGPiQHjmZ20ff62rufOE4CbusH1ChABIMClqyNgx5WAjoQmoAHN-9zXAsgBAqkCYIpKxNIXcD7gAgCoAwHIAwiqBN0CT9AQ5EtQgOeJWtjL40Mrw7f8SLyX9JDMbKF07IS1p3JPpDW9ypQ2yPTlNeEXRwOmMY8beTeuAJCcxGPwdtx7B1dtpnokhlJBpXCYGpQVXmPBd0wT29xeUtoCUy90kCdUFsCOdymLa3Z3PvSFhXNlDI-05VDAOCewHdgnuMUqQ-XSEkRqOaG8DNEm8wub0bqm9u7TYohHIHBw__YeXBBoTvtK6RJxsu949rsubgCf1GZeSJqyKuYXeIACQmfEz3p6_FKXnY1_LBnUQf73ncR9j7B1V2Ue1wMCiDX9EsNeaim-DnmAN-yFCbynqTnIpysik5UTCoR6gOhT6S6yE3mqxd9v0KLjkXz3GCBhiOvMG9B1nj2HeDYwMl6AhCu07voEGaz9XjRrckZCd60pbKZMe_mu0GOz2PZeEnZdRHUrIT7HrQTyqiSX_deUzecoYIh-bXzMTjrLu1GhQ4JA_MAEyLCIs48F4AQBiAX3tN-5UqAGAoAHm4SjqAGoB6fMsQKoB-LYsQKoB6a-G6gHzM6xAqgH89EbqAeW2BuoB6qbsQKoB47OG6gHk9gbqAfw4BuoB-6WsQKoB_6esQKoB6--sQKoB9XJG6gH2baxAqgHmgaoB_-esQKoB9-fsQKoB_jCsQKoB_vCsQLYBwHSCC8IgGEQARidATIIioKAgICAgAg6DYBAgMCAgICAqIACqANIvf3BOliK6Ini-aWTA7EJzzxAL85qcLeACgOYCwHICwGiDAOQAQGqDQJaQcgNAeINEwjaiori-aWTAxVoS8MGHfzwIxHqDRMI5uyK4vmlkwMVaEvDBh388CMR8A0CiA7___________8B2BMD0BUBmBYByhYCCgD4FgGAFwGyFw4YASoKMTU5ODc2MTQxOLoXAjgBqhgXCQAAAABAJQpBEgoxNTk4NzYxNDE4GAGyGAkSArtPGAIiAQDQGAHCGQIIAQ&ae=1&gclid=EAIaIQobChMIqo6L4vmlkwMVaEvDBh388CMREAEYASAAEgIfuPD_BwE&num=1&cid=CAQS0gEABaugfaOqTgKO1acbUhnKXfT70qOBvbQACp_n6WFT2tAdAQzbCos2R4kALNhVIAktBy6Ikszt6NlASIh9BpfE7NA9ZoUgiyHgN56eK4Lo0VTUzlob7zASQYNJmCpK3ipqrKQRcAEjxmgPQhC-dysZUlMlYiqSE9_Svc0-dJRU1jK_fwOHLTqM8KS-x3IHDe6UWU6UpDYqsojOcT0SAkiG6A_OhKZ8YQx1TnNhbVc9hsdbxwC1hgG5yLOgww21G-5muPH05YkUmqrB-tg1HBjmfr0YAQ&sig=AOD64_1-HETsqu9-CusDgbPZ-IVK4Oln5Q&client=ca-pub-5227748429508049&rf=5&nx=CLICK_X&ny=CLICK_Y&uap=UACH(platform)&uapv=UACH(platformVersion)&uaa=UACH(architecture)&uam=UACH(model)&uafv=UACH(uaFullVersion)&uab=UACH(bitness)&uaw=UACH(wow64)&uafvl=UACH(fullVersionList)&nb=2&adurl=https://www.jackfriedman.co.za/engagement-rings/the-kay-our-signature-engagement-ring/%3Fgad_source%3D5%26gad_campaignid%3D22132808311%26gclid%3DEAIaIQobChMIqo6L4vmlkwMVaEvDBh388CMREAEYASAAEgIfuPD_BwE,https://www.jackfriedman.co.za/engagement-rings/the-kay-our-signature-engagement-ring/?gad_source=5&gad_campaignid=22132808311&gclid=EAIaIQobChMIqo6L4vmlkwMVaEvDBh388CMREAEYASAAEgIfuPD_BwE,,,,,,,,,,
106,https://googleads.g.doubleclick.net/pcs/click?xai=AKAOjst6qfdo_kqQXVXruKtTBG-PC_m8ameXlBhrerqZO1qr_Igt6lXbDTSDTtF6I-qeWKi1ei2UYNFuxdXdizQRMknPW5JRo6pxFsM65zsc-bFBnIcka4JviHkU2cyn3a-wOKDBD6l_QzPMPQY8msBTZbGEdWjc_PTRYeFbUuuBMg-wZfVAxUtRauz58oZPb3LAvpMuOvH2dU2TBtSJWDKJ6TdKrNnobeM-HG41yQIrK-HUK3qjl7NnOEP4RHw7Y-RrIrEjwsO9ZKuMLsiRYjLm8PQre90h9Y8erTMsbxKjMgMijiR4zJfnJHPJfWITfJEvfBaMeltApJpkGzLzb6uKlSXDWY8eMPD1qZFLYaj29DW9OECrt4w4gkWflT-aZFwQ8tNm_633EtV7tOFEP_0S8U6hJkiBaA2jdfkpxG6oEg&sai=AMfl-YScLhuiIJFFdHEqRM39cMDBBWgxE6PpY0EWGARO9EzyD--B0h0UdZKEqo5PNLAJ5CkvHmUTkcr1VdEGeHf6T06qFZJ59NzLwDIpT_9kdQWDyITaQWTEg7hU3yDGM3NsthNBsV6m8I7agFS1JwanMba0jDfZFRUDb-GHKN3wEOxR5sWnkcC8qu0I2bLSq8tUlbq6hrWfTuJheVas4vbgHO1iGSH6QCm6vMZQQhGnUiua8dcKUYl1upM_oW-QiMjyPloWp4It92e7XCC-isoFRnU5idVqHCSmtuJ_VZZ5VWkuefJ46LRl45ZclduQA8fXfX6vPjM&sig=Cg0ArKJSzAG1BAQkVkAY&fbs_aeid=%5Bgw_fbsaeid%5D&adurl=https://www.zoho.com/crm/your-business-and-zoho-crm.html%3Fnetwork%3Dd%26device%3Dc%26keyword%3D%26campaignid%3D22525712283%26creative%3D778120198797%26matchtype%3D%26adposition%3D%26placement%3Dtamil.indianexpress.com%26adgroup%3D179266157277%26gad_source%3D5%26gad_campaignid%3D22525712283%26gclid%3DEAIaIQobChMIoeKv3tCUkQMVo5CsAh0MrAm2EAEYASAAEgJZpvD_BwE,https://www.zoho.com/crm/your-business-and-zoho-crm.html?network=d&device=c&keyword=&campaignid=22525712283&creative=778120198797&matchtype=&adposition=&placement=tamil.indianexpress.com&adgroup=179266157277&gad_source=5&gad_campaignid=22525712283&gclid=EAIaIQobChMIoeKv3tCUkQMVo5CsAh0MrAm2EAEYASAAEgJZpvD_BwE,,,,,,,,,,
107,https://googleads.g.doubleclick.net/aclk?sa=l&ai=CuN_xhc-0abbiKoeZjeYP9eSlWbC0wJh0gPP3hLUSgPrXr_kKEAEgha_zHmCV4pCCoAegAf3v0u0DyAEBqQJkUvGOfSezPuACAKgDAcgDCqoErANP0JC7zJ-NJu0wI4PZ_gBhJ3ntC5dO5CeJ5MRUJv5fsJz9sCnesfxCGVJ8VCq8mM_3j2eDrSqUQFU_HVQhydFPO9c81tZyYWX-vVMtlmRAAluAM3XnhxMJgqI9hoUFh1IKsllvjl2v9fImp7DP5ZMQH4ouEfqr62g_WVDJOtfG0OVDoM6NHUXdZZJWNhmCYBaWjpGJh2Xs1cyOX0_sg4msTKAFKLWbmavPsGKBJIsu4VXYKCsZO6FBFFZJmXEfEpgeI26PtFZP8oRvaoYP-L-LdL-glebFhtgV_Q-NPOFegSnv3mTHIxoxoDS1JNuiVGs554Kfz-hu2o2LMKDJQ9jW0seFOZQDdvJARjv__ea77iTlD_NMAs_0Qbiasgp5_f8wLHeD6YIe6QTEUFppntC1qXZScllPNxSlriELR9nyV0xmi9XmU2Mc3601f12cnSRK1Qppx5qHH6tlcXuNwsB1oSOSM-i1uDLb35x81XXKW3egQlM8Ierq1uw68dl2hQQu9eE8zqpxKqh4Ked_CxbdVk4pzeIBoEqfHNECs0bA1cHn0aU3FlpqTuXn-cAEmOLOgt0E4AQBiAWfqtawTYAH64-tEqgHp8yxAqgH4tixAqgHpr4bqAfMzrECqAfz0RuoB5bYG6gHqpuxAqgHjs4bqAeT2BuoB_DgG6gH7paxAqgH_p6xAqgHr76xAqgH1ckbqAfZtrECqAeaBqgH_56xAqgH35-xAqgH-MKxAqgH-8KxAtgHAdIIMAiR4YBQEAEYnQEyCKuLgICggIAKOgwAgICAgICUqIgCqANIvf3BOli_2Kacs56TA7EJ_PQ5F9klcFSACgOYCwHICwGiDAOQAQGqDQJERcgNAeINEwiY-qacs56TAxWHTMMGHXVyKQvqDRMIzI-nnLOekwMVh0zDBh11cikL8A0CiA7___________8B2BMDiBQD0BUBmBYByhYCCgD4FgGAFwGyFw4YASoKNTUwMTgyOTU3OLoXAjgBqhgXCQAAAADghfVAEgo1NTAxODI5NTc4GAGyGAkSAqpQGAEiAQDQGAHCGQIIAQ&ae=1&gclid=EAIaIQobChMI9rinnLOekwMVh0zDBh11cikLEAEYASAAEgK0xPD_BwE&num=1&sig=AOD64_0bjLSdVQEjwwqoJcxiP8kgCMNo5A&client=ca-pub-6131228133143733&rf=4&nb=0&adurl=https://gsystems.de/Produkte/GLIGHT/Sicherheitsleuchten/%3Fgad_source%3D5%26gad_campaignid%3D20771607839%26gclid%3DEAIaIQobChMI9rinnLOekwMVh0zDBh11cikLEAEYASAAEgK0xPD_BwE,https://gsystems.de/Produkte/GLIGHT/Sicherheitsleuchten/?gad_source=5&gad_campaignid=20771607839&gclid=EAIaIQobChMI9rinnLOekwMVh0zDBh11cikLEAEYASAAEgK0xPD_BwE,0.0,0.0,0.0,0.0,0.0,0.0,0.0,0.0,0.0,0.0
108,https://www.googleadservices.com/pagead/aclk?sa=L&ai=CgKKWirG2aYX7FriRvcAPgbGboAuCtPLFgAGDktHA2RW2kB8QASDj9rOqAWCJi8SE9BOgAZeevNMDyAEJ4AIAqAMByAMKqgTGAk_Qd1ZUuxA-jcmDIZNYf9ZnZ8lTXEx9amlz_mufKH9LQU0hoMLaGCFNKWUSFCPYSypnipaKi3lFYO6tUJW-o_nwLS86AfBT-68wKSX9qAjunSqQZTHYtHqCwnoOY6kwJc95Jou5RmyDVvdtAxT_yK4swDbuG4fLvplz27fgqHXtv3PLd0Cd7GkVQf1ZRtxORzl917i059GIhEqRLXQa3W8WiaeWjs-EVHF31kMHRs0wN5N550gEpPV9hMSUF6i0yCSUbLPGOuu8XYLrYmV5g12RPjKFs-X6Rfs_ay0hZIsqHWEH0-vJ0isRaUcLrIpacRWLyE4KYuyqTMTIng2PcubPkKGrz7OvQYqdY_FJy7HVM1DYb6eWRA1s3kz5DMViz-fesqC7J8emYr6xza-tEb-C6cEdnEbrMtAwkqPk4gmosiT_MQ2YwASv24OFigTgBAGIBaC07_1DoAYugAfR4cMsqAenzLECqAemvhuoB8zOsQKoB_PRG6gHltgbqAeqm7ECqAeOzhuoB5PYG6gH8OAbqAfulrECqAf-nrECqAevvrECqAea4bECqAfVyRuoB9m2sQKoB5oGqAf_nrECqAffn7ECqAf4wrECqAf7wrEC2AcA0ggvCIBhEAEYnQEyCIqCgICAgIAIOg2AQIDAgICAgKiAAqgDSL39wTpYsZWT9P6hkwOxCXDzm1d2Jp-ZgAoBmAsByAsBgAwBqg0CSlDIDQHiDRMImcyT9P6hkwMVuEgPAh2B2Aa06g0TCNSRlfT-oZMDFbhIDwIdgdgGtPANAogO____________AdgTA9AVAcoWAgoA-BYBgBcBshcOGAEqCjY4NTgwNzgzODi6FwI4AaoYFwkAAAAAaJ4BQRIKNjg1ODA3ODM4OBgBshgJEgKRVBguIgEA0BgBwhkCCAE&ae=1&gclid=EAIaIQobChMIhei29P6hkwMVuEgPAh2B2Aa0EAEYASAAEgJTtPD_BwE&num=1&cid=CAQS4wEABaugfTJYoobEdT1dtF4ar5QRuoAu9h7QzX9bDG646GbYyDyrHbAW3DchGAJG2o0HRmxWz9if6iXzWQUN9ah2pbCCfO3rEvkc8SmXDJdmjg8odQALhknWXTBR2GNLg_DSM2tWueAEsZUjo-xJIJgRCamhmX-jl7K7F5Nr4CQ_Q_SRotoCOGeXq1SO63aHixsQMzO5_OmItUVSnTv8UorKU_EyMaHv8lobbABwMcMWbltbqmXQtQgqp_Q1lzPMGa5zLyIwP6TzIJ0mm6sW482RDOsjYl1EUf9TnB_mwiYMUp43MhgB&sig=AOD64_3E17wQiyWNgyhWzXTVQIF5_lzgpA&client=ca-pub-9378280564130997&rf=4&nb=9&adurl=https://victory-agency.com/%3Fgad_source%3D5%26gad_campaignid%3D18249144864%26gclid%3DEAIaIQobChMIhei29P6hkwMVuEgPAh2B2Aa0EAEYASAAEgJTtPD_BwE,https://victory-agency.com/?gad_source=5&gad_campaignid=18249144864&gclid=EAIaIQobChMIhei29P6hkwMVuEgPAh2B2Aa0EAEYASAAEgJTtPD_BwE,,,,,,,,,,
109,https://www.googleadservices.com/pagead/aclk?sa=L&ai=Cijd04Gi2adiuHdmx5t0PnvPjsAas_8yjhQH4kbSQ6hWwkB8QASDCiLkiYMmOxo30pNAZoAGF-fH7A8gBCakCZFLxjn0nsz7gAgCoAwHIA8sEqgTfAk_Qb6djkNpyZ1fz7gTOEZsLdGPGb5sdXb3kPwOfziBpmVkosfZtmH8tKV3O6rcG9ksnmcrHdtHuYIMhIJpQDtHb5r6uU0YXOBz7PXI6kktqZ9X-XOaKaNrdfIddYKZGbOU_pHueTND3zeT_8IuXy3FYJaxmpsuL2ivwPYUjQpK7lrnBWjZBOUsIQw-oz4QGTYCiU8Owkik8JIQwZtwG-_o4p930VrjWZQ1Y7Cgzy53LCj6AujG9CEoT9d5irxBI4t3IkcDnokNEJimXJFGvnJDgsdouMmpgaL5WJhSNAXPi1hWQrhuVM-3_1frImL-WgCAQRc6peZr_mVTnYcEEvQU7JWzoLR-k23mqJ1KnX4zGtznw08fZTZcdWP260M3L_68Plz4j-cvx7NbW3jvy3wwqexqWW9f6JMvoMCG_jYe2RDmRAri-iswsKjM37fYs6QJwxsugKimZWbbcHJwQXMAExbDH9sQF4AQBiAWvlu_fVaAGLoAHreWhMqgHp8yxAqgHpr4bqAfMzrECqAfz0RuoB5bYG6gHqpuxAqgHjs4bqAeT2BuoB_DgG6gH7paxAqgH_p6xAqgHr76xAqgH1ckbqAfZtrECqAeaBqgH_56xAqgH35-xAqgH-MKxAqgH-8KxAtgHANIIMAiAYRABGJ0BMgiKgoCAgICACDoOgECAwICAgICogAKogxBIvf3BOljt66fOuaGTA_IIG2FkeC1zdWJzeW4tMzQ0ODM0MTg1MjkyOTI1M7EJVkG0D5dMvOeACgOKCtoBaHR0cHM6Ly9tLmV4YWN0YWcuY29tL2NsLmFzcHg_ZXh0UHJvdklkPTUmZXh0UHU9c2l4dC1nYXcmZXh0TGk9MjMwMTgwNjQ2ODcmZXh0Q3I9MTkwMzAwOTM2MjYxLTc5ODQ0OTY3NDY5NSZleHRTaT0mZXh0VGc9JmtleXdvcmQ9JmV4dEtXaWQ9JmV4dEFQPSZleHRBVD0mZXh0TVQ9JmV4dE5UPSZleHREVj1jJmV4dFBHaWQ9JmV4dFBSaWQ9JmV4dElEPSZ1cmw9e2VzY2FwZWRscHVybH2YCwHICwHgCwGADAGqDQJVU8gNAeINEwjirqjOuaGTAxXZmLkFHZ75GGbqDRMIhPWpzrmhkwMV2Zi5BR2e-Rhm8A0CiA7___________8B2BMMiBQB0BUByhYCCgD4FgGAFwGyFw4YASoKNDgxMjExMzE1MboXAjgBqhgXCQAAAAAAGOtAEgo0ODEyMTEzMTUxGAGyGA8KBKKoogISAqhOGC4iAQDQGAHoGAHCGQIIAQ&ae=1&gclid=EAIaIQobChMI2J6tzrmhkwMV2Zi5BR2e-RhmEAEYASAAEgIIyfD_BwE&num=1&cid=CAQS0QEABaugfbbToeb6bO_R_cCpDX8vCVOMZn0PspOFBnbfJn5QlcEfm01LQ2mW8L1ix3rGjZVQMXirmNI8gw2lHRahUhbJAbnY1cJVphuZ59IRNHQCtNzM_QbW1TDVijc0FDcjQuuMuPMlXOPOE-LQVWzeFB3aGncO1K5AzG76Y-dlsIpCoxMjiP_MhTNvLS_joIuCW-Yjo8qzXX7poI0omGsPBWz_5xTHS8BOPwzwMqt79_qib7NXswib-bO4MGzRNHymxpDdiONxQ2IdcMbTrdz_uxgB&sig=AOD64_3SUZk5ZTnv3Lj7fW6szbPxgbUJaQ&client=ca-pub-5610521491184789&rf=1&nb=9&adurl=https://www.sixt.com/campaign/2-en-us-15-ww-gn-earlybird%3Fsxamc%3DGoogle%7C%26fir%3D1%26gad_source%3D5%26gad_campaignid%3D23018064687%26gclid%3DEAIaIQobChMI2J6tzrmhkwMV2Zi5BR2e-RhmEAEYASAAEgIIyfD_BwE,https://www.sixt.com/campaign/2-en-us-15-ww-gn-earlybird/?exactag_uk=12fbfc30fc944f50bad0621b98f3b768&gclid=EAIaIQobChMI2J6tzrmhkwMV2Zi5BR2e-RhmEAEYASAAEgIIyfD_BwE&fir=1&sxamc=Google%7C&gad_source=5&gad_campaignid=23018064687,0.0,0.0,0.0,0.0,0.0,0.0,0.0,0.0,0.0,0.0
110,"https://www.googleadservices.com/pagead/aclk?sa=L&ai=C4Nr6WoG3af3sEO_Y29gPtZHYGZzk7dyFAZbNsJG_FYe2vs-IChABIIvwih9gx42BjoQmoAHDkfOeQcgBAqkCrxZR3Z3Rbz7gAgCoAwHIAwiqBJIDT9Dd-HJIUVbhrydIRmjynpbw7NLKRsWj5zPOiLOWwrpLoKXYGgdTDRcQKj3sWoxIa4mh5ZxUpcwg-y_pxMJyrh-YVGipKLb1xt_kS334d4C3rbsIYHwnFuo2fu6JKYzo80S1E9wYMv_PPpnc1qvW4K6Wc_ZeQ2TXZoenoI7dbZOT_CHiHk07S1tcQRB_PCK0XMmBAeC2mmRT6T6qbz-dIG1OmVRqsRz9jtbvstS8f4i6dV5CZ8LBbxj5pe_dnGdR8M-wCFXdpVPy1o6Dgh8_Yr_cz10Fa-pzSPEFz2C2XDWNCsv8psnZ5HTBIzX_6RyjpDrVNhP98YPgmFkQRnbuL9T8NI2-CFNDoqMBg0iDql1SB3BeHu0ZUw3-4xwTuEjGyYso1vxIHzDhDLi_JfeKrggH3dmnGOK4M6zVUKDF-oq12F64dD5aPhIbKs7ZRkrSoIrF72ku0DOBwRrJahjfl-hw-RL7CWZiAsweFz7qGaFdmw16ca6BzSJOq3b2C-y5A8eBVXccxMg_tppel_fLwbYRwATvyL6m4AXgBAGIBYHWrNRXoAYCgAfDycP-G6gHp8yxAqgH4tixAqgHpr4bqAfMzrECqAfz0RuoB5bYG6gHqpuxAqgHjs4bqAeT2BuoB_DgG6gH7paxAqgH_p6xAqgHr76xAqgH1ckbqAfZtrECqAeaBqgH_56xAqgH35-xAqgH-MKxAqgH-8KxAtgHAdIIMQiQ4YBAEAEYnQEyCIuDgICAgIAKOg2AQIDAgICAgKiAAqgDSL39wTpY_NGNjMWjkwOxCTYezR0CmpUmgAoDmAsByAsBogwDkAEBqg0CWkHIDQHiDRMIw4KOjMWjkwMVb-wWBR21CDYD6g0TCPDIjozFo5MDFW_sFgUdtQg2A_ANAogO____________AdgTDdAVAZgWAcoWAgoA-BYBgBcBshcOGAEqCjIwNDUyMTQyMji6FwI4AaoYFwkAAAAAYA3yQBIKMjA0NTIxNDIyOBgBshgJEgKtURgCIgEA0BgBwhkCCAE&ae=1&gclid=EAIaIQobChMI_YGPjMWjkwMVb-wWBR21CDYDEAEYASAAEgK1lvD_BwE&num=1&cid=CAQS0gEABaugfe8Rw2gigtCOu974ZHTYPk2Vpkep49QmuiqT3Cbzwl4pmj8UULMKJRxh1xrN3k00T3yp6E-0mJRnAX0FEpK4uX7679OJAGszfFJrjaGHhz0yoC_dVIrz5kSOGLpyXjJB_OiKd2gOrDwSySBi0NSPC0-ZQP_BcAn2ZxTDWJMMy_yGl_52XX2La1IErAmaMFroYpLz9yB76KooCQ8KwYo_NxgENgTnVYBK50SlgTRn4vXvfXcRmcG-8Zlo2sDqRq6ohaP8e_b4yR_52OCiTl4YAQ&sig=AOD64_2-sqXF-msdV2GjntAUKUNWxoENCg&client=ca-pub-3746578658400510&rf=5&nx=CLICK_X&ny=CLICK_Y&uap=UACH(platform)&uapv=UACH(platformVersion)&uaa=UACH(architecture)&uam=UACH(model)&uafv=UACH(uaFullVersion)&uab=UACH(bitness)&uaw=UACH(wow64)&uafvl=UACH(fullVersionList)&nb=2&adurl=https://thebedshop.co.za/%3Futm_source%3DGoogle%26utm_medium%3Dcpc%26utm_campaign%3DTheBedShop_Display_R3,000_March26_Local%26gad_source%3D5%26gad_campaignid%3D23530777345%26gclid%3DEAIaIQobChMI_YGPjMWjkwMVb-wWBR21CDYDEAEYASAAEgK1lvD_BwE",https://thebedshop.co.za/?utm_source=Google&utm_medium=cpc&utm_campaign=TheBedShop_Display_R3%2C000_March26_Local&gad_source=5&gad_campaignid=23530777345&gclid=EAIaIQobChMI_YGPjMWjkwMVb-wWBR21CDYDEAEYASAAEgK1lvD_BwE,,,,,,,,,,
111,https://adclick.g.doubleclick.net/aclk?sa=l&ai=CuXUugLK2aZquI_z7pt8PyJDt0QzOi4DJhQHJntahyhXd2R4QASCM95YmYImLxIT0E6ABlsuH-UHIAQngAgCoAwHIAwqqBNICT9CBEkP2LBni5k1_57wbbHmD59WYJdgRTalFP2QA-ZPetOFJytdPSFbjad_dTsQyunhDVIQhr0ebj2WGsVKEjdMEjp2-do8M2U3lBnwruawEs1tLG_3USAXP3zLoBmwDwNW5ktVhaxMs1c-FPmnbp8k9bin9BscK9vKJTV3T4O6sTfykV0ah4sIgDdSZEd6YPSHxcSjdJU33812TN3aAlGmkrcEtgmnSG13bFfilh5dNkNUTJmMEWno0B1znvKLkN7cRECJ603FgYFyjWfrdEFx3VwZ1mbM9tOBhnh_Hpi2r27iZgaweRNwg1Esi74l8406wZeECthCtEt5Kynd4BVioZ79KRjoiYn5fE10blpy5xN0yoPwPrlXD6OMJ_xrosJAPX8vPEph7bk4yfKFqE3RW4qyVs_Zq36rkRwCvA2iBzCobmG15XGRmXPpc_kohgC7ABI_biZ_OBeAEAYgF6beU8VegBi6AB5aD2NgcqAenzLECqAfi2LECqAemvhuoB8zOsQKoB_PRG6gHltgbqAeqm7ECqAeOzhuoB5PYG6gH8OAbqAfulrECqAf-nrECqAevvrECqAfVyRuoB9m2sQKoB5oGqAf_nrECqAffn7ECqAf4wrECqAf7wrEC2AcA0ggvCIBhEAEYnQEyCIqCgICAgIAIOg2AQIDAgICAgKiAAqgDSL39wTpYiN6q6f-hkwOxCeeC8XmMY_CGgAoDmAsByAsBgAwBogwDkAEBqg0CSlDIDQHiDRMIyqmr6f-hkwMV_L3pBR1ISDvK6g0TCLHnrOn_oZMDFfy96QUdSEg7yvANAogO____________AbgT5APYEwzQFQGYFgHKFgIKAPgWAYAXAbIXDhgBKgoxOTA4NzU3Mzc5uhcCOAGqGBcJAAAAAIC50kASCjE5MDg3NTczNzkYAbIYCRICk2kYLiIBANAYAcIZAggB&ae=1&gclid=EAIaIQobChMImu7p6f-hkwMV_L3pBR1ISDvKEAEYASAAEgJr6fD_BwE&num=1&cid=CAQS0QEABaugfeHEKP43uspKy566R7Rp0zFHFHGx71lhkLpC7Q52Hkshr9zbDMxVUchtVuzhoOaUR2513GkontaJ7Q2gdBMVzYc6nVMk7mF9z-GyjUR7vpJda2e1BbpHURK7aX7WQ-rzgWB5M_AldywbJLa7t-wBzvk9Mqzz-SWQiZFg9XNDSGquU7yZGlebtL4Ga0z4fR-J0Hp3Yike5F3bcEK6m3_SfnUZ4sC8ShCT12XldqJ9sJYZf_rrL-U-5LPBwcmojTRcQBGbg-EqJrRoXPEZnBgB&sig=AOD64_0vWZbTKgjLL_Kyor45DqS9y8vx-Q&client=ca-pub-6554330019384808&rf=4&nb=9&adurl=https://kabunews.co/6010%3Fgad_source%3D5%26gad_campaignid%3D23591197673%26gclid%3DEAIaIQobChMImu7p6f-hkwMV_L3pBR1ISDvKEAEYASAAEgJr6fD_BwE,https://kabunews.co/6010/?gad_source=5&gad_campaignid=23591197673&gclid=EAIaIQobChMImu7p6f-hkwMV_L3pBR1ISDvKEAEYASAAEgJr6fD_BwE,,,,,,,,,,
112,https://www.googleadservices.com/pagead/aclk?sa=L&ai=CLw6KqZq2aYOyHe3wjeYPzZOX-A3AlK_IhAGJuvTtoxWAkZSYQxABIKf2jBpgmwOgAa61y-9ByAEJqQJ-eY9f2bRvPqgDAcgDywSqBMcCT9C9jkr3WO5Va3vMjPTHTLRPfSp-m8vnixBSh7w9DjJSkeZmqsqet2MNLPowNQQ_MAvVrsGPEKHgwPyYCte709QAX3QucRbMKdyidK5m0TGGlzwcfB9VPgEq81NnZbUBNc7q023gAQYsjaFb3byOprAw4g5Ot7rUaz8yyBODJZ--w_0Nc0kRDyb-vMg_ot-QuMcSs96244lJ-NZquXFECyxczlJyfWVY6ajj-_GGw9tOFnguddfQK2ToSrFmHH-NxUYnvce6Xte_AKf7jxwVlUqo5JcWP9NGfs-Bx5T686gsIkbJcISh6V5-mJ-XJlH80HkG9zYHtJf04eNPoBuVdBwXH9qSZIoN1hxlX0P_sG0iki9fBSHCk--kb7LfzhwGGzjfBwju4VHNmAo40FLB4M8jDTc9zFTV4ty3TKvUeGibVWObnmFEwASqu_zY0wWIBcbXhaZXoAYugAeu7ZvPHKgHp8yxAqgH4tixAqgHpr4bqAfMzrECqAfz0RuoB5bYG6gHqpuxAqgHjs4bqAeT2BuoB_DgG6gH7paxAqgH_p6xAqgHr76xAqgH1ckbqAfZtrECqAeaBqgH_56xAqgH35-xAqgH-MKxAqgH-8KxAtgHANIILwiAYRABGJ8DMgiKgoCAgICACDoNgECAwICAgICogAKoA0i9_cE6WOqD0YvpoZMDsQloqCLu5dTfroAKAZgLAcgLAYAMAaIMA5ABAaoNAktSyA0B6g0TCM2t0ovpoZMDFW14wwYdzckF3_ANAogOCdgTA9AVAZgWAcoWAgoA-BYBgBcBshcOGAEqCjAwNTc5Mjk4OTa6FwI4AaoYFwkAAAAAAOzzQBIKMDA1NzkyOTg5NhgBshgJEgKwUhguIgEA0BgBwhkCCAE&ae=1&gclid=EAIaIQobChMIw6rSi-mhkwMVbXjDBh3NyQXfEAEYASAAEgL71_D_BwE&num=1&cid=CAQS0QEABaugfY6KIWuqhH7PLmNBTiD_kXO5LKjxFmIQLZZMCBdovabWyGK4iV-LY3XYeZytkAccQ-5xO17R59GYC2INY7nRtFazrww_AS3FTCxTk37nX2_cSb-y2tkD4H543UORtQT2eJBKaCDm_bI03IitpO7TkALPf1aT6mBi9RALd_k2FOk1Z4yYYajTZjKhIdNvS4sI-eTvusH77f5vndwZ5J_Zxl6cKpVJPMI-Z6QTSut3bMKzfJgD3xy9L6XjkxsuRCp05j8KEdwS6qqcAg6VmRgB&sig=AOD64_1o8lb0ZK97obVpP8g-jP-8uBAcTA&client=ca-pub-2107538958244175&rf=1&nb=9&adurl=https://www.aspenpharmasa.co.za/%3Futm_source%3DGoogle%2BDisplay%26utm_medium%3DCPC%26utm_campaign%3DAwareness%26utm_id%3DMounjaro%26gad_source%3D5%26gad_campaignid%3D23433669574%26gclid%3DEAIaIQobChMIw6rSi-mhkwMVbXjDBh3NyQXfEAEYASAAEgL71_D_BwE,https://www.aspenpharmasa.co.za/?utm_source=Google+Display&utm_medium=CPC&utm_campaign=Awareness&utm_id=Mounjaro&gad_source=5&gad_campaignid=23433669574&gclid=EAIaIQobChMIw6rSi-mhkwMVbXjDBh3NyQXfEAEYASAAEgL71_D_BwE,,,,,,,,,,
113,https://www.googleadservices.com/pagead/aclk?sa=L&ai=CYMuWcUG3abZFvoWL1g_w97TRC5e3pOiFAeSLwNv3Fcq6jPG-ARABILflhCFgyZ75hoCAoBmgAcvJtowDyAEJqQKbEhoZCnGDPqgDAcgDywSqBPoBT9DPifSKygvB8G3IP9G4kvTYnyGuwvXfEYiengnYTQFky2a726kCmQUYHUw9kIlLRtYNgDRrr8_GF1YB2Y8wjKDcgJ4dYjokw5CgvAANG99Z2DgCTm2C22UYszpQrbnlCGOjEmycxDl0KI2_Xim7DXMrRk9WnVA3hyZH_bCs5dHmSRvUx6EBOeG_CqCIgge1lKWB83SOjHpFVtUkgjhW15LeJv1qmlyEuIgmG2F6xDC5LYNGtanipsBbpkAIEk68di6DBPGDI9ueAfhAFj9VzFmFt9Ifw8o5bgh_UpgR4jY15fir6qsLvCj7dCrEqyI3E6GtesX-u99EzMAEsYPVqLEFiAWP-P-eVqAGLoAHnbbJc6gHp8yxAqgHpr4bqAfMzrECqAfz0RuoB5bYG6gHqpuxAqgHjs4bqAeT2BuoB_DgG6gH7paxAqgH_p6xAqgHr76xAqgH1ckbqAfZtrECqAeaBqgH_56xAqgH35-xAqgH-MKxAqgH-8KxAtgHANIILwiAYRABGAAyCIqCgICAgIAIOg6AQIDAgICAgIiAAqiDEEi9_cE6WO6-u5SIo5MD8ggNYmlkZGVyLTE5Nzc1ObEJVtSJCtRdFzqACgSYCwHICwGADAGqDQJVU8gNAfANAogO____________AbAO4PaB1Ri4E-QD2BMM0BUByhYCCgD4FgGAFwGyFw4YASoKNTA4ODUyNjM0N7oXAjgBshgFGC4iAQDQGAHCGQIIAQ&ae=1&gclid=EAIaIQobChMI9sG6koijkwMVvsLCBB3wOy26EAEYASAAEgLnaPD_BwE&num=1&pr=13:abdBcQAAAAA-wgPFSs05jtwYE7pFquvQzYG3Ag&cid=CAQShAIA56J1eZX4U8rJDBPAQoUHkmLx7dFfQcB07Xp4UMzYx3VRYrnocvEgO1YAmqhVoRtbVeIdX_dUuKI7jgcwag85VubP1oqmuz8GfWohTTnw9-I-JK_3KM9kEZTH3rrdhgTjc5cjBCT3mNKRIDeqahjW4NgPRBYoKjWD24SqnbkNNsDPChyAxCzYEg7zZ_7n4I7NBCGjaaMSKNq1VgNvOy-07YUjKTsUzEgWpH4IVSzlqgzi7v3JJXITASOEReJ5-PP8Aw_9b4J2ZKTdrPuxbmaIA12IHoqFZFkPoPI5mnz9XAInDHXUZljG3VLXGxeI8oe9dnITtFefHGDIiHG0K0ILhTGaFxgB&sig=AOD64_1dCfIL7H_rzma8EJOBUZupdw5GuQ&client=ca-pub-5722610347565274&rf=1&nb=9&adurl=https://www.gstarcad.net/Eshop%3Fgad_source%3D5%26gad_campaignid%3D23150459919%26gclid%3DEAIaIQobChMI9sG6koijkwMVvsLCBB3wOy26EAEYASAAEgLnaPD_BwE,https://www.gstarcad.net/Eshop?gad_source=5&gad_campaignid=23150459919&gclid=EAIaIQobChMI9sG6koijkwMVvsLCBB3wOy26EAEYASAAEgLnaPD_BwE,2.0,2.0,2.0,2.0,2.0,1.0,1.0,1.0,1.0,1.0
114,https://www.googleadservices.com/pagead/aclk?sa=L&ai=CcL9sOJu3aemtKbWTpt8P7ZbC-AaZl9v0hQGvz7TxrxWhpvjz0B0QASCxxahPYImLxIT0E6ABl7Le8UHIAQngAgCoAwHIAwqqBMYCT9BPPuVrtGxddcDV-hhtAcytgg35f3XFfXqmxSgKPRTdSuSxvQCLHwIw7VDcjnjq87VGbTVhLK__kgTFJ3Q9q8gbNGpSoHPsZ9KWHGsza4HkLq-6cx3RsCqlUVRIJtB4HBmNbMs4KDlfDjX03kGpUve2jIwuEIT8sl6Ss2qPR6sly-0JVQncDZQbaVyAwAnCmVcF5upUyykyDZIakyWeFl4z771NgRoXcKuyCqlovKgHdNbdXy-y-SMGD33Soe1zthLAO6-n63TPeqLCWoyjT79apFqPwC_Dj727o2H2kfpwkmDZ7o1ehhIs28wgMzOQgyNep4c55V48Sds1l6hHYHNrBy52vXpW5yPVNAam55fbl9tHliCzhAoed0ivGdDbyO7tZoZxxR1TQ-qOQTRScj-XRdWBF-he6tQLFHxQ8_jBLFL6QobABN7h1f7WBeAEAYgF_fP4j1igBi6AB5fqrtEcqAenzLECqAemvhuoB8zOsQKoB_PRG6gHltgbqAeqm7ECqAeOzhuoB5PYG6gH8OAbqAfulrECqAf-nrECqAevvrECqAfVyRuoB9m2sQKoB5oGqAf_nrECqAffn7ECqAf4wrECqAf7wrEC2AcA0ggvCIBhEAEYnQEyCIqCgICAgIAIOg2AQIDAgICAgKiAAqgDSL39wTpY9of04d2jkwOxCasATpMWOryHgAoDmAsByAsBgAwBqg0CSlDIDQHiDRMIp7b04d2jkwMVtYnpBR1tixBv6g0TCJD59eHdo5MDFbWJ6QUdbYsQb_ANAogO____________AdgTAtAVAcoWAgoA-BYBgBcBshcOGAEqCjUzOTM3MTY2NTe6FwI4AaoYFwkAAAAAPcc1QRIKNTM5MzcxNjY1NxgBshgJEgKSTxguIgEA0BgBwhkCCAE&ae=1&gclid=EAIaIQobChMI6an24d2jkwMVtYnpBR1tixBvEAEYASAAEgI94PD_BwE&num=1&cid=CAQS0QEABaugfcGcLoFyqMUo5FSK78xf6dgyZEuROVAxRoYG5Fsg4XqeqtZrZXpt6FeT3Yth3B52i6_JS6YvqFCSBocqeLqVwBaQDFFEOifERjjYR2SUcHF1gi4HAIwzadeVh6b43fQ8cHblhgvX8Dtp9o5ZfmcnAdXNN8lKwDWkaR2AeiWahl1Rz60rD2_P_bZOCJ0Hs-PlHa7aU5VOcc3tH0_Q5hUnLNjRGwVnGe3ckDMLYj60xeKGi1pXWFcm-q2UZE3hejBtuXzpB4yTmoHG2727phgB&sig=AOD64_1pWpehd3C506ZuGG16hC_2ecr1tA&client=ca-pub-5906247292784018&rf=4&nb=9&adurl=https://inuhouse.store%3Fgad_source%3D5%26gad_campaignid%3D23655758333%26gclid%3DEAIaIQobChMI6an24d2jkwMVtYnpBR1tixBvEAEYASAAEgI94PD_BwE,https://inuhouse.store/?gad_source=5&gad_campaignid=23655758333&gclid=EAIaIQobChMI6an24d2jkwMVtYnpBR1tixBvEAEYASAAEgI94PD_BwE,,,,,,,,,,
115,https://www.googleadservices.com/pagead/aclk?sa=L&ai=CLLg7g7O2afbcD6GCjeYPzNOpwAPOi4DJhQGQv-7VpBXd2R4QASCM95YmYImLxIT0E6ABlsuH-UHIAQngAgCoAwHIAwqqBMEDT9CPrT5eMltEMM-zrgxe1bFInH5NgnotimGac5CTP7v5arkpCct5_RhEBpt5ADXYoEqEL3Mm8jX4gHYdUSVOr0BOfk-ufoCYDM2WQXhCEMZmPjC79mLb5NPpz9FYO2ApL6galAEhC0OUoLNIjpgLRLxA1lO7HISwrNN_h4LnUaTglJs9l53LBc8LKJg72MqC-_9eKKf8b3p_r1BA1ik418vwZu67zqD8EYPWDr8ulrI8gxhWdQOXJWB1pNCk6FjB7Zgf1b_XsW4kmQhp8AI-3yUgWDUMkkRJkxEGT6mFSLzxTylpjDlBLff-V7bpOn3xFfpSZXRLmUaxM2r6SVE1ZndZ7geUyyh03d6JrfK2kiOXCEt9T03UyuLS5bOUsd4Ucg2ONybG3uYzDiAJTXL7iCnJskZub9QjZsXzvWWiAMNpyIuWNM059FQGf8nINvUrOrbyO_RalPe-KJeBHMiDbQtVw_muEdkUkmpBG1VHgW8GwRfUdAh6VKwEEZz55BQtDhjcGfYRyOTB7doZ-1kMNFNqqzA3mo1cAe3epdtiDhuUMdl5-kn02NA7pM7vos5HN5nFIFParUe2NyW474-U7GnABI_biZ_OBeAEAYgF6beU8VegBi6AB5aD2NgcqAenzLECqAfi2LECqAemvhuoB8zOsQKoB_PRG6gHltgbqAeqm7ECqAeOzhuoB5PYG6gH8OAbqAfulrECqAf-nrECqAevvrECqAfVyRuoB9m2sQKoB5oGqAf_nrECqAffn7ECqAf4wrECqAf7wrEC2AcA0ggvCIBhEAEYnQEyCIqCgICAgIAIOg2AQIDAgICAgKiAAqgDSL39wTpYi8OU5YCikwOxCeeC8XmMY_CGgAoDmAsByAsBgAwBogwDkAEBqg0CSlDIDQHiDRMI6eqU5YCikwMVIUHDBh3MaQo46g0TCJqLluWAopMDFSFBwwYdzGkKOPANAogO____________AbgT5APYEwzQFQGYFgHKFgIKAPgWAYAXAbIXDhgBKgoxOTA4NzU3Mzc5uhcCOAGqGBcJAAAAAKBb70ASCjE5MDg3NTczNzkYAbIYCRICk2kYLiIBANAYAcIZAggB&ae=1&gclid=EAIaIQobChMItqqW5YCikwMVIUHDBh3MaQo4EAEYASAAEgI8yfD_BwE&num=1&cid=CAQS0QEA56J1eVHhKf5ydq4ySKraYM_4U2NDuM0zX3vOGhxkp7QuLLrCciAbLeryCIwSYoyyhNp_I0xUOqWpBGRa5XzOEDeMIc8p4wsZN5olLA1BujcAafxf-HDu-CQQq2XAwCt35hfAkHIUil2XATbHapKCxN_2-JJok81a4ytOOePLn4qfLIFN8ut_tzz1l80ctzlZsKFWI8k8COXCC2jZ2rPwGNhs28-lNu9RlJAf2NrbOy5i86y26IHjq2WzVGVkBpwWxTv7u9N3qd6HRVPOD2eB6hgB&sig=AOD64_2dxX5dkuhcD13dd-69fscajKN2cw&client=ca-pub-6554330019384808&rf=4&nb=9&adurl=https://kabunews.co/6010%3Fgad_source%3D5%26gad_campaignid%3D23591197673%26gclid%3DEAIaIQobChMItqqW5YCikwMVIUHDBh3MaQo4EAEYASAAEgI8yfD_BwE,https://kabunews.co/6010/?gad_source=5&gad_campaignid=23591197673&gclid=EAIaIQobChMItqqW5YCikwMVIUHDBh3MaQo4EAEYASAAEgI8yfD_BwE,,,,,,,,,,
116,https://www.googleadservices.com/pagead/aclk?sa=L&ai=CxdYujiO2aaDJEruB2roPnpGQcMvk7--FAczvvPDDFLeb8qiPDhABIM2ejxhgiYvEhPQToAHrucLBAcgBCakCaAvoJFnjOj7gAgCoAwHIAwqqBKMDT9BagCG54KLH4cgBZV_lF1a66x71e5PEusgpbIXfm44mJOV8WU_DA1BV6gxG1Tb1D3uXEJK8mRr2gMtQLUkbojOsfw1rgcXcU0Rk36Jhu8T-1aQ5O51tGIuNTyaCRo4v6CfodT343T9ySE6b_e8Yr9c1FOLhcMPF7tsjNlQv7T2uQ9omoj_8XQFWfxTGou-oYWBLSXWVl4MvrsBtHwCEPQMlpbxXrtTU4yqGjrHtM0fMbqrxHEoUe95heT7vJF3ongnul5WmYchwkTdQbZ11_hY7wusirBT37tN6O7wqRX10QKzM5buk5OzE6Mv74QNrw26zIRV9mjOXSgf7R3rz4IyJ-RNpx4eytZfiPU8Fuf88-k_8LTj3i-3vPyzMznLxrXANSknuwbSY-eMsPElQX4Ez10V58IyDjlInAhPYIHVWOLS4tKq23ERFpJNr5C3LaOjDJ_SSdwJwREfQUDxYJptzMs5ObOqJozHfK_p7Md6ExHXhdfuDFlXz4Xly3VVDp6DJ7xJnFG5D4c60VNMXAVWtZ2cNhKjx6-5OYOF5OgBow3rABL-7mtimBeAEAYgF_JzNqVGgBi6AB_3Fvb4CqAenzLECqAfi2LECqAemvhuoB8zOsQKoB_PRG6gHltgbqAeqm7ECqAeOzhuoB5PYG6gH8OAbqAfulrECqAf-nrECqAevvrECqAfVyRuoB9m2sQKoB5oGqAf_nrECqAffn7ECqAf4wrECqAf7wrEC2AcA0ggvCIBhEAEYnQEyCIqCgICAgIAIOg2AQIDAgICAgKiAAqgDSL39wTpYiMimwPegkwOxCSrlayHrwUb2gAoBmAsByAsBgAwBogwDkAEBqg0CSlDIDQHiDRMI9PWmwPegkwMVu4BWAR2eCAQO6g0TCPqCqMD3oJMDFbuAVgEdnggEDvANAogO____________AbgT5APYEwOIFAPQFQGYFgHKFgIKAPgWAYAXAbIXDhgBKgoyMjc5NTc1NTIxuhcCOAGqGBcJAAAAACiUDEESCjIyNzk1NzU1MjEYAbIYCRIC7U4YLiIBANAYAcIZAggB&ae=1&gclid=EAIaIQobChMIoMiowPegkwMVu4BWAR2eCAQOEAEYASAAEgLFx_D_BwE&num=1&cid=CAQS0AEABaugfeRacxMwhgOA6Jqys_SXKh10Cqn14-lGk1dbj30T9wjaMR5X6I1IPbCtOBfgfqK9wfyJapvu6ktBOri20dcPKCYfuBsd_jFcaEp_8Uw8qks8sHxYP3XQBTBZFfz8j5FIDNfDAfpdfrnVIOdPqSdiY8ujQZ1-dLZKq9Rn4RFsq3QND1zqogizNBUFp8bBaNCoifSAc-AIp1mT3AOifE3XO31o0ICGfH-7p_nUIKn9vq_SFKBNhxppfl1s1c0TrS5quwBi0fXa0LKL7e82GAE&sig=AOD64_00r-0koKHF-8JE5bWktEbA65FuMg&client=ca-pub-4075694933314520&rf=4&nb=9&adurl=https://www.hanashinkumi.com/mailorder/%3Futm_source%3Dgdn%26utm_medium%3Dcpc%26gad_source%3D5%26gad_campaignid%3D21830520444%26gclid%3DEAIaIQobChMIoMiowPegkwMVu4BWAR2eCAQOEAEYASAAEgLFx_D_BwE,https://www.hanashinkumi.com/mailorder/?utm_source=gdn&utm_medium=cpc&gad_source=5&gad_campaignid=21830520444&gclid=EAIaIQobChMIoMiowPegkwMVu4BWAR2eCAQOEAEYASAAEgLFx_D_BwE,,,,,,,,,,
117,https://googleads.g.doubleclick.net/aclk?sa=l&ai=CggOu6ee0aerNK6j0juMPxL2eiQ6l5O2phQGyiMuszg-guKuuyQgQASC35YQhYKWglYCYAaABpt-9ngLIAQGpAn47-yn1OUc-qAMByAPDBKoE8wFP0JGPPH_CxPgElUQn9XGOalpjOvgoXOvS4BwnCSxAC_VvuytIUh_vNrEwn95UM4uHYa0lo_c4Fd-Iju9DHRFvYFfutx_sP3E2rs5mUXgrXTb3jUgxFeEPf3CqbQdkYV7SGvm8nGBkGabTYmWEvdI6u77HvRm0Xl4oSXtokkMh7I3c5bxb3wwICcOODnr21SW5wYj8T9sLA1IyJyjB0a_MjPYQTStvB7503jDws7VcdKUeWZZOmpCxRWOqDdj21rhx8jFD_2Qoutx7iTV-Afr-45D41mAu5weQ0bAnm6PksHB_SxcJu1IwRbQiUxmh1t8RYSXABPmu_cHqA4gF_fOikDigBmaAB8KgwuEBqAenzLECqAemvhuoB8zOsQKoB_PRG6gHltgbqAeqm7ECqAeOzhuoB5PYG6gH8OAbqAfulrECqAf-nrECqAevvrECqAfVyRuoB9m2sQKoB5oGqAf_nrECqAffn7ECqAf4wrECqAf7wrEC2AcB0gguCIBhEAEYADIIioKAgICAgAg6DYBAgMCAgICAiIACqANIvf3BOljFn-i_yp6TA_IIDWJpZGRlci05NzQ3ODixCfWGC7c1YKXGgAoEmAsByAsBqg0CQVXIDQHwDQKIDv___________wGIFAHQFQHKFgIKAPgWAYAXAbIXDhgBKgo0MTE0MTkxMTQzuhcCOAGyGAUYZiIBANAYAegYAcIZAggB&ae=1&gclid=EAIaIQobChMIqubXvcqekwMVKLpjBh3EnifhEAEYASAAEgKkh_D_BwE&num=1&pr=13:abTn6QAAAACzj7U2Dk_Pek9GSaltfUbOngU3Ag&cid=CAQSsgIA56J1ebo67Q9uP9jkOL76E6r53c3a46OxwuUm9IlZRidsou_MXvY50mVvyPVCijD-sQnvf5zhz11K3VlKKtI5KY94cRAzwjLPifM-wopD6J3PhTpa3n86Li6UWKwC9GDXztCm96qI8Y-7f8CVS-JUSFKyCFOJ_Qf9i6YR6yd5rINiDtWE-aZLoExExtcfD1SWqDzky6abgLwjrcIRPn8ufsxo6Yez7fVkYLj170wKNIyMMrC_KDLglLZsfIByPwgXNGzh1Wu0p1j5VqjEkSBf7ElzDmCzzqjBWICRuIpqGP8paKLoq832ovSjP0ms-eeMeF4d3T49lueS-uTmYgwabwtwCtzqWz6FcCqH2jxSMLCMWGwKVNTZCsK2gZiEJNf6hZE2QaSVkcRv8cHW0gUWMTMYAQ&sig=AOD64_3_8qAkVSRowvR4Zlxk1-U0xqTDbA&client=ca-pub-5722610347565274&rf=1&nb=0&adurl=https://www.manageengine.com/privileged-access-management/pam-tool.html%3Fnetwork%3Dd%26device%3Dc%26keyword%3D%26campaignid%3D15066511869%26creative%3D610016043977%26matchtype%3D%26placement%3Dwww.salon.com%26adgroup%3D131671742329%26targetid%3D%26gad_source%3D5%26gad_campaignid%3D15066511869%26gclid%3DEAIaIQobChMIqubXvcqekwMVKLpjBh3EnifhEAEYASAAEgKkh_D_BwE,https://www.manageengine.com/privileged-access-management/pam-tool.html?network=d&device=c&keyword=&campaignid=15066511869&creative=610016043977&matchtype=&placement=www.salon.com&adgroup=131671742329&targetid=&gad_source=5&gad_campaignid=15066511869&gclid=EAIaIQobChMIqubXvcqekwMVKLpjBh3EnifhEAEYASAAEgKkh_D_BwE,,,,,,,,,,
118,https://www.googleadservices.com/pagead/aclk?sa=L&ai=C2bnWlza0aYGNB-qd3NMP5aqDmQfs7ZbthQG7xduGtRUKEAEgh7H6D2CJi8SE9BOgAcuqp9UCyAEJqQJy97sow_M6PuACAKgDAcgDCqoEyQJP0APFauneelJGZ-qYyTssNbx9szZFIab-8JGiAeorZXyDp5kXDfz0UeJrV-TSs2CUZdZcB1XfncMNxKk6xBlUv4ysbB-bJWpq6ujq7BuSoYvN8mTegZCGX57kEYJFn_z8B2WaL-efkvTi3_mT8hZT8FrUPzMsGTTrhGaMLtW3l6BHhd01HRROcHB6EhVstA75ty5Ivkr1ugfwRB02wFXIb8Ox12wkM6mvWaLxTJ4rgOw_NJb8jWO1yWJJUJMQBcmNCs7av9pLn2cFIjygV6q_TV430tHlkiPZQs5AWblKyEIjuvmJ6CE22n48JFrZ5_Cg8A89YEoD-QZMeTabDMfPsitprVX3Tt8S2EwpUDnjfvemANBMG4tbfeuE3_uMu4ZXs1mV9VyOVtZp0nZksFUthDHG5UAx_dLzvq3LIzGzU1ts27Y0umV5LMAEzOu-t9kF4AQBiAXfzuSKWKAGLoAHndXYqgGoB6fMsQKoB-LYsQKoB6a-G6gHzM6xAqgH89EbqAeW2BuoB6qbsQKoB47OG6gHk9gbqAfw4BuoB-6WsQKoB_6esQKoB6--sQKoB9XJG6gH2baxAqgHmgaoB_-esQKoB9-fsQKoB_jCsQKoB_vCsQLYBwDSCC8IgGEQARidATIIioKAgICAgAg6DYBAgMCAgICAqIACqANIvf3BOlj5kOyvoZ2TA7EJV2-75V9hJCiACgGYCwHICwGADAGiDAOQAQGqDQJKUMgNAeINEwjXuuyvoZ2TAxXqDncEHWXVIHPqDRMIvYntr6GdkwMV6g53BB1l1SBz8A0CiA7___________8B2BMD0BUBmBYByhYCCgD4FgGAFwGyFw4YASoKMjY1MjIxMjg3NLoXAjgBqhgXCQAAAAAglQhBEgoyNjUyMjEyODc0GAGyGAkSAsJcGC4iAQDQGAHCGQIIAQ&ae=1&gclid=EAIaIQobChMIwbTtr6GdkwMV6g53BB1l1SBzEAEYASAAEgK_0vD_BwE&num=1&cid=CAQS5AEA56J1eRPx7owxk5iCv_xRgboLuh8R4xC8Xk-1PU3BVVLxUZlezEf-HxFTztKTiDaFSrlHePS4D_cpXT7ls7FpPANeMW8rwj9BH9DLnILvraW2ikn1lkMfKtfsE-IjXrpg61fapt2DW_K7OibfXWeDbx1hffjnZVC9WSI_vJGkYB5cdu9Iy2TpfxiakLoflNxvME4FZYIW2mcZ_a5JpzQjafJWt0jNS-DM7l-j6lbFTa9SigC9ZgLCF5BeBzxikreyBnSetybgfW2jdqfql-7GXcG10wR8HxkH3AtgD_KCLSx3FtYYAQ&sig=AOD64_2F3_U4A3g-0vDhcefyJRRNlRzTXQ&client=ca-pub-2605419517314899&rf=4&nb=9&adurl=https://www.0101.co.jp/maruko/%3Fgad_source%3D5%26gad_campaignid%3D23644940127%26gclid%3DEAIaIQobChMIwbTtr6GdkwMV6g53BB1l1SBzEAEYASAAEgK_0vD_BwE,https://www.0101.co.jp/maruko/?gad_source=5&gad_campaignid=23644940127&gclid=EAIaIQobChMIwbTtr6GdkwMV6g53BB1l1SBzEAEYASAAEgK_0vD_BwE,,,,,,,,,,
119,https://www.googleadservices.com/pagead/aclk?sa=L&ai=CUanIZpy3aYTWDKyajeYPv7KMsQ2Q2uPCf_bX6vaqFaGm-PPQHRABIOa0z5kBYImLxIT0E6AB97ew2gPIAQmpAj6CPj03N7M-4AIAqAMByAMKqgTZAk_Q1YN3Wd0b6goE_TE6QmhKclfFFHA0poAefWti4LBFc4y7kyAQk6Or3SNsmpK4AZfNRO7vhuJjGyteC7fE07KR0OOmkYbEVDC2lzpSpi5F6cnMNRL1HQ5Crmb2-J2CR0yBXBeWI67MLAxhVpHYGTrnpcJX0rTOZKXep2VA6GYAipOX0eEo2-LCRAqJ4RSdyPFYczlN-RzotiJBraPY6h7aM9YnlZL9YgjZJKTvqO5oE93DxUoygA4_9-1a1GJjNDvQokw4QsRtBcjK3kK1NruKaAEArc2Xi30pSDsDLUFcSO5G6ZnbjHDZtXTlcfMRXfYXNErdeka9dX8a2sFaRKnwVIMrD4X0Pb3uRhavwsg_56H3h_9cBdfctlWYUW35HD28Uw3D5jY_9RaYL2uWriopclHF7wJDc8yd44VgIBp6yg2E8k21JAjVylYxpGFxzc_v_mwtaC6dVMAE4L_2wb0F4AQBiAWEzvrLUaAGLoAH8cfPJagHp8yxAqgH4tixAqgHpr4bqAfMzrECqAfz0RuoB5bYG6gHqpuxAqgHjs4bqAeT2BuoB_DgG6gH7paxAqgH_p6xAqgHr76xAqgH1ckbqAfZtrECqAeaBqgH_56xAqgH35-xAqgH-MKxAqgH-8KxAtgHANIILwiAYRABGJ0BMgiKgoCAgICACDoNgECAwICAgICogAKoA0i9_cE6WIva2PHeo5MDsQk4ibdNSJ2h8oAKA5gLAcgLAYAMAaIMA5ABAaoNAkpQyA0B4g0TCJf32PHeo5MDFSxNwwYdPxkj1uoNEwjThNrx3qOTAxUsTcMGHT8ZI9bwDQKIDv___________wGwDsC3nskYuBPkA9gTC9AVAZgWAcoWAgoA-BYBgBcBshcOGAEqCjUxMDM4Nzk0ODO6FwI4AaoYFwkAAAAAENcbQRIKNTEwMzg3OTQ4MxgBshgJEgLATxguIgEA0BgBwhkCCAE&ae=1&gclid=EAIaIQobChMIhKHa8d6jkwMVLE3DBh0_GSPWEAEYASAAEgJxpvD_BwE&num=1&cid=CAQS0AEA56J1ebxV3ckEN-fYWEVU1Iss_K4dtpo9Vp4HM6S57uSQGMih56pPF-liIVAu8tjnLzRtLwo5qTwLKUw7LQbzc93awfzATGYz5_k5lmSpegUVCI4tUITtyahCK6RDviQ9zXg_i3voErz1vflwI4XgRvhPQYr8slVVcX_fWys6S2pmXBcPsahiGFIiS53-fT4gim3lRrqPJk3m6tmat-xd66DM3CW2GDXJ-t-LAQxAIS039tI2KUC7iNu7Daa_SRSUiNug7ONX526YZzrfP6P4GAE&sig=AOD64_2P2I4ryM9tHymn6rrFK5myEkSFAQ&client=ca-pub-3677668629134422&rf=4&nb=9&adurl=https://inismeain.ie/%3Fcurrency%3Dusd%26gad_source%3D5%26gad_campaignid%3D21902567172%26gclid%3DEAIaIQobChMIhKHa8d6jkwMVLE3DBh0_GSPWEAEYASAAEgJxpvD_BwE,https://inismeain.ie/?currency=usd&gad_source=5&gad_campaignid=21902567172&gclid=EAIaIQobChMIhKHa8d6jkwMVLE3DBh0_GSPWEAEYASAAEgJxpvD_BwE,,,,,,,,,,
120,https://pagead2.googlesyndication.com/aclk?sa=l&ai=CMbKukMG4aePLC_GI3NMPkoWqiQ-iqNrkhQGA6JWrmBXl_Z2G8woQASDmtM-ZAWDHlYCOhCagAbvzvc8DyAEJqQJDYB9_PFa2PuACAKgDAcgDCqoE7wJP0K7e7QiHtNlx15E3NLZZYzJXkYXH0kOIMjB0TE51qpd251hmWJwwzx0Ca3a6qZJ0uZI4trNLLJRq5CP9jkPFDqxR0oMbhyIsH7_XiOcEh4CJ6WDdLd5EtS2NlVOKveD7AOQh9KCTCdxTGJAA1nWdepPKqZrB4TJiy8Vz9frd55CqoxLBfuGFqShH_k36vJ7XgEuW97_a8LsGvcaaevTQJ77l4hOuIxhNE4Fdrerio5i_1uut7CSPSaKgDs1dSDh93qyHxH_hVLDidYER0MRqifoFntAWuWLonlGL0ozkB-8P3tc6rSKe5lVioT-qzWJORru3FgZh9trIkZZG18uIAZbSXtvF3bQqA4tEwZiRwUI80CcGB72GD74TzjWzgfb4smmLDscJYMkj2nehRT6uBAE63aNWbPvN22MIYo4ENBwekBtPeSC3l-FBkxgACvU7Vsb9mbkxuA44fzjRk48SHzjmymA4ETwvSEkv7KxewASFhOKwxAXgBAGIBYys0v1JoAYugAetjMIwqAenzLECqAfi2LECqAemvhuoB8zOsQKoB_PRG6gHltgbqAeqm7ECqAeOzhuoB5PYG6gH8OAbqAfulrECqAf-nrECqAevvrECqAea4bECqAfVyRuoB9m2sQKoB5oGqAf_nrECqAffn7ECqAf4wrECqAfn17EC2AcAwAgB0ggyCIHhgGAQARidATIIy4qAgICAgAo6DoCABIDAgICAgKiAAqgDSL39wTpYmO6ovPalkwOACgOYCwHICwHaCwoIHxDLooX9fhgAgAwBogwDkAEBqg0CWkHIDQHiDRMItImpvPalkwMVcQR3BB2Sgirx6g0TCO-cqbz2pZMDFXEEdwQdkoIq8fANAogO____________AbAOwKeu4Ri4E-QD2BMM0BUBmBYByhYCCgD4FgGAFwGyFw4YASoKNTEwMzg3OTQ4M7oXAjgBqhgXCQAAAADAbgJBEgo1MTAzODc5NDgzGAGyGAkSApNOGC4iAQDQGAHCGQIIAQ&ae=1&gclid=EAIaIQobChMI49OpvPalkwMVcQR3BB2SgirxEAEYASABEgLoG_D_BwE&num=1&sig=AOD64_0QXmHR-zohcOvewxRXjbD60Fc3oQ&nb=6&adurl=https://bushmanskloof.co.za/activities%3Fgad_source%3D5%26gad_campaignid%3D19859281420%26gclid%3DEAIaIQobChMI49OpvPalkwMVcQR3BB2SgirxEAEYASABEgLoG_D_BwE,https://bushmanskloof.co.za/activities?gad_source=5&gad_campaignid=19859281420&gclid=EAIaIQobChMI49OpvPalkwMVcQR3BB2SgirxEAEYASABEgLoG_D_BwE,0.0,0.0,0.0,0.0,0.0,0.0,0.0,0.0,0.0,0.0
121,https://www.googleadservices.com/pagead/aclk?sa=L&ai=CXpo-DJS3ac3RMNyXjeYPmLS-gQSg0JDmhQHf06zY1RXywoi0AxABIOa0z5kBYImLxIT0E6ABqMrl8ALIAQmpAnN3kyLe7zo-4AIAqAMByAMKqgS2Ak_QKf9wZSff30cnq6yqRZUWBft8u946uo4Z1F74Z-Y9-Uqq_5Y9BBpe6H3L-Pxd8iel-_IOOavEHW8HIbr-sAGYPZiEI4SPviN9PfwJ6R4x73JeATiFRYskYFmg37EMeBbqnuklz1qbL9P6G0J016lJZEpiVo7NnvB7Dih6GZY4NRsHfn-E33sTWlNXQcVKhNdyAUzjZsuSgzZvnnHd3EEJEthb1QsALNdjCswNkLoD3pwbdHDft9eQi2rPhFDwlgk7zI3RxKY1KziNyQ59kY-aSWHBMXIMNUbpuB7SSvMMnAlqNPC5oK05VgWxhxnvSgc7Na6FtiFt1YftP8w_wiZcagbeawt9RWJ-1klve041548qJ3DiljcITlZ6TghFPojKIY1N1plEigE9rn_3h45dQAbD7K7ABJeTmNbdBeAEAYgFqru2hVigBi6AB8C1mo8BqAenzLECqAfi2LECqAemvhuoB8zOsQKoB_PRG6gHltgbqAeqm7ECqAeOzhuoB5PYG6gH8OAbqAfulrECqAf-nrECqAevvrECqAfVyRuoB9m2sQKoB5oGqAf_nrECqAffn7ECqAf4wrECqAf7wrEC2AcA0ggvCIBhEAEYnQEyCIqCgICAgIAIOg2AQIDAgICAgKiAAqgDSL39wTpYt9K_9tajkwOxCVYduKpLUEuNgAoDmAsByAsBgAwBogwDkAEBqg0CSlDIDQHiDRMIi_W_9tajkwMV3EvDBh0Ymi9A6g0TCIDMwPbWo5MDFdxLwwYdGJovQPANAogO____________AbgT5APYEwrQFQGYFgHKFgIKAPgWAYAXAbIXDhgBKgo1MTAzODc5NDgzuhcCOAGqGBcJAAAAAIBFEEESCjUxMDM4Nzk0ODMYAbIYCRICoU8YLiIBANAYAcIZAggB&ae=1&gclid=EAIaIQobChMIzYfB9tajkwMV3EvDBh0Ymi9AEAEYASAAEgKhiPD_BwE&num=1&cid=CAQS0QEA56J1eSr73-cIFtCu-jUfc3zNyAKq6eCSQQHjnrb95MY4ACwxYTQodzCWsmLcWsBafTQgSvTeRs_2YLr95H9TXVg__4RHOmEQhJek440YtCSvFErtKPygoI7xwvAG2PnOQMoqwecNS--YeFxXG2aK4MoQyvVOH--inhTTKm3mkyUFlSu0JhvS7MVObYditlGtTpOlblCsseSQx-mvRCH4enmTxbQt8_-Z87KvbRso9DnUfkMWnwQBKuhY5yWC9ylavEMNgxSzPNxGjDTweoIPYxgB&sig=AOD64_3_NssIj3Jog7M4Xkup3XruhXpaVw&client=ca-pub-3677668629134422&rf=4&nb=9&adurl=https://www.japan-guide.com/ad/spring-festival-national-museum-modern-art-tokyo/%3Fgad_source%3D5%26gad_campaignid%3D23633698218%26gclid%3DEAIaIQobChMIzYfB9tajkwMV3EvDBh0Ymi9AEAEYASAAEgKhiPD_BwE,https://www.japan-guide.com/ad/spring-festival-national-museum-modern-art-tokyo/?gad_source=5&gad_campaignid=23633698218&gclid=EAIaIQobChMIzYfB9tajkwMV3EvDBh0Ymi9AEAEYASAAEgKhiPD_BwE,,,,,,,,,,
122,https://www.googleadservices.com/pagead/aclk?sa=L&ai=CzP3TQ822afm1MdDLqfkPz4H06AXdkrLuhQHl98j5shWv6qK9wAEQASDml9YlYKWglYCYAaABsIituwPIAQKpAs-QrcR2bKc-qAMByAPJBKoE6QFP0CWcOHHzP2PG5EunzcRAjXPMSAp8NYX94_w4qg3WdCxvyz-KHVHkgOUFDCvbLMaSFUnLwyKSPZyngxiLaoH4O9yEvp7_Rohtzgb3PXNM0q6kTnez7gkmZ2QfJ-NTWri1ZS31-zASzZHw5XqZFaSdbdafzslmrxzEVNk9Xbi45tM0S9rFmsPKUgkIYndletpOYECQ-qf2LNbfRHyAhVidUv9KoX3P7el1KZGBidFCQhGG28T_MMLH1w-hrfv6tF7ynGe8VL3sQiJJ4eSCOHzsCfO1oFSvJ29FpjNLGIRKgU3_Mj3oy8mwIsAEpND34tMFiAW15-iPWKAGAoAHzqPsyBioB6fMsQKoB6a-G6gHzM6xAqgH89EbqAeW2BuoB6qbsQKoB47OG6gHk9gbqAfw4BuoB-6WsQKoB_6esQKoB6--sQKoB5rhsQKoB9XJG6gH2baxAqgHmgaoB_-esQKoB9-fsQKoB_jCsQKoB_vCsQLYBwHSCC4IgGEQARgAMgiKgoCAgICACDoNgECAwICAgICIgAKoA0i9_cE6WIzi67OZopMD8ggOYmlkZGVyLTM3NjMyNzOxCdJ-oLFvtj6ogAoEmAsByAsBqg0CQVXIDQHwDQKIDv___________wHYEwrQFQHKFgIKAPgWAYAXAbIXDhgBKgo2MDgxMDM1NDMzshgFGAIiAQDoGAHCGQIIAQ&ae=1&gclid=EAIaIQobChMIuePfrJmikwMV0GUqCR3PAB1dEAEYASAAEgI7FfD_BwE&num=1&pr=10:0.752961&cid=CAQS7QEA56J1eSFlCEnj8kdf3BJK-lMkOGOHg9AeKpiadkL_eSW3010nUFyavPGoqDk5tb6QEBsHJ4qR77hH4NmSpHk1Ia0_m-aVWPBu-wHWL3sK59_oxVK9GmE9EJznIRGvldrQKCvBe9cmQBhxGslFODMYrvvugU9GvqUwcohxuY-F-bxzvRvyH7Mk1Ifo7gwUG03OpMbHsp9A2gKiGPEFXsIsatHN40uDC6s5zxfagvpXbo4Qkf5sjeHNX1SzRb2jFi4cincc9lm6G64lpHgQ_np43UUI1l47DUKzHLSYyA0_u5J38YHTVWlIBEmtenkYAQ&sig=AOD64_18vWq_AkV4DCg3hlkdcJs7IIEcow&client=ca-pub-3076890012741467&rf=2&nb=2&adurl=https://www.domain.com.au/8-32-bassett-street-north-mackay-qld-4740-2020661320%3Futm_source%3Dgdn%26utm_medium%3Ddisplay%26utm_campaign%3Ddomain-off-network%26utm_content%3D668529%26utm_term%3D2020661320%26bid_type%3DMANUAL_CPC%26gad_campaignid%3D23655494581%26gclid%3DEAIaIQobChMIuePfrJmikwMV0GUqCR3PAB1dEAEYASAAEgI7FfD_BwE,https://www.domain.com.au/8-32-bassett-street-north-mackay-qld-4740-2020661320?utm_source=gdn&utm_medium=display&utm_campaign=domain-off-network&utm_content=668529&utm_term=2020661320&bid_type=MANUAL_CPC&gad_campaignid=23655494581&gclid=EAIaIQobChMIuePfrJmikwMV0GUqCR3PAB1dEAEYASAAEgI7FfD_BwE,,,,,,,,,,
123,https://adclick.g.doubleclick.net/aclk?sa=l&ai=CbdFSRse0aa2fCvujjeYPvvDT-QnorIjvhQGQjrCzpxXOhaHK9gEQASD3kJ4nYJXikIKgB6ABr9uHtwPIAQmpAmRS8Y59J7M-4AIAqAMByAMKqgSjA0_QhyPt-1ZfX7OafVuAI2LGRuFWjRsCPwsEB715yK7AmgbSWayNbBYEjG0dtqPSlRBKtduT0x_FZeIfK-TRlGuRieKEiAND8JeHsscy5-DDNUuWqqU708KNhwgb8qqgFysAccWJmxiOFufr9sBBxrclBcUsZXEYsPw02Amw1htnk8VHSJDNF93wRzSftTxUaVQ4XC-hKafQ3n8RMNvixoszqeddnaNOrsu_hmt569F2G8JzY2usI0_Sqlv73ZMDcFdzUT-oRIieGZJz4tYmkpjJ_iFwzPGWCnhdHIzl2_buxgf9t054QHystPck1ZbGiL5r2oNxrJv9rbvOQng9dQVRvB_7dzoKZKX5cPhPrBQ7moILbs9NhX0k98LUuIOzWkjhTyVH2UhC4KV3W5B7uhxUewtAMpc8sqrk91FwSdzI6906e0J3I2rlb3P4QD-AgJB7RFjEA0hOFVEgnrutqliBiU3rA9WbMeCqIb9_KJ0tLOAE4n6154L0lkx5H4W41XDhi3jp9BOIwluSXX_aVIpYqTvwrvj_f12thRZPfsFhF7hhwASFttWOxgXgBAGIBb7q9d5SoAYugAfQpI3HBagHp8yxAqgH4tixAqgHpr4bqAfMzrECqAfz0RuoB5bYG6gHqpuxAqgHjs4bqAeT2BuoB_DgG6gH7paxAqgH_p6xAqgHr76xAqgHmuGxAqgH1ckbqAfZtrECqAeaBqgH_56xAqgH35-xAqgH-MKxAqgH-8KxAtgHANIIMAiR4YBQEAEYnQEyCKuLgICggIAKOgwAgICAgICUqIgCqANIvf3BOljG5Litq56TA7EJ0wmNH1HqfNOACgOKCllodHRwczovL21lZGlhbGVhZC5kZS90cmNrL2VjbGljay8yOWU0MGU2ODFmNDNiNTg2OWJkYjhlNzQ1YjdiMGRkMj9yZWRpcmVjdGlvbl91cmw9e2xwdXJsfZgLAcgLAeALAYAMAaIMA5ABAaoNAkRFyA0B4g0TCKyLua2rnpMDFftRwwYdPvg0n-oNEwiLsLmtq56TAxX7UcMGHT74NJ_wDQKIDv___________wGwDoGdiuoYuBPkA9gTDNAVAZgWAcoWAgoA-BYBgBcBshcOGAEqCjQwOTg3ODQwNzC6FwI4AaoYFwkAAAAAgJTjQBIKNDA5ODc4NDA3MBgBshgJEgLtThguIgEA0BgB6BgBwhkCCAE&ae=1&gclid=EAIaIQobChMIrdq5rauekwMV-1HDBh0--DSfEAEYASAAEgLQ5fD_BwE&num=1&sig=AOD64_1EUWlVZ1m7dfyUqXuSI8wNH1bCMg&client=ca-pub-7779027078698074&rf=4&nb=19&adurl=https://www.postbank.de/privatkunden/produkte/wertpapiere-sparen/sparen/tagesgeld-aktion-sea.html%3Fkid%3De.1100.00.19%26kidc%3Dpmax%26gad_source%3D5%26gad_campaignid%3D22210770238%26gclid%3DEAIaIQobChMIrdq5rauekwMV-1HDBh0--DSfEAEYASAAEgLQ5fD_BwE,https://www.postbank.de/privatkunden/produkte/wertpapiere-sparen/sparen/tagesgeld-aktion-sea.html?kid=e.1100.00.19&kidc=pmax&gad_source=5&gad_campaignid=22210770238&gclid=EAIaIQobChMIrdq5rauekwMV-1HDBh0--DSfEAEYASAAEgLQ5fD_BwE,6.0,,,,,2.0,,,,
124,https://www.googleadservices.com/pagead/aclk?sa=L&ai=Cvvhhi0G0abuzHqObjeYPlYLlgALdlp7thQGdhMLGshX1k5-aAhABIOa0z5kBYImLxIT0E6ABtqeEwijIAQLgAgCoAwHIAwiqBI4DT9CqA06A3IvsHyiWPeNsR2zL6CNhgA55lE872ZgPTSzMr19v19fhN9_JwRb4CeOALJALhyOB789JwlMgzskm_Luiyc7YTU9Dqm8Xw8gAp7_G0ufCqRXXsKrt15MROLTET0in-bDpUrIiV-L91vNy0FLBGIjKHP4Qqq0rjRPcji480LCPnYgswozp-fF7Q4nByLB6IfmM7HRJXBBBG1lWE-NeImIb6-99Rqw8vo7huRjrfQpmwNeQCQzLykNdMl-VIbJcrZaM5uL_wCGOhvH_nGHIPQ5jAGDSGWnPol94ZGUhtYlyBlkMwvXnWZdqCMaid47hh1g3TBMuMWEoZLUMnPIBFpGTw6ZuScQHPupaSIDIHnhmxZ2Q4-pDAamo6uDA2e9vee6gxZmEPcocQHHmbNCb6pweZWjmK8QTWjGYPw1x4iGCxU-HAzUoCK3qNsWVW0vFb-o2D-4oYnhF0cpubeaDAMfb_HYz6znHNF0kS9OKUrydnXdZpDPlbNX2GSbfp9kMZtCTsnxIW28qrCzABNqwxbG-BeAEAYgFnpzH6VegBgKAB_-87jqoB6fMsQKoB6a-G6gHzM6xAqgH89EbqAeW2BuoB6qbsQKoB47OG6gHk9gbqAfw4BuoB-6WsQKoB_6esQKoB6--sQKoB9XJG6gH2baxAqgHmgaoB5jFsQKoB_-esQKoB9-fsQKoB_jCsQKoB_vCsQLYBwHSCC8IgGEQARidATIIioKAgICAgAg6DYBAgMCAgICAqIACqANIvf3BOljZ34npq52TA5oJYWh0dHBzOi8vd3d3LnByb29mcG9pbnQuY29tL3VzL3Jlc291cmNlcy9hbmFseXN0LXJlcG9ydHMvZ2FydG5lci1tYWdpYy1xdWFkcmFudC1mb3ItZW1haWwtc2VjdXJpdHmxCWxxhIbJl0BJgAoDyAsB4AsBqg0CSlDIDQHiDRMIgoOK6audkwMVo03DBh0VQRkg6g0TCLvtiumrnZMDFaNNwwYdFUEZIIgO____________AdgTDdAVAcoWAgoA-BYBgBcBshcOGAEqCjUxMDM4Nzk0ODO6FwI4AaoYFwkAAAAASH4JQRIKNTEwMzg3OTQ4MxgBshgJEgKkZhgCIgEA0BgB6BgBwhkCCAE&gclid=EAIaIQobChMI-6SL6audkwMVo03DBh0VQRkgEAEYASAAEgJBj_D_BwE&num=1&cid=CAQS0QEA56J1eV41NN8-XWdti_FH2HEhzSDUSrdRYzjNiK84GvvNMgIn-kUrEixGlgNV2Zp61hm9csZSz4E0i6YztN-w81LQfnavrUGXPSlFN915v87jWPuYcxS-HEheIRu2B6YXvpqIKS5HhP7WzkspVwaVIr9BRtHVDiRR0_O1WLBj_B1wmTFy3cuVa2G9BMIKqlyWMFOXTqYt3MZd3caP_1ELQyo3efAMIkWR-STOgQQgzsB3RsSUygnQ8yCL7ws0FZhZuvnvmBmENDjWOM52Mt88iRgB&sig=AOD64_3ne2rsVVH2Av3KNvwY51zkDgILoA&client=ca-pub-3677668629134422&rf=5&nx=CLICK_X&ny=CLICK_Y&uap=UACH(platform)&uapv=UACH(platformVersion)&uaa=UACH(architecture)&uam=UACH(model)&uafv=UACH(uaFullVersion)&uab=UACH(bitness)&uaw=UACH(wow64)&uafvl=UACH(fullVersionList)&nb=2&adurl=https://ad.doubleclick.net/searchads/link/click%3F%26ds_a_cid%3D125372663%26ds_a_caid%3D23575252510%26ds_a_agid%3D188545587290%26ds_a_fiid%3D%26ds_a_lid%3D%26ds_a_extid%3D%26%26ds_e_adid%3D799034426320%26ds_e_matchtype%3Dcontent%26ds_e_device%3Dc%26ds_e_network%3Dd%26%26ds_url_v%3D2%26ds_dest_url%3Dhttps://www.proofpoint.com/us/resources/analyst-reports/gartner-magic-quadrant-for-email-security%3Futm_source%3Dgoogle%26utm_medium%3Ddisplay%26utm_campaign%3Dgartner-mq-email-security%26gclsrc%3Daw.ds%26%26hstk_creative%3D799034426320%26hstk_campaign%3D23575252510%26hstk_network%3DgoogleAds%26gad_source%3D5%26gad_campaignid%3D23575252510,https://www.proofpoint.com/us/resources/analyst-reports/gartner-magic-quadrant-for-email-security?utm_source=google&utm_medium=display&utm_campaign=gartner-mq-email-security&&hstk_creative=799034426320&hstk_campaign=23575252510&hstk_network=googleAds&gad_source=5&gad_campaignid=23575252510&gclid=EAIaIQobChMI-6SL6audkwMVo03DBh0VQRkgEAEYASAAEgJBj_D_BwE&gclsrc=aw.ds,,,,,,,,,,
125,https://www.googleadservices.com/pagead/aclk?sa=L&ai=CrJZHC6G2aabCGsiNvcAPj9uvqAfFjZnyhQG-utKruhXy4aiQ2zgQASC6hMAzYMeNgY6EJqABlrC4owLIAQLgAgCoAwHIAwiqBNgCT9Cd1du68CKIhi7rFlIL6711o9yQT4Xqxyhn7hmXU4cjcjhT8Rn110vud9p6Y4FOWBLagF61tQKpQg3wW7qnQp4wK50In5ftJDgv5hisZi99EP5MVN5yEXvTcd_ehX2S7N7Rj30R3Q5QHtIQO0CPD7fuZpr9b__JAosGM-ClgF95lKxVVvThmgZ6WKn8Asg9m1d_j5S2Ff_EBEzyF3yuM651iabxEsYPPxheRER-e2SmKCWsHZiOAWLh0aWh41UH4QZ55YTCBda5_t0Oh_8QhDUGssDMbiMlTXJTxO2p-oOq6n0vWQoiBXwoKCGJiCxUhliuDa4JoAzmwn1Vtuh8AevTNy84Qv_mJVNdbXhsRIQATmUgkbCv7cQuxYmcmkAhDhbRPe1E_KmS0frTPum2R7kmHJ0nbsMhKMvoxa6jgilwaCmZWwWg1xx5uLANlwQMW1tJPSUZRV7ABP2K8bnSBeAEAYgFj4nnhligBgKAB9LPx9wBqAenzLECqAfi2LECqAemvhuoB8zOsQKoB_PRG6gHltgbqAeqm7ECqAeOzhuoB5PYG6gH8OAbqAfulrECqAf-nrECqAevvrECqAfVyRuoB9m2sQKoB5oGqAf_nrECqAffn7ECqAf4wrECqAf7wrEC2AcB0ggvCIBhEAEYnQEyCIqCgICAgIAIOg2AQIDAgICAgKiAAqgDSL39wTpY5onglu-hkwPyCBthZHgtc3Vic3luLTYwNTk2NTk1NjA2NTQ2NTWxCSlU0VLxGqO3gAoDmAsByAsBogwDkAEBqg0CWkHIDQHiDRMIpePglu-hkwMVyEYPAh2P7Qt16g0TCNKN4pbvoZMDFchGDwIdj-0LdfANAogO____________AdgTA9AVAZgWAcoWAgoA-BYBgBcBshcOGAEqCjc4Njk4OTU4NzO6FwI4AaoYFwkAAAAAYPvtQBIKNzg2OTg5NTg3MxgBshgJEgKSTxgCIgEA0BgBwhkCCAE&ae=1&gclid=EAIaIQobChMI5vPilu-hkwMVyEYPAh2P7Qt1EAEYASAAEgLzWvD_BwE&num=1&cid=CAQS0QEABaugfQHMS05VJ7XR-WimkePafGX8McdhE3a8oAUUtzZzTnsxLwmm4Cepb--bC40p0PGLz5GrdXpfalWAPTaf4KYWK9WquJn5XD1ynVfCiFLHLCBIOjFQO-vwmfCpLHkTm5CiGZb8muQHZ9chMMsaYMWrKqCP3WEv7cbE7HCtfxZI3xoYFQ7yjaOnpxyXnaYm---w9esuBTsthxBQZBUdUn7LWqC8nWdE7FXqK4eHjATSYkRDXObZ_if-zBAmBY6nb2ep3cWPg4ISTMBEstTdhRgB&sig=AOD64_0xCuJRD_4pRai-8AJMNMx9zb7JtQ&client=ca-pub-8933329999391104&rf=5&nx=CLICK_X&ny=CLICK_Y&uap=UACH(platform)&uapv=UACH(platformVersion)&uaa=UACH(architecture)&uam=UACH(model)&uafv=UACH(uaFullVersion)&uab=UACH(bitness)&uaw=UACH(wow64)&uafvl=UACH(fullVersionList)&nb=2&adurl=https://halocollar.com/%3Fnbt%3Dnb%253Aadwords%253Ad%253A23636591759%253A193931789693%253A799572454074%26nb_adtype%3D%26nb_kwd%3D%26nb_ti%3D%26nb_mi%3D%26nb_pc%3D%26nb_pi%3D%26nb_ppi%3D%26nb_placement%3Dwww.eenadu.net%26nb_li_ms%3D9113020%26nb_lp_ms%3D9113020%26nb_fii%3D%26nb_ap%3D%26nb_mt%3D%26gad_source%3D5%26gad_campaignid%3D23636591759%26gclid%3DEAIaIQobChMI5vPilu-hkwMVyEYPAh2P7Qt1EAEYASAAEgLzWvD_BwE,https://www.halocollar.com/?nbt=nb%3Aadwords%3Ad%3A23636591759%3A193931789693%3A799572454074&nb_adtype&nb_kwd&nb_ti&nb_mi&nb_pc&nb_pi&nb_ppi&nb_placement=www.eenadu.net&nb_li_ms=9113020&nb_lp_ms=9113020&nb_fii&nb_ap&nb_mt&gad_source=5&gad_campaignid=23636591759&gclid=EAIaIQobChMI5vPilu-hkwMVyEYPAh2P7Qt1EAEYASAAEgLzWvD_BwE,4.0,4.0,2.0,2.0,2.0,2.0,2.0,1.0,1.0,1.0
126,https://www.googleadservices.com/pagead/aclk?sa=L&ai=CnJm33JW3aaHhJbijjeYPp6rwsQKdy5nDhQG98fWxwRXIrZWYQxABIIex-g9giYvEhPQToAHhnrOUKcgBCakC-tZcjO31Oj7gAgCoAwHIAwqqBNkCT9CJBdOKG-ol7rGcRqrOZujMqQPtrPkb1UzQh-_Qp_UVxD8ecbO_RcyWS-xDH2PVjvirzzt-nt4_jSzrdf2j9FBzvNQ6zXf5yl5mRW30r1JSDdxEmfHiQ71iZ9f2tem6cXMTgdRo0o7dsznmK6_0JntIx1mKBXREM48V2Y2r4YwgWVcdZcG8OMkxc2TQX9DGYRxK66oX4p0zwuAM9iunsWnLCAk9AlGqTPzdt6VvBVcIei7BQ9HIq0h-KwjsUjZtymvSMdKRyeEimLEa0vTDqM-j5gd2IYR7RJje7xnJSB2R1rOJWu-HGJpx5Lx1m2sR80jFZDPQhoIv55_w67sspL-DLwNDgJal9Iiu54Upnzm2kPjRz-dAG_Hg_sbCDQSjw_F-stPldogmV3V2lRGd5r5rfbcNKF_tOV7LeekD5bEMlnCMzaU9SYwOuBIR-pwTvtRJCm2HD1oXwASk_fDE0QXgBAGIBbag-fJXoAYugAfh1oP0A6gHp8yxAqgHpr4bqAfMzrECqAfz0RuoB5bYG6gHqpuxAqgHjs4bqAeT2BuoB_DgG6gH7paxAqgH_p6xAqgHr76xAqgH1ckbqAfZtrECqAeaBqgH_56xAqgH35-xAqgH-MKxAqgH-8KxAtgHANIILwiAYRABGJ0BMgiKgoCAgICACDoNgECAwICAgICogAKoA0i9_cE6WMCS1dPYo5MDsQlCKyRVJwND_4AKAZgLAcgLAYAMAaoNAkpQyA0B4g0TCOm11dPYo5MDFbhRwwYdJxU8JuoNEwjxo9bT2KOTAxW4UcMGHScVPCbwDQKIDv___________wG4E-QD2BMNiBQC0BUByhYCCgD4FgGAFwGyFw4YASoKODE2MDg4NzUxMroXAjgBqhgXCQAAAABwFvlAEgo4MTYwODg3NTEyGAGyGAkSArFfGC4iAQDQGAHCGQIIAQ&ae=1&gclid=EAIaIQobChMIob_W09ijkwMVuFHDBh0nFTwmEAEYASAAEgKbd_D_BwE&num=1&cid=CAQS5AEA56J1eQeF3iAMkGleFoQI9Aez07bJADve18aShDNNGoj4KP-CqrRNmPiiIyU-h9-JT_4saEwSyYm2fv5JhzYzt7dWM-7HUI-sSrfs9D43Ul8VPxj8_TOUjRrMLYmrQKzmhvgea75hT_DSanke31lGBaQ-kOw8PGAOVjvoY_eAqZcLUmCoaTU5fzlUnFzPfvvEVqzusBhABoxWlqOsLu37Dyb1_68-6I44D7ThjYHxjYTyHbSBkVtr3Xa-5iwuuXehz5kFa7dHHXoNHiRiz01YQnZNx8dJXikKxYOAiyt9qz29hKcYAQ&sig=AOD64_314in0RPJIbZGyHE_DAfZdhMgAww&client=ca-pub-2605419517314899&rf=4&nb=9&adurl=https://amplify.fixstars.com/ja/news/1119/%3Futm_term%3D%25E3%2582%25AF%25E3%2583%25A9%25E3%2582%25A6%25E3%2583%2589%26utm_campaign%3D202408_BBO_%25E3%2583%2587%25E3%2582%25A3%25E3%2582%25B9%25E3%2583%2597%25E3%2583%25AC%25E3%2582%25A4%26utm_source%3Dadwords%26utm_medium%3Dppc%26hsa_acc%3D7042356784%26hsa_cam%3D21513219567%26hsa_grp%3D193686421156%26hsa_ad%3D798276051257%26hsa_src%3Dd%26hsa_tgt%3Dkwd-891972752%26hsa_kw%3D%25E3%2582%25AF%25E3%2583%25A9%25E3%2582%25A6%25E3%2583%2589%26hsa_mt%3D%26hsa_net%3Dadwords%26hsa_ver%3D3%26gad_source%3D5%26gad_campaignid%3D23594946614%26gclid%3DEAIaIQobChMIob_W09ijkwMVuFHDBh0nFTwmEAEYASAAEgKbd_D_BwE,https://amplify.fixstars.com/ja/news/1119/?utm_term=%E3%82%AF%E3%83%A9%E3%82%A6%E3%83%89&utm_campaign=202408_BBO_%E3%83%87%E3%82%A3%E3%82%B9%E3%83%97%E3%83%AC%E3%82%A4&utm_source=adwords&utm_medium=ppc&hsa_acc=7042356784&hsa_cam=21513219567&hsa_grp=193686421156&hsa_ad=798276051257&hsa_src=d&hsa_tgt=kwd-891972752&hsa_kw=%E3%82%AF%E3%83%A9%E3%82%A6%E3%83%89&hsa_mt=&hsa_net=adwords&hsa_ver=3&gad_source=5&gad_campaignid=23594946614&gclid=EAIaIQobChMIob_W09ijkwMVuFHDBh0nFTwmEAEYASAAEgKbd_D_BwE,2.0,2.0,2.0,2.0,2.0,1.0,1.0,1.0,1.0,1.0
127,https://googleads.g.doubleclick.net/aclk?sa=l&ai=CEZHgPoO3aY6tFJTsjeYPvemjoAaK4efthQGZ8bC6lhXcqdm7rUcQASCFr_MeYMeNgY6EJqAB04fozkHIAQLgAgCoAwHIAwiqBP4CT9Cn4YNqUjInKjw0uMeAfFsmgSnoK_ebD0jEIdVsoXLP4-gPF8AeQnkYxtAEku7yXmgycg9_jMrD-S721kZU_xGfQpj0TC6lQBqEGRMFkoQOCwUEldt3YWr-qXaHMxWhz1RnhYwCyDydDobA8dy6-kyo4n7tlGO2cMaVWhjmLtOKOJHP8ZHQKFw1pyPeeaAqDx3vSfHeh7jC_gf8WZVcPm29ZytwSrtNKMMX6IConJ9hZvDGNWlhTDtsnpY8hqlL9XUnWnuBkcu1MnEwVN6xaqYmjgnF8s5vhuGAqAAXDHC_rL1zjbGrikw_LCG_qWa0YjbACvACY-oohIm34nqK_LE8Eee8mw-0HwMQ6_7zGvxww8iNzoeKpXMgss6K7fbmtSa1NhkU8cZ8QgqF560PNUnOSTA7dnxZ5MwLwh1mtED56B2g783UxcrDzbHEwpchBZEt9Ox9zzot7dajnLCs-4l82O7bW8cqMvn1CCPC0_iUZs2mpZJ_ZGCQcguui8AE_6br49MF4AQBiAW82eyDWKAGAoAH07-4rhyoB6fMsQKoB6a-G6gHzM6xAqgH89EbqAeW2BuoB6qbsQKoB47OG6gHk9gbqAfw4BuoB-6WsQKoB_6esQKoB6--sQKoB9XJG6gH2baxAqgHmgaoB_-esQKoB9-fsQKoB_jCsQKoB_vCsQLYBwHSCC8IgGEQARidATIIioKAgICAgAg6DYBAgMCAgICAqIACqANIvf3BOli4nvTyxqOTA7EJIcwPwZdSpb-ACgOYCwHICwGqDQJaQcgNAeINEwj1o_XyxqOTAxUUdsMGHb30CGTqDRMIuKj28sajkwMVFHbDBh299Ahk8A0CiA7___________8B2BMD0BUByhYCCgD4FgGAFwGyFw4YASoKNTUwMTgyOTU3OLoXAjgBqhgXCQAAAAC86EBBEgo1NTAxODI5NTc4GAGyGAkSAotUGAIiAQDQGAHCGQIIAQ&ae=1&gclid=EAIaIQobChMIjsT38sajkwMVFHbDBh299AhkEAEYASAAEgIkV_D_BwE&num=1&cid=CAQS0gEA56J1eRhJFFvk115twI4_Aol5h4K_ud-Laqi_5SxvtuzeVIm0CUEy9gLihFPE9llEgozkWHEixzNI21OjzooDfWGAhaZRcZEjbcvnVO2TpXMXo6xfIg85OcrFvBDLg9ASil5rVZc4bZX6WO2bXxB-obeHx0GgOhM5bN9EaXRBL2KSQrefBL1bxIpujrk45fJTqvHxv30jFCHbD36WTMaxWk2s45eFYtHXQKg-lzUKzJqDT0dUePrAEQeJaq_ZZqCQu-Nkrmdp7u9j87ug2AvCbRoYAQ&sig=AOD64_1V-nMgZ4a43R44QkSxagkBym5OMw&client=ca-pub-6131228133143733&rf=5&nx=CLICK_X&ny=CLICK_Y&uap=UACH(platform)&uapv=UACH(platformVersion)&uaa=UACH(architecture)&uam=UACH(model)&uafv=UACH(uaFullVersion)&uab=UACH(bitness)&uaw=UACH(wow64)&uafvl=UACH(fullVersionList)&nb=2&adurl=https://www.pace.edu/undergraduate-nursing-pace-university%26utm_campaign%3Dss-pace-26-undergrad%26utm_source%3Dgoogleads%26utm_medium%3Dpaid-display%26utm_content%3D728x090%3Fgad_source%3D5%26gad_campaignid%3D23630392508%26gclid%3DEAIaIQobChMIjsT38sajkwMVFHbDBh299AhkEAEYASAAEgIkV_D_BwE,https://www.pace.edu/undergraduate-nursing-pace-university&utm_campaign=ss-pace-26-undergrad&utm_source=googleads&utm_medium=paid-display&utm_content=728x090?gad_source=5&gad_campaignid=23630392508&gclid=EAIaIQobChMIjsT38sajkwMVFHbDBh299AhkEAEYASAAEgIkV_D_BwE,,,,,,,,,,
128,https://www.googleadservices.com/pagead/aclk?sa=L&ai=CexJfWKq2adLiEc3C0-kP94uquAnK1MLshQGgzeraohXwlMy23gkQASCf-9kfYImLxIT0E6ABmI2z7gLIAQLgAgCoAwHIAwiqBLMCT9CBfdRZ-NKeLtwZji3P2p0ThLwztJdc3QHMrEj8qOT_YTvonIJ_tlKfaiFG1YsS5iesLrMTZX10TB2ZpktCULH1eqDICMKpERwveySKuCCOktDH2btj1eSWGZBWNl3kMIK14lQ0Xjxe7CNErGUQBwyZ7FaXbeXLY986L3pkxa9a2zuth2aeBN1v1fGk12hG_uMOD2radeRx5jWCRTu5Mu1K14UytjgdYPdKklWnUqBnMFaHCIK3MaK4YO0fWyajK6itFRHbHSkgKsEEyjKFUcccFOtRX6gSnjOYJ04P7ZlUX_-YAMtU9DjfXFIZjLaFe9E4kEGb0DCv08nEfpVJBay0jhv1jpFCGQy1RBx2501vsQ224dfxZe-AoxbggDljDjALWQuC3S90gnmk21GA_C9UEMAExc3Jic8F4AQBiAXCrtPpV6AGAoAH0PLMkQGoB6fMsQKoB-LYsQKoB6a-G6gHzM6xAqgH89EbqAeW2BuoB6qbsQKoB47OG6gHk9gbqAfw4BuoB-6WsQKoB_6esQKoB6--sQKoB5rhsQKoB9XJG6gH2baxAqgHmgaoB_-esQKoB9-fsQKoB_jCsQKoB_vCsQLYBwHSCC8IgGEQARidATIIioKAgICAgAg6DYBAgMCAgICAqIACqANIvf3BOlj6qoSG-KGTA7EJhFV1xyMOR_OACgOYCwHICwGiDAOQAQGqDQJKUMgNAeINEwju5oSG-KGTAxVN4TQHHfeFCpfqDRMI4qKGhvihkwMVTeE0Bx33hQqX8A0CiA7___________8B2BMD0BUBmBYByhYCCgD4FgGAFwGyFw4YASoKMTM4MzY4MDgyMboXAjgBqhgXCQAAAACAqPhAEgoxMzgzNjgwODIxGAGyGAkSAsJcGAIiAQDQGAHCGQIIAQ&ae=1&gclid=EAIaIQobChMI0u6GhvihkwMVTeE0Bx33hQqXEAEYASAAEgI29PD_BwE&num=1&cid=CAQS0QEABaugfUTN8I-Kxb1vC-EsvCUBtIQttc0TwxaKGItd_GrhQ0v5oaJoXt_S2db50QVbDcVl9wIIUNjEXUtNF4ux1Ku-1amagKHZnloCwsro0KVzHFUJwEg4p-L2ng3QzvzwV0DpudIapK2Sfsxt4cHkjx_1B9auLVH-6HRT_RP4pMbAGI3almRCQkqUhxlSdVwJVzacOJfyeGEWjhP6qhodc1BZXI1tPd7xHKWC_YxS_KE5K9UbLB--z1E3Sal3T3oKIlidurmCZbQ4UopV3_XQvhgB&sig=AOD64_0ASh98mHcINckgJN9Yts32Yf0GFA&client=ca-pub-9386487545679073&rf=5&nx=CLICK_X&ny=CLICK_Y&uap=UACH(platform)&uapv=UACH(platformVersion)&uaa=UACH(architecture)&uam=UACH(model)&uafv=UACH(uaFullVersion)&uab=UACH(bitness)&uaw=UACH(wow64)&uafvl=UACH(fullVersionList)&nb=2&adurl=https://www.AmexAntitrust.com%3Fgad_source%3D5%26gad_campaignid%3D23575451458%26gclid%3DEAIaIQobChMI0u6GhvihkwMVTeE0Bx33hQqXEAEYASAAEgI29PD_BwE,https://amexantitrust.com/?gad_source=5&gad_campaignid=23575451458&gclid=EAIaIQobChMI0u6GhvihkwMVTeE0Bx33hQqXEAEYASAAEgI29PD_BwE,0.0,0.0,0.0,0.0,0.0,0.0,0.0,0.0,0.0,0.0
129,https://www.googleadservices.com/pagead/aclk?sa=L&ai=CtfwumCu1aa3nLpWajeYPkPHwmAXk94u0hQHzqrGatBTl_sen8AoQASCvlbsaYIkDoAHS6cKXA8gBCeACAKgDAcgDSKoE0QJP0Fv8vEOLNMLbRF0OU6vBT5Gnej5cUiA5hOujIExjwKOFHBGfNafLzDn0dnfygXiFyIVl7POWW_rigQPOOoPhGGHngYc-3EPsgojRr49GYCsq9C-FDfWxnOKG9yAi7jI0rWxrd0JCXNAvm8Qp8L-mzmH3Q9rncESm1yL2BL-g-_YtkWIf_Bd7Qhm0_J0QiCrGQtEi0vg_YjCjzPthHgHduvay098lSDvSvRN-OKl292E5Y09ygl0oUtCeK2KScBg6yTR9lVYRa88FU837HdbP9kSfzsp8WbBNV_474ApO3k3_y7hnvxmnXnenW129uq3kK8hEmy9rTKkWsS21l84XzTiMV0eYjlSCQBwcJxNO2MN7PQyB6pBVs7ZYvUk3PODGBcbR5ufZG-aKOkHTinrHI0G3xdVMCGnHTvJdbsd0SFDbr0aeNOP_6OM4hKMSWXxDwATbxpr1ngXgBAGIBfr8go9UoAYugAe6lLGUAagHp8yxAqgH4tixAqgHpr4bqAfMzrECqAfz0RuoB5bYG6gHqpuxAqgHjs4bqAeT2BuoB_DgG6gH7paxAqgH_p6xAqgHr76xAqgHmuGxAqgH1ckbqAfZtrECqAeaBqgH_56xAqgH35-xAqgH-MKxAqgH-8KxAqgHwsixAtgHANIIMAiAYRABGJ0BMgiKgoCAgICACDoOgECAwICAgICogAKogxBIvf3BOlivge6Di5-TA_IIG2FkeC1zdWJzeW4tNDE1Njc4MDM1NzU4NzA1OLEJehKr8hZ0x_KACgOKCq4BaHR0cHM6Ly93d3cuYWlyZ2FzLmNvbS9ub3J0b24tYWJyYXNpdmVzP3V0bV9hcmc9RGlzcGxheTpHb29nbGU6Q28tT3BfTm9ydG9uX0Rpc3BsYXk6Q28tT3BfTm9ydG9uX0V2ZXJncmVlbl8yODA2OkdETjo6QmFubmVyOjozMDB4MjUwOjomZ2FkX3NvdXJjZT01JmdhZF9jYW1wYWlnbmlkPTIyNTgwMDg0MzQ2mAsByAsB4AsBgAwBogwDkAEBqg0CSlDIDQHiDRMItZ_ug4ufkwMVFU3DBh2QOBxT6g0TCIL47oOLn5MDFRVNwwYdkDgcU_ANAogO____________AdgTDdAVAZgWAcoWAgoA-BYBgBcBshcOGAEqCjk1MTMyNDY0MjC6FwI4AaoYFwkAAAAAwNj_QBIKOTUxMzI0NjQyMBgBshgJEgKYaRguIgEA0BgBwhkCCAE&ae=1&gclid=EAIaIQobChMIrZPvg4ufkwMVFU3DBh2QOBxTEAEYASAAEgLB9_D_BwE&num=1&cid=CAQS0QEA56J1eVDagHzFtaNwEvrpe0R6szxZxuDz0izF5I8SzXX3ngkwZYgAcfMmbOOrw_e7EoLXHER3AKfSCxU0eXQOL6mUWygOZbtAooo2XiyMEh2No-d9AZMCDFS-ZCvZLxSEgGOEENcLkB8DAPjZKH8zu3Ti8NSnnlmNVbCZ5yy5SncGvkO8EibSM7Ed7xWHDsOoit5FLahCeDoE7mJJJ_xVgUkLNBXzDSaAxKkdmXtUVJEj-_o3XEd9cf7inOnHAoGrlqD7ydzs3peKAHiGDFCV7RgB&sig=AOD64_3KuGAWkhEtdWwVNzWMOLE_cy36JA&client=ca-pub-1313834454494130&rf=1&nb=25&adurl=https://www.airgas.com/norton-abrasives%3Futm_arg%3DDisplay:Google:Co-Op_Norton_Display:Co-Op_Norton_Evergreen_2806:GDN::Banner::300x250::%26s_kwcid%3DAL!10136!3!753665359675!!www.hurriyet.com.tr!d!!%26gad_source%3D5%26gad_campaignid%3D22580084346%26gclid%3DEAIaIQobChMIrZPvg4ufkwMVFU3DBh2QOBxTEAEYASAAEgLB9_D_BwE,https://www.airgas.com/brand/Norton/category/218-6000,7.0,8.0,8.0,8.0,10.0,3.0,3.0,3.0,3.0,4.0
130,https://www.googleadservices.com/pagead/aclk?sa=L&ai=CYKiUdWa2acuuIuKLjeYPsPPh2ArW9f-QhQH3ntX6whPc2R4QASCn9owaYIkDoAGb5aOXA8gBAagDAcgDywSqBLgCT9AUfYdy0hZZAErb2CKe2KGg__mghVHSTtPRhV28mzTruzmSze2RYAsPwMJHuJKcBp-Ff7RK4Jv7qple37dj7USLEXT8Y48Z4luYYotq9OkXKai-eJbhIW1J4LgYpfSTK9cznqn7HKq1tDsqldzih7SnqwgH0o-K641xteuCZSWI9mXAyXytJ1iGPFnH_b3HoA1clWm6977wQFg6iRWCnB_kgvsO_xQzgMw14q7fKLodtUCqzjTADhuPT3sCDyLaXVX6D1fhltBQ9BRUSbKROmBdSDN2gm2TlUAnmUII-BW6ktUdoe7nXcEMhOaWaC5N45HAif-0d_iQ-40ieOd9vXNd0HN8lEB3Qsqj4d-iXuMMBMNovYLewnT3Jt7E83qdUBiNJgLLMnfgUEhtI1bBrZA6IVYPOva1wASV6MOuhgWIBceIocRSoAYugAfNmtxoqAenzLECqAfi2LECqAemvhuoB8zOsQKoB_PRG6gHltgbqAeqm7ECqAeOzhuoB5PYG6gH8OAbqAfulrECqAf-nrECqAevvrECqAfVyRuoB5oGqAf_nrECqAffn7ECqAf4wrECqAf7wrEC2AcB0ggvCIBhEAEYnwMyCIqCgICAgIAIOg2AQIDAgICAgKiAAqgDSL39wTpYt5Ocp7ehkwOxCcQgnKKAeqaigAoBmAsByAsBogwDkAEBqg0CSlDIDQHqDRMIgcGdp7ehkwMV4kXDBh2weRir8A0CiA4J2BMNiBQB0BUBmBYByhYCCgD4FgGAFwGyFw4YASoKMDU1MDA5NDE5MboXAjgBqhgXCQAAAAAgZ_hAEgowNTUwMDk0MTkxGAGyGAkSAqpOGC4iAQDQGAHCGQIIAQ&ae=1&gclid=EAIaIQobChMIi72dp7ehkwMV4kXDBh2weRirEAEYASAAEgI_9PD_BwE&num=1&cid=CAQS0AEABaugfaqOlCTdVo8piz889x5CqsrnY5K443GGH5i_zLfllq-kZvI6OLKRtiCChs_G-V9gjuWTsl-hwHuZBGG2ApMvDRKjPF36gbo9g-XRSEZw9K-gPGf8a8grU3RFyf5B0rdoG94nzFMRn02F5eYDrIXBZIU8nKBUwMOaka5tcimwgHd2Ya0feZMgpD2sWL2d1O-7T_3cGUpz3TXSZLvgBvOkr-t84fOWyOtH3XvsbSgoClromsEqFBqhtcusLmYCJxuK5EBavgQ-Ur9ppgClGAE&sig=AOD64_18s-PWDCQKwHx-vGTWuZpKzUkcMA&client=ca-pub-2107538958244175&rf=1&nb=0&adurl=https://atsdiesel.com/collections/ats-diesel-performance-turbochargers-premium-drop-in-replacement-turbos-for-heavy-duty-diesel-engines%3Futm_term%3D%26utm_campaign%3D%26utm_source%3Dadwords%26utm_medium%3Dppc%26hsa_acc%3D4000832939%26hsa_cam%3D22154855495%26hsa_grp%3D173506884629%26hsa_ad%3D730239109361%26hsa_src%3Dd%26hsa_tgt%3D%26hsa_kw%3D%26hsa_mt%3D%26hsa_net%3Dadwords%26hsa_ver%3D3%26gad_source%3D5%26gad_campaignid%3D22154855495%26gclid%3DEAIaIQobChMIi72dp7ehkwMV4kXDBh2weRirEAEYASAAEgI_9PD_BwE,https://atsdiesel.com/collections/ats-diesel-performance-turbochargers-premium-drop-in-replacement-turbos-for-heavy-duty-diesel-engines?utm_term=&utm_campaign=&utm_source=adwords&utm_medium=ppc&hsa_acc=4000832939&hsa_cam=22154855495&hsa_grp=173506884629&hsa_ad=730239109361&hsa_src=d&hsa_tgt=&hsa_kw=&hsa_mt=&hsa_net=adwords&hsa_ver=3&gad_source=5&gad_campaignid=22154855495&gclid=EAIaIQobChMIi72dp7ehkwMV4kXDBh2weRirEAEYASAAEgI_9PD_BwE,,,,,,,,,,
131,https://www.googleadservices.com/pagead/aclk?sa=L&ai=CfFzxwjK0aZCuMdWRjeYPxuupYdD1ic-FAbjlh_jCE9zZHhABIM2ejxhgiYvEhPQToAHRnPzAKMgBAakCcve7KMPzOj7gAgCoAwHIAwqqBJkDT9CTmp1sD2Sy-xAwqyzM7ieh6MOxgpJ69Vv0Shps9J9DlKkEjWlw4lr1x18c-o1Sh_XbsThrf10rjnGyb4aoBGDVRYC1fts3mkTbUUhFTZ0K0T-0B8vZ5vDGarrmXhAhFqvz_J_9tfEo9jGVzzk0StmaeNc9xDVhn3d6_h7qTgWOPoIqPwbdsMod7B_rEBJ0SBqEx1fCXbWm6h0RCGQ6gI-9FBOcesYzb0Qdv2-CgMKdEMiTrDmg-SLRg1R25zPhDtFSex3J2J7G4OPZjaUUM3EWEXm0NGM_1HV0Q9JknTShJVZqTte5H1Od0qU-N3_tR1TdY2LjW-cBAWqRpfpXmR8qrivSp2ljl9NKAMBTX7El2pYB4cpBUXAUVXW8vMjpSMYtHRl2k0T8w_d61qD4AS19GmavrLjlkpJADDbL6Md0_gT1XEcpMY_x7jZy5VRsqeAERR3przeqqsQGLmhR5Mni1VPFimgIZybwMQw5tL4inmPhFZhFCT9P5Ib4Y-zNKg_lSW3u81C3tVSAMGDeKRHCXYjyunHmfsAExa39_PkD4AQBiAWG36qiP4AH0dTMoAOoB6fMsQKoB-LYsQKoB6a-G6gHzM6xAqgH89EbqAeW2BuoB6qbsQKoB47OG6gHk9gbqAfw4BuoB-6WsQKoB_6esQKoB6--sQKoB9XJG6gH2baxAqgHmgaoB_-esQKoB9-fsQKoB_jCsQKoB_vCsQLYBwHSCC8IgGEQARidATIIioKAgICAgAg6DYBAgMCAgICAqIACqANIvf3BOljSg7PcnZ2TA7EJgZ1tMkcAgtKACgGYCwHICwGiDAOQAQGqDQJKUMgNAeINEwj4obPcnZ2TAxXVSMMGHcZ1KgzqDRMI8_Oz3J2dkwMV1UjDBh3GdSoM8A0CiA7___________8B2BMDiBQJ0BUBmBYByhYCCgD4FgGAFwGyFw4YASoKMjI3OTU3NTUyMboXAjgBqhgXCQAAAAAA7PNAEgoyMjc5NTc1NTIxGAGyGAkSAsFcGAEiAQDQGAHoGAHCGQIIAQ&ae=1&gclid=EAIaIQobChMIkJe03J2dkwMV1UjDBh3GdSoMEAEYASAAEgInHfD_BwE&num=1&cid=CAQS0gEA56J1eZfvV-X44G7SZ34_hzT5EYye72fZ8dHwLDQ4CVJXI3zAyceXqZBLslVK7CQUtZvrSBkCthEleIhA77iZ3VjXVIB9v-abePgzPVPn-QPOkBf-6nP6kjVny-FNg8leG8ZPePw1-qvgeqpnHaql0N9bdEnr_ShMu0mD04IwPlNe78ng1SrWHo8DcXmNAICmE6eoD2Q0KDzv19RbqSezqZAbQe_kLVrledLLpJPIeXiK10T2Q2cWNBO-Z3hIC6m-moXtwmM68Dc7IsxbOpB6298YAQ&sig=AOD64_3-x8YNypEUhlPIrJlf5nE5PRTF5Q&client=ca-pub-4075694933314520&rf=4&nb=1&adurl=https://www.aiful.co.jp/%3Faff%3D11011781%26utm_source%3Dgoogle%26utm_medium%3Ddisplay%26utm_campaign%3DBN_A%26gad_source%3D5%26gad_campaignid%3D16983437190%26gclid%3DEAIaIQobChMIkJe03J2dkwMV1UjDBh3GdSoMEAEYASAAEgInHfD_BwE,https://www.aiful.co.jp/?aff=11011781&utm_source=google&utm_medium=display&utm_campaign=BN_A&gad_source=5&gad_campaignid=16983437190&gclid=EAIaIQobChMIkJe03J2dkwMV1UjDBh3GdSoMEAEYASAAEgInHfD_BwE,,,,,,,,,,
132,https://www.googleadservices.com/pagead/aclk?sa=L&ai=CP7fzW463ab2hOdWcjeYP5sGI4QOTm--UbPDvrLi0EGQQASCM95YmYMeNgY6EJqAB0-b3xwPIAQmpAq8WUd2d0W8-4AIAqAMByAMKqgStA0_QevwLVvO20ki3O-KMOgkEorQT0Wm3w4wa6d4Ol6hX0ykVhXegkBT4Rmexe4i2tQIfdUOKws2IXIsNL7-aTgXik_-8Xqc_BtdTEDqc3NBmSKPqnNUCUPNCIxwoMVklUlqXCR8k8Nf2oCKrsxtFLLH4cEtvhx0wXtBwCrBg66BEVfMiM4ge_PmJinXrvAPAo7m-nKd2hMWMOGhGHTj_lcsEOoIJt3IAemmOE-3-B1SH9DFSsVbmZJ40ITm5y5mGwD2t01ZetF25UQsHj4DIvBSPeEfwBbxMBzKHV89ZrEkJr_BQgw42QX0p5hILP7n1pvzPz1cL3py0ahXCj_OwR3S593Ruoqi5lhdJLqBPXjBIArHoJhixe-Iozr2INoYuu5-xolXgPDSWUUDdZKL46md80B05thTcGpljXdvJRPzM9yqt-3G5rLyd5tuJMkwQOPHIYjQAI_7dLePRDELyLfFzpj5UcRIgXxeUbLdxyXcCTytUWKoOXAV5h2bOLDEx0rJYsoe2_oVPOdk0rczDiZN5OGavZXu_sUpcUC6iBRBpqzHSUDA0CA-TP3kVY8AExe2vrD_gBAGIBaW7vnegBi6AB5WZiDioB6fMsQKoB-LYsQKoB6a-G6gHzM6xAqgH89EbqAeW2BuoB6qbsQKoB47OG6gHk9gbqAfw4BuoB-6WsQKoB_6esQKoB6--sQKoB9XJG6gH2baxAqgHmgaoB_-esQKoB9-fsQKoB_jCsQKoB_vCsQLYBwDSCC8IgGEQARidATIIioKAgICAgAg6DYBAgMCAgICAqIACqANIvf3BOli5lei_0aOTA7EJLQz9BMtLmZOACgOKCuYBaHR0cHM6Ly9tb25pdG9yLmNsaWNrY2Vhc2UuY29tL3RyYWNrZXIvdHJhY2tlci5hc3B4P2lkPVIxb3hBWGNIMVNBRHpqJmFkcG9zPSZsb2NwaGlzaWNhbD05MTk1NTkwJmxvY2ludGVyZXN0PSZhZGdycD0xNzAwNDQ5MjQ4NSZrdz0mbnc9ZCZ1cmw9e2xwdXJsfSZjcG49MjUwNTg0NDg1JmRldmljZT1jJmNjcHR1cmw9d29ya3NwYWNlb2ZmaWNlZnVybml0dXJlLmNvLnphJnBsPXd3dy5jcm9uaXN0YS5jb22YCwHICwHgCwGADAGiDAOQAQGqDQJaQcgNAeINEwipt-i_0aOTAxVVTsMGHeYgIjzqDRMIjp3pv9GjkwMVVU7DBh3mICI88A0CiA7___________8BuBPkA9gTDYgUCNAVAZgWAcoWAgoA-BYBgBcBshcOGAEqCjE5MDg3NTczNzm6FwI4AaoYFwkAAAAAgA76QBIKMTkwODc1NzM3ORgBshgJEgK8UBguIgEA0BgBwhkCCAE&ae=1&gclid=EAIaIQobChMI_brpv9GjkwMVVU7DBh3mICI8EAEYASAAEgKXwvD_BwE&num=1&cid=CAQS0QEA56J1ec4o0l4D6YW3XP2witYFsdVaW8usaNWOsAShpkz8qfy4ys4bL5hU8SgJ2G8v33W2rIgFjdRhyRhK4S4qGrpU8MrTONGc048K5yhl5FONVWupUiD0Io1ohwkPwQZVAgxz5_Zvit-Bvy7zpyGFISsJIYU2mzX41OoxPJuRVZI3F0eUnsFW3iEXugFaSG98zWTG9iawmVXpTzdjYENKc-xkP9hrNEcQ9_rz2RCC2MuGP3_s21DH6gEid8xpiHC0vCVYzQw4fwq-B7_oySTKbhgB&sig=AOD64_0m6xpgp0C2OsrVFcMkanNay8MNMg&client=ca-pub-6554330019384808&rf=4&nb=9&adurl=https://workspaceofficefurniture.co.za/%3Fgad_source%3D5%26gad_campaignid%3D250584485%26gclid%3DEAIaIQobChMI_brpv9GjkwMVVU7DBh3mICI8EAEYASAAEgKXwvD_BwE,https://workspaceofficefurniture.co.za/?gad_source=5&gad_campaignid=250584485&gclid=EAIaIQobChMI_brpv9GjkwMVVU7DBh3mICI8EAEYASAAEgKXwvD_BwE,,,,,,,,,,
133,https://www.googleadservices.com/pagead/aclk?sa=L&ai=CjxKPqj60aZ_4Na7djeYPr7SUmAecxpnShQH-mumothXN0bb2vCYQASDmtM-ZAWCJi8SE9BOgAYSMmbwCyAEJ4AIAqAMByAMKqgTNAk_QxRqauP9kX6-J5GzZyw9SUUTKtqfaMjjJ6njb0KSgWO6nHnQxV8iYf6tcRRy_YZkBkqjVROlEL3nahkms-J4GnEsDcIF81WGKoDwPvx_0x4oQTMWBJG2oBGRzJz9JWD8jQ1Z6UWJjECY9aapZDIbVnYohH0MO6a9sIObmlBNHYL1Ud97NfjDBNmPECQv443z_E1qaPxJca6BhYV1rbR_XGh4gCxvmV71hbY_4VZGuuuUNndj-bTOGjQoVx0LnVWRVoQ2BOvmTCJYqcArkpakAkX575z5-qfuSebTRCIRU2_6so-pilZB8w0J_g_cqa4F0hOhQi4w-fDhiZn97Ce5zYixQ_DRnz56V9QKiSxqaEfWTKYgjWBMSb4Y89eLG-yQ1DzI2U6vBTM3gEnKMEuOR8VPzCxDQjDWQvcA370kw4LqiOV4aRhEH_UmlAsAErrWGy58F4AQBiAXW-MmbU6AGLoAHlOWJoQGoB6fMsQKoB-LYsQKoB6a-G6gHzM6xAqgH89EbqAeW2BuoB6qbsQKoB47OG6gHk9gbqAfw4BuoB-6WsQKoB_6esQKoB6--sQKoB9XJG6gHmgaoB_-esQKoB9-fsQKoB_jCsQKoB_vCsQLYBwDSCC8IgGEQARidATIIioKAgICAgAg6DYBAgMCAgICAqIACqANIvf3BOli99umJqZ2TA7EJEvv8WFVu0GuACgOYCwHICwGADAGiDAOQAQGqDQJKUMgNAeINEwiEl-qJqZ2TAxWubsMGHS8aBXPqDRMIhLbriamdkwMVrm7DBh0vGgVz8A0CiA7___________8BsA7f8Zi4GNgTDNAVAZgWAcoWAgoA-BYBgBcBshcOGAEqCjUxMDM4Nzk0ODO6FwI4AaoYFwkAAAAAaK0CQRIKNTEwMzg3OTQ4MxgBshgJEgLoWRguIgEA0BgB6BgBwhkCCAE&ae=1&gclid=EAIaIQobChMIn_XriamdkwMVrm7DBh0vGgVzEAEYASAAEgIxLPD_BwE&num=1&cid=CAQS0QEA56J1eUpyWDZe6kDhzzNV4_0e_gqyKA-KTKzIWPoyTHPthyvHHDK9LPUHeTcOD9GeqIZNahxnFyh2sbyAk0tXug0-v-v5KPqfFh42UYyFPx29I_rzwbfuQQFpdKJQXZSTRq83F5gbblIjaoqJC1WY9t9w5-4sPVMbyD5licOy5Tg_QuLKc1ZeyG_LdDOefukbH5ctTL9-5q4K7LiCO3L-AfqNk8J74ePfh9qCMhFOg6O2zF4FJ11ZlCgLMtsVDlheDv-hkhVKBQ--VIbEf-aPhBgB&sig=AOD64_1vnkhoh_sCelmkP5ARP2mbt3aHBA&client=ca-pub-3677668629134422&rf=4&nb=9&adurl=https://getstarted.tiktok.com/ecomm-cosmetics-jp%3Ftrue%26phase%3D2%26lang%3Dja-JP%26attr_source%3Dgoogle%26attr_medium%3Dpmax-ad%26attr_campaign_id%3D22337975483%26funnel%3Dprospecting%26targeting%3Dall%26creative%3DEcommerceCosmeticsVerticalMaxCV%26gad_source%3D5%26gad_campaignid%3D22337977430%26gclid%3DEAIaIQobChMIn_XriamdkwMVrm7DBh0vGgVzEAEYASAAEgIxLPD_BwE,https://getstarted.tiktok.com/ecomm-cosmetics-jp?true&phase=2&lang=ja-JP&attr_source=google&attr_medium=pmax-ad&attr_campaign_id=22337975483&funnel=prospecting&targeting=all&creative=EcommerceCosmeticsVerticalMaxCV&gad_source=5&gad_campaignid=22337977430&gclid=EAIaIQobChMIn_XriamdkwMVrm7DBh0vGgVzEAEYASAAEgIxLPD_BwE,,,,,,,,,,
134,https://www.googleadservices.com/pagead/aclk?sa=L&ai=CL6a0zUW3aYe9EaacjeYP0cyjoAW_-dvqggG3v7CH8xT-qbmAv0cQASDNno8YYMme-YaAgKAZoAGBsrSOP8gBCakCw5DVyXV8ez7gAgCoAwHIAwqqBMwCT9BaoBzVm68nhdpEpDbZInjoE6vocw1Xgb-VrRj7Yc-nGKt_2Lec8u5aZTiN7gPVt9RyNi6WQ17DN1bfMHvTkv6r_s-eRT9OYECKJJ5ZQzGfj9PI9jyk76z9uFyLNtpYC1htP8KDEhUBtW2P4bQzWSGnUx-VkFG0zsWQ_l_s3SeQhE9eSx6kr_8dRbmp9dDkQQiJlDHGSnygH1BYRhmDNxGmsu-USgxm8v_Gt0pbr3L9QzimbuQuPhf-4kptUx0qqbLnR7gI78J21xk8rFAuogeuXK9XB9oVSLkYdAJWzgOtb-1_AiCBceUOXJ_5dhh250C3jpBFRdASncO0l4zZG0Riqlj0bJn8HTsKyz1qQWyldvxmMzJ0vd4ykeOUlJjYmXBeY0xzHV_ddDyXK47OjUUhY7hv-lLthvIF-05zMzM55vt5uIGcwZ8vrd_ABMXH8dS4BeAEAYgF3JnHn1agBi6AB4HqhO4ZqAenzLECqAfi2LECqAemvhuoB8zOsQKoB_PRG6gHltgbqAeqm7ECqAeOzhuoB5PYG6gH8OAbqAfulrECqAf-nrECqAevvrECqAfVyRuoB9m2sQKoB5oGqAf_nrECqAffn7ECqAf4wrECqAf7wrEC2AcA0ggwCIBhEAEYnQEyCIqCgICAgIAIOg6AQIDAgICAgKiAAqiDEEi9_cE6WJDp16aMo5MDsQn7zhWthSP0jYAKAZgLAcgLAYAMAaIMA5ABAaoNAlVTyA0B4g0TCMqI2KaMo5MDFSZOwwYdUeYIVOoNEwiHj9mmjKOTAxUmTsMGHVHmCFTwDQKIDv___________wHYEw2IFAzQFQGYFgHKFgIKAPgWAYAXAbIXDhgBKgozNzg1Nzg3MzIxuhcCOAGqGBcJAAAAADDk80ASCjM3ODU3ODczMjEYAbIYCRICxWgYLiIBANAYAcIZAggB&ae=1&gclid=EAIaIQobChMIx9fepoyjkwMVJk7DBh1R5ghUEAEYASAAEgIpZfD_BwE&num=1&cid=CAQS0QEA56J1ebT9LuMVWqwFvpP-YPO6DAAptrX5t2Ne3k2vUT4Wkp57KNHHqqfI0uSsbYSA8z2CCgqOh4Cswuf5lMi8gOlrZ6WxVq0KjfOj9UKI-QH1xgribnNtOe0cgD0vTGAbRlb-jJhuJGftWfQYRDACMj2MsSpeh6DaGR2PyszWn_GjyzM7349jQ7117dNfJ4KXcBNYRE60YRb3QFAkbZhrlYPbkWlrFfDEqPRBqOuOxqSq96luOH7hsdcROQ24lVQTHSAy8Gj5zWEUWBzCLvD54hgB&sig=AOD64_1OBjSWml6_PdfT14i0kP4RXlwnUw&client=ca-pub-4075694933314520&rf=4&nb=9&adurl=https://xshielder.com/%3Futm_term%3D%26utm_campaign%3DDISPLAY%2B%257C%2BALL%2B%257C%2BXSHIELDER%2BCTA%26utm_source%3Dadwords%26utm_medium%3Dppc%26hsa_acc%3D9138241519%26hsa_cam%3D23151627484%26hsa_grp%3D187009098693%26hsa_ad%3D779559167944%26hsa_src%3Dd%26hsa_tgt%3D%26hsa_kw%3D%26hsa_mt%3D%26hsa_net%3Dadwords%26hsa_ver%3D3%26gad_source%3D5%26gad_campaignid%3D23151627484%26gclid%3DEAIaIQobChMIx9fepoyjkwMVJk7DBh1R5ghUEAEYASAAEgIpZfD_BwE,https://xshielder.com/?utm_term=&utm_campaign=DISPLAY+%7C+ALL+%7C+XSHIELDER+CTA&utm_source=adwords&utm_medium=ppc&hsa_acc=9138241519&hsa_cam=23151627484&hsa_grp=187009098693&hsa_ad=779559167944&hsa_src=d&hsa_tgt=&hsa_kw=&hsa_mt=&hsa_net=adwords&hsa_ver=3&gad_source=5&gad_campaignid=23151627484&gclid=EAIaIQobChMIx9fepoyjkwMVJk7DBh1R5ghUEAEYASAAEgIpZfD_BwE,,,,,,,,,,
135,https://googleads.g.doubleclick.net/aclk?sa=l&ai=CfJNcOJe3aYyyNayLjeYP_b2xqAPq47W4hQGl_a2krRXd2R4QASCFr_MeYImLxIT0E6ABnK_7qALIAQLgAgCoAwHIAwiqBMcCT9ASgJrggeWtUouKCqWPJuDw-Gxi8Z9YAZsaI5HYKq5BPSe5N88mK1Da5lzbR-yPQiocUPz5nYBd-UXue67a4dBZ546UehiQ8y6Y3yxzlHCHKNwFdctFSA0HpM-HSzd4kARwSt7cEOSkYy3r239TnNyrL8lIAi0OcJYgSzeYqcNB6DdefVvUeHiJwgPWBADPh92MubhcfDs0IkFPYNVZQM6nFKxi5i3eWpBEhJKH4CpwN9VyS4urgDaqEvCe1fktBg0bF73eprQTTWb2M_bxt5dOZhBg0siNipR9Wp_C8JxnWKEYDaYqqvzM30YP2P-qprwh0yRI3t3P1FAs8Q5TeQyZqlU25fgLlOo5fvBmd8_LgOjSheiPZKOU7l7a-BwGt5mFDiJt308q2ILRiwBxS36zoeRTVciDPYPt3BS38p9ZEQBrcXynwATStYmP3AXgBAGIBbKf1exXoAYCgAfM0ITXAagHp8yxAqgH4tixAqgHpr4bqAfMzrECqAfz0RuoB5bYG6gHqpuxAqgHjs4bqAeT2BuoB_DgG6gH7paxAqgH_p6xAqgHr76xAqgH1ckbqAfZtrECqAeaBqgH_56xAqgH35-xAqgH-MKxAqgH-8KxAtgHAdIILwiAYRABGJ0BMgiKgoCAgICACDoNgECAwICAgICogAKoA0i9_cE6WPXy3PnZo5MDsQm_qmoLo75XKIAKA5gLAcgLAaIMA5ABAaoNAkpQyA0B4g0TCI6M3fnZo5MDFaxFwwYd_V4MNeoNEwj9hd752aOTAxWsRcMGHf1eDDXwDQKIDv___________wHYEw3QFQGYFgHKFgIKAPgWAYAXAbIXDhgBKgo1NTAxODI5NTc4uhcCOAGqGBcJ_____5__70ASCjU1MDE4Mjk1NzgYAbIYCRICsFMYAiIBANAYAegYAcIZAggB&ae=1&gclid=EAIaIQobChMIjK7e-dmjkwMVrEXDBh39Xgw1EAEYASAAEgKq2vD_BwE&num=1&cid=CAQS0gEA56J1eZxTdxjpf0Xu8ZpteUlv3JYdRzW6EFo8soJTyV3VptZHjf_wjUHBLQAIfw-l7kWLC5EIez21r2pKlLmetw343hHBfchxLm950tcV01x80CqvcJu_eEvWjYwevjtS4EyqoL8WETD-JUjWVS9A3PGhzhakLT8_JwbLd5ociTULX9wREMzBgILTbdNzaUloYt0eLrA6Enb3cxVIzR3OY6DOCZoDbGAMwn9xbhsM_jo_y28bKvI9cJbf1dAA2nEmTh5Q0jvfmhgHVrlKw_dn5mkYAQ&sig=AOD64_1LPXf9pFCy5a9vlOgylMLX0N7hig&client=ca-pub-6131228133143733&rf=5&nx=CLICK_X&ny=CLICK_Y&uap=UACH(platform)&uapv=UACH(platformVersion)&uaa=UACH(architecture)&uam=UACH(model)&uafv=UACH(uaFullVersion)&uab=UACH(bitness)&uaw=UACH(wow64)&uafvl=UACH(fullVersionList)&nb=2&adurl=https://www.hero-wars.com/%3Fdelayedsignup%3Dtrue%26nx_source%3Dadx_adwordsdisplay.hw_wb_uu_-.cc-ww_other.g-mix.a-mix.au-custom_webshops.opt-purchase2.cr-hw_st_lootbaby1a.cn-970_250.lp-delayed.dt-display.cid-23581773746.agid-196526365394.csd-120326.-%26cp%3D.aid-799989199125%26gad_source%3D5%26gad_campaignid%3D23581773746%26gclid%3DEAIaIQobChMIjK7e-dmjkwMVrEXDBh39Xgw1EAEYASAAEgKq2vD_BwE,https://www.hero-wars.com/?delayedsignup=true&nx_source=adx_adwordsdisplay.hw_wb_uu_-.cc-ww_other.g-mix.a-mix.au-custom_webshops.opt-purchase2.cr-hw_st_lootbaby1a.cn-970_250.lp-delayed.dt-display.cid-23581773746.agid-196526365394.csd-120326.-&cp=.aid-799989199125&gad_source=5&gad_campaignid=23581773746&gclid=EAIaIQobChMIjK7e-dmjkwMVrEXDBh39Xgw1EAEYASAAEgKq2vD_BwE,0.0,4.0,2.0,4.0,2.0,0.0,2.0,1.0,2.0,1.0
136,https://www.googleadservices.com/pagead/aclk?sa=L&ai=C_60JCaG2acHOH7aE7OsPobnjkA6hzIephQHf-8jMsBWosLGEBhABIIC8xnNgx42BjoQmoAHgt9H-PcgBAuACAKgDAcgDCKoEyAJP0DblwmGljN-dfkIhsPp-3-_6ZgxTnlteEK9KklscbiypWJReDHp1LMCqhXiINOkFEVRiYZlwUv2jHc0AOaP24DJQL1fdOz9CfjjSqqMao1-Tnr6z7pZHuOwKf1dO1JlScfCpX2DPJviNr_gaXjd8l03HW4XJHAR18FuL1ZGyBPsLOCyarFmo0gwJqHx1W9uUH391qbtU_NvXHHFwX4zg9F0u7mnNHEuQadFYdEkI-U2nbbEIr5lbDYbtxT3t2LXivXe1VazBg7WG0WjnC7Nss5D-gxZJFpN0fpjTWtjuF4NHDGXod48roX_iqHbqfg8WDIY-7OKsS-59LpGc6x3uh18UhIqaE0XiVqxShVNKfRNEqGhAiBjxoOrHdGSDNeuOu4wYWz2RQVUEjjwnEqawanPvVJoBFiA8YKnOEE6NQw9k-27U-agZwASQiYOW4wXgBAGIBfrzh7FSoAYCgAfg76HeGKgHp8yxAqgH4tixAqgHpr4bqAfMzrECqAfz0RuoB5bYG6gHqpuxAqgHjs4bqAeT2BuoB_DgG6gH7paxAqgH_p6xAqgHr76xAqgH1ckbqAfZtrECqAeaBqgH_56xAqgH35-xAqgH-MKxAqgH-8KxAtgHAdIILwiAYRABGJ0BMgiKgoCAgICACDoNgECAwICAgICogAKoA0i9_cE6WMit65XvoZMDsQkVyWeHgyDkZ4AKA5gLAcgLAaIMA5ABAaoNAlpByA0B4g0TCP3f65XvoZMDFTYCewcdodwY4uoNEwiSpe2V76GTAxU2AnsHHaHcGOLwDQKIDv___________wHYEw3QFQGYFgHKFgIKAPgWAYAXAbIXDhgBKgo5NzI4OTk5NTY0uhcCOAGqGBcJAAAAAKB5GEESCjk3Mjg5OTk1NjQYAbIYCRIC704YAiIBANAYAcIZAggB&ae=1&gclid=EAIaIQobChMIgfftle-hkwMVNgJ7Bx2h3BjiEAEYASAAEgJutfD_BwE&num=1&cid=CAQS0QEABaugfcdGQCmiuN-DMn_1D207oqEwAkwgF4ypK0CMgPrQsSktzTJ70Q6bNd-sPdkdPKEwfH7sqJVk3TDOV7UTmrp42x61SXh752Z10l6sGkmPntS0VyLPZtio2X28_wrfNrNOUN5vt2dWPlWZxnGyb9vep57TGGyTX2MZtNtzrwCky-_CgVrIbokT60WJr_XdLIXajuqvsaEsZoxd70hl0S3xlVwuJLLu6GFAixMu8MLadB6qdSxIrTX15znhlg44CkEB1OGH20j1lEbmkiKVyhgB&sig=AOD64_3Na1FoXliu39PNHcFMr7bI329wBQ&client=ca-pub-2018484621237323&rf=5&nx=CLICK_X&ny=CLICK_Y&uap=UACH(platform)&uapv=UACH(platformVersion)&uaa=UACH(architecture)&uam=UACH(model)&uafv=UACH(uaFullVersion)&uab=UACH(bitness)&uaw=UACH(wow64)&uafvl=UACH(fullVersionList)&nb=2&adurl=https://www.bridgewater.com/how-were-processing-the-new-investment-regime-lp1%3Fnetwork%3Dgdn%26targeting%3Dpl%26campaign%3Dnl14%26asset%3Dnl14-cios%26gad_source%3D5%26gad_campaignid%3D22114597370%26gclid%3DEAIaIQobChMIgfftle-hkwMVNgJ7Bx2h3BjiEAEYASAAEgJutfD_BwE,https://www.bridgewater.com/how-were-processing-the-new-investment-regime-lp1?network=gdn&targeting=pl&campaign=nl14&asset=nl14-cios&gad_source=5&gad_campaignid=22114597370&gclid=EAIaIQobChMIgfftle-hkwMVNgJ7Bx2h3BjiEAEYASAAEgJutfD_BwE,24.0,26.0,24.0,24.0,24.0,5.0,6.0,5.0,5.0,5.0
137,https://www.googleadservices.com/pagead/aclk?sa=L&ai=CLbult8K4afjvCOOOjeYPr53vmAuH0oSRhQHB2YfDjBWhpvjz0B0QASDFnrQdYMeVgI6EJqABuZvZsCrIAQngAgCoAwHIA8sEqgTNAk_Q7EOJn4pPKhnpc1COAS6i2zyJnRwhQ_U5ypUsHrUau3lW-oqUo5wCKPHiFN_eLUN9ZCOLmB3h-7CaYfbJMOd3TCU-qzfBxtdr5j-6MyTPm22fbMW4BROcDgtTlUwks9fC0ktM_jF24eDL0JT5QJ_M8-8ZpRgJflMxrYmoJaPsQzx_EgSEIGY8W6k6R_DyTQ27XTy-f84QxUW63qGX7s21Yguu-fptFkrvOqFBB2H4sk3dJAekJtDHmudGr0s9fDOq7OjIARPja25XETSLi_xsYRVsZtkze_fLi4YS7_rhOdbsbvP33lA5yRN8_zbOZV1xRsg_1EX51cOIm2khOvO8UhRHQ8_qVSrLXpLXpkat3SMXWuN8iFIxqnRCydPTT3ULFU9RzXG7IOVcLHICT9-jVplXGt7Nq1bEas3XR7dw73hZkR_Q_woyWZ-8pMAE9fv956wF4AQBiAXCy8LPU8AFBfoFBgglEAEYAKAGLoAHudOpkAWoB6fMsQKoB-LYsQKoB6a-G6gHzM6xAqgH89EbqAeW2BuoB6qbsQKoB47OG6gHk9gbqAfw4BuoB-6WsQKoB_6esQKoB6--sQKoB9m2sQKoB5oGqAf_nrECqAffn7ECqAf4wrECqAfi2LECqAfi2LECqAfi2LEC2AcAwAgB0ggvCIBhEAEYnQEyCIqCgICAgIAIOg2AQIDAgICAgKiAAqgDSL39wTpY0_L6yPelkwOACgOQCwOYCwHICwGADAGiDAVIAZABAaoNAlpByA0B4g0TCJuV-8j3pZMDFWNHwwYdr84bs-oNEwim-vvI96WTAxVjR8MGHa_OG7PwDQKIDv___________wGwDu6yltQY4BLFsYCPnNbw0mvYEwvQFQHwFcPmqfIT-hUoc2hvcGlmeV9aWl8xMDAxNDU2MzI3MDk0NF81MDYwMjA5MDk4NzgwOJgWAcoWAgoA-BYBgBcBshcOGAEqCjI0NDk2NDAwNDG6FwI4AaoYFwkAAAAAQEb-QBIKMjQ0OTY0MDA0MRgBshgJEgLBTxguIgEA0BgBwhkCCAE&ae=1&gclid=EAIaIQobChMIuKf8yPelkwMVY0fDBh2vzhuzEAEYASABEgKy8_D_BwE&num=1&cid=CAQS0gEABaugffHsozHuzBaLzE7YaM-utfRxIUIViVwgTYvl9smtcN4-bt3gEBhmQFkPHsX2voDuSXH3c2ciYtGiib3754TVgl9GH8SycL1AtXVJE_cILrp-wIXrd9Rc2teFfkwHBsdgWW-gDhD2uuyjjAf2cIvMTgkNg8Oq__FGTVoOpIksaFi9_-XmZF51CgRj_qOnnCmPqHqJHUz2OEV6wBVUl6rR9MHvG3E8DqvnvFEPeZFX5xnBM9dmEYhA3WPBeqnBkLVksYRbWiuhUa5asPyDdVsYAQ&sig=AOD64_32VuDvLZs64OYc9HxyOLiLxSM0Rw&ctype=5&client=ca-pub-4069693291391267&nb=9&adurl=https://bearefoot.com/products/hazers%3Fvariant%3D50602090987808%26country%3DZA%26currency%3DZAR%26utm_medium%3Dproduct_sync%26utm_source%3Dgoogle%26utm_content%3Dsag_organic%26utm_campaign%3Dsag_organic%26gad_source%3D5%26gad_campaignid%3D22446908866%26gclid%3DEAIaIQobChMIuKf8yPelkwMVY0fDBh2vzhuzEAEYASABEgKy8_D_BwE,https://bearefoot.com/products/hazers?variant=50602090987808&country=ZA&currency=ZAR&utm_medium=product_sync&utm_source=google&utm_content=sag_organic&utm_campaign=sag_organic&gad_source=5&gad_campaignid=22446908866&gclid=EAIaIQobChMIuKf8yPelkwMVY0fDBh2vzhuzEAEYASABEgKy8_D_BwE,,,,,,,,,,
138,https://www.googleadservices.com/pagead/aclk?sa=L&ai=C97bKbJm3afyEJb-AjeYP-rmMqAa_iPiOf67EmYXVFaTV9dGMDhABIPqpihdgiYvEhPQToAH5yf35A8gBCeACAKgDAcgDCqoEwQJP0Ksl1rzse6S7udfRyGdPy_pLy8Dut4DwyfTeGcD_xsg_aU1TLaEiyafwdcE6sQLMjXWy5ZAi9q9RT88UtBGLaYNKZJT-9yFDZ9N0Fs3lN44lX_w6hRG9iTGzo85Ccl5vCfWfdpv7lOeBhpHVxnBON33ioRoCh8L5T3tWLbPbeFf5n1-GixlF4O4x5s5tXcXvzi875M94Sqbwmu3yJz1XuobYKSkUjxjXIu-OyTYKr-o0JjsQrsKNDoPqxl25CwQN4gRopRClSU4gFmwEESBltfH7VRIGq_soaFwVRGmfiub7KbrYBuJH1mEp57KFt7NaT7FcNOdeWYJ1wVoILaFpXGJhYpePSCYCPf9ot7OL2XH-6NRP_WezK_uTVqFqZg44PuNXq5TbPWu-U0o-x_Gt4zbUAyhPZUfqsKtRHYiL2uHABPbN_5SfBeAEAYgF8J-N9VOgBi6AB--1ggaoB6fMsQKoB-LYsQKoB6a-G6gHzM6xAqgH89EbqAeW2BuoB6qbsQKoB47OG6gHk9gbqAfw4BuoB-6WsQKoB_6esQKoB6--sQKoB9XJG6gH2baxAqgHmgaoB_-esQKoB9-fsQKoB_jCsQKoB_vCsQLYBwDSCC8IgGEQARidATIIioKAgICAgAg6DYBAgMCAgICAqIACqANIvf3BOli2jMSG3KOTA7EJ7NpyUG7wQAuACgOYCwHICwGADAGiDAOQAQGqDQJKUMgNAeINEwiKscSG3KOTAxU_QMMGHfocA2XqDRMIk7_FhtyjkwMVP0DDBh36HANl8A0CiA7___________8B2BMM0BUBmBYByhYCCgD4FgGAFwGyFw4YASoKOTMzMjc5MjkwNroXAjgBqhgXCQAAAADgx-pAEgo5MzMyNzkyOTA2GAGyGAkSAoFRGC4iAQDQGAHCGQIIAQ&ae=1&gclid=EAIaIQobChMI_OrFhtyjkwMVP0DDBh36HANlEAEYASAAEgIPuPD_BwE&num=1&cid=CAQS0gEA56J1eUzE2PM9yq9FPqREGgbLikDJpG5Ya-iOyDhw4tbpq19prMt_i-XAzec0ozivaxoUp6MEpD6RZDKK_P1b5jenzSdjVmjqynt2YjBPHOUJEuW0AD-h4JO1QrmqXy_PKbqkh-P25rycrsRMAuUeNBdI4ll0DzuJvEBfHxl5A9b5ql_3znfp6iaQfeEeBKinxt8Ka5hXSttg5P_fotuM1Jq2Yb0PDnAvAXmnU-KMW0xlK_1EoHzpfSNzfdNfyr3FPuNZhAeT5btvppMkl_C6iH0YAQ&sig=AOD64_2itu-o4VTV8bszQ3cg2R-JknB2lQ&client=ca-pub-5405132603504384&rf=4&nb=9&adurl=https://shoreshooters.com/30a-photographers/%3Fgad_source%3D5%26gad_campaignid%3D22525726704%26gclid%3DEAIaIQobChMI_OrFhtyjkwMVP0DDBh36HANlEAEYASAAEgIPuPD_BwE,https://shoreshooters.com/30a-photographers/?gad_source=5&gad_campaignid=22525726704&gclid=EAIaIQobChMI_OrFhtyjkwMVP0DDBh36HANlEAEYASAAEgIPuPD_BwE,,,,,,,,,,
139,https://www.googleadservices.com/pagead/aclk?sa=L&ai=CcJTRW5q3adnBNfb0jeYPzqu24Qq7tsvJhQHh6v7_kBWhpvjz0B0QASDmtM-ZAWCJi8SE9BOgAeL1qtUDyAEJqQI_Uyr58vA6PuACAKgDAcgDCqoEzAJP0HGzGwa3RdrW1fSxEcgDvmfE0Z-FQsfOa6SXq9VD2uHCHn6gKWScXYXGrIOGfDq5M0l3AoSZWWPtY0Um_1-Rmk0KGV0eS3XARnWeV54mCByXc1Eb_e9uclZV_Z7t60-BgM9NCthvPIUSRkRcQl0FeSRafhUbgpjoavkbUvL0mqbzZxxXB4j7B28EcFF_k2DI50jxipHmE05qI4pQfQniMAPdD9bhywAa0kR1RhigL6Mu65daEwT-zwFeAumtdCM0GMCK6ham5VGASmRVKjDwg7ayZNVUISSxGWJL5Dpy92ciuGBNdE2U1_ZIYfDCKQkbD95sUDVzIB1B2Rq-mw60R3ciR8sdprhJSnk-GGOs_0AnrjSpjOC_hZJbZ7yW1f8T-QEpVmJTIaa7x-KNasNErreIb5SBUz-AaCYS8hsJu0CkmDGOU7Rbz0ROtMAEn__j0MIF4AQBiAXjitGMV6AGLoAHhorVKqgHp8yxAqgH4tixAqgHpr4bqAfMzrECqAfz0RuoB5bYG6gHqpuxAqgHjs4bqAeT2BuoB_DgG6gH7paxAqgH_p6xAqgHr76xAqgH1ckbqAfZtrECqAeaBqgH_56xAqgH35-xAqgH-MKxAqgH-8KxAtgHANIILwiAYRABGJ0BMgiKgoCAgICACDoNgECAwICAgICogAKoA0i9_cE6WJ2G0Pjco5MDsQnWHKMdCQKMAoAKA5gLAcgLAYAMAaIMA5ABAaoNAkpQyA0B4g0TCJmo0Pjco5MDFXZ6wwYdzpUtrOoNEwjMo9H43KOTAxV2esMGHc6VLazwDQKIDv___________wGwDozAg-IYuBPkA9gTDNAVAZgWAcoWAgoA-BYBgBcBshcOGAEqCjUxMDM4Nzk0ODO6FwI4AaoYFwkAAAAAcFXxQBIKNTEwMzg3OTQ4MxgBshgJEgK5TxguIgEA0BgBwhkCCAE&ae=1&gclid=EAIaIQobChMImdvR-NyjkwMVdnrDBh3OlS2sEAEYASAAEgK7pvD_BwE&num=1&cid=CAQS0QEA56J1eQOrteEdtY0zUJiD7wXwwj1DgHBYN1pRid43b3plEqpLHR17NnQymjgqaQipXE8cmfe821fZYJktsySW15Tsb8ECh5ycC2EPnvKF04OWQ9q8wm1Sz_O5UXVTlo0VWXw5YIr2uERy5TLYAvQYxzgisVZ1GDIDkX3ALHUifmmP_B8s3Q-Y5glcRP1WdDZvXo45F9U5s8YCCdaLZ2rALM_fBcIuX4nyFDvW0ZVX8v2oZ68FevVl-3NAh_iSeysPuoHj9H7u3vv6v9iBtByXzBgB&sig=AOD64_14Z0U91oFVbtiY3APrRbj6fEffwg&client=ca-pub-3677668629134422&rf=4&nb=19&adurl=https://www.ginzaparty.com/%3Fgad_source%3D5%26gad_campaignid%3D23380378979%26gclid%3DEAIaIQobChMImdvR-NyjkwMVdnrDBh3OlS2sEAEYASAAEgK7pvD_BwE,https://www.ginzaparty.com/?gad_source=5&gad_campaignid=23380378979&gclid=EAIaIQobChMImdvR-NyjkwMVdnrDBh3OlS2sEAEYASAAEgK7pvD_BwE,,,,,,,,,,
140,https://www.googleadservices.com/pagead/aclk?sa=L&ai=CWJoRtou3aa-gB9ntjeYP-ODY-Q2Agerrf-fv7Nb1E92qvNfyAhABIKzZuCJgx42BjoQmoAGB6r_8KcgBBqkCrxZR3Z3Rbz7gAgCoAwHIAwqqBNoCT9D6EKONGOmLJZfD-aF34p0kRR4O7mLnwXLLJcPDyuc3GwD_3_72GzrhonDDC3RxibYGDUrM9bX42fK8w7upUWDXlmVUkkA5ksOPyHxj90SpGNSMSSYI_oEjS-bLYPS4IFK93Q6U93STyqw03C9rozDc604Ni-1hGE9KXxwU7t3m2rvsM8aF5j5rfMWdskt-yHEpzX9qygS1_YGHuFcV0dfJ8dB6wGbqA1rVdXgnZSq2Du-oO3l_y-M9N2X43AwKtwiayIVmVXXzNu1u5m5eltNFTrHYC4-l7medNfzhCmuZhMKpgnYDVFJ5d4HDCgsqkAxZxKXxoMdPkhL_VzifZTjGVxKQi-2cognjkQtZn9RtA1fIQS2tk64kJs0NFaMu92C747FlHqoCfMNnIlUdcpJSlheoWXtu7HEqRtDJeuHZcOBxOF5e778N70I0Ak_YjXPmf4_dfMTFQsAE-pnjydcE4AQBiAXo3p7MTqAGN4AHgaKQ3ASoB6fMsQKoB-LYsQKoB6a-G6gHzM6xAqgH89EbqAeW2BuoB6qbsQKoB47OG6gHk9gbqAfw4BuoB-6WsQKoB_6esQKoB6--sQKoB5rhsQKoB9XJG6gH2baxAqgHmgaoB_-esQKoB9-fsQKoB_jCsQKoB_vCsQKoB8LIsQLYBwHSCC8IgGEQARidATIIioKAgICAgAg6DYBAgMCAgICAqIACqANIvf3BOliOqM38zqOTA7EJi3k2vTGSk1uACgOKCkBodHRwczovL3RoZXJhc211cy5jby56YS8_Z2FkX3NvdXJjZT01JmdhZF9jYW1wYWlnbmlkPTIxMDk3ODUyNzc2mAsByAsB4AsBogwDkAEBqg0CWkHIDQHiDRMI1M7N_M6jkwMV2XbDBh14MDbf6g0TCJiuzvzOo5MDFdl2wwYdeDA23_ANAogO____________AdgTDdAVAZgWAcoWAgoA-BYBgBcBshcOGAEqCjU5MDU5ODMzNzW6FwI4AaoYFwkAAAAAoNf5QBIKNTkwNTk4MzM3NRgBshgJEgKRVBg3IgEA0BgBwhkCCAE&ae=1&gclid=EAIaIQobChMIr9PO_M6jkwMV2XbDBh14MDbfEAEYASAAEgJkU_D_BwE&num=1&cid=CAQS4wEA56J1eaCT__UlcvYnaIPmAb_HdhTicGDy0GSTH7D9EjDgWQjJ3KDwaeKwXymYhzEoFuguGm9UOl0O9ZlcowePYHOYEKsw6z59JIxV89tLm8gEGce5ElCbgsyPnsYFjoqxE1uwLrvFWU6PfHKfEFdRjkHzkGvw6pOgNSN8wnf8D1OISaxajHicB4FwOxUC-byvmk05QgVUISCkRybEqy9_bqgZbaCNYAu41oN8Cn9Dj12yLLh_EYabf2pM6NbLp1EBjvErO1EiiT2Iv_TwqXmTju53n-7_9UlqgGOfUhYFKTzv6hgB&sig=AOD64_3EuB_0JtoC5IQdFaU_WWRNwTGJwQ&client=ca-pub-4180835694166255&nx=CLICK_X&ny=CLICK_Y&uap=UACH(platform)&uapv=UACH(platformVersion)&uaa=UACH(architecture)&uam=UACH(model)&uafv=UACH(uaFullVersion)&uab=UACH(bitness)&uaw=UACH(wow64)&uafvl=UACH(fullVersionList)&nb=9&adurl=https://www.therasmus.co.za/%3Fgad_source%3D5%26gad_campaignid%3D21097852776%26gclid%3DEAIaIQobChMIr9PO_M6jkwMV2XbDBh14MDbfEAEYASAAEgJkU_D_BwE,https://www.therasmus.co.za/?gad_source=5&gad_campaignid=21097852776&gclid=EAIaIQobChMIr9PO_M6jkwMV2XbDBh14MDbfEAEYASAAEgJkU_D_BwE,0.0,0.0,0.0,0.0,0.0,0.0,0.0,0.0,0.0,0.0
141,https://www.googleadservices.com/pagead/aclk?sa=L&ai=CVQ6koyi1aZ_xOpqEjeYP3vTqmQbO3JfdhQHzs8n0vBXc2R4QASDFnrQdYIkDoAGMwa_fKcgBCakCaAvoJFnjOj7gAgCoAwHIAwqqBNICT9Dl4MiHFdpfPJS_cSdlmk-PvQU0v1gPU2WrTWKHGt0Hv3mwrvG40n0zlDvGXhHHc4vipWnNA4UBJIjyY_3x74z_FPqAPyL2eBoPQDDAty9r3ED7S8afKuUay_4lrqFlPkXu7uEDiZwdpN1FQ3T6Xlb9vpcmw6fcKcWZu5tHh4bzugPqIWyRrYh7hazE5m9UiJBXG8vKNbXX5GuEZEXtSITCODSTTisGCQuLxWbgrxfKtjwlQ1Km1BFs5eMa5ZN4o6q9smlNJOIzuZ0aMv8JQv3fIK-54LIfSJzlKV9UAIeJlO27LHMhcrBHTZY0_Pa0NyEuw18Gyp8Otd9sm8HzK-llVfawNU_5bVwRHcicEF49t3xPV97ZMKoswRd5N9eS8dqVW1MZVwUodZ-FxOzKCXmolf7KPVhoE04zOL_yNaa41PJ_l_0PJvH89o3UA4EWZxLABO6fttXNBeAEAYgFuaTPhFigBi6AB4z5_74EqAenzLECqAfi2LECqAemvhuoB8zOsQKoB_PRG6gHltgbqAeqm7ECqAeOzhuoB5PYG6gH8OAbqAfulrECqAf-nrECqAevvrECqAfVyRuoB9m2sQKoB5oGqAf_nrECqAffn7ECqAf4wrECqAf7wrEC2AcA0ggvCIBhEAEYnQEyCIqCgICAgIAIOg2AQIDAgICAgKiAAqgDSL39wTpY0Jz-moifkwOxCVnxpISGQdKUgAoDmAsByAsBgAwBogwDkAEBqg0CSlDIDQHiDRMIx8P-moifkwMVGkLDBh1eujpj6g0TCO-d_5qIn5MDFRpCwwYdXro6Y_ANAogO____________AdgTA4gUAtAVAZgWAcoWAgoA-BYBgBcBshcOGAEqCjI0NDk2NDAwNDG6FwI4AaoYFwkAAAAAgKTwQBIKMjQ0OTY0MDA0MRgBshgJEgK5TxguIgEA0BgBwhkCCAE&ae=1&gclid=EAIaIQobChMI387_moifkwMVGkLDBh1eujpjEAEYASAAEgIt_PD_BwE&num=1&cid=CAQS0QEA56J1eU2zrZdYOB6yr-fQQpnv6_MwDOSNaC8FlPRTmG8CpLlGEtptIZjHfRv6618tN95_X2XzupMaTNQ06JnHoYYX4xCbuVEYDKzJY1P4cis7yFGWA6kTQ2a74hOkrKizV5_qkWEl0lwyf4Y6j2H2JGGi5f6NaUiXBUdFGVfuwxDsDtQ73UyNsSSkn1CfpD-2zLTTcmlz6boiwaAxiRNPtJ2Iav99JZpDBiZq064wl-qpalH3xgezyEuYRD1YzjDUQnJV2xfVIZSrIMHmoskqJhgB&sig=AOD64_0n6NrfmjhJuTArZfJxPHHXfrVlTA&client=ca-pub-4069693291391267&rf=4&nb=9&adurl=https://www.lawson.co.jp/lab/tsuushin/art/1519477_4659.html%3Fgad_source%3D5%26gad_campaignid%3D23632007737%26gclid%3DEAIaIQobChMI387_moifkwMVGkLDBh1eujpjEAEYASAAEgIt_PD_BwE,https://www.lawson.co.jp/lab/tsuushin/art/1519477_4659.html?gad_source=5&gad_campaignid=23632007737&gclid=EAIaIQobChMI387_moifkwMVGkLDBh1eujpjEAEYASAAEgIt_PD_BwE,,,,,,,,,,
142,https://www.googleadservices.com/pagead/aclk?sa=L&ai=CORnRfpu3aYCyN8f0jeYP95yxgAS857LrhQH13ZierRXa_vGC20cQASD2mdChAWCJi8SE9BOgAfLCtvlByAEBqAMByAPLBKoErgJP0JDyMiRgu6QDdyyYDeQX_SsuIKq_S7H1sAShwyVXH3D4SoBenO4zYtA46_epge7ai1g-YtuswxJNrTbxmrdmZT0_WMuw9Rypr-saOGx4UhmoueBjA9J4F04JuHXa1DWTPN4-5FE1u_TcbMU7hUtCGYYfk8E__8NofYEhw_vMBBDVLtTfAXkcbABfg4PwaG9vlay69CPPBMVgzcny9ZHpwtHFGxOtQOBvMh9Ztxf0SaksAbzOj8Uls4ocox4ZQ_t-c0IhTg_aQF7HFkYgzJI9pcRQYcHFSRZOC8Quu0g0O-n-TvXwkTkXUP5dFsrahrcr2zcQtyL4vcHob4nye196J36DKUXIwgBjC0X_b3wslrfClzAdmYqABJLYXr4B0NM2LkqqgvnK638zheGMRsAEv7qi980FiAXZyuOFWIAH8vqG2RyoB6fMsQKoB-LYsQKoB6a-G6gHzM6xAqgH89EbqAeW2BuoB6qbsQKoB47OG6gHk9gbqAfw4BuoB-6WsQKoB_6esQKoB6--sQKoB9XJG6gH2baxAqgHmgaoB_-esQKoB9-fsQKoB_jCsQKoB_vCsQLYBwHSCC8IgGEQARjdATIIioKAgICAgAg6DYBAgMCAgICAqIACqANIvf3BOljKz7SD3qOTA7EJvcn7a1bY5WGACgOYCwHICwGiDAOQAQGqDQJKUMgNAeoNEwi47bSD3qOTAxVHesMGHXdODEDwDQKIDgnYEwOIFAHQFQGYFgHKFgIKAPgWAYAXAbIXDhgBKgozNjI3MDY0NzE3uhcCOAGqGBcJAAAAAADs80ASCjM2MjcwNjQ3MTcYAbIYCRIC4k4YASIBANAYAcIZAggB&ae=1&gclid=EAIaIQobChMIgOm0g96jkwMVR3rDBh13TgxAEAEYASAAEgJ0svD_BwE&num=1&cid=CAQSvwEA56J1eXnZGOnXeecnnGm-pLyEO2gu-i3h09drKjjk8xGo8ZZMcq6mtH5RqSZJxNewCR9jzmefczkojdWtD0IsgK40H3ev2DNoPVh53AGN3uneJe1IPqhZX8C4yVXgw9Sr95-XalY6EryHIyUIR-xhZAmQknbuqgJoBTvMOCBO53la3mUofujlFLDn28GsdaF5r_joxzZLYymwwPgKVEwCwSWcTr6ZYQKFBOZf7Bgepx1sCg_ZLYSE_GnsNaK17BgB&sig=AOD64_2jLS_A-QiYVe9zs_dYhcKUJRz50A&client=ca-pub-8686615022940025&rf=1&nb=0&adurl=https://www.amazon.com/stores/page/A4D089E6-4F4A-4509-8458-E413A6D46393%3Fchannel%3DMX_USA_Meta_Home%26gad_campaignid%3D23634437465%26gclid%3DEAIaIQobChMIgOm0g96jkwMVR3rDBh13TgxAEAEYASAAEgJ0svD_BwE,https://www.amazon.com/stores/page/A4D089E6-4F4A-4509-8458-E413A6D46393?channel=MX_USA_Meta_Home&gad_campaignid=23634437465&gclid=EAIaIQobChMIgOm0g96jkwMVR3rDBh13TgxAEAEYASAAEgJ0svD_BwE,,,,,,,,,,
143,https://www.googleadservices.com/pagead/aclk?sa=L&ai=CwqBBDaK2afehBM3Npt8P3L694Ab2novmhQHDgb3dvhXc2R4QASC-z4caYMeNgY6EJqAB1aOuvALIAQLgAgCoAwHIAwiqBNQCT9DOJoJkqtHlTS8WOBI6GG56TU7GN5fG8HYrwWBdMJGbOL9i3k8oElLfGqHJ-tnnA9FhEkDpRJf1Ij649o3Iu1pbQ9od4xN2ZrG3DAv3Rrqb7AkJX0TbEHniInIUVMrLjnSYDyndM2gNjcMjerENEkNXwxWkSem0XslhmqEHfkPMjPAsq0cA_yb_8Ey7NPHZPHhCvrMqPG3kGxutS4BpP2Jd2QKqZLOnhTj7kscuR0vGDQUKV0Q6XIV2S8CmRf1ExRyLLaPsVxrepL_Tbi83BVNe3-VTYoIihgeTWcWT3dQ_8D87bMjaljCbsONSPpEdz_AAjcWnfsmI3fqUEAr3QfKpDOhXxc7Vk92sKozWNAV32bJ-TjOuxNLwpTp5lJYa9jIC8vf9Ef6FJWPGGifpkaFpWfYP0R69YAUwc5i3dEOMMXX5rHSnvtspfoClkXJBH8_c9cAEiemGiLUF4AQBiAWoxcfEVqAGAoAH0-2axgGoB6fMsQKoB6a-G6gHzM6xAqgH89EbqAeW2BuoB6qbsQKoB47OG6gHk9gbqAfw4BuoB-6WsQKoB_6esQKoB6--sQKoB9XJG6gH2baxAqgHmgaoB_-esQKoB9-fsQKoB_jCsQKoB_vCsQLYBwHSCC8IgGEQARidATIIioKAgICAgAg6DYBAgMCAgICAqIACqANIvf3BOlicwc2R8KGTA7EJq9x9z586p9iACgOYCwHICwGqDQJaQcgNAeINEwjR9c2R8KGTAxXNpukFHVxfD2zqDRMIjZXPkfChkwMVzabpBR1cXw9s8A0CiA7___________8B2BMM0BUByhYCCgD4FgGAFwGyFw4YASoKMzg1MjYwNzQzOLoXAjgBqhgXCQAAAAAwl_pAEgozODUyNjA3NDM4GAGyGAUYAiIBANAYAegYAcIZAggB&ae=1&gclid=EAIaIQobChMIt9zPkfChkwMVzabpBR1cXw9sEAEYASAAEgJRGPD_BwE&num=1&cid=CAQS4wEABaugfUP7WxX-An7DI4huoFnmoololEG7MAjuoomBOYFfpZ7-Rj2rguoeGPAW0VGYegJ98iDBqdtjRYshmLYPw3tKz9IiRR-wCuoaOW3Vue3-aIYfu317z1RcuRU4kTjFS9fqAPaDqkwszBVqeiyQKYR7oIPhVlHYwmMzjsfl8u0HBl13Tt7uPt3y1YEG2ZlnyUN9cszvMaMDh8Rr2WCs9U7dJ9_ThV3ykNGIIOgQ6WcjcLPcVMjURSoORaqKBGDx8EAl06B1ahXhmNreopfTSIKEDPdy-TbJVg-ZR9ZyYOoaCRgB&sig=AOD64_2LNwl2g1uAtoFtSDUvzuXQ2bIPpA&client=ca-pub-6453680425766689&rf=5&nx=CLICK_X&ny=CLICK_Y&uap=UACH(platform)&uapv=UACH(platformVersion)&uaa=UACH(architecture)&uam=UACH(model)&uafv=UACH(uaFullVersion)&uab=UACH(bitness)&uaw=UACH(wow64)&uafvl=UACH(fullVersionList)&nb=2&adurl=https://hear.oriclehearing.com/7-reasons-why%3Fgclid%3DEAIaIQobChMIt9zPkfChkwMVzabpBR1cXw9sEAEYASAAEgJRGPD_BwE%26gbraid%3D%7Bgbraid%7D%26wbraid%3D%7Bwbraid%7D%26campaignid%3D23229227688%26adgroupid%3D186042659977%26campaign_name%3D%7Bcampaignname%7D%26loc_interest_ms%3D9113020%26matchtype%3D%26network%3Dd%26creative%3D800024088687%26AFID%3DGD%26placement%3Dwww.hindustantimes.com%26keyword%3D%26cpid%3D13d9b128-2eba-4932-bc3f-cecd732b9775%26lpid%3De2b1a68d-23fc-4a86-8e0b-ab68e17e8079%26nbt%3Dnb%253Aadwords%253Ad%253A23229227688%253A186042659977%253A800024088687%26nb_adtype%3D%26nb_kwd%3D%26nb_ti%3D%26nb_mi%3D%26nb_pc%3D%26nb_pi%3D%26nb_ppi%3D%26nb_placement%3Dwww.hindustantimes.com%26nb_li_ms%3D9113020%26nb_lp_ms%3D9113020%26nb_fii%3D%26nb_ap%3D%26nb_mt%3D%26gad_source%3D5%26gad_campaignid%3D23229227688%26gclid%3DEAIaIQobChMIt9zPkfChkwMVzabpBR1cXw9sEAEYASAAEgJRGPD_BwE,https://hear.oriclehearing.com/7-reasons-why?gclid=EAIaIQobChMIt9zPkfChkwMVzabpBR1cXw9sEAEYASAAEgJRGPD_BwE&gbraid=0AAAAACeLkdVCC_9QFRz4qElAzY-7wsbnz&wbraid=CjoKCAjwjtTNBhBYEioA_ep-tGvpRzwgTFClLBWmBtdxkDSvC-9Ez-Z4Ha_FEpplWTV5FTZUXL4aAhdx&campaignid=23229227688&adgroupid=186042659977&campaign_name=%7Bcampaignname%7D&loc_interest_ms=9113020&network=d&creative=800024088687&AFID=GD&placement=www.hindustantimes.com&cpid=13d9b128-2eba-4932-bc3f-cecd732b9775&lpid=e2b1a68d-23fc-4a86-8e0b-ab68e17e8079&nbt=nb%3Aadwords%3Ad%3A23229227688%3A186042659977%3A800024088687&nb_placement=www.hindustantimes.com&nb_li_ms=9113020&nb_lp_ms=9113020&gad_source=5&gad_campaignid=23229227688&gclid=EAIaIQobChMIt9zPkfChkwMVzabpBR1cXw9sEAEYASAAEgJRGPD_BwE&lang=en&c=us,,,,,,,,,,
144,https://www.googleadservices.com/pagead/aclk?sa=L&ai=C44Yb_pe3aYXeNPnzjeYPxJW2gQvItrfShQHPgLbqtxWZ38nakw4QASCg5YIkYImLxIT0E6ABuZiEyULIAQKpAs-_QO1i6To-4AIAqAMByAMIqgTOAk_Qd3WC1Kj3c7FgRxp2dH1WjSR3Mda4oVTEjHol-eLbAPyeLnSbwyq1RJlWpcwP0KYHfToQiehwNmNYFAbo96uSlLZJK8MvIKG6xiA8q9DGUiBRXrQ8Zgxf8dKP4teXalFEVIPcjoAbdfoQkEuvFlvfMvant5C_TvLeqpzM6ZLrZRdIRXyAHoNjCNprm25_c2IrbW6gG1K_YcTsl_qmwoVHvmZ7_ZmQEQbInGajamGCOGIOFJcfXUP0bCJqXX_Y-DnmQTsP28X_al2RxlsNPG3NBw3DjTejo8FrqljFr9YtDk8d9IMGtS0PuRu-AgoVgYs9iKBMf3BJTGfrIw6uhOPGtqrWmv0MhvQZqQQ-i8NItNuxApxxPpwVdHD-ELMB-4vvCwyWmBIfCKz4xNMX3rASd7cURXLwkSbCy1w9dhF6FCK8NejAzvyMHnJ8NwrABLzjgPvjBeAEAYgFmZfQ6legBgKAB7nQ1KgdqAenzLECqAemvhuoB8zOsQKoB_PRG6gHltgbqAeqm7ECqAeOzhuoB5PYG6gH8OAbqAfulrECqAf-nrECqAevvrECqAea4bECqAfVyRuoB9m2sQKoB5oGqAf_nrECqAffn7ECqAf4wrECqAf7wrEC2AcB0ggvCIBhEAEYnQEyCIqCgICAgIAIOg2AQIDAgICAgKiAAqgDSL39wTpYk6SO2NqjkwOxCcEN88GxYAergAoDmAsByAsBqg0CSlDIDQHiDRMIg8yO2NqjkwMV-XnDBh3Eii2w6g0TCPXOj9jao5MDFfl5wwYdxIotsPANAogO____________AdgTAtAVAcoWAgoA-BYBgBcBshcOGAEqCjk1OTc0MjU0OTS6FwI4AaoYFwkAAAAAYGL1QBIKOTU5NzQyNTQ5NBgBshgJEgLMaBgCIgEA0BgBwhkCCAE&ae=1&gclid=EAIaIQobChMIhdWS2NqjkwMV-XnDBh3Eii2wEAEYASAAEgLv4fD_BwE&num=1&cid=CAQS0gEA56J1ecdbAzL6puRMbfp8xf2ikUx9lEGNqH2SR8_oN-QXBMo53jA7vW-vd9Rd0F3DHOTdeLFnqqKitYDLkdfauHfJzbmXUu5ltehz9THPkymap_1EnmK5vNzX5uzms3tmK8UYW01xBxIxO1pkBSQ2o8rPrE6lTB-oHW_E2KfpGpSGOfI0CZxxzmbtRP9VZYiifQL6rWRRuyp9esznxAv6v5Y_B9sQ0zNcNfpF_SIVv_jN_vHzKvpCQoMinuN3GZEJoFegjfrMcMS47o7RMgrLzhsYAQ&sig=AOD64_1X7uFfRtc3-YNBCtb5QrYHbsAHwQ&client=ca-pub-2970406823702922&rf=5&nx=CLICK_X&ny=CLICK_Y&uap=UACH(platform)&uapv=UACH(platformVersion)&uaa=UACH(architecture)&uam=UACH(model)&uafv=UACH(uaFullVersion)&uab=UACH(bitness)&uaw=UACH(wow64)&uafvl=UACH(fullVersionList)&nb=2&adurl=https://textilepaintart.com/%3Fgad_source%3D5%26gad_campaignid%3D23577496473%26gclid%3DEAIaIQobChMIhdWS2NqjkwMV-XnDBh3Eii2wEAEYASAAEgLv4fD_BwE,https://textilepaintart.com/?gad_source=5&gad_campaignid=23577496473&gclid=EAIaIQobChMIhdWS2NqjkwMV-XnDBh3Eii2wEAEYASAAEgLv4fD_BwE,0.0,0.0,0.0,0.0,0.0,0.0,0.0,0.0,0.0,0.0
145,https://www.googleadservices.com/pagead/aclk?sa=L&ai=CsWXJewi4afvkAenZ29gPvb6t8QXxk_LjftDbroWfFNCo_eu0LxABILj_zDxgiQOgAffLuMICyAECqQLUQM7_IDxHPuACAKgDAcgDCKoE6QJP0NkFCixupCezgXCgJfdvD-AKwJmUEPH1Pp2khAeGWY_9__o4WIUVLdkiwV4ZL6dY-Akf5zERK4zoHQrKzdv_iJm6qAbMP61ciPJ6iPUtVofCdjKLd61C1gQL7qwqGfLszqhO_8XLgd0TsCQ7D-N2CqtTHOfJ3QKET6UPq-N0DiGbqTINDbxc2EUrykLDOFTDH02qdgZZLc8Z0hM2hrjIXKO4oCn3ekct2EwyQDWONhJIvSO9jjFpiBKZdsjPMYuC3_7fSJOnrr_vWlJXODsXXbGJx0H-r0KWZscGz-W8YOG_H1_wtb8Nvw4TWSA2JyTaNz6cV5Z-Z1H_784oY0ePK_JRau8jMvSzAYaqtKlxgn3ovpujLVE-LMHs7iQmRWLgONHPS61R_vEzMkiNE2S5mZBHuDQPS3uk4SmzCCQvgQM10HZ6LKXPEiJw949cUD5mnghq-1fncYbY_ppOORCR9bQs5MHwbLx_wATDzYmSrgXgBAGIBdS-l9lToAYCgAfxs8e9AagHp8yxAqgH4tixAqgHpr4bqAfMzrECqAfz0RuoB5bYG6gHqpuxAqgHjs4bqAeT2BuoB_DgG6gH7paxAqgH_p6xAqgHr76xAqgH1ckbqAfZtrECqAeaBqgH_56xAqgH35-xAqgH-MKxAqgH-8KxAtgHAdIIMAiAYRABGJ0BMgiKgoCAgICACDoOgECAwICAgICogAKogxBIvf3BOli5h5v7xaSTA7EJlvKsXdRgl4mACgOYCwHICwGiDAOQAQGqDQJKUMgNAeINEwixvZv7xaSTAxXp7BYFHT1fK17qDRMIhe2c-8WkkwMV6ewWBR09Xyte8A0CiA7___________8B2BMC0BUBmBYByhYCCgD4FgGAFwGyFw4YASoKNTYyNzY0NzY1OboXAjgBqhgXCQAAAADQPhRBEgo1NjI3NjQ3NjU5GAGyGAkSArhQGAIiAQDQGAHoGAHCGQIIAQ&ae=1&gclid=EAIaIQobChMIu46d-8WkkwMV6ewWBR09XyteEAEYASAAEgJjt_D_BwE&num=1&cid=CAQS0QEABaugfSiaU_Dt8IhwBTPOJd1NMMCiQfA7htXKL-D1TkPLcDK4LjSfYlvZTezKrGgucpn6RI35rxF27zQV3q50xvIuQ-lmEjts_IAcvMZLZg4554Q85VPU3-dOozhTpc8eMtW5NZLFrGj2a_oPbxTJ56hnqZtdgidG3_b7_f5jM4drpyeF4n1lW49CqMD7UDDEWgYu-qLPdRp-xgoyhQveGH4aHL89-rmLAUeWOFeEsJPviSDafI28pXqZLJOYr54RpL-x2fSBRenrwfxXRvNNkxgB&sig=AOD64_1vqbC5E5WX2mMQmKCwi3gp7lLrYw&client=ca-pub-4052496540727481&rf=5&nx=CLICK_X&ny=CLICK_Y&uap=UACH(platform)&uapv=UACH(platformVersion)&uaa=UACH(architecture)&uam=UACH(model)&uafv=UACH(uaFullVersion)&uab=UACH(bitness)&uaw=UACH(wow64)&uafvl=UACH(fullVersionList)&nb=2&adurl=https://www.manageengine.com/products/service-desk/lp/service-desk-solution.html%3Fnetwork%3Dd%26device%3Dc%26keyword%3D%26campaignid%3D22467174228%26creative%3D747921894619%26matchtype%3D%26adposition%3D%26placement%3Dwww.salon.com%26adgroup%3D184184628931%26targetid%3D%26location%3D9051923%26gad_source%3D5%26gad_campaignid%3D22467174228%26gclid%3DEAIaIQobChMIu46d-8WkkwMV6ewWBR09XyteEAEYASAAEgJjt_D_BwE,https://www.manageengine.com/products/service-desk/lp/service-desk-solution.html?network=d&device=c&keyword=&campaignid=22467174228&creative=747921894619&matchtype=&adposition=&placement=www.salon.com&adgroup=184184628931&targetid=&location=9051923&gad_source=5&gad_campaignid=22467174228&gclid=EAIaIQobChMIu46d-8WkkwMV6ewWBR09XyteEAEYASAAEgJjt_D_BwE,,,,,,,,,,
146,https://www.googleadservices.com/pagead/aclk?sa=L&ai=CwYXTgaG2abGHN-OqjuMP6-Ln4Qzp98ebe6qB_ZPXFb_hHhABIPG1-CVgx42BjoQmoAHkn6f_PcgBA6kCfnmPX9m0bz6oAwHIA8kEqgTpAU_QijZCFEgbWO-eu-lOORONhEnP6oVEIUxjp90oY3PJDv8NdQQh1MjvFjJ6tZQTHSI68F0_iDRqU1ige_styQJD_QqUPJq2n_cHoa0RSsZxFCDbE_HSD58vLE54wDlsTOfYOITbgmtHnbX04-DsP7fSfBPk-rgyNPxE9Mt9H21QvZGD6VftY5U6Vp-0tMDbyIUAWnbtowil-PTXEGh7zjNcjNw_oGdZUFpxMx5JqwTDMQsitdtY1l4Nh6GPrRisM6A-zABk7BN6HTOpyE47iR30bq7Ooj1du9eE_brY3Ynx7E1o14A211qnwATKytGw5gSIBdW5lKFQoAYDgAfk1_feGKgHp8yxAqgH4tixAqgHpr4bqAfMzrECqAfz0RuoB5bYG6gHqpuxAqgHjs4bqAeT2BuoB_DgG6gH7paxAqgH_p6xAqgHr76xAqgHmuGxAqgH1ckbqAfZtrECqAeaBqgH_56xAqgH35-xAqgH-MKxAqgH-8KxAtgHAdIILgiAYRABGAAyCIqCgICAgIAIOg2AQIDAgICAgIiAAqgDSL39wTpYqO2y1e-hkwPyCA1iaWRkZXItNTE4NjA1sQm84vAZLYreNoAKBJgLAcgLAaIMA5ABAaoNAlpByA0B8A0CiA7___________8B0BUBmBYByhYCCgD4FgGAFwGyFw4YASoKNjI4NTUwNjQwNboXAjgBshgFGAMiAQDQGAHCGQIIAQ&ae=1&gclid=EAIaIQobChMI8cuhz--hkwMVY5VjBh1r8TnMEAEYASAAEgKEkPD_BwE&num=1&pr=11:gX92O9WHAbTtQe6nBaS27Cn1zGnlYW6VeRkreg&cid=CAQSmwIA56J1eXfLUBw2oXL3x50nRT86WsQpGhzmBuah7z9voLQY12izPhPH6aJkd26Qu7bcN1WUHJh2jh4K3Tdn1k1CuTZ1RZskETxvv2T3_Bn47ceLZrfqEOlfV0eUAyz3KYolWhhVxeZSxUhSFdiVEc8UacfRHtN6oFyrs9zQ0PL5bV4PC_PKgTLzM82Lb-5zqrPo0yKBX2fzJWobhHWW7uYu7Ngu8fALQczn0HsL09YMDo-3Ff35ouAsjm-hS3FhgPx5pfH-UBh7hrLXOttZrdKAD7juNOqi43cJHgxzeG1xKEHukCYni9ZbJ1hxGipL5u-izvwHMjYdhfcpfoFKnuv3qlMmRyItxsY5DJDK8bZ9lXwpoMjnHrcSl4ifGAE&sig=AOD64_1hiJia12ruiek5AdlF7xliVJ9JHw&client=ca-pub-8391639848056334&rf=2&nb=2&adurl=https://westbrooke.com/yield-plus/%3Fgad_source%3D5%26gad_campaignid%3D21544377557%26gclid%3DEAIaIQobChMI8cuhz--hkwMVY5VjBh1r8TnMEAEYASAAEgKEkPD_BwE,https://westbrooke.com/yield-plus/?gad_source=5&gad_campaignid=21544377557&gclid=EAIaIQobChMI8cuhz--hkwMVY5VjBh1r8TnMEAEYASAAEgKEkPD_BwE,,,,,,,,,,
147,https://www.googleadservices.com/pagead/aclk?sa=L&ai=CGZuUpG22aZSzHb-gjeYPj4Oc8Affqt7ShQH9l-27gRXyvsvtkg4QASDenax1YIkDoAGg1ZiCA8gBCakCaAvoJFnjOj6oAwHIA8sEqgTzA0_Q5MtIOC6iB-ejX4w3iIqGzE8FOpkbqjqJkHAg7KY1-oPS-BZBJd56_AEbXigR_RuKynYP5WxKbgZlnr6wRS9y9-3mfVOxQo_v48P3fcIJWhCqEPnpz-h_SmVFyD-XtD6XvF1jtfQ64JMEvCz_3mZRUZWw8HfdzcwCGrRRbOUtwKqeKy7cpTn_Guv1iz3q5TUOpQtzq5g_GG02csYsbEC1yNUgET4FwBJJmXVZJpzmx1wMZQEwmCY0U7p4sAfYPAO9HmLJn7ZKFtpwhmckOg6UF7MUdCs9gRisjbb6G51xODAml36N9rhiuxMQOV0EAqmIRmWqgoAau-RE3t9Qk86JlngtydiCt3GqK7nCwlfVc7fuQiXlgLsoGvcVvUHtOPeh_57Wt-drz1yPh4nSJx3sV67ztvObp5dliBBqxrx62Z9F9vV41yzKd0nWJVcndd-OYqBxpA4heLWRrRa8hXV9GgFk0qBGrHugCloCQv3_hHhaAyf98VsiEVYaVj4whl0OO_XfRm0s6gJab1UrozJRaOcRtvndppxplLVAB7RosWwIUi67bWvWbI4N99px8elxN8xWXYfYawzQ8k9Ng4h4EDrb8MAyLA6aAgPcrIfLqyD2UvWQ7JENTxRHS2kjqxgHDulB6ztpuMW8bfPQ_WikiKjABOadyvmoBIgF3sPSrUugBi6AB8iq532oB6fMsQKoB-LYsQKoB6a-G6gHzM6xAqgH89EbqAeW2BuoB6qbsQKoB47OG6gHk9gbqAfw4BuoB-6WsQKoB_6esQKoB6--sQKoB9XJG6gH2baxAqgHmgaoB_-esQKoB9-fsQKoB_jCsQKoB_vCsQLYBwDSCC8IgGEQARjdATIIioKAgICAgAg6DYBAgMCAgICAqIACqANIvf3BOlj55IqUvqGTA7EJKyl_xJaLVj6ACgOYCwHICwGADAGiDAOQAQGqDQJKUMgNAeoNEwjJmIyUvqGTAxU_UMMGHY8BB37wDQKIDgWwDp3px4wY2BMM0BUBmBYByhYCCgD4FgGAFwGyFw4YASoKNzkyNjczNzc3MroXAjgBqhgXCQAAAACAqPhAEgo3OTI2NzM3NzcyGAGyGAkSArlPGC4iAQDQGAHCGQIIAQ&ae=1&gclid=EAIaIQobChMIlJWMlL6hkwMVP1DDBh2PAQd-EAEYASAAEgJKQvD_BwE&num=1&cid=CAQS0gEABaugfQnCro-NwuowyhN40U9VXTWFyYDv8E_VoWWwpkBl0eQyfpI-IYRSLsoYRAO-_g6pt_AOSsfHpGpCMmGZQWnBBB_qN9iNEsa8Qi0hXfb4eQEo7Gsbo-CL5ybjzjm7fgL8t0taGaTA3_tGv2q1IgN9v28OfyWyMmTB20DkpEHwoGPfGUi2HhMK50nTLjEOnEo5lWPNCOo_-ls3Y_x3HQM7VDTQy-A16fSdrZpQif51rdI0ElV-S_PNSFnStXoeLNb_tgYtyD9MpBVeABeT9sAYAQ&sig=AOD64_3-g9Au9UzDAoayUJt37-Rxqq8-FA&client=ca-pub-7209808242714184&rf=1&nb=9&adurl=https://shop.matsumoto-gift.com/%3Fmode%3Dcate%26cbid%3D2498851%26csid%3D0%26sort%3Dp%26gad_source%3D5%26gad_campaignid%3D20228383198%26gclid%3DEAIaIQobChMIlJWMlL6hkwMVP1DDBh2PAQd-EAEYASAAEgJKQvD_BwE,https://shop.matsumoto-gift.com/?mode=cate&cbid=2498851&csid=0&sort=p&gad_source=5&gad_campaignid=20228383198&gclid=EAIaIQobChMIlJWMlL6hkwMVP1DDBh2PAQd-EAEYASAAEgJKQvD_BwE,,,,,,,,,,
148,https://www.googleadservices.com/pagead/aclk?sa=L&ai=CtSfCu6-2ad2KJIqYvcAPrPTLGcbCxcKFAcaJh8fyFLaQHxABIPqpihdgiYvEhPQToAHTlJ3-A8gBCeACAKgDAcgDCqoErgJP0HMYx-aI_GPe_Mq16jLboEcNqeOfSbnqNl4olWL03jbmoLcP2OmP6WjtCX-75BHGnxwyRLDY6_pAPOREMn9VnJZ00dCvFGTCCIP0sDKquQa_9Fy9K6FPc8-QC9CMCKDDIiXNK8lXoEZW_3fhYsoXHFSpoi9vs0D_OzZm3qbshYsUyyXxU8r3x3ezWV3bvyVvBWQq-UoLFvR2pRtPohxW5LngiyIiyLGWLLlFyuORegwpgZGo-oxAA5FZzlUnIvNRsMoHcDS68h5dMu9q-8BisBcVAuBTX6ot0vOYkwJbz43hAAiyluCyr7HwUnKYwFx-AOtFVmu_RLKeXorqoUeiwjlqFEc32Xdm_7ZmVeEAXNknjXJp2CKS8OWeSGupE57NcfwmfG_nQn5kV_Y7NMAEof_qrscF4AQBiAWftc6qVqAGLoAHleviAagHp8yxAqgH4tixAqgHpr4bqAfMzrECqAfz0RuoB5bYG6gHqpuxAqgHjs4bqAeT2BuoB_DgG6gH7paxAqgH_p6xAqgHr76xAqgH1ckbqAfZtrECqAeaBqgH_56xAqgH35-xAqgH-MKxAqgH-8KxAtgHANIILwiAYRABGJ0BMgiKgoCAgICACDoNgECAwICAgICogAKoA0i9_cE6WOX-3Jf9oZMDsQnxXFnKTv2BdIAKA5gLAcgLAYAMAaIMA5ABAaoNAkpQyA0B4g0TCJ6v3Zf9oZMDFQpMDwIdLPoyA-oNEwjymt-X_aGTAxUKTA8CHSz6MgPwDQKIDv___________wHYEw2IFALQFQGYFgHKFgIKAPgWAYAXAbIXDhgBKgo5MzMyNzkyOTA2uhcCOAGqGBcJAAAAAMC9-EASCjkzMzI3OTI5MDYYAbIYCRIC6WMYLiIBANAYAegYAcIZAggB&ae=1&gclid=EAIaIQobChMIndTgl_2hkwMVCkwPAh0s-jIDEAEYASAAEgJ58PD_BwE&num=1&cid=CAQS0QEABaugfQDJzzUoxoc_0bAiESnqUpCsEPA4NLqXaNgJPmwfQv-dGluvu5lQkKFg_-yCf6f70sYkTAiicZvoQE8iSX9U2JbzHG2a44ETgs8jLA-htui_oOUMjPNYTzj_UG8PjUre_cH-75GKxmhFfE1BCnuxBIcgWA2gqcrN6hu_5n3IndBRG0_rwirYIKp8K-z2eqxdVZ1wGH0ysAKn21P8E2UDjUzsnx7Oe3Tnz1OE3O0N94L9fhaif3TLQmfaW-82e-fdihVEYdL9Au-meXahOhgB&sig=AOD64_0t9P2iQLNyTROz2XpDOca9sp2iWg&client=ca-pub-5405132603504384&rf=4&nb=9&adurl=https://sturdibuilt.com/pages/prices%3Fgad_source%3D5%26gad_campaignid%3D23174814367%26gclid%3DEAIaIQobChMIndTgl_2hkwMVCkwPAh0s-jIDEAEYASAAEgJ58PD_BwE,https://sturdibuilt.com/pages/prices?gad_source=5&gad_campaignid=23174814367&gclid=EAIaIQobChMIndTgl_2hkwMVCkwPAh0s-jIDEAEYASAAEgJ58PD_BwE,,,,,,,,,,
149,https://www.googleadservices.com/pagead/aclk?sa=L&ai=C8OGs8pS2aaenBafls8IPi_iTqQTd3sWAhAH6ucGvzRWhpvjz0B0QASD0g7kbYMeNgY6EJqABlNm04gPIAQngAgCoAwHIA8sEqgTPAk_Q1d7SzBDjYOrmBGbcDS11xLMENs77fFi8o3aQzHaikBzDThKXjzzPrdZlck6916R1Rz4a0HCDhn8shp9DnCaKEDW4d-4eNqyefLoC2iUgBlWDRRJHWXmF35vQ0nb3ONId-xGHgH2Us4ssC8gUnDm5zk42505LVUMvnf79RXLGeNKgPbkxM-sgUeLoCZnAH5EkSQXwEKEGlpy9Y5YiQLS_-lXNsgwgV2DmbkM6F1V5WydLgkcEydjbFlpzsQoUieqEtoHXGWlgg3uvRcIvqy5WGvMyBY7lDqGRrz1Sv-oS34pFTBETCLrC_BnbsACm07kv577rjQ6Fa19ubglz4A1JjE3al21FxXsLu70RQVw1Rp055gLIYvKduRWOZOSuA2b6OVYor909FjkPNgN-S7vXrHGGJZDKsYCeanNxW0YIumOYaKXN3j4t_oBCTEsswASlhqXF-gTgBAGIBcfI4_pRwAUF-gUGCCUQARgAoAYugAfUpssdqAenzLECqAemvhuoB8zOsQKoB_PRG6gHltgbqAeqm7ECqAeOzhuoB5PYG6gH8OAbqAfulrECqAf-nrECqAevvrECqAfZtrECqAeaBqgH_56xAqgH35-xAqgH-MKxAtgHAMAIAdIILwiAYRABGJ0BMgiKgoCAgICACDoNgECAwICAgICIgAKoA0i9_cE6WKyo6tHjoZMDgAoDkAsDmAsByAsBgAwBogwCSAGqDQJaQcgNAeINEwjX1-rR46GTAxWn8kwCHQv8JEXqDRMIybnr0eOhkwMVp_JMAh0L_CRF8A0CiA7___________8BsA7Tu7-CGOAS2tGwn5H7hYKeAdgTC9AVAekVatsCRJ2_EZLwFZKChQT6FQZNLVIzMjfKFgIKAPgWAYAXAbIXDhgBKgo5ODE3NjI2ODE0uhcCOAGqGBcJAAAAAHwREEESCjk4MTc2MjY4MTQYAbIYCRICu08YLiIBANAYAcIZAggB&ae=1&gclid=EAIaIQobChMIp-jr0eOhkwMVp_JMAh0L_CRFEAEYASABEgKapPD_BwE&num=1&cid=CAQS5AEABaugfRubJmtqxekyUjhsARMwXoIuujb3pm1H1yNa_dVFZaPU0ciBCLrZ18Dpp0FruakOGsc02yo64vveSRkKaweW8p_Z6Nx4xcwCyv7Vc8E5zJNucITFwr2uU1SiD5tl3W38pfk4bXOY6gw2AFM9WGSxizXXfH49VkAyzL5cGDc9-PgR8NE5AuoXt-nWtMVXhnSTmNWBlnKKHUgYQAuLXf3Zy_jyKIqqYuKRJVB6tnARKjLMRSkaJZ8ZWAAZhSKZPBXhk0ZrjGEtXejLa4siwdXdgar1qBxpoP3prbQcLq8__UsYAQ&sig=AOD64_2Ip-_b-zqvkFyf5GIwRNYy82gEdQ&ctype=5&client=ca-pub-3844877863303739&nb=9&adurl=https://www.glencara.com/14k-white-rose-gold-coated-silver-diamond-13cts-shamrock-celtic-knot-band-ring-unisex-mens-ladies.html%3F___store%3Dza%26gad_source%3D5%26gad_campaignid%3D22000755783%26gclid%3DEAIaIQobChMIp-jr0eOhkwMVp_JMAh0L_CRFEAEYASABEgKapPD_BwE,https://www.glencara.com/14k-white-rose-gold-coated-silver-diamond-13cts-shamrock-celtic-knot-band-ring-unisex-mens-ladies.html?___store=za&gad_source=5&gad_campaignid=22000755783&gclid=EAIaIQobChMIp-jr0eOhkwMVp_JMAh0L_CRFEAEYASABEgKapPD_BwE,,,,,,,,,,
150,https://googleads.g.doubleclick.net/aclk?sa=l&ai=CrtqSpTK0abTEGJW1geAP1t6p0QvQ9YnPhQG45Yf4whPc2R4QASDNno8YYImLxIT0E6AB0Zz8wCjIAQGpAnN3kyLe7zo-4AIAqAMByAMKqgSYA0_QetNNLfPL1mjLGBSnBW3UrPaIn-BDknBS-E241ncancZXBbVT5MQ71di830Y6omoiw2hjA3Nshjg2-AE2D9Micc4wTxXxqHgRXgmvs8m346d4jHt034j0iJhm1_FEZpghJVswFezTYQrmrKmjedSQ2g0QUmAnXjcvowHw8u5K_wgAaa_GmXE8dk5JEs-RWNeYDT2sHgrhyMTOKzq24uKUSFPCLjJTq4TTnV8iTYIukEQhAoMOX9DMxJxuqgkKfXKP6GxxvTDTHGbs2jqOrN-9x-YmuUhXPu5-ljOToqtUYYUwxAVwhqCjLQnNkcK_iPOe80_zPWjjdvhYE3_Tk3LkTrdyrsI4tL_JvmVfpHYnm7MuVlhVV6eTYHHeGzaZhneMw7vZLBK9nzg_aiRJn3vB0bQOV29gqVHOCk-BMeOuFkTkREXCmlAo5HzzWXCoV70Jp1OLeDGdfRZYVnRdKH6AQ5p4F4uTzixY_sHw3jhJxt50l0AXvBGM8GT0AUjx9Ks29KEf1nnyM20loC6nHC3PbKM3HkX6WsAExa39_PkD4AQBiAWG36qiP4AH0dTMoAOoB6fMsQKoB-LYsQKoB6a-G6gHzM6xAqgH89EbqAeW2BuoB6qbsQKoB47OG6gHk9gbqAfw4BuoB-6WsQKoB_6esQKoB6--sQKoB9XJG6gH2baxAqgHmgaoB_-esQKoB9-fsQKoB_jCsQKoB_vCsQLYBwHSCC8IgGEQARidATIIioKAgICAgAg6DYBAgMCAgICAqIACqANIvf3BOlj4qYjOnZ2TA7EJgZ1tMkcAgtKACgGYCwHICwGiDAOQAQGqDQJKUMgNAeINEwjPzIjOnZ2TAxWVWgAGHVZvKrrqDRMIxqKJzp2dkwMVlVoABh1Wbyq68A0CiA7___________8B2BMDiBQJ0BUBmBYByhYCCgD4FgGAFwGyFw4YASoKMjMwNDQzNTg0OLoXAjgBqhgXCQAAAAAA7PNAEgoyMzA0NDM1ODQ4GAGyGAkSAsFcGAEiAQDQGAHoGAHCGQIIAQ&ae=1&gclid=EAIaIQobChMI9Kqxzp2dkwMVlVoABh1Wbyq6EAEYASAAEgKXSvD_BwE&num=1&cid=CAQS0gEA56J1eWOVSX_K2ziIM5eK7i-WnRLd82KQF0264E0HhspRhSeXbMsicvo1R-igwJLqgQuEImA-LBr_bhCG8dd_o_nudHTi0YGAlVm3LyXvU5LyITljxNm1yD61AlxZq7jWnxwxgR7xLl3TVBqYBhPgA47_2VF3BA2onrEaSlvxizUt84mJkxRuwilSPw1MAMwdYadoVw1cRWqZ3EIAk-2v86aVL5NUz5bb3riC5yNttAT9gO5mjL2h7nGn59JcehVnCb9K9P8AoEhN53KJzL5gM_EYAQ&sig=AOD64_3vidHcsrF2JDZQup_E8xJ0k_oFCg&client=ca-pub-4075694933314520&rf=4&nb=1&adurl=https://www.aiful.co.jp/%3Faff%3D11011781%26utm_source%3Dgoogle%26utm_medium%3Ddisplay%26utm_campaign%3DBN_A%26gad_source%3D5%26gad_campaignid%3D16983437190%26gclid%3DEAIaIQobChMI9Kqxzp2dkwMVlVoABh1Wbyq6EAEYASAAEgKXSvD_BwE,https://www.aiful.co.jp/?aff=11011781&utm_source=google&utm_medium=display&utm_campaign=BN_A&gad_source=5&gad_campaignid=16983437190&gclid=EAIaIQobChMI9Kqxzp2dkwMVlVoABh1Wbyq6EAEYASAAEgKXSvD_BwE,,,,,,,,,,
151,https://www.googleadservices.com/pagead/aclk?sa=L&ai=CHJ6SVoq3acPtHfbsjeYPmpbPwQq86bTXhQGW4JW78BTi_sDk7UYQASDenax1YMeNgY6EJqABxY6FvQLIAQKpAs-QrcR2bKc-qAMByAPJBKoEhgJP0LqfjLgEC8HAhSJbQo5MnChaa1E4SFWb87VOnlXocLGWhGaIXKMGG4lUu6lFXB7jA3B4Qg8X9L1pu4x8CSXQs6_pMCq9S6yOnvmdLzyAe68baBrbz36q8mSTBxxx7XcknmLUFQ8UQnoAliNvroVaCqmF5wVPmGNZYZey7-4Pwz7YcBrnN5CYQ2f-oTgz3ZxtYfR_Ep40QqNmSSJnJqalBiejJSy9P7I0-s7hzJRLiyXHR9iu1LfAj4xsl5bGUfjSntQJoa3VtYZXDY3OuTBYp-MrSlDvg7Xls47MVdnBIPD8unX8AWCI0fOKAeHM0gKxJhVdnXwsYYhRjPUpHq0SVHpCttCMwATdg5vPoQWIBabt1KhVoAYCgAej8frCAagHp8yxAqgHpr4bqAfMzrECqAfz0RuoB5bYG6gHqpuxAqgHjs4bqAeT2BuoB_DgG6gH7paxAqgH_p6xAqgHr76xAqgH1ckbqAfZtrECqAeaBqgH_56xAqgH35-xAqgH-MKxAqgH-8KxAtgHAdIILwiAYRABGN0BMgiKgoCAgICACDoNgECAwICAgICogAKoA0i9_cE6WKPZ-NTNo5MDsQkMCJqAiuuLcoAKA5gLAcgLAaoNAlpByA0B6g0TCMr0-NTNo5MDFXZ2wwYdGsszqPANAogOBdgTDdAVAcoWAgoA-BYBgBcBshcOGAEqCjc5MjY3Mzc3NzK6FwI4AaoYFwkAAAAAMOYGQRIKNzkyNjczNzc3MhgBshgJEgLeYxgCIgEA0BgBwhkCCAE&ae=1&gclid=EAIaIQobChMIw_D41M2jkwMVdnbDBh0ayzOoEAEYASAAEgJHGPD_BwE&num=1&cid=CAQS0QEA56J1efZ1AFkaQos9YOL4mR3aTh2jUBb_GK1eILJ3MlWj5ucRiLhB5FPQS5RVCsL7C5lg9rFd6qHq1psn8DzDJvSvwcIVVuLHk8Dz9_-WG2Zyx4wa5nnsuNGK-lHfK4PBiM1H2JdDc0gQrBxNmCOQtG_1lbRFi3oQc-K0ZL8PH-0HfFM7kzClZ_0CiToJHFQRaonOeCekI9HaUNEJsNsjgMiIrflVS9xFbatl7hH3vDHQcRN0C2ccvc3KnuubPyKDVArcQd0qhyk8ZAW9nErHtRgB&sig=AOD64_0sftjO--9n4jX6lvseI6BDslCLVA&client=ca-pub-7209808242714184&rf=2&nb=2&adurl=https://www.fetchtv.com.au/how-to-buy%3Fgad_source%3D5%26gad_campaignid%3D22902290086%26gclid%3DEAIaIQobChMIw_D41M2jkwMVdnbDBh0ayzOoEAEYASAAEgJHGPD_BwE,https://www.fetchtv.com.au/how-to-buy?gad_source=5&gad_campaignid=22902290086&gclid=EAIaIQobChMIw_D41M2jkwMVdnbDBh0ayzOoEAEYASAAEgJHGPD_BwE,28.0,13.0,28.0,28.0,28.0,6.0,4.0,6.0,6.0,6.0
152,https://www.googleadservices.com/pagead/aclk?sa=L&ai=CrE6URIi3adqGDoOAjeYP67-bMcrJ-_B1mvvTw8gV3NkeEAEgo_7CH2DHjYGOhCagAZ_d8_cCyAEJqQJR5XJ_eYWnPuACAKgDAcgDCqoEyAJP0EUJ83aJfSxiYbkoY-E7Q2IWUZOUp9CiHVN2GFHWf6gi5JTKXOSFVmiUB4SCyW6059BRjXO20WWqEf3kCkr5ICakkIO3xLbMpvzWdN7Y2wMa9AzDFARzqa0iFv01lu494Nbb7yc_FxaAlQO0DHvECY-XLIGDqHv30QGLFIfY0HunUYzYPRKzxqeguVZiOhWKrmoBCoBIUh71AGNIVtwdsUi2L7TG605g8B4BIp5t1pSSn0jVLg128NbzHLXp4hayVCKoQ7PzVs0rJEhnTvXYfh-F4OxLxzMW-Iw8N9tuj7VMD1zG2zeTP7zkK_gYtpvxPPlDnS8WuI2a741hztq9P1JYGAysG7qVQi2xst_Nqh5NVGaW1wVjZVrY43NMF4kfyYiPOhQb_WjQdhrUTrqINRg-aciYGlgz8Vxj2a9viIvNejtzeeQSwATx65rFzwXgBAGIBbC0jMUloAYugAfJooyIAagHp8yxAqgH4tixAqgHpr4bqAfMzrECqAfz0RuoB5bYG6gHqpuxAqgHjs4bqAeT2BuoB_DgG6gH7paxAqgH_p6xAqgHr76xAqgH1ckbqAfZtrECqAeaBqgH_56xAqgH35-xAqgH-MKxAqgH-8KxAtgHANIILwiAYRABGJ0BMgiKgoCAgICACDoNgECAwICAgICogAKoA0i9_cE6WIP6itjLo5MDsQkdsGUMR2d-foAKA5gLAcgLAYAMAaIMA5ABAaoNAlpByA0B4g0TCJCdi9jLo5MDFQNAwwYd698mBuoNEwjuj4zYy6OTAxUDQMMGHevfJgbwDQKIDv___________wHYEw3QFQGYFgHKFgIKAPgWAYAXAbIXDhgBKgo2ODA5ODA1NTg4uhcCOAGqGBcJAAAAAGgjDUESCjY4MDk4MDU1ODgYAbIYCRICrVEYLiIBANAYAcIZAggB&ae=1&gclid=EAIaIQobChMI2riM2MujkwMVA0DDBh3r3yYGEAEYASAAEgICkvD_BwE&num=1&cid=CAQS0QEA56J1efpArvVysl8Z5yq1RgoXSnLiaUUB23_ft1cD57NUMftntm8YbdJZJQek-47rzSIlkMqTrTrXv0bcRHTmbaSF3x7Oh1OotZh-XZ8i9ZtyrmXaD8mB0jMOP538U1j5Yxd4lMXtEth27bEH5C4yMzK8ndUZnFn6KeR4Fs2Gbrwhwy0VMHGT8N43vzsJiMQxxmwoNrXokxJ-QabHT4CC-pazP89ZoR34DeWITMYldbaNPH-Mvcp0DJsZEkF70wtkT5poxpninBaJUDShOTlVKhgB&sig=AOD64_3EGYd_1Rmx12Iyb8mHaKy_fRL24w&client=ca-pub-3805416966001714&rf=4&nb=9&adurl=https://www.schweigen.com.au/promotions%3Fgad_source%3D5%26gad_campaignid%3D10077018672%26gclid%3DEAIaIQobChMI2riM2MujkwMVA0DDBh3r3yYGEAEYASAAEgICkvD_BwE,https://www.schweigen.com.au/promotions?gad_source=5&gad_campaignid=10077018672&gclid=EAIaIQobChMI2riM2MujkwMVA0DDBh3r3yYGEAEYASAAEgICkvD_BwE,,,,,,,,,,
153,https://adclick.g.doubleclick.net/aclk?sa=l&ai=Cqr3NCzy2aZu2Or2AvcAPhI-pyAXa_Y_xhQGUgoKf8hWwkB8QASDmtM-ZAWCV4pCCoAegAemHwqZByAEJ4AIAqAMByAPLBKoEuwJP0AyayHxtsvNvl_2VkpoX7_z7sXpIwDt0RvFunGb1xCTBNBK9BCz03u-YDfAfDOpcoEsK-ma2_LTVBmCCMTzuWrdRUYIBAZNeCa9hNdlD5qQ1li5rQFn38hLlaExznKqK36gjywsnUvcEnOI3fIQBeUPLyOK7Mx7zXfHxUvTiaoFsgw5_rvR5693qsLO4LhqbKlwC7YFGubFk4Npd_koabQtVkEJAQJknk-roP5rddyd2QiwKUNqHd-w15qSRN6EWK6sgMQog51_5lU28ZoCinnTS207BEZk2yqyo39n4yWJHSxFJAIQkQQQpXrqRIVdezHt5umSf1No7CWyRlGXU0thpEZdEdomyKV-W_iWe_5lhQl0U1I59msQN7LEW1oTuRP3JjfA93-vM78Lyvp3ALG8-9mCPdlH8ao3ABJ7BrvXFBeAEAYgFoIKU5legBi6AB-m_koYcqAenzLECqAemvhuoB8zOsQKoB_PRG6gHltgbqAeqm7ECqAeOzhuoB5PYG6gH8OAbqAfulrECqAf-nrECqAevvrECqAfVyRuoB9m2sQKoB5oGqAf_nrECqAffn7ECqAf4wrECqAf7wrEC2AcA0ggyCJHhgHAQARidATII64uAgKCAgAo6DoCABICAgICAlKiIAqgDSL39wTpYkcD07Y6hkwOxCc5J_aF8DldJgAoDmAsByAsBgAwBqg0CREXIDQHiDRMI9O707Y6hkwMVPUAPAh2ERwpZ6g0TCOeV9e2OoZMDFT1ADwIdhEcKWfANAogO____________AdgTDIgUA9AVAcoWAgoA-BYBgBcBshcOGAEqCjUxMDM4Nzk0ODO6FwI4AaoYFwkAAAAA1BAkQRIKNTEwMzg3OTQ4MxgBshgJEgLlXxguIgEA0BgB6BgBwhkCCAE&ae=1&gclid=EAIaIQobChMI2-f17Y6hkwMVPUAPAh2ERwpZEAEYASAAEgKk3_D_BwE&num=1&sig=AOD64_3e-iYGtuiVWTV4mUcivJQsdBsn3g&client=ca-pub-3677668629134422&rf=1&nb=9&adurl=https://atudeitus.com/products/16073956708888787115741040%3Futm_source%3Dad%26utm_medium%3Dgoogle%26utm_origin%3Dshopline%26utm_campaign%3D636293%26utm_content%3D23568122144%26adset_id%3D190566867102%26utm_term%3D797587689788%26aatid%3D6389635600%26gad_source%3D5%26gad_campaignid%3D23568122144%26gclid%3DEAIaIQobChMI2-f17Y6hkwMVPUAPAh2ERwpZEAEYASAAEgKk3_D_BwE,https://atudeitus.com/products/16073956708888787115741040?utm_source=ad&utm_medium=google&utm_origin=shopline&utm_campaign=636293&utm_content=23568122144&adset_id=190566867102&utm_term=797587689788&aatid=6389635600&gad_source=5&gad_campaignid=23568122144&gclid=EAIaIQobChMI2-f17Y6hkwMVPUAPAh2ERwpZEAEYASAAEgKk3_D_BwE,,,,,,,,,,
154,https://www.googleadservices.com/pagead/aclk?sa=L&ai=CECKr6R-2afGTFJ7js8IPyJn-sArP1uLRhQHC5dPqnBLc2R4QASCS4NYpYImLxIT0E6AB5cy6yQPIAQmpAmgL6CRZ4zo-4AIAqAMByAMKqgTHAk_QJzJB3hxFmpHSIjElWkw38vqFs0mq0WoovQppSkoHbbuinRy1WHbJLvVRFFoCBKWQEB7WypHS6MWUwmBaAol1xPii7-e-ZOmwlu72jmj1g95fmTvXakI24TG7gPV2iLLm1u9usv4VVvnOppLViiw2RaaHcQLVjizAgQoHdAnn72NWal04pcN94Kl8jeWs7c7reA4rN2hoL6wscilThg2lF-TAPt1IDGZBvIQ02j5B_C2Hze0MQ8wDB2WThxoLJD4aT-JtqQrHVwl46_IF05kRMnjkPnkz9XcD2P5JL7xDhM0xsDtT63Ok556VZdlNv0a8mKXskDn4drEJ4lEIw7PNyRRt90TlKAlKWZ4TFj37FdfkkXI8Mj4U4eEr_aS0VoiNfX0tQHGZps156KeN4dfQqiNTRbdDh-6mb_EDLr8Gqoy8pQ7B-cAE5Yrc3Z8E4AQBiAW8_KyxSaAGLoAHg7PFNqgHp8yxAqgH4tixAqgHpr4bqAfMzrECqAfz0RuoB5bYG6gHqpuxAqgHjs4bqAeT2BuoB_DgG6gH7paxAqgH_p6xAqgHr76xAqgH1ckbqAfZtrECqAeaBqgH_56xAqgH35-xAqgH-MKxAqgH-8KxAtgHANIILwiAYRABGJ0BMgiKgoCAgICACDoNgECAwICAgICogAKoA0i9_cE6WPfZtoP0oJMDsQnqirbr0KvwxYAKAZgLAcgLAYAMAaIMA5ABAaoNAkpQyA0B4g0TCJWGt4P0oJMDFZ7xTAIdyIwfpuoNEwiV_reD9KCTAxWe8UwCHciMH6bwDQKIDv___________wHYEwPQFQGYFgHKFgIKAPgWAYAXAbIXDhgBKgo2OTUzODE1MjI4uhcCOAGqGBcJAAAAALBF9kASCjY5NTM4MTUyMjgYAbIYCRICsV8YLiIBANAYAcIZAggB&ae=1&gclid=EAIaIQobChMIsay4g_SgkwMVnvFMAh3IjB-mEAEYASAAEgJUrvD_BwE&num=1&cid=CAQS0QEABaugfaONO0jJk0o_oxqDpi1vjScmHE4el8uEb6mMELAS92omjGmTIMj8L5ooQlpOMyImBKmkwq03hUbDQsfjTLUCigD1CIdgfrrnXqVU1z3QVBF8CHIUJpWxzkqTACuFrXRUqrSRCAvsObwd5mOihNHSRWb_ipxSZLrNhJjnTy0FcbFDJA6FDGaBGYCHynqNhZaMXuqb5kSazFHHpG26EOj2w2uWS9qB4m_92SA0YDId1XXEC2N1yVatghI51LI0N3N2hAl4B7Nn7sRcID7_3xgB&sig=AOD64_3kUvYEORw1lc8qCFjr9LIEx7Sekw&client=ca-pub-1790208922999347&rf=4&nb=9&adurl=https://www.otsuka-shokai.co.jp/products/lp/mypage/e-learning/telework/%3Focid%3Dcs%3Bgdn_telework%26gad_source%3D5%26gad_campaignid%3D19699285564%26gclid%3DEAIaIQobChMIsay4g_SgkwMVnvFMAh3IjB-mEAEYASAAEgJUrvD_BwE,https://www.otsuka-shokai.co.jp/products/lp/mypage/e-learning/telework/?ocid=cs;gdn_telework&gad_source=5&gad_campaignid=19699285564&gclid=EAIaIQobChMIsay4g_SgkwMVnvFMAh3IjB-mEAEYASAAEgJUrvD_BwE,,,,,,,,,,
155,https://www.googleadservices.com/pagead/aclk?sa=L&ai=Cu9tpzpO3abxr1fWN5g_Yv-HxC53K0t2FAZH2qYuTE5HM5vimDhABIIvwih9giYvEhPQToAHvp5PRA8gBAuACAKgDAcgDCKoEwAJP0PCi0TQYvvxXr1kPIZflnqgGs1_7BFpe9AO13Fi0sAAmLvBweD1SVarLiM1nP5dQwqbVTDLjVdXp3IcQJtn5B2QbyfoSigOTwl_N73VtEYiDd4ougvGgME67g2nZO37OIzet8qm1WGvh5g2c8PMkVJ7NSm-5NRTr-GoOCm_rm95lKMTO6O8M1SCN08bSNxxneg9JUMjikEB3PzkJ1ZbprxEEhKJWmVKGEVYmMDlgi1e80RQdNfxBkZ96qhNMlVWbSlUW8VHazF0rb6sXOJAUJlptqAd3Sm5_WHTYY-HFt-afito2aMj35PO5FBt54Y39K2fGc8xJnzzy6TLxctvvl8zZLDw8H-_jQtpl1mpMrRY_WFBBI2MYN6Or-pQL3AUx3Ifdd7RhDu_Z2G1T6cUqGL9scrUOESoE2Hkl1ccwaMAE1-jI4YEF4AQBiAX179qZSaAGAoAH-dfsLqgHp8yxAqgHpr4bqAfMzrECqAfz0RuoB5bYG6gHqpuxAqgHjs4bqAeT2BuoB_DgG6gH7paxAqgH_p6xAqgHr76xAqgH1ckbqAfZtrECqAeaBqgH_56xAqgH35-xAqgH-MKxAqgH-8KxAtgHAdIIMQiQ4YBAEAEYnQEyCIuDgICAgIAKOg2AQIDAgICAgKiAAqgDSL39wTpYrOPH2NajkwOxCcxdDGGtqYZLgAoDmAsByAsBqg0CSlDIDQHiDRMIyYvI2NajkwMV1XrDBh3YXzi-6g0TCPPIyNjWo5MDFdV6wwYd2F84vvANAogO____________AdgTDdAVAcoWAgoA-BYBgBcBshcOGAEqCjIwNDUyMTQyMji6FwI4AaoYFwkAAAAAMFr1QBIKMjA0NTIxNDIyOBgBshgJEgKRVBgCIgEA0BgBwhkCCAE&ae=1&gclid=EAIaIQobChMIvIrJ2NajkwMV1XrDBh3YXzi-EAEYASAAEgIzovD_BwE&num=1&cid=CAQS0QEA56J1eRWyAXMB4xLJHebyf3GF4_ifeS5cooqUk796PFoYtloy5JGGbsuAfszm5emiT7ZChSdNEU2sn_cor7VdON8_4sHye8Ht8mxo11pWQNH-o_tMZttGXcBGm4lTWpP-5jQwD0UBrqVL7-w0PFWHg4oDQ7B3Cyt-rhVPimW_BZbsKDxI8EOhfO_eR56RjLorKdZUdn0nvUPErrNiZ6qJhp19H4IgT12PLC8HhDh5qDzk6sPetqrF4AA3muSonQOtu4dyZsxHcIHCDtQpUvDEGxgB&sig=AOD64_0uTFkSmEMQQK2mFj-YqC1SLL8lOA&client=ca-pub-3746578658400510&rf=5&nx=CLICK_X&ny=CLICK_Y&uap=UACH(platform)&uapv=UACH(platformVersion)&uaa=UACH(architecture)&uam=UACH(model)&uafv=UACH(uaFullVersion)&uab=UACH(bitness)&uaw=UACH(wow64)&uafvl=UACH(fullVersionList)&nb=2&adurl=https://capellahotels.com/en/capella-singapore/offers%3Fgad_source%3D5%26gad_campaignid%3D19649705973%26gclid%3DEAIaIQobChMIvIrJ2NajkwMV1XrDBh3YXzi-EAEYASAAEgIzovD_BwE,https://capellahotels.com/en/capella-singapore/offers?gad_source=5&gad_campaignid=19649705973&gclid=EAIaIQobChMIvIrJ2NajkwMV1XrDBh3YXzi-EAEYASAAEgIzovD_BwE,4.0,10.0,8.0,8.0,8.0,1.0,3.0,2.0,2.0,2.0
156,https://www.googleadservices.com/pagead/aclk?sa=L&ai=CNJV90YC3aey5HO3sjeYPp93imQW1vv-mgAHJ1tLWwxS_4R4QASD0g7kbYMeNgY6EJqAB2NvAsSrIAQapAq8WUd2d0W8-4AIAqAMByAMKqgTAAk_Q_sLlWPQT1YPyfSIIgqMxeuWU4v2sFdXX2MAQSpElfgrP2i4-TjpzYGC6JscVl0Jo7uGTNfyOatS6-DEk6N9YMYfVRa1cB82-CN_Ky0LuS9snr8TDRDhgYO5mMpY4Zmtor74Vp8rycEmPhPU6GnNCvCledh3-BRNETyGlEY4Wj348AXx1mNXGQl7xDCyqwCcS2T0Ee6YdpmDpn1-83SrWNTv7492Nyhfgt1bP1vnUvQqY5wt79MnjlCR2Hb1dIwZA0noaYiAkL3d4opjsGoA37vxmSwTjbKRv4L1Onn4NRn8qW3WUO7MO_apMbr_iRpg7TEjmc8iT8HVsZWZ4knk2sdlmrnxJxAc8flYdOmAYCREPaQcL2RdAU2Y_KtgBBLk7HRIXJtI_2XQl_1hYzZLXjgeOZrUQs1Y2qLJlBBT8wASP2Ia2swXgBAGIBe6X7dxUoAY3gAfYk5GRBagHp8yxAqgH4tixAqgHpr4bqAfMzrECqAfz0RuoB5bYG6gHqpuxAqgHjs4bqAeT2BuoB_DgG6gH7paxAqgH_p6xAqgHr76xAqgH1ckbqAfZtrECqAeaBqgH_56xAqgH35-xAqgH-MKxAqgH-8KxAtgHAdIILwiAYRABGJ0BMgiKgoCAgICACDoNgECAwICAgICIgAKoA0i9_cE6WMb42crEo5MDsQnu1ggg_lSXAIAKA5gLAcgLAaIMA5ABAaoNAlpByA0B4g0TCL6a2srEo5MDFW12wwYdp644U-oNEwjt3trKxKOTAxVtdsMGHaeuOFPwDQKIDv___________wHYEw2IFAHQFQGYFgHKFgIKAPgWAYAXAbIXDhgBKgo5ODE3NjI2ODE0uhcCOAGqGBcJAAAAAPBcFUESCjk4MTc2MjY4MTQYAbIYCRIC5VkYNyIBANAYAegYAcIZAggB&ae=1&gclid=EAIaIQobChMIrObwysSjkwMVbXbDBh2nrjhTEAEYASAAEgKMrfD_BwE&num=1&cid=CAQS5AEA56J1eaN4U3N8EazsXA9NAKNIB5vrzxfK117K5hHI3vYYu094L6savrDFqTJba6GlnsWsp5GDpGAU476_f-ihHL1ra1iOhMpltE09nPnhGpm6vh4HYLlUKf9edFc4amfbsoG7WgALt6CUGjm91IW4Hgsh2ijE4IacRJPZksm64Y3vHfSDK9YuJyeZ3-dHNqHhIJtAHBWrdT-1FP-5cowqK5eWU7j2Hqfu-Wwzo3kSqQvQkIzeexHC3N2aHorCmzj3nDaCYklBvh4bD9c6tLeCff4AMcQC5jYN-mvrksWghCP0CBwYAQ&sig=AOD64_3DhxUwjetufreu5CyZyM7_TwnvkQ&client=ca-pub-3844877863303739&nx=CLICK_X&ny=CLICK_Y&uap=UACH(platform)&uapv=UACH(platformVersion)&uaa=UACH(architecture)&uam=UACH(model)&uafv=UACH(uaFullVersion)&uab=UACH(bitness)&uaw=UACH(wow64)&uafvl=UACH(fullVersionList)&nb=9&adurl=https://www.smudge.co.za/%3Fgad_source%3D5%26gad_campaignid%3D22743305198%26gclid%3DEAIaIQobChMIrObwysSjkwMVbXbDBh2nrjhTEAEYASAAEgKMrfD_BwE,https://www.smudge.co.za/?gad_source=5&gad_campaignid=22743305198&gclid=EAIaIQobChMIrObwysSjkwMVbXbDBh2nrjhTEAEYASAAEgKMrfD_BwE,0.0,0.0,0.0,0.0,0.0,0.0,0.0,0.0,0.0,0.0
157,https://adclick.g.doubleclick.net/aclk?sa=l&ai=CpF4SkMG4aePLC_GI3NMPkoWqiQ-iqNrkhQGA6JWrmBXl_Z2G8woQASDmtM-ZAWDHlYCOhCagAbvzvc8DyAEJqQJDYB9_PFa2PuACAKgDAcgDCqoE7wJP0K7e7QiHtNlx15E3NLZZYzJXkYXH0kOIMjB0TE51qpd251hmWJwwzx0Ca3a6qZJ0uZI4trNLLJRq5CP9jkPFDqxR0oMbhyIsH7_XiOcEh4CJ6WDdLd5EtS2NlVOKveD7AOQh9KCTCdxTGJAA1nWdepPKqZrB4TJiy8Vz9frd55CqoxLBfuGFqShH_k36vJ7XgEuW97_a8LsGvcaaevTQJ77l4hOuIxhNE4Fdrerio5i_1uut7CSPSaKgDs1dSDh93qyHxH_hVLDidYER0MRqifoFntAWuWLonlGL0ozkB-8P3tc6rSKe5lVioT-qzWJORru3FgZh9trIkZZG18uIAZbSXtvF3bQqA4tEwZiRwUI80CcGB72GD74TzjWzgfb4smmLDscJYMkj2nehRT6uBAE63aNWbPvN22MIYo4ENBwekBtPeSC3l-FBkxgACvU7Vsb9mbkxuA44fzjRk48SHzjmymA4ETwvSEkv7KxewASFhOKwxAXgBAGIBYys0v1JoAYugAetjMIwqAenzLECqAfi2LECqAemvhuoB8zOsQKoB_PRG6gHltgbqAeqm7ECqAeOzhuoB5PYG6gH8OAbqAfulrECqAf-nrECqAevvrECqAea4bECqAfVyRuoB9m2sQKoB5oGqAf_nrECqAffn7ECqAf4wrECqAf7wrEC2AcA0ggyCIHhgGAQARidATIIy4qAgICAgAo6DoCABIDAgICAgKiAAqgDSL39wTpYmO6ovPalkwOxCZHvoTmzMESGgAoDmAsByAsBgAwBogwDkAEBqg0CWkHIDQHiDRMItImpvPalkwMVcQR3BB2Sgirx6g0TCO-cqbz2pZMDFXEEdwQdkoIq8fANAogO____________AbAOwKeu4Ri4E-QD2BMM0BUBmBYByhYCCgD4FgGAFwGyFw4YASoKNTEwMzg3OTQ4M7oXAjgBqhgXCQAAAADAbgJBEgo1MTAzODc5NDgzGAGyGAkSApNOGC4iAQDQGAHCGQIIAQ&ae=1&gclid=EAIaIQobChMI49OpvPalkwMVcQR3BB2SgirxEAEYASAAEgIhAvD_BwE&num=1&sig=AOD64_38e22IesMDIt47csPmHul_QuKieQ&client=ca-pub-3677668629134422&rf=4&nb=9&adurl=https://bushmanskloof.co.za/offers/stay-longer-save-more%3Fgad_source%3D5%26gad_campaignid%3D19859281420%26gclid%3DEAIaIQobChMI49OpvPalkwMVcQR3BB2SgirxEAEYASAAEgIhAvD_BwE,https://bushmanskloof.co.za/offers/stay-longer-save-more?gad_source=5&gad_campaignid=19859281420&gclid=EAIaIQobChMI49OpvPalkwMVcQR3BB2SgirxEAEYASAAEgIhAvD_BwE,0.0,0.0,0.0,0.0,0.0,0.0,0.0,0.0,0.0,0.0
158,https://www.googleadservices.com/pagead/aclk?sa=L&ai=Cw_M-Q4-3adP_MPOfid4PrujV8Arw46u4cNLN4KmxFd2qvNfyAhABIN_xoHJgx42BjoQmoAGa-L7NKcgBCakCPyfIIrDjbz7gAgCoAwHIAwqqBLQCT9ChWOaGz0c8EOBqtUlALISKZQiXKNZWz_26HgmmZm1inwDfKQr8rpiAkVSU2pk4bNMiQodUBe32wRphZxsrpenDW8cWL8H1Qm9qPbjJrZQMWXQI7dD-ckmaupB9TY1TIP4Cxa2AHsgqlvtB1-7A2hXOMAMNvYgDSCvxlgqEFulriFcITyBeCHrgPs_mqhlaX3oh8IAnOXdQJK_4hz4AtYTHcD2A75a2uaYyxVg3HXtgon17EHCZaCLnbHDwQQAeOyMFwS46mX-fA0k_554XpwOx1FDeGyRRk_8g8A9p13SC9WDVXyozc-ZecvzATqY0MwWu0ZLAt9UnF1GeGtzgvjiXA25ugU3LufUeRZdFTOgkU_ZgBrvtoPLvjJDkRGe5V9OYzqkYaifTMFOhBjD6jZrzX-HABJ-z8qC4BOAEAYgF0pOS7UqgBi6AB5qwj60EqAenzLECqAfi2LECqAemvhuoB8zOsQKoB_PRG6gHltgbqAeqm7ECqAeOzhuoB5PYG6gH8OAbqAfulrECqAf-nrECqAevvrECqAfVyRuoB9m2sQKoB5oGqAf_nrECqAffn7ECqAf4wrECqAf7wrEC2AcA0ggwCIBhEAEYnQEyCIqCgICAgIAIOg6AQIDAgICAgKiAAqiDEEi9_cE6WPb-ra7So5MDsQnh7lfVfzy314AKA5gLAcgLAYAMAaIMA5ABAaoNAlpByA0B4g0TCL3brq7So5MDFfNPwgUdLnQVruoNEwiov7Cu0qOTAxXzT8IFHS50Fa7wDQKIDv___________wHYEw3QFQGYFgHKFgIKAPgWAYAXAbIXDhgBKgo4MjAxMDY1MDEzuhcCOAGqGBcJAAAAACiVE0ESCjgyMDEwNjUwMTMYAbIYCRICqlAYLiIBANAYAcIZAggB&ae=1&gclid=EAIaIQobChMIk62xrtKjkwMV80_CBR0udBWuEAEYASAAEgL4ZvD_BwE&num=1&cid=CAQS0QEABaugfcylfgG69SIG21WkOu45POsTauVr0Y_BBZaFMLmExbE92U5B21S9_7Asa3qN81_c0Tf1wOdLrY5jkQIhGVC3LKxXyaz8KQvHXqsTTLiq_nr2sOA8Xcq80u2-S9jr6CXjAZyAPJ53uwFz8NxXNDbNU4p6C0WGnS8UoJm6mkGyw11qDkCtevXJKPGM5J2csqW13CmAeGjQ0Iq5GQBqUVw643_nKRPQtpf97WNpTTYLEF5iWhnhNxt5EqKRL_m3eHytSgpxwqq9Ulv2lHQJixgB&sig=AOD64_14JYmOxuz6msdVUGm1oPXVOINY4g&client=ca-pub-4026473803077671&rf=4&nb=9&adurl=https://www.villafantastica.co.za/%3Fgad_source%3D5%26gad_campaignid%3D20093110738%26gclid%3DEAIaIQobChMIk62xrtKjkwMV80_CBR0udBWuEAEYASAAEgL4ZvD_BwE,https://www.villafantastica.co.za/?gad_source=5&gad_campaignid=20093110738&gclid=EAIaIQobChMIk62xrtKjkwMV80_CBR0udBWuEAEYASAAEgL4ZvD_BwE,,,,,,,,,,
159,https://www.googleadservices.com/pagead/aclk?sa=L&ai=CfXoGzJi2aZ2OAuymid4PiJ7DqQaEu-DahQHR4OGnrRWM3ImfvAEQASDmtM-ZAWDHjYGOhCagAaem8ZQByAEJqQJ-eY9f2bRvPuACAKgDAcgDCqoEiQNP0JTG1R56-NxpqwqgvBzzXCO-v5ZJEN1Nzkor0_P1kTtsEYPeiL5zsxJw_ZYS56rBB-XkFv84YGczVs9daGcPgzKjq5a2nQpIIHXFX8qgYHMMM-a56QwRwU4sfUFq6h9MWh94JPCMBntPfRUs-xG9z6Oc8kJM7eIoF50_gJO2AlJSPgauduYl5zEhSwUrMYYbtKWgztTxFrQSxLXzAIywe4xhBlYlL9y113aWWxReKLq2gfg9MVlxL1GsjSeLLbkULfJDYdTi5IyWz0mFUyc96l2zpm4rYLz5tzTC8z39eRAplvlqIEhkQeTUc8PxkScMuVDMaU4fQH3lE0cd47GQJcU2nGFjY2mvsvRq3CiNX9aHtDnLs3X-B6Ooh4klFDXfK4o-R2-gaCyA1oLuN29H-zQ4WpvlnDwlqWt0a5izkUwzhR0jFdlziI3XrPZMQtYUalP4yY2cXxhhhyijcilV_Q4yj3BSLJOLUFGbPmPxLxOrtxFZCeDAYLDYhhei_Cp_iFpPotGHecfABKew9OHVBeAEAYgF2rSFvlegBi6AB8HZjusCqAenzLECqAfi2LECqAemvhuoB8zOsQKoB_PRG6gHltgbqAeqm7ECqAeOzhuoB5PYG6gH8OAbqAfulrECqAf-nrECqAevvrECqAfVyRuoB9m2sQKoB5oGqAf_nrECqAffn7ECqAf4wrECqAf7wrEC2AcA0ggvCIBhEAEYnQEyCIqCgICAgIAIOg2AQIDAgICAgKiAAqgDSL39wTpYkIL7p-ehkwOxCTFNOef_ELJ3gAoDmAsByAsBgAwBogwDkAEBqg0CWkHIDQHiDRMIucT7p-ehkwMVbFPCBR0IzzBl6g0TCPvn_KfnoZMDFWxTwgUdCM8wZfANAogO____________AbgT5APYEw2IFAHQFQGYFgHKFgIKAPgWAYAXAbIXDhgBKgo1MTAzODc5NDgzuhcCOAGqGBcJAAAAAIBnAEESCjUxMDM4Nzk0ODMYAbIYCRICxk8YLiIBANAYAcIZAggB&ae=1&gclid=EAIaIQobChMInaT9p-ehkwMVbFPCBR0IzzBlEAEYASAAEgIT3PD_BwE&num=1&cid=CAQS0gEABaugfcP8vVAUmVj9Bvg9Z0rRkxGHL2HjAYsFf2yHPzU0pd8V9m4W-DQXQaFxasVWsx18uvCC9fNtU3JQdz0CBSh6w0SiqToXCdnIyE6l7iYzOkEcsPOuo32xmn2NN_WqsbHRp48C4sDuJF7YqkBgoLGOHiZ1ZIa8XC-qQyMdm3e8XQcv7XVad_fsXb17S2AnqLn6fZESCBwrvqnJncWnCYCBT_-T3XE3XZRRGkPZruVDbKL0vic-a16cSSeW8Fl1QEd-d0bGV5Zs0ZoGjcbReVsYAQ&sig=AOD64_2ysVTZRYxNHzyVc4NfHQkQxICHVQ&client=ca-pub-3677668629134422&rf=4&nb=9&adurl=https://www.automart.co.za/dealers/bikes%3Futm_source%3Dgoogle%26utm_medium%3Dpaid%26utm_campaign%3DBikes%26utm_source%3Dgoogle%26utm_medium%3Dpaid%26utm_campaign%3DUBLeisure%26utm_content%3D194821036071%26utm_term%3D%26gadid%3D793778896543%26gad_source%3D5%26gad_campaignid%3D23483996762%26gclid%3DEAIaIQobChMInaT9p-ehkwMVbFPCBR0IzzBlEAEYASAAEgIT3PD_BwE,https://www.automart.co.za/dealers/bikes?utm_source=google&utm_medium=paid&utm_campaign=Bikes&utm_source=google&utm_medium=paid&utm_campaign=UBLeisure&utm_content=194821036071&utm_term=&gadid=793778896543&gad_source=5&gad_campaignid=23483996762&gclid=EAIaIQobChMInaT9p-ehkwMVbFPCBR0IzzBlEAEYASAAEgIT3PD_BwE,0.0,0.0,0.0,0.0,0.0,0.0,0.0,0.0,0.0,0.0
160,https://www.googleadservices.com/pagead/aclk?sa=L&ai=Cc3d4WUW3acKGG_v24dkPwdSQiQP1zarzhQG74_aWzRXc2R4QASDb2cKZAWCJA6AB2vaC-UHIAQmoAwHIA8sEqgSpAk_QxbNjppJcw-n32TKZ3b1OhxJCmDP8R5TA2KvSpU5NJC2DJwgjErA9KZKWXSnF_3tkLDFXIahBPZ5GPhOCf_aWgPtRzWjjjtU6rR9Aqe8IKeV5_z76YE1_5aB4Up22eg27MFxYCD22kPU8s6R9NK5sxBLUP5poNYUXoLgyvuygnrYDpt40-OK7YXFjTK4S-mf8daeOwQhuvqXa0FMLArvsEyRbGBCmhM_TXISS7y2xgcik_cAoC8YikAi-pbLFWrH4Bm88LOdHXZGSHd9GV4CsJg-zrOTmbA94bdg5agHr2mQFIQZTibMyB4RDUS4F7BddtZUtH9PPx4OQGXQPXLhBHkJEgSQ7QygbHrTwrIul3KcwvgSOMd282RGhbybOKKwYjI7-OgDfmMAE_vSw_s4FiAWU5PqNWKAGLoAH2q7T2ByoB6fMsQKoB6a-G6gHzM6xAqgH89EbqAeW2BuoB6qbsQKoB47OG6gHk9gbqAfw4BuoB-6WsQKoB_6esQKoB6--sQKoB9XJG6gH2baxAqgHmgaoB_-esQKoB9-fsQKoB_jCsQKoB_vCsQLYBwDSCDAIgGEQARjdATIIioKAgICAgAg6DoBAgMCAgICAqIACqIMQSL39wTpYkva-74ujkwOxCdkMLRfy9Ed4gAoDmAsByAsBgAwBqg0CSlDIDQHqDRMI9pvA74ujkwMVe3s4BR1BKiQx8A0CiA4J2BMM0BUByhYCCgD4FgGAFwGyFw4YASoKNTI3MTMxODg3N7oXAjgBqhgXCQAAAADA39VAEgo1MjcxMzE4ODc3GAGyGAkSApNpGC4iAQDQGAHCGQIIAQ&ae=1&gclid=EAIaIQobChMIgpfA74ujkwMVe3s4BR1BKiQxEAEYASAAEgIol_D_BwE&num=1&cid=CAQSvwEA56J1eRbkbdnnMufp3qrPaMi96L1MwAG5u0BhMJH4WT0XsM3SgUM9zSR6edyCXXpcX7rKLnWQKVAycZoT-VeifG4mwddDuJeCsND4qjkEKa7YhFWCwPAoI84wJ7pIgV_uFl7yicv3jx2TsuZT0_BXFZoMEj1PuOHcm97NqqKI1nK3i15R1TFj-KJrUXTgfhVOZFASofiQg_mGRmXbAUog1N8TopFP5Dv81hpRfeTPvuCqEouefyNFMrE0JD4wiBgB&sig=AOD64_0P0TXC7VHJQXQZUM7o9nHUDPWGoQ&client=ca-pub-2915053785761950&rf=1&nb=9&adurl=https://tsunagifinance.com/5355%3Fgad_source%3D5%26gad_campaignid%3D23651594772%26gclid%3DEAIaIQobChMIgpfA74ujkwMVe3s4BR1BKiQxEAEYASAAEgIol_D_BwE,https://tsunagifinance.com/5355/?gad_source=5&gad_campaignid=23651594772&gclid=EAIaIQobChMIgpfA74ujkwMVe3s4BR1BKiQxEAEYASAAEgIol_D_BwE,,,,,,,,,,
161,https://www.googleadservices.com/pagead/aclk?sa=L&ai=CBNdO9bC2aZK8ENeAvcAPjOrpuQHI4JuohQHwsPXqjBCy6L-w3gEQASC744ckYImLxIT0E6ABodCh1wPIAQLgAgCoAwHIAwiqBLkCT9A3J2xidyNY19cQeUB1139-rpO00OPzVsA6vXkSDR8VD2-hrjMsKWOEJhkMFyCZh1MGVS2YqqkVth9KIhvbdZD6M1fMqa3PRwqwovYHUcrgzJX71ZiD_ToOBSmsPjP5vXLpFtDfCbENpF9I9HBmLnDezStZUgcpMwGSQI4UZ88OAjxZnH1nrCQ1cQ8O4GunnsrLNQCZT_zvHX9ivsAY86net3vn4YgSt_ejHuuOKxbqs97qUgr2pOi--GfI92A9fBEQvIMfYx2IRhnSHoKaQmP5CgnTamqSyqKQLY2ysWLfaHl1Bmy1x31oe4fYOcAsg3eCdv2KyLvQY_fnqiiqFo9-_9Mwg1Y7gxsyMiTrnS-vLXSsyYoX9YHPiumcKCB4wO-jvbtC-RZCVoyuugcdxGC4PIbT6ZuQk8AEp-ibyPUD4AQBiAWHlN3cPqAGAoAHx6_eKKgHp8yxAqgH4tixAqgHpr4bqAfMzrECqAfz0RuoB5bYG6gHqpuxAqgHjs4bqAeT2BuoB_DgG6gH7paxAqgH_p6xAqgHr76xAqgH1ckbqAfZtrECqAeaBqgH_56xAqgH35-xAqgH-MKxAqgH-8KxAtgHAdIIMAiAYRABGJ0BMgiKgoCAgICACDoOgECAwICAgICogAKogxBIvf3BOliXpaet_qGTA7EJnNvX_P_ITHOACgOYCwHICwGiDAOQAQGqDQJKUMgNAeINEwiw4aet_qGTAxVXQA8CHQx1OhfqDRMIu6-prf6hkwMVV0APAh0MdToX8A0CiA7___________8B2BMD0BUBmBYByhYCCgD4FgGAFwGyFw4YASoKNzQ1MTc4OTkwMLoXAjgBqhgXCQAAAAAQg_xAEgo3NDUxNzg5OTAwGAGyGAUYAiIBANAYAcIZAggB&ae=1&gclid=EAIaIQobChMI0oqqrf6hkwMVV0APAh0MdToXEAEYASAAEgJE3_D_BwE&num=1&cid=CAQS4wEABaugfd4XqNUPa1QF9FGiK4HI1mQ_iwud17VnmpRIi0EBOZfsD1lBim37bD9dA05PfaGQBrGkV2FF3PKJjO-4jrwKWKkKZGhibZb2xKzMbxc9JXkEB8RhHk7MMxQAHPnDPl1p1k9nNzguikJl4ZHiVaZyc2ikz-EWJ-MjbO_mT5WWj5oo9GrEo_v13Bg33Z2-HjFWHWMAjvQjCBbeuuwdESox8UlEDvZh6wu3OUN_70TC9bG5yv5PcQ3LrGEaSzLfeqyAa6hK3bTsS3oG3pP1ob2-ghzoZC9ECfqLWYSGB4W9KxgB&sig=AOD64_1KFMj-oYqlYGQu9tzAbu-uVdvyrg&client=ca-pub-1301581561755234&rf=5&nx=CLICK_X&ny=CLICK_Y&uap=UACH(platform)&uapv=UACH(platformVersion)&uaa=UACH(architecture)&uam=UACH(model)&uafv=UACH(uaFullVersion)&uab=UACH(bitness)&uaw=UACH(wow64)&uafvl=UACH(fullVersionList)&nb=2&adurl=https://zipbridge.net/%3Fgad_source%3D5%26gad_campaignid%3D16837462535%26gclid%3DEAIaIQobChMI0oqqrf6hkwMVV0APAh0MdToXEAEYASAAEgJE3_D_BwE,https://zipbridge.net/?gad_source=5&gad_campaignid=16837462535&gclid=EAIaIQobChMI0oqqrf6hkwMVV0APAh0MdToXEAEYASAAEgJE3_D_BwE,,,,,,,,,,
162,https://www.googleadservices.com/pagead/aclk?sa=L&ai=C6STe8iC2acGWN-2CjeYP8vyDmASig6zyhQHZseKlmxDc2R4QASCg5YIkYImLxIT0E6ABkNajnQPIAQKpAmgL6CRZ4zo-4AIAqAMByAMIqgTAAk_Q1K3G_Ka5pYqC74Nzdu7IntLv4P8s3drWymA--EzusfN8NIZP6bCIp8Z3qTo3A0tCk51I57c9zkc6pPFn69FtyhTk8WMAuBQHnS8dvDBAjNJaAO-MuZacjeOurHyt2xI42n7AI6iK0Lj69TpHVBfpomNxM0bUP2a8OYfId8F_bbovOBORt5PllJBOu_LWIY43fpZZnvSOqbaMhPGBSKUMYrwmqKW7A5veM6pIHovNjIzuQ8mF87ah3WwkGDHZp_obwFF4hdf09N9SGD4QAm4aXXn5iTOMsR6RGgnFiNErEy6XvNJPFXpAsoZeytxNbJaAA4N4H0jZ2FexX2f3iM7whHEkBMwLMmtpsD149oVEfGKWr7uJswP9IOLgYZJD5Ro_xtvPnK3v4wB9sP6sODYnr_DggHHp-ZdasNibwi_RwASL_r_Q5wLgBAGIBa6Ro8EGoAYCgAfYqdxiqAenzLECqAemvhuoB8zOsQKoB_PRG6gHltgbqAeqm7ECqAeOzhuoB5PYG6gH8OAbqAfulrECqAf-nrECqAevvrECqAfVyRuoB9m2sQKoB5oGqAf_nrECqAffn7ECqAf4wrECqAf7wrEC2AcB0ggvCIBhEAEYnQEyCIqCgICAgIAIOg2AQIDAgICAgKiAAqgDSL39wTpYupGFgvWgkwOxCfbq69evO0T6gAoDmAsByAsBqg0CSlDIDQHiDRMI776FgvWgkwMVbUHDBh1y_gBD6g0TCJnQhoL1oJMDFW1BwwYdcv4AQ_ANAogO____________AdgTDdAVAcoWAgoA-BYBgBcBshcOGAEqCjk1OTc0MjU0OTS6FwI4AaoYFwkAAAAAsM3yQBIKOTU5NzQyNTQ5NBgBshgJEgL6UxgCIgEA0BgBwhkCCAE&ae=1&gclid=EAIaIQobChMIwdeJgvWgkwMVbUHDBh1y_gBDEAEYASAAEgKPn_D_BwE&num=1&cid=CAQS0AEA56J1eXQ2OUy3NkTUmET5CCs4gCRDV_JbZJgfCWjzk665dxepo_xeYkUz6WmJV0PBLLXa5dQFQSl4jbAd46S2HluMkCGYBZETQNWEdNcqsRceExEwLLLGnbi5659vpc61vFW2yZQv-JpGvVtab3r39x1XpmdLWfZEKSGIv39ZzxXx-Jc_IlGlAoBeIS2AK-XVni6F-HNkx9ygNmUfDRYVB0ZmT3e8-nAhEj_luCmWgr_vXc9Yvl6fYUORNdIHSjeUE8HmA85hnM43zPAOao6SGAE&sig=AOD64_1CPErdstUJQRBJG0WyLmYbYMXHWw&client=ca-pub-2970406823702922&rf=5&nx=CLICK_X&ny=CLICK_Y&uap=UACH(platform)&uapv=UACH(platformVersion)&uaa=UACH(architecture)&uam=UACH(model)&uafv=UACH(uaFullVersion)&uab=UACH(bitness)&uaw=UACH(wow64)&uafvl=UACH(fullVersionList)&nb=2&adurl=https://bssp.co.jp/service/%3Fgad_source%3D5%26gad_campaignid%3D1747503278%26gclid%3DEAIaIQobChMIwdeJgvWgkwMVbUHDBh1y_gBDEAEYASAAEgKPn_D_BwE,https://bssp.co.jp/service/?gad_source=5&gad_campaignid=1747503278&gclid=EAIaIQobChMIwdeJgvWgkwMVbUHDBh1y_gBDEAEYASAAEgKPn_D_BwE,,,,,,,,,,
163,https://www.googleadservices.com/pagead/aclk?sa=L&ai=CnhpstpO3abmVCKebjeYPkNyk4QuliorugwHp1KjSxxOkz5t5EAEgyNb1GWCJi8SE9BOgAeWH4M8-yAEG4AIAqAMByAMKqgSsAk_QwosH_hFD4QaCrym7o_JHrFQiU0noBr6WqjhpL2Lxkz4gnfJVddcMKaCaIfruPcq2JMb8qp9LXA8gRrFF5Qtz5vmSv87LzJtnvdnwh-zObHbuHIS_uIqdbvBC6z3aBZVxqHQM9EYvdaYmLU9arV41MYZDCRCVcfKzaDfNyST7WZbSg_4cMlNdUUWcD_UN4YyYTEV9tPkniUCzLAEJ56NhppBWi2gtXm05j4Xga0o3uFY23vlYUFpP7qB272iJ-A94m3Ejc1Vut5HPgOtxqhzMqYfjQ0dikj0SC2YcXmChA9bJSVVT72kHpk2pK_Mxq0C74lrOR7o4_cBhuBWp5A46wNe9Vm_Zm2gi0xnW0wZKyvmZqqdxw7rM4AWNiB9VNW028jybfyq6yo6RCMAEsZTn2YoF4AQBiAXd3ZH-UaAGN4AH5b-wrxmoB6fMsQKoB6a-G6gHzM6xAqgH89EbqAeW2BuoB6qbsQKoB47OG6gHk9gbqAfw4BuoB-6WsQKoB_6esQKoB6--sQKoB9XJG6gH2baxAqgHmgaoB_-esQKoB9-fsQKoB_jCsQKoB_vCsQLYBwHSCC8IgGEQARidATIIioKAgICAgAg6DYBAgMCAgICAqIACqANIvf3BOljDipbN1qOTA7EJ0uCqxo5TNn6ACgOYCwHICwGqDQJKUMgNAeINEwjxsJbN1qOTAxWnTcMGHRAuKbzqDRMIppSXzdajkwMVp03DBh0QLim88A0CiA7___________8B2BMDiBQH0BUByhYCCgD4FgGAFwGyFw4YASoKNzE2MTU4Mjc3N7oXAjgBqhgXCQAAACjqgYBBEgo3MTYxNTgyNzc3GAGyGAkSAphpGDciAQDQGAHCGQIIAQ&ae=1&gclid=EAIaIQobChMIuciXzdajkwMVp03DBh0QLim8EAEYASAAEgL33PD_BwE&num=1&cid=CAQS5AEA56J1eZsx_EZeA5S-NcVW-9zrK_gDvoMCMKaLqM6rfieQC2J3UrkiwfoVanFdIDayf2kBJzuUiuenvULv_xp22R_OCHdDZ5MXnywjn4oGF3ciUMPd6zhixSX88xxJHXMTEUaF4YiADmn-67-zau7dSxrBu9Rg12tw9AGWoFrS9sclILWj3XxZ11EWQiNMxWxBccUsA9CdV0tns6EDNaWyayHXSl8ZJ3-kfoSkCHvQREYrEebgPlnD7k9XS8yNw7rgootL1b2B5fwD2B2XyTYTM8gMHz0QBbh4lKaozJyJE_ucf78YAQ&sig=AOD64_0dLCD5vLfbPtnW3m1Ywj2JHsoopw&client=ca-pub-4177862836555934&nx=CLICK_X&ny=CLICK_Y&uap=UACH(platform)&uapv=UACH(platformVersion)&uaa=UACH(architecture)&uam=UACH(model)&uafv=UACH(uaFullVersion)&uab=UACH(bitness)&uaw=UACH(wow64)&uafvl=UACH(fullVersionList)&nb=19&adurl=https://compliancesolutions.ansi.org%3Fad_acct%3D0137%26gad_source%3D5%26gad_campaignid%3D22007803613%26gclid%3DEAIaIQobChMIuciXzdajkwMVp03DBh0QLim8EAEYASAAEgL33PD_BwE,https://compliancesolutions.ansi.org/?ad_acct=0137&gad_source=5&gad_campaignid=22007803613&gclid=EAIaIQobChMIuciXzdajkwMVp03DBh0QLim8EAEYASAAEgL33PD_BwE,0.0,0.0,0.0,0.0,0.0,0.0,0.0,0.0,0.0,0.0
164,https://pagead2.googlesyndication.com/aclk?sa=l&ai=Coxi1Czy2aZLJPOifvcAPnL2Z-AyC5PvmhQH619-5uBWwkB8QASDmtM-ZAWCV4pCCoAegAa_bh7cDyAEJqQJkUvGOfSezPuACAKgDAcgDywSqBNQCT9DidyhYzz__5Vc7UAGoeZW-rvI8pY7uXpFlEhvi0PJAAU-Gj8Q5yA6oAwGDGMtsADKKyJzTFllRKjZh39OM7bFP-VoBjuS00OR8cmx2CXhCeYfm1tS-RxtpoIoHHYGUVw7fyBf0tAVeHuFv5g7HFHLFS6yyD1XUp5oKi8Z-yu9ToQPG2PHBM5GncM2S7OmSXmwSvLA26_c_J1DmlQCg39WdMZ1DJQ4cWShZSKyJah-K02upZjUHNJe2GNcyzogc6lpb-OixRd8rehiGe1oUXM040IGYKLa37RgDIRioXeGsUzVeEV__ZWNYj0WcW5eqC6Ik0eK4xmc0W1dnmb_RHiYN0045xOMRiaEYljGPMb8Y1w3GAIYTQ7ylZIOdFykzfJik29LGfUhBQ7Nc7rAR4t2LybNv3US5lqadxnPZhgUYiAnQRfyt6LDU0LsNWvLwe2pFCsAEqunu39cF4AQBiAX70IHaUqAGLoAH0KSNxwWoB6fMsQKoB6a-G6gHzM6xAqgH89EbqAeW2BuoB6qbsQKoB47OG6gHk9gbqAfw4BuoB-6WsQKoB_6esQKoB6--sQKoB9XJG6gH2baxAqgHmgaoB_-esQKoB9-fsQKoB_jCsQKoB-fXsQLYBwDACAHSCDIIkeGAcBABGJ0BMgjri4CAoICACjoOgIAEgICAgICUqIgCqANIvf3BOlifvfbtjqGTA4AKA5gLAcgLAdoLCwgfEM_XkuzpBRgIgAwBqg0CREXIDQHiDRMI7uv27Y6hkwMV6E8PAh2cXgbP6g0TCJ219-2OoZMDFehPDwIdnF4Gz_ANAogO____________AdgTDYgUA9AVAcoWAgoA-BYBgBcBshcOGAEqCjUxMDM4Nzk0ODO6FwI4AaoYFwkAAAAA6IAGQRIKNTEwMzg3OTQ4MxgBshgJEgLtThguIgEA0BgB6BgBwhkCCAE&ae=1&gclid=EAIaIQobChMI0vr37Y6hkwMV6E8PAh2cXgbPEAEYASABEgJ4IvD_BwE&num=1&sig=AOD64_3W0inRd0_5UXSrU1PVckmsTxEY5g&nb=6&adurl=https://www.postbank.de/privatkunden/produkte/wertpapiere-sparen/sparen/tagesgeld-aktion-sea.html%3Fkid%3De.1100.00.04%26kidc%3Dsea-brand%26gad_source%3D5%26gad_campaignid%3D22200477819%26gclid%3DEAIaIQobChMI0vr37Y6hkwMV6E8PAh2cXgbPEAEYASABEgJ4IvD_BwE,https://www.postbank.de/privatkunden/produkte/wertpapiere-sparen/sparen/tagesgeld-aktion-sea.html?kid=e.1100.00.04&kidc=sea-brand&gad_source=5&gad_campaignid=22200477819&gclid=EAIaIQobChMI0vr37Y6hkwMV6E8PAh2cXgbPEAEYASABEgJ4IvD_BwE,,,,,0.0,,,,,0.0
165,https://www.googleadservices.com/pagead/aclk?sa=L&ai=CitBH1Ya3ab6WKZaijeYPwuux-AWY78fYggHOzP6DyxSEwbWrrgEQASDEqIAiYMeNgY6EJqAB1cHr2QPIAQngAgCoAwHIAwqqBNICT9AQsljmgiC7nv8oDswZff38S6Oxwcav3bWpn3y3MC9VS7D2tqFomCK75Laae2GdvMWGemHpXtPt8QKqysC7vt3O8WQQYUt1okQrOmi6pKvElIYBv6qAgMY1LqwLErxRXSXdgt_TNB21efIhUdoyHTOHOitn_8T2pieZY8jFzf1dHRVQlcANhBARuyVHT2mcc6AaKuK3x5OgNwZWdrle5ZRxswvWhQqRnvlfIfoRow9s7NDzGNohuTcCOmy6t0EG1GbY6aJ2g_ozjg7XAOIzofjqsXElNSMQyT9X3QzFRqNb-FPN7WmnSGBb1FHmjC8WLI0jtoh2jced-lj7QOhNSqLlX-sttGtW01CQglXmAX2ZSafUlXvZCGuIVTENRvO8Eh_BMre6EmRNcZ08_rNLEr9Z7piy1TEHx1FtGpqnUAVZOn0g0psrMLykOS0ex1pgnYbABKvhh8oV4AQBiAXThucxoAYugAeTvpQmqAenzLECqAfi2LECqAemvhuoB8zOsQKoB_PRG6gHltgbqAeqm7ECqAeOzhuoB5PYG6gH8OAbqAfulrECqAf-nrECqAevvrECqAfVyRuoB9m2sQKoB5oGqAf_nrECqAffn7ECqAf4wrECqAf7wrEC2AcA0ggvCIBhEAEYnQEyCIqCgICAgIAIOg2AQIDAgICAgKiAAqgDSL39wTpY2vGlqcqjkwOxCS9laIWTlhOZgAoDmAsByAsBgAwBogwDkAEBqg0CWkHIDQHiDRMIp5OmqcqjkwMVFlHDBh3CdQxf6g0TCK61p6nKo5MDFRZRwwYdwnUMX_ANAogO____________AbgT5APYEwzQFQGYFgHKFgIKAPgWAYAXAbIXDhgBKgo3OTQyNDU1MDUxuhcCOAGqGBcJAAAAAMjEGEESCjc5NDI0NTUwNTEYAbIYCRICgE8YLiIBANAYAcIZAggB&ae=1&gclid=EAIaIQobChMI_tSnqcqjkwMVFlHDBh3CdQxfEAEYASAAEgJ7afD_BwE&num=1&cid=CAQS0QEA56J1eSNmSjP_Mn82DjRM8AVLMdkI3Awmz68VIOH6o1gd9dt2zapUYmsc9oRpwUhfU7I5qXqxD0q5icZOQ73JZN0qtWcvHTkTdaSjVWBM2c1nCBnZb6takD5sZkZuqerMhTBYZsA7cL-O_io-uV3Uwj1uybvDxn34Rb9_nanLZBi215hEz9SgRFU0xb2Dbd82C12uKSnRU_Et3ORpqjKi6qymlxR8lKWJaoVbSWx1U4-imnHuNFItQwxqfInm5G2Qqz6lCVod7GJronYYVmeG8hgB&sig=AOD64_2sURG_FkkxQAkFIE9ZupoO0vMd4Q&client=ca-pub-7208923277260888&rf=4&nb=9&adurl=https://www.allyoucanbooks.com/page/free-offer%3Fgad_source%3D5%26gad_campaignid%3D104448851%26gclid%3DEAIaIQobChMI_tSnqcqjkwMVFlHDBh3CdQxfEAEYASAAEgJ7afD_BwE,https://www.allyoucanbooks.com/account/free-offer?gad_source=5&gad_campaignid=104448851&gclid=EAIaIQobChMI_tSnqcqjkwMVFlHDBh3CdQxfEAEYASAAEgJ7afD_BwE,0.0,0.0,0.0,0.0,0.0,0.0,0.0,0.0,0.0,0.0
166,https://www.googleadservices.com/pagead/aclk?sa=L&ai=Cy9s0qZ-2aZ-PMKOdvcAP8rWZ6Ai0y_7ohQGT7ejp4BXb2R4QASDTubskYMeNgY6EJqABg8a-80LIAQOpAn55j1_ZtG8-4AIAqAMByAMIqgT3Ak_QthBLdX0UnLW8kbL5mjf1VGeao6XD1nZjQpIAG2FfjEGnvCOYs1XGd9vGKfP-24R9ExR4earCAgphjacnaY2xzrV0jkRHyd8pl6lTpydn4nAnT9RKvoR6wajMEdld6l-Ihktvt9w_6SWwdtVFCsUIYYMNb1mcFyEIq_HaD4eQXrnXS_CK-XJzY5y7NW8g3M2ON-snhJuQAEdxv3eUoji83kUSmRp2QHYA8JNJbxhfRlDFKuOI11lr8zcpMpuozS-ApAWbuZ5q-_Usw9kiURpMqxgBD-DbDoZhzuLgarSuA0BNiz0qQ7IvAveNOq200c3u-UVLecdfYPlnrqlKzlFbBj3W8nudkiuGzZnfR_1oIV7EMZXTZkASDnNgQexGD0YeoJlYJkg6n1dzaoDb54UAVf06J8OwF1k2gz7xnulEIzV2mDrj954jhqHyq1mJBXthEz8R9tgJIJzVb8LsgLDUIqtuaUQTbQy41xIx773PU6I_jKwCOsAErvz01MgF4AQBiAXolf2FWKAGA4AHg_6O0x2oB6fMsQKoB-LYsQKoB6a-G6gHzM6xAqgH89EbqAeW2BuoB6qbsQKoB47OG6gHk9gbqAfw4BuoB-6WsQKoB_6esQKoB6--sQKoB9XJG6gH2baxAqgHmgaoB_-esQKoB9-fsQKoB_jCsQKoB_vCsQLYBwHSCDAIgGEQARidATIIioKAgICAgAg6DoBAgMCAgICAqIACqIMQSL39wTpY29OP7u2hkwOxCbiC2_UBEzC4gAoDmAsByAsBogwDkAEBqg0CWkHIDQHiDRMIyouQ7u2hkwMVo04PAh3yWgaN6g0TCPTXke7toZMDFaNODwId8loGjfANAogO____________AdgTA9AVAZgWAcoWAgoA-BYBgBcBshcOGAEqCjYwNzY3MDU2Nje6FwI4AaoYFwkAAAAAQB8aQRIKNjA3NjcwNTY2NxgBshgJEgLjThgDIgEA0BgBwhkCCAE&ae=1&gclid=EAIaIQobChMI34eS7u2hkwMVo04PAh3yWgaNEAEYASAAEgI9avD_BwE&num=1&cid=CAQS5AEABaugfXXD1n2Dg5icSAL8wqOPVy6fGVUjJrlHGJFXmCb2KGL9sauYo83cTqwwtPJPBsQGX6AhdAWBAajeqiJzNKVo61zEm0nR-2SXYwo2YwBdSXqFGoZXbhhWLZHf7rlprotIXln0akiu4QL6W8YzS6muvbS1aqdbjtqdj4ol66543AwXs1LkFa6kmHyo2jChpbXqZW18GbeEIdj29MTeRqvJOYbMmGl3ajOQbOovjN1r9rxDyir2CVDH8no9bwJYq4irbrz1bEz8qELe87RFE4EQkH7Rt-_nDRHlMYrE9dHAwzMYAQ&sig=AOD64_3Z8Yu50JT_VEsBmnHoQYVg-1E1fg&client=ca-pub-5472357192251791&rf=5&nx=CLICK_X&ny=CLICK_Y&uap=UACH(platform)&uapv=UACH(platformVersion)&uaa=UACH(architecture)&uam=UACH(model)&uafv=UACH(uaFullVersion)&uab=UACH(bitness)&uaw=UACH(wow64)&uafvl=UACH(fullVersionList)&nb=2&adurl=https://www.shoprite.co.za/all-pamphlets%3Futm_source%3Dgoogle%26utm_campaign%3Dsh-ls-mid-month-mar2026%26gad_source%3D5%26gad_campaignid%3D23634856680%26gclid%3DEAIaIQobChMI34eS7u2hkwMVo04PAh3yWgaNEAEYASAAEgI9avD_BwE,https://www.shoprite.co.za/all-pamphlets?utm_source=google&utm_campaign=sh-ls-mid-month-mar2026&gad_source=5&gad_campaignid=23634856680&gclid=EAIaIQobChMI34eS7u2hkwMVo04PAh3yWgaNEAEYASAAEgI9avD_BwE,,,,,,,,,,
167,https://www.googleadservices.com/pagead/aclk?sa=L&ai=CEGvEmJ23aZLuN-mTpt8Pp_GPmAG-w5TghQHkgpOQuhWhpvjz0B0QASCWo-6kAWCJi8SE9BOgAa6nz8UByAEGqQJ-O_sp9TlHPuACAKgDAcgDCKoE0gJP0JEk2V7IZypsHEG1-RYN62Jd7QGdWk-tuD51z5ZkveAg5f1mFmP0Mjb4FiSVn7bJKJ4Nmuk3GQXxLygoPFH-pOqwMzjmqtzyPn98r6Kr0HrK3fDatnbmeDmlOJjb50M_7BaZptAy1YLmk83cJ2pP5GvD0MYkAy3S6PVCrnyhCU2nXBpKgsgigAisIuFep-bAvpYuTXCgygOqafuwaU7nGMT24me_LdqAFLT4YyqP3-WCaOF14fc6suD6oDLzgeD0bOmfUYlHjGZubJXr1wIs76dxviSE04IR2h669QJ7EmNc6LVXP0NZbNCY9ODPlApkqSoAcrNCOtiJdAdSbFvY8vXMIfq47bm_HrACsdqwLPZA9aQmUUdUDV9BIOX2k14YSX1sYPnoe0a3SsaiRNEfNiO0ttgcflmKWzJA-_01ulE_zxjDyncSqYiy-eUEyfyHkcAEpt_g8dUF4AQBiAW1vZeBWKAGLoAH-tWI3ASoB6fMsQKoB-LYsQKoB6a-G6gHzM6xAqgH89EbqAeW2BuoB6qbsQKoB47OG6gHk9gbqAfw4BuoB-6WsQKoB_6esQKoB6--sQKoB5rhsQKoB9XJG6gH2baxAqgHmgaoB_-esQKoB9-fsQKoB_jCsQKoB_vCsQLYBwHSCC8IgGEQARidATIIioKAgICAgAg6DYBAgMCAgICAqIACqANIvf3BOljN3PeD4KOTA7EJms9kN8u3RbaACgOYCwHICwGiDAOQAQGqDQJKUMgNAeINEwi7jPiD4KOTAxXpiekFHaf4AxPqDRMI-K_5g-CjkwMV6YnpBR2n-AMT8A0CiA7___________8B2BMD0BUBmBYByhYCCgD4FgGAFwGyFw4YASoKNzUwOTk2NTIxNboXAjgBqhgXCQAAAADQmfxAEgo3NTA5OTY1MjE1GAGyGAUYLiIBANAYAegYAQ&ae=1&gclid=EAIaIQobChMIkpr6g-CjkwMV6YnpBR2n-AMTEAEYASAAEgKqlfD_BwE&num=1&cid=CAQS5AEABaugfalxrZQT1wpCVdzhrPJ9JQ5-xs7CaoZWfJ1XR_Pw74IXV0B7cxz8XLAlt7hcI_o0hn2QAjGMYdHU5n2Yik9YUS1H0PGiG9WHm5_4ttIWS9IRz3Gr1ERwcDoumB5gGDZ5VSNejQH7rPwuBS9RZnwMW3oEOLzAAB8KXw8PdchwZx7TZgftUCQ7sv3XFAqV4_aS4iQv-VFCccI0GDaquhCwr_25gMKPjz_YH4VAsFhCHj0qmrmXN554UNj4KFIJ9ZXfsgb2BJiVUNfx-PEvpfyVHwt-lhAMstS5J-KPllFLCyIYAQ&sig=AOD64_1JFFidPU_zsyphlizESd_-RpcaRA&client=ca-pub-3872674820285626&rf=4&nb=0&adurl=https://youtu.be/a1L4R7RHetk%3Fgad_source%3D5,https://www.youtube.com/watch?v=a1L4R7RHetk,,,,,,,,,,
168,https://googleads.g.doubleclick.net/pcs/click?xai=AKAOjssKS7Fd2GjKd4Ukj9NSNqdWh4W7-QCqv-fkiLl1durR0D3xQzYWcELkqwzFNdd7NwXaXEh2mcVNAq8WjZnjp0t3SG9H0sk4HpWKIeRZVkHhYQ6sJsls4Ai6GakcYB4YbN4aeyxmE01R5p9qmyACutdnvk-3LmdeupwXHfIB21zjIqWJfCDAI_kaZ33YLcBz4gK3YEi0hyvo5FlNp72rHRKpJqu9jjk0eZnl0-3Bjk84_D_4iUGPqZQVuJABolR_WB5ituBVDB7cOFPCrmFOIBU2xCDv9kiSmMrOOlTZrfbCc1RwpQ2PQFnaCKYYxxiMMAr6rmN_BqFY1_MV27_cbKuhG21AshsOlUG8o7L_7Vfg7CZgWznT7J7jJva1cFC_Gnxk17-qni4TZOLtSnjUagfMCsRQeGTfRqnGHWHQRg&sai=AMfl-YRn8RHcTDtlswEHh8FhA4hL4bfU4X4p39RI01c3X8WsX0C6DNTK2x0D8Zk1hjhmg0zcgs-Cnqa1LZVcpboM-bngRdQb87SdiGEwuWbDllKpB7-xA7A4xdGLuvM8-HjtBHeUzUYGdrO0W0xAmPXYQNm76xLmLIbNzOZPFD5_QSVAg3rZL9AYThK3oYjscDs_Z0q4_4jcWWhHnAYN0eF7v6yxMu3-xLs87NCouGeR8tULwlkRO0L1yUwoijzTUFy-94nM4GL0waySH63lAPx9j8Z2oYVeoDBRcdT_uuNl6UyJTHynD5t16tyycdK378h6tVowtyWbEA&sig=Cg0ArKJSzNRU6uL_VvPj&fbs_aeid=%5Bgw_fbsaeid%5D&adurl=https://www.sydneycomedyfest.com.au/%3Fgad_source%3D1%26gad_campaignid%3D23462366633%26gbraid%3D0AAAABCg41nh42b1HRTZi1b7yYIC_TRIhD%26gclid%3DCj0KCQiA8KTNBhD_ARIsAOvp6DLanxBAwbCJIOHRmHkm5FgGbQcLaxJN5x1oh8zHB9Op9YRaJmloqTAaAtE7EALw_wcB,https://www.sydneycomedyfest.com.au/?gad_source=1&gad_campaignid=23462366633&gbraid=0AAAABCg41nh42b1HRTZi1b7yYIC_TRIhD&gclid=Cj0KCQiA8KTNBhD_ARIsAOvp6DLanxBAwbCJIOHRmHkm5FgGbQcLaxJN5x1oh8zHB9Op9YRaJmloqTAaAtE7EALw_wcB,,,,,,,,,,
169,https://www.googleadservices.com/pagead/aclk?sa=L&ai=CzoaJyh22aZGKNrKG29gP8sKUsAHd17GthAHe6-aQ5Q7a2R4QASCju62YAWCJi8SE9BOgAY-5jv0DyAEJqQJoC-gkWeM6PuACAKgDAcgDCqoE0wJP0BsJJtpqEq86kZ_csQUykU7Bg6mmMVCIcdT_82GTKdEoPCpE2zeXmFombgnAiv5zHMLD0I-qeoV3Pi1XcRHWuQPEYn93mROfuP4uBZOvczC5qBIRsa7rpnXywYaO77wiM-eT9XncVL3wdt-_H0HZXF3l_f2Jfhic0AdbRHzw2LV2UvBS1JlmYrXpgmayU3bPKhhLoOOk3jSjFwwmX6kWdCRglv5zr-Nut8YKUq2BpfqcjKZ1Ej6QLus4wQDckyFKSfTKhJan6ShlPTKcsmb24YoBBSZErCLgMRpqweegVbznSNzytIT_RGMZyKnqGpu_AMXRE_dKlQWfCtD4oMS054H8dGeo9I6sAmdkopd7KHWsaKQVwZ_6r6Ike68LFpuznB2u4VAZ1z0_b5hVRz1Fo0UgD7TXZOtdP8nxPVLTRfwthiaFtZGO9O1netxBPJaq0xPABPGprKkf4AQBiAWZkudDoAYugAfZxvECqAenzLECqAfi2LECqAemvhuoB8zOsQKoB_PRG6gHltgbqAeqm7ECqAeOzhuoB5PYG6gH8OAbqAfulrECqAf-nrECqAevvrECqAfVyRuoB9m2sQKoB5oGqAf_nrECqAffn7ECqAf4wrECqAf7wrEC2AcA0ggvCIBhEAEYnQEyCIqCgICAgIAIOg2AQIDAgICAgKiAAqgDSL39wTpYuqHigPKgkwOxCXYZJysaCGSZgAoDmAsByAsBgAwBogwDkAEBqg0CSlDIDQHiDRMIytPigPKgkwMVMsMWBR1yIQUW6g0TCMDl44DyoJMDFTLDFgUdciEFFvANAogO____________AbgT5APYEwOIFAXQFQGYFgHKFgIKAPgWAYAXAbIXDhgBKgoyNzYwOTAzNDc3uhcCOAGqGBcJAAAAAIBH6UASCjI3NjA5MDM0NzcYAbIYCRIC-lMYLiIBANAYAcIZAggB&ae=1&gclid=EAIaIQobChMIkZfkgPKgkwMVMsMWBR1yIQUWEAEYASAAEgLhcfD_BwE&num=1&cid=CAQS0QEABaugfXkJ6iuH10IC1_aIo6BcM4T2lKg6IujmkThEXSr2qtbws-ffttjLe_-V5sts6YeHT3_qVFQRJwcccOCq_xPYicRm3MELFYWBqBxxO7ud1RSzzJAG8JnhMsoD1Nxrimv4UiYm0Y9Y9UI-UzSzOmvKzqu0jHAwHj3CgZKd_yPBu1-tyve7u54LYUIW_lY__Brny2KCWnw6T3kzbUdI0LxQuw31hy2XuOAbIIYz2EIMm6tXSerHb8KlLb5nxKAb13M4IVvZij_zmazoI2aDdxgB&sig=AOD64_3nvDLmUsesm24yyyffzGwvgrFQTQ&client=ca-pub-9014350818378033&rf=4&nb=9&adurl=https://www.atlegal.jp/%3Fgad_source%3D5%26gad_campaignid%3D142199065%26gclid%3DEAIaIQobChMIkZfkgPKgkwMVMsMWBR1yIQUWEAEYASAAEgLhcfD_BwE,https://www.atlegal.jp/?gad_source=5&gad_campaignid=142199065&gclid=EAIaIQobChMIkZfkgPKgkwMVMsMWBR1yIQUWEAEYASAAEgLhcfD_BwE,,,,,,,,,,
170,https://www.googleadservices.com/pagead/aclk?sa=L&ai=Crr0RgJq3aenUEfuTvcAPjuTT0Aim6aKHf4volPHDFdf23Zi6ARABIMWetB1giYvEhPQToAGGxI3tAcgBCeACAKgDAcgDCqoE1AJP0E9Uu0b0YbqOtNNqJkG70rRi2wSNS1AiLf-57kXhMiTDcFv-oRUDKzhcxnDRHFUY0b7mFRlESb3N-6Q-UXV-i5z5BjN5KVeQiJDO2b4Ir1xZbp-_mdvRd473gNoI3MwE1aKKXa9XP9w2H-wKWizjE1t-PbGegGpzrxUuGyD0Pzu7GiFPX1_6RH_rmFgH3OeLsJQlGDBznfRseJ6EudcCXUVrVDuplWpMKY5pb055mmJU519tfrYaWG0UQS516HdG0bTjhx8lznFyVm9AwBGrgs1t4l1cSdGktqaxbPtCmfQQa3dIyhl8SElnqqvOdHrihEVn5gDi1MyaUadAfuFcEN9ED_cacHnScxeT8iuJV_H_gvr_QhWrngd9a-owyrh_dzmz8PI30553kRHYdavUjXBX3mSdAtwb1ZcnFLCKaoYTVQBd3vdm7dgTYBizcGGDNshvwASc1b_PzwPgBAGIBby15OYqoAYugAfiu_KSAqgHp8yxAqgHpr4bqAfMzrECqAfz0RuoB5bYG6gHqpuxAqgHjs4bqAeT2BuoB_DgG6gH7paxAqgH_p6xAqgHr76xAqgH1ckbqAfZtrECqAeaBqgH_56xAqgH35-xAqgH-MKxAqgH-8KxAtgHANIILwiAYRABGJ0BMgiKgoCAgICACDoNgECAwICAgICogAKoA0i9_cE6WMz8_Yndo5MDsQlpTb9N_UCKi4AKA5gLAcgLAYAMAaoNAkpQyA0B4g0TCPKp_ondo5MDFftJDwIdDvIUiuoNEwjx5f-J3aOTAxX7SQ8CHQ7yFIrwDQKIDv___________wHYEwrQFQHKFgIKAPgWAYAXAbIXDhgBKgoyNDQ5NjQwMDQxuhcCOAGqGBcJAAAAAGCQ_UASCjI0NDk2NDAwNDEYAbIYCRICk04YLiIBANAYAcIZAggB&ae=1&gclid=EAIaIQobChMI6ZSAit2jkwMV-0kPAh0O8hSKEAEYASAAEgID5PD_BwE&num=1&cid=CAQS0QEABaugfXe874WYJGCBUPSo_Y7E0tsuvtusz8MdjG7kFZY53Ia1COjYQy4_99ygJBAAx_ev_amy9ijVqzElASWFUHZ0hVbMNRQDqJgR_uItfGOoUtfKbk1rNOlICBKhAKSU9xIvd8MCaCGtM99l87pNFYFKR0wc5eTvluAhCRI-a2JTG0WjBvkOU5C8q-2923kMSFZ0KgrJoBYlEXkVe9VmPFJRbD9VnXEjR7Ij5jAIxscgfvuB6-63eP6xCmgHSxgqclrxBvRdtYEeSnQv_0blVBgB&sig=AOD64_27EJOp9EfNs8wPdJJlOQZIN0NDSA&client=ca-pub-4069693291391267&rf=4&nb=9&adurl=https://caronbrealty.com/pahonu-beach-estate-41-471-kalanianaole-hwy/%3Fgad_source%3D5%26gad_campaignid%3D11489843900%26gclid%3DEAIaIQobChMI6ZSAit2jkwMV-0kPAh0O8hSKEAEYASAAEgID5PD_BwE,https://caronbrealty.com/pahonu-beach-estate-41-471-kalanianaole-hwy/?gad_source=5&gad_campaignid=11489843900&gclid=EAIaIQobChMI6ZSAit2jkwMV-0kPAh0O8hSKEAEYASAAEgID5PD_BwE,,,,,,,,,,
171,https://googleads.g.doubleclick.net/dbm/clk?sa=L&ai=CvkGYMyi1ac3VO9O2geAPq96HmQ_d25_HhQG6rbS67BS7hOjSl0YQASDNno8YYIkDoAGMi72_KMgBAagDAaoEpwJP0L54Mmw5CgYk1SbVU-z7gCC3hAzUYOAmvv6P0JGWUjlAhRR-UoksBcLd_4VJkO7cMWL3U7mq-vXsmRqwsVExeuLw7nD09A0GM15Lab07L_c3lNZtHIZUNxxSzfnVtTXdKyCB9ea6XdnYBL7_CO1yoIyvKxz4QPqYagnEOC2xxwQ8awzjcCXeD_WHnfgIXVpDQQ0FHNakhPOjMl4EIpek8Sl44kTA-b-4MaA-Fazup59EnboKj_jQ2M8bSY_AN5_6t1Lw42kq2PxQxPChFyLwFr1E-tHw5FHpnJoR94cgWR2jF7G57EZJVMFetaDksiALuC4usM0wBqlGbQc1WHRt3ZxLEU1fZDR0XZZOns0KYUtlXFY0m-qMtNa8Irku_V2V1zarQnO7wASntoGa3wXgBAOIBbW2gvNXkAYBgAeMw42fA6gHp8yxAqgH4tixAqgHpr4bqAfMzrECqAfz0RuoB5bYG6gHqpuxAqgHjs4bqAeT2BuoB_DgG6gH7paxAqgH_p6xAqgHr76xAqgH1ckbqAfZtrECqAeaBqgH_56xAqgH35-xAqgH-MKxAqgH-8KxAtgHANIILwiAYRABGJ0BMgiKgoCAgICACDoNgECAwICAgICogAKoA0i9_cE6WNeky-WHn5MDgAoBmAsByAsBgAwBogwDkAEBqg0CSlDiDRMIpMDL5YefkwMVU1sABh0r7yHz6g0TCJeYzOWHn5MDFVNbAAYdK-8h8_ANAogO____________AbATyKb7INgTDdgUAdAVAZgWAcoWAgoA-BYBgBcBshcOGAIqCjExMjUwNjIwMjKqGBcJAAAAAMBzBkESCjExMjUwNjIwMjIYAbIYCRIC3k8YASIBANAZAdgZAQ&ae=1&num=1&cid=CAQS0QEA56J1eW_K1pP3I7NYJHu7wwohhghppde-0cBc5Q2fCeUkJ7QJCVzlzKzRq8VgXZCOJQWhmvfaagg4EOLYn81Flpqw4sBtSFmyckck3nLG21HyXuuO9Nw7OaAR8nmzr7M3FmVrgHnzxZOamiPMKECllj4Xjz_rKKR3A9Olv005fjY1lfAxYvWtfiQT5ywQW7hKBLAYRJ7vYJqvjiLEttHkrozMbsKzbrDFzzG8ynuLVg9qLYHmZG9BtuFdM2HdgP078n71Dn1qIT1gZ94dX7jtCRgB&sig=AOD64_0I3rY0ga2Tnsdv-xLuNGx2vzghyg&client=ca-pub-4075694933314520&dbm_c=AKAmf-DurkOdOFQ-aUwz5OnQ4cKJdB7ivEpkzR01nYh7wZUO1_0EHnHFkHV9t8ELqnqL9exse8YRRXHFO8VMKb5CgnIaf4749QfShnH4rUEYt_Wh4EcO-kh_ANtrwsvH1fWf0oCNFPAEglelLND3OJwoOdk8A-12jA6pVKgNLKNmu0UT3JQxJpoQ8Gs6-JtMTMHqsqe1xpUSAoqCxju-tCeaOqXvNxe55EPYowX81aubNCjmUpTE-EMacVU5MnQgyGjTGStxjSrx-QW64sQXGhc_v1vRsN3TXA&dbm_d=AKAmf-Cqf-7mgOaIzAJIn4G-Q2oOYVAFeHlfzLDbIiFTfuk80sVrZ1qohB5ZQ0iNZHBgus6T_aNolYITWSCUh7aoFMlMR9ZBEQAF6b2gz1COJzh94RLXTaOUmgvJNR0DIxDZDrv9-lYepzTDarLrQ3jAqJYTBHuteKkFvLK6AT4a8JVaElovHiq6DiXafg2E9KC8bbLGJ6pDOIiU2sb9vV2cSqnteSZ6xE5KBuQbXF_UoVyGd_3zqABFGR4uUw7kXk8pe29mTYBteaK7VDJ6z2HB_b-Xmxt0eYdd9V3ihMu2Mx3QGJFZ0OtQ8iq2vcGNoWo85KuiTToxjNmdj5UTWR0FmCoSTJ7FB7753dUOcxlpbfypXVE7xgg&rf=1&nb=1&adurl=https://www.tirerack.com/a.jsp?a=JR7&url=/specialoffers/details.jsp?promoID=N628&gclid=EAIaIQobChMIjbvM5YefkwMVU1sABh0r7yHzEAEYASAAEgJ8NfD_BwE,https://www.tirerack.com/a.jsp?a=JR7&url=/specialoffers/details.jsp?promoID=N628&gclid=*&gclid=EAIaIQobChMIjbvM5YefkwMVU1sABh0r7yHzEAEYASAAEgJ8NfD_BwE&gad_source=7&gad_campaignid=23595096885,,,,,,,,,,
172,https://www.googleadservices.com/pagead/aclk?sa=L&ai=C4Zpd_ja0ad6tArSLjeYPoZucoQbx4YnkhQHF6JnRtBXb2R4QASD0-cYlYInrxYT0E6ABq-uM4T3IAQmpAnN3kyLe7zo-4AIAqAMByAMKqgS5Ak_QlGDtVEnkiCoyKgeQS1AvkTJ-Kod46mDkEq3BnqztDFtF_wBxknlcaGidbhPaFx4uhQlu_n7uz2xpKzEf0NAO9kQb6nIsbx3mvMcAAOoJKiUyyluZFQ3qjkSc3XUnvewHkUxQEtaBSbW8UYub_oyeI3U27jOyxG6Qa0cdKQ5JfQ8A8GvN7xeceBF59e_sjI2xuvC6ObEdfN0H30_t-kKT9BKLteSZVM6EtEBAuzgaTZySLrn0ZtKQGvNJRCShdFuvPNpfk3Hyn_69ILwgn0dT1qWwPYIR5t66NJj_bj4SA4TYGP7ute2vNIU-QlvAA-h1majI975B-WVrSXmCkfrlOCNGPfPEP58viBMjmwIOqv0XISjWqtusyyy7Xqb8vlXQaSPoeLLzziw5NQoBBlNR08Lpk-E4jD_ABKDi5JTsBeAEAYgF7J-4hligBi6AB6uj3cAYqAenzLECqAfi2LECqAemvhuoB8zOsQKoB_PRG6gHltgbqAeqm7ECqAeOzhuoB5PYG6gH8OAbqAfulrECqAf-nrECqAevvrECqAfVyRuoB9m2sQKoB5oGqAf_nrECqAffn7ECqAf4wrECqAf7wrEC2AcA0ggvCIBhEAEYnQEyCIqCgICAgIAIOg2AQIDAgICAgKiAAqgDSL39wTpYoef14KGdkwPyCBthZHgtc3Vic3luLTg0NDY3NDUwMTMzMzU4MDaxCXHSgP7gflxggAoDmAsByAsBgAwBogwDkAEBqg0CSlDIDQHiDRMIhZP24KGdkwMVtEXDBh2hDSdk6g0TCJmA9-ChnZMDFbRFwwYdoQ0nZPANAogO____________AdgTDNAVAZgWAcoWAgoA-BYBgBcBshcOGAEqCjMzNDUzODM3NzS6FwI4AaoYFwkAAAAAQDYBQRIKMzM0NTM4Mzc3NBgBshgJEgLtThguIgEA0BgBwhkCCAE&ae=1&gclid=EAIaIQobChMI3qT34KGdkwMVtEXDBh2hDSdkEAEYASAAEgIOBPD_BwE&num=1&cid=CAQS5AEA56J1edcuwzSvq0WQXN_EKCJ7r-gHL0ZeKQDn29e-enTTRU-azFfDpeqUFTFCk2YvmY1ZUy3ubudqjA-4MgJRUEkJgOZq34yiCKGp4_HGmUA9Iew1lPjDucG1hll2fL79r5fkkKzieYB4msBJqOlcUgpIg2S9xe1ea37t96yJVVCdk5I4rFK9L0Bijxxy9tfqr3TTpVd-zh3yxIIdAdUMqVXS8mi7YJJbAiv1xtUHjwWDmhge1wBDMGPpgtk5CfJnbXcTW1DqlD4qgjB8LvLto4AzU5zl9nhwiCfuBPqroZ0yeCYYAQ&sig=AOD64_3ggX5LzeMxVeKyurnidAsqzVGR1w&client=ca-pub-6396844742497208&rf=4&nb=9&adurl=https://www.smfg.co.jp/dx_link/article/0224.html%3Futm_source%3Dgoogle%26utm_medium%3Ddisplay%26utm_campaign%3Dgoogle_hoopslink%26utm_content%3Dcpa_pc_re-growth%26gad_source%3D5%26gad_campaignid%3D23635824620%26gclid%3DEAIaIQobChMI3qT34KGdkwMVtEXDBh2hDSdkEAEYASAAEgIOBPD_BwE,https://www.smfg.co.jp/dx_link/article/0224.html?utm_source=google&utm_medium=display&utm_campaign=google_hoopslink&utm_content=cpa_pc_re-growth&gad_source=5&gad_campaignid=23635824620&gclid=EAIaIQobChMI3qT34KGdkwMVtEXDBh2hDSdkEAEYASAAEgIOBPD_BwE,,,,,,,,,,
173,https://www.googleadservices.com/pagead/aclk?sa=L&ai=C8uS4DaK2afn8H-uPpt8P-q3JoQXc4Z2ZhAGzoqOOxQlkEAEgvs-HGmDHjYGOhCagAaGayckDyAEC4AIAqAMByAMIqgTaAk_Q5Hy9ZyE3xyKTm8Hq7h_DSDtVoc2f92_J8GkSJKCg1_9W5Vtj4A7gFGFXRvirQ7wzMcZWyxv2yoNkfibCylAzGxDSmYXpp5AHTSBJ79HX6t1KigFuogr9hsff32KsaVZQdoKhBGzP57xb2QYNYK1BEz0enZft4eqRC3Eq5-JJGHtFUq9cg6Kp2aFDxI4Yg6k0JgM6AxikbCgvLHT8W4nYhzztBbkqlxzD6-fN4LfTUo_1h6Dg85wW9qUZ6SQEC6ueIc8NF7WslTV7IguHPxaFjNsdLJt1ickm1U2Y6TRfIO9WtVZjNMftKllOvVCVCGXYCx_EOGpvipOEn915p4u9urZuZPEcZtgpWUU2BqkM6aR4RC-Kp54hxAAuwaO-Vjo7xdkWLaSIufjLQryWxy36LFW7O9OZZDpO5XpsYTYw3Z2D-CA1_eg8LCESUSHgIBvByHzwQATZqo3ABIyU1qD8AeAEAYgFuJ-1igagBgKAB8fltjaoB6fMsQKoB-LYsQKoB6a-G6gHzM6xAqgH89EbqAeW2BuoB6qbsQKoB47OG6gHk9gbqAfw4BuoB-6WsQKoB_6esQKoB6--sQKoB9XJG6gH2baxAqgHmgaoB_-esQKoB9-fsQKoB_jCsQKoB_vCsQLYBwHSCC8IgGEQARidATIIioKAgICAgAg6DYBAgMCAgICAqIACqANIvf3BOlir0M2R8KGTA7EJCnk5YMwh5JmACgOYCwHICwGiDAOQAQGqDQJaQcgNAeINEwj5hc6R8KGTAxXrh-kFHfpWMlTqDRMI467PkfChkwMV64fpBR36VjJU8A0CiA7___________8B2BMN0BUBmBYByhYCCgD4FgGAFwGyFw4YASoKMzg1MjYwNzQzOLoXAjgBqhgXCQAAAABg8wNBEgozODUyNjA3NDM4GAGyGAkSAvRoGAIiAQDQGAHCGQIIAQ&ae=1&gclid=EAIaIQobChMIubfrkfChkwMV64fpBR36VjJUEAEYASAAEgLPKPD_BwE&num=1&cid=CAQS5AEABaugfRGc1J7DDhFbV7NefzwHsTtdtHyvOEnzKdVOd0K89b6YmRR45iGTWAMUEtrNq4alvOrFecLutH7y5HOT-GIMPa69KoPKn95r3Vj6qjxHejxzYTVcwbAtox0yurW5-5-rKkhdhV5flU6FruIPSc7KcRvNSras6boULueTJuVu2wJkougEyY8k83yNcEdhwLSUHRPBF14qjQCU3vA_DE1C_goj35aYasK7EcCWkincRxHRr-SVQ8k9Egk2syTdhcJ7Op_Q_VnOK2gwUEO12jh9Lxnuk8csUTZrZmdLLJtSTngYAQ&sig=AOD64_0ZiMk5CXQq4GGlWXJCs9uXgG5pXA&client=ca-pub-6453680425766689&rf=5&nx=CLICK_X&ny=CLICK_Y&uap=UACH(platform)&uapv=UACH(platformVersion)&uaa=UACH(architecture)&uam=UACH(model)&uafv=UACH(uaFullVersion)&uab=UACH(bitness)&uaw=UACH(wow64)&uafvl=UACH(fullVersionList)&nb=2&adurl=https://ihknives.com/t/knife-making-supplies-and-kits%3F_vsrefdom%3Dgoogleads%26gad_source%3D5%26gad_campaignid%3D1632456632%26gclid%3DEAIaIQobChMIubfrkfChkwMV64fpBR36VjJUEAEYASAAEgLPKPD_BwE,https://ihknives.com/t/knife-making-supplies-and-kits?_vsrefdom=googleads&gad_source=5&gad_campaignid=1632456632&gclid=EAIaIQobChMIubfrkfChkwMV64fpBR36VjJUEAEYASAAEgLPKPD_BwE,,,,,,,,,,
174,https://www.googleadservices.com/pagead/aclk?sa=L&ai=CS3rAhZq2aentObfypt8P_MXo8ASMx5rphAGW2Z6JuBXf0YZ9EAEg95CeJ2DHjYGOhCagAfahhNsDyAEJqQJ-eY9f2bRvPuACAKgDAcgDCqoE1gJP0ITwDKFWiuovu36-ovvkehbkT2p4MtDYpdHkJj06MUXmwEjCQ5ZLziAWHNUEKGmxxXT3xL0n1sTHeE5DppOoqc7zwyDfJ6yrBPnMEbKHWQy1e3WHgqf5OyyGyM140bsf9LTNhI8_yX5HNvL1ogb4VEFqiv1GH9zgMlOfuZ2knfJfx5Ge65WLrZMZtUOhppBY7L-bYGfxb8BEKd8tNw7sXcr8zPVDLXxHRSwefWE74CoR3CMfd2P6K9oTfimha_PVUoOoXpFRYORLRNyGNGFDoQQyTvF6u8nGBOWA29ofuipqa20eixI1T0MqjfitX0DdujjyVtZmjyHbyVaBSwIBTgMZn_2YfvkOJ4LHB0K6805dWTb3AYOAkdfh2EjFAz9bErYMFphjAXwOiU-OoHuT0nMbvpa8iJBPTjQ-RpyO1XeZzJJoXT52ZOcOcrzfJy3NF7oeYoHABOS-wtDxBeAEAYgFgeX_sVWgBi6AB_Ld-ySoB6fMsQKoB6a-G6gHzM6xAqgH89EbqAeW2BuoB6qbsQKoB47OG6gHk9gbqAfw4BuoB-6WsQKoB_6esQKoB6--sQKoB9XJG6gH2baxAqgHmgaoB_-esQKoB9-fsQKoB_jCsQKoB_vCsQLYBwDSCC8IgGEQARidATIIioKAgICAgAg6DYBAgMCAgICAqIACqANIvf3BOljB1Nf66KGTA7EJ4omM-zA755aACgOYCwHICwGADAGqDQJaQcgNAeINEwiShdj66KGTAxU3uekFHfwiGk7qDRMI8ZDZ-uihkwMVN7npBR38IhpO8A0CiA7___________8B2BMDiBQC0BUByhYCCgD4FgGAFwGyFw4YASoKMTk1NDAxMTc4N7oXAjgBqhgXCQAAAAD4diBBEgoxOTU0MDExNzg3GAGyGAkSArlPGC4iAQDQGAHCGQIIAQ&ae=1&gclid=EAIaIQobChMIqcTZ-uihkwMVN7npBR38IhpOEAEYASAAEgJ4dvD_BwE&num=1&cid=CAQS5AEABaugfRaA2NMxn4gfYgnE1nM085z83YhVQjIe9gAoCcRzlw1JJuhpfhAa4veCOKOk_cbkYaF2cJ17P8vet5zBSjkbXkfqjqjsD3BBWjLobSd4B2pdtR-X6JzoSim7j0EIdXfQUbxMSoPQyEyVoABz7V0r776sx1JUgLp_Oq2YsP_VwGWdhOxmosWsF06T6JS9CRd6OP71LHp1S6wyIk0iLhoMpLZkeW_DQKCn4zhe7Omf76TxbSoGJNuKyZC8rQj-XX9tsHsZcXkU4UGP5b4k4m2AdTUDI_y1gUExsOcD4Jb0pGgYAQ&sig=AOD64_3YwtcUcFxLAq2RTS79dvOjLISp1Q&client=ca-pub-7779027078698074&rf=4&nb=9&adurl=https://linktr.ee/oishi.co.za%3Futm_source%3Dgoogle%26utm_medium%3Ddisplay%26utm_campaign%3Devergreen_core_jhb%26gad_source%3D5%26gad_campaignid%3D22921867905%26gclid%3DEAIaIQobChMIqcTZ-uihkwMVN7npBR38IhpOEAEYASAAEgJ4dvD_BwE,https://linktr.ee/oishi.co.za?utm_source=google&utm_medium=display&utm_campaign=evergreen_core_jhb&gad_source=5&gad_campaignid=22921867905&gclid=EAIaIQobChMIqcTZ-uihkwMVN7npBR38IhpOEAEYASAAEgJ4dvD_BwE,,,,,,,,,,
175,https://www.googleadservices.com/pagead/aclk?sa=L&ai=CZsZ7_Za3aef0IIP8ovUP8KueuQbHwLXlhQH9ycPR1xS65NLgsgEQASD4yMkgYImLxIT0E6AB3O-Zrz7IAQngAgCoAwHIA0iqBMACT9CIk-VxMdhtfCJhVCxlSC3lFzzbkghWOsSi9DxIckExNEAAPOclRQcbxraCJOox5g05w-XppjY_d6l0zXbk7q__1E82h71brGZIWfal_I2AwAmLRQiS_roguW8HPj9bdebLYLZ0t9XB6QK0BJrW-KftiRBS4WfJeK9xcb6IrdCleu7EpoEgQ3CB1W9NeqktNK-W7xrXryt3O5fjEhWqdyQaaTJBDWT0ihYMfjXhWaA6jwJv_iwfEEcHylylt9n2qBho4Y29ztuy8jeWWtVy_R8Rrr1sjpwijHE0zNqmCrsWar4ohTBSpdzFLcAzhuukk4yKqi91D1kvK5PMvKIxUoY4dLJ9MDwev4biLdEbQuCIfF21JPpU8XHId1ZkUQGsaAm1UzNMFxNAkOafAXZdH9CNtLFR2T7r7nkPoaVwFBXABPzY_6fUBeAEAYgF_aOt8VWgBi6AB9yn6o4ZqAenzLECqAemvhuoB8zOsQKoB_PRG6gHltgbqAeqm7ECqAeOzhuoB5PYG6gH8OAbqAfulrECqAf-nrECqAevvrECqAfVyRuoB9m2sQKoB5oGqAf_nrECqAffn7ECqAf4wrECqAf7wrEC2AcA0ggvCIBhEAEYnQEyCIqCgICAgIAIOg2AQIDAgICAgKiAAqgDSL39wTpYw5W13dmjkwOxCZq4rA4sh8X1gAoDmAsByAsBgAwBqg0CSlDIDQHiDRMIoee13dmjkwMVA76oCB3wlSdn6g0TCOact93Zo5MDFQO-qAgd8JUnZ_ANAogO____________AdgTDdAVAcoWAgoA-BYBgBcBshcOGAEqCjIxMzAwNDU4MTi6FwI4AaoYFwkAAAAAACDwQBIKMjEzMDA0NTgxOBgBshgJEgKTThguIgEA0BgBwhkCCAE&ae=1&gclid=EAIaIQobChMIp-e43dmjkwMVA76oCB3wlSdnEAEYASAAEgJKzPD_BwE&num=1&cid=CAQS0QEA56J1eXGcTENptwNwFBDJFSj_o8Znjl4hGdqMhHu8Dq3EbKbGKr4frsK_f3WQp5T9K8uD_7sgVevCZvfUNoGNc8zxJsVB-HE7BiHOLdpm1X4Bkzarsp8OBB0sRnbFxArmGuKmkfjkoC4Jn3nd-p6MNL-gBnXwtPrDqyMpB3YbpDreyA61qbf1L3slvY_CGMDL871MhOvNuuMA_XBf7klBhik7EpEo3L4zA_i62JimmZcKSYklil7G6s32ssaFhg-olPQLINnXAGU84unDTK8lVBgB&sig=AOD64_16fBO_c4CrlTIGTJHAXidMZPSXIg&client=ca-pub-3622136098794040&rf=1&nb=25&adurl=https://woodhavyn.com/%3Fgad_source%3D5%26gad_campaignid%3D23054733821%26gclid%3DEAIaIQobChMIp-e43dmjkwMVA76oCB3wlSdnEAEYASAAEgJKzPD_BwE,https://woodhavyn.com/?gad_source=5&gad_campaignid=23054733821&gclid=EAIaIQobChMIp-e43dmjkwMVA76oCB3wlSdnEAEYASAAEgJKzPD_BwE,,,,,,,,,,
176,https://www.googleadservices.com/pagead/aclk?sa=L&ai=Cw2PEC0u2aZ3bLN_zjeYPsZGtiQWeyrm0hQG3ofbQpBW2m6DMniYQASD8grkbYKWglYCYAaAB0LPenyjIAQmoAwHIA8sEqgSYAk_Q0yzd_tdMwsW_iHDJl2g7Pk8h_0DGlffRGiNDs4BIQp8JQRE81hAhDi44y5VuUD_7LpVn2aAzc_10VkA5XmQVMXFTvvvGDz93iX6wfZliYf7xwZMHRb4YUCR8XxTiWUGTmp86geb8bSz1VSWCggW9UztgeWDMB6INXw-NT5gV4vynhLuNjJAt1JGnYLOt527SrXxHf6PQzG3KQR6rzzTssE0d1Ts7QGEd6IlWWjmI8yNof29ZyrggV8fhzGQaWl-oY1URDsRsZFo2UYxLKkOVNA9zLvYMTu546mu0wjoov3Cm_-zoFba0gybTLvUHXy6kDSkJW9BP-6J5PPo0yIK4Oe1u5ZwQqEq97jTlqvZlw58YhUTptpnABMq_9NeKBYgFhri371KgBi6AB9Drrv8CqAenzLECqAfi2LECqAemvhuoB8zOsQKoB_PRG6gHltgbqAeqm7ECqAeOzhuoB5PYG6gH8OAbqAfulrECqAf-nrECqAevvrECqAfVyRuoB9m2sQKoB5oGqAf_nrECqAffn7ECqAf4wrECqAf7wrEC2AcA0ggvCIBhEAEYnwMyCIqCgICAgIAIOg2AQIDAgICAgKiAAqgDSL39wTpYmvjulJ2hkwOxCT72WQM8Y3wjgAoBmAsByAsBgAwBogwDkAEBqg0CQVXIDQHqDRMIr5DvlJ2hkwMV33nDBh2xSCtR8A0CiA4JsA6wj7O1GLgT5APYEwzQFQGYFgHKFgIKAPgWAYAXAbIXDhgBKgozMjU3NzQzNTI2uhcCOAGqGBcJAAAAAJBv-kASCjMyNTc3NDM1MjYYAbIYCRICsWkYLiIBANAYAegYAcIZAggB&ae=1&gclid=EAIaIQobChMI3YzvlJ2hkwMV33nDBh2xSCtREAEYASAAEgKHE_D_BwE&num=1&cid=CAQS0QEA56J1ed4AeKle2npYdzXAxNfomjmoROMdCd0IaurzWICgQstytitaeIPujuK824aUaUWYWIw2RnWirHLbp1iVqPRQGSJhqui5tMw7MNbVDAI1W0fc1IuoFbr2yvJS77kHQFPDcLlj1QmtksMTUiBt7MHc636UnzeyhxeUvdJJtmdxvXK3xkjaxxm1eAGDhFYiCm_CJiEX_qgZH0gbuige5-fK9AccFXX0II6sIp1E_gECdx-rcfokczRbujYhf8v6Qx0rj22tsLsKJh0bcLH72hgB&sig=AOD64_1nBVCCfF3hADEztjOadscu211xlA&client=ca-pub-1772901936034744&rf=1&nb=9&adurl=https://blossomup.co/lp/bpd/%3Futm_medium%3Dcpc%26utm_source%3Dgoogle%26utm_campaign%3D22245383931%26gad_source%3D5%26gad_campaignid%3D22245399558%26gclid%3DEAIaIQobChMI3YzvlJ2hkwMV33nDBh2xSCtREAEYASAAEgKHE_D_BwE,https://blossomup.co/lp/bpd/?utm_medium=cpc&utm_source=google&utm_campaign=22245383931&gad_source=5&gad_campaignid=22245399558&gclid=EAIaIQobChMI3YzvlJ2hkwMV33nDBh2xSCtREAEYASAAEgKHE_D_BwE,,,,,,,,,,
177,https://www.googleadservices.com/pagead/aclk?sa=L&ai=CJqUNUZq3aezvC5WMjeYPqOG5SLny2euFAcjbz6KiFd3ZHhABIOa0z5kBYImLxIT0E6ABkr3x_QLIAQmpAvrWXIzt9To-4AIAqAMByAMKqgS7Ak_QciaHGZpFxCIxqdhxc-ZmnqmSG39ud3ainkTxeUMKolzstq_ywtYeeQ-__HgQzmT_YSluASNpML1sqyhqHzy4tugyxmSmgS8Sw-PeBW5vYwYQS8-cJ9ENzJK4q97ZLpW5cgCrLzRmCLuzDzmE075XeQtqhYBCfV9DKgXlIhxL-GkPYxPjRyca3FpdELwL0KQXGxA0YP5dOBGtjLWqm3Ba1hxkgB8pOEU2F4kNdXF44y38BL4Az177mqj593CqrpuS43ThAOHsKFIr3OiCQw3RR0KnZMKGCiPmY2tQNJj_LGkzMsRvBf3cxllvCIzJohRIAh5Iz0B0UfYWiXx0TTc18D1olO0qTjw_h8f_mCXrhmtP442jkKus2YlWpeDmoQXPa8prg0h5NXom0f-Acex5JH2qTe-_99YGDMAE1Ka10KkF4AQBiAW6073dVKAGLoAH1sKOggGoB6fMsQKoB6a-G6gHzM6xAqgH89EbqAeW2BuoB6qbsQKoB47OG6gHk9gbqAfw4BuoB-6WsQKoB_6esQKoB6--sQKoB9XJG6gH2baxAqgHmgaoB_-esQKoB9-fsQKoB_jCsQKoB_vCsQLYBwDSCC8IgGEQARidATIIioKAgICAgAg6DYBAgMCAgICAqIACqANIvf3BOli088Pz3KOTA7EJhFBv_4p-KHSACgOYCwHICwGADAGqDQJKUMgNAeINEwiPlMTz3KOTAxUVRsMGHahwDgnqDRMI_pzF89yjkwMVFUbDBh2ocA4J8A0CiA7___________8B2BMNiBQC0BUByhYCCgD4FgGAFwGyFw4YASoKNTEwMzg3OTQ4M7oXAjgBqhgXCQAAAAAAh_BAEgo1MTAzODc5NDgzGAGyGAkSAvpTGC4iAQDQGAHCGQIIAQ&ae=1&gclid=EAIaIQobChMIrNzF89yjkwMVFUbDBh2ocA4JEAEYASAAEgLPevD_BwE&num=1&cid=CAQS0QEA56J1eTt1UVlzOfVZdx5Qcx8qg_nKpl8Uk2qOyGpHLPJIO0nF4XWIUnEE2_TyH7U3bOGVtx3jNKlfpSl2JL5lpI3iTrsjYcwH4GCDoIvULSPKxnSllp5kB7YYNd2wQ1fzkl0-FXQ9B7R3UTWiE5Fs6udcEtsZXtQ-J3g0rA864R3G9uOWWPRk1KW6l7JFE8MEUe4UKroFTQbzoOAwh9S4KhQh26eIIlvSWzA-36F-Nv_jMot5PxuLWL5y5ohWQD-x8wGYhyQs1CnnDLk8BCt_lRgB&sig=AOD64_15mos6rZnLr4Oc4LIuM5rB3W6xTg&client=ca-pub-3677668629134422&rf=4&nb=9&adurl=https://i-web-ats.humanage.co.jp/%3Futm_source%3Dgoogle%26utm_medium%3Dcpc%26utm_campaign%3Diweb_career01%26gad_source%3D5%26gad_campaignid%3D22744623546%26gclid%3DEAIaIQobChMIrNzF89yjkwMVFUbDBh2ocA4JEAEYASAAEgLPevD_BwE,https://i-web-ats.humanage.co.jp/?utm_source=google&utm_medium=cpc&utm_campaign=iweb_career01&gad_source=5&gad_campaignid=22744623546&gclid=EAIaIQobChMIrNzF89yjkwMVFUbDBh2ocA4JEAEYASAAEgLPevD_BwE,,,,,,,,,,
178,https://googleads.g.doubleclick.net/pcs/click?xai=AKAOjstXOMQhMSWgT5L9y6-G6RIO9Ey8SuFYTa3_pfza8jkjyB3Xw83IhdA7xhvXsN1UDXOwn2ogwP-nXtOQrUQrwxh0zlKLb4agBd98Jqhck-Ucvo-vMNj-_PvtMkL8VlxzZcC1ERInNXuqqJNsqoW9Os9Krx7bfGsZ-coXrl46yvgCOKykBCKSE4qURTIKC1KHk1NQU4E0BvDx7u8l0YPDIrOGXP4CxEVexRAPDvY-Z4O9tjy4DImjXalbYHCAab5aNi9H1FDV0lAL7GkapWTZozliA5sk0K7R3jAOWug-FPh4NwMJPlkQ5bBu933i3-RUXwu8HPaCFgHH7TNvwsKvUSmQ5NQ3VUHJtcIZ6Orrtlp78bgaZRZ2UwlKUVWMjwj0nImHt-LrVrCCdV9WcGYeQTIP6trClc6vpYv6trrCEA&sai=AMfl-YTTOwTSMwNp6F3SqTFgFQWte2I7aQlB1fwmnJMTjPBE0pA8_8v_U9Qeik6n2f_vWTs24HyQBZSZQikG6M601pmH5zqqln-sLkaITJ4eYeFwslBFWMG5fmESYSbP3_TQFrF9hracby734aKxOdMxm5uWvwnvbU9q8LiY39ge4tliCXN7EbSwqar8vYlaAC7COC22WxdhKdETBT9aHiQMnjDG3tTDmFjPSChX3sOuW0n1VmyB9nDlOPg4aajM_4MJiwKBUvk96xUg1GbJTSo3C_pQRs7SKEaiEXZ55SYVJs8a_TH9_NJZOUDJeoJlVr1_OeuwqAA&sig=Cg0ArKJSzOmUYgnelKOz&fbs_aeid=%5Bgw_fbsaeid%5D&adurl=https://www.josalukkasonline.com/%3Futm_source%3Ddisplay-dv360%26utm_medium%3Ddisplay-banners%26utm_campaign%3Djosalukkas_Platinum-mens-nov25%26utm_term%3Dbanners%26utm_content%3Dka-cpm%26dclid%3DCL_97PXTlJEDFYv4OAYdFLoE9g%26gad_source%3D7%26gclid%3DEAIaIQobChMIu9-J8tOUkQMV4x6DAx2CBy_4EAEYASAAEgJOEvD_BwE,https://www.josalukkasonline.com/?utm_source=display-dv360&utm_medium=display-banners&utm_campaign=josalukkas_Platinum-mens-nov25&utm_term=banners&utm_content=ka-cpm&dclid=CL_97PXTlJEDFYv4OAYdFLoE9g&gad_source=7&gclid=EAIaIQobChMIu9-J8tOUkQMV4x6DAx2CBy_4EAEYASAAEgJOEvD_BwE,32.0,23.0,9.0,22.0,41.0,8.0,6.0,3.0,7.0,10.0
179,https://www.googleadservices.com/pagead/aclk?sa=L&ai=CSrzgZTK0acOjFuCdjeYPwOLUMKXWkeyFAbKQlI3vFNzZHhABIM2ejxhgiYvEhPQToAG7_9X-PcgBCeACAKgDAcgDCqoEvwJP0GsJCwkiiLWeIW34WUYYm4h4nvw7G_b33VtFWQ9bxJouvgvLf_8eGM2W7fXDw_6_BAYStu4dHQQCLtZvIVPdbm_Cc1lkUOWneqqwv0nz1Qgt2gD2fRVgMcugLwSre19EFtxExfYKutrt8S7x7u8a03vB0K4pYkSHy1JTMNtKqFRxWsduf3kdpmfb5Vt2FyCvugguyPuTU4hYz_a3C__hdNuS4MGGIgHJXTaI2NMcAkFlfKCPt1MUWS8dtNM1Cdsvk8a-_i32hHfHT6WtoZSRu3U06Qthdw1eK6G5MxrQI0wbkg_-wwaRbHDJtneTVgElZIypO6yrf7FNTaP0jmlxqEcr9yxis6tnZFZV1i8Vyb4M7H9Z2yeLYDNiBFWeGDK2uiuzURjgAvoJLvSAMsUGfacVHhWVQb9z3i9E6vezwATm2JaszQXgBAGIBdOAsoFYoAYugAe7t6beGKgHp8yxAqgH4tixAqgHpr4bqAfMzrECqAfz0RuoB5bYG6gHqpuxAqgHjs4bqAeT2BuoB_DgG6gH7paxAqgH_p6xAqgHr76xAqgH1ckbqAfZtrECqAeaBqgH_56xAqgH35-xAqgH-MKxAqgH-8KxAtgHANIILwiAYRABGJ0BMgiKgoCAgICACDoNgECAwICAgICogAKoA0i9_cE6WJC966-dnZMDsQldkzK3MO-QaoAKAZgLAcgLAYAMAaIMA5ABAaoNAkpQyA0B4g0TCMve66-dnZMDFeBOwwYdQDEVBuoNEwiywOyvnZ2TAxXgTsMGHUAxFQbwDQKIDv___________wHYEwPQFQGYFgHKFgIKAPgWAYAXAbIXDhgBKgo5OTEzMTE1NTE2uhcCOAGqGBcJAAAAADBq-kASCjk5MTMxMTU1MTYYAbIYCRICqGoYLiIBANAYAcIZAggB&ae=1&gclid=EAIaIQobChMIg-rsr52dkwMV4E7DBh1AMRUGEAEYASAAEgKNK_D_BwE&num=1&cid=CAQS0gEA56J1ecdvO_KRyjRQ1Bmi0yzUDRfBDhFt9RpILxAGdLXwFRNwoMXS1CB3hWIrklfLN9L6WKw2WyKuvyqia8yUH-ZB9964aRbaRngAX8-Gt4A7flor5VC2O5tCtzedoRWCG_eTlib-idkrJuQJvcOnW6vzHNom3r43n9qwXrwOWbPo4965AXJHA9hulQtStWpSMRDM641yxEPoQM3SSYVJbfzDtuakYHiEsj11UtefU1hpYy29BxsoUlUyjtvyZ3A6rU2Khwy1zkf46X5v51_FiI8YAQ&sig=AOD64_1vCAz2Pijl2nwIoR3HuDRljnU6SQ&client=ca-pub-4075694933314520&rf=4&nb=9&adurl=https://www.hisense.co.jp/%3Fgad_source%3D5%26gad_campaignid%3D23625236563%26gclid%3DEAIaIQobChMIg-rsr52dkwMV4E7DBh1AMRUGEAEYASAAEgKNK_D_BwE,https://www.hisense.co.jp/?gad_source=5&gad_campaignid=23625236563&gclid=EAIaIQobChMIg-rsr52dkwMV4E7DBh1AMRUGEAEYASAAEgKNK_D_BwE,,,,,,,,,,
180,https://www.googleadservices.com/pagead/aclk?sa=L&ai=CLvE8Hay2ad_ND_6b29gP7cLmkAeK1Lr2ggHvu-6K5BSj6NfzxgEQASDMka4iYImLxIT0E6ABs_y50QHIAQngAgCoAwHIAwqqBMICT9C3M7otTFtuGEFzJG5nMogjbe3cdPzZlgZjQvq2-pYPCfbfMAe_yUDwkHQ6qelK-C3zXlkr96SYX9Sb3lWj2KmPBjvOfSKQr61EIxiwxYG9EIFmdQgD_TOzPo4OrSuidlfB_IdB0v_IndMH-1IHzfbzcmwvoAPL3o8B3o3f6G_N54KnGMupy-wARI_p1NFANzzA-Ho6644rsW5MXnXkA0NbMq9T_MhkeXus-C6DYe_uuAwHCQxwKev2KjtRDJJbSmKYh9TGBAvTrx_breSL-5MlXRt7mPPUrDYg65sLuqB3oy73uCWVkJY-NIjFLIgLm0ihoNc_LRaHWl60jODefaHx39Da3Zo7V8gywyX1ZWiOEiFlZ2F_n8wAcQK4hAar1lKFE2aFIjaSR_JnwQSGqOoNB0GAVD1SMaEdXHrlrQrf5MAEoLWJ6M4F4AQBiAWBp-GiVqAGLoAHtYPGrgKoB6fMsQKoB-LYsQKoB6a-G6gHzM6xAqgH89EbqAeW2BuoB6qbsQKoB47OG6gHk9gbqAfw4BuoB-6WsQKoB_6esQKoB6--sQKoB9XJG6gH2baxAqgHmgaoB_-esQKoB9-fsQKoB_jCsQKoB_vCsQLYBwDSCC8IgGEQARidATIIioKAgICAgAg6DYBAgMCAgICAqIACqANIvf3BOlj3_oLe-aGTA7EJ3sx4rm59pt-ACgOYCwHICwGADAGiDAOQAQGqDQJKUMgNAeINEwjow4Pe-aGTAxX-zRYFHW2hGXLqDRMI-vKE3vmhkwMV_s0WBR1toRly8A0CiA7___________8B2BMD0BUBmBYByhYCCgD4FgGAFwGyFw4YASoKOTc2MTM0ODczMLoXAjgBqhgXCQEAAACIlx5BEgo5NzYxMzQ4NzMwGAGyGAkSAotUGC4iAQDQGAHCGQIIAQ&ae=1&gclid=EAIaIQobChMIn9CF3vmhkwMV_s0WBR1toRlyEAEYASAAEgIJsfD_BwE&num=1&cid=CAQS0QEABaugfYL4Y0TmstSFucwKk5Tx0zKDk5ilFXKkK1q8Bgwc5-DkzE45I1ze9EFaX6mUYe_vkx1O_6kuc5fKu1-kEKjQT-2nZSTWuPBuWsuDGi35oYtlKYUJDleNvuLDDB6OxXMdHOPxGYRWp8t-T8C8Zy96SgqlnE1Y--SHq9c2bqh4Hy-74lhWDs_zZhk4nQrNHKpaa4ETEk--agWpjgs_KPNjhluByKoVxbeWvl6s1657lVe5WdYhGBs85lnTnjMiXIM-jGhRy0NsYni-04Q4MBgB&sig=AOD64_3tpAIQpkGVg0NMhrXO9jx_MWn02Q&client=ca-pub-1991679624331369&rf=4&nb=9&adurl=https://www.colby.edu/sciences/%3Fads_cmpid%3D23158346625%26ads_adid%3D192954915488%26ads_matchtype%3D%26ads_network%3Dd%26ads_creative%3D780127974685%26ads_targetid%3D%26utm_campaign%3D%26utm_term%3D%26utm_source%3Dgoogle%26utm_medium%3Dcpc%26device%3Dc%26keyword%3D%26placement%3Dwww.cbsnews.com%26gad_source%3D5%26gad_campaignid%3D23158346625%26gclid%3DEAIaIQobChMIn9CF3vmhkwMV_s0WBR1toRlyEAEYASAAEgIJsfD_BwE,https://www.colby.edu/sciences/?ads_cmpid=23158346625&ads_adid=192954915488&ads_matchtype=&ads_network=d&ads_creative=780127974685&ads_targetid=&utm_campaign=&utm_term=&utm_source=google&utm_medium=cpc&device=c&keyword=&placement=www.cbsnews.com&gad_source=5&gad_campaignid=23158346625&gclid=EAIaIQobChMIn9CF3vmhkwMV_s0WBR1toRlyEAEYASAAEgIJsfD_BwE,,,,,,,,,,
191,https://www.googleadservices.com/pagead/aclk?sa=L&ai=CBbpl_yK2adGrHNeajeYP146p8ALZwYvvhQG2k4-RqxWhpvjz0B0QASDFnrQdYImLxIT0E6ABwa-12yjIAQmpAnJfICEdJYE-4AIAqAMByAPLBKoE1AJP0HRy4sHevTtk4PEYjjrgt2HEZj54TGjMiXWDvQq_865qHH8h9-b646-RpTRw9nm8tww5dulkwlmzSJYYkg17RxeitVbDYoxye_qmk_eJrYN053Esoovd2kjdVQig8EIC47mKP2xBueor9_1PaInaF4FTgE-yCyPJmkpG0JsX7YCnMbYu_JTo5uxepq064aVP7asyOtykte0Ua_Lfdw4Rm9p2x5nzZQBiPWXscXrMJ5XeawJ8f2wHRS-1SiYSyaTAU8jsu1sfWXcuy8fHboRTYBm8EYTlStaiOJ6RAbK0B-VqMo7InZPQWgl0E87yWj5MUq7Gl7Iosx8ThRB9XhyZFVJmz2EkD5sjx_ua_IPYHDFagB8CnMS3D9UjMdZxY153tm_FfWTzg5mOrIC1yWOJWohCoHjO7ODTQ5uqu0dZ5SJwkNc6neVi5w7LrbZzigK2cj8PwASk_7GI7QXgBAGIBcqHw81XwAUF-gUGCCUQARgAoAYugAfB54W7A6gHp8yxAqgH4tixAqgHpr4bqAfMzrECqAfz0RuoB5bYG6gHqpuxAqgHjs4bqAeT2BuoB_DgG6gH7paxAqgH_p6xAqgHr76xAqgH2baxAqgHmgaoB_-esQKoB9-fsQKoB_jCsQKoB-LYsQKoB-LYsQKoB-LYsQLYBwDACAHSCC8IgGEQARidATIIioKAgICAgAg6DYBAgMCAgICAqIACqANIvf3BOljAgJn89qCTA4AKA5ALA5gLAcgLAYAMAaIMBUgBkAEBqg0CSlDIDQHiDRMIh5qZ_PagkwMVV03DBh1XRwou6g0TCM6Dmvz2oJMDFVdNwwYdV0cKLvANAogO____________AbAOltCw6xjgEuyhzYmgrpXjlAHYEwzQFQHwFbzPpMAB-hUoc2hvcGlmeV9IS18xMDI0ODUzMTk2ODE2NF81MTAwMTk4OTU5NTMwMJgWAcoWAgoA-BYBgBcBshcOGAEqCjI0NDk2NDAwNDG6FwI4AaoYFwkAAAAAUMr4QBIKMjQ0OTY0MDA0MRgBshgJEgK7TxguIgEA0BgBwhkCCAE&ae=1&gclid=EAIaIQobChMIkaea_PagkwMVV03DBh1XRwouEAEYASABEgImKfD_BwE&num=1&cid=CAQS0AEA56J1efNyJzgD_m_qRDCTuyoEW9UnBiWW3SftM-jKX_ofReo_EjWviiXXvO6n9KGltgxq3wPvhOV35gdFwNTA0aGXqPYpNplCfG9pBeC6Yr4jFmVOb-3pSjX3GDM0gloYkJEwt3TVJsWY9RiPQjQOQHL-9d92uaG-0aMyQ3mRf3HfELKxp-XGDTCbJV0iKuZo91KSLa465BCBQ2VhIKLGTTHfB6QvD2LtfaCS1SfFCSwirRdURa2f-OGcdR4KMRa6pHRK7CvPMd8RYjrmbpXoGAE&sig=AOD64_1fklJoTCddbHfZ6L3FKhaT-B1aHw&ctype=5&client=ca-pub-4069693291391267&nb=9&adurl=https://www.diw.agency/products/diw-rolex-daytona-lucky-player-qf-daytona-rolex-quartz-fiber-watch%3Fvariant%3D51001989595300%26country%3DJP%26currency%3DHKD%26utm_medium%3Dproduct_sync%26utm_source%3Dgoogle%26utm_content%3Dsag_organic%26utm_campaign%3Dsag_organic%26utm_campaign%3Dgs-2022-06-09%26utm_source%3Dgoogle%26utm_medium%3Dsmart_campaign%26gad_source%3D5%26gad_campaignid%3D23516464074%26gclid%3DEAIaIQobChMIkaea_PagkwMVV03DBh1XRwouEAEYASABEgImKfD_BwE,https://www.diw.agency/products/diw-rolex-daytona-lucky-player-qf-daytona-rolex-quartz-fiber-watch?variant=51001989595300&country=JP&currency=HKD&utm_medium=product_sync&utm_source=google&utm_content=sag_organic&utm_campaign=sag_organic&utm_campaign=gs-2022-06-09&utm_source=google&utm_medium=smart_campaign&gad_source=5&gad_campaignid=23516464074&gclid=EAIaIQobChMIkaea_PagkwMVV03DBh1XRwouEAEYASABEgImKfD_BwE,,,,,,,,,,
192,https://www.googleadservices.com/pagead/aclk?sa=L&ai=Cstezp8-2aYGXJ6a7geAP967euASk_4nlhQGNiuOoihVkEAEgh4-LJGCloJWAmAGgAe61tMcCyAEJ4AIAqAMByAMKqgTVAk_QglHsZT08HCu5cUnP3Wa5Q9tPZQ2rdNzGmSYC24YVma6pCdYuBtBDDDEzWlpaHcu3TZBHg3BGsumMqDIzRvj9DWGy8voLfjO19VyZgr7LPhVMhd0oacQ2oyv8FNWKKbyubZM_X5dn-HzmHScz8rJHQqb8fiKWRfCnZyWOEIOkwvsY6j2tv5NTbnjM0bgzaj7MxNNvj9-v1m6bodHO0UgMeER-ZKvelPIlBDb1vgRwYwQ2BkB_aahxNdlOZ4bByvjepC6Q0PqHV8EHWRdml8OoVjju-Byt_ZckBDl31QOugiYSZwwmODD2ov0AQ0ndgm3tmkIhyfGrVmqXSgDRb3vQX-slclIU5fRplPH826dI_Cj03EKpF0dbXqETmrXUTO5V8Ctnj_u8NJ8tkoP3CIfZ0q0GKHvfvsi6jrsEU6uhHwbbFInRQVkrOLKzyYKf-qVPbGt_wATP9cusvwTgBAGIBdGL-rpNoAYugAf6ycu4AagHp8yxAqgH4tixAqgHpr4bqAfMzrECqAfz0RuoB5bYG6gHqpuxAqgHjs4bqAeT2BuoB_DgG6gH7paxAqgH_p6xAqgHr76xAqgH1ckbqAeaBqgH_56xAqgH35-xAqgH-MKxAqgH-8KxAtgHANIILwiAYRABGJ0BMgiKgoCAgICACDoNgECAwICAgICogAKoA0i9_cE6WMmqntCbopMDsQkaENn5UL00hoAKA5gLAcgLAYAMAaIMA5ABAaoNAkFVyA0B4g0TCMHZntCbopMDFaZdAAYdd5cXR-oNEwiq1Z_Qm6KTAxWmXQAGHXeXF0fwDQKIDv___________wGwDq-0pZMY2BML0BUBmBYByhYCCgD4FgGAFwGyFw4YASoKMjE1NzM3MDgyMroXAjgBqhgXCQAAAABAOd9AEgoyMTU3MzcwODIyGAGyGAkSAqBPGC4iAQDQGAHoGAHCGQIIAQ&ae=1&gclid=EAIaIQobChMIwYa_0JuikwMVpl0ABh13lxdHEAEYASAAEgLlmPD_BwE&num=1&cid=CAQS0QEA56J1eSmp37iYrP1vwYyCWCblRgNFAgEMZS2pybt0gwxwMnymz0p5SSaP5nj7xPjAamILrezp16pzPd2VthU6xtXPxI2Vwa7awxvY_uYMdpLEzTbhyeozIkJWEh7t-2LjnGcADUYURRoKwd8QiodKLfwzfi5YaSlGiyYR0A26jAuY6CN-ksSLEkyr5p5kprX_NN_S9a_3bmUzEShq45cwGiv7zuFfRCCO_VoR_Xx_cNgu7k7KucwXMJIfuX4n_K_ucdQwu4QZj5Y_nde6LqyQmBgB&sig=AOD64_3hzO1SE1mzUHvMaQJbNkhNB8i6tQ&client=ca-pub-3428031914463355&rf=4&nb=9&adurl=https://www.save70.com/frp/%3Fexpvar%3Den%26campaignid%3D20782918470%26adgroupid%3D%26lb%3Dskys%26ct%3D1%26gad_source%3D5%26gad_campaignid%3D20793165265%26gclid%3DEAIaIQobChMIwYa_0JuikwMVpl0ABh13lxdHEAEYASAAEgLlmPD_BwE,https://www.save70.com/frp/?expvar=en&campaignid=20782918470&adgroupid=&lb=skys&ct=1&gad_source=5&gad_campaignid=20793165265&gclid=EAIaIQobChMIwYa_0JuikwMVpl0ABh13lxdHEAEYASAAEgLlmPD_BwE,11.0,0.0,0.0,0.0,0.0,5.0,0.0,0.0,0.0,0.0
193,https://www.googleadservices.com/pagead/aclk?sa=L&ai=Cdgos_pe3aYTeNPnzjeYPxJW2gQuttNzchQGigsXrxBXG19W-1w4QASCg5YIkYImLxIT0E6AByYqw3kLIAQKpAs-_QO1i6To-4AIAqAMByAMIqgTNAk_QcdMogLj0HP-_gaxrANL07EKeehURrSxFMKAtAOn7ieMJi3j7K6VGfSwm2s4wxKjn5GAJUl3ImiApG5XCqT_9AaOXDLuR388tW1MJbvXDh_uog8MHw6nvmH-yAfh_xjhL0tUgRwZMJPSXacQr3H8sLvITkAFfrVQBU37onMK1IfB56jEpZmja27XdX5l-4DAfPfoI3Bd1Z2spH1KGrwvPzv6ypcPzVcKfJKbCtp6BAj15JRb65_Jee2BBY5-6xQWUez0sU2LfmKS8h0nU0km-NelT0WrotnWDHI3FOhp5ESpSqghPfZYE0NQI3sgnyCzIRkzsxU1bcUYHhKg8XiN8PWWka-CsKi8aclbpUUMhFMpgDzR4oN8U-7vFltMoiSGW9gP5WD92dkMoGvHEVXYlyABQ_JYXqo4lmh-bHuM7rg0nvi1fjQ1Q4uwrAcAE5Iex--MF4AQBiAWgvtjqV6AGAoAHycKAvh2oB6fMsQKoB6a-G6gHzM6xAqgH89EbqAeW2BuoB6qbsQKoB47OG6gHk9gbqAfw4BuoB-6WsQKoB_6esQKoB6--sQKoB5rhsQKoB9XJG6gH2baxAqgHmgaoB_-esQKoB9-fsQKoB_jCsQKoB_vCsQLYBwHSCC8IgGEQARidATIIioKAgICAgAg6DYBAgMCAgICAqIACqANIvf3BOliTpI7Y2qOTA7EJoXoXqMovi1CACgOYCwHICwGqDQJKUMgNAeINEwiCzI7Y2qOTAxX5ecMGHcSKLbDqDRMI9M6P2NqjkwMV-XnDBh3Eii2w8A0CiA7___________8B2BMC0BUByhYCCgD4FgGAFwGyFw4YASoKOTU5NzQyNTQ5NLoXAjgBqhgXCQAAAAAQygtBEgo5NTk3NDI1NDk0GAGyGAkSAp9RGAIiAQDQGAHCGQIIAQ&ae=1&gclid=EAIaIQobChMIhNWS2NqjkwMV-XnDBh3Eii2wEAEYASAAEgJdrPD_BwE&num=1&cid=CAQS0gEA56J1ecdbAzL6puRMbfp8xf2ikUx9lEGNqH2SR8_oN-QXBMo53jA7vW-vd9Rd0F3DHOTdeLFnqqKitYDLkdfauHfJzbmXUu5ltehz9THPkymap_1EnmK5vNzX5uzms3tmK8UYW01xBxIxO1pkBSQ2o8rPrE6lTB-oHW_E2KfpGpSGOfI0CZxxzmbtRP9VZYiifQL6rWRRuyp9esznxAv6v5Y_B9sQ0zNcNfpF_SIVv_jN_vHzKvpCQoMinuN3GZEJoFegjfrMcMS47o7RMgrLzhsYAQ&sig=AOD64_0K246hmxWZ23-L_jsHUpQVez_t5w&client=ca-pub-2970406823702922&rf=5&nx=CLICK_X&ny=CLICK_Y&uap=UACH(platform)&uapv=UACH(platformVersion)&uaa=UACH(architecture)&uam=UACH(model)&uafv=UACH(uaFullVersion)&uab=UACH(bitness)&uaw=UACH(wow64)&uafvl=UACH(fullVersionList)&nb=2&adurl=https://playnotemusic.com/%3Fgad_source%3D5%26gad_campaignid%3D23577632544%26gclid%3DEAIaIQobChMIhNWS2NqjkwMV-XnDBh3Eii2wEAEYASAAEgJdrPD_BwE,https://playnotemusic.com/?gad_source=5&gad_campaignid=23577632544&gclid=EAIaIQobChMIhNWS2NqjkwMV-XnDBh3Eii2wEAEYASAAEgJdrPD_BwE,0.0,0.0,0.0,0.0,0.0,0.0,0.0,0.0,0.0,0.0
194,https://adclick.g.doubleclick.net/aclk?sa=l&ai=CI4_DFpq2aaf1Cfqf0-kP0YHuuAPgsrKoeZ7w3ZjYE9ex9I-wARABIKDlgiRgx42BjoQmoAGJ49KzKcgBCakCfnmPX9m0bz7gAgCoAwHIAwqqBM0CT9CP6By5QQV6Iilg4PhvEqFWZf4mbUUFh2MJbh_XMId9kMGEmlygNE7FCKB4W-ADPcnfns_TUsMok9qu0wJrbC8yruBf0q07UIaHCC8xa7dkXLPFUqzPx0-dLR0T61dvxnQ1Gbu1piHUib2LIpvGcK5bVVFIrAOmrbvR86S8fNdUMw4CYLXlOrCkDvxvWLEVVbJ3dlKkh3vJgK5-Pb453VAkjn-4tV-OIP2CY6hF1FuX8cdef6t4piLy2aReVWfB-jI-jIVHiHMJEHPejZsoYG0n96yM70CFe1g_Y8NR7535iupD3bqM4Qrm1n6KuQYKsBTZDx7Y3kO5QJ5qDX9Vv50MDekuoaC7-7UaVtSHZP_X8UlipTfdYUUlIVqTSYkbGWo9AA9XghK5PU5_tn_wjbzaeCL8OPkMkSBMBqzP-H9Sd8HjRLSLJO-vgPz9wASH_-icsgTgBAGIBcPq3d1JoAYugAeJm6OTBKgHp8yxAqgH4tixAqgHpr4bqAfMzrECqAfz0RuoB5bYG6gHqpuxAqgHjs4bqAeT2BuoB_DgG6gH7paxAqgH_p6xAqgHr76xAqgH1ckbqAfZtrECqAeaBqgH_56xAqgH35-xAqgH-MKxAqgH-8KxAtgHANIILwiAYRABGJ0BMgiKgoCAgICACDoNgECAwICAgICogAKoA0i9_cE6WN27r8XooZMDsQmc4ITEEcuE7YAKA5gLAcgLAYAMAaIMA5ABAaoNAlpByA0B4g0TCPLjr8XooZMDFfrPNAcd0YAbN-oNEwjE-bDF6KGTAxX6zzQHHdGAGzfwDQKIDv___________wG4E-QD2BMK0BUBmBYByhYCCgD4FgGAFwGyFw4YASoKOTU5NzQyNTQ5NLoXAjgBqhgXCQAAAADAvNpAEgo5NTk3NDI1NDk0GAGyGAkSAqhOGC4iAQDQGAHCGQIIAQ&ae=1&gclid=EAIaIQobChMIp9iyxeihkwMV-s80Bx3RgBs3EAEYASAAEgJAZfD_BwE&num=1&cid=CAQS0gEABaugfW-39lccy2jypspsvCxKLabEHy2fUPcKwnlFNwlgRb3SgpiQNkPn4bcuDqwm2gRKlmQxyLIUhaCQHvu0BdXNwiPuiwaFVAzWFNsnSslvlDTsRXbwcRtmpjJoiMYPWxrPtdFqr1tfTKmCQgQv29xRsq8z_bMOHcJfQFsgVYbnlovMsEdC21C3V9mY-58iL6r8BI4S-mLjlth8aFSr7mFnvOePrOWJ9_t2_tCEZKH1xzRh0N69Ud0qdSAXAcAkkUI2ztqmGv8p2fh4sTlo0UsYAQ&sig=AOD64_1q0Deb428imsmWX-_fGCSZj7Ehbg&client=ca-pub-2970406823702922&rf=4&nb=9&adurl=https://smashed2cash.co.za/%3Fgad_source%3D5%26gad_campaignid%3D19792360771%26gclid%3DEAIaIQobChMIp9iyxeihkwMV-s80Bx3RgBs3EAEYASAAEgJAZfD_BwE,https://www.google.com/,,,,,,,,,,
195,https://www.googleadservices.com/pagead/aclk?sa=L&ai=CxOnEQ523aZ3nFvixgeAPmovmiQWW5NbshQHkme3MihX1zeSIAxABIJ7qzKUBYImLxIT0E6ABj7L4_ELIAQLgAgCoAwHIAwiqBIUDT9AyiOsUP5G1675VnH3pSYnCdQFf6J0d9sp0WbbjOZVHDgHek6k_DXooby5Fcy-mMXucA607-yVklZ-dnEwE-Z0KcY5l1VzE1jgDQCp50Ik04hLAyLxXit77wmjGW_kWgGj-QftuVvNBPbw2bpDegyIToDTT1rnOUI-kNCbqy8ZrkVTYv5b4_0l7I8lXBi-Q_8xRdylvpbOxyLEGoNXaH8gngQep6hHJWubvRyHmk0aVU36FFMBhyZDphxwj5kVph0xTXHG7Qs2AMGMp9fHYBnoTAAFxR0uB4923X8dogmO3xzdv9NRLuUlBxchrqcPxwW8n7AIGmQNNJs_fTKYOV4BY3Zy5pZ6JxQKY794OY2x6f_Ikp86w-iMWpE2P5SDkrdIwneNVO8ZB00oEirRLV4MaVBVoYYdKQTvHLrrAdNm4eGnVtCZqBUmJ9etjumCxQiTXfYR5MBGGyKOzlm-uQtGCTWinSIMQADkJ0dgrLIG3r_HO4t1eY-dYC5_nrMlrsY6lujbABLb1vu_MBeAEAYgF6NPx-FegBgKAB4_qyNwdqAenzLECqAemvhuoB8zOsQKoB_PRG6gHltgbqAeqm7ECqAeOzhuoB5PYG6gH8OAbqAfulrECqAf-nrECqAevvrECqAfVyRuoB9m2sQKoB5oGqAf_nrECqAffn7ECqAf4wrECqAf7wrEC2AcB0ggvCIBhEAEYnQEyCIqCgICAgIAIOg2AQIDAgICAgKiAAqgDSL39wTpY7rqT29-jkwOxCUUlNBbN-1VLgAoDmAsByAsBqg0CSlDIDQHiDRMI392T29-jkwMV-FgABh2ahTlR6g0TCJLalNvfo5MDFfhYAAYdmoU5UfANAogO____________AdgTCtAVAcoWAgoA-BYBgBcBshcOGAEqCjM4NDA5MDg4MjG6FwI4AaoYFwkAAAAAgKj4QBIKMzg0MDkwODgyMRgBshgJEgKTVRgCIgEA0BgBwhkCCAE&ae=1&gclid=EAIaIQobChMI3ZSV29-jkwMV-FgABh2ahTlREAEYASAAEgLhsvD_BwE&num=1&cid=CAQS5AEA56J1eYhHLOHBjMAoTjxiiZchWC8WN4RzaTd6Ljorl34nGb6utpm0PDcmWd76nokE65IsrxobNMfo_DBaqAhW-d88GAqVYU_AfRh-apqzq-TzfI-FHoVKT9v9d-tHDpmiY8iObVVh52puyVIRR4Oc-e4AFgilBTQmxy8x9Gyq44V-SufI5goMwebg5VvDvN6b52s4Si4lyVgllNaev4mEn7_B2Wyl34JYykCz4I_QxeP1_YXdL3jP4fq-2zTFcUmEiEjJw0QR3yKVQrCaVzIYlGq7kQU40CdTnruUb2_qfhjoY_cYAQ&sig=AOD64_0Fmf3oCpa0b6OdAa-hb4Z_Ark46A&client=ca-pub-5954534482103846&rf=5&nx=CLICK_X&ny=CLICK_Y&uap=UACH(platform)&uapv=UACH(platformVersion)&uaa=UACH(architecture)&uam=UACH(model)&uafv=UACH(uaFullVersion)&uab=UACH(bitness)&uaw=UACH(wow64)&uafvl=UACH(fullVersionList)&nb=2&adurl=https://seikousa.com/collections/seiko5sports%3Futm_source%3Ddigital%26utm_medium%3Dcampaign%26utm_campaign%3DProgrammatic_Marchseiko5%26utm_id%3DProgrammatic_Marchseiko5%26utm_source%3Ddigital%26utm_medium%3Dcampaign%26utm_campaign%3DProgrammatic_Marchseiko5%26utm_id%3DProgrammatic_Marchseiko5%26gad_source%3D5%26gad_campaignid%3D23607405032%26gclid%3DEAIaIQobChMI3ZSV29-jkwMV-FgABh2ahTlREAEYASAAEgLhsvD_BwE,https://seikousa.com/collections/seiko5sports?utm_source=digital&utm_medium=campaign&utm_campaign=Programmatic_Marchseiko5&utm_id=Programmatic_Marchseiko5&utm_source=digital&utm_medium=campaign&utm_campaign=Programmatic_Marchseiko5&utm_id=Programmatic_Marchseiko5&gad_source=5&gad_campaignid=23607405032&gclid=EAIaIQobChMI3ZSV29-jkwMV-FgABh2ahTlREAEYASAAEgLhsvD_BwE,,,,,,,,,,
196,https://www.googleadservices.com/pagead/aclk?sa=L&ai=CU-F8Upa3acTnHt6gjeYP59uK-Qv02_bkhQGKtv7VyxW2kB8QASCFr_MeYImLxIT0E6AByPPI2AHIAQLgAgCoAwHIAwiqBLgCT9DunZ0w0VqQiLIwInscLPRANp2zbU10GS9lhljvflGvl6q3JdRqLqZPLOKnCc0o5RE5JTKZOFBW1dfh-CRUUs8G1vf3JeKOi_2KXQQgq3z76AxptPTlyQz-824_LtYiBbuw1JG1EsAPGLBnTXxZVWpy7KJO5z8IgMyFnaBupL828vVYN8vGezhiXcvY5AVJO0JtwranpzB8sEh2-P8-dZdHplDMTKYACNka0dtf0rUL2119VWfGeuUPuJTi2JDDH-eF7xzuZnt3J3_XNnaSEnLMKkSXEYiJ3KqXMNQCsfbOt8a9V7ZHNw1t0wV18lpeAH5-jLaa2gPSILlfV-dPdr07OOHMTtX-dLYcvM6d5GU9BqYkXgLaXioerxreksBagLeZInUrm06R6rsr_DAR8ptJjQIMkM0hwATmge3RwAXgBAGIBfKru7pXoAYCgAegjLenAqgHp8yxAqgHpr4bqAfMzrECqAfz0RuoB5bYG6gHqpuxAqgHjs4bqAeT2BuoB_DgG6gH7paxAqgH_p6xAqgHr76xAqgH1ckbqAfZtrECqAeaBqgH_56xAqgH35-xAqgH-MKxAqgH-8KxAtgHAdIILwiAYRABGJ0BMgiKgoCAgICACDoNgECAwICAgICogAKoA0i9_cE6WN2U8IvZo5MDsQnaqFyhc98QjYAKA5gLAcgLAaoNAkpQyA0B4g0TCPyx8IvZo5MDFV5QwwYd560iv-oNEwiPsfGL2aOTAxVeUMMGHeetIr_wDQKIDv___________wHYEwzQFQHKFgIKAPgWAYAXAbIXDhgBKgo1NTAxODI5NTc4uhcCOAGqGBcJAAAAACCi4UASCjU1MDE4Mjk1NzgYAbIYCRICqF0YAiIBANAYAegYAcIZAggB&ae=1&gclid=EAIaIQobChMIxNjxi9mjkwMVXlDDBh3nrSK_EAEYASAAEgI48fD_BwE&num=1&cid=CAQS0gEA56J1eeSF2gfftILDdbcORGeLUwOThVT_nrJGvOoyCaHSUK-pfWgaj6aD1n26jFD0-2oMq3hmV2ACtM0J2ysmArp2S4bIsCu_NBl16B907MkH_VQVRUtg0CrvUtuPF7698oOfZ-jDJsqd0E5eyrZcKyyocnx48pxEIyQkFGLFhEFmm7pYdME1cRaABG-thezXJF53KfmYhZ70WPB_KyRPWgnSpl1n3JJO_W-qkKFIdxWtErdfuRWlEFiH-A96yq94BVjTiNsAYVHVUusrBoxMKOAYAQ&sig=AOD64_1rLsQReXct_4_OQYzhWprL1Jy60Q&client=ca-pub-6131228133143733&rf=5&nx=CLICK_X&ny=CLICK_Y&uap=UACH(platform)&uapv=UACH(platformVersion)&uaa=UACH(architecture)&uam=UACH(model)&uafv=UACH(uaFullVersion)&uab=UACH(bitness)&uaw=UACH(wow64)&uafvl=UACH(fullVersionList)&nb=2&adurl=https://jap.wwiqtest.com/start-test/%3Futm_source%3Dgoogle%26utm_medium%3Dcpc%26utm_campaign%3D23476491762%26utm_adset%3D189150216422%26utm_term%3D%26utm_ad%3D793641035188%26gad_source%3D5%26gad_campaignid%3D23476491762%26gclid%3DEAIaIQobChMIxNjxi9mjkwMVXlDDBh3nrSK_EAEYASAAEgI48fD_BwE,https://jap.wwiqtest.com/start-test/?utm_source=google&utm_medium=cpc&utm_campaign=23476491762&utm_adset=189150216422&utm_term=&utm_ad=793641035188&gad_source=5&gad_campaignid=23476491762,,,,,,,,,,
197,https://www.googleadservices.com/pagead/aclk?sa=L&ai=CD9n37622aYzJAseN2roP7KLsabSPzeOEAfG3h7bHE7aQHxABIL7PhxpgiYvEhPQToAH5vpqoKMgBCeACAKgDAcgDCqoEywJP0E0oJwYjMkdz79-5D1cRHhJTFLNp1tPoWQsq2zVH74teL3YWnQqJhweUxCnroCVWQthL-vfk4X4wRxFqrjES3e35PLDBZ_4rsZxJ7RB4HHNZP_k7b1w-UDy3ZsEX3IImyP9l0OYAqR36XrUIx_5dd9PBlpBEcIHZcFwzoI37054ZR7q__HHCtvdyGbrElBJdFTAr-F6O9WHqqfUinLuc_AIA63wVNVXk09C4YLpcWi_4CkcR-vhn2NueDjA0NN7Swx-2Eyatbp1w5jXD4FVsDy1wEYX8HMMb_Ktha0D97Ra6S7BWwRV6Ts7G97rTj7Oaij0U1NgiKmodpm6udsZaNFss1WtKBVmsVnJwUnP4bfamISP_6Stzax5PCMGWRjC4c8bSzch71rs9feQSBMlmx13DRTc5GrR285EdbWrcYzUInElqENmEEdNxwASZkcXLmgXgBAGIBdPrv6RToAYugAen2OczqAenzLECqAfi2LECqAemvhuoB8zOsQKoB_PRG6gHltgbqAeqm7ECqAeOzhuoB5PYG6gH8OAbqAfulrECqAf-nrECqAevvrECqAfVyRuoB9m2sQKoB5oGqAf_nrECqAffn7ECqAf4wrECqAf7wrEC2AcA0ggvCIBhEAEYnQEyCIqCgICAgIAIOg2AQIDAgICAgKiAAqgDSL39wTpY5oCQvPuhkwOxCQytrmUBVnkrgAoDmAsByAsBgAwBogwDkAEBqg0CSlDIDQHiDRMI0c2QvPuhkwMVx4ZWAR1sETsN6g0TCOahkrz7oZMDFceGVgEdbBE7DfANAogO____________AdgTA4gUA9AVAZgWAcoWAgoA-BYBgBcBshcOGAEqCjM4NTI2MDc0Mzi6FwI4AaoYFwkAAAAAIPwBQRIKMzg1MjYwNzQzOBgBshgJEgLrThguIgEA0BgBwhkCCAE&ae=1&gclid=EAIaIQobChMIzPySvPuhkwMVx4ZWAR1sETsNEAEYASAAEgJFnfD_BwE&num=1&cid=CAQS4wEABaugfU5tzNLE_LLDIquMNO5x0jw8CoqKnt1dNC_mH7q-ToycBUn5j7Siho8jUL94Ps5Ho25T8DPQLQrsbzdY7YZUKINLlmgaprYcw16cuZM_Okkt0haUMSR6W9AZTOJHgwsbtoDKFbc_L8HA7v9cEWGCcgwuRtMP31RPDYnKyiHPB_xipUDdOK7S9unba1yJjs6k2yRsqtquCOTNKZT7T21CS0oJv9r_rCXnA5Hg7GOfF-L9u0bYhJOA1cpOv16DzBoqDxIAMybJAkXsRl3b1-CMbr5tZqitol1tjmJC33a4TRgB&sig=AOD64_04DkcAJydXQ3l8GqiBSqUDX-WIKg&client=ca-pub-6453680425766689&rf=4&nb=9&adurl=https://www.odpbusiness.com/l/hospitality%3Futm_source%3Dgoogle%26utm_medium%3Ddisplay%26utm_campaign%3DGoogle_dis_awrs_na_3pd-na-na_na_hospitality-na_bsd-2025%26gad_source%3D5%26gad_campaignid%3D22356686291%26gclid%3DEAIaIQobChMIzPySvPuhkwMVx4ZWAR1sETsNEAEYASAAEgJFnfD_BwE,https://www.odpbusiness.com/l/hospitality?utm_source=google&utm_medium=display&utm_campaign=Google_dis_awrs_na_3pd-na-na_na_hospitality-na_bsd-2025&gad_source=5&gad_campaignid=22356686291&gclid=EAIaIQobChMIzPySvPuhkwMVx4ZWAR1sETsNEAEYASAAEgJFnfD_BwE,,,,,,,,,,
198,https://www.googleadservices.com/pagead/aclk?sa=L&ai=CKaC7Qp62aZfiOvfd29gPmba6sAbftubuhQG_9bnP_BXc2R4QASDFnrQdYMeNgY6EJqABzbD4xAPIAQKpAn55j1_ZtG8-4AIAqAMByAMIqgS7Ak_QEEqH93mAOK0qb8c_upIgdcl4vcr7Syc3M07-SlgYCsuApKjTswDHTgedrsHNnitAhmdMGkAKwsYG0I03RGo0IEVVjd_kDXOUiS3hPJgaDS_zwSps08AzS1YX93G7BQ-MjOLBqpZ87fSxDV8iEScfv1kv_NWdzfVaHexdAg1MQifR8nPOS2qi1EJQ4u_MYahciGscwQg8wPf6wfTKm1YOLE9VycDYVtZGNAfWRh8z0yQ9GHMaE5ZA4j8WS8RzULZfdWV5hxEnPzOieWwrskOiUltCyCvaCCs5QELJw2sXnaJEbNvuB28gWBB-6Kv68nXKeb3sgbyo120EuKdpGXt168qY4hYgu215y0v5H61ehzh365mLISlljTtxU38zK4kZLt-LeggsNI8S9K-vfjvkc8Cs6WfaaMf4A8AE17_d8YEF4AQBiAWe-4eEUqAGAoAHm8-HO6gHp8yxAqgH4tixAqgHpr4bqAfMzrECqAfz0RuoB5bYG6gHqpuxAqgHjs4bqAeT2BuoB_DgG6gH7paxAqgH_p6xAqgHr76xAqgH1ckbqAfZtrECqAeaBqgH_56xAqgH35-xAqgH-MKxAqgH-8KxAtgHAdIILwiAYRABGJ0BMgiKgoCAgICACDoNgECAwICAgICogAKoA0i9_cE6WM_XgsPsoZMDsQlexCXFnkdoJoAKA5gLAcgLAaIMA5ABAaoNAlpByA0B4g0TCMuMg8PsoZMDFffuFgUdGZsOZuoNEwjixoTD7KGTAxX37hYFHRmbDmbwDQKIDv___________wHYEw3QFQGYFgHKFgIKAPgWAYAXAbIXDhgBKgoyNDQ5NjQwMDQxuhcCOAGqGBcJAAAAACj4AEESCjI0NDk2NDAwNDEYAbIYCRICqE4YAiIBANAYAegYAcIZAggB&ae=1&gclid=EAIaIQobChMIl4uFw-yhkwMV9-4WBR0Zmw5mEAEYASAAEgLZj_D_BwE&num=1&cid=CAQS0gEABaugfXK6yd3mRgvL788duCNgKFf2MevGcdRPS0bObEYd0IY2T7w6QDO5XFGMZrT8OB1S7B7jLX_cIWbopAs0oT91Bj2BfJI4yWd5IIdvajXFxOo1z2YaoYQSBifHmipfZNwkD8dfAXUhYsnk1L3nKnJRzQ3jpICD5pxqTfTKj7tw5ae_HEOiJd1y5g4uuwD7oRIBokUgd-NrUf5bdxJhKKLlhoOlgxUiIjfzfmQg9mQGSEpW6RKvMQM206GbUx3rKb_ESaI2ilaIEdoguRy6dKsYAQ&sig=AOD64_3PtTMNjwxLFAAo6W9z9Ht6DdHp8A&client=ca-pub-4069693291391267&rf=5&nx=CLICK_X&ny=CLICK_Y&uap=UACH(platform)&uapv=UACH(platformVersion)&uaa=UACH(architecture)&uam=UACH(model)&uafv=UACH(uaFullVersion)&uab=UACH(bitness)&uaw=UACH(wow64)&uafvl=UACH(fullVersionList)&nb=2&adurl=https://content.suzukiauto.co.za/deals/new-car-specials/fronx%3Futm_campaign%3D35787662-New%2520Year%2520Retail%2520%257C%2520Asambe%2520Make%2520Your%2520Move%2520%257C%25202026%26utm_source%3Dppc%26utm_medium%3DGoogle%2520remarketing%2520-%2520Fronx%2520-%2520New%2520Year%2520Retail%2520Campaign%25202026%26utm_term%3DGoogle%2520remarketing%2520-%2520Fronx%2520-%2520New%2520Year%2520Retail%2520Campaign%25202026%26utm_content%3DGoogle%2520remarketing%2520-%2520Fronx%2520-%2520New%2520Year%2520Retail%2520Campaign%25202026%26utm_term%3D%26utm_campaign%3D12.24_Suzuki-Auto-SA_Display_Remarketing_FRONX%2B(NY:%2B1%2BFeb%2B-%2B%2B30%2BApr%2B25)%26utm_source%3Dadwords%26utm_medium%3Dppc%26hsa_acc%3D5852125428%26hsa_cam%3D22020226462%26hsa_grp%3D172305637335%26hsa_ad%3D796282715161%26hsa_src%3Dd%26hsa_tgt%3D%26hsa_kw%3D%26hsa_mt%3D%26hsa_net%3Dadwords%26hsa_ver%3D3%26gad_source%3D5%26gad_campaignid%3D22020226462%26gclid%3DEAIaIQobChMIl4uFw-yhkwMV9-4WBR0Zmw5mEAEYASAAEgLZj_D_BwE,https://content.suzukiauto.co.za/deals/new-car-specials/fronx?utm_campaign=35787662-New%20Year%20Retail%20%7C%20Asambe%20Make%20Your%20Move%20%7C%202026&utm_source=ppc&utm_medium=Google%20remarketing%20-%20Fronx%20-%20New%20Year%20Retail%20Campaign%202026&utm_term=Google%20remarketing%20-%20Fronx%20-%20New%20Year%20Retail%20Campaign%202026&utm_content=Google%20remarketing%20-%20Fronx%20-%20New%20Year%20Retail%20Campaign%202026&utm_term=&utm_campaign=12.24_Suzuki-Auto-SA_Display_Remarketing_FRONX+(NY:+1+Feb+-++30+Apr+25)&utm_source=adwords&utm_medium=ppc&hsa_acc=5852125428&hsa_cam=22020226462&hsa_grp=172305637335&hsa_ad=796282715161&hsa_src=d&hsa_tgt=&hsa_kw=&hsa_mt=&hsa_net=adwords&hsa_ver=3&gad_source=5&gad_campaignid=22020226462&gclid=EAIaIQobChMIl4uFw-yhkwMV9-4WBR0Zmw5mEAEYASAAEgLZj_D_BwE,,,,,,,,,,
199,https://www.googleadservices.com/pagead/aclk?sa=L&ai=Cn96S3yO2aZiOFt6dvcAPnqKQiAvLw_bdhQGjlOaTjxW5zJDb5w0QASC-z4caYImLxIT0E6ABnKuV0wPIAQngAgCoAwHIAwqqBOQCT9Da0sfOfIYsJCWpxxM8ul8-aSnLpJwGkn85lk0eiW3f4dmImCiY4QHPRtavck7nKv7PKEl6M7vrHnDi47NGOvhFMXP3wnvFq-xl3uySMRRl23hhKhwzXNPl4tqQ-fBiVz0Fi9DNIZlfim37wIHEhhudsRHWO8YDTOsvtsLIxuZAWamDYYZwT-r6WMXbBmklaZN9M5TTPtJLWhNrTJBavHI_eM_j4ygY3gezlBRltPzWowS8GbXbBH8-0FgHBhY5TmxicsCVw-c9IxFxttj53GouIFV1cUktEhQoDPqUvnYtk8fGIBLubcDC1r6yK7xTe7R4oZoRr3UOFGkkp3nr8R_13tjKC1K3r1KCSPEYEsgHPlZqfWYSI1kIUKfLVEr-AcqTDXdBugO8qRF-CaWLep4kQdeLlrMkEMbOPtGH6gbS-K25Iz8wOeu2lVdYQGLKa0THl7JAfy9F7Qu8iT0lz9XEIEXABNGv78_FBeAEAYgF5KvO4FagBi6AB8zU6iyoB6fMsQKoB-LYsQKoB6a-G6gHzM6xAqgH89EbqAeW2BuoB6qbsQKoB47OG6gHk9gbqAfw4BuoB-6WsQKoB_6esQKoB6--sQKoB9XJG6gH2baxAqgHmgaoB_-esQKoB9-fsQKoB_jCsQKoB_vCsQLYBwDSCC8IgGEQARidATIIioKAgICAgAg6DYBAgMCAgICAqIACqANIvf3BOlif_fnm96CTA7EJli8lao7HzHOACgOYCwHICwGADAGiDAOQAQGqDQJKUMgNAeINEwiftPrm96CTAxXeTg8CHR4RBLHqDRMIp8f75vegkwMV3k4PAh0eEQSx8A0CiA7___________8B2BMNiBQB0BUBmBYByhYCCgD4FgGAFwGyFw4YASoKMzg1MjYwNzQzOLoXAjgBqhgXCQAAAADQL_dAEgozODUyNjA3NDM4GAGyGAkSArFfGC4iAQDQGAHoGAHCGQIIAQ&ae=1&gclid=EAIaIQobChMI2Pn75vegkwMV3k4PAh0eEQSxEAEYASAAEgIw9fD_BwE&num=1&cid=CAQS0AEABaugfRbXp2aDMRUtPc0L_ozxve4bZsRl-uBZiEmkR43XwXfhFe3Cse-tpjPr_sYfyPNx2Rir6-xb4Ze_CvXb1oxPG4djItwFFG-IvjYKfzVv_PpUwg4eJgWDWjbXJ6NxQf9KZ11G0P43UyKG5cub3U6vSRG1nUboamNZxtOyEv8LDephy6zYyoLhDL0OU-SGlse5kpqIdneC7jUm1L5dTbjcR5w5gYEPl8q-W8lk4ESThSt6-ncRerrr_rRI1zCb-rdTjXfYr2yT3LP8N89GGAE&sig=AOD64_3yZuyuU9adV9CV-HXDJs7FL58z0g&client=ca-pub-6453680425766689&rf=4&nb=9&adurl=https://www.chargebee.com/billing/%3Fcq_src%3Dgoogle_ads%26cq_cmp%3D23288059364%26cq_con%3D190488238033%26cq_plac%3Dwww.hindustantimes.com%26cq_net%3Dd%26cq_plt%3Dgp%26utm_source%3Dgoogle%26utm_medium%3Dadwords%26utm_campaign%3DGDN_BrandAwareness_NoOneEver_TOFU_NA%26utm_term%3D%26utm_adgroup%3D%7Badgroupname%7D%26utm_content%3D785231270096%26keyword%3D%26matchtype%3D%26device%3Dc%26campaignid%3D23288059364%26adgroupid%3D190488238033%26network%3Dd%26_bt%3D785231270096%26gad_source%3D5%26gad_campaignid%3D23288059364%26gclid%3DEAIaIQobChMI2Pn75vegkwMV3k4PAh0eEQSxEAEYASAAEgIw9fD_BwE,https://www.chargebee.com/billing/?cq_src=google_ads&cq_cmp=23288059364&cq_con=190488238033&cq_plac=www.hindustantimes.com&cq_net=d&cq_plt=gp&utm_source=google&utm_medium=adwords&utm_campaign=GDN_BrandAwareness_NoOneEver_TOFU_NA&utm_term=&utm_adgroup={adgroupname}&utm_content=785231270096&keyword=&matchtype=&device=c&campaignid=23288059364&adgroupid=190488238033&network=d&_bt=785231270096&gad_source=5&gad_campaignid=23288059364&gclid=EAIaIQobChMI2Pn75vegkwMV3k4PAh0eEQSxEAEYASAAEgIw9fD_BwE,0.0,,0.0,0.0,1.0,0.0,,0.0,0.0,1.0
200,https://googleads.g.doubleclick.net/aclk?sa=l&ai=ClmW_9yW1afPEPNunssUPo8DAwQPYmd_ohQHs17_BvRWa9bKwBRABILq-8BZgyZ75hoCAoBmgAdWjrrwCyAECqAMByAPJBKoE_gFP0MqqW1ESWCRf2dEpMJ2OC7IC5Cc4p39ObY3rBHUDNxGOrmgjc8GWrFOq6U_YjEmltosSLu4aUgYcFWBfylxR8-5x16QY7j9MNYz-TZ-Ii3ax_fXlYmlgdl-wcKsBiMzJN5xBK1nO8wwxRJeMut3Pds1zMA-w-u2JkJkJciFqqqyU5dPtEmJ7vT1GeKUmKrkyCyvsWHT0b1YRiKOulLdCIF5KgxKWRXGEyqCj7qhU_WKFXk_CUbzpqL5u-OgqEm9sPvqOGnjaZ6-CHZXOGPlMBqRONSxIov4oQkezaCaAQISZS86e4kv8PLT9TxRjw6UO4XKlcAJXQLiJLgaPlcAEi6v7ldYFiAWBq9KJWKAGAoAH0-2axgGoB6fMsQKoB6a-G6gHzM6xAqgH89EbqAeW2BuoB6qbsQKoB47OG6gHk9gbqAfw4BuoB-6WsQKoB_6esQKoB6--sQKoB9XJG6gH2baxAqgHmgaoB_-esQKoB9-fsQKoB_jCsQKoB_vCsQLYBwHSCC8IgGEQARgAMgiKgoCAgICACDoOgECAwICAgICIgAKogxBIvf3BOljq3JzVhZ-TA_IIH2JpZGRlci14YXBpOjE3NTYxODp2bFdBWWtLX1lCd2uxCdPlgVLPEk4-gAoEmAsByAsBqg0CVVPIDQHwDQKIDv___________wHYEw3QFQHKFgIKAPgWAYAXAbIXDhgBKgo4ODUzNjk2NzUxuhcCOAGyGAUYAiIBANAYAegYAcIZAggB&ae=1&gclid=EAIaIQobChMIs5zt1IWfkwMV25OsAh0jIDA4EAEYASAAEgJ2z_D_BwE&num=1&pr=8:2CBF4A0F178D1081&cid=CAQSgwIA56J1ebH3hqX6RbA-_kfzHI2TFPhbgdg4kQr_k1v5OcUbuLtqNVGV44VvWXKVu3X4hOWgIel_IC_aNq66z7Jkw1OzF1xywnxBd2RzUubMEDdoaklnjsnxX6at9EGf6dNHncC0ZiCGjInMnHB9kYNV-f0vwCsU3ZnAGQ88_q56b44L_BQa2THhw9mE-t4oOnmexHsCctPl-sdtxbWWxRJKRGZ-et2nggBoGHx3VQwP5GXiSTYDP-Xq5jZGwcQgLO1oirIKSsGLP7mV5bghVdkvfDfar1Ig7Pd-S9C6pGcHV991C72N5_gNnnc3HPqt8bOr39cLHGCnttRt1reMJhx9ZXgIGAE&sig=AOD64_1urFknJIyRFwd5tQdlehoBb9h6sg&client=ca-pub-6579838053286784&rf=2&nb=2&adurl=https://hear.oriclehearing.com/miracle-hearing-aid-vl%3Fgclid%3DEAIaIQobChMIs5zt1IWfkwMV25OsAh0jIDA4EAEYASAAEgJ2z_D_BwE%26gbraid%3D%7Bgbraid%7D%26wbraid%3D%7Bwbraid%7D%26campaignid%3D23642543489%26adgroupid%3D194930201995%26campaign_name%3D%7Bcampaignname%7D%26loc_interest_ms%3D%26matchtype%3D%26network%3Dd%26creative%3D800213374290%26AFID%3DGD%26placement%3Dcbsnews.com%26keyword%3D%26cpid%3Dfba385ad-fbca-43e4-883c-b37b5bf8b883%26lpid%3Db4d2b8bc-d862-4509-a75d-956340cf2e6e%26nbt%3Dnb%253Aadwords%253Ad%253A23642543489%253A194930201995%253A800213374290%26nb_adtype%3D%26nb_kwd%3D%26nb_ti%3D%26nb_mi%3D%26nb_pc%3D%26nb_pi%3D%26nb_ppi%3D%26nb_placement%3Dcbsnews.com%26nb_li_ms%3D%26nb_lp_ms%3D%26nb_fii%3D%26nb_ap%3D%26nb_mt%3D%26gad_source%3D5%26gad_campaignid%3D23642543489%26gclid%3DEAIaIQobChMIs5zt1IWfkwMV25OsAh0jIDA4EAEYASAAEgJ2z_D_BwE,https://hear.oriclehearing.com/miracle-hearing-aid-vl?gclid=EAIaIQobChMIs5zt1IWfkwMV25OsAh0jIDA4EAEYASAAEgJ2z_D_BwE&gbraid=0AAAAACeLkdUysntf3eIDmFPQwq9EeLHWd&wbraid=CjoKCAjw687NBhBxEioA_iTDrrEDzQRsc9yPyTjFvlGDyVQMs1iWq-C5R4YePF8-EmIxlA8MX3saAsqq&campaignid=23642543489&adgroupid=194930201995&campaign_name=%7Bcampaignname%7D&network=d&creative=800213374290&AFID=GD&placement=cbsnews.com&cpid=fba385ad-fbca-43e4-883c-b37b5bf8b883&lpid=b4d2b8bc-d862-4509-a75d-956340cf2e6e&nbt=nb%3Aadwords%3Ad%3A23642543489%3A194930201995%3A800213374290&nb_placement=cbsnews.com&gad_source=5&gad_campaignid=23642543489&gclid=EAIaIQobChMIs5zt1IWfkwMV25OsAh0jIDA4EAEYASAAEgJ2z_D_BwE&lang=en&c=us,,,,,,,,,,
201,https://www.googleadservices.com/pagead/aclk?sa=L&ai=CrgDN5CO2adb6IJOnpt8P5otj24Hi0IUBjL-x_8sVn9O92roBEAEgwKWrI2CJi8SE9BOgAbv_1f49yAEJ4AIAqAMByAMKqgTTAk_QFP6G2Pih26NET_sPOf-yTk0enVQnYim3ac__OdANcK6OT2AXeCb0CEiwHqQo9Z2y4tBQCSd4t7P0MhtzyUY-DjTMiHtkuLUtgECnJw8R8HhM627pC9pki6qdJOeLZLBFHBlptI2R55JZ474bMQuru3mg6-IBeLcS2NRgruh4IN3Ja2SwX-cZVnof021mM9viHMkD6R2jM2zjvsSCNnfUsx4Fr_a6JQVlkr0zcYD9xfO6DGp5oBG3KFqnf4D-QdRAskkHdcy1JPnx0udRSJcWvGOfCyvxuTuZIw7piSLEPe-ZuTYdqLr_6fhNtS_YJu-jsskWGFh74FxiK_4S4prW-6oK0oaLTBhSPvEGMDhaHC9cteTlqZoar9K9sLhxxjwWBoc4reavgLALflRxzW2SmiHVIYdjiruCgDVBwnnb9B9SIPS6W7rhs19l-NU6HoL_gsAE87G6uNQF4AQBiAX8v_v6V6AGLoAHu7em3hioB6fMsQKoB-LYsQKoB6a-G6gHzM6xAqgH89EbqAeW2BuoB6qbsQKoB47OG6gHk9gbqAfw4BuoB-6WsQKoB_6esQKoB6--sQKoB9XJG6gH2baxAqgHmgaoB_-esQKoB9-fsQKoB_jCsQKoB_vCsQLYBwDSCC8IgGEQARidATIIioKAgICAgAg6DYBAgMCAgICAqIACqANIvf3BOli5qrbp96CTA7EJx1JBKeLD8miACgOYCwHICwGADAGiDAOQAQGqDQJKUMgNAeINEwjK1bbp96CTAxWTk-kFHebFGADqDRMI4te36fegkwMVk5PpBR3mxRgA8A0CiA7___________8BuBPkA9gTA9AVAZgWAcoWAgoA-BYBgBcBshcOGAEqCjE1OTg3NjE0MTi6FwI4AaoYFwkAAAAAAHDnQBIKMTU5ODc2MTQxOBgBshgJEgLvXhguIgEA0BgBwhkCCAE&ae=1&gclid=EAIaIQobChMI1vy36fegkwMVk5PpBR3mxRgAEAEYASAAEgKgxvD_BwE&num=1&cid=CAQS0QEABaugfWs0O4yECVFCRMvPPHfO6a6vA_7UEI_90i8Mcedea1mQn-TvIahLTUXmGsQfiGkgheZTphp9_0SKsF5YiWVE-a4zf_pnCxH6bke0xC8VX2qBFtQV9shBmph1KKX171gk5D56tatgxlXaCOJAEo6txKhHGn37DiyepGlPk_Yce2OtUaWqrOL4uQIle6fQRErnTriBCRwAGoegEZRRsv1-vDmdxsXbipAZD7RK7xsQtuoA608WddnjuPVLOzGYNVH3M_EIM1kKBcUzZ9rT_BgB&sig=AOD64_2cCv76d15V87X-UhNDBqN7QvofbA&client=ca-pub-5227748429508049&rf=4&nb=8&adurl=https://uk.hisense.com/world-cup-2026%3Fgad_source%3D5%26gad_campaignid%3D23611760636%26gclid%3DEAIaIQobChMI1vy36fegkwMVk5PpBR3mxRgAEAEYASAAEgKgxvD_BwE,https://uk.hisense.com/world-cup-2026?gad_source=5&gad_campaignid=23611760636&gclid=EAIaIQobChMI1vy36fegkwMVk5PpBR3mxRgAEAEYASAAEgKgxvD_BwE,0.0,0.0,,,0.0,0.0,0.0,,,0.0
202,https://www.googleadservices.com/pagead/aclk?sa=L&ai=ChCaZFpq2abeOOMLF29gPx9DtuQLEpYLlgQHioMbewRJkEAEgoOWCJGDHjYGOhCagAeHk8t4DyAEJqQJ-eY9f2bRvPuACAKgDAcgDCqoEuQJP0Oc7HeLKfFVIJTMsqwnR_6ZVaLPngdudNj-rkbZRJQp7uNKHmbCNOzMFCqwKcxRtltWIZeeXormWSiEegFTWgru9QJjn0A7mvN0sejna-bqmTTAyDfKG0BoZ2qlFMrFgychHLpy-gHxhQv89L_NmUzHYzHC-tF95qb20YfpguMYiD7OXuSdfJaHxTrXneXLET-XAc8P1Fd8LoFWu75ZwZOjDXfOrfe4qzEwengjJA_PBX1bH7pDOJyD5tUdzOB34_Tv6XomcjYb69iqcT__CMlel-dkeTdW-bqSGU6srxldNsS_tl8blp_11rjIiE0kx97KHhmhogWEsKQaH4ksvd6ZD641o2EM0bop_Dhnlb8gXvwcgN9_lgOnDFraFHac3ycB3XXNX4Bs9-w8zjllNvbisGuTTwsxYwATy_cm78wHgBAGIBd6a3fMFoAYugAeHm40hqAenzLECqAfi2LECqAemvhuoB8zOsQKoB_PRG6gHltgbqAeqm7ECqAeOzhuoB5PYG6gH8OAbqAfulrECqAf-nrECqAevvrECqAfVyRuoB5oGqAf_nrECqAffn7ECqAf4wrECqAf7wrEC2AcA0ggvCIBhEAEYnQEyCIqCgICAgIAIOg2AQIDAgICAgKiAAqgDSL39wTpYzKLexeihkwOxCZmi2wyRmsgNgAoDmAsByAsBgAwBogwDkAEBqg0CWkHIDQHiDRMI5NXexeihkwMVwuIWBR1HaDsn6g0TCLPP38XooZMDFcLiFgUdR2g7J_ANAogO____________AdgTDIgUA9AVAZgWAcoWAgoA-BYBgBcBshcOGAEqCjk1OTc0MjU0OTS6FwI4AaoYFwkAAAAAoPHoQBIKOTU5NzQyNTQ5NBgBshgJEgLXahguIgEA0BgB6BgBwhkCCAE&ae=1&gclid=EAIaIQobChMIt_HgxeihkwMVwuIWBR1HaDsnEAEYASAAEgJIrfD_BwE&num=1&cid=CAQS0gEABaugfUT21qlJnyf6Jbe92oChyr6v6jf_f5j0WR8rlyEFUMVTV_q9reLndxMu1OHi-oQAOHG63b5IUJRf2iE8pEHvrCeejhY3jHwn4dflZYV76CU9lng-lymKOdJ8A8n6_Po2i7bp1BY6iC7dlyrEi2gbUbuh_V_iZdo2cGjME3Vd_-cKVKlqd-DLUU41dJx6yDvmUA6qKiX3jm1E4Zd4ylZSRy8LcAM1TP3Y8fH1oUBGIYEboOREL2TZ4MZF6WcFAvyf1605QYo02NBIvqBOGuMYAQ&sig=AOD64_01ar-1VosIJFb3aGgoMnrxRP21wg&client=ca-pub-2970406823702922&rf=4&nb=9&adurl=https://www.webuycars.co.za/sell-my-car%3Fcampaignid%3D1584876894%26adgroupid%3D65354759922%26adid%3D692329366482%26gad_source%3D5%26gad_campaignid%3D1584876894%26gclid%3DEAIaIQobChMIt_HgxeihkwMVwuIWBR1HaDsnEAEYASAAEgJIrfD_BwE,https://www.webuycars.co.za/sell-my-car?campaignid=1584876894&adgroupid=65354759922&adid=692329366482&gad_source=5&gad_campaignid=1584876894&gclid=EAIaIQobChMIt_HgxeihkwMVwuIWBR1HaDsnEAEYASAAEgJIrfD_BwE,4.0,4.0,4.0,4.0,6.0,1.0,1.0,1.0,1.0,2.0
203,https://www.googleadservices.com/pagead/aclk?sa=L&ai=C2u1jdWa2adqMINKbjeYPlpeQyQie7Kv1hAGijoyUzBWUxtjlnw4QASCn9owaYIkDoAHlxZnEQsgBAagDAcgDSKoEtgJP0DPkBdchc5fI_OimO4ElUU3_hbHIXwoz6ZrnZmZWaz82OKMrMCLeZfu1w1P3R8zlSv0NzvbulDwF5Yii9V0BrbYDosfHQFr9eTkqClgTR_AAFja0zplZz37i7aH241H8tkyWwQE7G_w43DyvwqQUOfXQt9Svh7jz_qafKEXsetgDDJTNuDD9jTvNlOKQnA5Af5DWtkPPBc-5EcZEQVzhc1g0JJPT6LGKwWm1T0tNemZ8KdH3gH-2wrP3k-BhFMolTAnZ8Xg3-jwpo9s0zpx9Dt5vzOq8sGlnkPn9Y41kLB7CkJw_3Q-Y8AOuKD50b10Urv5_Pmk_lLX9zI2BNC7M0dEBEsSwhpk-2q55KKC_1edinY2hMLEIYDkY47cOFUQYT-a1mMuNp7zSXQT5KkIkZ_YVcxZqwAS-8Oz72QWIBYWWx8RXoAYugAfl_emjHagHp8yxAqgH4tixAqgHpr4bqAfMzrECqAfz0RuoB5bYG6gHqpuxAqgHjs4bqAeT2BuoB_DgG6gH7paxAqgH_p6xAqgHr76xAqgH1ckbqAfZtrECqAeaBqgH_56xAqgH35-xAqgH-MKxAqgH-8KxAtgHAdIILwiAYRABGJ8DMgiKgoCAgICACDoNgECAwICAgICogAKoA0i9_cE6WI_8mqe3oZMDsQmIhoAsekQSBIAKAYoKJWh0dHBzOi8vc2VhcmNocGFkLmNvbS90L3Q_dXJsPXtscHVybH2YCwHICwHgCwGiDAOQAQGqDQJKUMgNAeoNEwjhnZunt6GTAxXSTcMGHZYLJInwDQKIDgnYEw3QFQGYFgHKFgIKAPgWAYAXAbIXDhgBKgowMDU3OTI5ODk2uhcCOAGqGBcJAAAAAEA5-EASCjAwNTc5Mjk4OTYYAbIYCRICsFIYLiIBANAYAegYAcIZAggB&ae=1&gclid=EAIaIQobChMImpubp7ehkwMV0k3DBh2WCySJEAEYASAAEgL4kvD_BwE&num=1&cid=CAQS0AEA56J1ecTi6kIvyu54ugGflHWa22UKzLVRyCL0gqc8Qb-q93JQngdDnayqfDsrzXT6TuATSXVpKnBa0DLnKXbIqCjxkveL3KkX4Kqy6VA1M181HxP1S_wQDaRuKLngSA2XPg08hYmC6v-1RQOcOu1bFS8cRuytWBoi6-lTusQneJ2XwoHw6alw9SDPBsxJ4YCX965mGTpoL95FGCeoSJdKoAO8EGkee9xCwpQ7VYbVCFB-VrCeYVYGSUOYoIpHdP2EUsyKDcMpnQZtUDcRLhZHGAE&sig=AOD64_0wZF-ZQFuSp2-1SU23DD9Pqqh9Ww&client=ca-pub-2107538958244175&rf=1&nb=19&adurl=https://searchpad.com/dp/d/medicare/terms%3Fimp%3D200-230%26campaign%3Drazr%26adsource%3Dgdn%26keyword%3D%26kw_id%3D19078636011385208650%26ad_id%3D794119885890%26adgroup%3D195949180990%26campaign_id%3D23497657093%26placement%3Dwww.prokerala.com%26gad_source%3D5%26gad_campaignid%3D23497657093%26gclid%3DEAIaIQobChMImpubp7ehkwMV0k3DBh2WCySJEAEYASAAEgL4kvD_BwE,https://searchpad.com/dp/d/medicare/terms?imp=200-230&campaign=razr&adsource=gdn&keyword=&kw_id=19078636011385208650&ad_id=794119885890&adgroup=195949180990&campaign_id=23497657093&placement=www.prokerala.com&gad_source=5&gad_campaignid=23497657093&gclid=EAIaIQobChMImpubp7ehkwMV0k3DBh2WCySJEAEYASAAEgL4kvD_BwE,,,,,,,,,,
204,https://www.googleadservices.com/pagead/aclk?sa=L&ai=CXDprlNC3aaSRIqegjeYP24jK2AuH5drphQGjjMbAihXmxaWr8hkQASCtieJ7YIkDoAH6lcHdPcgBAqkC_KnsVis2iT7gAgCoAwHIAwiqBJsDT9CTtLJGjH59UeLm1d124Uwcof15rtCmp9MpVV-8pGUjxgYx6WpM-cPOtAPD3XKA5kdT2m7Q7Bon0_Hd4fQZW0atT9Ju1y2FAPtfQuPWD8B8WbS2YG47MyfVW9BYSAkFtFgL9Oq6ZygrUtmpYXzATNHfyQZwK9z_H1pqudnwsh-bTp_gD770BtqwhxVgYoASEgvVMzv73SSlXEg6sd0rOb6rRMNQe49o8dG69cA-PO79FCV7i7o-9dB_IoluI5Q7U5_4vPSM-kwy3_-1afzoJkD9-HX_-Dcjru4jFDm8hYlbJDh7pGte8yW4Mb7QmHnHwDvwGbrkT9_j2mxg45WY3h2lo026u777sqNHnKDsqGh7zaaQlfzxQNid5DJ4hCf0V2iaOFbdsYP5Nf_mYok2KrNKnHuVqLRMcC1emTth2eDDbNTEgt2wEhAsoLr_nSFatoWJm_lSPQ7Mydfg4UQ46EBX0bIweomUT0WONMqL5uPcgnS8XurdtapOoljLNZHWXAADlOx9xszWcZpylwFEeUsWvf_qSi3aVAjOwASz5ujCyAXgBAGIBdH128JWoAYCgAf6zZG9GKgHp8yxAqgH4tixAqgHpr4bqAfMzrECqAfz0RuoB5bYG6gHqpuxAqgHjs4bqAeT2BuoB_DgG6gH7paxAqgH_p6xAqgHr76xAqgH1ckbqAfZtrECqAeaBqgH_56xAqgH35-xAqgH-MKxAqgH-8KxAtgHAdIILwiAYRABGJ0BMgiKgoCAgICACDoNgECAwICAgICogAKoA0i9_cE6WJypudOQpJMDsQktYPsUbYITJoAKA5gLAcgLAaIMA5ABAaoNAkpQyA0B4g0TCJbTudOQpJMDFSdQwwYdW4QSu-oNEwj77rrTkKSTAxUnUMMGHVuEErvwDQKIDv___________wHYEwPQFQGYFgHKFgIKAPgWAYAXAbIXDhgBKgo0NDc3NDk2OTAxuhcCOAGqGBcJAAAAACBIAUESCjQ0Nzc0OTY5MDEYAbIYCRIC8k4YAiIBANAYAQ&ae=1&gclid=EAIaIQobChMIpKu705CkkwMVJ1DDBh1bhBK7EAEYASAAEgL42PD_BwE&num=1&cid=CAQS4wEA56J1eZdNIGTujEtbKfAuplg2-pb6RoSLN3bOuQ98-QA67N0toHTtvrUh_D1w3b6aNWwt2eHaBVDQqdfcmkrMfXq5nI7xJ6yn-PDJPpRWW6U80WJBiYzgDjlhnEHoHZCDtCScgBzC4kIntjkr96xi4xWPKTT2NOA_-f8vlnBO9GK4hFern7vRXGFyggSG0Q-bceR9aS3Fr9Hn0n_d-jDpDr_fbeAAUYBu52zuep2QER0_4twhGFlU2b6vaQpe9jEDQHnxWVmG2g7h2tPVd8T6UC6CXO1bJLKnBzkaI1I57p6rxhgB&sig=AOD64_27xpqEyngmLiXHOgXgTbVyD41efA&client=ca-pub-5066399099591175&rf=5&nx=CLICK_X&ny=CLICK_Y&uap=UACH(platform)&uapv=UACH(platformVersion)&uaa=UACH(architecture)&uam=UACH(model)&uafv=UACH(uaFullVersion)&uab=UACH(bitness)&uaw=UACH(wow64)&uafvl=UACH(fullVersionList)&nb=2&adurl=https://www.youtube.com/watch%3Fv%3DFvvMi9F9KRw%26list%3DPLshT6C95CYMvyCCwntHzGsjFbOnkF0vYY%26gad_source%3D5,https://www.youtube.com/watch?v=FvvMi9F9KRw&list=PLshT6C95CYMvyCCwntHzGsjFbOnkF0vYY,,,,,,,,,,
205,https://www.googleadservices.com/pagead/aclk?sa=L&ai=CD3Kf9jy0aY7xKsymjeYPmYitiQaos73LhQGyl--R3hXZ2R4QASD6qYoXYImLxIT0E6AB7azolyrIAQmpAh8YjWcr_jo-4AIAqAMByAMKqgSvAk_QWbKg8Lgq87kFG3QjN-AxQsR03HryM8gFg9UjKPkiOHKt8dM8L_CJyed8-TMyGbcwZLyUceVQ7HxYrQrtjGbqpyBPbH6HvlRBxWOJjicDJURY53Z5ThnvqM7SZv1hPA4OgFhp6lTEHDZ0iiyRXMw55kustDUMcRg5_VviBTGnC2JBDUT3m4oVgwq6ANNjGwSL46uX4zM8PSU0fapP5mVEaROfdpeuSXSYjylztfGt-Zg-132IK9JkmNmgvUU6fU2awDhRn9jVM0uPC7quvZ1M-lSxbDNLb9dybyEzb22oWxo_lQfaHeLkCOW5cdy1PpodHASNYf6pdVCEVkKbYU6ZleN51YW3te_jUfbmlmd-vxLf08K_hI3wkPJpby-wmI1ymwTHvr4ITdzpk-PnUsAEivaZ488F4AQBiAXbher1V6AGLoAH7eS49wSoB6fMsQKoB-LYsQKoB6a-G6gHzM6xAqgH89EbqAeW2BuoB6qbsQKoB47OG6gHk9gbqAfw4BuoB-6WsQKoB_6esQKoB6--sQKoB9XJG6gH2baxAqgHmgaoB_-esQKoB9-fsQKoB_jCsQKoB_vCsQLYBwDSCC8IgGEQARidATIIioKAgICAgAg6DYBAgMCAgICAqIACqANIvf3BOlji_-u5p52TA7EJ2sZnN6vTYjSACgOYCwHICwGADAGiDAOQAQGqDQJKUMgNAeINEwifp-y5p52TAxVMU8MGHRlEK2HqDRMIz5XtuaedkwMVTFPDBh0ZRCth8A0CiA7___________8B2BMNiBQD0BUBmBYByhYCCgD4FgGAFwGyFw4YASoKOTMzMjc5MjkwNroXAjgBqhgXCQAAAACAx-VAEgo5MzMyNzkyOTA2GAGyGAkSAvpTGC4iAQDQGAHCGQIIAQ&ae=1&gclid=EAIaIQobChMIjsTtuaedkwMVTFPDBh0ZRCthEAEYASAAEgLEU_D_BwE&num=1&cid=CAQS0gEA56J1eTs-s1IKW_qmEr1LQ8L6-wQiOaZShgCLIcanu7NBFkGV5Zb2J9QsNxrJd7mrlZaPw3oFXJTyXg_-nGusYV5i35p7MAo_jMkaxLiR6s2j4zoSSHx1bXD_x-aaFBYMdpsmoMZo6CqBeI68m1rQUSDDOHZ72LkH9viFSwl-ABRTa9UhZ6DMWWhE8Hwv7kAg5vRt8J3vJ3LUhVL9xBe3m0AqFwP02eYAp7dxBiLf41D7pNA-BcK9bhA5FRGCpG9KCLsop2TYyADmaiCwI72ZkOAYAQ&sig=AOD64_3AZ3xZL28KcasL85p8AzJr04Y63A&client=ca-pub-5405132603504384&rf=4&nb=9&adurl=https://www.keisei.co.jp/keisei/jinji/recruit/%3Futm_source%3Dgoogle%26utm_medium%3Dbanner%26utm_campaign%3Drecruit-2026s%26gad_source%3D5%26gad_campaignid%3D23600988891%26gclid%3DEAIaIQobChMIjsTtuaedkwMVTFPDBh0ZRCthEAEYASAAEgLEU_D_BwE,https://www.keisei.co.jp/keisei/jinji/recruit/?utm_source=google&utm_medium=banner&utm_campaign=recruit-2026s&gad_source=5&gad_campaignid=23600988891&gclid=EAIaIQobChMIjsTtuaedkwMVTFPDBh0ZRCthEAEYASAAEgLEU_D_BwE,,,,,,,,,,
206,https://www.googleadservices.com/pagead/aclk?sa=L&ai=CvNS74yG1acWUObTsjeYPoYGFiQX7iJePgwHy8v6ElQuDk_CqjBMQASDmtM-ZAWCJA6ABsLqh1wPIAQbgAgCoAwGqBMQCT9AmiSQxPh2e0hylfBAraKZB-Nb1eCRln7saKj9V3lpEWDPWeoB-K9fKocW0S6Ujlo7Eo9Atn1xiRXMhUadAVIwzZteXztpT_fy261AvPlx1QrtsoAFCEPUozoSw5LHbE44pNg82S1q9KQa2AgG9ctPzoKbXVBAZK-4THSb3KU1vgaUbnW6I-sdWkIr_LDU1ej7TmBTly_W0LTW14VkTVesLa2TbTdTLQtj1s4RHEEp1E5I7Aq3zNYrK-cax2C0-FpMcVqqB7FAvaPnBN2Yw_Uiy-caiVvx-0PqN_NFGH5Lr_CB1dfnDqnlZz7STuZXrtz7JnAfWDRX4Iu8_AxJoMHpHxaztKRRHIO-ATkTvn29HczAK7JwYyNI8YQvMeqeE1ABhu_szvJ96KSMK27qqmf1oi9zKuWx2EgghKgphC8SBSLQ1wAT_wMCy-QHgBAGIBZatr7kG-gUGCCUQARgAoAY3gAetg652qAenzLECqAemvhuoB8zOsQKoB_PRG6gHltgbqAeqm7ECqAeOzhuoB5PYG6gH8OAbqAfulrECqAf-nrECqAevvrECqAfZtrECqAeaBqgH_56xAqgH35-xAqgH-MKxAtgHAfoHEWNvbS5rYXlhay5hbmRyb2lkwAgB0ggvCIBhEAEYnQEyCIqCgICAgIAIOg2AQIDAgICAgKiAAqgDSL39wTpYjeX_4oGfkwOACgOQCwOYCwHICwGiDAJIAaoNAkpQyA0B4g0TCMqJgOOBn5MDFTR2wwYdoUAhUeoNEwjt2IDjgZ-TAxU0dsMGHaFAIVHwDQKIDv___________wHYEwyIFAXQFQHKFgIKAPgWAYAXAbIXDhgBKgo1MTAzODc5NDgzuhcCOAGqGBcJAAAAAIyvEkESCjUxMDM4Nzk0ODMYAbIYCRICp08YNyIBANAYAegYAcIZAggB&ae=1&gclid=EAIaIQobChMIhZKB44GfkwMVNHbDBh2hQCFREAEYASABEgLXrfD_BwE&num=1&cid=CAQS0QEA56J1eVQtl7VXHSGUpdQf8x4-iU9WZTvi5JVDcR7bMtrMvCDETA15kZC43m6804KYf1DZYcIGXp4UAcP0fmgg1okZUeGPlZFmptMXNoID6JlzrP4PuqtH0sI7iNGsiyJiB8YSBAtK6oOJhQr1QaaOki41A5CF0D3mGuZgTHGpEOiRwMTbvqjAq112hpY3-6ru9EQKsKkOeHCfG1PJMjjcT-kSuAaIlx7C9akfLCDx1EvToabcJmsumV-G9uxrgVTX5jj5ODZs4l9KUMVmYArgjBgB&sig=AOD64_1j7Jcw3NGDBChrH-_Dowbk8KCr4w&nb=19&adurl=https://www.kayak.com/semi/gdntext/hotel_destination/23052/en.html%3Fz_sig%3D1bca3df07841edb4%26z_trk%3Dtrf8db839b5d45fcc8%26cp_co%3D2026-05-02%26cp_g%3D1%26cp_ci%3D2026-04-25%26aid%3D66946343039%26tid%3D%26locp%3D9061321%26loci%3D%26n%3Dd%26d%3Dc%26fid%3D%26cid%3D417365451756%26pid%3Dwww.wikitree.co.kr%26aceid%3D%26gad_source%3D5%26gad_campaignid%3D1730926230%26gclid%3DEAIaIQobChMIhZKB44GfkwMVNHbDBh2hQCFREAEYASABEgLXrfD_BwE&client=ca-pub-3677668629134422,https://www.kayak.com/Punta-Cana-Hotels.23052.hotel.ksp?z_sig=1bca3df07841edb4&z_trk=trf8db839b5d45fcc8&sck=SEM&cp_ci=2026-04-25&cp_co=2026-05-02&cp_g=1&skipapp=true&gclid=EAIaIQobChMIhZKB44GfkwMVNHbDBh2hQCFREAEYASABEgLXrfD_BwE,,,,,,,,,,
207,https://www.googleadservices.com/pagead/aclk?sa=L&ai=CL1l4AJW2aaCJObaP29gPx8mRkQaPlOX0hAGIjcWV9xSfoIiL_UgQASDHx58jYMeNgY6EJqABisCx_wLIAQmpAn55j1_ZtG8-4AIAqAMByANIqgS4Ak_QHEf2uKV2wYnFntlIWOZAEDbWwWgU5ajPVBoI9-A5zc9Zejb7p8obTWINnUNQxSvPSXuCQRC0JMM_y0mAqmpSQvzibe9mlnaiFDuVDB4EVBdoSlLtYGzV6V2mKksS4kSSqpD9mD7vdokFX6qSlOGyobx5MNzyu8nnlE8gkYMn_p-ROR37SIPCSKm40p8Xs2u7vEV0T0mGTkRlLve8XKcZaLYtnkGeeFjhZAbkeaoAAQ1v-5pG_hLq3S9hu_Jd7n2vTAVlSreqdA-s-8JA6GJG1ZYrjaOxRU5gm7ClgEH_j9R98zRrJLzSGdk4jdEyLTBji0knBKngQ4scF0uProf-tSBG6Sr_2e-pspYvDcCgPn1_H8CuDDjNTVm7dD5jaQ4weo6m-ZrJwi02cQ4adWNOKXgi3bNXacAE9NzM5-AF4AQBiAWLvfXrVqAGLoAH3r_OgAGoB6fMsQKoB-LYsQKoB6a-G6gHzM6xAqgH89EbqAeW2BuoB6qbsQKoB47OG6gHk9gbqAfw4BuoB-6WsQKoB_6esQKoB6--sQKoB9XJG6gH2baxAqgHmgaoB_-esQKoB9-fsQKoB_jCsQKoB_vCsQLYBwDSCC8IgGEQARidATIIioKAgICAgAg6DYBAgMCAgICAqIACqANIvf3BOlidxvTY46GTA7EJvpeipGgRRK2ACgOYCwHICwGADAGiDAOQAQGqDQJaQcgNAeINEwjh7vTY46GTAxW2xxYFHcdkJGLqDRMIkrv12OOhkwMVtscWBR3HZCRi8A0CiA7___________8B2BMO0BUBmBYByhYCCgD4FgGAFwGyFw4YASoKNTg1NTEwMjgyOboXAjgBqhgXCQAAAABYoRZBEgo1ODU1MTAyODI5GAGyGAkSArZSGC4iAQDQGAHoGAHCGQIIAQ&ae=1&gclid=EAIaIQobChMIoIn22OOhkwMVtscWBR3HZCRiEAEYASAAEgKOhfD_BwE&num=1&cid=CAQS0gEABaugfaz0ohZc_eNQpjMDDk2ZIMh1xNy3cZqFkagogG2h7VrQWwiw52xhdO1JevKuxg82OfT3tDYCtJOP-anqMFyULUvkl87Dtm5yEQulZ7rI74LevoReMqo1qDNIwY7i-twVjVS5_qZj9ML2ndh9An7KVFCorP0F1Uag_p9CiPb6vKf3pHrVetli-bZoDfBO3JCYkOs47Z3Am45hxsVOSbyWIZzMfQrhJpE04ah90bcYrHO0GqglLXVv5d8UDQJ5cdod1EnFFN78iubKk46ZDUYYAQ&sig=AOD64_0Q-9ce51Do1Hqx04gacONDSmosXg&client=ca-pub-1481019754184955&rf=1&nb=25&adurl=https://www.naked.insure/car-insurance%3Futm_source%3Dgoogle%26utm_medium%3Ddisplay%26utm_campaign%3Dcategoryd_all_sales_car%26renter%26utm_content%3D%26utm_term%3D%26utm_location%3D1028688%26utm_match%3D%26utm_network%3Dd%26utm_device%3Dc%26utm_model%3D%26utm_placement%3Dvnexpress.net%26utm_target%3Dsegment_be_a_1966725009504638296%26utm_position%3D%26utm_extension%3D%26utm_targetid%3D%26gad_source%3D5%26gad_campaignid%3D23311769227%26gclid%3DEAIaIQobChMIoIn22OOhkwMVtscWBR3HZCRiEAEYASAAEgKOhfD_BwE,https://www.naked.insure/car-insurance?utm_source=google&utm_medium=display&utm_campaign=categoryd_all_sales_car&renter&utm_content=&utm_term=&utm_location=1028688&utm_match=&utm_network=d&utm_device=c&utm_model=&utm_placement=vnexpress.net&utm_target=segment_be_a_1966725009504638296&utm_position=&utm_extension=&utm_targetid=&gad_source=5&gad_campaignid=23311769227&gclid=EAIaIQobChMIoIn22OOhkwMVtscWBR3HZCRiEAEYASAAEgKOhfD_BwE,,,,,,,,,,
208,https://www.googleadservices.com/pagead/aclk?sa=L&ai=CclGNp8-2aYSXJ6a7geAP967euATsvJy8hQGNxKij4xSd1ZjwjCQQASCHj4skYKWglYCYAaAB7YLphwPIAQLgAgCoAwHIAwiqBMcCT9AejyMTD9wcXE7ADx0S8IqC2d6pggSbnoNpht2fMevEiu1m-i4TSVP3xobZVXa_6ghx-wRTi5nlzIJCjxgYHQB6I5a-XNtpXfEJm1kKUKuIGRGuEAXbTgRh_opgMXAiM_T-eel3BHIV5IOzr1pTkHEDIGRmJptHXGMthlUgxGSnwj2WU7AKdAyqkfIgGH7octTXLjRT5IdQD0BqxS5qJ5vao1S_vIMkk93R2R6ZbiJqCqxB3KzKbwcXq89P6_7NAsVCoDLg_8cwUETQjc1mbPmVkuKyoEQp8CNS_cQ7Sv7n0aJH5y-8uOWcnHCEL2ylcZFICuDXNsYIhF3GUNQ0HijRDolWBBFqrPKIA99PtzkSp0_p2QWLb-QdumMNM9Tfcyx1Rumz8B-Co2qka2Ha9OEPiY3fypIZ0fTpwZ_qLAvX7xK_9R61wATNo7mBtwXgBAGIBc-5toFWoAYCgAf7_JZ4qAenzLECqAemvhuoB8zOsQKoB_PRG6gHltgbqAeqm7ECqAeOzhuoB5PYG6gH8OAbqAfulrECqAf-nrECqAevvrECqAfVyRuoB9m2sQKoB5oGqAf_nrECqAffn7ECqAf4wrECqAf7wrEC2AcB0ggvCIBhEAEYnQEyCIqCgICAgIAIOg2AQIDAgICAgKiAAqgDSL39wTpYyaqe0JuikwOxCUTBDSRVXM9JgAoDmAsByAsBqg0CQVXIDQHiDRMIxNme0JuikwMVpl0ABh13lxdH6g0TCK3Vn9CbopMDFaZdAAYdd5cXR_ANAogO____________AdgTDdAVAcoWAgoA-BYBgBcBshcOGAEqCjIxNTczNzA4MjK6FwI4AaoYFwkAAAAA4ADqQBIKMjE1NzM3MDgyMhgBshgJEgL_ThgCIgEA0BgBwhkCCAE&ae=1&gclid=EAIaIQobChMIxIa_0JuikwMVpl0ABh13lxdHEAEYASAAEgKQEfD_BwE&num=1&cid=CAQS0QEA56J1eSmp37iYrP1vwYyCWCblRgNFAgEMZS2pybt0gwxwMnymz0p5SSaP5nj7xPjAamILrezp16pzPd2VthU6xtXPxI2Vwa7awxvY_uYMdpLEzTbhyeozIkJWEh7t-2LjnGcADUYURRoKwd8QiodKLfwzfi5YaSlGiyYR0A26jAuY6CN-ksSLEkyr5p5kprX_NN_S9a_3bmUzEShq45cwGiv7zuFfRCCO_VoR_Xx_cNgu7k7KucwXMJIfuX4n_K_ucdQwu4QZj5Y_nde6LqyQmBgB&sig=AOD64_2Jz0bXVE2v12LHfaTgmMDnfW1ISA&client=ca-pub-3428031914463355&rf=5&nx=CLICK_X&ny=CLICK_Y&uap=UACH(platform)&uapv=UACH(platformVersion)&uaa=UACH(architecture)&uam=UACH(model)&uafv=UACH(uaFullVersion)&uab=UACH(bitness)&uaw=UACH(wow64)&uafvl=UACH(fullVersionList)&nb=2&adurl=https://www.ticketmaster.com/jerry-seinfeld-tickets/artist/795942%3FvenueId%3D467930%26awtrc%3Dtrue%26gad_source%3D5%26gad_campaignid%3D23088438479%26gclid%3DEAIaIQobChMIxIa_0JuikwMVpl0ABh13lxdHEAEYASAAEgKQEfD_BwE,https://www.ticketmaster.com/jerry-seinfeld-tickets/artist/795942?venueId=467930&awtrc=true&gad_source=5&gad_campaignid=23088438479&gclid=EAIaIQobChMIxIa_0JuikwMVpl0ABh13lxdHEAEYASAAEgKQEfD_BwE,,,0.0,0.0,0.0,,,0.0,0.0,0.0
209,https://www.googleadservices.com/pagead/aclk?sa=L&ai=CeuENApS3aaOwFbijjeYPp6rwsQLH-N-RhQHoiZSorhTywoi0AxABIOa0z5kBYImLxIT0E6AB_-CotAHIAQKpAkLN0gwfiqc-4AIAqAMByAMIqgS2Ak_QIQyQoxPbmFeY4tNXFk19BXcb-NRgN8nT6knMgw2dvFjPSr-3jURhuYjBhbRwfG2JYqJ98c5kPWdq-8d6cbywtm4tHAOewa1y6-ienuho1Nhuf-DqfXrdZN1tiY-W8D22xmlJl4Edrh7iYHE4kIDL2ojDlPbuqfle9rXkZkFiNOKKz3gHcyli4k5XWr_r7vUK5x3wXknFuNGazzei7erErPN17p7GIx8Gkw4Q9nm6-WxlO-t0HN23bhSmyOdBmXjuXa4xYAAHhBBphV3FAiffbGC8bSFzqP4ibqBM5PsbQGGQDh3i6lqB8dJJ1lU0_xlElLH9Km51PLM0ipbG18unRpMVZW1RFIQPPq6bK4pUkucViDNOiH6a9sApLHN_w-ZNTFYxXSLSubim1u5-9dbma3FbVKXABJ3LqcCjBeAEAYgFr6SgxlOgBgKAB-me18sCqAenzLECqAfi2LECqAemvhuoB8zOsQKoB_PRG6gHltgbqAeqm7ECqAeOzhuoB5PYG6gH8OAbqAfulrECqAf-nrECqAevvrECqAfVyRuoB9m2sQKoB5oGqAf_nrECqAffn7ECqAf4wrECqAf7wrEC2AcB0ggvCIBhEAEYnQEyCIqCgICAgIAIOg2AQIDAgICAgKiAAqgDSL39wTpY-IbC8dajkwOxCfus_03Be_BugAoDmAsByAsBogwDkAEBqg0CSlDIDQHiDRMIn6HC8dajkwMVuFHDBh0nFTwm6g0TCPj8wvHWo5MDFbhRwwYdJxU8JvANAogO____________AdgTDdAVAZgWAcoWAgoA-BYBgBcBshcOGAEqCjUxMDM4Nzk0ODO6FwI4AaoYFwkAAAAAAIoWQRIKNTEwMzg3OTQ4MxgBshgJEgKxXxgCIgEA0BgB6BgBwhkCCAE&ae=1&gclid=EAIaIQobChMIo7nD8dajkwMVuFHDBh0nFTwmEAEYASAAEgJJU_D_BwE&num=1&cid=CAQS0QEA56J1eTv2FGuqENDPyX3koA5WE4QxFCbbdrxacEjhzXlnlrRkdzWuuTKX4KYM3IazK3tpzIhfLUELfOV1D5kUs-swqtzgz0M3hNF3W9HSBtjQhQ-MQqDKWtOOdsXUd22IzWgtiLBfkmyPtdCgOzKxHhmIRdZ67cnQ4OWuTcYcUIynLFHNreIqIx356Ndw5E3HtaIgn7pqVtNMNeXnnz6ARPIfOwk8YZXDRrjdfSuIPu7meOUEFvoMF3M5HCrBxBDyvQr5Fd2iCCyd5QEgEKsMmhgB&sig=AOD64_0mGIE_4ibk2ZoBswCmsUsP4NvS-Q&client=ca-pub-3677668629134422&rf=5&nx=CLICK_X&ny=CLICK_Y&uap=UACH(platform)&uapv=UACH(platformVersion)&uaa=UACH(architecture)&uam=UACH(model)&uafv=UACH(uaFullVersion)&uab=UACH(bitness)&uaw=UACH(wow64)&uafvl=UACH(fullVersionList)&nb=2&adurl=https://www.buildpass.ai/us/all-in-one-construction-software%3Fdevice%3Dc%26network%3Dd%26placement%3Dwww.usatoday.com%26utm_term%3D%26utm_campaign%3D%26utm_source%3Dgoogle%26utm_medium%3Dpaid%2Bdisplay%26utm_content%3D%26hsa_acc%3D7853602444%26hsa_cam%3D22427472431%26hsa_grp%3D181328831901%26hsa_ad%3D770991066867%26hsa_src%3Dd%26hsa_tgt%3D%26hsa_kw%3D%26hsa_mt%3D%26hsa_net%3Dadwords%26hsa_ver%3D3%26gad_source%3D5%26gad_campaignid%3D22427472431%26gclid%3DEAIaIQobChMIo7nD8dajkwMVuFHDBh0nFTwmEAEYASAAEgJJU_D_BwE,https://www.buildpass.ai/us/all-in-one-construction-software?device=c&network=d&placement=www.usatoday.com&utm_term=&utm_campaign=&utm_source=google&utm_medium=paid+display&utm_content=&hsa_acc=7853602444&hsa_cam=22427472431&hsa_grp=181328831901&hsa_ad=770991066867&hsa_src=d&hsa_tgt=&hsa_kw=&hsa_mt=&hsa_net=adwords&hsa_ver=3&gad_source=5&gad_campaignid=22427472431&gclid=EAIaIQobChMIo7nD8dajkwMVuFHDBh0nFTwmEAEYASAAEgJJU_D_BwE,,,,,,,,,,
210,https://googleads.g.doubleclick.net/aclk?sa=l&ai=CVR26GZe3aaCQLZiY29gP0J-yGMi2t9KFAc-Atuq3Fa-BuuPXAhABIKO7rZgBYImLxIT0E6ABuZiEyULIAQKpAj9TKvny8Do-4AIAqAMByAMIqgSjA0_QFxn71ABGtCbMEe3nOHZgfN1KFEJOn1GX3z8KFaTUsR8FbkU4GtGTZkPHSiPboZTl8N3GeWlinTHV4p-xSzrPFkaCeOU0LvZ2syl9mIo7ON0q6xAOUmO8Z9gH9orjnjCJDLqm900XRLQxAiHy3RSHRz73oBfTM3uWAfBZndDhQ0tzra44Rd4MCVvtbC8AszUJzbZtVaFnanLoCDwZ0gTpswule94FTd0KCZ8lJ2hZLXWdSoW-xejuRH7y_KGvSab3N9fardnr0NAbJWktkHUqbrvQTJMfjQlM2mNEKcilEOUbg7SEYSnTs8vX_ZWP0sgashmjaYG1hmlS2dgKfQIEDyfxoNhY6XpOFIA2b-RaCEBHz0t3QxKXk_E-ZA5UBrCkR933IcLZ9rnSNcfRC0h9j2XLOfl93g1fLCqszBCrlZ8_pGXQjhJocz4zKXr42WPrHoUd7XF7DDy4Ot6N_rADaCCzF-4Xlh_UPIH8JsGGOdtjtcKq94TcgHIFe_jyGYorIU4_rdFC231-8vjrUn-FfMYiRczQoZuhLokWd_umi5I8wAS844D74wXgBAGIBZmX0OpXoAYCgAe50NSoHagHp8yxAqgHpr4bqAfMzrECqAfz0RuoB5bYG6gHqpuxAqgHjs4bqAeT2BuoB_DgG6gH7paxAqgH_p6xAqgHr76xAqgH1ckbqAfZtrECqAeaBqgH_56xAqgH35-xAqgH-MKxAqgH-8KxAtgHAdIILwiAYRABGJ0BMgiKgoCAgICACDoNgECAwICAgICogAKoA0i9_cE6WM3u7-rZo5MDsQnBDfPBsWAHq4AKA5gLAcgLAaoNAkpQyA0B4g0TCNCk8OrZo5MDFRjMFgUd0I8MA-oNEwj82PHq2aOTAxUYzBYFHdCPDAPwDQKIDv___________wHYEwLQFQHKFgIKAPgWAYAXAbIXDhgBKgoyNzYwOTAzNDc3uhcCOAGqGBcJAAAAAICo-EASCjI3NjA5MDM0NzcYAbIYCRICzGgYAiIBANAYAcIZAggB&ae=1&gclid=EAIaIQobChMI4IDy6tmjkwMVGMwWBR3QjwwDEAEYASAAEgLkBvD_BwE&num=1&cid=CAQS0QEABaugffjHZy7yOr_NhgxWcIKoacf3lsyqaP_6KRegmVq1901-owfhm4gv9UiUBfo0aIvSe8yCU2wjvxddHO6F6fDDf0ZwqheB31pVxID1b4KBGpnZxxuea5OUV4UG5ffAjNjMjyDlnfggKCQLrurg5Ypm5yo9yxw3c6xB1G-Wxe-vgpm37GNnp7ZWgY0tAcCEpLgybxNhkmVB04tQGECW94riHtQdS9plILivtUfnV3OGbhBLNY1qpbGEHdFX8igfj1XBOktHnAXaLMA8kQSLNxgB&sig=AOD64_0epltZzEeMtvrFicrbGdlnEE2U2g&client=ca-pub-9014350818378033&rf=5&nx=CLICK_X&ny=CLICK_Y&uap=UACH(platform)&uapv=UACH(platformVersion)&uaa=UACH(architecture)&uam=UACH(model)&uafv=UACH(uaFullVersion)&uab=UACH(bitness)&uaw=UACH(wow64)&uafvl=UACH(fullVersionList)&nb=2&adurl=https://textilepaintart.com/%3Fgad_source%3D5%26gad_campaignid%3D23577496473%26gclid%3DEAIaIQobChMI4IDy6tmjkwMVGMwWBR3QjwwDEAEYASAAEgLkBvD_BwE,https://textilepaintart.com/?gad_source=5&gad_campaignid=23577496473&gclid=EAIaIQobChMI4IDy6tmjkwMVGMwWBR3QjwwDEAEYASAAEgLkBvD_BwE,0.0,0.0,0.0,0.0,0.0,0.0,0.0,0.0,0.0,0.0
211,https://www.googleadservices.com/pagead/aclk?sa=L&ai=CiZjPDUe3aebpJbeWgeAPhP7qoArUyeHvhQGX4eSL1RWBmNTrjg4QASCDqaUhYMme-YaAgKAZoAHMstuHQ8gBAakCZFLxjn0nsz7gAgCoAwHIA8MEqgSyA0_QP79uUWGktjHiHu6ooWvIc-Tij8dm3iJFSN-5A4xXmV_MHGJBbAv7wzpDVZdyXkmcQR-jRm5nWzURbYlk_f9pLz89CfiK3NAmt66WH18HNTbsWN2yFXkAHoTWg8K3dAtpDtxDkLkjpXkGw8zLnKNTC7VZr7xv6SyhKpfuLpLEJRs0I67GO2zShaqpxbe039wiAfH9TPg4FRsbhBX6a1qhkwwtGAVir3DvyxEAHjsYj5UjM-hfgWckXsCG6WJO7ycO1Sf6DyvYth2PiMXB1oSNnpfBxwGjS1K8kg-fcT2pbfK1k1b1lGUAz9MP3cCFgVvF_AVeTB8rAZ8zUYHkN0-hQ3BZz3pQdntg1lUXmWKAI0yCq2AHMrc_T-DOclWyvHMKwBn6QV2Z-_YQibkkC2jF_keTk2qg5Q1G174NsaElVS1nUicmrWYOcrkvNJI2UdjX0fYTrW2x33B5XUGxP_txoHZ7pTU6ytMRLNcdhgBd7ZARifHs-kruNEdSrn30TDeMe5eX_sm05dFq4Y9RNNbW2w4Jq76mxZRKYd2_jSHzxZL1L5c2zaOfRyOCSl5ym0prwATZ_qGc2AXgBAGIBYTvkINYoAZmgAfM6qvnHagHp8yxAqgHpr4bqAfMzrECqAfz0RuoB5bYG6gHqpuxAqgHjs4bqAeT2BuoB_DgG6gH7paxAqgH_p6xAqgHr76xAqgH1ckbqAfZtrECqAeaBqgH_56xAqgH35-xAqgH-MKxAqgH-8KxAtgHAdIIMAiAYRABGJ0BMgiKgoCAgICACDoOgECAwICAgICogAKogxBIvf3BOljzlLi_jaOTA_IIG2FkeC1zdWJzeW4tOTg0MzUzNDU0MjE4OTQ0MrEJY6r1A3WPN4iACgOYCwHICwGqDQJVU8gNAeINEwi2t7i_jaOTAxU3SwAGHQS_GqTqDRMI4p25v42jkwMVN0sABh0Evxqk8A0CiA7___________8B2BMK0BUByhYCCgD4FgGAFwGyFw4YASoKMzI1MDM2Mzc0OLoXAjgBqhgXCQAAAAAcGxJBEgozMjUwMzYzNzQ4GAGyGAkSApJUGGYiAQDQGAHCGQIIAQ&ae=1&gclid=EAIaIQobChMIpqS-v42jkwMVN0sABh0EvxqkEAEYASAAEgI9F_D_BwE&num=1&cid=CAQS5AEA56J1eU1J6QuG6YQDNPqh_Rft3qiQiSpEtP3pB09BsTMc2B2FAIjhsg7VAp7YsxJnC6pxnos_CozAuXelKwWKg5i-Msa5Yj_UtxQreDIgxheKXEV-E6_xMV8R_zEiHS_-Ier1gKDxLz6fXy4BMF-pB3yCsp8BNZaz7EucCc0LCdFvA6OzYTC8uw3-YkqO2_sda1sGGlvY_js6s_m7oOldWX4YzQNOR2gGtqVf4WlIhJETCGe89wsvPOuR3rnA6jd7eDr6OjiD_QrsIVGbIHEJEf4572XYseiP3pACM7j8yR5uI3sYAQ&sig=AOD64_1ujUpkFmSCi3NUZp3kPhXQfb3d5w&client=ca-pub-6028289858130678&rf=1&nb=0&adurl=https://www.urlaubskontor-nordsee.de/s%3Fgad_source%3D5%26gad_campaignid%3D23628887940%26gclid%3DEAIaIQobChMIpqS-v42jkwMVN0sABh0EvxqkEAEYASAAEgI9F_D_BwE%23/Nordsee/Juist,https://www.urlaubskontor-nordsee.de/s?gad_source=5&gad_campaignid=23628887940&gclid=EAIaIQobChMIpqS-v42jkwMVN0sABh0EvxqkEAEYASAAEgI9F_D_BwE#/Nordsee/Juist,0.0,0.0,0.0,0.0,0.0,0.0,0.0,0.0,0.0,0.0
212,https://googleads.g.doubleclick.net/aclk?sa=l&ai=CK923mKu3abXmJ6mKjeYPybKQmAamrobvhQHijOHz4hWK-I609UYQASDHnIMkYJXikIKgB6ABwPzd4QLIAQLgAgCoAwHIAwiqBMUCT9DrTayu_XOgS5LMWu3G3t_xne70JJGezFL8nShaA_v9HvahUx-w9m7V1nG9cztFvYe_neIWzgqz_XF9UbebpUvhaMdP3jtWA4nhN1QC43rOXHJZUmq0yirXzpry72zwZd7WCXMmJO9XwQm25ibUr3nM3z_1vu8sUfFHJ4lb51uCPb-HaK5v0CDl-9-guUoAc5TKIt-U_g7CJI_AFjI6QU0_KYEHZIwL8t8eOhEGqkfxI5EzT26TuqbWQWSqEHd6ZuL9yVsOIEV40Oy-UIjsQu4oGhBvFpiFSmv6KYVjkApIHn3kuT9U_2Z4-y2Uck6GfB0YAlVbidMY0_OVJ4vI1Pp8TQjtfNSPgbb3fi8hb_KfYrxZHdC8658zaozahBJ7Hnw0OSR1tFf2LkPLW1mopObE6ROvjIkSZcj7oDYwm4s9dIoR48AEt4rQld4F4AQBiAXW9LqQWKAGAoAHqIOingGoB6fMsQKoB-LYsQKoB6a-G6gHzM6xAqgH89EbqAeW2BuoB6qbsQKoB47OG6gHk9gbqAfw4BuoB-6WsQKoB_6esQKoB6--sQKoB9XJG6gH2baxAqgHmgaoB_-esQKoB9-fsQKoB_jCsQKoB_vCsQLYBwHSCDAIkeGAUBABGJ0BMgiri4CAoICACjoMAICAgICAlKiIAqgDSL39wTpY277nsO2jkwPyCBthZHgtc3Vic3luLTU1MzM2NTAwODg2MDY2NzCxCRD1fes21iz9gAoDmAsByAsBogwDkAEBqg0CREXIDQHiDRMIo-LnsO2jkwMVKUXDBh1JGQRj6g0TCLf357Dto5MDFSlFwwYdSRkEY_ANAogO____________AdgTDdAVAZgWAcoWAgoA-BYBgBcBshcOGAEqCjcwNTExMzc0NzW6FwI4AaoYFwn_____Xx7vQBIKNzA1MTEzNzQ3NRgBshgFGAIiAQDQGAHoGAHCGQIIAQ&ae=1&gclid=EAIaIQobChMItZLosO2jkwMVKUXDBh1JGQRjEAEYASAAEgJaJfD_BwE&num=1&sig=AOD64_1FFAhPTE6w2JR2XGq6oXsk3x9Ofg&client=ca-pub-3533864070776314&rf=5&nx=CLICK_X&ny=CLICK_Y&uap=UACH(platform)&uapv=UACH(platformVersion)&uaa=UACH(architecture)&uam=UACH(model)&uafv=UACH(uaFullVersion)&uab=UACH(bitness)&uaw=UACH(wow64)&uafvl=UACH(fullVersionList)&nb=2&adurl=https://simple.life/survey/%3Futm_source%3Dgoogle%26utm_medium%3Dcpc%26utm_content%3DCIA_FastingForWomenOver40_280825%7CLemonFresh_FastingFemme_NEW_Image_MO006_300x250_DE_2_090326%26placement%3Dwikitree.co.kr%26campaign_id%3D23656839766%26adgroup_id%3D197076976951%26ad_id%3D800248888958%7C%26utm_campaign%3DWW_DE_GDN_CreoTest_MaxConv_FastingGS_Broad_Broad_Web_AllDev_PK_7321_130326%26gad_source%3D5%26gad_campaignid%3D23656839766%26gclid%3DEAIaIQobChMItZLosO2jkwMVKUXDBh1JGQRjEAEYASAAEgJaJfD_BwE,https://simple.life/survey/main/ob/how-many-meals,21.0,21.0,19.0,,21.0,6.0,6.0,5.0,,6.0
213,https://www.googleadservices.com/pagead/aclk?sa=L&ai=C4zd-iYK3adjxBq_bpt8PseussQyzl-rkhQGkhIbCjhWi8Pycn0cQASCbqIc3YMeNgY6EJqABpYHnyQPIAQmpAhcQJAkH5G8-4AIAqAMByAMKqgTYAk_Q6BZUrCb1X4mGp0DzfRSqqa6rWCa2GEkGK--49HgCEU6LwEqAUQ5cv40rOqe1ENW-G-LmLKbZ7M-ao53ESAgfJkQ_ul2H4RV-tAflnHBv7_PszNc6-BJBk3ZnVAT344Ktlj3wIJ4qGmDW0VxrZbMs9Whv0aEOxlNuTg5R7eklq9FjcUsKVY5NSCkTFA04NlI8wwmaP550pNgyoXfFcwjp6rMUYbYHlKtePHnL-70OsSHgYFf7r31ygwPjDcl5-LdQZm3qsrAP4O0nVGZPem9n_IofpLZrVbswqfUrjkuARIliBu8l0cRZ6LpfzWKXa122SDSnpsqjNXl4NPHvp1FUgjQg2o-1nGGC-anSoiv_l9vNpyez4SBolYkdyAHrFIWjWSmD53UI1UjL4F8MAuFNiJPMkIVLGs3dei0NdVaV24-1VrEdTUJFX5zu2QGO8bY43inzna8AwATo85OG1QXgBAGIBYOQsYlYoAYugAfD_pg2qAenzLECqAfi2LECqAemvhuoB8zOsQKoB_PRG6gHltgbqAeqm7ECqAeOzhuoB5PYG6gH8OAbqAfulrECqAf-nrECqAevvrECqAfVyRuoB9m2sQKoB5oGqAf_nrECqAffn7ECqAf4wrECqAf7wrEC2AcA0ggvCIBhEAEYnQEyCIqCgICAgIAIOg2AQIDAgICAgKiAAqgDSL39wTpY9ITBnMajkwOxCehtTMLwK6ShgAoDmAsByAsBgAwBogwDkAEBqg0CWkHIDQHiDRMIrLDBnMajkwMVr63pBR2xNSvG6g0TCOmnwpzGo5MDFa-t6QUdsTUrxvANAogO____________AbgT5APYEwPQFQGYFgHKFgIKAPgWAYAXAbIXDhgBKgo0MTk2MDAzMzQzuhcCOAGqGBcJAAAAALBvEEESCjQxOTYwMDMzNDMYAbIYCRICxWkYLiIBANAYAcIZAggB&ae=1&gclid=EAIaIQobChMImNrCnMajkwMVr63pBR2xNSvGEAEYASAAEgJTtvD_BwE&num=1&cid=CAQS0gEABaugfd9TgQ47fKlkYsOY5UHEDxL_YOYA5JKNIVi5f8KD-FgB3TqJrzJIP9IqlFZRZCS1KdmNdVw88wlpofYH_U4PVe3b3EujjUyQRQ7B0vS-q-0ZyqApxl8wfLWTk_Sc00zKCkV5rAzXO6VEERiUNXz1gvJK8pduHbJ9LbLe0yj2pY8skYTC8Ft82A__t5L052YmcWMCkEaC3tK6p6yRg8M1GLTn_175V_udAMhdAOYDmZG4K_V67Zb90BfGZZ-Ld7o7Y554soBZMbqmuuxHhSQYAQ&sig=AOD64_20kq60r1hH9hfuORX1FKkUWHjzxw&client=ca-pub-9636953777155876&rf=4&nb=9&adurl=https://www.crazystore.co.za/promotions/easter-2026-banner/%3Fgad_source%3D5%26gad_campaignid%3D23641999363%26gclid%3DEAIaIQobChMImNrCnMajkwMVr63pBR2xNSvGEAEYASAAEgJTtvD_BwE,https://www.crazystore.co.za/promotions/easter-2026-banner/?gad_source=5&gad_campaignid=23641999363&gclid=EAIaIQobChMImNrCnMajkwMVr63pBR2xNSvGEAEYASAAEgJTtvD_BwE,,,,,,,,,,
214,https://adclick.g.doubleclick.net/aclk?sa=l&ai=CZEDpjiO2adz7Eci5geAP6q7h2AnL5O_vhQHM77zwwxS3m_Kojw4QASDNno8YYImLxIT0E6AB67nCwQHIAQmpAmgL6CRZ4zo-4AIAqAMByAMKqgSjA0_QDLBpQiDWdo5RjgtSpPHeRHTZdjXavBg2nw4nESWN2NucKcqyGI14HbazAA5QCJGG-Ns0_vl40Lsd-EMkoDoNbdTJFt3wdiiJgyVptdez7VeMmBMMI0Iau6aMLVWLJAIhkC-qf9Te6HHOUZUggH4l_RwU3xClkednO-9PA2htyEJ50oRHTWGe8pK0h7pTjz49bErEZ13I-hncJ4EhucNbHDDSdUPQQuV3JqQLbpxnu9t6KXyYL5--nTxYaQ_5Wf2cj46ztpg-IypN9siqMiybluOwhY7fzYoQGnw24dkSLJXY9Yw_7-PQug1egeVL2hp4j_Zb8lYVWW-YzrrSYE9eGNQjCoFNSyfWcbja7FtrlTstUxyAZiKOtUl0kJhJtdoGsuq3iQFCaG5e7RIhi6MEXBGnjTb13wDrAJRvtKWOKAUkQ4SB6YPMa0Wud45jR8PSTiEb6_NQqZUD_85B4SEtWJ0xPEvqOo5e-Kh-thFmox53xf0CcpxRClvep0v0c3Qo7U8pMQp5i_5rNowB8-7iBBeIm5Ap3CbaPr0Ni1_9HTVewAS_u5rYpgXgBAGIBfyczalRoAYugAf9xb2-AqgHp8yxAqgH4tixAqgHpr4bqAfMzrECqAfz0RuoB5bYG6gHqpuxAqgHjs4bqAeT2BuoB_DgG6gH7paxAqgH_p6xAqgHr76xAqgH1ckbqAfZtrECqAeaBqgH_56xAqgH35-xAqgH-MKxAqgH-8KxAtgHANIILwiAYRABGJ0BMgiKgoCAgICACDoNgECAwICAgICogAKoA0i9_cE6WNnMpsD3oJMDsQkq5Wsh68FG9oAKAZgLAcgLAYAMAaIMA5ABAaoNAkpQyA0B4g0TCKXupsD3oJMDFchcAAYdalcYm-oNEwiN1afA96CTAxXIXAAGHWpXGJvwDQKIDv___________wHYEwOIFAPQFQGYFgHKFgIKAPgWAYAXAbIXDhgBKgoyMzE2NDYxMzY2uhcCOAGqGBcJAAAAADCfCkESCjIzMTY0NjEzNjYYAbIYCRIC7U4YLiIBANAYAcIZAggB&ae=1&gclid=EAIaIQobChMI3PqnwPegkwMVyFwABh1qVxibEAEYASAAEgL5QPD_BwE&num=1&cid=CAQS0AEA56J1eS_SlaYvV9U0IrVYc-8qPuhZFsEqREoHfWsn_NCk-IrlNLB-cElrpbfX4gpGZkRRFukq5hsrbQcCcJvy3GgALM967mqKxmv6wHbUhszrS52sLKEgYS5q7tw_tpq8q0k2bY-L6_CTaE422TAqaVgUk6D6fG0UsG-xJVbYtOdrn6sVOIpgqL7NRX6PisFC6MpurIbiK_N8OM3Y7Obk4Ygn72saHFQfZ9hRIPliDq9Ihmeg2V5skfu6NpCvA3TDwadQj2Y7EoMVGQT2a5AfGAE&sig=AOD64_3nZAnyaXnyJlnddU4nMlVNFMMNyQ&client=ca-pub-4075694933314520&rf=4&nb=9&adurl=https://www.hanashinkumi.com/mailorder/%3Futm_source%3Dgdn%26utm_medium%3Dcpc%26gad_source%3D5%26gad_campaignid%3D21830520444%26gclid%3DEAIaIQobChMI3PqnwPegkwMVyFwABh1qVxibEAEYASAAEgL5QPD_BwE,https://www.hanashinkumi.com/mailorder/?utm_source=gdn&utm_medium=cpc&gad_source=5&gad_campaignid=21830520444&gclid=EAIaIQobChMI3PqnwPegkwMVyFwABh1qVxibEAEYASAAEgL5QPD_BwE,,,,,,,,,,
215,https://www.googleadservices.com/pagead/aclk?sa=L&ai=Czrr0UD60aZivCfiIjeYP55fWyAv9yciuhQHB_7Hj3RXP34ytjw4QASDj0bElYImLxIT0E6ABmbvn5CrIAQmpAnL3uyjD8zo-4AIAqAMByAMKqgS4Ak_QD8DKix3H3UlJVwgPpiYIJ9ppB-2g-WHfUj2pHX3BWKBUImSruej0Y-z6fMIQEh-5FOInfJn6VPQ7A580_k2huVR3VkrI_DVplXC_pXKHxFwQ1G9LVoD-mGRSRXH_vuUmAFHqJnMBZek74RNU7nm1FDC8pWiRaCJFq2ClIxddVlS_dHMgMVdJOVepdmHliLzUqPe-kWezkr9Tdzc2pl6b8C4K2EoQMuAbC1VzuKdDPFUe-pRUYSzLNpUaKHfQNDAqqZ1CKUEa5Uajrop6dUGy_j2fH2fJ7Ys_0YKYP3cm0qHvqfiEYK26C4rkinl42etXGSPPzq92HhYfInwTxCVVS36vVIfXCS8x0KLcv7vxhWx4iAfTwHkqvG2D7PhplKUIQgLYpJFuzPPxLpeCaUc0a15BPF1S6MAE6uHF9dUF4AQBiAX4zc_iV6AGLoAHmfO3xAWoB6fMsQKoB-LYsQKoB6a-G6gHzM6xAqgH89EbqAeW2BuoB6qbsQKoB47OG6gHk9gbqAfw4BuoB-6WsQKoB_6esQKoB6--sQKoB5rhsQKoB9XJG6gH2baxAqgHmgaoB_-esQKoB9-fsQKoB_jCsQKoB_vCsQLYBwDSCC8IgGEQARidATIIioKAgICAgAg6DYBAgMCAgICAqIACqANIvf3BOlit48feqJ2TA7EJI9ejLkGFOFCACgOYCwHICwGADAGiDAOQAQGqDQJKUMgNAeINEwiWqcjeqJ2TAxV4RMMGHeeLFbnqDRMIxJHJ3qidkwMVeETDBh3nixW58A0CiA7___________8BuBPkA9gTA9AVAZgWAcoWAgoA-BYBgBcBshcOGAEqCjU4NjE5MTIwNjC6FwI4AaoYFwkAAAAAcEP4QBIKNTg2MTkxMjA2MBgBshgJEgKtURguIgEA0BgBwhkCCAE&ae=1&gclid=EAIaIQobChMImJfK3qidkwMVeETDBh3nixW5EAEYASAAEgL6M_D_BwE&num=1&cid=CAQS0gEA56J1ebiOM__HXPZ6EiQ0HLIKM_jdfLtsioMa_bBV2QYCuBO3yh6WSnCi4o595e9Se7fVZzMjcfvPV-N83Rt34XUcxDbUPYSnKyPWXO1fDlkM_Ql-dPSgFE4DBejT60w5i0uHDAYbgeiZla3vbLBwI7aLXT6P9-ei3EgdZ2VpW8_aqozDFiGAI1yHy9C0zdeQawYlkDEmOZSxSJdhMTSg9t6mZjvIFQixhHQBbDuBsKp0CztY1ltrlYj-HgU9J9IkNKV8ONpGOmweWK8Z-7y7jDUYAQ&sig=AOD64_3qzJvh60QfEapBRqxPA-Pl4yL6Vg&client=ca-pub-5614695549775797&rf=4&nb=9&adurl=https://www.roche-bobois.com/en-JP/product/lounge-el-deseo-pedro-almodovar-el-deseo-corner-composition---limited-edition--/A182143640.html%3Fgad_source%3D5%26gad_campaignid%3D23560709880%26gclid%3DEAIaIQobChMImJfK3qidkwMVeETDBh3nixW5EAEYASAAEgL6M_D_BwE,https://www.roche-bobois.com/en-JP/product/lounge-el-deseo-pedro-almodovar-el-deseo-corner-composition---limited-edition--/A182143640.html?gad_source=5&gad_campaignid=23560709880&gclid=EAIaIQobChMImJfK3qidkwMVeETDBh3nixW5EAEYASAAEgL6M_D_BwE,0.0,4.0,2.0,2.0,2.0,0.0,2.0,1.0,1.0,1.0
216,https://googleads.g.doubleclick.net/aclk?sa=l&ai=C_4VdicG4afjMEtjbovUP0tzG2QHPs4XrhQHtsuW-sBW-56burEMQASDmtM-ZAWDHlYCOhCagAZz-qpUCyAEC4AIAqAMByAMIqgSAA0_QvkXbcACvpf1tXGFplEUKL-N91Vwr-yVaXcYjaYp_IJC0xJY217r-x1HB6IiXDSbsqy1PWRg0daIE7tX_AptmOmZJKBnjxKu7xCtDKGRSvH0dQOx-FFWuKKJgxe1Gn2eSsvCm0pDWRSEqV3R1qykRUbZqpB1yrWfbdWo2CL_rsbubhAVaasONafIZnwGT-2URun95khMkG7SB2SGCRGFaE6QwUIAG2Coq3d1Oz_evADeR2DQ8-H0O2blZhqenfOBwIyep5BnYzXJ1TXTS43x88tTFM5DzO3YLWAmZqQ0Q4KbPAQvWxrIV9D2pOoH0z_Pgt5k8Jzgjf1AP90zVi4nbHa6JiZ_RKoXrVq7Bb8owJouaZIOSQovc48XxrXa75FM7pZRsrogcA4aUUlRPLpjpxBkoZ_N0TnXQ4Lp-bXjl8DBsU7tKsqXlY5xMXePGati9y91hkE1YsTsO4MmFVN5nOff3aHC5I_knfBwpdBPNMUfGD_Wx8Pg1Fuz7S8nVt8AEqb7J5dgF4AQBiAX63trVV6AGAoAHtpvTvAKoB6fMsQKoB6a-G6gHzM6xAqgH89EbqAeW2BuoB6qbsQKoB47OG6gHk9gbqAfw4BuoB-6WsQKoB_6esQKoB6--sQKoB9XJG6gH2baxAqgHmgaoB_-esQKoB9-fsQKoB_jCsQKoB_vCsQLYBwHSCDIIgeGAYBABGJ0BMgjLioCAgICACjoOgIAEgMCAgICAqIACqANIvf3BOljNroS59qWTA7EJIFNLOQypewiACgOYCwHICwGqDQJaQcgNAeINEwj-04S59qWTAxXYragIHVKuMRvqDRMIhe2EufalkwMV2K2oCB1SrjEb8A0CiA7___________8B2BMM0BUByhYCCgD4FgGAFwGyFw4YASoKNTEwMzg3OTQ4M7oXAjgBqhgXCQAAAADAbgJBEgo1MTAzODc5NDgzGAGyGAkSArFpGAIiAQDQGAHoGAHCGQIIAQ&ae=1&gclid=EAIaIQobChMIuLWFufalkwMV2K2oCB1SrjEbEAEYASAAEgIyrfD_BwE&num=1&sig=AOD64_0Jy9GTvib_c27tiv4g87UIJFMR_Q&client=ca-pub-3677668629134422&rf=5&nx=CLICK_X&ny=CLICK_Y&uap=UACH(platform)&uapv=UACH(platformVersion)&uaa=UACH(architecture)&uam=UACH(model)&uafv=UACH(uaFullVersion)&uab=UACH(bitness)&uaw=UACH(wow64)&uafvl=UACH(fullVersionList)&nb=2&adurl=https://appnebula.co/soulmate-sketch/prelanding%3Futm_source%3Dgoogle%26utm_medium%3Dconversions%26utm_campaign%3D06.02.2026_d%40_irr_m%40_SOULMATE-SKETCH_f%40_GDN_it%40_WW_g%40_Keyword_gt%40_draw-tattooW3%26utm_campaignid%3D23533629306%26utm_adid%3D798447763326%26utm_adsetid%3D195634028329%26utm_adset_name%3DKeywords%26utm_term%3D%26gad_source%3D5%26gad_campaignid%3D23533629306%26gclid%3DEAIaIQobChMIuLWFufalkwMV2K2oCB1SrjEbEAEYASAAEgIyrfD_BwE,https://appnebula.co/soulmate-sketch/prelanding?utm_source=google&utm_medium=conversions&utm_campaign=06.02.2026_d@_irr_m@_SOULMATE-SKETCH_f@_GDN_it@_WW_g@_Keyword_gt@_draw-tattooW3&utm_campaignid=23533629306&utm_adid=798447763326&utm_adsetid=195634028329&utm_adset_name=Keywords&utm_term=&gad_source=5&gad_campaignid=23533629306&gclid=EAIaIQobChMIuLWFufalkwMV2K2oCB1SrjEbEAEYASAAEgIyrfD_BwE,0.0,0.0,0.0,0.0,0.0,0.0,0.0,0.0,0.0,0.0
217,https://www.googleadservices.com/pagead/aclk?sa=L&ai=CtGh1iqC3acfiDtGUvcAP2cerIJqC49yFAY2RzfatFd3ZHhABIJWizhxgiYvEhPQToAGkpYSaAcgBAqkC-tZcjO31Oj7gAgCoAwHIAwiqBP4CT9CDZuTioRm-wiQ-RvOTDca1bGXflSqWve2OTeF8BE12i1WD9jPvutURgRher3YJDGuoVcIUnRcROAKZSvpa9U__FR8iw-PNmlrhVUkQphI-iooHVzHMAT2jP9irgt7Sx6i--Zfqq8Er09XXSX-YWaaGeLPs2w2nEbpHxPSB3xL4jUxRkzszV8w8sXloJ6iozFbvhKuJkwiOrVt3cUOWq32GagtmRtODn-RZi9MuqzStXGYSRDf-yhgUJh6UNgJDDnPNaIvNgqo0GSBvYMvtOIRqGl4IYVhCxEnPeFBGjBhZuAdrfAUfvtt9K9moT207OayPpRLAQPEL0TttaQhjMJBccGqn4whhmdQ5aa_ZqkD0AwBNKFEDte8y_QTnD0ahEKg65WI9T0XjuajsTNiv2CpEQDnafLaGvTgXOrviYGRm04HwCLjUmQABVNsj5gA2Frr0uTMx3ScVCwCZtQtWoFaFZa_QPJ7vWK_h4W3EFYelDWneEDRhW-Focl0q78AEp7yu3N8F4AQBiAWk-vH9V6AGAoAHxNr75QKoB6fMsQKoB-LYsQKoB6a-G6gHzM6xAqgH89EbqAeW2BuoB6qbsQKoB47OG6gHk9gbqAfw4BuoB-6WsQKoB_6esQKoB6--sQKoB9XJG6gH2baxAqgHmgaoB_-esQKoB9-fsQKoB_jCsQKoB_vCsQLYBwHSCDIIgOGAEBABGJ0BMgiqgoCAgICACDoOgMADgICEgICUjuADqAdIvf3BOljF65Hr4qOTA7EJIOCYhQUtediACgOYCwHICwGiDAOQAQGqDQJKUMgNAeINEwiHzpLr4qOTAxVRSg8CHdnjCgTqDRMIi8uU6-KjkwMVUUoPAh3Z4woE8A0CiA7___________8B2BMC0BUBmBYByhYCCgD4FgGAFwGyFw4YASoKMzczOTA2NjYwOLoXAjgBqhgXCQAAAAAIGAVBEgozNzM5MDY2NjA4GAGyGAkSApdPGAIiAQDQGAHoGAHCGQIIAQ&ae=1&gclid=EAIaIQobChMIx8-V6-KjkwMVUUoPAh3Z4woEEAEYASAAEgKIBvD_BwE&num=1&cid=CAQScAAFq6B9ihqUEFRG2oDZC9_H8vmdoFIn8l2pbcG9GxZ3voC5k3dZldbUeCreWw_MXlXYuzSYTclCDv6Vmcoh7tW6-AZOYTLF_JiQs6rktOXxrC2bdWXvjOD1zQsvt-9uqQ7kzBu6MBp2wGkKd8cJklsYAQ&sig=AOD64_1fv6lo0U32f9VBr_aLuTT9B5bD6g&client=ca-pub-0414436487628782&rf=5&nx=CLICK_X&ny=CLICK_Y&uap=UACH(platform)&uapv=UACH(platformVersion)&uaa=UACH(architecture)&uam=UACH(model)&uafv=UACH(uaFullVersion)&uab=UACH(bitness)&uaw=UACH(wow64)&uafvl=UACH(fullVersionList)&nb=2&adurl=https://paypayfleamarket.yahoo.co.jp/campaign/promo/seller/9828/%3Fcpt_s%3Donlineads%26cpt_m%3Dad%26cpt_n%3Dad%26cpt_c%3Dgdn_entafes_2603%26gad_source%3D5%26gad_campaignid%3D23617895716%26gclid%3DEAIaIQobChMIx8-V6-KjkwMVUUoPAh3Z4woEEAEYASAAEgKIBvD_BwE,https://paypayfleamarket.yahoo.co.jp/campaign/promo/seller/9828/?cpt_s=onlineads&cpt_m=ad&cpt_n=ad&cpt_c=gdn_entafes_2603&gad_source=5&gad_campaignid=23617895716&gclid=EAIaIQobChMIx8-V6-KjkwMVUUoPAh3Z4woEEAEYASAAEgKIBvD_BwE,,,,,,,,,,
218,https://www.googleadservices.com/pagead/aclk?sa=L&ai=C3Z-3Bpa3afmGEeeygeAPor-M6A65mOvthQGtz4PRthW2kB8QASCFr_MeYImLxIT0E6ABqP_hsT7IAQGpAs-_QO1i6To-4AIAqAMByAMKqgS6Ak_QjnzPPJt4qny_24M_oL0GEfHU1slqMbOJtRNYyx7eMObRDln1-CQaXuR1_0axRidcd2PShRtXrwtJhNfCMxVBxt5ZyFI0649E39YWTYOllTGk4FvMDqwdDtj3K57fzV35V_-MiKyjrmaJNA31WUSwm_YmLuJFjHZ0040FDMirVVMqzE1Wi3HvlsyEjKeqZL1kHc1YYd_QqJuCjBzsawP9pvzSpt1aZUewUrUl878qs0u1BECWwfotqF7qoLH2x1-ku5RcB1PxB6SxkFX9QvFtd97s6lSRbDjosCM3zqyXX4C2kbM4J3c0fQkcxS6-v2nQ2t_rt-JxAJw9oSJ_kC3mnUQAPXmbo7R9B9QZjdZwq14qnkcHC3ZncC-t4UhZGVdMtjy-tG3jIwNN7lM97-Yle2qiSlEhiA9vwAT6u7OZ2QXgBAGIBfi23Y9YgAeot7KRGagHp8yxAqgH4tixAqgHpr4bqAfMzrECqAfz0RuoB5bYG6gHqpuxAqgHjs4bqAeT2BuoB_DgG6gH7paxAqgH_p6xAqgHr76xAqgH1ckbqAfZtrECqAeaBqgH_56xAqgH35-xAqgH-MKxAqgH-8KxAtgHAdIILwiAYRABGJ0BMgiKgoCAgICACDoNgECAwICAgICogAKoA0i9_cE6WNLqwefYo5MDsQlU24UUPbMnBYAKA5gLAcgLAaIMA5ABAaoNAkpQyA0B4g0TCKvFwufYo5MDFWdZAAYdoh8D7eoNEwif-MPn2KOTAxVnWQAGHaIfA-3wDQKIDv___________wHYEwrQFQGYFgHKFgIKAPgWAYAXAbIXDhgBKgo1NTAxODI5NTc4uhcCOAGqGBcJAAAAAED05UASCjU1MDE4Mjk1NzgYAbIYCRIC704YASIBANAYAcIZAggB&ae=1&gclid=EAIaIQobChMI-aHF59ijkwMVZ1kABh2iHwPtEAEYASAAEgLFzPD_BwE&num=1&cid=CAQS0gEA56J1eZ9pHIuhNHOGs4IsIyKmBr-6Ca9a_Yrqe8gCSlzEnYy5ZQJp3MKSUqBO3C2e8o8Im8ovBeyucPK6x-Dn0lm3fccgbI_U1TLv9D_IwQL1WnDCHdnwN7vzdfZKemReVW5nvbP0PUrwg0mFXWQeHSq1cX5mCSAkhR96EWwKNqQD5PNSDdMhfND4DpPGmbhEL04kqU9aEixJPlcbHpvp3qTFInmhIMYH1SxidO2RRDKtPb4EPhTZhEpZRpoP7ywUIXxNnVbYZCflnmJfgPZ5Pg0YAQ&sig=AOD64_3TABhpTIZYiNGWtgjKZeuKAs6Sug&client=ca-pub-6131228133143733&rf=4&nb=0&adurl=https://wisdom.nec.com/ja/feature/dxmanagement/2026022401/index.html%3Fcid%3Dgdmkblu_dm_bn_google_2603%26gad_source%3D5%26gad_campaignid%3D23655308152%26gclid%3DEAIaIQobChMI-aHF59ijkwMVZ1kABh2iHwPtEAEYASAAEgLFzPD_BwE,https://wisdom.nec.com/ja/feature/dxmanagement/2026022401/index.html?cid=gdmkblu_dm_bn_google_2603&gad_source=5&gad_campaignid=23655308152&gclid=EAIaIQobChMI-aHF59ijkwMVZ1kABh2iHwPtEAEYASAAEgLFzPD_BwE,,,,,,,,,,
219,https://www.googleadservices.com/pagead/aclk?sa=L&ai=CVZW-m9K3ad0_3tuzwg_yspTYAY6T-_GEAbzagoOmFbWQHxABIK2wkSNgiQOgAeCXyM1ByAEBqQL-9lnfdzy2PuACAKgDAcgDCqoE8AJP0AEYM17QbAcgeIUeErvZWVtteISe2Nq0YXkV6Uqy8GUfr8eRdp47EqN7sqLaNIDxLEnmyhelHgYE3v9dyWCbuRGa_oofkqTZqzd6LbqlEBab5aaa8OixQXt_FAb6lXH_7Y_DlKUdTv4TTLb8XpynH_9FYRdJRE6VvK9Bt_CZOuQOtl6QE2NCDLEe-vmnrV4kdIZ3MVRwiLUYAzrFKbADErP5EViF8mEYE6uNO_KcqxnDO7awf24mdTg4Jc5JdPPnlYfdD7M_5hiP5yzE51q_fNE-B4JECd3mEA_H4iuwNYl9cccCHZN6E1jtrETLHMKJpvDPKrKYlxWGcCCK7jGOuTefTIFoHpq4m31dTg0L7Brs2hdL2YD4t5WB1MHp1TkGp9AlmNAEpr64JUW1fzkJm1whRCZOzMrgJhDwLITmTACgwgItcu6LCR5hvzuHBRJ5eIK9p0TF16NK2RL_jFf7Y3Yr0l9WbYN0XtYKyYNvFsAEl-SiysgF4AQBiAXO_LHAV4AH4M-YrRyoB6fMsQKoB-LYsQKoB6a-G6gHzM6xAqgH89EbqAeW2BuoB6qbsQKoB47OG6gHk9gbqAfw4BuoB-6WsQKoB_6esQKoB6--sQKoB9XJG6gH2baxAqgHmgaoB_-esQKoB9-fsQKoB_jCsQKoB_vCsQLYBwHSCDAIgGEQARidATIIioKAgICAgAg6DoBAgMCAgICAqIACqIMQSL39wTpY9IrUypKkkwOxCdmRtBtgfGHogAoDmAsByAsBogwDkAEBqg0CSlDIDQHiDRMIr7zUypKkkwMV3u1MAh1yGQUb6g0TCPnA1sqSpJMDFd7tTAIdchkFG_ANAogO____________AdgTA9AVAZgWAcoWAgoA-BYBgBcBshcOGAEqCjIwODkwMzY3NjK6FwI4AaoYFwkAAAAA0C3-QBIKMjA4OTAzNjc2MhgBshgJEgKrThgBIgEA0BgBwhkCCAE&ae=1&gclid=EAIaIQobChMInfnWypKkkwMV3u1MAh1yGQUbEAEYASAAEgLi-vD_BwE&num=1&cid=CAQS4wEABaugfStM9BKynoUP5y9fccqNu3796qFrJxIkTWiDg_LBuWRqHtfrAhNb4o99cAl-sRtMtRhCn0kWZkZiTUq-sOtYaJ2XDM93ZWUiiMRSJt08XsiGXG183flUkb16YiJvRr-nHDuAZUWy-ECoEVZudZP3suQy8mBgkwGp_abp_rae5XYkeZ_y3CPMlltNhdGZmElNIFjuQ0gzEUUK1oS1YzUtHXOlWLxMILenoHd_ZEc5pHHfWVOG8K_fe9PkQPdMtB2yxxURcBs1zy5UA2u6b8tc_7y0WCTT3na46UlAGFA8OhgB&sig=AOD64_3bE7n8JF9zlQiVCuX1rwg9hxsf6w&client=ca-pub-9415735639897500&rf=4&nb=0&adurl=https://global.fujitsu/en-global/wayfinders%3Futm_campaign%3Djan26-wayfinders-global-au%26utm_source%3Dgoogle%26utm_medium%3Dcpm%26utm_content%3Drsa%26gad_source%3D5%26gad_campaignid%3D23488921166%26gclid%3DEAIaIQobChMInfnWypKkkwMV3u1MAh1yGQUbEAEYASAAEgLi-vD_BwE,https://global.fujitsu/en-global/wayfinders?utm_campaign=jan26-wayfinders-global-au&utm_source=google&utm_medium=cpm&utm_content=rsa&gad_source=5&gad_campaignid=23488921166&gclid=EAIaIQobChMInfnWypKkkwMV3u1MAh1yGQUbEAEYASAAEgLi-vD_BwE,0.0,0.0,0.0,0.0,0.0,0.0,0.0,0.0,0.0,0.0
220,https://www.googleadservices.com/pagead/aclk?sa=L&ai=C0L1KOp22aYzCBPeO29gPs9XHyAWSzJ32ggGJ0NeQmBXvjYuwlQ4QASCj_sIfYMeNgY6EJqABxojqwSrIAQmpAmRS8Y59J7M-4AIAqAMByAMKqgTIAk_Q7a3udwdmX99sti56XMN-3HWHA_KEK7rXGVyteRItg5l4_ksKxY3icg0Csj4Xjps9CW5Dr8o1SzXwgcKgubCZ8fWsIvmBybmXwAJJxSRsLOvej1mC5JKW68n2_KmCb8G_D7PoR9hXlvqjLCamVbisikOSwJuqQaXc2XuyZup6asMwn1Z1b0tO4xASslaxkhqSsQkrnGyXegIwnYw8ZP-sOCv9ldc7n5dPUak-sg0t4BwhCLAdSt9NEEHq1QEboW70PZGWO-zV4w3QIqfzgz07w817V8WYYtGklnohv-kopLAT9Wd9GH_YSJg3GezUIVP3J3aedrtBULdefJp7LayZqxUYm19NbIDOyy_wnvUewoLKfpcrxGWzhtVlrNPGm3o3Rm_wgoKiWoFvEKXO-jiQyKrxvGCPZOkoA09eP0FD6vAxybp9gEDABI3sjdSsBeAEAYgFocqWzlWgBi6AB8bAuqEFqAenzLECqAfi2LECqAemvhuoB8zOsQKoB_PRG6gHltgbqAeqm7ECqAeOzhuoB5PYG6gH8OAbqAfulrECqAf-nrECqAevvrECqAfVyRuoB9m2sQKoB5oGqAf_nrECqAffn7ECqAf4wrECqAf7wrEC2AcA0ggvCIBhEAEYnQEyCIqCgICAgIAIOg2AQIDAgICAgKiAAqgDSL39wTpYsYLCxOuhkwOxCc0vfovDi0cGgAoDmAsByAsBgAwBogwDkAEBqg0CWkHIDQHiDRMI46fCxOuhkwMVd8cWBR2z6hFZ6g0TCNunw8TroZMDFXfHFgUds-oRWfANAogO____________AbgT5APYEwOIFALQFQGYFgHKFgIKAPgWAYAXAbIXDhgBKgo2ODA5ODA1NTg4uhcCOAGqGBcJAAAAAIA4-UASCjY4MDk4MDU1ODgYAbIYCRIClFgYLiIBANAYAcIZAggB&ae=1&gclid=EAIaIQobChMIjMfdxOuhkwMVd8cWBR2z6hFZEAEYASAAEgKmNPD_BwE&num=1&cid=CAQS0gEABaugffylTw10m1w_KhqfOrrhCxHrfwYzrbMeruUSKkAI6G9l1ks14Q9PhVM4pfzfh9pgV_e92ZXxVtkdCz5EkG0wX6u50wFzv702zi0q6iMzIl7HSwpkGASdRLg5XyYRu0-PeDA8uW9IqAnVJwei1J3RXLrbHMuZ8WGXH2hCQjCteYM21-wTJMeB5VzMqG68RRderFYl1GfSGZRxMT7hbKOU46dwEFbL84AUaadvErmDOszQrONU7g0Ix91HD4I7mb3kWOb-Spml_HueXA3jteUYAQ&sig=AOD64_1DBf09wBAHayArpyzpuUUakRKWYw&client=ca-pub-3805416966001714&rf=4&nb=9&adurl=https://www.naitec.ai/de%3Fgad_source%3D5%26gad_campaignid%3D22980961569%26gclid%3DEAIaIQobChMIjMfdxOuhkwMVd8cWBR2z6hFZEAEYASAAEgKmNPD_BwE,https://www.naitec.ai/de?gad_source=5&gad_campaignid=22980961569&gclid=EAIaIQobChMIjMfdxOuhkwMVd8cWBR2z6hFZEAEYASAAEgKmNPD_BwE,2.0,4.0,2.0,2.0,2.0,1.0,2.0,1.0,1.0,1.0
221,https://www.googleadservices.com/pagead/aclk?sa=L&ai=C8NAREFO2aa7CO9LcjeYPvPPCsQWklKXVhQHU-Mip9BW_4R4QASDmtM-ZAWCloJWAmAGgAavUtpRAyAEJqQKPN6sire4GPuACAKgDAcgDCqoE3AJP0Ic91mCWREDdp2ra8Tc7d3-sPI8rWzShFUfQoa676MLULvo6UDPpZzzXDzXiEV3ItJ_fP4LdvSt8VIe3FX49ovu-xie8br_ME3_LV43zQFfRX6PHaG_duzqa_wEDFF1WUFixiiMbIw8NMYxaBEK-3YLxNZ3KJtAExaNp7VdZEZffHq6B05dxswuoHfOoO9N54dv8Zj06LS4KFiZFYpS4i0GE0yJLFI77yRUtcifnSKCeVKYcsnIlTZcEG3y5DOiowauiB_fT4AJaRh0dgH_sBrhZzZXB9hb4lcJbFDqyqbNBwckaIUnfrWdue_-PG7Kogv7Q9f_N-Xvz4jYw5hFfPhHkSeLodRxzd6T2CFhC93cKjdwB9pAaaJva2bY60sYxIIMljqage-n8Tx1mhGWgbnNIdLAxQKAoTJIYkTEjR13lihvzLvrRRRBl41UIclay8hymJIrlv8JLVILABNmBgr3WBeAEAYgF86Hx2lagBi6AB6uMh_QaqAenzLECqAfi2LECqAemvhuoB8zOsQKoB_PRG6gHltgbqAeqm7ECqAeOzhuoB5PYG6gH8OAbqAfulrECqAf-nrECqAevvrECqAfVyRuoB9m2sQKoB5oGqAf_nrECqAffn7ECqAf4wrECqAf7wrEC2AcA0ggvCIBhEAEYnQEyCIqCgICAgIAIOg2AQIDAgICAgKiAAqgDSL39wTpYoO7w56ShkwOxCYA5FUzOaLKSgAoDmAsByAsBgAwBogwDkAEBqg0CQVXIDQHiDRMI6o_x56ShkwMVUm7DBh28uTBW6g0TCLCE8uekoZMDFVJuwwYdvLkwVvANAogO____________AdgTDYgUAdAVAZgWAcoWAgoA-BYBgBcBshcOGAEqCjUxMDM4Nzk0ODO6FwI4AaoYFwkAAAAAuOoTQRIKNTEwMzg3OTQ4MxgBshgJEgKRVBguIgEA0BgBwhkCCAE&ae=1&gclid=EAIaIQobChMIror356ShkwMVUm7DBh28uTBWEAEYASAAEgL_o_D_BwE&num=1&cid=CAQS0AEA56J1ecxYhouXz4UcayO9xKdU0mBnrRrh8QoVyB44lZ5jL2knS6kPHWytSmx1YxmEsAK6YwwLjsQUtmAUZs5CPZvos6a2iHUgSEQNJ3NmQQmZ2JIqSIMwkkRp9OyuP1jkMh1mPWV50X8NJKN59bInVL54XJSqvkJibDJVcwIQj_p1PPyAmao8cVhBctUwmvFxZwUoRgo0LH3V2CztYnB00dy9n65QxOngOfXCPVjY4bZGiSgiRDfv4UILAApk80S81C-d7xmGhnX6aH6qU6B2GAE&sig=AOD64_2-wruJaeJh9wX6LCFAJVYyPU8vKw&client=ca-pub-3677668629134422&rf=4&nb=9&adurl=https://map.naver.com/p/entry/place/2026488103%3Fgad_source%3D5%26gad_campaignid%3D23276048627%26gclid%3DEAIaIQobChMIror356ShkwMVUm7DBh28uTBWEAEYASAAEgL_o_D_BwE,https://map.naver.com/p/entry/place/2026488103?gad_source=5&gad_campaignid=23276048627&gclid=EAIaIQobChMIror356ShkwMVUm7DBh28uTBWEAEYASAAEgL_o_D_BwE,,,,,,,,,,
222,https://googleads.g.doubleclick.net/aclk?sa=l&ai=CbIfTTMC4aduWFP_GgeAPv4iZyQeBgoDphQHHufPJohX2-YDawwEQASDmtM-ZAWDHlYCOhCagAeae97JCyAEBqQI88upf7xhwPuACAKgDAcgDywSqBPICT9BgUC2znuwgM3O6lEYxR4chwBYRInIUIpCTz7GLRN55C4iAAbr784NzolQC0DN0nOaQ5U0bCNCC5UukbNWKa43gInwPKyh0N02ki6DvsXzLnftmD_u-BNAMUn1SknHwt3PGEuoh_kL63YmRyMYeBDwbDJSi_Bx9lR9o7Lb_1W5eiCVmiFmEZ0eVfn8jP7B1_4yys-ZsHNjQ0gi4gC0jAEFsd0-I_1nrRuetkIQR96kshehAQmh_TZU8lAytiQx84KbfjZqSFBaqHz3dIGXbrXH3IGZeYVJ3gfAuBOiGjxzVcPCye9I7pNk2xmqo6QmidInpO3Xg_L42DfXsSC6-0v0sufAA2-gKmMj-nLmOeZJi9mhU1wV-LyCrGVaVtRKD6gxAtAIKmf1Wa1Xp4jvz37CooUUy8nsdMBvWYrVKNC9Z3W1T-qrSoL_2s6HjCP7gcsQqw5Zfqy4lyGXhJ0gVPa_B65L-wTw0qelyQS-UCLDNAcAEvoyCuMQF4AQBiAW5jrGtV6AGLoAH5tbHkh2oB6fMsQKoB-LYsQKoB6a-G6gHzM6xAqgH89EbqAeW2BuoB6qbsQKoB47OG6gHk9gbqAfw4BuoB-6WsQKoB_6esQKoB6--sQKoB9XJG6gH2baxAqgHmgaoB_-esQKoB9-fsQKoB_jCsQKoB_vCsQLYBwHSCDIIgeGAYBABGJ0BMgjLioCAgICACjoOgIAEgMCAgICAqIACqANIvf3BOliUgfKh9aWTA7EJZjOpfSq6alOACgOYCwHICwGiDAOQAQGqDQJaQcgNAeINEwjfm_Kh9aWTAxV_YwAGHT9EJnnqDRMI67byofWlkwMVf2MABh0_RCZ58A0CiA7___________8B2BMNiBQB0BUBmBYByhYCCgD4FgGAFwGyFw4YASoKNTEwMzg3OTQ4M7oXAjgBqhgXCQAAAABAO_NAEgo1MTAzODc5NDgzGAGyGAkSApNOGC4iAQDQGAHCGQIIAQ&ae=1&gclid=EAIaIQobChMI2-zyofWlkwMVf2MABh0_RCZ5EAEYASAAEgJLKvD_BwE&num=1&sig=AOD64_0FTAgV5Z6j3R2ODKCS-6NiZT-pgA&client=ca-pub-3677668629134422&rf=1&nb=0&adurl=https://themarlow.co.za/%3Futm_source%3DDemand_Gen%26utm_medium%3DDisplay%26utm_campaign%3D%7B%7Bcampaign.name%7D%7D%26utm_content%3D%7B%7D%26gad_source%3D5%26gad_campaignid%3D23449061177%26gclid%3DEAIaIQobChMI2-zyofWlkwMVf2MABh0_RCZ5EAEYASAAEgJLKvD_BwE,https://themarlow.co.za/?utm_source=Demand_Gen&utm_medium=Display&utm_campaign={{campaign.name}}&utm_content={}&gad_source=5&gad_campaignid=23449061177&gclid=EAIaIQobChMI2-zyofWlkwMVf2MABh0_RCZ5EAEYASAAEgJLKvD_BwE,,,,,,,,,,
223,https://www.googleadservices.com/pagead/aclk?sa=L&ai=CedTL7xu2acTUD6eUjeYP6vqh6Q7a1YSEfc2t5fOoFL_hHhABIIvwih9giYvEhPQToAGo2armA8gBAqkCZFLxjn0nsz7gAgCoAwHIAwiqBJgDT9D4Qg0q81rWPanAz41D9i84l7fU93LmDypMYel2svlk1aMsRXR9jpfurMexnShsn6XYgMNlos1fLRUwdlaZA1c-9ye_UNSG3eEa7XbMDIB7504q_4E9pYkIhUSgFynGFLsI9vFF4FPTQ6HMrvp3dYzo-_UwfnrQHOXypVt_sxXMPw6AAGgMi5GnYy_To8XQOtmu1Kp1DD01MZ-TcQHQmZqQ8g6BmJtNyWDB9GUDjKDhM3ByV3Fh4jI58H_ZkOXTxE0yAW_5pbQ6-leu5Qn5DLmZUFi3_U3LcMU7u56XuhJ44Eriau-eNR-WkbkEHUPK1nA2q6i_GNpUYfjIQsIXQ927UhiHZBpKrHLeU-fpj7SFt0EFdHZlXO6uepvbig16nGZ3F6mJbzQq4889hLI73DA4ijnhDr5vbAM5FjTa3dj46C0zCcwvm_eqU2x2UCaZjegCtznOF7WnqsTyvZkqQ1grIG39V4FsBdFiY6l-Nc0DBkaBdwQHXiD44cCxSgA4J1srzbF7Phw9xV04ruBBTdVx2Buf-TGWwAT78vH7kgXgBAGIBfquzuZRoAYCgAfAptUZqAenzLECqAemvhuoB8zOsQKoB_PRG6gHltgbqAeqm7ECqAeOzhuoB5PYG6gH8OAbqAfulrECqAf-nrECqAevvrECqAea4bECqAfVyRuoB9m2sQKoB5oGqAf_nrECqAffn7ECqAf4wrECqAf7wrEC2AcB0ggxCJDhgEAQARidATIIi4OAgICAgAo6DYBAgMCAgICAqIACqANIvf3BOljS9Oud8KCTA7EJyoeed3fWPMaACgOYCwHICwGqDQJKUMgNAeINEwjYlOyd8KCTAxUnSsMGHWp9KO3qDRMI8cfsnfCgkwMVJ0rDBh1qfSjt8A0CiA7___________8B2BMN0BUByhYCCgD4FgGAFwGyFw4YASoKMjA0NTIxNDIyOLoXAjgBqhgXCQAAAADA2vJAEgoyMDQ1MjE0MjI4GAGyGAkSAsFOGAIiAQDQGAHCGQIIAQ&ae=1&gclid=EAIaIQobChMIhIj-nfCgkwMVJ0rDBh1qfSjtEAEYASAAEgIHJvD_BwE&num=1&cid=CAQS0QEA56J1eR4-DztsBFPLxEjwZlVRaNfxDL0S2OF9uBwYJZwzwukijZ_M1QIHKILCPpohBr1vP3MHjA3qTinVbds5AQA9koSa6bhV-fGA2hc7zdovbxINVudKM0xCdJ66b9EYHedEVGPV6qIzTaD_O3qpdZCwmCWknWLDprW3cvi0QzPHQd5ZOmIgncx85FeuW5-VdyDpXYJAOw-f8p_G5MJCyhIg6mTEx9fIU_X5TMvpgVeMZLxVohmXR9RKd8QkKfGmtN-9r8LyquOY2fco5CKSHBgB&sig=AOD64_182VYqc5yLs63Uidv64yla3gNDCg&client=ca-pub-3746578658400510&rf=5&nx=CLICK_X&ny=CLICK_Y&uap=UACH(platform)&uapv=UACH(platformVersion)&uaa=UACH(architecture)&uam=UACH(model)&uafv=UACH(uaFullVersion)&uab=UACH(bitness)&uaw=UACH(wow64)&uafvl=UACH(fullVersionList)&nb=2&adurl=https://www.saunainter.com/en/sauna/main.html%3Fgad_source%3D5%26gad_campaignid%3D21958465402%26gclid%3DEAIaIQobChMIhIj-nfCgkwMVJ0rDBh1qfSjtEAEYASAAEgIHJvD_BwE,https://www.saunainter.com/en/sauna/main.html?gad_source=5&gad_campaignid=21958465402&gclid=EAIaIQobChMIhIj-nfCgkwMVJ0rDBh1qfSjtEAEYASAAEgIHJvD_BwE,0.0,0.0,0.0,0.0,0.0,0.0,0.0,0.0,0.0,0.0
224,https://www.googleadservices.com/pagead/aclk?sa=L&ai=CsPNbfrC2aeqtNbeZvcAP28zUkArfqe_ShQHNm7LYlxWOrMGlpyYQASCxxahPYImLxIT0E6ABuOfbzSjIAQngAgCoAwHIAwqqBMoCT9A5hRQH49CCdUgtj0swyJxdaL6eQp7G9LnWvG5n2NY96EaSrah8AzVOFvOULPJmknVjX03B28-4XlqpHfiZf_7OdmbMjG6A1gvUfppDpOrTfxuyXH-RqOAQPwdty_yVhX4WKnyGyFOpwx042znM7NYhCGkYtVLRx8nbCzQA69AyyODMOQ6zgV6qM7ZOuFPNMq92W1DqC3PSNTt-Pnh9YQgcGZRgaCxI_KOd4gl-wL0KVjutBqXX4kzsZ5DpcPXhRxrXMGauN1Rq-cscytIcDxLjl2WFk1y8v5EFinHv8RHt0U2AYP7lwUf7janKzHxyXao45FVppqLRfeV_PxfuYRWjlZvYjAmDPj7kf836tVzrbYzpJcNAnyxKYhXtBlW95OIcQbySlmPScAW12Cs5DBi75VFd_lDS1NSEsYM6DPKnip0pVg32JrJCwASk263NoAXgBAGIBa3zrYxUoAYugAe4n6ytA6gHp8yxAqgH4tixAqgHpr4bqAfMzrECqAfz0RuoB5bYG6gHqpuxAqgHjs4bqAeT2BuoB_DgG6gH7paxAqgH_p6xAqgHr76xAqgH1ckbqAfZtrECqAeaBqgH_56xAqgH35-xAqgH-MKxAqgH-8KxAtgHANIILwiAYRABGJ0BMgiKgoCAgICACDoNgECAwICAgICogAKoA0i9_cE6WJOw7fT9oZMDsQnfg-VyUoGR-IAKA5gLAcgLAYAMAaIMA5ABAaoNAkpQyA0B4g0TCJPv7fT9oZMDFbdMDwIdWyYVouoNEwiIr-_0_aGTAxW3TA8CHVsmFaLwDQKIDv___________wGwDuG5mMAYuBPkA9gTDNAVAZgWAcoWAgoA-BYBgBcBshcOGAEqCjUzOTM3MTY2NTe6FwI4AaoYFwkAAAAAuO4ZQRIKNTM5MzcxNjY1NxgBshgJEgLHThguIgEA0BgBwhkCCAE&ae=1&gclid=EAIaIQobChMI6uTv9P2hkwMVt0wPAh1bJhWiEAEYASAAEgIZHfD_BwE&num=1&cid=CAQS0QEABaugfSlnUbD8XWf7CSg74ftPkkMFngKTX_bCRHY1JjRS6h_9fyRIvd1Oob4U2xR1vXezwON6uhDXNpDJNIZs09AGiIT7kuj-xRzY7MEAV8kVn2i2xjoWaRrkGdLBufBcwl9hgdLJoj2LKZ2F1Vkyos35AEi9e6wCapNWYKBNgxAgbN1dDXB4DVBe30hPuVhgW4YIihZmhGNAMlsaE2bIJ_0MVRoz09KTdlnmgweyGRmSb-Hcfxzgv1nxBRn0RugH8Y9KtMqlXB8d_Swpiu9rwxgB&sig=AOD64_06A6fImm6_onZdsQYbvG_Qz4mEqQ&client=ca-pub-5906247292784018&rf=4&nb=19&adurl=https://grayaway.com/%3Fgad_source%3D5%26gad_campaignid%3D22574496173%26gclid%3DEAIaIQobChMI6uTv9P2hkwMVt0wPAh1bJhWiEAEYASAAEgIZHfD_BwE,https://grayaway.com/?gad_source=5&gad_campaignid=22574496173&gclid=EAIaIQobChMI6uTv9P2hkwMVt0wPAh1bJhWiEAEYASAAEgIZHfD_BwE,,,,,,,,,,
