id_csv,gg_ads_url,advertiser_url,run_1,run_2,run_3,run_4,run_5
225,https://www.googleadservices.com/pagead/aclk?sa=L&ai=CP0oiLA_CabiNEouNjeYPg5XnwQj-wvuEhQH5_8WashW_4R4QASDApasjYJsDoAHDxNzaQMgBCakC24Appiz-Bj7gAgCoAwHIAwqqBNECT9DMuDI-jrl_6MLgH6XUr6opRnm0LAoHMNBd3voZiRTExEM-P9mcKaT1LZx3U-g2wgRIhGTfV1YMpBKXKfmN-E2NVOQBzZzN1wxVPPmBK5IU8IwW3FAUo8En_eU0GqPBECjuSOns4B-cfeMyoONSBYMIUSM5VbT7bdf5UAAfoiwEZhbe_5wEy_8GErIwtvgHUsl7L4ZOamBuYWqsVTrS_VWmdbw4Ulm3RwVaXrvfJHkx5uWuO9DgXqCCH1GmxhJIePB77sFD9HgtCTf6_E0eFgpX9xnp4s3N3Uf83XULJv0knedwFj1mr4_1d_G7vgbgExBO4tcbauca51-pNDzb1bcdQ93wTN7UgiLyBsFHFBk9rLJi50a92pqbeSnO95ql29ium-sIgTuxKItoJ89LIKrkJCN12OmPIt-FyJ7jNHc6Xbc2T8cOOhB5_xGIASvGvMAEtpiRlMgF4AQBiAW445bMV6AGLoAHw_ysuhuoB6fMsQKoB-LYsQKoB6a-G6gHzM6xAqgH89EbqAeW2BuoB6qbsQKoB47OG6gHk9gbqAfw4BuoB-6WsQKoB_6esQKoB6--sQKoB9XJG6gH2baxAqgHmgaoB_-esQKoB9-fsQKoB_jCsQKoB_vCsQLYBwDSCC8IgGEQARidATIIioKAgICAgAg6DYBAgMCAgICAqIACqANIvf3BOliey5Tg1beTA7EJY7NFz9pvDeGACgOYCwHICwGADAGiDAOQAQGqDQJLUsgNAeINEwjl7ZTg1beTAxWLRsMGHYPKOYjqDRMIu62W4NW3kwMVi0bDBh2DyjmI8A0CiA7___________8B2BMDiBQD0BUBmBYByhYCCgD4FgGAFwGyFw4YASoKMTU5ODc2MTQxOLoXAjgBqhgXCQAAAABAVvlAEgoxNTk4NzYxNDE4GAGyGAkSArFfGC4iAQDQGAHCGQIIAQ&ae=1&gclid=EAIaIQobChMIuNOW4NW3kwMVi0bDBh2DyjmIEAEYASAAEgI5gvD_BwE&num=1&cid=CAQS0AEABaugfT62Z0e6trex-6mp5IrpTuHI096-22k4GwJZwALniDwuUeS_veB54jQKDNH_sS07dzrFSevytrflHvZJh2KQ3LpNb_xjn16B9otlLeJFl71K04bal13RKu4CnwzDKdSL8WOX0QxmhGtNt9Yvh7YbgnXBSObFsZW-0bn-UcZvOWEh_zT-T8ipmZbqsy1p1B7nj0lt2JcbB7NVSbh6uSJZNv2oh-ngimEl-i2hPnidG7ZljkDiIcaC-yD4aFSbQc5L42QFap5AgvjPqq-KGAE&sig=AOD64_2-YgieR7k5VoxT1zt8Y3dQU6ZRAw&client=ca-pub-5227748429508049&rf=4&nb=9&adurl=https://www.tourvoucher.or.kr%3Fgad_source%3D5%26gad_campaignid%3D23513641400%26gclid%3DEAIaIQobChMIuNOW4NW3kwMVi0bDBh2DyjmIEAEYASAAEgI5gvD_BwE,https://www.tourvoucher.or.kr/index.do?gad_source=5&gad_campaignid=23513641400&gclid=EAIaIQobChMIuNOW4NW3kwMVi0bDBh2DyjmIEAEYASAAEgI5gvD_BwE,,,,,
226,https://googleads.g.doubleclick.net/aclk?sa=l&ai=CpuKCmwTBad2ZDc2djeYP_o_-yAHqm4b9hQGWm9yWuRXOyM7C40cQASDCiLkiYImLxIT0E6ABo8bc-z3IAQapAghO89Vo7Do-4AIAqAMByAMKqgTIAk_QB8sBa9SMx-OCHbbJoF9aXcDzyfxKXwqEQZe0IC0MquF2vLGzHMsO5yst24Pdr-ry6MKih5Jh1Rl-_Axew0PhzhJpwwnltuGQhuQGuq77J001SSlpmk0BWvaFgJRrBn-tB2T3PmkL20v-B29pUZHIDd4_-tq0LiAKs9HzyNkf0alT3FtO9gI8UTYYf6iMFekTk7BOgrMKv1LEBRmYIlJpdR6MnmkL1wrg6AyOuyrr4UfT4_UNjn6A_3o0uZvKVMKw48cpKsGvJTaTwxwKAjZGU6lsWXNVRia25SUsza582nWdxR2g4uZozcDt2lAjk70vTCeb-R90jrlHfBbQmbFlsFv-y5kXkEKGofWZ-Mfn29XzBqD1Cxo4yAXzAuZifeTzBwg-jWISwFzY-hT5WYcP0z_lQEXJAIizQvatcI25mGz583GR3LHABLLm-Me-BeAEAYgFzNOA7VegBjeAB6P-rNsYqAenzLECqAfi2LECqAemvhuoB8zOsQKoB_PRG6gHltgbqAeqm7ECqAeOzhuoB5PYG6gH8OAbqAfulrECqAf-nrECqAevvrECqAfVyRuoB9m2sQKoB5oGqAf_nrECqAffn7ECqAf4wrECqAf7wrEC2AcB0ggvCIBhEAEYnQEyCIqCgICAgIAIOg2AQIDAgICAgKiAAqgDSL39wTpYqPGixNe1kwPyCBthZHgtc3Vic3luLTM0NDgzNDE4NTI5MjkyNTOxCd0n0OcTLiG3gAoDmAsByAsBogwDkAEBqg0CSlDIDQHiDRMI2J-jxNe1kwMVzU7DBh3-hx8Z6g0TCLvYpMTXtZMDFc1OwwYd_ocfGfANAogO____________AdgTDdAVAZgWAcoWAgoA-BYBgBcBshcOGAEqCjQ4MTIxMTMxNTG6FwI4AaoYFwkAAAAAwLrjQBIKNDgxMjExMzE1MRgBshgJEgL6Uxg3IgEA0BgBwhkCCAE&ae=1&gclid=EAIaIQobChMIndOlxNe1kwMVzU7DBh3-hx8ZEAEYASAAEgIVcvD_BwE&num=1&cid=CAQS0QEABaugfTPWmNo0d-PANTBT8ktz6cc9yu01CGM8iSmOEZlyKUXPFUwTZtLKoVw-kiOj4hbpEYdkaq9Wmms8nXlAnDnDTf5rH-n-Ps97ynvZBCU2xgWdyBIeQOvXzX6hLFQYBEfCvJg6Cfj2VRwDkxG5qhKSITuw2yNFUD09mqyvyYSd76J26eCrK1bnhDP6DE-V7rjqPZpc2xnwfVSrTS6E2owu_azT5jRzT4zwQCmSymy-aoWHyBs8c3vGT-HXLzJUPdgS_fLoXYIeakTyETKoGBgB&sig=AOD64_1iGKbyLBz21yFjXQVBLNTOrCA3gA&client=ca-pub-5610521491184789&nx=CLICK_X&ny=CLICK_Y&uap=UACH(platform)&uapv=UACH(platformVersion)&uaa=UACH(architecture)&uam=UACH(model)&uafv=UACH(uaFullVersion)&uab=UACH(bitness)&uaw=UACH(wow64)&uafvl=UACH(fullVersionList)&nb=9&adurl=https://saponet.mynavi.jp/special/t/saiyo-solution/%3Futm_source%3Dgoogle%26utm_medium%3Ddisplay%26utm_campaign%3DTG_06%26utm_term%3D2602_01%26gad_source%3D5%26gad_campaignid%3D23582484940%26gclid%3DEAIaIQobChMIndOlxNe1kwMVzU7DBh3-hx8ZEAEYASAAEgIVcvD_BwE,https://saponet.mynavi.jp/special/t/saiyo-solution/?utm_source=google&utm_medium=display&utm_campaign=TG_06&utm_term=2602_01&gad_source=5&gad_campaignid=23582484940&gclid=EAIaIQobChMIndOlxNe1kwMVzU7DBh3-hx8ZEAEYASAAEgIVcvD_BwE,,,,,
227,https://www.googleadservices.com/pagead/aclk?sa=L&ai=CVdX90P3AaY_MDYOl2roPsYHdgQz75ZSHhgGJps-AhhW2kB8QASC-z4caYImLxIT0E6ABo7mp0D_IAQmpAtEAJLuZI4E-4AIAqAMByAMKqgTvAk_QjY9Iua-ayXoBzJUY9ITIe0qR9LPIsjiaRincFKqhOPejOcKYah6lO1g3UodqdvpZRAuis2f8bZsgh42-WbdHBTYMIOdyNzFCdPqKOVwng7gb_PCnbEX6sl_Aoy0mccPdSFIEeqHJspW2JfNisMde9Om58ErKBSqZQZDU9vFKbsXMsePfl5dQ7e26hkrsdfpDiUvPTq54torkH5F2cflblVR4KL01W9ZudyjquOmyxx5DofY7qZV-TxGI02EyPgIyw8CWMj9wa8PkuMzLyxLqvJQN8OcypvE9uhvUepZZTAsFkSqTxXBdTLruWv4TdqxDAjg0-gh2EP_mDV3RCB39H0Yx8pEMcxekFQAG_Ga39H1pgZs2_R_4QXe-N_FItlh8NoobOOBr8eO5b3wrUfmALfngQuX9SYU7eljHq3EpfGHdw7wRjrMkmoJWH_CC1njTjnQIS-G7iRQQq1VVsEdn_na-wV3YG2cgDvogwSjABNCX1I7ABeAEAYgF3MKhzlagBi6AB6Px-a8aqAenzLECqAfi2LECqAemvhuoB8zOsQKoB_PRG6gHltgbqAeqm7ECqAeOzhuoB5PYG6gH8OAbqAfulrECqAf-nrECqAevvrECqAfVyRuoB9m2sQKoB5oGqAf_nrECqAffn7ECqAf4wrECqAf7wrEC2AcA0ggvCIBhEAEYnQEyCIqCgICAgIAIOg2AQIDAgICAgKiAAqgDSL39wTpY4vGGh9G1kwOxCQDYDfIU-4rwgAoDmAsByAsBgAwBogwDkAEBqg0CSlDIDQHiDRMI1amHh9G1kwMVg5JWAR2xQDfA6g0TCPuWiYfRtZMDFYOSVgEdsUA3wPANAogO____________AdgTA4gUBtAVAZgWAcoWAgoA-BYBgBcBshcOGAEqCjM4NTI2MDc0Mzi6FwI4AaoYFwkAAAAAgJ7yQBIKMzg1MjYwNzQzOBgBshgJEgK7TxguIgEA0BgBwhkCCAE&ae=1&gclid=EAIaIQobChMIj_SJh9G1kwMVg5JWAR2xQDfAEAEYASAAEgLfG_D_BwE&num=1&cid=CAQS4wEABaugfZvE7w7Ly8xldZoieu2chZDfID7dUCA-0LpEGONV5crxGMQqWBV1RI1DoG1rafUh4BFiF9b9A4I0EWB4E9VVBX7W11_WsQtNh6BYX4VS54Twu_VyZ6SiefCB8Jlci11CLDvcMA2_NNoa8_RVdTGxNdgBQPh7VoGY_nExUWJaFyuoHCQgvgr7uqekvfj7tVe0OwkF3AnWJmdaFNDCKJgwRwEAC436FPpdtcRVjaiSKASOUGMWSt6fDjRWdMOJcimZRa65HSc2TBf1tR11H5iOaG_Y0-gOS0VlLvxaSjVqkRgB&sig=AOD64_0_8TYcNwMQQKjmlHoEwNAB8AV9wg&client=ca-pub-6453680425766689&rf=4&nb=9&adurl=https://www.srk-hautehorlogerie.com/%3Fgad_source%3D5%26gad_campaignid%3D23249576284%26gclid%3DEAIaIQobChMIj_SJh9G1kwMVg5JWAR2xQDfAEAEYASAAEgLfG_D_BwE,https://www.srk-hautehorlogerie.com/?gad_source=5&gad_campaignid=23249576284&gclid=EAIaIQobChMIj_SJh9G1kwMVg5JWAR2xQDfAEAEYASAAEgLfG_D_BwE,,,,,
228,https://www.googleadservices.com/pagead/aclk?sa=L&ai=CIorgrGDCacqwOM-Qms0P8uGK6A32vJqMgwHFlu3-vBTqn9yg1AEQASCwhZ0aYMfdgI6EJqAB6s2Q5ynIAQmpAn6Lh0lps28-4AIAqAMByAMKqgTdAk_Qr-7Pqz_1KTaBQf3B804CjERHZ7h_OrxrlN4XxNUj2BpbpCiOeSP_jD-zou16lyKV6WQwV91Lu77hK7U9HQHRgq7tHpsh-W2gMRfbOXCYK4TkN3bKDmbi_-1vwhhWKYCvmkOmJC9XWZ_I1Wi9wit3Yxelgp1RPtCP9T4IHLlYQgkIOJ0uXzjso3f80LumsO6BxlmWIylLE1B8uoUB3e2o6-442K2gUBuYtoP9u5OvCRO9Lz0wLY257mSpc8iukkUXvD1xL_rxfttStt3Cc6B5DoZRm54YbCzLRhzPg79TigRpmBUr32bu08tMGKyp8ScfquszoODkMbZvV-CE0Mnm6bU81idCvWUh1-dKWY4dUBj17d5aFjtSfCdrAAEMn8cPMugmrOEegdgYjTBUCyb5eIeh0DSPlKX7Y-53RmmWj3Is4axBz4F3ZErwEqFgv46gachTkULdKjWeMqrABOC30cjJBOAEAYgFgJyFx0ugBi6AB-qF4cYEqAenzLECqAfi2LECqAemvhuoB8zOsQKoB_PRG6gHltgbqAeqm7ECqAeOzhuoB5PYG6gH8OAbqAfulrECqAf-nrECqAevvrECqAfVyRuoB9m2sQKoB5oGqAf_nrECqAffn7ECqAf4wrECqAf7wrEC2AcA0ggyCIDhgBAQARidATIIqoKAgICAgAg6DoDAA4CAhICAlK7gA6gHSL39wTpYvoKWvaO4kwOxCYVzJNw8Wv2dgAoDmAsByAsBgAwBogwDkAEBqg0CWkHIDQHiDRMI8-mWvaO4kwMVT4imAx3ysALd6g0TCIaPmb2juJMDFU-IpgMd8rAC3fANAogO____________AdgTCtAVAZgWAcoWAgoA-BYBgBcBshcOGAEqCjI0NTk4Mzc2NTe6FwI4AaoYFwkAAAAAkC32QBIKMjQ1OTgzNzY1NxgBshgJEgKhTxguIgEA0BgBwhkCCAE&ae=1&gclid=EAIaIQobChMIyraavaO4kwMVT4imAx3ysALdEAEYASAAEgLmEfD_BwE&num=1&cid=CAQSbwAFq6B9UJMjYpZ1UMtfsjnHEJFOe_91l63CYkMy5AXuxJ-DCozIuglwaQiCVTxaqDbuLI9bwaQPZq8PAIKEv3z54qtkF6w2F0_HRSGfEHk7JKfxMmGU7pH2XqweLmrEIACZnoW5RTO2jB6bOmB_lxgB&sig=AOD64_0RgHpXR_vZM8lVciPfsEXet35A7g&client=ca-pub-6447179309296276&rf=4&nb=9&adurl=https://www.vingerklip.com.na/%3Fgad_source%3D5%26gad_campaignid%3D20281642496%26gclid%3DEAIaIQobChMIyraavaO4kwMVT4imAx3ysALdEAEYASAAEgLmEfD_BwE,https://www.vingerklip.com.na/?gad_source=5&gad_campaignid=20281642496&gclid=EAIaIQobChMIyraavaO4kwMVT4imAx3ysALdEAEYASAAEgLmEfD_BwE,,,,,
229,https://googleads.g.doubleclick.net/aclk?sa=l&ai=CvRWHXffBacO2FZOWjeYPnfLa2QH5lPmhhQGolojv1RXq3anmDRABIJzO83tgmwOgAYG0kqICyAECqQIRo5MarR47PuACAKgDAcgDCKoE0QJP0Mjr3qv5ok4N9NASAhHdolS5Q0JdzYRvMBLoJTf7mLZoA-Qu-IyhZ5BDZVnk-10PELlakoWF9E1DYE5VlHgm_xqjMy-udjW0188ZWRVEIEQUE_lycgFerTz1Z-EMKFY6MVrUWMB0CLza9Gb62Ds0jAUJhkGNwi6TIjDX_X4mRVtIXJngMj3CxBuTcedo5F42AQqJtHkzUKE0BKktgSfpEoA7Fj_U4VOLA0KuUFVlgVLEJONaRNdy3T4riRNQBRN0K4hTGKum1LFJfx5holZDzw6_VbSuqTjt8YzE4Xq6E_IMxugkhnU13lZDOUga8bweNtor1NMeZHJLuTblqSPlxF6x0sknwf3NR_6TdygD6c7HDPVBPevXlNlfChMAkt4OA2P4q4BIhqCLSVRfprBJYLFAJTv06QZ637lRPSq4TLT8EFCQxaGXMXY7UfY5MAXzwASMzqqo1QXgBAGIBc_O4tpXoAYCgAfny-3dAagHp8yxAqgHpr4bqAfMzrECqAfz0RuoB5bYG6gHqpuxAqgHjs4bqAeT2BuoB_DgG6gH7paxAqgH_p6xAqgHr76xAqgH1ckbqAfZtrECqAeaBqgH_56xAqgH35-xAqgH-MKxAqgH-8KxAtgHAdIIMAiAYRABGJ0BMgiKgoCAgICACDoOgECAwICAgICogAKogxBIvf3BOli8re-Fv7eTA_IIG2FkeC1zdWJzeW4tNzc2MDkzODMzNDQ0NTQxN7EJ49oNxN18ob-ACgOYCwHICwGqDQJLUsgNAeINEwiMze-Fv7eTAxUTS8MGHR25NhvqDRMI6rfwhb-3kwMVE0vDBh0duTYb8A0CiA7___________8B2BMN0BUByhYCCgD4FgGAFwGyFw4YASoKNTAxMTI0ODcxOLoXAjgBqhgXCQAAAADg5uhAEgo1MDExMjQ4NzE4GAGyGAkSAvZOGAIiAQDQGAHoGAHCGQIIAQ&ae=1&gclid=EAIaIQobChMIg9nwhb-3kwMVE0vDBh0duTYbEAEYASAAEgKB9fD_BwE&num=1&cid=CAQS0AEABaugffxyX8H6ZEfDOj7uzZ-8FxY4G0QfnIkmjfpoNeU6SZhlm1tTFK762Jrd9hqKBvK52KOGONlZ0sFPaWf5sSz_l5u_CulYEk0aoyCRajdND555MgkoFtijArzPEPGUQUG9oBPyheh-7zfU3cwjLGTHfE9Asb3lkHpmn-4YrPf60730x3MwOVG4YEgWuurDUVzpVPkfgXvoctTPpZGSoGX6Z-Xx4g9Glgl2r49Xn3vE7CdD1LNTwm3ASc3zwyV0Z9QNxinGP84jF8Bjiz4bGAE&sig=AOD64_2I-NmJGTiamdVJyCZO8fF-9ZLIdg&client=ca-pub-2730263451308801&rf=5&nx=CLICK_X&ny=CLICK_Y&uap=UACH(platform)&uapv=UACH(platformVersion)&uaa=UACH(architecture)&uam=UACH(model)&uafv=UACH(uaFullVersion)&uab=UACH(bitness)&uaw=UACH(wow64)&uafvl=UACH(fullVersionList)&nb=2&adurl=https://konohoken.com/lp/nanairo/%3Futm_source%3Dgoogle%26utm_medium%3Ddisplay%26utm_campaign%3Dnanairo_overseas%26reff%3Dkonohoken_ad_gogen%26gad_source%3D5%26gad_campaignid%3D23544244047%26gclid%3DEAIaIQobChMIg9nwhb-3kwMVE0vDBh0duTYbEAEYASAAEgKB9fD_BwE,https://konohoken.com/lp/nanairo/?utm_source=google&utm_medium=display&utm_campaign=nanairo_overseas&reff=konohoken_ad_gogen&gad_source=5&gad_campaignid=23544244047&gclid=EAIaIQobChMIg9nwhb-3kwMVE0vDBh0duTYbEAEYASAAEgKB9fD_BwE,,,,,
231,https://www.googleadservices.com/pagead/aclk?sa=L&ai=C8LZBoC7BabXJB_CA3NMP6cy2gQfC1YnDhQG95J3GrRW2moqwgyoQASDY1PWlAWCJi8SE9BOgAYXS8LoCyAEJqQISXUaZu_A6PuACAKgDAcgDCqoEuAJP0PunqzfB2JDqGQup0t-uHR1oiVmDXgsZW-w7Cku7_wTmTlTAKtwoJAFtaMWsGaoV7JeF6avQ7rxaQf9i4X_dPBMCvubyWPMJQiCKxtF9Sl66qBJT1g0ePssO3iurNNzvRADa2njx4Cc3uonQobqAKRnZOLZY6YB-wHLp-1uYyWDC87nceCFiASts5pa3edSnQultl1uw13astSPbjgh0mPlezxndHYBHnjBmV5Q8weti1alRJ-LsTsiNL7JIHqOab3ntIZhhXn-EXDMBWSZ4xxgzTRMd-JUfV2wwSk9nrVWPRhUjW1b1jEP180qEKCUKsZjQkfS9DvvLVshQPHSxw03TzW6pTCp7iaBNruNoiMU2gd6KABzb9WF4n7UEHjXwBILEo2IvTq2NmLmDJOAUVBiz194vxy3ABNic-La_BOAEAYgFn9CVi0ygBi6AB-Otj8UBqAenzLECqAfi2LECqAemvhuoB8zOsQKoB_PRG6gHltgbqAeqm7ECqAeOzhuoB5PYG6gH8OAbqAfulrECqAf-nrECqAevvrECqAfVyRuoB9m2sQKoB5oGqAf_nrECqAffn7ECqAf4wrECqAf7wrEC2AcA0ggyCIDhgBAQARidATIIqoKAgICAgAg6DoDAA4CAhICAlK7gA6gHSL39wTpY87DIzf-1kwOxCferKMYh_WS4gAoDmAsByAsB2gsICBEQo8qGzzqADAGiDAOQAQGqDQJKUMgNAeINEwiVj8nN_7WTAxVwAHcEHWmmLXDqDRMIs-DKzf-1kwMVcAB3BB1ppi1w8A0CiA7___________8BsA631eSOGLgT5APYEwv6FCkKBQiSBDAhEKPKhs86IgIIASICCAMiAggCIgIIBDDDu_yITDi31eSOGNAVAZgWAcoWAgoA-BYBgBcBshcOGAEqCjE5MjM2NjA2NDi6FwI4AaoYFwkAAAAA8JgBQRIKMTkyMzY2MDY0OBgBshgJEgKqUBguIgEA0BgB6BgBwhkCCAE&ae=1&gclid=EAIaIQobChMItZnLzf-1kwMVcAB3BB1ppi1wEAEYASAAEgJDVPD_BwE&num=1&cid=CAQScAAFq6B9u9jROuBF6JPeaxPizMAuSsMAytE0YWsPha9jxbNDw3p8cjH1Mg5x49XXxaJNF6UpcBUR0gkVWbAP3uKLIcZfNLRQOg5NhqUu5S8paz7_C11fop7aW4isfUos76u6IoL9iyS5CuCgy7WokwEYAQ&sig=AOD64_3sWbm3uuT9nkTKZ_ZPwloRBTN01g&client=ca-pub-7446550989060601&rf=4&nb=9&adurl=https://kaitai-mado.jp/lp/choice7-w/%3Futm_source%3Dgoogle%26utm_medium%3Dcpc%26utm_campaign%3Dpmax%26gad_source%3D5%26gad_campaignid%3D20424517663%26gclid%3DEAIaIQobChMItZnLzf-1kwMVcAB3BB1ppi1wEAEYASAAEgJDVPD_BwE,https://kaitai-mado.jp/lp/choice7-w/?utm_source=google&utm_medium=cpc&utm_campaign=pmax&gad_source=5&gad_campaignid=20424517663&gclid=EAIaIQobChMItZnLzf-1kwMVcAB3BB1ppi1wEAEYASAAEgJDVPD_BwE,,,,,
232,https://www.googleadservices.com/pagead/aclk?sa=L&ai=CuFxNIWvCaay6BO7mpskPk67C2Q3y_5r3hQGciZ3v5hDcjP-nvwkQASCL1bEgYMfdgI6EJqABsOnZkgLIAQKpAslFSEQX2G8-4AIAqAMByAMIqgTUAk_QbDpvmPqEG307GaJX9pOChaVVuaM8xkDRaf6pNSETLHc_rCw_q8Cqvi7-U7fzq8aELl8WzVmH__YL5xaZ1j5a8MkWbzSufJsmhee-JzA7O0R4buJfku_0bV6yaxT6C_pmyJ3TOt3zYR0924D8S-I6TTd_G1kyYSTA7FBBmZ-ETRMR1Bup6wTDBdYKdKSX5g9XaArZgQHtbOaozmgpixEErrawEv-cu_-7LerLDq9eDo-yg3cJHGAy_dYs7Nre0GRSAFgkTLokuTiBLpJIZ-pe8vK3TP-n6lz5ADqJ0ldw4JaBWsMdLMfuWlyzNzh3ELfCnntVrTAFQ5rmBVgAzuNCNanvJL6cR01nui35ng3ZYxFj8bZV6Wg1maknAz6xl6KLfWYPWr6LLEFuXdTZp3XzwzDt8sibVK3XdMRD2UTDUy61FMXucaoOgE3scGVvGwVsQu3ABMqsyfDnA-AEAYgFspeAhCqgBgKAB7iWpu0BqAenzLECqAfi2LECqAemvhuoB8zOsQKoB_PRG6gHltgbqAeqm7ECqAeOzhuoB5PYG6gH8OAbqAfulrECqAf-nrECqAevvrECqAfVyRuoB9m2sQKoB5oGqAf_nrECqAffn7ECqAf4wrECqAf7wrEC2AcB0ggvCIBhEAEYnQEyCIqCgICAgIAIOg2AQIDAgICAgKiAAqgDSL39wTpYodWiua24kwOxCTqlgxI4lB7IgAoDmAsByAsBogwDkAEBqg0CWkHIDQHiDRMIsoCjua24kwMVbrMpAx0TlzDb6g0TCLn_pLmtuJMDFW6zKQMdE5cw2_ANAogO____________AdgTDdAVAZgWAcoWAgoA-BYBgBcBshcQGAEqCjg5OTA0MTE5MDRQBroXAjgBqhgXCQAAAADgwexAEgo4OTkwNDExOTA0GAGyGAkSAqZPGAIiAQDQGAHoGAHCGQIIAQ&ae=1&gclid=EAIaIQobChMI7M6lua24kwMVbrMpAx0TlzDbEAEYASAAEgJfWPD_BwE&num=1&cid=CAQS0QEABaugfZblbvOyMXsWpNi9uJPm4cPI0JCo0d5GUJf-OG2tVY-3C9XtDdNfjMGZFhGMgAwKFyb7OstX5lq0MkD9cFecEQYmIVIQBk0usMhCgb0kbe5_0aa2NIRC4mwfyN8Mht7I2L4V_YWBkZai-riV8c-N5c3Rx6bul3oqHlax_byunJM0JsMbSAYH-EDjjAcqXPEjG6sAF2hUPfILc7xATP5Ko0pjdkGXbuV1THwpi05dLxebpW0eG7g83mCbiDUCvCBP4LZxQR09Dt5lA8_TLhgB&sig=AOD64_0CyUivtg_-LppOb6ChpwCyhxXMhA&client=ca-pub-2378110306265632&rf=5&nx=CLICK_X&ny=CLICK_Y&uap=UACH(platform)&uapv=UACH(platformVersion)&uaa=UACH(architecture)&uam=UACH(model)&uafv=UACH(uaFullVersion)&uab=UACH(bitness)&uaw=UACH(wow64)&uafvl=UACH(fullVersionList)&nb=2&adurl=https://www.welgevonden.org%3Fgad_source%3D5%26gad_campaignid%3D11282680754%26gclid%3DEAIaIQobChMI7M6lua24kwMVbrMpAx0TlzDbEAEYASAAEgJfWPD_BwE,https://www.welgevonden.org/?gad_source=5&gad_campaignid=11282680754&gclid=EAIaIQobChMI7M6lua24kwMVbrMpAx0TlzDbEAEYASAAEgJfWPD_BwE,,,,,
233,https://www.googleadservices.com/pagead/aclk?sa=L&ai=C9NrJUCHBae61F66RjeYPsKmZYKuDu7iDAbenu5njE6Gm-PPQHRABIIvwih9giYvEhPQToAGNuZ_vPsgBCakCYmY0M7Fgsz7gAgCoAwHIA8sEqgTUAk_QyUEAtOFMj9EZjoZ_VsobuM1T2_bkuky13Kue2F8IBY9PJ9hwfbrgobgayZDzRSc3bi1mpMXtFsUU-xCUkNmuL-hkC4wEXjczWgX0bphaG3U2n50zA_jiVg4bMMZPMRd33zq4FNJK018q9_62HFIMuoYRdIaxuRdsEHIoCFkTIB4t1t7W0FW1-P4B2Fjg0FpTzc-QCArun3AfcvTKIyYAQFZXRJKpkjUZ2I-5eOu3vOoJwy1WRgB6SSMK9Rp_xLMCuUHjLd0LVJfmuu6_kGK8-O0VxnSswikFuqB01zhdl6UZaUm4bFARfJdYvy9Zq2ZLCwqRx7KKhFENkxFpiidaegr51MIb5DrqimOBlVoIo4UExZm3WvSivufxW8-3Yw_25QjgucL2tvW4wn6oOHwvJ3OF5AvRh1k4jD4ZEqGM_Bgomd4XyE6E8oGSivJIsf7XDXXABIm87t2SBeAEAYgF04-K-VLABQX6BQYIJRABGACgBi6AB43x784ZqAenzLECqAemvhuoB8zOsQKoB_PRG6gHltgbqAeqm7ECqAeOzhuoB5PYG6gH8OAbqAfulrECqAf-nrECqAevvrECqAfZtrECqAeaBqgH_56xAqgH35-xAqgH-MKxAtgHAMAIAdIIMQiQ4YBAEAEYnQEyCIuDgICAgIAKOg2AQIDAgICAgKiAAqgDSL39wTpY6oLS9PK1kwOACgOQCwOYCwHICwGADAGiDAJIAaoNAkpQyA0B4g0TCJul0vTytZMDFa5IwwYdsFQGDOoNEwjM5NL08rWTAxWuSMMGHbBUBgzwDQKIDv___________wGwDqulzbUY4BKxs4-2h-ecmZYB2BMM0BUB8BWQlJGQFPoVKHNob3BpZnlfSlBfMTUyNDE4MDc3NTc2ODdfNTYxNzg3MDA1NTA1MTnKFgIKAPgWAYAXAbIXDhgBKgoyMDQ1MjE0MjI4uhcCOAGqGBcJAAAAAGAL8kASCjIwNDUyMTQyMjgYAbIYCRICvVAYLiIBANAYAcIZAggB&ae=1&gclid=EAIaIQobChMI7p3T9PK1kwMVrkjDBh2wVAYMEAEYASABEgJIiPD_BwE&num=1&cid=CAQS4wEABaugfe3UiXLT2Ik8laiw5H_KZMnwQSQOHBqzPJ_d2txC0M1uABfFU9wVy0wuohS6AktaNryASFMusdwhzkgnRYAjQ4po2X2Xhwk_PUY9kfCFHY6FRi6FOLwTJO6tzhGI1JVGC1D5EJzaDmqmwK8n7AqSb2zh-Sw6xL5PF2SalcKZio2hOrHZpKIw5CohAeZ9vADp0feogvspzPo1frlraFErpfNWfiFq9RxX7LQVF7uoNEJuna0qSSvhR-HSL33QEG3AwcxtcndV6ig9dLfE8zpgx_PegFAKp8djgACF6hXCxhgB&sig=AOD64_3wdZo3rAPeo959uISiZTm7fUBKxA&ctype=5&client=ca-pub-3746578658400510&nb=9&adurl=https://shop.ogata.com/products/kaori-incensejar%3Fcurrency%3DJPY%26variant%3D56178700550519%26utm_source%3Dgoogle%26utm_medium%3Dcpc%26utm_campaign%3DGoogle%2520Shopping%26stkn%3D0522f74fd4a4%26gad_source%3D5%26gad_campaignid%3D22265628627%26gclid%3DEAIaIQobChMI7p3T9PK1kwMVrkjDBh2wVAYMEAEYASABEgJIiPD_BwE,https://shop.ogata.com/products/kaori-incensejar?currency=JPY&variant=56178700550519&utm_source=google&utm_medium=cpc&utm_campaign=Google%20Shopping&stkn=0522f74fd4a4&gad_source=5&gad_campaignid=22265628627&gclid=EAIaIQobChMI7p3T9PK1kwMVrkjDBh2wVAYMEAEYASABEgJIiPD_BwE,yes,yes,,yes,yes
234,https://adclick.g.doubleclick.net/aclk?sa=l&ai=C1NKcLvvAabH5CueBjeYP-Ky1wAfP4K7FgAHS24bCgxOsvJ3kAxABIPyCuRtgiYvEhPQToAHLoIq_AsgBCakCZq2wxfhtlT6oAwHIA8sEqgT5AU_QHYOUcKD-aaXvilxMhGeP7PgJvngoW1PuiVLI5txW_14oFpIEe_P3VNfiWWI_kQ_ecHUeQQ8go3R1QqHfREOSHpR9tE8xoq9N_j0cuHUQ0q_pGXUGkhthBk7M7iCUSaN99Uex6lqb-alsC-yQdoQfSUlobRqymC_HLidpmOJ77hqReNPovqUWqPXeFNXIBJQAOVtV_fUjbI9RsgXOf_3u_swUBHtqN7lejknpueaeeyYsJKT062mLT5PHhvW4q-fymSArxsQSIjeXtUsodxxs8tNBdnAz0CaYu_J3j6jQ4AJrTlB6gqFWKSMMOkWsvhZRuYBNh6BZI8AEm6DlgeMEiAXSssfHT6AGLoAHnd_1wAGoB6fMsQKoB-LYsQKoB6a-G6gHzM6xAqgH89EbqAeW2BuoB6qbsQKoB47OG6gHk9gbqAfw4BuoB-6WsQKoB_6esQKoB6--sQKoB9XJG6gH2baxAqgHmgaoB_-esQKoB9-fsQKoB_jCsQKoB_vCsQLYBwDSCC8IgGEQARifAzIIioKAgICAgAg6DYBAgMCAgICAqIACqANIvf3BOli8rtXFzrWTA7EJpR0wSVub4zmACgGYCwHICwGADAGiDAOQAQGqDQJKUMgNAeoNEwiNzdXFzrWTAxXnQMMGHXhWDXjwDQKIDgm4E-QD2BMDiBQB0BUBmBYByhYCCgD4FgGAFwGyFw4YASoKNzA2NDYwOTY3MroXAjgBqhgXCQAAAAAAaAdBEgo3MDY0NjA5NjcyGAGyGAkSAoJoGC4iAQDQGAHoGAHCGQIIAQ&ae=1&gclid=EAIaIQobChMIscjVxc61kwMV50DDBh14Vg14EAEYASAAEgJRy_D_BwE&num=1&cid=CAQS0QEABaugfbjtSNP-7pr319KFdaJRd-oFPTVSC1vApt-A6TnGTtWfjk4FNZB8y9IaUQejM8oSa0rQGiwNRda7elETlUZgL4iLwaIu4qTdtOOpL6e0cUekW0YiUyUvF0lGTr6kGwlyXNqTJRUUT01XZh0X99VbjJDmIJKaguG3pARzX-km8NIUE0syl3B5M99-XjlboFH3XMTNzyH_ioB1rC8UeX3_84T01QAEv7eN5H4GmY_WdtboQCgR3PalRn6y9FFanbW1JGsBMv-lf9brxw9VjxgB&sig=AOD64_3OqZQOnRLjufC1Mgek05L2iizvYA&client=ca-pub-1772901936034744&rf=1&nb=9&adurl=https://keymakr.com/benchmark.html%3Futm_source%3Dgoogle%26utm_medium%3Dcpc%26utm_campaign%3D21356468562%26utm_term%3D%7C%7C%26utm_content%3D164017819675%7C%7C%26gad_source%3D5%26gad_campaignid%3D21356468562%26gclid%3DEAIaIQobChMIscjVxc61kwMV50DDBh14Vg14EAEYASAAEgJRy_D_BwE,https://keymakr.com/benchmark.html?utm_source=google&utm_medium=cpc&utm_campaign=21356468562&utm_term=||&utm_content=164017819675||&gad_source=5&gad_campaignid=21356468562&gclid=EAIaIQobChMIscjVxc61kwMV50DDBh14Vg14EAEYASAAEgJRy_D_BwE,yes,yes,yes,yes,yes
235,https://www.googleadservices.com/pagead/aclk?sa=L&ai=Cfx-sSRfBaerpG8eXgeAPlpDfsAKlosLbhQH6q62W4BWe4Pi0FhABILyW4RBgiYvEhPQToAH92ZPwQsgBAqkClteHZ4dVpz7gAgCoAwHIAwiqBKADT9B_dXrJmtCQDcAh6fsP7vaZJky3w___wAPJKA-2Jxrv50Rk8zrsw0kJ2gUO8PosaMMtFO8WdgyUb2HdAwxObCpI-sSTC1iR5RMU-ct3iR33wKHpdj5NyX9jRat1dX408EbvBUoM90F1dGrBLJyPgYuyjNRjPskrHCPB_AdcKTUh18k4JdQf9g_nV4478REnshlDyW0rfD0Dh970Z4rX-jBHy4KfWDPXwG6V9qvRNDgXiz5f1ZtZRkdgS4IV0m9G3oxb4otC5GYeg8ot5aR2jsdaTE3o_TrcS_p2df0hW-Jv88fms0HQn3FluWwMALgFm_IC_ritiruOIsmHmYWP48vEcoAz0KnRjZoOavUmc8ebTCLQv-Wa4qAdtsbJDE9mJE7XKvwNSiKRI7lFzTarNpODDQTNorYTSjL6JjE92AYlx4OcsgKm_n-2kDav5R1lOThvFI-HmnmdQ-ZFK4uof3VQhEyDwv4kXSAkguRwUYKb9f0ni-cqk-9To0S26BPJj-1moaaqGpTdx59yCmHw8r-_NZ90Ob_zny4ogy3fHX3ABKyg3ODxBeAEAYgF7OuTgligBgKAB_2R5M8dqAenzLECqAemvhuoB8zOsQKoB_PRG6gHltgbqAeqm7ECqAeOzhuoB5PYG6gH8OAbqAfulrECqAf-nrECqAevvrECqAfVyRuoB9m2sQKoB5oGqAf_nrECqAffn7ECqAf4wrECqAf7wrEC2AcB0ggyCIDhgBAQARidATIIqoKAgICAgAg6DoDAA4CAhICAlK7gA6gHSL39wTpYkO3PrOm1kwOxCSpreLkpriSugAoDmAsByAsBqg0CSlDIDQHiDRMIkqDQrOm1kwMVx0sABh0WyBcm6g0TCPrx0azptZMDFcdLAAYdFsgXJvANAogO____________AdgTDdAVAcoWAgoA-BYBgBcBshcOGAEqCjY3MzE4NDAyNTC6FwI4AaoYFwkAAAAAuAMDQRIKNjczMTg0MDI1MBgBshgJEgKxXxgCIgEA0BgBwhkCCAE&ae=1&gclid=EAIaIQobChMIqrLSrOm1kwMVx0sABh0WyBcmEAEYASAAEgLRU_D_BwE&num=1&cid=CAQSbwAFq6B9rpxalpp6OJgGKCHwBEvTUi09fBo8Sp-wpt-KO7LF1m-nfmJSHTdvt22Ae_49seP7dlBFwXb3z1DNdyeb0jpKrgqpmXJfYk_4s1ZK3LvBQ7_kkPVDeZyQ49Lb6_W3WYm7M9kBPxcpgFab9BgB&sig=AOD64_2VcLFKh-HrpW3F--idlSiwAQ1uiQ&client=ca-pub-2012933198307164&rf=5&nx=CLICK_X&ny=CLICK_Y&uap=UACH(platform)&uapv=UACH(platformVersion)&uaa=UACH(architecture)&uam=UACH(model)&uafv=UACH(uaFullVersion)&uab=UACH(bitness)&uaw=UACH(wow64)&uafvl=UACH(fullVersionList)&nb=2&adurl=https://products.conholdate.com/total/net/%3Fgad_source%3D5%26gad_campaignid%3D23626839532%26gclid%3DEAIaIQobChMIqrLSrOm1kwMVx0sABh0WyBcmEAEYASAAEgLRU_D_BwE,https://products.conholdate.com/total/net/?gad_source=5&gad_campaignid=23626839532&gclid=EAIaIQobChMIqrLSrOm1kwMVx0sABh0WyBcmEAEYASAAEgLRU_D_BwE,no,no,no,no,no
236,"https://www.googleadservices.com/pagead/aclk?sa=L&ai=CcUEI0PbBacvRCq20geAPz5Kl8QHyrLCAhgHaoOes4xWe-MPQ3ToQASCFr_MeYJsDoAHczLe5AcgBAuACAKgDAcgDCKoEjwNP0L__REx2eFg6wippCRCcwnZKZksaotTeT3i1NSYERjVkTswZDRAWre_9i3LTLRM_g9f_mJOUcXDbkQvH56FdhVkzkvqfR2Y6bzJyIUGwPQdwO1fJ8XBiPahq0qIlncJoF0j2-wbR3vLvdp9AIBPQ1lbycTSMEglSRTXZTPQ_aYcpGdcXd_-MG8GlgapskY0D_vY88aeY4y9mZ43KCxucELoSTXpDl_1cM0RSn4uQeVXHAh9oN9rrTwZ5UK239fE2wchxvbea5WUf13jYpm1hPFx8JAWBiLCW-HJ_MLZZR70LLlCABBaAnKg-vE3IWn4lHnzwQWBFqNVVbY9GHdFcdgUiQuxTBBIaHBDY0e-GVX3pVyojZOIL6-jN0-gL5s_0pEebNKhgNMoNq87zSkem4E2wsL23ZeRkboic9gzXoFKHHmY7k97q8axNRh0kbQj1uOOHH7nO5ds0pHR1leLx3Gasduqx188NATtRgXXbe8ZQPUj03HVOisWBZ3ZoOXp5FfNgPH8QNYfSHMdXbT_ABKj85vLcBeAEAYgF3vLGkVigBgKAB5XBs_MCqAenzLECqAemvhuoB8zOsQKoB_PRG6gHltgbqAeqm7ECqAeOzhuoB5PYG6gH8OAbqAfulrECqAf-nrECqAevvrECqAfVyRuoB9m2sQKoB5oGqAf_nrECqAffn7ECqAf4wrECqAf7wrEC2AcB0ggvCIBhEAEYnQEyCIqCgICAgIAIOg2AQIDAgICAgKiAAqgDSL39wTpYsb_Gwr63kwOxCRCeIZg5DYOtgAoDmAsByAsBqg0CS1LIDQHiDRMIx-bGwr63kwMVLVoABh1PSSke6g0TCOXLx8K-t5MDFS1aAAYdT0kpHvANAogO____________AdgTDdAVAcoWAgoA-BYBgBcBshcOGAEqCjU1MDE4Mjk1Nzi6FwI4AaoYFwkAAAAAALTgQBIKNTUwMTgyOTU3OBgBshgJEgLATxgCIgEA0BgB6BgBwhkCCAE&ae=1&gclid=EAIaIQobChMIy_nHwr63kwMVLVoABh1PSSkeEAEYASAAEgIyMfD_BwE&num=1&cid=CAQS0QEABaugfdZMjkZgjjv3D0OTXevwwDMmfIEU-lF1Zki_qLFXWI4kAgvg2y6dBTA_DkL7P-C0z7jpFv0yr48pX8UKQNlRQJWP1avRtR-wHiA8DDB0h2QbDtbcuSraMQbIw4yAeVJDTp-_N11ubz2IKXHQP-EV1B4YCPiZgnlGYWMsIA3vG9z5Cwt4ZRn9e1-exJBXesfPlnksORZb7GKLU1vq58nuTJ8NsJpIAJxCBRpOZOtHor_RwTjJDCJ6xdn6IRMqhxImRXd8G0i9_8E5s-4_HBgB&sig=AOD64_3sXD23SZnWjvfhXwLBdLcIYKv1UA&client=ca-pub-6131228133143733&rf=5&nx=CLICK_X&ny=CLICK_Y&uap=UACH(platform)&uapv=UACH(platformVersion)&uaa=UACH(architecture)&uam=UACH(model)&uafv=UACH(uaFullVersion)&uab=UACH(bitness)&uaw=UACH(wow64)&uafvl=UACH(fullVersionList)&nb=2&adurl=https://www.royaura.com/collections/hot-sale%3Fadp%3D7778704,7791276,7705256,7775251,7789937,7248267,7790091,7723181%26gad_source%3D5%26gad_campaignid%3D23659133278%26gclid%3DEAIaIQobChMIy_nHwr63kwMVLVoABh1PSSkeEAEYASAAEgIyMfD_BwE","https://www.royaura.com/collections/hot-sale?adp=7778704,7791276,7705256,7775251,7789937,7248267,7790091,7723181&gad_source=5&gad_campaignid=23659133278&gclid=EAIaIQobChMIy_nHwr63kwMVLVoABh1PSSkeEAEYASAAEgIyMfD_BwE",yes,yes,yes,yes,yes
237,https://www.googleadservices.com/pagead/aclk?sa=L&ai=C0CFSvoHCaZ-2NvyijeYPyPK2wQu4-suLhgGO0ISGyRXf5KK9wAEQASCVos4cYMfdgI6EJqABgq7J1gLIAQGpAslFSEQX2G8-4AIAqAMByAMKqgS0Ak_QARoh5SDWXF-32z6O_LYY0tleY5xpSv10fm0HppdiAVQFAHAJJoesuvEXEB4V6Il5MKTSbwm5Nfs85JaAkDABMoVTk5qzXuiNVNzSgdX7G6TVbjNROBxk5W0GUc-FU0cUxehFmmwpio2cfaJ9WF1VcFOfB3Gulsdh3b1MDQpxtSGZNQEF99iZMJloaBQ3J0KOi8pon6CyxorgULkTtLdgNl2Bzt5aGOhdBkq5r4cQrIGFVEmxQ09OHbUtB1_e_MhYDEvt3Lhhsk5IzSBlDPZKR5YFp7mNv8mVuYsEGH6UJvFiSGaL4IDA9RJPKKOfqkZPsFIZ0b37pRcAPuELkPlGSDI3eZKhJW12lERMa6zjp68CCwzl-CDhLyC90CwOOH--NxyqvkJRhB7LeQr-YVAYmeSIwAT9t-_PyQXgBAGIBcS4vd5XgAfm0bapAagHp8yxAqgH4tixAqgHpr4bqAfMzrECqAfz0RuoB5bYG6gHqpuxAqgHjs4bqAeT2BuoB_DgG6gH7paxAqgH_p6xAqgHr76xAqgH1ckbqAfZtrECqAeaBqgH_56xAqgH35-xAqgH-MKxAqgH-8KxAtgHAdIIMgiA4YAQEAEYnQEyCKqCgICAgIAIOg6AwAOAgISAgJSO4AOoB0i9_cE6WNesiYLDuJMDsQngPwv9gh8uF4AKA5gLAcgLAaIMA5ABAaoNAlpByA0B4g0TCPTyiYLDuJMDFXxRwwYdSLktuOoNEwjVuIuCw7iTAxV8UcMGHUi5LbjwDQKIDv___________wHYEwOIFAHQFQGYFgHKFgIKAPgWAYAXAbIXEBgBKgozNzM5MDY2NjA4UAa6FwI4AaoYFwkAAAAAPFMQQRIKMzczOTA2NjYwOBgBshgJEgKvWhgBIgEA0BgBwhkCCAE&ae=1&gclid=EAIaIQobChMIn42MgsO4kwMVfFHDBh1IuS24EAEYASAAEgJPOPD_BwE&num=1&cid=CAQScAAFq6B9Ek5p1LzmNfohh4-CC-ZDDDqeR7gpS5Hfbnq-6iTy7YTJF46Psx6s9UXNrdJ7UFms2orVa9FcozP1TQjdtMpcVYvEW9RH409Q8YD11ZJc2-COeVsIJil_FwpnMTbkfeSVUM9-9wnYyRLnp1YYAQ&sig=AOD64_3q4yYhx08gRBQPYWnlquPQU5c34Q&client=ca-pub-0414436487628782&rf=4&nb=0&adurl=https://www.defy.co.za/solar-off-grid-homepage%3Futm_source%3Dgoogle%26utm_medium%3Ddisplay%26gad_source%3D5%26gad_campaignid%3D23552023620%26gclid%3DEAIaIQobChMIn42MgsO4kwMVfFHDBh1IuS24EAEYASAAEgJPOPD_BwE,https://www.defy.co.za/solar-off-grid-homepage?utm_source=google&utm_medium=display&gad_source=5&gad_campaignid=23552023620&gclid=EAIaIQobChMIn42MgsO4kwMVfFHDBh1IuS24EAEYASAAEgJPOPD_BwE,no,no,no,no,no
238,https://www.googleadservices.com/pagead/aclk?sa=L&ai=C-vEP-AnCafXzJIfG0-kP-MG0gQSsoqOBgwGztOiigxW14dq_zQEQASDa8Y4MYJsDoAHJk5S1KMgBAeACAKgDAcgDCqoE_wJP0K-LXZr0AXiWPY8-p5OryUYGgeyW5wEqQ5QiVpoKAxWzTB4e0OchCpSg36-LhMXR4o7s36Txee6TStf5_eKYMCSTRaMgtj5mBkKRGHnCSYnRCCcE1rS5KcRiSPAPU3sZbTVJj9tJAxfakSoDOOEVdtNeKkl0gx6PXPh-Uutg8igMwenbMP2903a0ovjB8NqOJuD_q8JcoUCj3Z03rq555cqfZq8v6oez5PQGJ-1NA7IQ81wOLCUHGeHxFfEoZHvNeP6e6aPL7vVeHBTjX2oTOTVp6xeguxDGVgpUnuObGWRQOXk3egqBc_Bn4ij1n92SfavBDBN1shKCujalwRY6Kyd3j1C5aZwXCHxLOk9KW77RfDLW1DfC3TRGD1NhrxTGXmBk_CSGR0JaRcDIJZEWH6_eE9mXGMBf6OL4LZu2UScr_kE596356EwUIHCqFPpUjDiCIcIxV_C35b2pc14KOR7kArxfBTuKF6_81PTAkYUEGh1SbCeok4eNzqHaOMAEuJGJyLwF4AQBiAXPzPWuVoAH3sy_rASoB6fMsQKoB6a-G6gHzM6xAqgH89EbqAeW2BuoB6qbsQKoB47OG6gHk9gbqAfw4BuoB-6WsQKoB_6esQKoB6--sQKoB9XJG6gH2baxAqgHmgaoB_-esQKoB9-fsQKoB_jCsQKoB_vCsQLYBwHSCDAIgGEQARidATIIioKAgICAgAg6DoBAgMCAgICAqIACqIMQSL39wTpY6aGS5dC3kwOxCVVEi1dzqb-DgAoBmAsByAsBqg0CS1LIDQHiDRMIysyS5dC3kwMVB-M0Bx34IC1A6g0TCJaYluXQt5MDFQfjNAcd-CAtQPANAogO____________AdgTDdAVAcoWAgoA-BYBgBcBshcOGAEqCjE1NTAzNTY0MDG6FwI4AaoYFwkAAAAAYCvoQBIKMTU1MDM1NjQwMRgBshgJEgLxThgBIgEA0BgB6BgBwhkCCAE&ae=1&gclid=EAIaIQobChMI9c-W5dC3kwMVB-M0Bx34IC1AEAEYASAAEgKAE_D_BwE&num=1&cid=CAQS4gEABaugfWOiefqb9Bt6AJJmSN3YYeZrRjf6uxYDJZAgUFUjZllboiOgzdAEysZA4vt__XGf6DZrLQjmuQIEAWGRSH80iOkQX6utv-iAiWcBPIpuSe1D6Exe_Y2Awng6VYXFu4miqwrsiyL9g77NQX1g5vqbg_hZP2pCKUchVIhMtXsZxkP0_Feq4mBwhTCdQTdbl18m1R_7jptEUiNRjatsBu-FG1H3uDDnNNwgLSFhuGyA0Swg30viAuGwmACkkA1LiOq2_IXPP5v2Fo5JK-NYEJQPzkFHgpkHwpvjTUh-SpkTGAE&sig=AOD64_2MNRvtA7lbjGo8xSzapwIXQRoUgQ&client=ca-pub-9783515403541006&rf=4&nb=2&adurl=https://results.modernlifestyle.com/article/SIN-1024948%3Fcid%3DMzkwODc%253D%26utm_term%3Dnational%2Bdebt%2Brelief%2Breviews%252Cdebt%2Bhelp%2Bas%2Bseen%2Bon%2Btv%252Cdebt%2Breduction%2Bnational%2Btv%252Cnational%2Brelief%2Bdebt%2Btv%2Boffer%252Cnational%2Bdebt%2Bprogram%2Btv%252Cdebt%2Bsupport%2Bseen%2Bon%2Btelevision%26camp_id%3D223309%26utm_campaign%3D223309%26utm_content%3DDebt%2BRelief%2BResources%26rc%3D5%26kc%3D6%26sm%3D1%26mi%3D1%26matchtype%3D%26keyword%3D%26network%3Dd%26device%3Dc%26adposition%3D%26source%3Dgoogle%26campaignid%3D23183844943%26adgroupid%3D188055963832%26adid%3D780659198809%26placement%3Dwww.hindustantimes.com%26target%3D%26loc_phys_ms%3D9061320%26loc_int_ms%3D%26cad_id%3D780659198809%26gad_source%3D5%26gad_campaignid%3D23183844943%26gclid%3DEAIaIQobChMI9c-W5dC3kwMVB-M0Bx34IC1AEAEYASAAEgKAE_D_BwE,https://results.modernlifestyle.com/article/SIN-1024948?cid=MzkwODc%3D&utm_term=national+debt+relief+reviews%2Cdebt+help+as+seen+on+tv%2Cdebt+reduction+national+tv%2Cnational+relief+debt+tv+offer%2Cnational+debt+program+tv%2Cdebt+support+seen+on+television&camp_id=223309&utm_campaign=223309&utm_content=Debt+Relief+Resources&rc=5&kc=6&sm=1&mi=1&matchtype=&keyword=&network=d&device=c&adposition=&source=google&campaignid=23183844943&adgroupid=188055963832&adid=780659198809&placement=www.hindustantimes.com&target=&loc_phys_ms=9061320&loc_int_ms=&cad_id=780659198809&gad_source=5&gad_campaignid=23183844943&gclid=EAIaIQobChMI9c-W5dC3kwMVB-M0Bx34IC1AEAEYASAAEgKAE_D_BwE,,,,,
239,https://www.googleadservices.com/pagead/aclk?sa=L&ai=CjoQkdxPCaYH0Gpu2geAPkMDuyA--ztntf6j8s4KkFWQQASCGiOacAWCbA6ABy42iswHIAQLgAgCoAwHIAwiqBK0DT9D1Xei_tDoXMcZZXAD5uI7zXkP6DHjQu1pRIPBzih8Ekvhbr5o6TMFrizuluL9W8qBFnyRYMO8_Dun4JSPkt1kL5uiztI4mIeXo4ScCtJdKX-FN4QjY_3X5w0T3p-5jI1n4TA-3tuW5rRm6_CQyeGJAxoEFREUVlJRZXyKsi0K8iUJqv_-No-077B4K6Yufa4X96g9EOhlIxYOxsWeBTqQF2GQ_QsDnhRGG2yYOx0eNCN1y5f3Pt46_V40nmUe8y6htwuhbvLL2FX3zP6uDfuGUB-bdWvtrWBRdi5P7Ys2JHkPEpIday_ZtIQIvPEfZHOrVTN_-zON7SrUwYWMJOKxFb0S2Oa-QBKJjy3jgQ61DatL7LgI2IFtngrILmqC_mhduDB0CsZYc5EGU4PApIE-b3tTXt3gdpR_ctwCe8OkD7L5BNc19rqqjnl2yzRXm7rXH0eg4XVq3x3qU293wpPWTk_ehSKm62IQveL7hWLc5pSZw-e8yhqaRm2L3L5J8hkrYjlrraS60cm0rhgoYE6wxFVCdasY22YA_AKH-NNkijFJ9KnZ7NkI5MvkDwATzs4Pl0QPgBAGIBe_e1M4woAYCgAe5pt3MAqgHp8yxAqgHpr4bqAfMzrECqAfz0RuoB5bYG6gHqpuxAqgHjs4bqAeT2BuoB_DgG6gH7paxAqgH_p6xAqgHr76xAqgH1ckbqAeaBqgH_56xAqgH35-xAqgH-MKxAqgH-8KxAtgHAdIIMAiAYRABGJ0BMgiKgoCAgICACDoOgECAwICAgICogAKogxBIvf3BOlig8qLs2beTA7EJPuQCxepzbiGACgOYCwHICwGqDQJLUsgNAeINEwiflqPs2beTAxUbWwAGHRCgG_nqDRMI1N6k7Nm3kwMVG1sABh0QoBv58A0CiA7___________8B2BML0BUByhYCCgD4FgGAFwGyFw4YASoKNjc5NzU4MTAxMroXAjgBqhgXCQAAAACoTQRBEgo2Nzk3NTgxMDEyGAGyGAkSAqBPGAIiAQDQGAHoGAHCGQIIAQ&ae=1&gclid=EAIaIQobChMIwYul7Nm3kwMVG1sABh0QoBv5EAEYASAAEgI3ZfD_BwE&num=1&cid=CAQS4gEABaugfZexALrZ8o4nHAO76PBdbXfT2OJl-QKPXhwOZwj5SV6HfQO5nJ5ZmDvvzitHaKQVqGxUA3x3SCkdzF69gQL_DHxBIoQPQqZ-jtMq4-2Ce6ski5GPqqtYegRx-lttAizHovnHWyxl0tzfdOEwc1u7LgkpGt1uADaZdTHcbbHxS_Cfnw2NYaeuhnDCEpsYbt4vX-L22l9pulVH3gXKHFS_mPVaMvxgESC2D-9zwrUg7MpCGbTykBbrSmI7Gids-LtDthAY-eoul0x7XAHU5vmNr9d_fWQ7G5xq6h4EmBRsGAE&sig=AOD64_1GuVWvcQcuj4BTd42nzDCc_vZy2g&client=ca-pub-8466440498224020&rf=5&nx=CLICK_X&ny=CLICK_Y&uap=UACH(platform)&uapv=UACH(platformVersion)&uaa=UACH(architecture)&uam=UACH(model)&uafv=UACH(uaFullVersion)&uab=UACH(bitness)&uaw=UACH(wow64)&uafvl=UACH(fullVersionList)&nb=2&adurl=https://www.justfly.com/cheap-flights-2%3Fadgroupid%3D125034355187%26campaign%3D4362%26dc%3D%26rcid%3D%26gad_source%3D5%26gad_campaignid%3D13049868143%26gclid%3DEAIaIQobChMIwYul7Nm3kwMVG1sABh0QoBv5EAEYASAAEgI3ZfD_BwE,https://www.justfly.com/cheap-flights-2?adgroupid=125034355187&campaign=4362&dc=&rcid=&gad_source=5&gad_campaignid=13049868143&gclid=EAIaIQobChMIwYul7Nm3kwMVG1sABh0QoBv5EAEYASAAEgI3ZfD_BwE,,,,,
240,https://www.googleadservices.com/pagead/aclk?sa=L&ai=C-L_0JDDBacGzNM_yjeYP5Y3ZYauD2NGFAZ6qmurOFcn0_N-4GRABILSjzSJgiYvEhPQToAHFk5ymQMgBAeACAKgDAcgDCqoEzwJP0B3k3Vg2OD3sbo5J38N1oBH5ZkiVDLTxl_168a-TnhtFrrip8m-yC6llcNOB-RQ1wDorfqM1qnviVHoQNZpKhydC4FHfhfhRM7gfsMnE-sIdY3nvU0kUSze5le8DoWB0wD3bJnC4_idCxyeGmUUi4XZnzh8ghfKsfeVlCvPjEcBvs62cDhmtzAh2pPV-Mcd7InwLY0dZD6RG-bIU4qAT8ojdTBMdtJ7SdrH46ZBJU3ynaChImzZ6Q1gzJdTzZBtS9KVTbNxXFko58TN43wlS6sNd4wfEqq3Lq8KGmH13TdoD5NkC5Tt_ceyha2dcl5XVmWKKrXbPGbaeSHPwjgFEfhQVAvJEyyfiMRev0_4MEacKyw7w7VLeGWWIM3Z6ygWwgC6mSxwTiI11LD-PP9lWFNfCrY9t1QO0YZ5T-N3cYin6MWVRPSGq-cHiycIgOcAErfLHz7gF4AQBiAXUo8joVIAHxcvshRuoB6fMsQKoB-LYsQKoB6a-G6gHzM6xAqgH89EbqAeW2BuoB6qbsQKoB47OG6gHk9gbqAfw4BuoB-6WsQKoB_6esQKoB6--sQKoB9XJG6gH2baxAqgHmgaoB_-esQKoB9-fsQKoB_jCsQKoB_vCsQLYBwHSCC8IgGEQARidATIIioKAgICAgAg6DYBAgMCAgICAqIACqANIvf3BOliY0feGgbaTA7EJjqlNHJUyeBmACgGYCwHICwGiDAOQAQGqDQJKUMgNAeINEwiQ8_eGgbaTAxVPecMGHeVGNgzqDRMItaj5hoG2kwMVT3nDBh3lRjYM8A0CiA7___________8B2BMDiBQB0BUBmBYByhYCCgD4FgGAFwGyFw4YASoKMTkwNTAwOTE1NboXAjgBqhgXCQAAAADA9vpAEgoxOTA1MDA5MTU1GAGyGAkSAv1bGAEiAQDQGAE&ae=1&gclid=EAIaIQobChMIwdX5hoG2kwMVT3nDBh3lRjYMEAEYASAAEgJxZ_D_BwE&num=1&cid=CAQS0QEABaugfRuL-NTmTRzhUq2CsgDCnoExvy-Ay3BgagEEgC-ZY9O3vI6OmtDlWO9pCPcBZk6u91J0nZuGYo0OW0eZ_6MfmvGiQdLhrtfY489Te5C6K8DDhuk6MVCPgHp_j30fxww4OSQ--PwYeZl6ep542tzpQ3I6tk2vTyrsE5GdPWwNAS8TiUTvMP16wngCxHmODg0499rJ0X7-3O0m-O7nxmJI-i0pHk9ZTin5YW6_jbvjMIpb4UhGRWOhLBvW7WNlPjxkjQwWJz9bRysjtFUFExgB&sig=AOD64_12kt09lMChQNBR5kTVaISV0cyw5g&client=ca-pub-2334602378211593&rf=4&nb=19&adurl=https://www.super99.com/farmacia%3Fcid%3Dds_c022_go_f009_o002_b99%2B%26gad_source%3D5,https://www.super99.com/farmacia?cid=ds_c022_go_f009_o002_b99+&gad_source=5,,,,,
241,https://www.googleadservices.com/pagead/aclk?sa=L&ai=C1W6RmV_CabOmI_v1pt8Pr9DygQ_Olejrf9TJ5cP8E7bdwISGAhABILyW4RBgx92AjoQmoAHeprHNA8gBCakCU8L2kyHPbz7gAgCoAwHIAwqqBNcCT9ALP1QeWBDgmGHdmfKi6VjGvdjyukM46LSb1ZkDo2a3wctPmOaztlr-e7Paz6Z99jsL5UD-w_i93FcwGqnf8oWA_yHSfJtkCq37iKkmAdJoV7_DvSY_OW543eBFI1yZrnEXFxzMSXwYAmfBF9EJFbsQrqIEI1oySx2uYFe1ttCer0L5YSU6Ys3w6GiOu73N5rYfeqExjoQjsYDbkSI9JwKpOewHxeLqZZlQnDXxZLOmUtsKEoo7oQrfZpjdJY-bkzaA8ILO5sp4_MIxOcD7VDIf6TS4UW2rPW4BTOCwANYI8cumG2sxfDz988ZpM39gmBRtjS4ZUVX5fKXMtf9jLgdCMURxn2GUdZ0s5j-PgErJZ3vK_ejUrPlDkYS9dS18JRG_TfLeiz7fu7OxMDqJwt0CPprv0cxWs6NO-mqZl2KltQqOTelW8ZtpA4D69EBO82vg00bS5MAEr_eCoK4E4AQBiAX4_b7SS6AGLoAHitnOMqgHp8yxAqgH4tixAqgHpr4bqAfMzrECqAfz0RuoB5bYG6gHqpuxAqgHjs4bqAeT2BuoB_DgG6gH7paxAqgH_p6xAqgHr76xAqgH1ckbqAfZtrECqAeaBqgH_56xAqgH35-xAqgH-MKxAqgH-8KxAqgHwsixAtgHANIIMgiA4YAQEAEYnQEyCKqCgICAgIAIOg6AwAOAgISAgJSu4AOoB0i9_cE6WJvg8LmiuJMDsQkdvfRZ9DnfGYAKA4oKU2h0dHA6Ly93d3cucGViYmxlcGF2aW5naW50ZXJuYXRpb25hbC5jby56YS8_Z2FkX3NvdXJjZT01JmdhZF9jYW1wYWlnbmlkPTIwMzA1NjU3NTkymAsByAsB4AsBgAwBogwDkAEBqg0CWkHIDQHiDRMI_63xuaK4kwMV-7rpBR0vqDzw6g0TCKL587miuJMDFfu66QUdL6g88PANAogO____________AbgT5APYEwrQFQGYFgHKFgIKAPgWAYAXAbIXDhgBKgo2NzMxODQwMjUwuhcCOAGqGBcJAAAAAICo-EASCjY3MzE4NDAyNTAYAbIYCRICqlAYLiIBANAYAcIZAggB&ae=1&gclid=EAIaIQobChMI89b0uaK4kwMV-7rpBR0vqDzwEAEYASAAEgLtrPD_BwE&num=1&cid=CAQScAAFq6B9Xn8e-1RegLoYwdSEK2GoxV5jRQc37p0sJTTqCmqUJzO5SXbEbW6wFaHKI5BhvHRJhJRbEhmBRCO88ZryLuG8p8JNgF-an-lKLh5WgsD-cVSNVuiUJ4SWyQTvbphhPt64gz25zNHxqeVHlxgYAQ&sig=AOD64_1h1XLrx5j3uem7Glrq5rM1UDQhhw&client=ca-pub-2012933198307164&rf=4&nb=9&adurl=https://pebblepavinginternational.co.za/%3Fgad_source%3D5%26gad_campaignid%3D20305657592%26gclid%3DEAIaIQobChMI89b0uaK4kwMV-7rpBR0vqDzwEAEYASAAEgLtrPD_BwE,https://pebblepavinginternational.co.za/?gad_source=5&gad_campaignid=20305657592&gclid=EAIaIQobChMI89b0uaK4kwMV-7rpBR0vqDzwEAEYASAAEgLtrPD_BwE,,,,,
242,https://www.googleadservices.com/pagead/aclk?sa=L&ai=CWXexrGDCaY6fIr2W0-kPmuq8qQP0o-K6hQHjmMXjxBWq4O7tkg4QASCwhZ0aYMfdgI6EJqABtIj8skLIAQmpAvbAWSQgqm8-4AIAqAMByAMKqgTPAk_QWb0RHP_qXBTjwI6IM08Yhwn8lw0Ywy_jfGNbkyUM27Obh6fH-M4iTdsvfBOiV_fPkDNObuIBFUHx7oMngtNk4outD2mcevT2ibH1GnuRwMqcl52Ftz3qqDrR5iix7Nf47a6480VnlcHqd2Og8zYE941Ffal10dMSXKutP02eev_pTCqN74gB-xeQ4awILD4BdXkKmjlGbjr2GRJ2EDQ8XyWeX2TDjmGalraCOZPZ8_etgCl-T8tsZvqVNEv-PUGKHgctPD7hEVrXQzmceDqH_KrLOF7hPJ-mdI5sFky-Vy09giGDscoqLEfSJ65jhiqJDzf_0AFZl0km1qgPkmcr6K0CcjhnyphqfKQmoUdbzXAYGCFprTf6mXsUHzwFyli8BCPLBGIswVvPEd9uloBOTxwZLiEFBJRgZl1XDX45SMWzVSh-w4EKXnjv1wa_wASS3IystwXgBAGIBdL01a9XoAYugAe0wMySHagHp8yxAqgH4tixAqgHpr4bqAfMzrECqAfz0RuoB5bYG6gHqpuxAqgHjs4bqAeT2BuoB_DgG6gH7paxAqgH_p6xAqgHr76xAqgH1ckbqAfZtrECqAeaBqgH_56xAqgH35-xAqgH-MKxAqgH-8KxAtgHANIIMgiA4YAQEAEYnQEyCKqCgICAgIAIOg6AwAOAgISAgJSu4AOoB0i9_cE6WNWigb2juJMDsQlWCdS-iqHqdYAKA5gLAcgLAYAMAaIMA5ABAaoNAlpByA0B4g0TCLTsgb2juJMDFT3LNAcdGjUvNeoNEwiC1oO9o7iTAxU9yzQHHRo1LzXwDQKIDv___________wHYEw3QFQGYFgHKFgIKAPgWAYAXAbIXDhgBKgoyNDU5ODM3NjU3uhcCOAGqGBcJAAAAAOC57kASCjI0NTk4Mzc2NTcYAbIYCRICk04YLiIBANAYAcIZAggB&ae=1&gclid=EAIaIQobChMIjqWEvaO4kwMVPcs0Bx0aNS81EAEYASAAEgJAaPD_BwE&num=1&cid=CAQSbwAFq6B9RVmi9hAV9cKRYFXu6r2qdAuArNyx33hhNGLPUJubQBIU57PnsFCVjyA_qnlX22e33vpW_aviGLg5Zjo6uLqE67r8o4Xr9d7TMjt5WJaXP7O9yvrHbgJMuKdFJAfDu3RhuG9hGs_jA9wiXRgB&sig=AOD64_3SmUuzVUy-Q1VuxHgccJTsOHhzYg&client=ca-pub-6447179309296276&rf=4&nb=9&adurl=https://longlandsestate.co.za/%3Futm_source%3DGoogle_Display%26utm_medium%3DDisplay%26utm_campaign%3D%7B%7Bcampaign.name%7D%7D%26utm_content%3D%7Bwww.ilmessaggero.it%7D%26gad_source%3D5%26gad_campaignid%3D23453858386%26gclid%3DEAIaIQobChMIjqWEvaO4kwMVPcs0Bx0aNS81EAEYASAAEgJAaPD_BwE,https://longlandsestate.co.za/?utm_source=Google_Display&utm_medium=Display&utm_campaign=%7B%7Bcampaign.name%7D%7D&utm_content=%7Bwww.ilmessaggero.it%7D&gad_source=5&gad_campaignid=23453858386&gclid=EAIaIQobChMIjqWEvaO4kwMVPcs0Bx0aNS81EAEYASAAEgJAaPD_BwE,yes,yes,yes,yes,yes
243,https://www.googleadservices.com/pagead/aclk?sa=L&ai=C_XQ8XfbBadbPJ_KWgeAP0fnM2AvSzN-DhgHpw5S5mBWhpvjz0B0QASDo5YkTYJsDoAGklsL_A8gBCeACAKgDAcgDCqoEsQJP0HZ4MUlFhnPYxgQkm3PbegnedHUxhciSb46J6adwjkiHUSk6kv4W2CK9tPYDiYysNy9nb9wrua8o_FL48AFdPsT7FrqUVXrpXmBANPDXN1Bd3ioNmFBsiHPGMwFIEkCl6-GpjSyHtyyi1eKLCh9kKwn0dSMXaXXTk_EzplPTago4BreIh_oE4Cu2qxwXbRuESRP10jjApxN7nwuIIKuviPOTwk4A8PY89dNsFnPKYJMXikb6pO38eWgRnMeJLfkx5cZZvQQIqKbTUCBZImniXQDopN_m4gtFbhaGYOrEfsSRNAtyJLW6Xht-xwkJUg4lT7FcWwth8lwLPYw6FAy094qf__fRqqUu-FeZzYKqO7EhH5Fu92a6xMFKUnL9JdKCAVNhe-KFZhp2lmbw8MQMycAErI-R9L4F4AQBiAXo8pbQVqAGLoAHxOk9qAenzLECqAfi2LECqAemvhuoB8zOsQKoB_PRG6gHltgbqAeqm7ECqAeOzhuoB5PYG6gH8OAbqAfulrECqAf-nrECqAevvrECqAfVyRuoB9m2sQKoB5oGqAf_nrECqAffn7ECqAf4wrECqAf7wrEC2AcA0ggyCIDhgBAQARidATIIqoKAgICAgAg6DoDAA4CAhICAlK7gA6gHSL39wTpY2aD4i763kwOxCYV3E4QZovcugAoDmAsByAsBgAwBogwDkAEBqg0CS1LIDQHiDRMIzsP4i763kwMVcksABh3RPBO76g0TCOXO-Yu-t5MDFXJLAAYd0TwTu_ANAogO____________AbAO9sSA2hi4E-QD2BML0BUBmBYByhYCCgD4FgGAFwGyFw4YASoKMTk5ODgxNDA1NroXAjgBqhgXCQAAAABomARBEgoxOTk4ODE0MDU2GAGyGAkSAr5QGC4iAQDQGAHCGQIIAQ&ae=1&gclid=EAIaIQobChMIlvL5i763kwMVcksABh3RPBO7EAEYASAAEgKDfPD_BwE&num=1&cid=CAQScAAFq6B9EYCrrlE3MMkydm4c-Rn84WxvxIKz0Nt0mIYrA_Oc7TceyBd26AvSD2WC_SJuAaG6eaBaiNXBZsADzCHPMYV4k_KZWPcp1sit78x3Qyi6lAo5uiJQmLVQ3kddYaogb3pwknOgE-KKBKMPzgsYAQ&sig=AOD64_0nDqzlfeEho_wi1NUj4fUcsiYRUQ&client=ca-pub-2615941022292182&rf=4&nb=9&adurl=https://valuetronics.com/collections/keysight-ate-power-supplies%3Fppc_keyword%3D%26gad_source%3D5%26gad_campaignid%3D23253596520%26gclid%3DEAIaIQobChMIlvL5i763kwMVcksABh3RPBO7EAEYASAAEgKDfPD_BwE,https://valuetronics.com/collections/keysight-ate-power-supplies?ppc_keyword=&gad_source=5&gad_campaignid=23253596520&gclid=EAIaIQobChMIlvL5i763kwMVcksABh3RPBO7EAEYASAAEgKDfPD_BwE,,,,,
244,https://www.googleadservices.com/pagead/aclk?sa=L&ai=CglF612bCabzsBKCO2roPkr3GqQiYx7m2gAGp04inzxTqws3H2EYQASDTsd9NYMfdgI6EJqAB1oW6wQPIAQmpAvbAWSQgqm8-4AIAqAMByAMKqgSwAk_QVehnJvTuuBdkrMfQngaY3QyY2JLpBprKoGLkM18jCXOLcsLPXoVJqywOITIST1Oq8ZFfAIglmCJyDlF9lfJurmfX1hVmdTLyx9Eqjku894baEToouu9T7xEi4yIsqKbJelyds8GMA0EzT2cGcyaiS2pY0DxsmR8XOnLh0fA8JCwl4HyH8dNAI9vJZMMg17-yt1eIKerPUqLdwOguYgodQvAjCzDBzkkDnVkmdFUnJ394WAkDFTTXkRhVQIgJ7Ld7SGsis685w4YmGvB2CHDFECFHTfAJZdAlsevY0nGrL1NkF_I2qB99hSQ3pG6r9QvdFMnBRdmcLtCMJeVLlPgfyKppy0_FPHJ2qiOTz6Imwt8r9rN2kFx_Rcv7LKGEa7JURYovyzxh7sOAasbagfnABLWf_JSlBeAEAYgFoonD5VSgBi6AB5L6xT6oB6fMsQKoB6a-G6gHzM6xAqgH89EbqAeW2BuoB6qbsQKoB47OG6gHk9gbqAfw4BuoB-6WsQKoB_6esQKoB6--sQKoB9XJG6gH2baxAqgHmgaoB_-esQKoB9-fsQKoB_jCsQKoB_vCsQLYBwDSCC8IgGEQARidATIIioKAgICAgAg6DYBAgMCAgICAqIACqANIvf3BOliN2tqtqbiTA7EJbHZQmF_61TOACgOYCwHICwGADAGqDQJaQcgNAeINEwiUmNutqbiTAxUgh1YBHZKeMYXqDRMIpvrcram4kwMVIIdWAR2SnjGF8A0CiA7___________8B2BMDiBQB0BUByhYCCgD4FgGAFwGyFw4YASoKNDU0NzQwNzIyMLoXAjgBqhgXCQAAAABghDtBEgo0NTQ3NDA3MjIwGAGyGAkSAutOGC4iAQDQGAHCGQIIAQ&ae=1&gclid=EAIaIQobChMI_LPdram4kwMVIIdWAR2SnjGFEAEYASAAEgJlQ_D_BwE&num=1&cid=CAQS4gEABaugfUFLT1akEK1WZy-pIAV2cYLyx_idruf5HsKvX6mgS1kwDd44ewJvw3uPWff42Z7foH-WwWWnHJPfIZBQHGA7ZoRymKDRHCegduxIsyGVyhLpP0kQDeqCwHD6_QC6NqgzBrwRjleSemH3kkU_8anWh7XxyFYyP03UH_KHsMYyhgG9l4AhSDNM7jXcAQoe5YEGNd47L_DdYJamEep5gZJooFB1-VNrc2RBVl6HnVFJGzbEY4T-pwrFq7iVRq0CrkwekRSKUdWlUANniJk8Mimf49ndlIAXcSlLDJGOnF4oGAE&sig=AOD64_3O3Bp2AEbwrI7udsbFItSZOGctLA&client=ca-pub-7732679874752919&rf=4&nb=9&adurl=https://nuclearmed.co/%3Fgad_source%3D5%26gad_campaignid%3D22761489570%26gclid%3DEAIaIQobChMI_LPdram4kwMVIIdWAR2SnjGFEAEYASAAEgJlQ_D_BwE,https://nuclearmed.co/,,,,,
245,https://www.googleadservices.com/pagead/aclk?sa=L&ai=Cit2cGxrBaYCNNrbxjeYP6uSy0A-rubP-hQGB0_uRyxXtmOnprBAQASCs_KcFYImLxIT0E6AB8oOowD7IAQGpAhJdRpm78Do-4AIAqAMByAMKqgTAAk_QBOMqrrPSnQBGMm5UqeEzaGV830Eaiw2KCg2itCYoeg-MGsZZT6QeqUoTTmbQWtCsQn1XnUsch2HSxO_ozVE24GZRvUba7jeYCdbRetABRjKtmL5K7RBlPA0HUbNftGXTTwAg6useBvoUz6T0rczCG3mGLP1Fw3NkSaWVuSNIrujsr2SVhbVyufdTS-PSvXNCSL7jWafr5gbW7ccLjloJYpXMDeiwHr7PHMPfwktknL1J9U4Ur_Dq6-nrghSMGYM2CDcAodvWBhf76cIt08mKePajfjqXXdzChLeer3-a9IWVcSWg5dGCJ80ROhSFTqYxAXpSlgJ-0CT06ZoABqQn5eqpyWCV7jOhAIeDKIi5nOrkDfdvzKefbt5EAYlzHDTMwtoPfKyAPN6gs9eiN8mIi3Cu6THEt8k6Hco1qy5zwAS4ue_0zwXgBAGIBYvF5tFXgAfyu_ifGagHp8yxAqgHpr4bqAfMzrECqAfz0RuoB5bYG6gHqpuxAqgHjs4bqAeT2BuoB_DgG6gH7paxAqgH_p6xAqgHr76xAqgH1ckbqAfZtrECqAeaBqgH_56xAqgH35-xAqgH-MKxAqgH-8KxAtgHAdIILwiAYRABGJ0BMgiKgoCAgICACDoNgECAwICAgICogAKoA0i9_cE6WMSrjYXstZMDsQmOPz1lBFfrroAKAZgLAcgLAaoNAkpQyA0B4g0TCM3rjYXstZMDFbZ4wwYdarIM-uoNEwiMn4-F7LWTAxW2eMMGHWqyDPrwDQKIDv___________wHYEwOIFAHQFQHKFgIKAPgWAYAXAbIXDhgBKgo5NDEyMTY3ODg1uhcCOAGqGBcJAAAAAECoBkESCjk0MTIxNjc4ODUYAbIYCRICzVQYASIBANAYAQ&ae=1&gclid=EAIaIQobChMIwIaQhey1kwMVtnjDBh1qsgz6EAEYASAAEgL6W_D_BwE&num=1&cid=CAQS4gEABaugfTBKZKA5VC2K6wv426Z9sYSK4WMbr833LsoQAezwGZAGNQbpQkHTga4U5Z-dswFhWxMVeBGT36xvC1s7U6jRlnrgZfMy4kj6RTZvbSB0WiL9uSsuvjWpfvv6wVj84vawE96ilTDzCEN7tl9ry1YsEKTSkKJwpDFVZPjHJUTFR_ntMl_Hzp8Q0qFdcFlaA3l-Z0LkDA54oG361fVM9QaAN7ikLIhWgDjkQG0hm6V5PYzlYI80xrQUQE6mhgcSVHrRMCuh_SJ3yErPLDh085cB8Yp9nudkoUtTPAdK8QmwGAE&sig=AOD64_3LQYe8CGhX0-hfx83FmwfeDsxBgw&client=ca-pub-3793720534573472&rf=4&nb=0&adurl=https://www.tepco.co.jp/attention/%3Fgad_source%3D5,https://www.tepco.co.jp/attention/?gad_source=5,,,,,
246,https://www.googleadservices.com/pagead/aclk?sa=L&ai=CjphNNxPCad_kCabujeYPi6KAiAb1gNqKhgGfqb_jqRWhpvjz0B0QASCwhZ0aYJsDoAHU-LrHAcgBCakCL6Nzo_3lBj7gAgCoAwHIA8sEqgTUAk_QiV0vx3286Spl0TJGDbsafrkW3P50gJdMjBpRfScyNpfyRorVuaM6L3BDjJd_RIkYuzH7LM56eWWTBqDramrufm49BsSiVN1w9YOiybG1XYoj9SF06ilxVzc-b2gej0WAsm_g2pH7aoq4Vt19J8uJhLAdCJk4dhQMU0HgzX0AJVtFt2QTWXN-MWyREScJGi-zkqJAifbf_qNUtyXRtGIT-ELhzcjB3cRiy5X4s6r5m2Nwenrd8PpZlOlWOmMZjCoqmCojerdebpGzI6jhUZ-oumBOGuNplv7qJsMk1eMu0oGy6Twc6fG292yj-FG7bwByRJVPKznY9Qb2MnkSbz1SilGIyjayROvBtoeuRfMeiT2Vye6xObphyxBvJOWN8qxT7fhxnNB9sCbwiUpSfimiY8qUgLt3l7hIOMfGKng8iAgoP2LVkmdfvf9dToywnlduDbjABKGxr6WWBeAEAYgFzMHL8VLABQX6BQYIJRABGACgBi6AB5SHxbgCqAenzLECqAemvhuoB8zOsQKoB_PRG6gHltgbqAeqm7ECqAeOzhuoB5PYG6gH8OAbqAfulrECqAf-nrECqAevvrECqAfZtrECqAeaBqgH_56xAqgH35-xAqgH-MKxAtgHAMAIAdIIMgiA4YAQEAEYnQEyCKqCgICAgIAIOg6AwAOAgISAgJSu4AOoB0i9_cE6WIvYzs3Zt5MDgAoDkAsDmAsByAsBgAwBogwCSAGqDQJLUsgNAeINEwjqjs_N2beTAxUmd8MGHQsRAGHqDRMI9oPRzdm3kwMVJnfDBh0LEQBh8A0CiA7___________8BsA6hwM2QGOASh6Gh0orB5NGIAdgTC9AVAekVPXLDtvdWSkbwFYOTocMB-hUKNjAwOTQ5OTIyM8oWAgoA-BYBgBcBshcOGAEqCjI0NTk4Mzc2NTe6FwI4AaoYFwkAAAAAYMnjQBIKMjQ1OTgzNzY1NxgBshgJEgLATxguIgEA0BgBwhkCCAE&ae=1&gclid=EAIaIQobChMIn9zRzdm3kwMVJnfDBh0LEQBhEAEYASABEgLfwPD_BwE&num=1&cid=CAQScAAFq6B9HtMmiEN7BgZIzH35Tpc7bgrghJTfWX0tTMT7Rny-gkFjYkij61dJwUzxOSuUiEnfE_GMoiROrFtOxkMidECEzKkOXFca0cXYFxi0q4sc3v03S1yKuYAyr5sI4qL8mFI5nfZ03iozz7_hUTgYAQ&sig=AOD64_1aD9jCRYBDbUn24s0S5jxd9-zm1Q&ctype=5&client=ca-pub-6447179309296276&nb=9&adurl=http://www.rusko.kr/shop/shopdetail.html%3Fbranduid%3D11330703%26search%3D%26xcode%3D001%26mcode%3D006%26scode%3D%26special%3D2%26GfDT%3Daml3Ul0%253D%26gad_source%3D5%26gad_campaignid%3D22249922764%26gclid%3DEAIaIQobChMIn9zRzdm3kwMVJnfDBh0LEQBhEAEYASABEgLfwPD_BwE,http://www.rusko.kr/shop/shopdetail.html?branduid=11330703&search=&xcode=001&mcode=006&scode=&special=2&GfDT=aml3Ul0%3D&gad_source=5&gad_campaignid=22249922764&gclid=EAIaIQobChMIn9zRzdm3kwMVJnfDBh0LEQBhEAEYASABEgLfwPD_BwE,,,,,
247,https://www.googleadservices.com/pagead/aclk?sa=L&ai=CoHl3GSzBaZHzEumW29gPvPO30QuOqNPmhQHD5pC7yhWF-7uDnUcQASCVos4cYImLxIT0E6AB4MX4vwPIAQapAsVbc_k_6jo-4AIAqAMByAMKqgTLAk_Qdez1leocHplLEmXuHmNJlMQHtfEUkIE9pRCv5Rl_gnI6lJIT4Nr0ace8u-hxSy1SNX7o45Tu2kvGnqek90E_qYCZ0_HDH7a-K2DFXRkLYEEWQ5HgoC2O1-JiX-mSm3osV53kEHbT96cUI8osGgTrZ4RW0vcawHU9tb4LYEuYGn4pVe_Gi_Zw57b0Cw82GOOm0y0GGy2MK7SwjflMdyyrAIXfgGQhBHErT21IxE2o5kmxkds1QX4nJeoVQkV8qvJqVW1qVXvttx6tgwuOoq48zvLL_3pM2Ob91TVE3loOFpbvSifNToTtguL9nbFl43Gi0QWlchUGp04iQZF2G1r_LnmhGVcjdiiRMVRx_QoYyTeY57DRMONxStXOD0Xb9F-hNgDuCbtYO6z_zRbFhhr99ihAy9JlH0FCrO_p8c5U5GN8blm5ibmQHdbABN2avfqGBeAEAYgF4ILy9FKgBjeAB4i6h0CoB6fMsQKoB-LYsQKoB6a-G6gHzM6xAqgH89EbqAeW2BuoB6qbsQKoB47OG6gHk9gbqAfw4BuoB-6WsQKoB_6esQKoB6--sQKoB9XJG6gH2baxAqgHmgaoB_-esQKoB9-fsQKoB_jCsQKoB_vCsQLYBwHSCDIIgOGAEBABGJ0BMgiqgoCAgICACDoOgMADgICEgICUjuADqAdIvf3BOljz84-Z_bWTA7EJ64KOOz6ubf2ACgOYCwHICwGiDAOQAQGqDQJKUMgNAeINEwi94ZCZ_bWTAxVpyxYFHbz5LbrqDRMIx8WTmf21kwMVacsWBR28-S268A0CiA7___________8BsA6j2NW1GNgTDNAVAZgWAcoWAgoA-BYBgBcBshcOGAEqCjM3MzkwNjY2MDi6FwI4AaoYFwkAAAAAgKj4QBIKMzczOTA2NjYwOBgBshgJEgKmZhg3IgEB0BgB6BgBwhkCCAE&ae=1&gclid=EAIaIQobChMI0eOUmf21kwMVacsWBR28-S26EAEYASAAEgKFX_D_BwE&num=1&cid=CAQScAAFq6B93mueiDVXSMX7Nrx7oGtOdIMXQLq-vIMAnF-8-reiterW9VmNZHAr6FTS-mgTwBYUyjvHV8vQNk2AOKuvLPGEzsmuvWQG8wiqKH0gNpkPSPrSQjtEl1jciq8kbCHACLzdH0YEtNIzjCfQmlsYAQ&sig=AOD64_3uLi_1pE_mCvemVSWhiOazwacZCg&client=ca-pub-0414436487628782&nx=CLICK_X&ny=CLICK_Y&uap=UACH(platform)&uapv=UACH(platformVersion)&uaa=UACH(architecture)&uam=UACH(model)&uafv=UACH(uaFullVersion)&uab=UACH(bitness)&uaw=UACH(wow64)&uafvl=UACH(fullVersionList)&nb=9&adurl=https://www.maildealer.jp/%3Futm_source%3Dgoogle%26utm_medium%3Dcpc%26utm_campaign%3D01.pmax%26gad_source%3D5%26gad_campaignid%3D22256845152%26gclid%3DEAIaIQobChMI0eOUmf21kwMVacsWBR28-S26EAEYASAAEgKFX_D_BwE,https://www.maildealer.jp/?utm_source=google&utm_medium=cpc&utm_campaign=01.pmax&gad_source=5&gad_campaignid=22256845152&gclid=EAIaIQobChMI0eOUmf21kwMVacsWBR28-S26EAEYASAAEgKFX_D_BwE,,,,,
248,https://www.googleadservices.com/pagead/aclk?sa=L&ai=CwRA44F7CaZmiGKmG29gPxYqAgQbu2Nr9hQHPlumfshXd2R4QASDHnIMkYMfdgI6EJqAB-I7Bu0HIAQKpAn6Lh0lps28-4AIAqAMByAMIqgTFAk_QLUoU6oQiCXmpa9FNQ_8rMmTQlqZo6-DZvgctXAcpYVz9CrxPC-EuDjerWnn0jRLR-vFRfuwQ_K2JmTsQjCl1DXYOxgPV32RpRI5vhRpTDzrtd9qSmWoXiWI7l9dPHYWpiw9AIi5mT8uSBW3mdv1oef5Gc7TKZbtnSH-LUrNcZkJsDY5xmPUiQvgkrKXzjjwcp0D2AHy3I3fJrx5BILH8hKUAYCk1hrEC64wUlg4XnfpHpMY7_IIhzLuoUlHwD4GXPP8NAd5Mr3FYQLXEMvpjo3wV7m063-Zeddr04mz1YZIdW0TD8qdX4YmLukuIWW--DWfFkKdMGf9jgW6erm6gPl-JFbAzPnkx8vCW23ICje-L6avigw6bRdgB_1txFke9_VjfeHYb8oq81k6x-S8B81Up33l2SsLFluNJeklbCHCMvSHABO7KxofSBeAEAYgFy8fJ1legBgKAB_jGkZscqAenzLECqAfi2LECqAemvhuoB8zOsQKoB_PRG6gHltgbqAeqm7ECqAeOzhuoB5PYG6gH8OAbqAfulrECqAf-nrECqAevvrECqAfVyRuoB9m2sQKoB5oGqAf_nrECqAffn7ECqAf4wrECqAf7wrEC2AcB0ggvCIBhEAEYnQEyCIqCgICAgIAIOg2AQIDAgICAgKiAAqgDSL39wTpYyevL4aG4kwPyCBthZHgtc3Vic3luLTQ1NDE1MzQ2OTYxNTE1OTCxCQHLOcn1dtvXgAoDmAsByAsBogwDkAEBqg0CWkHIDQHiDRMInZTM4aG4kwMVKcMWBR1FBSBg6g0TCPvozeGhuJMDFSnDFgUdRQUgYPANAogO____________AdgTCtAVAZgWAcoWAgoA-BYBgBcBshcOGAEqCjcxMzYxNjg5ODK6FwI4AaoYFwkAAAAA8BECQRIKNzEzNjE2ODk4MhgBshgJEgL6UxgCIgEA0BgBwhkCCAE&ae=1&gclid=EAIaIQobChMImZLO4aG4kwMVKcMWBR1FBSBgEAEYASAAEgJ7BPD_BwE&num=1&cid=CAQS0AEABaugfR94LVDvHKVB4zDXCdq1d_n5_p0LQnXtGDr9Qc6JnEQ-ZeYOwR-IfgDYMyBmQi3kG3wF3csZi9PAq42IU77mUlSCbOfMZP_h2UOApAroOz4PByDmc5BEdDxH9NL5md1Blzdmqsf0TW6r5rg0DY__Jm1Sj8WnnOGPUagTN9xiyOHn9-xi7n_SZcw1HjnKFcy4ERzomRImbZyhtUL_30CMrz3i29vfuz-a4rxaNYuUMQCuZPNlXD_kavcPbgAw3LYtkg6aWX775uHZdl3pGAE&sig=AOD64_1NVeMA9SW-AdWo--d_ES9J3IAXvA&client=ca-pub-3533864070776314&rf=5&nx=CLICK_X&ny=CLICK_Y&uap=UACH(platform)&uapv=UACH(platformVersion)&uaa=UACH(architecture)&uam=UACH(model)&uafv=UACH(uaFullVersion)&uab=UACH(bitness)&uaw=UACH(wow64)&uafvl=UACH(fullVersionList)&nb=2&adurl=https://portofgauteng.co.za/south-africas-next-logistics-powerhouse/%3Futm_source%3Dgoogle%26utm_medium%3Dcpc%26utm_campaign%3D(Display)-SA%257CSuperiorLocation-CanyouAffordnottobehere%253F-(Multi-AudienceTargeting)%257CNewLP%26utm_content%3DSuperiorLocation-CanyouAffordnottobehere%253F-(In-Market%2526AffinityInterests)%26keyword%3D%26device%3Dc%26network%3Dd%26placement%3Dwww.donga.com%26gad_source%3D5%26gad_campaignid%3D23535444939%26gclid%3DEAIaIQobChMImZLO4aG4kwMVKcMWBR1FBSBgEAEYASAAEgJ7BPD_BwE,https://portofgauteng.co.za/south-africas-next-logistics-powerhouse/?utm_source=google&utm_medium=cpc&utm_campaign=(Display)-SA%7CSuperiorLocation-CanyouAffordnottobehere%3F-(Multi-AudienceTargeting)%7CNewLP&utm_content=SuperiorLocation-CanyouAffordnottobehere%3F-(In-Market%26AffinityInterests)&keyword=&device=c&network=d&placement=www.donga.com&gad_source=5&gad_campaignid=23535444939&gclid=EAIaIQobChMImZLO4aG4kwMVKcMWBR1FBSBgEAEYASAAEgJ7BPD_BwE,,,,,
249,https://www.googleadservices.com/pagead/aclk?sa=L&ai=CsB45RmnCafOxD7v0pt8Px-XLyQmjmp3aep2qj4__EmQQASCa3eQfYMfdgI6EJqAB1dCG2inIAQKpAlPC9pMhz28-4AIAqAMByAMIqgTTAk_QEIA6aN4SNn5emhZ4XPXJmnUTssSN8jjejiLgFRSMYyJFz4IfcVlSFZ_K4HayLTxJCPMM0p1AWggN24VudsJ3YLzd1mqHXtVm2JEd97_-1iU7s6sBYfV_LkYMTEwvCZWAvWBieuvCvlW5uFJ8q1jH6vZwc2m5jin70E7KAnVtfqfCJeVgYPBaZtiSb4AW2DuIkiFRBjuGiOgl_rCg_5vXH8GQvEZYa4ZfBWW-apLnT9A8lPe2Y1mGeIEJPQ7p-FJ3bR1JHxRWRRISD-TrsEHb4GjC2OMVj12y_9jcGNkp-o_485-g-vhzaWHwtIa6fzrXQ7mqw5hEhPzKRbrXIB0XRSXOR2IQGG13t8DvXgALXmfWLuMiWOz6c_o6Of5plhiERuqHRRASyehiaZVh9e7leyHNnjkk57GmjsQViB4pvTtOkMx4bPo6WnDJP_DoSRmINcAEuruGq7YE4AQBiAXsr5ibTKAGAoAH1YjXuQSoB6fMsQKoB-LYsQKoB6a-G6gHzM6xAqgH89EbqAeW2BuoB6qbsQKoB47OG6gHk9gbqAfw4BuoB-6WsQKoB_6esQKoB6--sQKoB9XJG6gH2baxAqgHmgaoB_-esQKoB9-fsQKoB_jCsQKoB_vCsQLYBwHSCC8IgGEQARidATIIioKAgICAgAg6DYBAgMCAgICAqIACqANIvf3BOliFm-3Wq7iTA7EJZLp0DhkGfaiACgOYCwHICwGiDAOQAQGqDQJaQcgNAeINEwiHl-7Wq7iTAxU7uukFHcfyMpnqDRMIpLHw1qu4kwMVO7rpBR3H8jKZ8A0CiA7___________8B2BMN0BUBmBYByhYCCgD4FgGAFwGyFw4YASoKMjg4ODIxNTcxN7oXAjgBqhgXCQAAAACAqPhAEgoyODg4MjE1NzE3GAGyGAUYAiIBANAYAegYAcIZAggB&ae=1&gclid=EAIaIQobChMI8-zw1qu4kwMVO7rpBR3H8jKZEAEYASAAEgLcffD_BwE&num=1&cid=CAQS4gEABaugfQ54NnStTR0It18tzVdSpWzJuipmoG-phKQE8TdKwm5yLA4dE3KXQETpCLqnbYOCK8yYvVCeApSFXuguctW7Y9RfMe2rUKSDMTnleAywVLCRdJamUiB05ngfw47Iby0MDDTdxMOIsPOwFW7TGTYbKaNPaHAXSxC3MAYtQ6BOwMTW5YJeZpcMBxwyyGa7Y_-A6aHpKR-9SO_erjRhtoeYSLQLFBETqbu9XiJ89X1LIN-y9xN-vc_AZE_fAIl9NWjoGTFTb7hQZleXt42_bMHBoxdZ2HBQfFx-fIrVUtAIGAE&sig=AOD64_2qlpesuoRfMO8XWpVaIhOKQN7vmQ&client=ca-pub-7439281311086140&rf=5&nx=CLICK_X&ny=CLICK_Y&uap=UACH(platform)&uapv=UACH(platformVersion)&uaa=UACH(architecture)&uam=UACH(model)&uafv=UACH(uaFullVersion)&uab=UACH(bitness)&uaw=UACH(wow64)&uafvl=UACH(fullVersionList)&nb=2&adurl=https://glovesa.co.za/%3Fgad_source%3D5%26gad_campaignid%3D20458117100%26gclid%3DEAIaIQobChMI8-zw1qu4kwMVO7rpBR3H8jKZEAEYASAAEgLcffD_BwE,https://glovesa.co.za/?gad_source=5&gad_campaignid=20458117100&gclid=EAIaIQobChMI8-zw1qu4kwMVO7rpBR3H8jKZEAEYASAAEgLcffD_BwE,,,,,
250,https://www.googleadservices.com/pagead/aclk?sa=L&ai=C545yOd7BafKsFoefjeYP0YD3sQ2I1LnfhQGe0ILtuxWv0vfV3jIQASDwmc8ZYKWAgICcAaAB9oHCtSjIAQbgAgCoAwHIAwqqBOcCT9DyjFSjjXjN4XZ2Riy1mmTvtwcHgDXztbaCU-mxmVTD16vXILxt63ogq5GJVn7yBbNAVuxny7cB6G_GiDmbPRyd--TqUVVNlyIFjUvu8qgCBRN04jywCepV1ZJhTdxDnFw37zLMKo4-znUnnryF3sgSgDQ6fZKN5TC29dSFb1gTegUVnFYXtaHz-7sQjqJvpj28GXa3RSJho9jkMwnGXZBRR3zNAjW6iewL9zWf6DymG_m0u16r0T8sCa-r-fHuAkw9ZqRsRNX3j1P1wjrB6atmY7ULczhLRgaUF5E2Jq0sKPeNBOd6KUP0cYaWnJAUluJjXAeqE9LOTOA--W7-yKaiNZ2IvVYmfLM8-RqHOzWTfOZqppifuNj0dADnTTKA_j7sZfU373LVN7vqAxtofEcfEYvEKpoaZASe0N3EVNf64U6xnWq-Zt0yTViyt-xUkYfsY1nz1FqWAiDClmV9d3GJUIQ95z3ABND896fUBeAEAYgF7M-5lleAB_a5kpUDqAenzLECqAemvhuoB8zOsQKoB_PRG6gHltgbqAeqm7ECqAeOzhuoB5PYG6gH8OAbqAfulrECqAf-nrECqAevvrECqAfVyRuoB9m2sQKoB5oGqAf_nrECqAffn7ECqAf4wrECqAf7wrEC2AcB0ggvCIBhEAEYnQEyCIqCgICAgIAIOg2AQIDAgICAgKiAAqgDSL39wTpYt9T0iKe3kwOxCcNYH0zm7JtZgAoDmAsByAsBqg0CQVXIDQHiDRMI5vP0iKe3kwMVh0_DBh1RwD3W6g0TCKOl9oint5MDFYdPwwYdUcA91vANAogO____________AbAOhtrW6BjYEwvQFQHKFgIKAPgWAYAXAbIXDhgBKgoxMjMzMzM2NzcwuhcCOAGqGBcJAAAAALCF-0ASCjEyMzMzMzY3NzAYAbIYCRICq1wYASIBANAYAegYAcIZAggB&ae=1&gclid=EAIaIQobChMIsq37iKe3kwMVh0_DBh1RwD3WEAEYASAAEgJ3Y_D_BwE&num=1&cid=CAQS0QEABaugfRZ8LGGW0EfK-hKuPbT7LXTWUqPDitP4opugIJlSa4rCOAUvXjFwRcqoLojaNGx-Swy5v8D1C60zHfh7f-oeP9tbLsYSwGLfqOlvbE5cPFk_Bh0ISbOUi_Fb8tgDqey5WAXSwm3xbNE4e_AGlgB-m-HIfqKluUtVmtNBjqQ6tpxHatH-GSboRFwgGUkk0PsaBX7wrVbyT66cKj0QZrhQTmqiQlkSuW0ZS27ZAqrJgCqqRGHPVcndRW-wUDMcDtkHtK62Q6ywYkBePk2kEBgB&sig=AOD64_0jR7OdNpIwHlot0asYh3ikBHNzBA&client=ca-pub-9935970894247316&rf=4&nb=1&adurl=https://try.takeprofittrader.com/funded-trader-mff-nf40-4-0725%3Fgc_id%3D23396595761%26h_ad_id%3D%26gad_source%3D5%26gad_campaignid%3D23400966124%26gclid%3DEAIaIQobChMIsq37iKe3kwMVh0_DBh1RwD3WEAEYASAAEgJ3Y_D_BwE,https://try.takeprofittrader.com/funded-trader-mff-nf40-4-0725?gc_id=23396595761&h_ad_id=&gad_source=5&gad_campaignid=23400966124&gclid=EAIaIQobChMIsq37iKe3kwMVh0_DBh1RwD3WEAEYASAAEgJ3Y_D_BwE,,yes,,,yes
251,https://www.googleadservices.com/pagead/aclk?sa=L&ai=CDRwsiIjCabuaMcj0jeYPqNGj4QSMl82IggGc6IDKihBkEAEgg6mlIWDH3YCOhCagAbSB7ckDyAEJqQJJlUbW8HGzPuACAKgDAcgDCqoEvAJP0MO3kKIzuduD1pr_14YjyV7fdlvcuQi-VOWndaUimD_HgDoQX32QIFiDonBD0OJlvTzjolSJRrDHF4-tLYAHsd9hxyOWrDbIZyBmNxBdZthAsywFnt5TlF_UMI1Ai-bu3twPNOEZVWnmX8iyL-jIOEvIgGnJdFpZfMI5vvpLB2q1cEwSFRbRP-iKfLV0SbArXPbr_H01DqdQlYsGSWxTqnYb2PUlkW4uwzOlrtbuieeETWQWwKFKUdQpusUsVOE_-z8GkPE4FwUKIVmO_VbP7MH0MT47bsEINpmPrpIEC8UAxhy57VCvRf7mjj3ESUTdqteUmkQiTFJN5sCZKKj9atkAFU0vIk2U4ROoInSzyqCHkSpQmR1bO9v6Ypz1LhmJTI6flxoGvAn25jqu-bxlDDWuGCCV3E0oD0sMwASawIDRjgHgBAGIBf_L1c4CoAYugAe0_pI2qAenzLECqAfi2LECqAemvhuoB8zOsQKoB_PRG6gHltgbqAeqm7ECqAeOzhuoB5PYG6gH8OAbqAfulrECqAf-nrECqAevvrECqAfVyRuoB9m2sQKoB5oGqAf_nrECqAffn7ECqAf4wrECqAf7wrEC2AcA0ggvCIBhEAEYnQEyCIqCgICAgIAIOg2AQIDAgICAgKiAAqgDSL39wTpY3uzjvsm4kwPyCBthZHgtc3Vic3luLTk4NDM1MzQ1NDIxODk0NDKxCfHidwmbC_zcgAoDmAsByAsBgAwBogwDkAEBqg0CWkHIDQHiDRMI1Znkvsm4kwMVSHrDBh2o6ChM6g0TCIaw5b7JuJMDFUh6wwYdqOgoTPANAogO____________AdgTDdAVAZgWAcoWAgoA-BYBgBcBshcQGAEqCjg1NDc1NTk3NDdQBroXAjgBqhgXCQAAAAAQuPlAEgo4NTQ3NTU5NzQ3GAGyGAkSAv1OGC4iAQDQGAHCGQIIAQ&ae=1&gclid=EAIaIQobChMIu_7lvsm4kwMVSHrDBh2o6ChMEAEYASAAEgKLwvD_BwE&num=1&cid=CAQS4wEABaugfRKmms4rkVOxCUrrmnZxRdmDhFInDuXlEwnPUd-OfOExauIuEtuVhcS-IGfUVFBXulJjJ20ygGpriABP6KjSMqE-4YOrwyUDh2MzNerVRzNPgb7mLUgPYhyUCwjesx3GdTNaNFjjtbLg5KsMst_IGqMmy1-6a-XIZ6Tnbgzrsy7Zk6aqe-LV1Sq6HzbkNeoJuQ6_LkZaJzUycb3f5nq9xtEREtVfd8Clur1xNpmvXwLad4fBzSzRAoHK8wTnatnybs9D4Mf5WjBA2mE9apjz8koY-6u9xy5lTCabPDYdpRgB&sig=AOD64_1JEyy-SK5_yY5YcZcMb4leK16zcQ&client=ca-pub-6028289858130678&rf=4&nb=9&adurl=http://www.violinesdeluthier.com/es%3Fgad_source%3D5%26gad_campaignid%3D701851135%26gclid%3DEAIaIQobChMIu_7lvsm4kwMVSHrDBh2o6ChMEAEYASAAEgKLwvD_BwE,https://www.violinesdeluthier.com/es?gad_source=5&gad_campaignid=701851135&gclid=EAIaIQobChMIu_7lvsm4kwMVSHrDBh2o6ChMEAEYASAAEgKLwvD_BwE,yes,yes,yes,yes,yes
252,https://www.googleadservices.com/pagead/aclk?sa=L&ai=CmPAXJfvAadvtGtze29gP1qHQkQjj77P2hQGd19OyshWe4Pi0FhABILyW4RBgiYvEhPQToAHG0tjuA8gBAuACAKgDAcgDCKoExgJP0OlvO_WtfYZ2CKqHtjz2PB6_oadPkE1T1bK9K38v2CprY11oCvDfWEnsDGsXZBq7mrWBq0R2coPCnEe1QDOzEVAnUK6BS4fQJdAapq-jNKN7mKh9622g4RWyuUL9RV5I6dAcFWuO-Wc1PGk33OVgQirRbgJTJeblJW4siWfhVhAip8d2e-Yq12RdSb9IEXuSTE57WJCeqkubqwuFx6X8IPkLsln0oVSwJgpAuXRLpukR0CJ38d71FTR3ddz2Z41ow5xgEUshISy8aoYdUBDMcVZ9CyLScCpSvwwQm9LlLx0B4KD70IqxJzb6uhWQkZ9AHA7ZVZMMgZubH6rh0ohEukLLIi95lZThAsMFN8KXG6JNjpNdwvv8a_GqOu5dJaBOzO3vHiWLvbEVO9qximAmbt3GolYAp8ypF4PiaXhCdMAxdx3guMAEvPbup9QF4AQBiAX9haeQWKAGAoAHoq2nEagHp8yxAqgH4tixAqgHpr4bqAfMzrECqAfz0RuoB5bYG6gHqpuxAqgHjs4bqAeT2BuoB_DgG6gH7paxAqgH_p6xAqgHr76xAqgH1ckbqAfZtrECqAeaBqgH_56xAqgH35-xAqgH-MKxAqgH-8KxAtgHAdIIMgiA4YAQEAEYnQEyCKqCgICAgIAIOg6AwAOAgISAgJSu4AOoB0i9_cE6WIX_vMHOtZMDsQn_EqXz8Wv3QIAKA5gLAcgLAaIMA5ABAaoNAkpQyA0B4g0TCMy7vcHOtZMDFVzvFgUd1hA0guoNEwjIx7_BzrWTAxVc7xYFHdYQNILwDQKIDv___________wHYEw3QFQGYFgHKFgIKAPgWAYAXAbIXDhgBKgo2NzMxODQwMjUwuhcCOAGqGBcJAAAAAICo-EASCjY3MzE4NDAyNTAYAbIYCRICzGgYAiIBANAYAcIZAggB&ae=1&gclid=EAIaIQobChMIm5TAwc61kwMVXO8WBR3WEDSCEAEYASAAEgLCz_D_BwE&num=1&cid=CAQSbwAFq6B9WeUr9mi6AIvVWfOZlc5ktvPFJ7nDt-SAYOjtKBFrQkw-CzLsOCYo9e1U3mJawf2xyDYgdfoXtw-OBBEKH7Tn0gueCXQi9GjnWCSB_04OhTJW2DLJEBqRnLuEwrbKu_1utqr-ix3FO_-EzRgB&sig=AOD64_2fCFSj1n39n4djrXJdrUUWMJEKPQ&client=ca-pub-2012933198307164&rf=5&nx=CLICK_X&ny=CLICK_Y&uap=UACH(platform)&uapv=UACH(platformVersion)&uaa=UACH(architecture)&uam=UACH(model)&uafv=UACH(uaFullVersion)&uab=UACH(bitness)&uaw=UACH(wow64)&uafvl=UACH(fullVersionList)&nb=2&adurl=https://www.phillips.com/modern-and-contemporary-art%3Fgad_source%3D5%26gad_campaignid%3D23656514301%26gclid%3DEAIaIQobChMIm5TAwc61kwMVXO8WBR3WEDSCEAEYASAAEgLCz_D_BwE%23upcomingAuctions-nav%3Futm_source%3Dgoogle%26utm_medium%3Dcpc%26utm_campaign%3DHK010226%257CMCA%2520HK%2520Spring%2520March%25202026%257CDisplay%257CProspecting%257C032926%26utm_term%3D%26utm_content%3DHK010226_ENG-Zao,https://www.phillips.com/modern-and-contemporary-art?gad_source=5&gad_campaignid=23656514301&gclid=EAIaIQobChMIm5TAwc61kwMVXO8WBR3WEDSCEAEYASAAEgLCz_D_BwE#upcomingAuctions-nav?utm_source=google&utm_medium=cpc&utm_campaign=HK010226%7CMCA%20HK%20Spring%20March%202026%7CDisplay%7CProspecting%7C032926&utm_term=&utm_content=HK010226_ENG-Zao,yes,yes,yes,yes,yes
253,https://www.googleadservices.com/pagead/aclk?sa=L&ai=C7CQXYBbCadKKEouI3NMP_M-KyQHV8tzThQHW9qekxxS2kB8QASCSo5aXAWCbA6ABkOmJhAPIAQLgAgCoAwHIAwiqBLgCT9C5cfM-WduJ9oc9Y5iGWFGWgfMsf2GP1obfbDTpdEA6U2w-Xx-VT4_idhaksc5XGdBdejrAB1pQc5PnZcJOi9yiBEcprR9ASt4sValDCur6Otfzch_bZcYB3Bm-RtFmh0Hvtnzo-7cT15GxAF1E4SHO8trgDPeH4cuOd3se_k5VZcGT2A36-fCI5DB0Rn6J7fMQiRgafI38osHvXpOGj5uxKl9AqrDKH0CJLIA5TAA8NZcaYmhpyQxpqqMvq2XyKBR8jxqi5zn8pFu0RwUvxq7yDFJBRgPjJcIlN46jf0T-jMtWV-iJ_Aw7RynksKtSSiKTUc4Oah7UZszvPBhQlDuwrURYF9n3WGVFpCxIHQIEljzmDdJDegjdI7cOFlMK2fRumb1eLVsJkgM1Xd5jMYar7FPauV4OwATGw-_PzwTgBAGIBffF_NVOoAYCgAfYlvZ7qAenzLECqAemvhuoB8zOsQKoB_PRG6gHltgbqAeqm7ECqAeOzhuoB5PYG6gH8OAbqAfulrECqAf-nrECqAevvrECqAfVyRuoB9m2sQKoB5oGqAf_nrECqAffn7ECqAf4wrECqAf7wrEC2AcB0ggwCIBhEAEYnQEyCIqCgICAgIAIOg6AQIDAgICAgKiAAqiDEEi9_cE6WMaUmM_ct5MDsQm9xEH7kDiSd4AKAZgLAcgLAaoNAktSyA0B4g0TCLm1mM_ct5MDFQsEdwQd_KciGeoNEwjdk5rP3LeTAxULBHcEHfynIhnwDQKIDv___________wHYEwrQFQHKFgIKAPgWAYAXAbIXDhgBKgoyMjEwOTA0NDQ1uhcCOAGqGBcJAAAAAJC3CEESCjIyMTA5MDQ0NDUYAbIYCRICsFIYAiIBANAYAcIZAggB&ae=1&gclid=EAIaIQobChMI0rq7z9y3kwMVCwR3BB38pyIZEAEYASAAEgKhEfD_BwE&num=1&cid=CAQS0QEABaugfQdT6lhox56x5mWuENxSxR_q89IprhAzHwRhlxkQIVzZJZvaCywM9K8LMWedfYfsUma7Ofvm8F4IKX_OJbsToBbKCB-V0xrisE1rAWzL19qx9GrkNJaYrx1ghv5MEKAv579QWUsgXtTLobVnB068XDwdIE935w0w7Rk4s1EyVq2B5nTqB8-Fg0D8K-GKoQ6QZrMEat0-_VA17bE6b8Iv83GuZzzyHPuzCf6uhvx5QAOAjp4KPhEuRyY_hxGWSWNGwhQQqs5_EJxxwlsEeRgB&sig=AOD64_1zeWOgavyCUf42T0MgJaBEwCzvRA&client=ca-pub-6254817921101109&rf=5&nx=CLICK_X&ny=CLICK_Y&uap=UACH(platform)&uapv=UACH(platformVersion)&uaa=UACH(architecture)&uam=UACH(model)&uafv=UACH(uaFullVersion)&uab=UACH(bitness)&uaw=UACH(wow64)&uafvl=UACH(fullVersionList)&nb=2&adurl=https://medsupp.amainsure.com/%3Futm_source%3Dgoogle%26utm_medium%3Dcpc%26utm_campaign%3Ddisplay-awareness-banner2-banner3%26SourceCode%3DGMSDISPLAY%26utm_source%3Dgoogle%26utm_medium%3Dcpc%26utm_campaign%3Ddisplay-awareness-banner2-banner3%26utm_id%3D21118264055%26SourceCode%3DGMSDISPLAY%26gad_source%3D5%26gad_campaignid%3D21118264055%26gclid%3DEAIaIQobChMI0rq7z9y3kwMVCwR3BB38pyIZEAEYASAAEgKhEfD_BwE,https://medsupp.amainsure.com/?utm_source=google&utm_medium=cpc&utm_campaign=display-awareness-banner2-banner3&SourceCode=GMSDISPLAY&utm_source=google&utm_medium=cpc&utm_campaign=display-awareness-banner2-banner3&utm_id=21118264055&SourceCode=GMSDISPLAY&gad_source=5&gad_campaignid=21118264055&gclid=EAIaIQobChMI0rq7z9y3kwMVCwR3BB38pyIZEAEYASAAEgKhEfD_BwE,yes,yes,yes,yes,yes
254,https://www.googleadservices.com/pagead/aclk?sa=L&ai=CtBUn3QTCaZTaLLOhpt8PlbrL8AjNmJXNhQGSwNap7RS2kB8QASDcxvJ2YJsDoAGJi_z7AsgBCeACAKgDAcgDCqoEuAJP0Lf8fHbne4vro2-7Yc21OR3gdYLJE9V9Bqd2oLPBMu1IXbUa8TOFbb_DExfT2ja-HHTYKfl-IVpIB5CZ0QuUikGk8u9ICKTXSXpFcWo0QY4o1AHZD9lqf1cwhUmqgU1VYtA_r4xx7oRAHom8RwWckD_XusUKy-OCyEKUWh95l_HSziSkKondNPfxNLTc5FhiUVMu1NcPCEb0qHLwIPdEKUudbktaYSITK8qpNtL9kx8J4_uSx7yETwq4SqtPpSSOI-_R5YPqQeU1ptWxFem6g_Ovw1Bj-6l6xwawaOzEvcyXDasXZwIO9QybxD1eXZoU-RL5XBAOACJ0V0Ea9ol3Cn9DyN7pZ3RYXUNePatEcwaMF_P3DbieU3Fkvku5WTzvJlSV6PYghVnRa_MaFdR3b6i7oU392Q_ABOm-mJHXBeAEAYgFl4zN9legBi6AB_bAsYgcqAenzLECqAemvhuoB8zOsQKoB_PRG6gHltgbqAeqm7ECqAeOzhuoB5PYG6gH8OAbqAfulrECqAf-nrECqAevvrECqAfVyRuoB9m2sQKoB5oGqAf_nrECqAffn7ECqAf4wrECqAf7wrEC2AcA0ggzCIDhgBAQARidATIIqoKAgICAgAg6D4DAA4CAhICAlK7gA6iHEEi9_cE6WLCT-vXLt5MDsQnSfarvA6gmzYAKA5gLAcgLAYAMAaoNAktSyA0B4g0TCP7r-vXLt5MDFbOQ6QUdFd0SjuoNEwi9iIH2y7eTAxWzkOkFHRXdEo7wDQKIDv___________wHYEw2IFAXQFQHKFgIKAPgWAYAXAbIXDhgBKgo2MzY4Nzk1MjQ3uhcCOAGqGBcJAAAAAAB84UASCjYzNjg3OTUyNDcYAbIYCRICu1AYLiIBANAYAcIZAggB&ae=1&gclid=EAIaIQobChMI1LyB9su3kwMVs5DpBR0V3RKOEAEYASAAEgJbn_D_BwE&num=1&cid=CAQSggEABaugfcrB_h3JuHA6EF_GBl5peWyNHlnJAQDPlR4S7NyoiJKVEur3U4fD7jbEXgVHuZDtQ45wPl065XJD35o8nbjC9fJ-3X1av45EYmQTj48YjmGtlpocMaXjU_hN9ovDnGinwbkd4Qvl1UkF8BPIDrSD2Ojl0mpqU825TOygT1KUGAE&sig=AOD64_3gLu1qpB5ZemNr7iOMnTxMZLMFJw&client=ca-pub-9395884928140160&rf=4&nb=9&adurl=https://www.axis.com/en-us/explore/axis-experience-center%3Fgad_source%3D5%26gad_campaignid%3D23602611735%26gclid%3DEAIaIQobChMI1LyB9su3kwMVs5DpBR0V3RKOEAEYASAAEgJbn_D_BwE,https://www.axis.com/en-us/explore/axis-experience-center?gad_source=5&gad_campaignid=23602611735&gclid=EAIaIQobChMI1LyB9su3kwMVs5DpBR0V3RKOEAEYASAAEgJbn_D_BwE,,,,,
255,https://adclick.g.doubleclick.net/aclk?sa=l&ai=CGMLOLVbCae77F7CajeYPs7e_uQTLn9vuhQGOjdrx1xSH8vuPhEcQASCg84alAWDH3YCOhCagAe_Pj69ByAEJqQJTwvaTIc9vPuACAKgDAcgDCqoE1gJP0PEDyrPeG7THKGMNoPZzBdhQv4I5SfU4RLDKceU7ldkAHEIpTCD5eJwF6pSFjpTXN0FGVUZbCZ8QT1_DOW2fYOSKbJINJas_nUvgS_XP3dS52NbTh98ox9kCI5vPq5enp6jYNaKOiNTQ08viziXglDlafG5MCIYxz186yTSzkCpyRJt__hsGbHYL3m-jKgYHnbMdZEdo9uocP1I7Aa8JslkmO_2RGsS4fv29hci79tJw8546C45jOVR9-xdAHeKrcGLVb3J_m8F-mPgQx08wJK3f0rGM2naGks9P_sUowRU_Vm0sFiYZAYBXWQs_7cYo_SH_BcL3hWz_qag3OUUy8Zj4uiM894MPkobbunevcRNBY7iFcPPsjXW9pNQpbI9ZWnw22gJIdpUin2K5WKo8l_orHbMvvZ6z_i8SpnD4rzBsJGNHWdlP4jdLmxCAclAd2SPA-jDABLiw0IHHBeAEAYgF897e1lWgBi6AB--H4I4cqAenzLECqAfi2LECqAemvhuoB8zOsQKoB_PRG6gHltgbqAeqm7ECqAeOzhuoB5PYG6gH8OAbqAfulrECqAf-nrECqAevvrECqAfVyRuoB9m2sQKoB5oGqAf_nrECqAffn7ECqAf4wrECqAf7wrEC2AcA0ggvCIBhEAEYnQEyCIqCgICAgIAIOg2AQIDAgICAgKiAAqgDSL39wTpY46bXu5m4kwOxCaoQqYQE-qpVgAoDmAsByAsBgAwBogwDkAEBqg0CWkHIDQHiDRMIvsnXu5m4kwMVME3DBh2z2y9H6g0TCPeo2LuZuJMDFTBNwwYds9svR_ANAogO____________AdgTA4gUBNAVAZgWAcoWAgoA-BYBgBcBshcOGAEqCjk5MzUzODQ3ODK6FwI4AaoYFwkAAAAAoJr5QBIKOTkzNTM4NDc4MhgBshgJEgLHThguIgEA0BgBwhkCCAE&ae=1&gclid=EAIaIQobChMIrsbYu5m4kwMVME3DBh2z2y9HEAEYASAAEgL2g_D_BwE&num=1&cid=CAQS4wEABaugfcPZeeqD3MzHs3iezbtJYol6vCFD6dq06PMQvg1zrgN7qjFE0Pxf5uBjtFgHrAQpGF_9WejGcfkALtI1ESZI1IjZUonK-DoSLB30yoNjla4r98aH88PDtKmSOciuyDgOyqgeHgsolBIWe1tEkLwkMWe9-6gSc5GEuh34ELuWBLphmQMPGzX8Ba25pW0W_VInRO5BNhKnMa18LqwTSYeh9zganHbUH1IIstaSavqjt8IqeOcmvkmgv15Lnyzf0EyDzvH8G8c_Z-uYQj9MmGPtBcGTw3n4kugg7lPFd9ij6hgB&sig=AOD64_02iH0bCQj14FH9RLd2wn_J_56epA&client=ca-pub-1184419649740684&rf=4&nb=9&adurl=https://www.maricosa.com/brands/black-chic/%3Fgad_source%3D5%26gad_campaignid%3D22998921075%26gclid%3DEAIaIQobChMIrsbYu5m4kwMVME3DBh2z2y9HEAEYASAAEgL2g_D_BwE,https://maricosa.com/brands/black-chic/?gad_source=5&gad_campaignid=22998921075&gclid=EAIaIQobChMIrsbYu5m4kwMVME3DBh2z2y9HEAEYASAAEgL2g_D_BwE,,,,,
256,https://www.googleadservices.com/pagead/aclk?sa=L&ai=C-tpkBwHCaYe9AdGv2OMPtuPcmAHT3pqKhgHBrYb22xXnloDmFBABIJLinEpgiQOgAcfZxoRDyAECqAMByAPJBKoEoAJP0G92DGmzPMigZtFFhSMy1TmFfTUtaGVp3Hx75mY5JMe4LpTKRSccBJfR0E4FyApISpjP_kdujcqOO-SOODlRlLyv6ybSmsUQNNMFaIRNiOyk_BUmh45hwzwLBLWW4lUL6e-rzr7p1KQMX3gaGnUW54je--s_wrxOfHbgYknWEnvb2czGMC9QDdiryuB1lDnPfrxlsClDzj2aJ805RZ9JFQcnBWHILbmRLVZKrodkXsYxg4uYQs1lqhk1DO14gJFtEEfKtvUqIru0FJUwfKRCydniHumyHAnWk35G1eWVKyQ2s50tj1ly_Rr_EBzz9J65sQ-MRiDhqAsOwI4QVWg0dRnVC0Hn6kqB0oc0YRyiMMyIpQSugUITXju2VgdZrMvABLunkIfWBYgFq5PUg1igBgKAB8eRl-QdqAenzLECqAemvhuoB8zOsQKoB_PRG6gHltgbqAeqm7ECqAeOzhuoB5PYG6gH8OAbqAfulrECqAf-nrECqAevvrECqAfVyRuoB9m2sQKoB5oGqAf_nrECqAffn7ECqAf4wrECqAf7wrEC2AcB0ggvCIBhEAEYnwMyCIqCgICAgIAIOg2AQIDAgICAgKiAAqgDSL39wTpYwMGyoci3kwOxCQVIr0M5tRxWgAoBmAsByAsBqg0CSlDIDQHqDRMI3OG1oci3kwMV0Rd2Bh22MRcT8A0CiA4J2BMC0BUByhYCCgD4FgGAFwGyFxAYASoKNTU1NTM4OTQ0NlAGuhcCOAGqGBcJAAAAACA_80ASCjU1NTUzODk0NDYYAbIYCRICuFAYAiIBANAYAcIZAggB&ae=1&gclid=EAIaIQobChMIx9y1oci3kwMV0Rd2Bh22MRcTEAEYASAAEgKPQfD_BwE&num=1&cid=CAQS0QEABaugfUSmBEhCiYCDQ439dCgLVwoZAO93ReYdPFFBC4UsOY3QTXXgP74pN9JMgKyDCq9nWX4RJt1ZsIi0cUR6B9-ojssM7r8X2Lx9idLBDafxlk6JE9drWANM57q9rm1U_jzmwfjO7o3bgHyqEsuEOnu8lQsNrUuiDBdh1xwGYZHdtEbZMdNBkTOcsw5F7zSMbKAYTBWuiU-raA0f7_jMLr4ch-WRjy8arigTP6ZUY3_9eXSHnghwQHsk1RyHM6h29A6-nSPJ7mftbMaNEccfVhgB&sig=AOD64_0WDLU-H15zlfdZYlDcF3su6EEtrQ&client=ca-pub-1215248651959341&rf=2&nb=2&adurl=https://thirenvine.com/%3Fgad_source%3D5%26gad_campaignid%3D23629990315%26gclid%3DEAIaIQobChMIx9y1oci3kwMV0Rd2Bh22MRcTEAEYASAAEgKPQfD_BwE,https://thirenvine.com/?gad_source=5&gad_campaignid=23629990315&gclid=EAIaIQobChMIx9y1oci3kwMV0Rd2Bh22MRcTEAEYASAAEgKPQfD_BwE,no,no,no,no,no
257,https://www.googleadservices.com/pagead/aclk?sa=L&ai=CKVAV2PrBafzAAeiajeYP0cLEOIrFvImGAYWhrd6yFaGm-PPQHRABIOa0z5kBYJsDoAH4n6_UKcgBCakCLP0_ysEWBz7gAgCoAwHIA8sEqgS9Ak_QJ-yI-7hCFnqgKtfDxT-frNTUt-IgSgaRoHAAghseMxpdGEeyXT9BnYhuQrZo1U-x7xnzI4KGNtWSbh9nHkhYkvrXQ188FAzbVRacQdoC9uRFOksIa0v_jFsFpK13eB2XGpi4n9sVAcXMyo3jpdWWGP3g-jA4P9kvnQfv5oW1xW4PMiC1DGl7TetacH-VtZCh7VgytqvucV0Tg-_wXePvPew5gifF9_Naxigvt-ujUTbNchapBqAyc3Zf0TybQ8of-6S3_hQjJPhnjstTh6xW1Z8P_Yt3V-UXpcSLbRjJogZ87l47RU6nzWOmeNDCazod-xKeWgbWBnJ6h5QUKsgsECyfu3OfnbcrXJFNUoILNG-4kCJMhMXFtPQXQw0JkOaNoCdHZf6vkCSDojKxHPm-WHlgb312k4x_MNATwATgxom2ygXgBAGIBbiUydJSwAUF-gUGCCUQARgAoAYugAf41_-zBKgHp8yxAqgH4tixAqgHpr4bqAfMzrECqAfz0RuoB5bYG6gHqpuxAqgHjs4bqAeT2BuoB_DgG6gH7paxAqgH_p6xAqgHr76xAqgH2baxAqgHmgaoB_-esQKoB9-fsQKoB_jCsQKoB-LYsQKoB-LYsQLYBwDACAHSCC8IgGEQARidATIIioKAgICAgAg6DYBAgMCAgICAqIACqANIvf3BOljqzMeuwreTA4AKA5ALA5gLAcgLAYAMAaIMBUgBkAEBqg0CS1LIDQHiDRMIwe3HrsK3kwMVaE3DBh1RIREH6g0TCKvCyq7Ct5MDFWhNwwYdUSERB_ANAogO____________AbAO7L3nzhjgEo-Bk9GKv9npjgHYEwvQFQHwFffF2-0T-hULU01POTMxMDkxNDWYFgHKFgIKAPgWAYAXAbIXDhgBKgo1MTAzODc5NDgzuhcCOAGqGBcJAAAAAPjyJkESCjUxMDM4Nzk0ODMYAbIYCRICuU8YLiIBANAYAcIZAggB&ae=1&gclid=EAIaIQobChMI_IzLrsK3kwMVaE3DBh1RIREHEAEYASABEgJC_fD_BwE&num=1&cid=CAQS0QEABaugfdut8weLLR3P8siWfiwsiRzZNO64SPdNqXLcUcjEGPsT8NN4S1v819YgqXvpYmPTDxgIZI2ZF9Kdiamx08TIbLfw-Nt0SGHHFTJX8Sg8zTS3W9H3yG9Go6iUPMDFIVqreHJtmvaqk7JMtEfmzgpol-xZ7w-kzeDT1TXiWlk9FaXWnEXUDneYVmdsRgN13N6WA5_74ZNWrIKbhTTAP9pk58MypaMKdVf68SNaDIx8p2by2UtL_173jwKnmslgO2u8vH8BvMqr-6vzSZmXzhgB&sig=AOD64_33eP-G_nbvXY4eJYU4Vpm3fCu9VQ&ctype=5&client=ca-pub-3677668629134422&nb=9&adurl=http://www.farmerstore88.com/Goods/Detail/SMO93109145%3Fch_idx%3D265%26gad_source%3D5%26gad_campaignid%3D22184872504%26gclid%3DEAIaIQobChMI_IzLrsK3kwMVaE3DBh1RIREHEAEYASABEgJC_fD_BwE,https://www.farmerstore88.com/Goods/Detail/SMO93109145?ch_idx=265&gad_source=5&gad_campaignid=22184872504&gclid=EAIaIQobChMI_IzLrsK3kwMVaE3DBh1RIREHEAEYASABEgJC_fD_BwE,,,,,
258,https://adclick.g.doubleclick.net/aclk?sa=l&ai=CbIMxMSfBaeK-KNr5ovUPxt-I-A3l9P-efr2o7bLoDraQHxABIIaI5pwBYImLxIT0E6AB776o0gPIAQmpAhJdRpm78Do-4AIAqAMByAMKqgTQAk_Q0Azl6AL8eWmRiqTOfRYvkMXnmaNyHrGB6seUTGE072Gxcq5Zk2lQb5ix9fqpZYYi_yrbEFewXSd3_0pLSDjr2JFrqf3QBGH0f-gIYJ77Rx2GLr_JpFfge1s-76_IZkpBWGl_WBPy5GrZSudIQG8_FollnLntwCQTIKhZfKa95pz9TNTtwbZcTNjyZfy5geBlC9WUbr82RD27bpHyiHH5pCFmPFTJTflWUbX0npnSGl-ITAoKUBYNF1B1SoIRO9_tz2XTdD2tOc17bYV7554k8mJZZc1d5eTg1e704QQmeaee3aD8GrCxzq0curOlgzeZXCRRtUhUIa3-5be4s_VSrK7IXPang0ubb2ubQnvIfXYSKqkyZubkA88aGh3M5MPjBPMgaWlNIRi6Pm1cyo9ZivbH8ShkhWaSv13332EkhFKRFF2o58HLFunBQtW_Q8AEvMD3vekD4AQBiAW1nf6ULaAGLoAH-cDXLagHp8yxAqgH4tixAqgHpr4bqAfMzrECqAfz0RuoB5bYG6gHqpuxAqgHjs4bqAeT2BuoB_DgG6gH7paxAqgH_p6xAqgHr76xAqgH1ckbqAfZtrECqAeaBqgH_56xAqgH35-xAqgH-MKxAqgH-8KxAtgHANIIMgiA4YAQEAEYnQEyCKqCgICAgIAIOg6AwAOAgISAgJSu4AOoB0i9_cE6WKX_s8L4tZMDsQkOSNrHMdRgQ4AKA5gLAcgLAYAMAaIMA5ABAaoNAkpQyA0B4g0TCJW6tML4tZMDFdq8qAgdxi8C3-oNEwjS7LXC-LWTAxXavKgIHcYvAt_wDQKIDv___________wG4E-QD2BMNiBQD0BUBmBYByhYCCgD4FgGAFwGyFw4YASoKNjc5NzU4MTAxMroXAjgBqhgXCQAAAABgFu1AEgo2Nzk3NTgxMDEyGAGyGAkSAoZYGC4iAQDQGAHCGQIIAQ&ae=1&gclid=EAIaIQobChMIopu2wvi1kwMV2ryoCB3GLwLfEAEYASAAEgJP5PD_BwE&num=1&cid=CAQSggEABaugfTh9JJh7Bqg4gQ7SgoDB6543HeNsDOOTe1SyMBfvr9IT8VivHS1aw_7-Yef6M21I8nPG_gVYqCUR9si-JWQD0qeaF1PMt03OckwSjzdBgfQsuMZKLE_Pwil4VqSqhrbLpVJk7aN5ofV-tydFRp6wVlW6A4RGpRWb6qt032mXGAE&sig=AOD64_3ol9J-R0NK7f-hg2wtNIorz3hH2Q&client=ca-pub-8466440498224020&rf=4&nb=9&adurl=https://www.biz-integral.com/%3Fgad_source%3D5%26gad_campaignid%3D12123606709%26gclid%3DEAIaIQobChMIopu2wvi1kwMV2ryoCB3GLwLfEAEYASAAEgJP5PD_BwE,https://www.biz-integral.com/?gad_source=5&gad_campaignid=12123606709&gclid=EAIaIQobChMIopu2wvi1kwMV2ryoCB3GLwLfEAEYASAAEgJP5PD_BwE,yes,yes,yes,yes,yes
259,https://www.googleadservices.com/pagead/aclk?sa=L&ai=CMyOwxPrAab_NFKiOpt8PmPHTiAWroNv6hQHs1Nfn_hWeyb603EYQASCUuaghYImLxIT0E6ABqKOXnz_IAQmpAtKl61kq8To-4AIAqAMByAMKqgTMAk_QzFwSIgmigZj4oh3xcVC4u284wEsuVhur9KA1TR9NO8LIJ2oYv5Er1ASkhoHtcUZzBVQFg1fY6BiY9rOhudCohSo8SZtQMCTo3McVSAoOGArDno2JKkiXbgFjsZlhQnbTTPfkvfHRmlh0FM6FEMDHDp5tptWFOuvVWX8jMQkonCwgtFTw8Owe4L7z3TEOmWSl-cK38ATEgf4OA1uHOHnpMftxzfGuS06-eXpWocbLrTJRMVCwavfGiAAzVp5q1I8f7RaIitVFmSYT5vzcdJJDBAoVWM5zX0Hg5CMdqV0-BOf8pmcRwnWhlMhhUNsUjDRl2mWXJ7XFlVWQAtBmnUZsf3HwkI4AL8bEn5HNPonWaAyAcOL8dxZRwydgIFPSQK2Yb-eEGLtIb4DCxyO10NipO1tDRKtbM4PjfnnClyrXSkYdiBrQGhXT6t0vwASPnrj33gXgBAGIBeqP3pJYoAYugAeo2-f-GagHp8yxAqgH4tixAqgHpr4bqAfMzrECqAfz0RuoB5bYG6gHqpuxAqgHjs4bqAeT2BuoB_DgG6gH7paxAqgH_p6xAqgHr76xAqgH1ckbqAfZtrECqAeaBqgH_56xAqgH35-xAqgH-MKxAqgH-8KxAtgHANIIMgiA4YAQEAEYnQEyCKqCgICAgIAIOg6AwAOAgISAgJSO4AOoB0i9_cE6WLmzlJPOtZMDsQkNrQPEx3cOEoAKA5gLAcgLAYAMAaIMA5ABAaoNAkpQyA0B4g0TCJyNlZPOtZMDFSiH6QUdmPgUUeoNEwjE0JeTzrWTAxUoh-kFHZj4FFHwDQKIDv___________wG4E-QD2BMN0BUBmBYByhYCCgD4FgGAFwGyFw4YASoKNjcwNDUyMTYwNroXAjgBqhgXCf_____nqg5BEgo2NzA0NTIxNjA2GAGyGAkSApBPGC4iAQDQGAHCGQIIAQ&ae=1&gclid=EAIaIQobChMIv7-Zk861kwMVKIfpBR2Y-BRREAEYASAAEgKOTvD_BwE&num=1&cid=CAQSggEABaugfRzHk77df3NTq61p2vFHy8Naf-iU4JWkDNrhUGDyPHcPs_F5TYu4jV_cM5283wm0fez-CFJOLSUevPo43miQf2QhdYNoO8njoYjJqmlq-eU6VWsOjLIlxV786QEb8jwNwc4Mw9tjBh0JVSNKIncsWXIaxHMsSO55p5SAH_qLGAE&sig=AOD64_1a84wSmZFT9WqGw5-4QQkOE7qHTg&client=ca-pub-4649506106662644&rf=4&nb=9&adurl=https://www.pref.tochigi.lg.jp/c05/pref/kouhou/kouhoushi/web/tochibura/01.html%3Futm_source%3Dgoogle%26utm_campaign%3Dtochibura%26utm_medium%3Dcpc%26utm_content%3Dad1_a%26gad_source%3D5%26gad_campaignid%3D23661610986%26gclid%3DEAIaIQobChMIv7-Zk861kwMVKIfpBR2Y-BRREAEYASAAEgKOTvD_BwE,https://www.pref.tochigi.lg.jp/c05/pref/kouhou/kouhoushi/web/tochibura/01.html?utm_source=google&utm_campaign=tochibura&utm_medium=cpc&utm_content=ad1_a&gad_source=5&gad_campaignid=23661610986&gclid=EAIaIQobChMIv7-Zk861kwMVKIfpBR2Y-BRREAEYASAAEgKOTvD_BwE,,,,,
260,https://www.googleadservices.com/pagead/aclk?sa=L&ai=C0M-atQDBaYyaFIaYid4P4vbwoA_6pMX8hQGvwrSTyBX30qK9wAEQASCgwYUeYImLxIT0E6AB27jn5EDIAQmpAhJwvFMU_ns-4AIAqAMByAMKqgTXAk_QtY26uL4uqZi_Pxo0T7gK50wY2cDGcdUCjfu3gR3CirnzYcSE5uv0wQax0wjb0rInlhPaVfsgC1EHwpyWSfOxjmhWiEs82GMc8v1qWQr1NrnAQJSw4GXOLzk6WmdQNclG3tqpfUupGVVMSDEwHTVs2aTWV0_eWRYqKsjdrjgcWe9iMHfrOS-E_RD6UgA6ld9AVQBzpw2YXeydvj-DjkMMUW5EnMhhkdv14tsCcFQj57Ej5Wkl03EE-zmDyoYf1RDbuizoSTl9B-RXiicvRWDJbYKRv-iSV2fDlgyigEYoUjJ6Ew_pN2cfhkUYE0UCRw_2T1RbXOLbVF1qeOi9JWvtdn73k-h_AKsasHDKZunFkr6JvIa2mfKCR3fhAocQIg-83crwcvEKY7G5cFNB_hucP6CV0Os-YqQ-Ku1p0rx8F_LGE64H08Z3FROlRrthGy_tprFjmPrABMOZ_4DTBeAEAYgFx4GdmFigBi6AB9vwt8QbqAenzLECqAemvhuoB8zOsQKoB_PRG6gHltgbqAeqm7ECqAeOzhuoB5PYG6gH8OAbqAfulrECqAf-nrECqAevvrECqAfVyRuoB9m2sQKoB5oGqAf_nrECqAffn7ECqAf4wrECqAf7wrEC2AcA0ggyCIDhgBAQARidATIIqoKAgICAgAg6DoDAA4CAhICAlK7gA6gHSL39wTpYqrG46NO1kwOxCS2GIsjnRWc_gAoDmAsByAsBgAwBqg0CSlDIDQHiDRMI5_G46NO1kwMVBkzCBR1iOxz06g0TCJqJu-jTtZMDFQZMwgUdYjsc9PANAogO____________AbAOppf39Ri4E-QD2BMM0BUByhYCCgD4FgGAFwGyFw4YASoKMjM3MDEwOTQxNboXAjgBqhgXCQAAAABQhfVAEgoyMzcwMTA5NDE1GAGyGAkSAqFPGC4iAQDQGAHCGQIIAQ&ae=1&gclid=EAIaIQobChMIzMi76NO1kwMVBkzCBR1iOxz0EAEYASAAEgJoP_D_BwE&num=1&cid=CAQSgQEABaugfbMm_kiRscVucgGy5t5xMRMyvchos9iktLGoIdkjuSzzTzAgQoHq9DPkOtriSC1UUpm9tGEVOJmkxp5Ljw0XjIjTTqgT40QhrgPDSld33DxFG_bnh2odGscKyLCXye8gTggY3XF5991HAyw8Bf_QGxRLz1EqORhvoYkIMoYYAQ&sig=AOD64_1xw56YxRPAOeDSiVC86c77Py3bBA&client=ca-pub-8625962252420196&rf=4&nb=9&adurl=https://thisisarctic.com/%3Fgad_source%3D5%26gad_campaignid%3D23673127111%26gclid%3DEAIaIQobChMIzMi76NO1kwMVBkzCBR1iOxz0EAEYASAAEgJoP_D_BwE%23newsletter,https://thisisarctic.com/?gad_source=5&gad_campaignid=23673127111&gclid=EAIaIQobChMIzMi76NO1kwMVBkzCBR1iOxz0EAEYASAAEgJoP_D_BwE#newsletter,no,no,no,no,no
261,https://www.googleadservices.com/pagead/aclk?sa=L&ai=CUWVTg2vCae-EOL2Y29gP3ZudiQWr84XThQGsqO_N9hShpvjz0B0QASCL8IofYMfdgI6EJqAB5cjhyQPIAQmpAn6Lh0lps28-4AIAqAMByAPLBKoEwwJP0CfvEkksWVIOOCOwVR6J45LQ05tJt3rycwk9w6ZYXNLqhdgBvZXiP7iNPlYNTBAhhCthnWq-3tjfxNW1wT-D1kj3X_VMQoCOjHZdxcpT3MIL3NvaVZ0DjpeTn_gMMt_xf5qqB-ZCE_eMaeyH9QgEq5abtb6wJyzCt2e9Q1IcjIUqKYzhLDgd7zIPxHZDKa_5VdBUjmIyeF4zpGu02C2XQwtuFOigvS6Vm4kKA1ZuGmtYN5e_LN2c7ezjFp2KCqXv-7nwPVtk5UV_-CHERT1Wk-wL_MDOJaVwwWRwmZPewcxXpqbzPVqnpkTeJ6xBX_3qLYV9p7yLx4OMFjA7X_Iw_-rmyKI2tksZaT7yYkcq5Y7OqRr-CbobvgMjMFaQQgt74a45HaRXVBrCLLe7yXmTvj5BeNIhlU2yWhcWYpQ1Iy8SfsAE3arxoK4F4AQBiAXFqqefVsAFBfoFBgglEAEYAKAGLoAHg7eeNqgHp8yxAqgHpr4bqAfMzrECqAfz0RuoB5bYG6gHqpuxAqgHjs4bqAeT2BuoB_DgG6gH7paxAqgH_p6xAqgHr76xAqgH2baxAqgHmgaoB_-esQKoB9-fsQKoB_jCsQLYBwDACAHSCDEIkOGAQBABGJ0BMgiLg4CAgICACjoNgECAwICAgICogAKoA0i9_cE6WOmTteituJMDgAoDkAsDmAsByAsBgAwBogwCSAGqDQJaQcgNAeINEwivw7XorbiTAxU9zBYFHd1NJ1HqDRMIiZa26K24kwMVPcwWBR3dTSdR8A0CiA7___________8BsA6J7bLVGOAS7bXizO3qiuCoAdgTC9AVAekVKKE5c7HmZHzwFcbKpT36FSdzaG9waWZ5X1pBXzcyNjMyODk0MDk3MTlfNDE2NDAzNDQ0MjA1MzXKFgIKAPgWAYAXAbIXDhgBKgoyMDQ1MjE0MjI4uhcCOAGqGBcJAAAAANBL9UASCjIwNDUyMTQyMjgYAbIYCRICw1MYLiIBANAYAQ&ae=1&gclid=EAIaIQobChMIr9K26K24kwMVPcwWBR3dTSdREAEYASABEgLw5PD_BwE&num=1&cid=CAQS0QEABaugfVp0vflUygx5QdrikKEGbJZHePdJ7p9fQpls1iyzGsl_lBWeQF2lIzNZonvtyunJPC6FaitFXMSmZkj__K6UjKdHsQ_hjw0O5uYOsPG589DAFvRh-IKoEHN97sLL8tzW6sxjTa4Md3hqbwoj-weUwJ1v-vxAsOJoSictfxTbQFecSAvUn8gntz94G3A24pGXFAwhlu6WxuXau-l3U3K2RFTPQJogiAI77nEGNfI5mVJF5Chi6K4XVKiN4OiK2QWWbfqm66XoBEU_iD-8gBgB&sig=AOD64_1aVlSbeUMXlYOhQDGCxCuRVc9Ywg&ctype=5&client=ca-pub-3746578658400510&nb=9&adurl=https://landscapegear.co.za/products/leofoto-magic-arm-am-5-kit%3Fvariant%3D41640344420535%26country%3DZA%26currency%3DZAR%26utm_medium%3Dproduct_sync%26utm_source%3Dgoogle%26utm_content%3Dsag_organic%26utm_campaign%3Dsag_organic%26utm_source%3Dgoogle%26utm_medium%3Dcpc%26utm_campaign%3DPMax-AllProducts%26utm_group%3D%26gad_source%3D5,https://landscapegear.co.za/products/leofoto-magic-arm-am-5-kit?variant=41640344420535&country=ZA&currency=ZAR&utm_medium=product_sync&utm_source=google&utm_content=sag_organic&utm_campaign=sag_organic&utm_source=google&utm_medium=cpc&utm_campaign=PMax-AllProducts&utm_group=&gad_source=5,,,,,
262,https://www.googleadservices.com/pagead/aclk?sa=L&ai=CpqMWiQLBafXZMqHg0PEPzcjjgA276ojZhAHxqb-KyxXTh_X9CBABIPyCuRtgiYvEhPQToAHU-eeIP8gBAqgDAcgDyQSqBLoCT9Aq3mJa9TD2gldpReInu9ABh2DErc9hgDAQxPt16QMd5OWEZ-jRsWb0SioUb76fItxbd1eqq7qDcSIIedl67UVX-GeqUwMUcMNjialCKopNU-OHzhJOroEETcRkw_Vkm-613RzsqFmyYZ0zZ5rDUV3PgoVrS9qD_MWikcKWVRsw2x6GGnECqEgtDzUuWv6ZxYynsDfr7i8A4MIvarEi5xYvxxopLCVbBss4D7D5hj9FnrCwLQ6Tz3jdvqS0eKBEcqF_0Z3wy6ztuo5_DvGI_I5TTCN0eakV0sQVwV76Sg8G0aIqF7zMjgeAmXN14PY-2IXK6vfXDmVsGQjh0ryFcjceFhE08-Wie6n8TjrP7PYbasxDtl_nNvqzigOyi6T_flytJ4GqhQ4XoxUqdRK0gH6-CwANqGCk1cXABNPXyOzUBYgFv6qWr1egBgKAB9SxuOgZqAenzLECqAfi2LECqAemvhuoB8zOsQKoB_PRG6gHltgbqAeqm7ECqAeOzhuoB5PYG6gH8OAbqAfulrECqAf-nrECqAevvrECqAfVyRuoB9m2sQKoB5oGqAf_nrECqAffn7ECqAf4wrECqAf7wrEC2AcB0ggvCIBhEAEYnwMyCIqCgICAgIAIOg2AQIDAgICAgKiAAqgDSL39wTpY2MHqx9W1kwOxCXOrnBSA_Bl2gAoBmAsByAsBogwDkAEBqg0CSlDIDQHqDRMImMfux9W1kwMVITA0CB1N5BjQ8A0CiA4J2BMD0BUBmBYByhYCCgD4FgGAFwGyFw4YASoKNjU4OTkxMzA1N7oXAjgBqhgXCQAAAAAA7PNAEgo2NTg5OTEzMDU3GAGyGAkSAupOGAIiAQDQGAHCGQIIAQ&ae=1&gclid=EAIaIQobChMItcLux9W1kwMVITA0CB1N5BjQEAEYASAAEgIuXPD_BwE&num=1&cid=CAQS0QEABaugfYYxNfsRceOLWtNzcMiU6DmdaYQqZ8Ey_trTUNULvcQZj3cR2nRk2XOMlLNDMfDySsJTV1-BmMGrrNQpzwArG6gcnKVauLk8xm5qltn2GQ3nEp89YZhktvBbcFH37KnCxhdrjoaSYp49YURsmvS_cS0Ozzj51deRV9vqw4YNMB7qludfJ9Ow6afFLulZ44VynPi3dxqXywwvU_ticerh1ib-yuTxCmAhHPhV2pSB28CcqjjpVxnuqrLhY3EnKd0KitjtWZJ2uuo1rDo--BgB&sig=AOD64_0I18WBByAnIDjRjG4ED_NAOyuJZA&client=ca-pub-1772901936034744&rf=2&nb=2&adurl=https://allaboutapds.com/ace-connect%3Futm_source%3Dgoogle%26utm_medium%3Ddisplay%26utm_campaign%3Dgdn-patient-apds-awareness%26utm_content%3Daaapds-static%26gad_source%3D5%26gad_campaignid%3D23452816703%26gclid%3DEAIaIQobChMItcLux9W1kwMVITA0CB1N5BjQEAEYASAAEgIuXPD_BwE,https://allaboutapds.com/ace-connect/?utm_source=google&utm_medium=display&utm_campaign=gdn-patient-apds-awareness&utm_content=aaapds-static&gad_source=5&gad_campaignid=23452816703&gclid=EAIaIQobChMItcLux9W1kwMVITA0CB1N5BjQEAEYASAAEgIuXPD_BwE,,,,,
263,https://www.googleadservices.com/pagead/aclk?sa=L&ai=CVvEfVCvBaeenD9LN2roP5-PU-Q23r52HhgG64sSrwBXl0d7B2DIQASCFr_MeYImLxIT0E6AB_OOB7gLIAQGpAsVbc_k_6jo-4AIAqAMByAPLBKoE3gJP0OF6qmv9f3ycDSDwGU5PsBXMW9sYpsK5To88xAPyi6bMfOS_vTdWjI_FBNI_i7-UdaozR_o5luhQmDIOLSeRpOeWq4vfoBWB_AHHMHrM6rrXY4Ua9Zqp-RlwFvLsr9v3bUBGa70DamcHSNcQla5iczGfbeO2mdoeDBUYKP1uDDQRe9VR1XuJpg1IMkbfstq65AST3Of7KdKzo7ERzhOuK-bf607Pi7zgNvlU-vIWZhItIbZVEWHeDnT925ENNkylhk3au-iidu057OQC3514Mg_gB4mPRZlIUPcfJ9qb3VCSoe0ls9M474hxBTTRhGolid3tx823exC3IemLMtxQjslUIB4J4PNO5hfVZP_gvIGM-KHN9xAn1lDH6Do0mlWsOjYq7Dfrb9yen6CqB7t-s1zzHI125IIiSbi1YF76mNnVdHDy6NaUOvmm9awqsT7Lu0AyOi7p4pvUjwuqN8AEzbbNzecE4AQBiAWa1JmLQ4AH7Jv-kQGoB6fMsQKoB-LYsQKoB6a-G6gHzM6xAqgH89EbqAeW2BuoB6qbsQKoB47OG6gHk9gbqAfw4BuoB-6WsQKoB_6esQKoB6--sQKoB9XJG6gH2baxAqgHmgaoB_-esQKoB9-fsQKoB_jCsQKoB_vCsQLYBwHSCC8IgGEQARidATIIioKAgICAgAg6DYBAgMCAgICAqIACqANIvf3BOljRy5O7_LWTA7EJOPQTGJ5bi5eACgOYCwHICwGiDAOQAQGqDQJKUMgNAeINEwj0_pS7_LWTAxXSplYBHecxNd_qDRMIoO-Xu_y1kwMV0qZWAR3nMTXf8A0CiA7___________8BsA6s48elGNgTDNAVAZgWAcoWAgoA-BYBgBcBshcOGAEqCjU1MDE4Mjk1Nzi6FwI4AaoYFwkAAAAAxDslQRIKNTUwMTgyOTU3OBgBshgJEgKLVBgBIgEA0BgB6BgBwhkCCAE&ae=1&gclid=EAIaIQobChMI56GZu_y1kwMV0qZWAR3nMTXfEAEYASAAEgJSl_D_BwE&num=1&cid=CAQS0QEABaugfd3_w--vLWRXohlnKIRfnfoHhZ6YQSY-_D0u5nWDa3NnkYcQDqTEGssGj2DhJIq50w2RLfEpfw8_TECeSEB6vYKRjzWTYxcPfD9mQpIhPQfTcwfN3cf58QwI8BaK7533c2SI9M57VileRR4zfR5BjlagKD6mcgEvDCBlw9NDf-UgIewYifQtgBokCV9Wx_iAHsCRz5rDRfWVjxlj8hmabopoF8pN9vWDfKB3dNKgAyC2gCqO7EcFRWJEAtL9gs6er5VcF0RQnQ7XMaOeHxgB&sig=AOD64_29rQOuf26ln2B-SIxcbyLGamibkw&client=ca-pub-6131228133143733&rf=1&nb=19&adurl=https://schoo.jp/biz/landing/v8%3Futm_source%3Dgoogle%26utm_medium%3Dcpc%26utm_campaign%3Dperformancemax%26utm_term%3D%26utm_content%3D%26ref%3Dbplisg%26ca%3D18001890171%26gad_source%3D5%26gad_campaignid%3D18008664602%26gclid%3DEAIaIQobChMI56GZu_y1kwMV0qZWAR3nMTXfEAEYASAAEgJSl_D_BwE,https://schoo.jp/biz/landing/v8?utm_source=google&utm_medium=cpc&utm_campaign=performancemax&utm_term=&utm_content=&ref=bplisg&ca=18001890171&gad_source=5&gad_campaignid=18008664602&gclid=EAIaIQobChMI56GZu_y1kwMV0qZWAR3nMTXfEAEYASAAEgJSl_D_BwE,,,,,
264,https://www.googleadservices.com/pagead/aclk?sa=L&ai=C7GGuGSnBadiNOo_m29gPnNq_mAiXi6uJhgH3vuPWmRS48P3frhAQASD3kJ4nYImLxIT0E6ABpdjf3CnIAQmpAtOOxa6KV7M-4AIAqAMByAMKqgS3Ak_QdA-_WU_VQntO4K9mndTaITyof2OkQz1-XF1ghR4YW2HADaz5uIEcb6dYBewpEaLpBrLH9u6LM9pYzUctrBTR-1t7nKlJoAex_gapAMz8EvZDz6WhZegFlnlAZ4rRbei0BFeEpGEM7bU0KpAwp-T04CRPKOr2dLKaCHlzlbVIZ_Ya6nSkvSOLCUek4hb8UmbnBYIHvMzpQx3nQXvMNniVRCwz-l3Bxgwd8qmcgaV-YywgMYhTElNo9lvIk-6MUDBi0J2ZG-lvs18GxFrvKeGlvBmQe1bw4Gn1zv_urWGAGc2_reJkG3yhJhWUlkUwGjnXExz0Yg5L-lXvwCHAKfyqscKukecepYbNmBsTy4PNIBq2jrLEoTAOKFCpn0RFXuNcVwGpIr0JL76tdKFOOk6MNIjkvVzSwATm0IapnwXgBAGIBcXa5tBUoAYugAfdnOSaAagHp8yxAqgHpr4bqAfMzrECqAfz0RuoB5bYG6gHqpuxAqgHjs4bqAeT2BuoB_DgG6gH7paxAqgH_p6xAqgHr76xAqgH1ckbqAfZtrECqAeaBqgH_56xAqgH35-xAqgH-MKxAqgH-8KxAtgHANIILwiAYRABGJ0BMgiKgoCAgICACDoNgECAwICAgICogAKoA0i9_cE6WKi8nKv6tZMDsQkq_ZxByjRkrIAKA5gLAcgLAYAMAaoNAkpQyA0B4g0TCNG5nav6tZMDFQ_zFgUdHO0Pg-oNEwjt7J-r-rWTAxUP8xYFHRztD4PwDQKIDv___________wG4E-QD2BMCiBQC0BUByhYCCgD4FgGAFwGyFw4YASoKNDA5ODc4NDA3MLoXAjgBqhgXCQAAAACQqfdAEgo0MDk4Nzg0MDcwGAGyGAkSAvJsGC4iAQDQGAHCGQIIAQ&ae=1&gclid=EAIaIQobChMImP6gq_q1kwMVD_MWBR0c7Q-DEAEYASAAEgL-UfD_BwE&num=1&cid=CAQS4wEABaugfc_uPGROjpX5px4UAA8qr4xJP1GsaKQBH3gm4T4-c4ED9vj_d6vCsgXi8aQaiQNghrPR6prxwAy4JQMcJd8qxGGNCGxzNIIbDfQQ0gUeM16aqNPoe4NXYzsFcVMRBHrk195deQk074svDcLq8FYqtqUQqqDjl25fh-7PyjY9FsgEsFVB8ZWrh_6k2_dl-HekLjZKqLxZUE4dnLeBOJAxepcoJ1sBFcmOhRJPJypgGK3DDxfSbenNQ48WuwfrGwjUiFF7OQmvT0vpIqHG0sOR07MSNnjcxOFQuplhkHOGHRgB&sig=AOD64_2evleWjq-lR5jbP1MG27YpeKKTCg&client=ca-pub-7779027078698074&rf=4&nb=9&adurl=https://www.teamviewer.com/pricing/%3Futm_source%3Dgoogle%26utm_medium%3Dcpc%26utm_campaign%3Djp%257Cb%257Crm%257C25%257Cjun%257Ctransactional-focus-gdn%257Cnew%257Ct0%257C0%26utm_content%3DFree-Users_60%252BNo-Buy%26utm_term%3D%26gad_source%3D5%26gad_campaignid%3D22718033221%26gclid%3DEAIaIQobChMImP6gq_q1kwMVD_MWBR0c7Q-DEAEYASAAEgL-UfD_BwE,https://www.teamviewer.com/en-us/pricing/overview/?utm_source=google&utm_medium=cpc&utm_campaign=jp%7Cb%7Crm%7C25%7Cjun%7Ctransactional-focus-gdn%7Cnew%7Ct0%7C0&utm_content=Free-Users_60%2BNo-Buy&utm_term=&gad_source=5&gad_campaignid=22718033221&gclid=EAIaIQobChMImP6gq_q1kwMVD_MWBR0c7Q-DEAEYASAAEgL-UfD_BwE&coupon=CMP-BPC20-2026,no,no,no,no,no
265,https://www.googleadservices.com/pagead/aclk?sa=L&ai=CYxk0qC7Cacm0NuLi2roPi4_k4AGchaCLhgH2icrerxW2kB8QASDj0bElYM2AgICsA6AB3N7XmkLIAQKpAniNN9pGo4k-4AIAqAMByAMIqgS0Ak_QxGW_onviH5Wvrigo84rDAflMFrgzH_k8kceCVz9Q9OBHmGuoHFWoBaLN1nX5ZJAEG0urv7eQATioxgY5yfwxeHxQK3zqjOPHJjSoxuUOrEymmD7UvyDmnDm4xchCWL4JNU1-Gu9o8sYqxa8wANmPrq_X128qx--PB47UwMgbzKcdgohmRStxd-P_aEXCrZJsnnfh8-nHLVqdLaqKySzl07QLIMFiiK3oCE8TggYwUR9cyoSyw6_DQq00HTNfdPjjyQxvRi16mXSP8Q0V1XCu8wiypOzZOjyAr9omwfPI3JBayEtLVcmkrdhS2WZgnSUlzWmbb6OixWeIEvZhD-PROAG8QreAV-ZB-CJn8OGnpng1EK9yI7pJJeVC0TgHWo1RyqyYeGdby-oCwMvIMIXKjmUbwATbqtGO1gXgBAGIBfHhz41XoAYCgAfclqj6HKgHp8yxAqgHpr4bqAfMzrECqAfz0RuoB5bYG6gHqpuxAqgHjs4bqAeT2BuoB_DgG6gH7paxAqgH_p6xAqgHr76xAqgHmuGxAqgH1ckbqAfZtrECqAeaBqgH_56xAqgH35-xAqgH-MKxAqgH-8KxAtgHAdIILwiAYRABGJ0BMgiKgoCAgICACDoNgECAwICAgICogAKoA0i9_cE6WI_M3uPzt5MDsQnFAHeH9sEcEYAKA4oKNWh0dHBzOi8vd3d3Lm1nbW90b3JzdGVmYW5pbmkuY29tLmJyLz91cmw9e2xwdXJsfSZpZD01mAsByAsB4AsBqg0CQlLIDQHiDRMItbvf4_O3kwMVYrFWAR2LBxkc6g0TCKeS4ePzt5MDFWKxVgEdiwcZHPANAogO____________AdgTA9AVAcoWAgoA-BYBgBcBshcOGAEqCjU4NjE5MTIwNjC6FwI4AaoYFwkAAAAAIEQAQRIKNTg2MTkxMjA2MBgBshgJEgKoThgCIgEA0BgBwhkCCAE&ae=1&gclid=EAIaIQobChMIyaji4_O3kwMVYrFWAR2LBxkcEAEYASAAEgK0y_D_BwE&num=1&cid=CAQS0AEABaugfXSqj6V_0GBt-f6WpXkwVBpsCtlLIrZaZhAV3ZoIQCLZ2OL3uWxzEoN_htU2kQJkP3UkOE9MI8HGqOK95gz9t_2GPhb6fmfuV3fA9zM4kmnbENvgu-H2irgtS4eLc1oKe1JxNXvLInIfeUKVFInG6juVoEaIisGW5C6f3rehs8XyjgjTctiEmLyX33cA2SrpBbQcOjozZYo3QSfuvbe8rypLqGCTh6vg_T3a7vvxwHulcyv5pftSNNa6l5psk4J_ExYvhabnilgp2bEoGAE&sig=AOD64_2MJiKrXAb_360y19XSOaCB5I5xjw&client=ca-pub-5614695549775797&rf=5&nx=CLICK_X&ny=CLICK_Y&uap=UACH(platform)&uapv=UACH(platformVersion)&uaa=UACH(architecture)&uam=UACH(model)&uafv=UACH(uaFullVersion)&uab=UACH(bitness)&uaw=UACH(wow64)&uafvl=UACH(fullVersionList)&nb=2&adurl=https://www.mgmotorstefanini.com.br/%3Futm_source%3Dgoogle%26utm_medium%3Dcpc%26utm_campaign%3Ddisplay%26utm_id%3D23382454513%26gad_source%3D5%26gad_campaignid%3D23382454513%26gclid%3DEAIaIQobChMIyaji4_O3kwMVYrFWAR2LBxkcEAEYASAAEgK0y_D_BwE,https://www.mgmotorstefanini.com.br/?url=https:/www.mgmotorstefanini.com.br/%3Futm_source%3Dgoogle%26utm_medium%3Dcpc%26utm_campaign%3Ddisplay%26utm_id%3D23382454513%26gad_source%3D5%26gad_campaignid%3D23382454513%26gclid%3DEAIaIQobChMIyaji4_O3kwMVYrFWAR2LBxkcEAEYASAAEgK0y_D_BwE&id=5&gclid=EAIaIQobChMIyaji4_O3kwMVYrFWAR2LBxkcEAEYASAAEgK0y_D_BwE,yes,yes,yes,yes,yes
266,https://www.googleadservices.com/pagead/aclk?sa=L&ai=CCNMHug7CacLpE7KMjeYPtumqwAvM0cr2hQH0loqqnBWJl87XiioQASDFnrQdYJsDoAHg7fX9PsgBCakC24Appiz-Bj7gAgCoAwHIAwqqBIcDT9DmlZDG8Z7NPyFauw18LruX9nKMfyjaLteDJpjFIhD6WWlmvjCReX1YEraW53AozV4gnNd73RqoJDDLU0k-dRFGWtQ2jvpUkG3VPIREveKDCDITxoTQZT9TBJq7EwLQCOpgtd1VCJOWipEcICC1RzZcSX9UW5NaFCRiYDmpIRNtYLFD2WCSC-2ma53ZULeqdWBlxse-9kyYzac0rd1A9FRJVfVDKnEe1oeSKXHJQ9wWoo10u53uE0VRb1IlX4jNPZc87fYbXF899tnCxzDowEsnd9K2ysbtFjgEZZ3k4HB8tZgzwvDduH2My-BOjHLwVtrJv9nP0AjZNDX9Jx1Xk2jEQLw8LfANHNBXyNSJADTQ4Hs86w56wk0DGEUHelVA9NKzZkFwZP6OXLL0lenlwudr8ZQu1jfXQLEy1ZUypgF865Pbn85WtMkcRDo-cS_nbbJDnWHc3LFVwdWMBMlr3Rao9jO-XE_toPftpUKMU72NEj94KrsmzTxMuN-hVIT-O_HsnuIdHMAEzNqi4tMF4AQBiAXJ94XbVKAGLoAH4KXG3RmoB6fMsQKoB6a-G6gHzM6xAqgH89EbqAeW2BuoB6qbsQKoB47OG6gHk9gbqAfw4BuoB-6WsQKoB_6esQKoB6--sQKoB9XJG6gH2baxAqgHmgaoB_-esQKoB9-fsQKoB_jCsQKoB_vCsQLYBwDSCDEIkOGAQBABGJ0BMgiLg4CAgICACjoNgECAwICAgICogAKoA0i9_cE6WLP26KnVt5MDsQnjW-NNAst8uIAKA5gLAcgLAYAMAaoNAktSyA0B4g0TCLKY6anVt5MDFTJGwwYdtrQKuOoNEwiiguqp1beTAxUyRsMGHba0CrjwDQKIDv___________wGwDtay6PQY2BMM0BUByhYCCgD4FgGAFwGyFw4YASoKMjQ0OTY0MDA0MboXAjgBqhgXCQAAAACQdvtAEgoyNDQ5NjQwMDQxGAGyGAkSArNPGC4iAQDQGAHCGQIIAQ&ae=1&gclid=EAIaIQobChMIwq7qqdW3kwMVMkbDBh22tAq4EAEYASAAEgIAsfD_BwE&num=1&cid=CAQS0QEABaugffwmoex5u9nA3fSoszHNa72oa74RA3IqFEXTMgoTJocBsz2uySzW75_aMIXs_aqxqWZap11r-TRaNBx9mPdpjAEn3Nm1UEEDYtVu5boFM1d1njOpkWduz1bz5P0oO7nhWoPzS6zOhYTFCnm-ohV56fx8bNWvPss3GWmS1Xfk2VhVEXRTylNoLgK5TpgRSV57lrUPdU69YMyftfetqcMV8M4iJ8VbI3jrqGAUDAEylzmtQAQp7FkJywJwVAH8v7Em1VLm7Rnpm5s3NY2QyBgB&sig=AOD64_38KU4nFr_lWvvXzUmQG4BNiFRIoQ&client=ca-pub-4069693291391267&rf=4&nb=9&adurl=http://zrumgil505-law.com/%3Fgad_source%3D5%26gad_campaignid%3D22739516361%26gclid%3DEAIaIQobChMIwq7qqdW3kwMVMkbDBh22tAq4EAEYASAAEgIAsfD_BwE,http://zrumgil505-law.com/?gad_source=5&gad_campaignid=22739516361&gclid=EAIaIQobChMIwq7qqdW3kwMVMkbDBh22tAq4EAEYASAAEgIAsfD_BwE,,,,,
267,https://www.googleadservices.com/pagead/aclk?sa=L&ai=C9yD8zWHCaf_ECdWS29gPiZn9sAyI5IvvhQHi95rh8RLeuaDMniYQASDo5YkTYMfdgI6EJqABvrb5mynIAQKpAn6Lh0lps28-4AIAqAMByAMIqgS7A0_QJ_Dt5SwWzXBvhwdEvVHpqmOKYKYugkwlGByz63BanDegoVzPZyu_NM7i4WVxKgwoi4lwgBdIAH5XfV4CRLxlnXAxSYmC2p0Bgw3iyhBQOipvggWA-e0xQRGm4Z84p1jZFNEYj52FYKwyeL1lqi4-FA5UAGw94zQ8pkuFpwehxTl8e_qfpo7MYLB4Riv4jmRMhC7bd7J1e6qXTGIzSo2UND8xfrBNaXkWClAcFYicUuWbfosQ8_nj8rTy7gEYc0Qk8ALkwsLC1Yl8F-gsodGskZKGbrXipoej69Z5s-WXaavtyUxFzvdHDnvUHBuu6JbbOE3HD0hm3ciBDUpfGiWMjTEVpY1GL4xDflwz5Dzc0kweUn4-urxBpsqzCjMVd0U68lKmB3jW-smkLnLpcbqnUHD47v1Ju3mnWPqG3c75Nbpa3f8Hj4o9jq7NijNTBEG2ptkJf41RWQmLfrdnWt1Hd6v7vC_WLPmUGb6hA81RKFNf79BUhDSA_AF81aR6vDLBDJomcyKq-UfgMqnHy3EICEaGu7FAnatFoX7FtjC4CwGjs1kyRaDAmd9XvCVN3FQWaMkIun6LVitYwASbvOaA_gTgBAGIBZ7mwe5RoAYCgAe-7sn7A6gHp8yxAqgHpr4bqAfMzrECqAfz0RuoB5bYG6gHqpuxAqgHjs4bqAeT2BuoB_DgG6gH7paxAqgH_p6xAqgHr76xAqgH1ckbqAfZtrECqAeaBqgH_56xAqgH35-xAqgH-MKxAqgH-8KxAtgHAdIIMgiA4YAQEAEYnQEyCKqCgICAgIAIOg6AwAOAgISAgJSu4AOoB0i9_cE6WNCf0MakuJMDsQn_SkUaW25oh4AKA5gLAcgLAaoNAlpByA0B4g0TCLjd0MakuJMDFVXJFgUdiUwfxuoNEwjUttLGpLiTAxVVyRYFHYlMH8bwDQKIDv___________wGwDono1qwY2BMMiBQG0BUByhYCCgD4FgGAFwGyFw4YASoKMTk5ODgxNDA1NroXAjgBqhgXCQAAAADA7OtAEgoxOTk4ODE0MDU2GAGyGAkSAuxOGAIiAQDQGAHoGAHCGQIIAQ&ae=1&gclid=EAIaIQobChMIv9_SxqS4kwMVVckWBR2JTB_GEAEYASAAEgLnpPD_BwE&num=1&cid=CAQSbwAFq6B9R7dpWjKiTGWdOLcWOlfHyMi5SXMI5eMQ_W7s8oRUffAPq8dh8JhwVtx0MCr2gplY9n3SVSgxGkhWmI2eWvIvrlhVJyDcylB_u4Zttv83c6d8ZvjqSNWriSj2UNpCcGqz_KBrIfue02IZjxgB&sig=AOD64_3or9OejbSUcOvPOJmM9WRP0Ftmkw&client=ca-pub-2615941022292182&rf=5&nx=CLICK_X&ny=CLICK_Y&uap=UACH(platform)&uapv=UACH(platformVersion)&uaa=UACH(architecture)&uam=UACH(model)&uafv=UACH(uaFullVersion)&uab=UACH(bitness)&uaw=UACH(wow64)&uafvl=UACH(fullVersionList)&nb=2&adurl=https://www.investonline.co.za/calculators/retirement-calculator/%3Futm_source%3Dgoogle%26utm_medium%3Dcpc%26utm_campaign%3D%7BPMax%7D%26utm_content%3D%7B2_R_Calculator%7D%26keyword%3D%26device%3Dc%26network%3Dx%26placement%3D%26name%3D%26gad_source%3D5%26gad_campaignid%3D21975036702%26gclid%3DEAIaIQobChMIv9_SxqS4kwMVVckWBR2JTB_GEAEYASAAEgLnpPD_BwE,https://www.investonline.co.za/calculators/retirement-calculator/?utm_source=google&utm_medium=cpc&utm_campaign={PMax}&utm_content={2_R_Calculator}&keyword=&device=c&network=x&placement=&name=&gad_source=5&gad_campaignid=21975036702&gclid=EAIaIQobChMIv9_SxqS4kwMVVckWBR2JTB_GEAEYASAAEgLnpPD_BwE,,,,,
268,https://www.googleadservices.com/pagead/aclk?sa=L&ai=Can_HehPCabSWO6mZjeYPvtyNIaL0u4iGAZXE7ZCeFaGm-PPQHRABIOa0z5kBYJsDoAGJ7arSAcgBCakCLP0_ysEWBz7gAgCoAwHIAwqqBMcCT9BshS35APmOrdKQr7MCk564PSCKjZmNqDhEDe9QxDIYPWEBt7sWUHLqdBgY9svRuA2sf9cV9T2VFPjaNCP8Psn-6ej7FyqmSgDBE7ezCAsSPyM7YFEhCHYnsjUn8Xoz6KEWC9-C_A0b3HokqXsmL1Ljl30w9GNn3E453K45jDHGfblW2dub5ogb4pisJTInSmtcw4JKh_Q-5licUMkvXkmresKdNM8bHdE01w0da-eATq5pPwu0iRWMoXBSNGvMKlBPfIpemlSHoC6J9PCUfjpJENbFdZu_zWcScLwHBHuVqDaFKJTM1UpQFao1XIRMpOGt5z2OUYgvHYrpzD_l9hsu7Tv1CzquWhhwSOQtCi7t5R44bDXfMbX41s2kIZ0lJpQi-c3L88ZLMInejZOmVZCvVkvVyrLZQqL3tCNYFmB1KS8Dy7AQwASzzrGU1gXgBAGIBaLZxb1XoAYugAfzjeywHagHp8yxAqgHpr4bqAfMzrECqAfz0RuoB5bYG6gHqpuxAqgHjs4bqAeT2BuoB_DgG6gH7paxAqgH_p6xAqgHr76xAqgH1ckbqAfZtrECqAeaBqgH_56xAqgH35-xAqgH-MKxAqgH-8KxAtgHANIIMAiAYRABGJ0BMgiKgoCAgICACDoOgECAwICAgICogAKogxBIvf3BOljO7Pnt2beTA7EJBj2_XtZBxn6ACgOYCwHICwGADAGqDQJLUsgNAeINEwj4kPrt2beTAxWpTMMGHT5uIwTqDRMI9P_77dm3kwMVqUzDBh0-biME8A0CiA7___________8BsA6h8L3oGNgTDNAVAcoWAgoA-BYBgBcBshcOGAEqCjUxMDM4Nzk0ODO6FwI4AaoYFwkAAAAA4FUAQRIKNTEwMzg3OTQ4MxgBshgJEgKoThguIgEA0BgBwhkCCAE&ae=1&gclid=EAIaIQobChMItLv87dm3kwMVqUzDBh0-biMEEAEYASAAEgL2nfD_BwE&num=1&cid=CAQS0QEABaugfSibvev9MvLGS8N_vsXsddEhBt_k6eNNHQgxj6RCA7LwRzuxH3HLaxLbIpMjUTxPPWyeaYgCSJgNM-yKjz11wQFm8Wa4f2r9U0v1hPWHpT1IWutGxFCne2sSlyHIVnovWVKBa93jpMjovXmprxrbV5k0gX2fvUDqDum14o6ZRQxPG3XOVp-A66qIKZamSLzjnDA-yAcUlwQiOdETErD1kz4zDVuXYnVtKNdKBVd4GyPW9UpNb28wzoxK7uclc7TPVD5PcuKa-p0G6zpsMxgB&sig=AOD64_3oFhslPxsPxaNBFOCJ-g_Wd_OmXA&client=ca-pub-3677668629134422&rf=4&nb=9&adurl=https://ksellcar.com/%3Fad%3D3030%26key%3D%25EC%2588%2598%25EC%25B6%259C%26gad_source%3D5%26gad_campaignid%3D23482952866%26gclid%3DEAIaIQobChMItLv87dm3kwMVqUzDBh0-biMEEAEYASAAEgL2nfD_BwE,https://ksellcar.com/?ad=3030&key=%EC%88%98%EC%B6%9C&gad_source=5&gad_campaignid=23482952866&gclid=EAIaIQobChMItLv87dm3kwMVqUzDBh0-biMEEAEYASAAEgL2nfD_BwE,,,,,
269,https://www.googleadservices.com/pagead/aclk?sa=L&ai=CZ7_teBnBaczJIOCI3NMP7s7NwQLZwunWhQHKzZat3BWe4Pi0FhABILyW4RBgiYvEhPQToAGwvuLoA8gBCakCC-_4oAtatj7gAgCoAwHIAwqqBOcCT9Bkb8u1wGT9NvybxED4MRM7lPTZ1IS16tmVw82QI3AInUgURfcfQnjVzQswri_nf1rRoehgRfoNQvCn5vEbABRArlLwXbeeHjHi6aQTGXCWBvgKewGq8dhkDtS38DMjY6o5-0m3mdBvYXhWnUVIyEksyw2FVxgxc5EqwRjHpmJ6cReSeOFSMLiJcKmxn3syMiER1LfsAGyw3b54ri6k_WluP7Y3y69FP15i0kWUtGalkDY_9cNrBcrvOe_MscFi4Vmg_fcJ09DS3p7kpVZs-RHkFtnrRUBAbEhzzqF6rbTsQqj72EFV05Gh7_-IAH4R0PYdBaGjfO7GskLqFijJZ3i4_Fl1uv0u11eVipC02IYG_OV6PllXwgGQ02vfHkEXuIV-fryhkcX38nyHpvnk59c4r3Yr1lPOz36D8zzrGLv1ac_p8NRxUkt59J_KtvdleYyeWHQiKpjDIQ_760HzQ7_JeILSy17ABI7o-8TUBeAEAYgFkpao81egBi6AB7jBnReoB6fMsQKoB-LYsQKoB6a-G6gHzM6xAqgH89EbqAeW2BuoB6qbsQKoB47OG6gHk9gbqAfw4BuoB-6WsQKoB_6esQKoB6--sQKoB9XJG6gH2baxAqgHmgaoB_-esQKoB9-fsQKoB_jCsQKoB_vCsQLYBwDSCDIIgOGAEBABGJ0BMgiqgoCAgICACDoOgMADgICEgICUruADqAdIvf3BOljKq5u367WTA7EJyUv7LOEpaO2ACgOYCwHICwGADAGiDAOQAQGqDQJKUMgNAeINEwit2Ju367WTAxVgBHcEHW5nMyjqDRMI6bKdt-u1kwMVYAR3BB1uZzMo8A0CiA7___________8BuBPkA9gTDYgUA9AVAZgWAcoWAgoA-BYBgBcBshcOGAEqCjY3MzE4NDAyNTC6FwI4AaoYFwkAAAAAOGwGQRIKNjczMTg0MDI1MBgBshgJEgKgVBguIgEA0BgBwhkCCAE&ae=1&gclid=EAIaIQobChMIzOWdt-u1kwMVYAR3BB1uZzMoEAEYASAAEgIypPD_BwE&num=1&cid=CAQScAAFq6B9LfdyehciKzddKkLjcCGtr2-oG6Pb48gDkIYxUUnZkKyDl1aSkYYVhWNjpwmc0d7SG2K2ramtKm3iqaDePVnVTDzqKGmHGz0CYnYBqdrEcWuAikKSV1cF4xjACd1pe3jCTOg6nmY4qSusAXoYAQ&sig=AOD64_39RrVfIbgnK7K2TaEBBDv44Bz9lQ&client=ca-pub-2012933198307164&rf=4&nb=9&adurl=https://www.guernseyfinance.com/about/our-industry/investment-and-funds/%3Futm_source%3Dpaidlinkedin%26gad_source%3D5%26gad_campaignid%3D23595715346%26gclid%3DEAIaIQobChMIzOWdt-u1kwMVYAR3BB1uZzMoEAEYASAAEgIypPD_BwE,https://www.guernseyfinance.com/about/our-industry/investment-and-funds/?utm_source=paidlinkedin&gad_source=5&gad_campaignid=23595715346&gclid=EAIaIQobChMIzOWdt-u1kwMVYAR3BB1uZzMoEAEYASAAEgIypPD_BwE,yes,yes,yes,yes,yes
270,https://www.googleadservices.com/pagead/aclk?sa=L&ai=CQfoY_GzCadGyL_OcvcAP0PPUsA-bzeSGhgHw7Lan9RXQvbi7pRQQASCwhZ0aYMfdgI6EJqABx9rZ4gLIAQngAgCoAwHIAwqqBPQCT9A1U4SrIJk7zgqmfgKh_wpp0m2yqexa_TfozbllQtqDVfao6Jb_T7u3vWM0GebP1SguHzXAC9WNiiLoL-0IDrapLoI32GUfu0GR_O4lOiMbaHBlK-w8WiHO-qM7kydI-CpZzhAAUhK5pJyGBcM4699zp9i8KCqSpJ_fKx7f_bZPmCqmLcUAVl9-CcM8inEBEA34SG38kWmpQ-bud3bqsR4CywVh_tX4NWtVOim8C5OwyVPNqGjzTqoPTYD9wR6TJk4j2ppEOd4dfp0gXVrUoWLnag3tlukISZkIvAiOKIxzrKyBxtjKaEO0PxL2SemzL4jCbZvsJBGCO7p2KUw6Cnv6LKZJm-oA19Qx1XXii8DZVDL2nkSzuHdjrSpNfD5g_6tBHNUrkokzW6IfmxwrpypPKuvOBWHnYkJNgv79UcjrDVrBEZABQUaR4Xte8obz4_ePG-sJeBucaeFGWT0WIe5ziwIQmWtDL1Bfl2DHvmHXrgPUwAT2yP6O4wXgBAGIBejtoZtYoAYugAf9guGdBagHp8yxAqgHpr4bqAfMzrECqAfz0RuoB5bYG6gHqpuxAqgHjs4bqAeT2BuoB_DgG6gH7paxAqgH_p6xAqgHr76xAqgH1ckbqAfZtrECqAeaBqgH_56xAqgH35-xAqgH-MKxAqgH-8KxAtgHANIIMgiA4YAQEAEYnQEyCKqCgICAgIAIOg6AwAOAgISAgJSu4AOoB0i9_cE6WMLt_JuvuJMDsQkG9uyxLA_hhoAKA5gLAcgLAYAMAaoNAlpByA0B4g0TCIbk_puvuJMDFXNODwId0DkV9uoNEwjXrIKcr7iTAxVzTg8CHdA5FfbwDQKIDv___________wGwDqzb2PYYuBPkA9gTC9AVAcoWAgoA-BYBgBcBshcOGAEqCjI0NTk4Mzc2NTe6FwI4AaoYFwkAAAAAgLn8QBIKMjQ1OTgzNzY1NxgBshgJEgLATxguIgEA0BgB6BgBwhkCCAE&ae=1&gclid=EAIaIQobChMI0aCQnK-4kwMVc04PAh3QORX2EAEYASAAEgLfe_D_BwE&num=1&cid=CAQSgQEABaugfd9jKVYiyb1Yf6JHV4zAa0AKjcM1zoTt4dYe8sFcbEpjQfWkJywM1XM2PJRH7JSb0VnFQZXVDfFkr7gaF5cFoLlqN3Fn3LSkRK8IcMtwk8DE399AgTcivYmxq3hEJVuoaajjC9SIUjJcK0nbt1Eo2SzTMdrOeOhzPz3hqwQYAQ&sig=AOD64_2vPo42gBtI1ld486sk-Dz3FdnU8A&client=ca-pub-6447179309296276&rf=4&nb=9&adurl=https://lovefort.com/land/sp/ba13e0b2%3Fpartner%3Dadw_lovefort_ua%26campaignid%3D23679487178%26gclid%3DEAIaIQobChMI0aCQnK-4kwMVc04PAh3QORX2EAEYASAAEgLfe_D_BwE%26adgroupid%3D6691368364%26targetid%3D%26network%3Dx%26device%3Dc%26devicemodel%3D%26loc_int_ph%3D2410_1028682%26matchtype%3D%26target%3D%26keyword%3D%26creative%3D%26placement%3D%26campaign%3DAW_Lovefort_Worldwide_All_PerfMax_pLTV_NewU_golf_Default_segmb55-2025_55p_23Mar%26group%3D%26banner_type%3D%26asset_type%3D%26gad_source%3D5%26gad_campaignid%3D23679497960%26gclid%3DEAIaIQobChMI0aCQnK-4kwMVc04PAh3QORX2EAEYASAAEgLfe_D_BwE,https://lovefort.com/land/sp/ba13e0b2/?partner=adw_lovefort_ua&campaignid=23679487178&gclid=EAIaIQobChMI0aCQnK-4kwMVc04PAh3QORX2EAEYASAAEgLfe_D_BwE&gclid=EAIaIQobChMI0aCQnK-4kwMVc04PAh3QORX2EAEYASAAEgLfe_D_BwE&adgroupid=6691368364&targetid=&network=x&device=c&devicemodel=&loc_int_ph=2410_1028682&matchtype=&target=&keyword=&creative=&placement=&campaign=AW_Lovefort_Worldwide_All_PerfMax_pLTV_NewU_golf_Default_segmb55-2025_55p_23Mar&group=&banner_type=&asset_type=&gad_source=5&gad_campaignid=23679497960&id_visit_prev=3ab57348-f6d8-4d22-9330-9b94e5f79149#c3RlcDA=,yes,yes,yes,yes,yes
271,https://www.googleadservices.com/pagead/aclk?sa=L&ai=CaQCswNvBadHWKq2NjeYPrJPX-QSqsa3PhQGZ1KTc1hX669LgsgEQASD0-cYlYKWAgICcAaAB3uPt5AHIAQKpAjElJtMakac-4AIAqAMByAMIqgTIAk_Q_55mRUpTh3TUBylLOeQMu9I3i3mRnUYYRCptvEJHc2NQM9LkrdTh3xu8BBNlIahDdcrLHOKKuBI8ish7RUNQfBQX2MTXtHBXc1NCGsOdSXWhqqx3KJwl5RYkb_seE3sTnRz1X8PZS2FCU310foU-almA-hAh-2i6E_mDMD0OFfR2sfGFmFqyR7cg1Am3OlMvHgR222bI-cu21eNCS_BLSPX7kWUX0gQ8sfTr9cOYgOz8GA9jjD9esWjKsI22f70fkI-APR_LSEt7vgjYRmxcEHS_yhr4FTb_pXsUIwvm-ec0SR2JoM1ok9pPglM11HqSeMhbhPj92lTsTF23xaoGwkOm-2eeMhB6MA1Cv-l21fE-6LDaScY986xIXXZd9jm7xW5n48BVkNFbaZneB2d7zSQtS0UcsWA29FctFAbarm9JnKuw-UnABKqlrsXXBeAEAYgF4vr391egBgKAB4GQ25sCqAenzLECqAemvhuoB8zOsQKoB_PRG6gHltgbqAeqm7ECqAeOzhuoB5PYG6gH8OAbqAfulrECqAf-nrECqAevvrECqAfVyRuoB9m2sQKoB5oGqAf_nrECqAffn7ECqAf4wrECqAf7wrEC2AcB0ggvCIBhEAEYnQEyCIqCgICAgIAIOg2AQIDAgICAgKiAAqgDSL39wTpY69ad26S3kwPyCBthZHgtc3Vic3luLTg0NDY3NDUwMTMzMzU4MDaxCUYuE9m8oI7QgAoDmAsByAsBqg0CQVXIDQHiDRMIlPud26S3kwMVrUbDBh2syTVP6g0TCMPAn9ukt5MDFa1GwwYdrMk1T_ANAogO____________AdgTA9AVAcoWAgoA-BYBgBcBshcOGAEqCjMzNDUzODM3NzS6FwI4AaoYFwkAAAAAkJMdQRIKMzM0NTM4Mzc3NBgBshgJEgKTThgCIgEA0BgBwhkCCAE&ae=1&gclid=EAIaIQobChMI0bak26S3kwMVrUbDBh2syTVPEAEYASAAEgLwqvD_BwE&num=1&cid=CAQS4wEABaugfXH8S4PDhya5Frg2TJEhBQikH2siP6cfDowsOO7SGtkpNKXY6C5kQ64r8oHwXMBchXwCBl1doFaHYXikZuRYedj95HVWQ5c0gr8Kd0WOoxkm1Tnv55qqcXzw_PJO5QsprwlQ48IW_wrB1MJv2g_C6-lINpXZEXm0Vi_ymK9HuQw51LVCdw303a8aBzxFShtNTBDQpqU-AfCL7k0uBASdYPcySJN-RizCUcginw-TQD5Csp38ekd7BNNTEJOWFO_ZsyXrKW1cY7yIbAIs33YhB9AB1_FQQhe8bTffS-MjdxgB&sig=AOD64_2KBUSMO4oVy3fMFJAP0gCZw0ZjjA&client=ca-pub-6396844742497208&rf=5&nx=CLICK_X&ny=CLICK_Y&uap=UACH(platform)&uapv=UACH(platformVersion)&uaa=UACH(architecture)&uam=UACH(model)&uafv=UACH(uaFullVersion)&uab=UACH(bitness)&uaw=UACH(wow64)&uafvl=UACH(fullVersionList)&nb=2&adurl=https://landing.ratemyagent.com.au/promoted/appraisal/cr514%3Fpromotion%3D95137%26campaign%3D160192%26utm_source%3Dgoogle_promoter%26utm_medium%3Dagent-custom%26utm_campaign%3Dagent-cr514%26utm_content%3Dmrec%26utm_term%3D%26gad_source%3D5%26gad_campaignid%3D23605411170%26gclid%3DEAIaIQobChMI0bak26S3kwMVrUbDBh2syTVPEAEYASAAEgLwqvD_BwE,https://landing.ratemyagent.com.au/promoted/appraisal/cr514?promotion=95137&campaign=160192&utm_source=google_promoter&utm_medium=agent-custom&utm_campaign=agent-cr514&utm_content=mrec&utm_term=&gad_source=5&gad_campaignid=23605411170&gclid=EAIaIQobChMI0bak26S3kwMVrUbDBh2syTVPEAEYASAAEgLwqvD_BwE,,,,,
272,https://www.googleadservices.com/pagead/aclk?sa=L&ai=CHsP7RRjCaeioK_S2geAPnP-HkQ73iIOChQG03aWK2BTIrZWYQxABIPzhqRlgiQOgAYjUp_ZByAEBqAMByAPDBKoEpQJP0MOZxseTysSdeEqGjfZpRelS9wEt0CsgSjfiLImbzvkRIpa5rYl8NPDkZqQA-1OJiVroWVl3NKe79TDCaAcb1Qf-zQ5e1VmHXe--VOq4kaNz7Rn_ourefbGtE2bvxzAWhzWQtaQ7XtMiD8xLYijL-MYh84zDCZrWCiJVk4QM4pDoPvNpohbATWlEgvIhv_uuBllFdeRjYNMq58p6qgQuPv5-EQbfreNJJq2jPAZQ2gepgdrL1S1SbzxFGVsWBeOfNt74q3jqXxK3dZ0ez5BZeFpJFfxLMlL24Ef6IVAV8Uz7xxtPie3TGUUwKdsMFT9yIuQu7wBn689nbbvmUP0N8PwquCS08QwmuyIm4XGFHmYSeyrngF9-ORPPmqjK6aRzA05VKsAEu8T6774FiAXzr6C9VqAGZoAHiIz41RyoB6fMsQKoB-LYsQKoB6a-G6gHzM6xAqgH89EbqAeW2BuoB6qbsQKoB47OG6gHk9gbqAfw4BuoB-6WsQKoB_6esQKoB6--sQKoB9XJG6gH2baxAqgHmgaoB_-esQKoB9-fsQKoB_jCsQKoB_vCsQLYBwHSCC8IgGEQARifAzIIioKAgICAgAg6DYBAgMCAgICAqIACqANIvf3BOljsyva23reTA7EJOiKLbfPIRy-ACgGYCwHICwGiDAOQAQGqDQJKUMgNAeoNEwjN4va23reTAxV0WwAGHZz_IeLwDQKIDgnYEwqIFAPQFQGYFgHKFgIKAPgWAYAXAbIXEBgBKgoxMjE2MTE4MDEwUAa6FwI4AaoYFwkAAAAAKF8FQRIKMTIxNjExODAxMBgBshgQCgWO4YjMAxIC8k4YZiIBANAYAcIZAggB&ae=1&gclid=EAIaIQobChMIqN_2tt63kwMVdFsABh2c_yHiEAEYASAAEgKtafD_BwE&num=1&cid=CAQS0AEABaugfdhWiQIAyNn-FMdI5gUWdCcgSTU2JSTnPPoq_DMoG2ncR-WVnMH86urWiXeTxvxMRoOKv8cmq4_EASZ5Xi1Qt_SbTQ-2h1ppwCe1Oy54yQqTRkvvhQwybJvzNhYODo2olzJL9kALm9Q5ARDZyab5I8lg1qhe0iKkd86L9B4tiUp9Gpx41OGYbbAthuDqrlhUFoX_wxIl55m9He44vnQ4XvuQpgRu1izeekd3dQg_WBKST9cu7klP99MKK6KrVTDcB_XoH3o1Fym7smhHGAE&sig=AOD64_2BvlKMnV4XPORiO1iR03hoiLJr_w&client=ca-pub-7694956726795277&rf=1&nb=1&adurl=https://www.leadinghealthandwellness.com/%3Fgad_source%3D5%26gad_campaignid%3D23213905907%26gclid%3DEAIaIQobChMIqN_2tt63kwMVdFsABh2c_yHiEAEYASAAEgKtafD_BwE,https://www.leadinghealthandwellness.com/?gad_source=5&gad_campaignid=23213905907&gclid=EAIaIQobChMIqN_2tt63kwMVdFsABh2c_yHiEAEYASAAEgKtafD_BwE,yes,yes,yes,yes,yes
273,https://googleads.g.doubleclick.net/aclk?sa=l&ai=CcQgYWfrAad_1JYqYjeYP66a76QSbw-WoggHhysf-yBXG19W-1w4QASDmtM-ZAWCJi8SE9BOgAYyth4IDyAECqQIITvPVaOw6PuACAKgDAcgDCKoE9wJP0PU_mHdicqTLUfF3ZJwmNyBJrFKXfyVf6klvn93q6pAWLj53zG9Qu44L80PFdnE3Yu6lCtRWbUIhDcWqO7FDXMoWHj6flJ5vdK_mQY9wvToaTGkTClnxNVBdX7CkjLPrciVP_yBVRVCiJII3flcuPcngT80iR-j-sEMR1ZE-QmxVl57-cJB0mjJbjM9ALH-sVO2hDOZiffeu55eYS0hZEgszMM98qlgqMHmRGoI_4CHgMJ8-SEY10SOhQqZxJjCedbLkD5tWxL-EOSfXsNUfTYpRYa89SJC3jnpumV2HgyiEe37ODpq9xTCjNbWVgL5GmRj4PzbJQHOZtd-pktEV7afSlsLqRJJ4Dr18WOccimmtTseJf7NWtJe-g9RT41PZ17iFU1qbvYimt8ZE4vUYzPR7_DsbpJBk9FcKj4WePnOaY3Q9wN6FhVGe3vuJjDnoY2yM3-zBZ5X0NA3MtMikOu7rFiOjmEIAMbxGJo6WJIh137lj0rnABJnz7sylA-AEAYgFgOnOwyqgBgKAB9zS-H2oB6fMsQKoB-LYsQKoB6a-G6gHzM6xAqgH89EbqAeW2BuoB6qbsQKoB47OG6gHk9gbqAfw4BuoB-6WsQKoB_6esQKoB6--sQKoB9XJG6gH2baxAqgHmgaoB_-esQKoB9-fsQKoB_jCsQKoB_vCsQLYBwHSCDIIgeGAYBABGJ0BMgjLioCAgICACjoOgIAEgMCAgICAqIACqANIvf3BOlixlqfgzbWTA7EJk00dF5p-HZmACgOYCwHICwGiDAOQAQGqDQJKUMgNAeINEwiusKfgzbWTAxUKTMMGHWvTLk3qDRMI0sun4M21kwMVCkzDBh1r0y5N8A0CiA7___________8B2BMM0BUBmBYByhYCCgD4FgGAFwGyFw4YASoKNTEwMzg3OTQ4M7oXAjgBqhgXCQAAAABQVyJBEgo1MTAzODc5NDgzGAGyGAkSAuJOGAIiAQDQGAHoGAHCGQIIAQ&ae=1&gclid=EAIaIQobChMIn4ao4M21kwMVCkzDBh1r0y5NEAEYASAAEgKnffD_BwE&num=1&sig=AOD64_1SUupolCZ1nBhIFr4jNrSNyAALMQ&client=ca-pub-3677668629134422&rf=5&nx=CLICK_X&ny=CLICK_Y&uap=UACH(platform)&uapv=UACH(platformVersion)&uaa=UACH(architecture)&uam=UACH(model)&uafv=UACH(uaFullVersion)&uab=UACH(bitness)&uaw=UACH(wow64)&uafvl=UACH(fullVersionList)&nb=2&adurl=https://www.radishbo-ya.co.jp/admission/lp/trial/survey/fuzoroi/%3Futm_source%3Dd_cr_gdn%26utm_medium%3Dre_all%26utm_content%3Dtrial_00_0_%26utm_campaign%3Dtrial_00%26P%3Ddcrgdn%26argument%3DQ4vSeayE%26dmai%3Da627895c357897%26optimize%3Dvege%26gad_source%3D5%26gad_campaignid%3D11416089728%26gclid%3DEAIaIQobChMIn4ao4M21kwMVCkzDBh1r0y5NEAEYASAAEgKnffD_BwE,https://www.radishbo-ya.co.jp/admission/lp/trial/survey/fuzoroi/?utm_source=d_cr_gdn&utm_medium=re_all&utm_content=trial_00_0_&utm_campaign=trial_00&P=dcrgdn&argument=Q4vSeayE&dmai=a627895c357897&optimize=vege&gad_source=5&gad_campaignid=11416089728&gclid=EAIaIQobChMIn4ao4M21kwMVCkzDBh1r0y5NEAEYASAAEgKnffD_BwE,,,,,
274,https://www.googleadservices.com/pagead/aclk?sa=L&ai=CEqOOTInCaemaAebgs8IP1Oq_qAzc593ihAH607_QshWhpvjz0B0QASDU_LceYMfdgI6EJqABz-272APIAQmpAtjwlzOXNJI-4AIAqAMByAMKqgT5Ak_Q6VCA2wQhidwjEIWrWjlh_w5iOgwk99ayzcWxVY9xRvrJhCGpsD0DtlJqgOz0nRNptbCc_VhzXHtbEKxq7NasAVOe8_iDR9SMJ1VR8TpXp6K27ctQRfKuLvZFH7b7rA4TDLYInNYDj6frVcme0PQf9fN34JGxmf3XXy0m4H2uwU8HOH1w7NclBvm731AGEZcYjvQtiroJGV1fRSexQESgF14jsyui_m-SfOW_Kh2BkXM4FvUnUsW75Cbyg16SoFoipkCCW6WXJf-wSc3edPfvtvZpAyrg13q_IkME2mn3XH6aD5Gfgxs8fXYxRHCT6AbNTE-EcDr73zpDD0ZAim9lPLSO2c-KH-Yw4Z6xb-vCjumLnvvoEZoB1DQEUxRjQY3hGlkl-s-WQOZYUV_a4NCKnLTbY_Rx-aJjfthtg_BvSs6aILgh3GmVxpoVzkkycV40NJlCdhgWEvpmtSmlf9_emdDs5QPQukcdyP9XWvAYny8hXpVK-_mdwASZhai51wXgBAGIBYy56rVXoAYugAeZksQnqAenzLECqAemvhuoB8zOsQKoB_PRG6gHltgbqAeqm7ECqAeOzhuoB5PYG6gH8OAbqAfulrECqAf-nrECqAevvrECqAfVyRuoB9m2sQKoB5oGqAf_nrECqAffn7ECqAf4wrECqAf7wrEC2AcA0ggvCIBhEAEYnQEyCIqCgICAgIAIOg2AQIDAgICAgKiAAqgDSL39wTpY9c_tm8q4kwOxCfOUFaA_kJp8gAoDmAsByAsBgAwBqg0CWkHIDQHiDRMI7ovum8q4kwMVZvBMAh1U9Q_F6g0TCIOV8JvKuJMDFWbwTAIdVPUPxfANAogO____________AbAO6Ifv5xjYEwzQFQHKFgIKAPgWAYAXAbIXEBgBKgoyOTMxNDY2MjUwUAa6FwI4AaoYFwkAAAAA4BTsQBIKMjkzMTQ2NjI1MBgBshgJEgKWahguIgEA0BgBwhkCCAE&ae=1&gclid=EAIaIQobChMI6fDwm8q4kwMVZvBMAh1U9Q_FEAEYASAAEgLXmfD_BwE&num=1&cid=CAQS4gEABaugfWip0zx0MhYo2BzwF6GTna8fbeSHoyx5oyndlqqjSCySWRwG5Q-zvZnHJnzLlrmKaOyWrR_5U8rqL12nlbszdOaeOOb4kJSadgrvADgWvMXWKQ8WJJWZXeqX8i5PX_HeSQIbQxshmbf1fSP3G_q5a4Dj8-PBRkyrF5FQoFtYhyQTIWjf38ZzcLh5lWnsKnRlzNKQdPlmZojdwM78N1Gt0C08njI_UuPLdlAjZcAvnyAKu3fAvs5zuBW7WKTHKOw6GVLDTreFMPE8ABGRKTEdKYIFR3MapJQfT-kJ86VxGAE&sig=AOD64_0FYDvDYK9FLLxxzg9W2_l3KdXA4A&client=ca-pub-4613881071217662&rf=4&nb=9&adurl=https://motionsystems.eu/products/%3Fgad_source%3D5%26gad_campaignid%3D23466777740%26gclid%3DEAIaIQobChMI6fDwm8q4kwMVZvBMAh1U9Q_FEAEYASAAEgLXmfD_BwE,https://motionsystems.eu/products/?gad_source=5&gad_campaignid=23466777740&gclid=EAIaIQobChMI6fDwm8q4kwMVZvBMAh1U9Q_FEAEYASAAEgLXmfD_BwE,yes,yes,yes,yes,yes
275,https://www.googleadservices.com/pagead/aclk?sa=L&ai=C-azc6xLCaaL3HeK7geAPve22uQ3Rte_8hQHV2qjE5xSBgPS-wgEQASDa8Y4MYIkDoAGW3fC6A8gBCagDAcgDywSqBJoCT9Br0QD2jcMokbbXw0ubymIfvDCE5IyJqwev9LUIZ-QgxrrXC_vIBR4_4oRdxU7mWPucO252eC9ErhQp_vVCS3ZTtDt1pr5hDrHyMlW6bZfrEEn3Lf6iVHOhHT22b39jqiyAlA9uAkmjftxtUsuXNonti87b6b3FGEOT4rG7neClMuG1tpfGY0eEfOaiwUyCuLpjQ7z2Xj-rCYWRM2WL4eEmFMpP5D4hycTqNh-p-OB_FdgqWU2_R_B9p9TmKVXvooamQ0o1mQohAjsl4cjLxmIeP2Nv4pe2BnP3dFQyJj7yCEtOJsVeIFXbJ-y4HL94woVWZ82lxlCOKEFVGwD11-Djh_318ZTf0jzwq1ElH5tghtMLFGoKh5bOwATz0-ixmwSIBbyUzd5EoAYugAfSoo9FqAenzLECqAemvhuoB8zOsQKoB_PRG6gHltgbqAeqm7ECqAeOzhuoB5PYG6gH8OAbqAfulrECqAf-nrECqAevvrECqAfVyRuoB9m2sQKoB5oGqAf_nrECqAffn7ECqAf4wrECqAf7wrEC2AcA0ggwCIBhEAEYnwMyCIqCgICAgIAIOg6AQIDAgICAgKiAAqiDEEi9_cE6WOD6xqnZt5MDsQkvQEJ7i1a8boAKAZgLAcgLAYAMAaoNAkpQyA0B6g0TCL2ex6nZt5MDFeJdAAYdvbYt1_ANAogOCbgT5APYEw3QFQHKFgIKAPgWAYAXAbIXEBgBKgoyMTkzOTU2NDA5UAa6FwI4AaoYFwkAAAAAgMjpQBIKMjE5Mzk1NjQwORgBshgJEgKjUhguIgEA0BgBwhkCCAE&ae=1&gclid=EAIaIQobChMI4pjHqdm3kwMV4l0ABh29ti3XEAEYASAAEgIB7_D_BwE&num=1&cid=CAQS0AEABaugfaeif5MvmLB9RrtbdO8eEVJ63qwZ4b1pg7HqbVuWKum8QH1nHMnZAEa3jP5wKnUAyTYfTEUeqS9zW4v8vVni376p7p8f2fG2yKWvoNui6Tb9RVu5uhXvzZ46N486LFKSVf1J85STiqDpfEvw0yIpUxFcAxyRGM0OzP14zh72GUymvLMoo2_wCWMCpXUj1uNAmGgcVRTgrr3AUFJJ9NXaG8iFoUU0DLDgf5f25FF89Y-1Ykuu7Ne0R1aeoXA-miBY3AwF7xhPztWGIFIqGAE&sig=AOD64_0nYLTPzcrlBnRLtq0TdeZzw64GMw&client=ca-pub-9783515403541006&rf=1&nb=9&adurl=https://www.reit.com/investing/why-invest-reits%3Fgad_source%3D5%26gad_campaignid%3D18452007484%26gclid%3DEAIaIQobChMI4pjHqdm3kwMV4l0ABh29ti3XEAEYASAAEgIB7_D_BwE,https://www.reit.com/investing/why-invest-reits?gad_source=5&gad_campaignid=18452007484&gclid=EAIaIQobChMI4pjHqdm3kwMV4l0ABh29ti3XEAEYASAAEgIB7_D_BwE,yes,yes,yes,yes,yes
276,https://www.googleadservices.com/pagead/aclk?sa=L&ai=C1Ozud0PCacW6O6Gw5t0PxPnU6AnTyeKChgH5guu7-hLRjLikBBABII7L1yJgzYCAgKwDoAGOyOnWA8gBAakCeI032kajiT7gAgCoAwHIAwqqBM8CT9BSKGmVRydNcEsFJDo3A0c-CWr64QKD6fCvkyeKuEDvyn9V7fwhndzYzf0c6FSogVC7EGiinARL2XKWV4SHXdd7IdV3BuYrEVJkt-gfJ5tf2H6EhadbteQXEZgRWCSOTZCmmh72wqGNw4bRt2SmwlaT4ovm11G_rt4h35rvdeuaiM5u6r0WxIc6AciR1tjbCd3b-g_MvJiyfuM64b4fkce3ToeQrpuoal_8YLzAMpHyD4xnGFbzmgZdgRWrMROi-RFf-8_b4XbLPHK0F5hIdYoX877aW73QMRsbW6jxTZ62NLz2Bk74O93I9UGHVTMNEp15wxMk4x3jlbSuI2gTFF0YteEUwYfMlTyn2dKwUpteSxP_hDtvvXIYW7JQPr5Ly8gadOQtdn3EBsFi0QkhUJf8MQ7FIA4-tIeVMAjB-in0HeBPioK5sJfXS0K7Yj7ABLamzrXdBOAEAYgF9dHD4U-AB9q3limoB6fMsQKoB6a-G6gHzM6xAqgH89EbqAeW2BuoB6qbsQKoB47OG6gHk9gbqAfw4BuoB-6WsQKoB_6esQKoB6--sQKoB9XJG6gH2baxAqgH2LaxAqgHmgaoB_-esQKoB9-fsQKoB_jCsQKoB_vCsQLYBwHSCC8IgGEQARidATIIioKAgICAgAg6DYBAgMCAgICAqIACqANIvf3BOliFwfLPh7iTA7EJYvHHMZiztTyACgOYCwHICwGqDQJCUsgNAeINEwjDgvPPh7iTAxUhmLkFHcQ8FZ3qDRMIu830z4e4kwMVIZi5BR3EPBWd8A0CiA7___________8BohNVCjgIA0ABUggKBhIECAEQAWjz3o2DlBByIRIfIAIoATgCQPXRw-FPWAFo_v__________AYABAZgBAxoZChdjYS1wdWItNzMwMTM1NTc0MTE1ODgyMdgTA4gUBdAVAcoWAgoA-BYBgBcBshcOGAEqCjUxMTMzNzU5OTC6FwYIATgBSAGqGBcJAAAAAGjDG0ESCjUxMTMzNzU5OTAYAbIYCRICrFEYASIBANAYAegYAYAZA8IZAggB&ae=1&gclid=EAIaIQobChMIhdL1z4e4kwMVIZi5BR3EPBWdEAEYASAAEgKHyvD_BwE&num=1&cid=CAQS0QEABaugfXTR4Ow9V4XB-XhKlLvkl-3nsYT32jgB0gSpZ9zi8KOFyTI7vmQkf8tp11MX_bf7TvEVg-DbNFS85Pn58GJwUf1yYALG7RAPh6V9uO5n88L_iSMItGxQ4WmZHCsncDWFWWvD4i0MHXEWiBMGdV6sxhzgmW_r_rqTcc94-U0C-HO84Ep7x1_eOH4hiQ05b5hgoR8KdFrbizel9LPsmFRJ2ZsEOP4ZjLg6oZFItjA8i2qEzkTYKhV6IISemqHuJ8eYdhE_mCcoSndu7BIEMhgB&sig=AOD64_2HCt0GIy3wa2tQ8iX_8w6xUYybEw&client=ca-pub-7301355741158821&rf=4&nb=19&adurl=https://adentro.com.br%3Fgbraid%3D0AAAAADraZA772Ds_AMDr8oFzU6CBAYJT3%26devicemodel%3D%26placement%3Dwww.asahi.com%26target%3D%26campaignid%3D21410932981%26adgroupid%3D162515882806%26feeditemid%3D%26extensionid%3D%26targetid%3D%26loc_interest_ms%3D%26loc_physical_ms%3D9198088%26matchtype%3D%26device%3Dc%26gclid%3DEAIaIQobChMIhdL1z4e4kwMVIZi5BR3EPBWdEAEYASAAEgKHyvD_BwE%26keyword%3D%26creative%3D703698911927%26product%3Dint_cloud_g%26kw_term%3D%26tpf1%3Dtrue%26utm_campaign%3Dremarketing-produto-cloud-g%26utm_source%3Dgoogle%26utm_medium%3Ddisplay%26utm_content%3Dsolucao-em-nuvem%26utm_term%3D%26utm_creative_format%3Dbanner%26utm_marketing_tactic%3Dcold-lead%26gad_source%3D5%26gad_campaignid%3D21410932981%26gclid%3DEAIaIQobChMIhdL1z4e4kwMVIZi5BR3EPBWdEAEYASAAEgKHyvD_BwE,https://adentro.com.br/?gbraid=0AAAAADraZA772Ds_AMDr8oFzU6CBAYJT3&devicemodel&placement=www.asahi.com&target&campaignid=21410932981&adgroupid=162515882806&feeditemid&extensionid&targetid&loc_interest_ms&loc_physical_ms=9198088&matchtype&device=c&gclid=EAIaIQobChMIhdL1z4e4kwMVIZi5BR3EPBWdEAEYASAAEgKHyvD_BwE&keyword&creative=703698911927&product=int_cloud_g&kw_term&tpf1=true&utm_campaign=remarketing-produto-cloud-g&utm_source=google&utm_medium=display&utm_content=solucao-em-nuvem&utm_term&utm_creative_format=banner&utm_marketing_tactic=cold-lead&gad_source=5&gad_campaignid=21410932981,no,no,no,,no
277,https://www.googleadservices.com/pagead/aclk?sa=L&ai=CxC9wKwfCadOhFvL59NkP3I6-oQTF_IWnggG79r2GphOt-pmkBBABIJaj7qQBYJsDoAH-xKW0KMgBBuACAKgDAcgDCqoEzQJP0JQXcJYm1Prp16cgpum7loRZky5uIxp--GcQHflIurCJAjL8azBo-3VY1O3O-6Wn55RYSMU6fGhixY0AV6vqHBibb1ZUibsAqRa5HOtr7RpgMXbp96f4rOq_jDh7vENdH-lXm1hKoCe2xFuhYBsrP1XNL5AB2hIr-i7dWSRGnI_NcTB6YOQnKuz6Yv1rwuImXHKHza_diwzPf80gW3yqjHCJKYBsRpwvripI3dqL87Rj-RHtx-5Bxq-Rz_r1QLHFBaFb4sS4lnDwdRQQkcYEQhHf3jyVxDGlIfSQX8PEi-rhvQTHN0BDisrsqPLKLsKwo1wS9nOshdFrzz2kuHQOL5p8IovHh0OYb4nToc_8Zrs1KcUC9ztDfirpBBsml4FCxL6cIVzZSRAVBz6Uy1oQWrbRGnQs4iOzWi1fjP8UNeBZFYsfR6iZriKX8YvABJ777Pr1BOAEAYgF9aaWz1GAB_789ZMDqAenzLECqAemvhuoB8zOsQKoB_PRG6gHltgbqAeqm7ECqAeOzhuoB5PYG6gH8OAbqAfulrECqAf-nrECqAevvrECqAfVyRuoB9m2sQKoB5oGqAf_nrECqAffn7ECqAf4wrECqAf7wrEC2AcB0ggvCIBhEAEYnQEyCIqCgICAgIAIOg2AQIDAgICAgKiAAqgDSL39wTpY_oWSj863kwOxCTQ96-I3_MMggAoDmAsByAsBqg0CS1LIDQHiDRMIgK-Sj863kwMV8jw9BR1chy9E6g0TCPXtlI_Ot5MDFfI8PQUdXIcvRPANAogO____________AdgTCogUA9AVAcoWAgoA-BYBgBcBshcOGAEqCjc1MDk5NjUyMTW6FwI4AaoYFwkAAAAAMLECQRIKNzUwOTk2NTIxNRgBshgFGAEiAQDQGAHCGQIIAQ&ae=1&gclid=EAIaIQobChMIk-OVj863kwMV8jw9BR1chy9EEAEYASAAEgKkWfD_BwE&num=1&cid=CAQS4wEABaugfQgusvC766kGSFPVMQYMCFivhyg3Kez-nRMM6mFRipKZ--FmmEDgD92pUN8vdode1kGfnugmebM_nGhJxgoV2BNqv4lZvV61T8-TTf05dWs2-av1oQA8pCRmCfDTCgPu7iGEh9gw904lZsoPz2a3b2EpkT77jdZG2UzyJJ1-i4bNUhffELJ1tRqOAzK1Mu-zWCNScnz3id0va60GzUuFs8HwyhYyL_Y9wx_GdCAWDj5OquMMkQuVdDDRpqORtayAbC-ONQtc8lorTZqLPZGZmZjYUyDnMDr89uKoB7z3dRgB&sig=AOD64_11p4n5lSOZPzs_f60EB6qRi8XHqQ&client=ca-pub-3872674820285626&rf=4&nb=2&adurl=https://www.ssh.com/products/privileged-access-management-privx%3Fcampaignid%3D21909312373%26adgroupid%3D169103539614%26adid%3D721322311085%26utm_medium%3Dcpc%26utm_source%3Dgoogle%2520ads%26utm_term%3D%26utm_campaign%3DDisplay%2BAds%26hsa_src%3Dd%26hsa_kw%3D%26hsa_mt%3D%26hsa_acc%3D8181183584%26hsa_grp%3D169103539614%26hsa_ad%3D721322311085%26hsa_cam%3D21909312373%26hsa_tgt%3D%26hsa_net%3Dadwords%26hsa_ver%3D3%26gad_source%3D5%26gad_campaignid%3D21909312373%26gclid%3DEAIaIQobChMIk-OVj863kwMV8jw9BR1chy9EEAEYASAAEgKkWfD_BwE,https://www.ssh.com/products/privileged-access-management-privx?campaignid=21909312373&adgroupid=169103539614&adid=721322311085&utm_medium=cpc&utm_source=google%20ads&utm_term=&utm_campaign=Display+Ads&hsa_src=d&hsa_kw=&hsa_mt=&hsa_acc=8181183584&hsa_grp=169103539614&hsa_ad=721322311085&hsa_cam=21909312373&hsa_tgt=&hsa_net=adwords&hsa_ver=3&gad_source=5&gad_campaignid=21909312373&gclid=EAIaIQobChMIk-OVj863kwMV8jw9BR1chy9EEAEYASAAEgKkWfD_BwE,,,,,
278,https://www.googleadservices.com/pagead/aclk?sa=L&ai=CHKNRVXDCaa24B9-P29gP9LiC0Qzj4fSGhgHn26rvwhXWqsu7jQ4QASD719QfYMfdgI6EJqAB56ndvj_IAQHgAgCoAwHIAwqqBIkDT9D4HnGSTzQN0b7YrQDSmE_Dpox0t6gPQwhnrMgJdQSxDcRru31_XLCssASKVLNVBipAU-auOh5ye_TBe21kxcKx53JokYy5TKdkIe_V4c3R9JXFhQcGLvlKTRlxbwxrF7ckc-TqsMWqJ5L_rCTZRcPb5XIV6YSruCRilv1Km721L8ZI1_u0WW9xPSMb_YZHWBZtu10hwynu-4z7mVmvE7RJMqRKyyAT10JZH1E4e4HMA96NOqAYh6_9Lid7graV7-vX_2SsvwT7IX2hPsJ8bd6HULYIY_jABXSh6TBvSNAg-C7ZcC4WR9u4_vea3axu4Pvw5a6FG1zQkqHKom1IBVIWY0tCA0QFYVb4PUiS1TRG3BSGmn_jSJH5Tc8UlnCg54_Cd8N2HMrfnUpifzwBk7LhIKNjLW6HNCqdj9g5fSXVSC2aVA-35YOJjSSA54VwnPgj3J0QCPNAUQk4lzVMq_-OKVd9aQ1skXvDsNVwB3b-et5lFRggVcCb76eLTsVzf3-yA8DSrFOswATKxbCrwgXgBAGIBbnx1JVYgAfn4a2eGqgHp8yxAqgH4tixAqgHpr4bqAfMzrECqAfz0RuoB5bYG6gHqpuxAqgHjs4bqAeT2BuoB_DgG6gH7paxAqgH_p6xAqgHr76xAqgH1ckbqAfZtrECqAeaBqgH_56xAqgH35-xAqgH-MKxAqgH-8KxAtgHAdIILwiAYRABGJ0BMgiKgoCAgICACDoNgECAwICAgICogAKoA0i9_cE6WKP3t7SyuJMDsQn5EMDs2Oo68oAKA5gLAcgLAaIMA5ABAaoNAlpByA0B4g0TCMy5uLSyuJMDFd_HFgUddJwgyuoNEwj03rq0sriTAxXfxxYFHXScIMrwDQKIDv___________wHYEw2IFALQFQGYFgHKFgIKAPgWAYAXAbIXDhgBKgo2NjU2MTE4MDY5uhcCOAGqGBcJAAAAAABjHkESCjY2NTYxMTgwNjkYAbIYCRIC9k4YASIBANAYAcIZAggB&ae=1&gclid=EAIaIQobChMI7ba7tLK4kwMV38cWBR10nCDKEAEYASAAEgLK4fD_BwE&num=1&cid=CAQS0AEABaugfWstvQ84NQ3g-f6TbUf9EuQfA5p3YyxZHCQllQbNSeyVqkPL0v1OFxKbH-R6j4SJuFcOgtrInVA2q3ZxjS9nhrlnIb3tgJLcclBKzNOiWbq88sV1i3qb54szfplfu63ayc6Uuh5Mod9zdrofwi5b9_JVZgmsbbkmVKygLZHQNeBkE3ohz6lLokt5GAHTOcwGRsxW1NzsiT1ZvNad3o2vobQe6WHlbd1pglsas0Tqy5oHnPclqVzRqQxnELtSBtCwpv3-_BYrGeP64x6LGAE&sig=AOD64_2daUgt90hdEkhjdmZuzWR8orkY3w&client=ca-pub-9867995726204524&rf=4&nb=0&adurl=https://localsecrets.co/article/a-guide-to-insurance-company-ratings-and-reviews%3Flid%3D9efa60073a1df490d6bf1a7020addb7f%26gad_source%3D5%26gad_campaignid%3D23667751097%26gclid%3DEAIaIQobChMI7ba7tLK4kwMV38cWBR10nCDKEAEYASAAEgLK4fD_BwE,https://localsecrets.co/article/a-guide-to-insurance-company-ratings-and-reviews?lid=9efa60073a1df490d6bf1a7020addb7f&gad_source=5&gad_campaignid=23667751097&gclid=EAIaIQobChMI7ba7tLK4kwMV38cWBR10nCDKEAEYASAAEgLK4fD_BwE,,,,,
279,https://www.googleadservices.com/pagead/aclk?sa=L&ai=CnCLb3GvCafvoN_ShjeYPkeipgA6K8LWDgQGVn5zoyhShpvjz0B0QASDo5YkTYMfdgI6EJqAB1OTltSjIAQmpAvbAWSQgqm8-4AIAqAMByAMKqgT5Ak_QYKoUTEPerwpKbqTh_jZLerldx1WK19DESyl0308O5uN8TMUscXrKXjnDiODPu08x-tTfQ9NQSHx7tUYeGmWzKTyBzrxtbtCBESyEuRXbXuhrweMn9etWMiL9AfAH6Sy75WeUByaSyZefcfBE5gIR4YkMnc67wy8Mjyp_B0hWPNbpPWfIuPPS-CDSM_Pp6n7KeEszp-3ct8FmkMr6dyMNvAXHM-RhnWFD1ysNqz9rcg_F9y843BZpk7x3W3UdHFF6Z-Jl1YKa4P514O2eb8YcsdBcjsZ-OT_ZVqZzUBP4TNmSP_nC5pQiWKsO2AkxbAFKAvA-OrUYizsp4kj9nb3S8LCPtoSsYDlpn6q6MD2kUPdWyF3dz5HRyqOxVrvS6C93KlhNtdRo9MzAiGzsOLwr-SvWtItcxMlYYC6OV4P7PCdJPT2cbH_CLPRIfO-532ETCxibQtvpBYOZgO3Z9AeuKWbKlPS_fOUtV3hosffN12boY-Fd9U5EwAS8he_LqgXgBAGIBZDF1opVoAYugAfUnLaVA6gHp8yxAqgH4tixAqgHpr4bqAfMzrECqAfz0RuoB5bYG6gHqpuxAqgHjs4bqAeT2BuoB_DgG6gH7paxAqgH_p6xAqgHr76xAqgHmuGxAqgH1ckbqAfZtrECqAeaBqgH_56xAqgH35-xAqgH-MKxAqgH-8KxAtgHANIIMgiA4YAQEAEYnQEyCKqCgICAgIAIOg6AwAOAgISAgJSu4AOoB0i9_cE6WM-97JKuuJMDsQkDP8bHWHz4uYAKA5gLAcgLAYAMAaIMA5ABAaoNAlpByA0B4g0TCJ7h7JKuuJMDFfRQwwYdEXQK4OoNEwiLpO6SrriTAxX0UMMGHRF0CuDwDQKIDv___________wGwDpaHwsoYuBPkA9gTC9AVAZgWAcoWAgoA-BYBgBcBshcOGAEqCjE5OTg4MTQwNTa6FwI4AaoYFwkAAAAAUCv1QBIKMTk5ODgxNDA1NhgBshgJEgK3UBguIgEA0BgBwhkCCAE&ae=1&gclid=EAIaIQobChMI-8bukq64kwMV9FDDBh0RdArgEAEYASAAEgJ7APD_BwE&num=1&cid=CAQSbwAFq6B9QTEETznVwOWnIHjK2R1iUSLoV-5pwxI34SY0jzGRJu1IoLuks6c5ahyvPNhJwPv9Y60EqCjd7Sq7S-PcSAejBkobNgTj5qjnNxkhIJaHxmjnjj1SH4DmQZthO3faNmxp4bAGnKcIuvCkPxgB&sig=AOD64_1n_umGXt-8Gw26Zfyd3L-eOvbkqw&client=ca-pub-2615941022292182&rf=4&nb=9&adurl=https://herholdts.co.za/bi414/Sigenergy/%3Fgad_source%3D5%26gad_campaignid%3D22839403152%26gclid%3DEAIaIQobChMI-8bukq64kwMV9FDDBh0RdArgEAEYASAAEgJ7APD_BwE,https://herholdts.co.za/bi414/Sigenergy/?gad_source=5&gad_campaignid=22839403152&gclid=EAIaIQobChMI-8bukq64kwMV9FDDBh0RdArgEAEYASAAEgJ7APD_BwE,,,,,
280,https://www.googleadservices.com/pagead/aclk?sa=L&ai=C5BSWIRHCaeX5HJuPjeYPyIq6wQnchpD3hQGAn4fNgRWuAhABILqEwDNgmwOgAZzEgq0oyAEGqQIs_T_KwRYHPuACAKgDAcgDCqoEsgJP0EO71HCsyY_LmYgcO_W-pawypzqsIHzpEXFUM326bBaDPC50l77c00naWoCpt-vKCR-3OOa_ge48eQLSQkwR7_IEGIw6n2DAljRSpBtJF3peVSBiOYZ7KtxH_fxbSN5lj6x4xanUZF36DztcbG4NbdQebdsLLaJOuat1RAtrgnD6dtnts_oQ7A4C5eIudNW6kPBFKVxZtse06erv8xdLlxu39x0liLV_EwX8LycNtbucSJzXf1typJA1cuLz5AIXmbDAsuZJ8JpewAxcghUd0iTTlovMPlEeKVoS7c5wJVYPZh0Gt7rKnvWQM312IT57ZH1ZPQ7EJ8KslzKmOnTtOoD9BtXbTnHzOQXG07kmyv5bTpdFY-zX34A3uMQUwvQ5QVt2wAgBur7nqapCHbxpBerABMvXtZz5BOAEAYgFl9rY2lCAB5z80owDqAenzLECqAfi2LECqAemvhuoB8zOsQKoB_PRG6gHltgbqAeqm7ECqAeOzhuoB5PYG6gH8OAbqAfulrECqAf-nrECqAevvrECqAfVyRuoB9m2sQKoB5oGqAf_nrECqAffn7ECqAf4wrECqAf7wrEC2AcB0ggvCIBhEAEYnQEyCIqCgICAgIAIOg2AQIDAgICAgKiAAqgDSL39wTpYhq-Rz9e3kwPyCBthZHgtc3Vic3luLTYwNTk2NTk1NjA2NTQ2NTWxCUGltD0sBb8xgAoDmAsByAsBogwDkAEBqg0CS1LIDQHiDRMI2eeRz9e3kwMVm0fDBh1IhS6Y6g0TCOPKk8_Xt5MDFZtHwwYdSIUumPANAogO____________AdgTDYgUAdAVAZgWAcoWAgoA-BYBgBcBshcOGAEqCjc4Njk4OTU4NzO6FwI4AaoYFwkAAAAAoDvnQBIKNzg2OTg5NTg3MxgBshgJEgKJVBgBIgEA0BgBwhkCCAE&ae=1&gclid=EAIaIQobChMIpY6Uz9e3kwMVm0fDBh1IhS6YEAEYASAAEgLdffD_BwE&num=1&cid=CAQS0AEABaugfZALWiE9wXjojZ_l09nk-09Mb7lJhFVph-Ni_ADI82up3WDS2fMcAe8WEt0pD1FoiMNGRuNhUyFFlEzoolwFmpboWVXKT1rU_yI1umrxZ4fQaV7W_C9JFvjrcuEK5IPJiwk-Wms8KUwinp158vBrBaYhqFeC3LhbaTJKfhGeTI9VVKibeHais1_SVsD7TvPrIzeKQcL7tZ2J_pYmUgz76jKEHkOXtbTkXt4h72dm9fiBQTWJ8uTeFn3t79XA5aS2q18fFcrxX9weW-O7GAE&sig=AOD64_1emMSQiCI_NgQwX8qHHEBLCAhiSQ&client=ca-pub-8933329999391104&rf=4&nb=2&adurl=https://www.hicampus.co.kr/%3Futm_source%3Dgdn_pc%26utm_medium%3D%25ED%2595%2598%25EC%259D%25B4%25EC%25BA%25A0%25ED%258D%25BC%25EC%258A%25A4%26utm_campaign%3DPC%26utm_content%3D25%25EB%2585%258412%25EC%259B%2594%25ED%2595%2598%25EC%259D%25B4%25EC%25BA%25A0%25ED%258D%25BC%25EC%258A%25A4_%25EC%2583%2581%25EC%258B%259C_img_01%26gad_source%3D5%26gad_campaignid%3D21665033495%26gclid%3DEAIaIQobChMIpY6Uz9e3kwMVm0fDBh1IhS6YEAEYASAAEgLdffD_BwE,https://www.hicampus.co.kr/?utm_source=gdn_pc&utm_medium=%ED%95%98%EC%9D%B4%EC%BA%A0%ED%8D%BC%EC%8A%A4&utm_campaign=PC&utm_content=25%EB%85%8412%EC%9B%94%ED%95%98%EC%9D%B4%EC%BA%A0%ED%8D%BC%EC%8A%A4_%EC%83%81%EC%8B%9C_img_01&gad_source=5&gad_campaignid=21665033495&gclid=EAIaIQobChMIpY6Uz9e3kwMVm0fDBh1IhS6YEAEYASAAEgLdffD_BwE,,,,,
281,https://www.googleadservices.com/pagead/aclk?sa=L&ai=C_dS0wi3Bae6iI_Cc3NMPy-XLkQftmL6IhgHQh8X0jBWwkB8QASCkhPwdYImLxIT0E6ABnOHSqT3IAQmpAhJdRpm78Do-4AIAqAMByAPLBKoEwgJP0JZ3AiDqB-DAA9m6vKPhUqapK8vpvJtFOXGGj-Xk9DKQdbr08Pg5C6ydljPCZZm9bWNlt5ZruyzX2BIS3BLLzThPRSkRtRee80Iw6FzO9ZfT-GA7A30fCYqKYsdo3TOlfte4EvjIVP7htDyPrk9Nsi7o2z0hvI-9MnRNPQndXdCC6dqWWSz0np510PgzHiTrGo_N0j1Bi3AQ2ywf2WuBq5UpHVaS5Joj04FowJm5isKudB__TobQg6Qnr0efaDfC4iVsVgFgjwYI_Rtl0CLbeA5HQEdcu6AF5loB_UDQj08PZGfl3SXa5cEnLMkIAVLT17kXxJP0kbSUF4CkSquXtrYUQH62JQs3wF07paJ7VrZjlGwGC4gBLP77NlhE6O88VcM5hPXcVHMIEy-KltdBXBqOIWW7skdPz72k-AbzxJxswATFmJfFiwXgBAGIBd2E8utSoAYugAecmaOJGKgHp8yxAqgH4tixAqgHpr4bqAfMzrECqAfz0RuoB5bYG6gHqpuxAqgHjs4bqAeT2BuoB_DgG6gH7paxAqgH_p6xAqgHr76xAqgH1ckbqAfZtrECqAeaBqgH_56xAqgH35-xAqgH-MKxAqgH-8KxAtgHANIIMgiA4YAQEAEYnQEyCKqCgICAgIAIOg6AwAOAgISAgJSu4AOoB0i9_cE6WKHR9uP-tZMDsQlv6nlKZtrZKoAKA5gLAcgLAYAMAaIMA5ABAaoNAkpQyA0B4g0TCKWC9-P-tZMDFXAOdwQdy_IycuoNEwid2Pjj_rWTAxVwDncEHcvyMnLwDQKIDv___________wHYEw3QFQGYFgHKFgIKAPgWAYAXAbIXDhgBKgozMTUzMTY0MjI0uhcCOAGqGBcJ_____w-o_kASCjMxNTMxNjQyMjQYAbIYCRICqE4YLiIBANAYAcIZAggB&ae=1&gclid=EAIaIQobChMI7ov54_61kwMVcA53BB3L8jJyEAEYASAAEgKnX_D_BwE&num=1&cid=CAQSbwAFq6B9kr2_3iqmXm5zmsetS0imArC1CmIUQSEypzll-Sg64cpA3iZn76_2HR_yhLns-oq-TBgdTpezcwLI8TxdyzzDu7MG1Kww8qIvkVvGC730lRpT97i6IGcjFRB2cPkjgnm-kMdSqAkcPmR9MBgB&sig=AOD64_2JJ6AqmCWCZt0snY3ythB5aTDouA&client=ca-pub-6597645848653118&rf=1&nb=9&adurl=https://www.volkswagen.co.jp/ja/models/t-cross.html%3Fcampaign%3D22237971037%7CD_CV_GDN_AlwaysOn_T-Cross_find%26language%3DJA%26adchan%3Ddisy%26publisher%3DGGDN%26country%3DJP%26adplt%3Dpdisp%26cpid%3D22237971037%7C174896565317%26adver%3D5172%26format%3DIMGTX%26adpay%3Dpd%26gad_source%3D5%26gad_campaignid%3D22237971037%26gclid%3DEAIaIQobChMI7ov54_61kwMVcA53BB3L8jJyEAEYASAAEgKnX_D_BwE,https://www.volkswagen.co.jp/ja/models/t-cross.html?campaign=22237971037|D_CV_GDN_AlwaysOn_T-Cross_find&language=JA&adchan=disy&publisher=GGDN&country=JP&adplt=pdisp&cpid=22237971037|174896565317&adver=5172&format=IMGTX&adpay=pd&gad_source=5&gad_campaignid=22237971037&gclid=EAIaIQobChMI7ov54_61kwMVcA53BB3L8jJyEAEYASAAEgKnX_D_BwE,yes,yes,yes,yes,yes
282,https://www.googleadservices.com/pagead/aclk?sa=L&ai=Ch7mmtg3CaaOMMOSevcAPnJW6EPql0YmGAayyoZb-FILQmISoRhABIJS5qCFgmwOgAf-_rP8DyAEG4AIAqAMByAMKqgTGAk_Qw-yqQRvqEV7bBkl5K8N9smFlWo6lHjb7AA31rFENURfitAgMSH3xoNR5gJf6jjREdnyzU70qKGMUuR0zrlL4owsalB5TJDId6JLfMMDA55lchrC8K0Vzv9EzF7eRY8p_Xe5vUDIaNdmRY6W0V7SJ1mc0MxSV5dlWGt6OJy2ixsW3GggT2rQHoWuRTv4V_2FFBzUNjOpJaNW2uBgfdW7ONI13gcK5ai6eKWZ1hhKXhCNVKLOhq5xn4pwdjGrOm0yTSw0M78gRK4dd9lPpA7-xtosn_nVw32drO0aB97DXflfPc-6LE2lEZ_hxb_TE5CgbaE4Dj-FasLJWxJrzXzBrnFgqWFM3sSHjSQl9Zj1WAutyLSg5xw6Nis3mb4mYJiB6xVJDCKFkG1eYkYdSVFUZcbopbuiLHUbyOEtkGBSKB7jAe6g-wATitbDt9ATgBAGIBduw6bhSoAY3gAfpv1OoB6fMsQKoB-LYsQKoB6a-G6gHzM6xAqgH89EbqAeW2BuoB6qbsQKoB47OG6gHk9gbqAfw4BuoB-6WsQKoB_6esQKoB6--sQKoB9XJG6gH2baxAqgHmgaoB5jFsQKoB_-esQKoB9-fsQKoB_jCsQKoB_vCsQLYBwHSCDIIgOGAEBABGJ0BMgiqgoCAgICACDoOgMADgICEgICUjuADqAdIvf3BOljrzoSu1LeTA5oJGGh0dHBzOi8vd3d3LnRpcmVyYWNrLmNvbbEJvo33v3_QGCeACgPICwHgCwGiDAOQAQGqDQJLUsgNAeINEwiusYWu1LeTAxVkTw8CHZyKDgLqDRMIoY6IrtS3kwMVZE8PAh2cig4CiA7___________8BsA6dheKIGNgTC9AVAZgWAcoWAgoA-BYBgBcBshcOGAEqCjY3MDQ1MjE2MDa6FwI4AaoYFwkAAAAAsA8JQRIKNjcwNDUyMTYwNhgBshgJEgLeTxg3IgEB0BgBwhkCCAE&gclid=EAIaIQobChMIo7-JrtS3kwMVZE8PAh2cig4CEAEYASAAEgIOv_D_BwE&num=1&cid=CAQSgQEABaugfYIktgncTqbvNJkp98cq0nBMN-zvG_erK3IBQSoOQUIdiVt2argqd15ofgwOOtJaeInVTW5-7gM913b8MwvhdOk3NKR2eejO9Rfc1Ecjz2ZKBIVKAak5tWBvfMvzCynmxemmKm3JF5mdVTTPeYEn0mx2xEgJjJLgcEMCJ6kYAQ&sig=AOD64_3Qj5MGfbgaLQiqcr2eKhn-icv9eg&client=ca-pub-4649506106662644&nx=CLICK_X&ny=CLICK_Y&uap=UACH(platform)&uapv=UACH(platformVersion)&uaa=UACH(architecture)&uam=UACH(model)&uafv=UACH(uaFullVersion)&uab=UACH(bitness)&uaw=UACH(wow64)&uafvl=UACH(fullVersionList)&nb=9&adurl=https://ad.doubleclick.net/searchads/link/click%3Flid%3D58700008257038412%26ds_a_cid%3D368081%26ds_a_caid%3D19633930446%26ds_a_agid%3D%26ds_a_fiid%3D%26ds_a_lid%3D%26ds_a_extid%3D%26%26ds_e_adid%3D%26ds_e_matchtype%3D%26ds_e_device%3Dc%26ds_e_network%3Dx%26ds_e_product_group_id%3D%26ds_e_product_id%3D%26ds_e_product_merchant_id%3D480351%26ds_e_product_country%3D%26ds_e_product_language%3D%26ds_e_product_channel%3Donline%26ds_e_product_store_id%3D%26ds_url_v%3D2%26ds_dest_url%3Dhttps://pixel.everesttech.net/3756/cq%3Fev_sid%3D3%26ev_ln%3D%26ev_lx%3D%26ev_crx%3D%26ev_mt%3D%26ev_n%3Dx%26ev_ltx%3D%26ev_pl%3D%26ev_pos%3D%26ev_dvc%3Dc%26ev_dvm%3D%26ev_phy%3D9061320%26ev_loc%3D%26ev_cx%3D19633930446%26ev_ax%3D%26ev_efid%3D%7Bgclid%7D:G:s%26url%3Dhttps://www.tirerack.com%253Fef_id%253D%257Bgclid%257D:G:s%2526s_kwcid%253DAL!3756!3!!!!x!!%2526gclsrc%253Daw.ds%2526gad_source%253D5%2526gad_campaignid%253D22130874459,https://www.tirerack.com/?gclid=EAIaIQobChMIo7-JrtS3kwMVZE8PAh2cig4CEAEYASAAEgIOv_D_BwE&ef_id=EAIaIQobChMIo7-JrtS3kwMVZE8PAh2cig4CEAEYASAAEgIOv_D_BwE:G:s&s_kwcid=AL!3756!3!!!!x!!&gclsrc=aw.ds&gad_source=5&gad_campaignid=22130874459,yes,yes,yes,yes,yes
283,https://googleads.g.doubleclick.net/aclk?sa=l&ai=C5JELW_rAadakJd6gjeYPxfiniQ6qrrWGhgHflfCesRWAjqGV5RoQASDmtM-ZAWCJi8SE9BOgAaqC8NwByAEC4AIAqAMByAMIqgT0Ak_Q8JHkPU4-EInfZ-9e_L9lc_6IXf5fDzpHzymSASb5AuLtv-6pCnux7dN8ZIQ7Bw44Jo9_FD-vSWT-inORtSvFKhKIQ4dcPBvO0t3rvjNRKqMq0KvdxylzhVRRFIBoaMa8x6ioKA54CQFhXAxJv7dH82nRsjNsKlC5E9nNq0UDg2zpojqHXIvZlyrMiZ_NYo3zHtp0Tit3p6H_ib6dZdZCRXRijqFHQkcIzTIKPdCqgXM8jZ-ETIY-hNBuH9Z8JQaWEUh2pCqYWWsWmfixaM_B-1E-IXRiU-Fy5XM6HYtyf2x2J-45IUf4GboriB0lgVcZGzZJ3ucZ1T9MmJ6E0PoWacOshZxlLTEcVsz3AYvkFmQyTDVJ3eNMUhbWQcAEoH86N3jjT_7jtminlMbaVYjAOUpUW5Q9AVIN-jy9xngiQXix3gM5pYtc_dOJ3135isFzrwQdVKj3ko9L9TLJTucXP732PLRFWsOwh7v7Mhq7gvIHFcAEvfOd1NMF4AQBiAX91fmNWKAGAoAHvv2PowKoB6fMsQKoB-LYsQKoB6a-G6gHzM6xAqgH89EbqAeW2BuoB6qbsQKoB47OG6gHk9gbqAfw4BuoB-6WsQKoB_6esQKoB6--sQKoB9XJG6gH2baxAqgHmgaoB_-esQKoB9-fsQKoB_jCsQKoB_vCsQLYBwHSCDIIgeGAYBABGJ0BMgjLioCAgICACjoOgIAEgMCAgICAqIACqANIvf3BOlj5xKDhzbWTA7EJ8Ww7hPU5F9uACgOYCwHICwGiDAOQAQGqDQJKUMgNAeINEwjo6KDhzbWTAxVeUMMGHUX8KeHqDRMIwf-g4c21kwMVXlDDBh1F_Cnh8A0CiA7___________8B2BMN0BUBmBYByhYCCgD4FgGAFwGyFw4YASoKNTEwMzg3OTQ4M7oXAjgBqhgXCQAAAABgbBVBEgo1MTAzODc5NDgzGAGyGAkSAotPGAIiAQDQGAHoGAHCGQIIAQ&ae=1&gclid=EAIaIQobChMIlr6h4c21kwMVXlDDBh1F_CnhEAEYASAAEgLjtfD_BwE&num=1&sig=AOD64_2rb3sfrx5g1qiOjDzYbz51fjgpgQ&client=ca-pub-3677668629134422&rf=5&nx=CLICK_X&ny=CLICK_Y&uap=UACH(platform)&uapv=UACH(platformVersion)&uaa=UACH(architecture)&uam=UACH(model)&uafv=UACH(uaFullVersion)&uab=UACH(bitness)&uaw=UACH(wow64)&uafvl=UACH(fullVersionList)&nb=2&adurl=https://plan.yoga-go.io/%3Fbranch-name%3Dtaichi%26link-id%3Dgo31mmc%26gender%3Dfemale%26skip-general%3Dtrue%26utm_source%3Dgoogle%26utm_medium%3Dcpc%26campaign_id%3D23651576573%26adgroup_id%3D194255485373%26ad_id%3D800693495452%26utm_term%3D%26placement%3Dwww.express.co.uk%26timer_reset%3Dtrue%26gad_source%3D5%26gad_campaignid%3D23651576573%26gclid%3DEAIaIQobChMIlr6h4c21kwMVXlDDBh1F_CnhEAEYASAAEgLjtfD_BwE,https://plan.yoga-go.io/onboarding?branch-name=taichi&link-id=go31mmc&gender=female&skip-general=true&utm_source=google&utm_medium=cpc&campaign_id=23651576573&adgroup_id=194255485373&ad_id=800693495452&utm_term=&placement=www.express.co.uk&timer_reset=true&gad_source=5&gad_campaignid=23651576573&gclid=EAIaIQobChMIlr6h4c21kwMVXlDDBh1F_CnhEAEYASAAEgLjtfD_BwE,,yes,yes,,yes
284,https://www.googleadservices.com/pagead/aclk?sa=L&ai=CfxCWp2TCabfbC5Shid4Pq7qOmQWFz-b8hQGd-pypsRXd2R4QASCM95YmYMfdgI6EJqABjOOS_gLIAQmpAlPC9pMhz28-4AIAqAMByAMKqgTBAk_QVfYoXxyGWLDEtzXIgU95JYn37mEvAdgrsVAPwS_xHtJ45RKrRGtz1qlblBXtNQQCb-n3ugYYwAvZSx97j8D-mZBXDpyov1fJm8uwzkJ98amskBDCx-baWQCbxxUc7Wat6GCfLjHbr7cy7rT1jA6nqCSnHXPP4aq-vfncYjCm--ZzhMiaqYk04_OUOmUgLIcJVZEmLgPJEnMSFM5eH452lOPYHpWBJIsM8X82o5jRBPIARTJdJedf8cZqISC3EjSIM_SMso8fGFgXFRH1AKu1L5VibZnTM4I9yXxPzjaetCjHgRAUtuFnfhD5N2RmnHw3H8MQY9fGfBJrT1VeJq6bHGoCS6F1ESvrR8Nq4UWhZpBwRk7FQbfzjeLRettj8rDecNOGd_4cLWk9xQHb518TbuwePv69EHg4LO_d0-j-RsAEo9Ok5eUF4AQBiAXkiMvsV6AGLoAH3JztgQGoB6fMsQKoB6a-G6gHzM6xAqgH89EbqAeW2BuoB6qbsQKoB47OG6gHk9gbqAfw4BuoB-6WsQKoB_6esQKoB6--sQKoB9XJG6gH2baxAqgHmgaoB_-esQKoB9-fsQKoB_jCsQKoB_vCsQLYBwDSCC8IgGEQARidATIIioKAgICAgAg6DYBAgMCAgICAqIACqANIvf3BOlirjN6ip7iTA7EJjHVj1OKaR02ACgOYCwHICwGADAGqDQJaQcgNAeINEwjmyN6ip7iTAxWUUMIFHSudI1PqDRMIsJPgoqe4kwMVlFDCBR0rnSNT8A0CiA7___________8B2BMDiBQB0BUByhYCCgD4FgGAFwGyFw4YASoKMTkwODc1NzM3OboXAjgBqhgXCQAAAACU7RZBEgoxOTA4NzU3Mzc5GAGyGAkSAu1OGC4iAQDQGAHCGQIIAQ&ae=1&gclid=EAIaIQobChMI98rgoqe4kwMVlFDCBR0rnSNTEAEYASAAEgKdTfD_BwE&num=1&cid=CAQS0QEABaugfeNrCBq3wAki-5XhUrXepmh5o_6Xt-0us3rHyOkLvC6tg_yr2YXzjPpHuu3UtUM0SGxSHv53EM8u9goSOzcb58mcTcIavYJVOMPyRsSP1CFwCw0Gz_yXOV9p6JXC-u2r8UJvv9ET1PIlfK2lwn4SocQmm35MUP8slS0OT1H5y_EufLM8jWA5BjKOy6GWFBj9KEjMu7HlW5JqrkWpaM_SV1-ki86VkvkQnhzV28ycCARgHUBClgkhXb2NrnwyRg7VErmKsApUo8mnWZAovxgB&sig=AOD64_0Hoz17oaLwx4GkWRavN0s4yY8bBQ&client=ca-pub-6554330019384808&rf=4&nb=9&adurl=https://inn8.co.za/for-clients%3Fgad_source%3D5%26gad_campaignid%3D23581607012%26gclid%3DEAIaIQobChMI98rgoqe4kwMVlFDCBR0rnSNTEAEYASAAEgKdTfD_BwE,https://inn8.co.za/for-clients?gad_source=5&gad_campaignid=23581607012&gclid=EAIaIQobChMI98rgoqe4kwMVlFDCBR0rnSNTEAEYASAAEgKdTfD_BwE,,,,,
285,https://www.googleadservices.com/pagead/aclk?sa=L&ai=CtuFJG2fCaeDiLo250-kP0sSy8Aqqw97ZhQHE0O3T6BJkEAEg07HfTWDH3YCOhCagAYnfluECyAEJqQJbIZuyYxQ7PuACAKgDAcgDCqoEvwJP0MxpKLR8pXMWlF7aSczltaIcF2F1LP9OD3YBAE1gcMlTxNEgX4QXTA8dgUPhFH-N0OLoFTsSl9NHsGy6SjXbOZvrdH-AvIMXPE1MmhZJpaN6cRoalR_UNspXZM-bbu1OhSOTfBL-AXwvPN8JjwY8_NwDAFPfu_8xYvGKkRpkkAY5HLZD0th00VenS1n4dgDG2Q0WHpSZopWZ3O-IpTsrM2GfLMs4xkID8h1rhSCaLiVp5Nkqqec6uX-HBqYpqKixIE8yWu7ej4bLlOk2AhnrQZ9AYVGGDBcb5tfqZoMIqqWiXU5RsTnSpWn49tUu0Ft51n6ZyrH0Y6gIoKaadJgzBYG8spAT-vhNwdAsCtgA_wiEsTGLJGPXaDPFv2zsn-CRAmUdIV390Wde91oA-y8Fs822HiW6YKVNvm2Z2MV8wATslc7XiALgBAGIBYCa5q4HoAYugAffoOmeAagHp8yxAqgHpr4bqAfMzrECqAfz0RuoB5bYG6gHqpuxAqgHjs4bqAeT2BuoB_DgG6gH7paxAqgH_p6xAqgHr76xAqgH1ckbqAfZtrECqAeaBqgH_56xAqgH35-xAqgH-MKxAqgH-8KxAtgHANIILwiAYRABGJ0BMgiKgoCAgICACDoNgECAwICAgICogAKoA0i9_cE6WPalks6puJMDsQk8GKPV0RFky4AKA5gLAcgLAYAMAaoNAlpByA0B4g0TCJbWks6puJMDFY3cNAcdUqIMruoNEwing5XOqbiTAxWN3DQHHVKiDK7wDQKIDv___________wHYEw3QFQHKFgIKAPgWAYAXAbIXDhgBKgo0NTQ3NDA3MjIwuhcCOAGqGBcJAAAAAAgyCEESCjQ1NDc0MDcyMjAYAbIYCRICg1UYLiIBANAYAcIZAggB&ae=1&gclid=EAIaIQobChMIoNy9zqm4kwMVjdw0Bx1SogyuEAEYASAAEgKPifD_BwE&num=1&cid=CAQS4gEABaugfbXC2bi7RtZ5hcy3uImvZP6kHnpOBhfCelo-XJhJ9YD3mfWUZAbITRQKNZCH917O0MWTEXtPFujnwhtLS8ykSC9PYzbDo0nEiopuHb9fhfnuVwDLwhIYFSHnv2uDLyoKVQocMz7f7UEn_cvVEmerLGUJXcq-AnnbO3f0fomir0LuMoSvFV0CkmB4-pCKkJnR_wgqtCadkM98Lrw7hqTlyuxbWRuHRAbH1LVyqQOIYttgAPekYYxXdicZy8MizoesUeiPdjdDaG2yGg8sMLuX0dgXJpyJBjcbCuoXOl_IGAE&sig=AOD64_3lwzJLcMCKDOqbQL_xQNIEFjO7hg&client=ca-pub-7732679874752919&rf=4&nb=9&adurl=http://cfd-biz.com/%3Fgad_source%3D5%26gad_campaignid%3D1977191680%26gclid%3DEAIaIQobChMIoNy9zqm4kwMVjdw0Bx1SogyuEAEYASAAEgKPifD_BwE,http://cfd-biz.com/?gad_source=5&gad_campaignid=1977191680&gclid=EAIaIQobChMIoNy9zqm4kwMVjdw0Bx1SogyuEAEYASAAEgKPifD_BwE,,,,,
286,https://www.googleadservices.com/pagead/aclk?sa=L&ai=C-qHW6OrBad6yLceP3NMPxb7C-QXGg8GFhQHb-_a4tBXss5-z9woQASC35YQhYKWAgICcAaAB-fDJ-QPIAQKpApZ3b8rdirY-qAMByAPJBKoEyAFP0N0Gi2VvNHwNbL8lVANTLNI2sXeIEOsc8vi8KGxX1rczMtAB0MpaTiiKeWRcXcVepVBu3K3C84iSa8wMYIgffHDQ8vopeTPn0SUWBvLj9LTWGGufqEPxgHhmA9HGivC23OAJPdtsFLsl9ogbtytUXg6AsMbcFJnf0vlyXZzu-wUfKdhMaAnjSdOTGLvvFKSrGkYt-PYehF6chtvik_x0Dyd2jzAG5Z6fc2dTehQ37lft9IOr-7D3SRGQz2H2W88-dRYaHhV1KsAEmPHRrtYFiAXGjLXMV6AGAoAHqfqZIKgHp8yxAqgHpr4bqAfMzrECqAfz0RuoB5bYG6gHqpuxAqgHjs4bqAeT2BuoB_DgG6gH7paxAqgH_p6xAqgHr76xAqgH1ckbqAfZtrECqAeaBqgH_56xAqgH35-xAqgH-MKxAqgH-8KxAtgHAdIILgiAYRABGAAyCIqCgICAgIAIOg2AQIDAgICAgIiAAqgDSL39wTpY58-QlrO3kwPyCA1iaWRkZXItMTk2Mzk1sQmIaa0Xjz8Z24AKBJgLAcgLAaoNAkFVyA0B8A0CiA7___________8B0BUByhYCCgD4FgGAFwGyFxAYASoKNTA4ODUyNjM0N1AGuhcCOAGyGAUYAiIBANAYAcIZAggB&ae=1&gclid=EAIaIQobChMI3sa3lbO3kwMVxwd3BB1FnzBfEAEYASAAEgJwQPD_BwE&num=1&pr=13:acHq6AAAAAAsyZYQDPk1CjMKUzb47w5DmKOx1Q&cid=CAQSgwIABaugfaoZhg9w6WVs4vcdnUi-f2WTSqeNL_YXxvUVeXw3KvjRhqd3jMd1E20Huqt324xnmvcR-QHB9tyOZLkDICwjVo5LRQXxFIJoYS2cME_8sKvrx-qmwrAkHa_MvyC2Dmo6Lm4YulHRs2voRyRKeytIYPbDhkcx5X4Mc0L45DpwHaIKJhvm97no4yG3gWqC_Lh31Q4Qq9XkKELKaHiPlRsJL2YsBYC4P3uR3Nnjf08-__8xV-sGojuG6Bfn5xdFPNS1ez3p7sxgtxpQq8r7yCwcMDg58xmUAzUk06oq6XwKiV6opEZuESV8F-mHZwbkuHYLJmJxTj0hmUOZeYXloH6iGAE&sig=AOD64_0fzJJkpE8NuPQkEVLI95Yda5ioNw&client=ca-pub-5722610347565274&rf=2&nb=2&adurl=https://au.element14.com/sc/te/connected-vehicles%3FCMP%3DADV-AU-SUPP-MKT-GDN-TE-Connectivity-Connected-Vehicles-4185662%26mckv%3Dc_dc%7Cpcrid%7C795180898313%7Cplid%7Cnypost.com%7Ckword%7C%7Cmatch%7C%7Cslid%7C%7Cproduct%7C%7Cpgrid%7C194981951640%7Cptaid%7C%7C%26gad_source%3D5%26gad_campaignid%3D23514138182%26gclid%3DEAIaIQobChMI3sa3lbO3kwMVxwd3BB1FnzBfEAEYASAAEgJwQPD_BwE,https://au.element14.com/sc/te/connected-vehicles?CMP=ADV-AU-SUPP-MKT-GDN-TE-Connectivity-Connected-Vehicles-4185662&mckv=c_dc|pcrid|795180898313|plid|nypost.com|kword||match||slid||product||pgrid|194981951640|ptaid||&gad_source=5&gad_campaignid=23514138182&gclid=EAIaIQobChMI3sa3lbO3kwMVxwd3BB1FnzBfEAEYASAAEgJwQPD_BwE,,,,,
287,https://www.googleadservices.com/pagead/aclk?sa=L&ai=CFirSGxTCaY7LCICcjeYPjvrC4QXPoqWCYIXTqdTyC5bDv5GFGxABINrXxTlgmwOgAd60jLwCyAEC4AIAqAMByAMIqgTHAk_QU9EjAf_F5TT2RXDlyXsE2YRpuLaEHVak7UGOUjBU-qHBBOeQK8M-GpoirbJteUxY_uKXf9R4vNpNS3Pu30bKbkGjDIRtglb8Wp20-1NpmpfIMK3RAJatsMKLSA9-PSYADzMkshyqoFFFW7apjqmm7YSP0hQu5ujHNq9n5y8aCA_xI4VWY4GHkQOt0rwLiRJQPE7UGa8aiYFflOVPKuaC6tHj7BpxREbfT6Tyi21ediXoRjuxsUP8cajboPA_C5woWHh7lgVA6aXGO05RzdjMkl0k92UzLsHCKLqVFOGZw3mBhyEzW6nN5fSHbaMjIppdAmzeCslUEmpW_O41wQCgje3q2XdJZkqbWirJKLmrjjHC5HkvlvQrD3EQJ62LdrEgKLGu4BpmZFxfj_ZcoLXitgteH_NFb-wBG7PMm8Qj4MEqF7IWyMAE5ffa94cD4AQBiAWDycTZJ6AGAoAHisvzwwGoB6fMsQKoB-LYsQKoB6a-G6gHzM6xAqgH89EbqAeW2BuoB6qbsQKoB47OG6gHk9gbqAfw4BuoB-6WsQKoB_6esQKoB6--sQKoB9XJG6gH2baxAqgHmgaoB_-esQKoB9-fsQKoB_jCsQKoB_vCsQLYBwHSCDAIgGEQARidATIIioKAgICAgAg6DoBAgMCAgICAqIACqIMQSL39wTpY8PCputq3kwPyCBthZHgtc3Vic3luLTE2MTQ5MTM1OTg4NzU0OTaxCXLgKUNwo72DgAoDmAsByAsBogwDkAEBqg0CS1LIDQHiDRMIraCqutq3kwMVAE7DBh0OvTBc6g0TCJyYrLrat5MDFQBOwwYdDr0wXPANAogO____________AdgTDdAVAZgWAcoWAgoA-BYBgBcBshcOGAEqCjg0NjYxNTYzNTS6FwI4AaoYFwkAAAAAYPruQBIKODQ2NjE1NjM1NBgBshgJEgK5TxgCIgEA0BgBwhkCCAE&ae=1&gclid=EAIaIQobChMIzsSsutq3kwMVAE7DBh0OvTBcEAEYASAAEgKrjPD_BwE&num=1&cid=CAQS4gEABaugfYeSq07rHXpZfeQIkv-xhGe9pv_Do7w6VH4FXZIFHz5P-6rnIeYhfIBZANET0nQ9FUREM1zV86nIKCO7i7uwgoajPoDccNQPFN8UkgaoRhAPxXCHjrmCo8FZFy6dDfiq6A3ggQzIKwwD-mq8-54mCJorVb7PiXxsdBDjQqwSDBLDd9RbH74yQbiNyD3ouD2-y6B3Dg2g0yCwIZRWvulhDL8PFdaAc_U_OPLGfKSDELkOGR7xPgaEwA4eddBf9HOW77Qp9iF0qmNIoFKebVptpeHU5-6H3SJAHZBh0QZ8GAE&sig=AOD64_2G7ndW726rfAjsVI7lKVzasQRD1A&client=ca-pub-3605257360853185&rf=5&nx=CLICK_X&ny=CLICK_Y&uap=UACH(platform)&uapv=UACH(platformVersion)&uaa=UACH(architecture)&uam=UACH(model)&uafv=UACH(uaFullVersion)&uab=UACH(bitness)&uaw=UACH(wow64)&uafvl=UACH(fullVersionList)&nb=2&adurl=https://www.elgaucho-aruba.com/%3Fgad_source%3D5%26gad_campaignid%3D10656752771%26gclid%3DEAIaIQobChMIzsSsutq3kwMVAE7DBh0OvTBcEAEYASAAEgKrjPD_BwE,https://www.elgaucho-aruba.com/?gad_source=5&gad_campaignid=10656752771&gclid=EAIaIQobChMIzsSsutq3kwMVAE7DBh0OvTBcEAEYASAAEgKrjPD_BwE,,,,,
288,https://www.googleadservices.com/pagead/aclk?sa=L&ai=C43vI8CbCafbyMIyKjeYP2ailsAmZhuOJhgGiq5aV1xW2kB8QASDX2J0iYM2AgICsA6ABpqCs1APIAQmpAniNN9pGo4k-4AIAqAMByAPLBKoExQJP0OQnymPMv-5xleU_mJtu09r8cQgZl2EETWDCN8IHgbgjU2TmuxQUWkrFxZVaQwpaNKC16072bYWM4Nc4L9mYDFpKsuWxqJSNymVx0KOm9EB9Pwu0YbjsdWIVNkvjzfXD_aYacunFlug9UYQeDwWHC6JwAYtsQV7NUh9cH9fmoCv-7SLLG8gQHl4TIywQX76UdkwundCTyTeDIUwOtCjovIvUMH3rSDNMyqjQmmkJTAfe5CxjR3xVRZ0TYpZJMWIocPTU6LIATTrBfeoJozGFuqtw4aXSQKTOaOBvr_FrYSI7vMzQvY3EoKx86Cyy5pB-n0x5fPCpCnGA5TJLTHZ0avEIVqPnkbLHoNFq6RiZ4yyClJZhJgFmsVU7U4YajS_eyhcO_MKvT49GKDXGUwdfRDpOqGSRiInubeJi_L32ihqbrPDNwASIzv342AXgBAGIBfD0n91XoAYugAfC39MrqAenzLECqAfi2LECqAemvhuoB8zOsQKoB_PRG6gHltgbqAeqm7ECqAeOzhuoB5PYG6gH8OAbqAfulrECqAf-nrECqAevvrECqAfVyRuoB9m2sQKoB5oGqAf_nrECqAffn7ECqAf4wrECqAf7wrEC2AcA0ggvCIBhEAEYnQEyCIqCgICAgIAIOg2AQIDAgICAgKiAAqgDSL39wTpYr-W9tey3kwOxCTfoYGxRNyzcgAoDmAsByAsBgAwBogwDkAEBqg0CQlLIDQHiDRMIxIW-tey3kwMVDEXDBh1ZVAmW6g0TCNj-vrXst5MDFQxFwwYdWVQJlvANAogO____________AdgTDIgUB9AVAZgWAcoWAgoA-BYBgBcBshcOGAEqCjEyNjkwMTAzNDi6FwI4AaoYFwkAAAAAgDf2QBIKMTI2OTAxMDM0OBgBshgPCgTQmrsHEgLGThguIgEA0BgBwhkCCAE&ae=1&gclid=EAIaIQobChMI9qq_tey3kwMVDEXDBh1ZVAmWEAEYASAAEgL8UvD_BwE&num=1&cid=CAQS4gEABaugfbOWa9DTRKBk5bnfrwhGM_00WCmiEH3rLowQSpYf3IGD41X6bOMmSjM78I2ZlqzW13qj1D_SfNLA_ncmfdL4sPU_JN_NyJq7DoJhTe5CJ7WlCO45bkvIFFznUFikAFufbfInbzJoJg_kCkUVEc3S1TQlXUYE90lRhGvl1Xid6458UgtWxKi6tMtb_jlDA-OcVo3JXwtIoUfppY745VbbA288I87U7Je5TYF_LwwfHaZGRSHRaO9OjNLiJ3SL2DcnC8YrvtcwOP7iUghwSEWnJjou-5-3M4JmOoyfV3GAGAE&sig=AOD64_2rfIyEDUYXPCYzYmkEw8t3ClUtrA&client=ca-pub-8475685469544477&rf=1&nb=9&adurl=https://www.maccosmetics.com.br/oferta-lip-combo%3Futm_content%3Dimagem_lip-moment-26_produtos_24-02%26gad_source%3D5%26gad_campaignid%3D23549442672%26gclid%3DEAIaIQobChMI9qq_tey3kwMVDEXDBh1ZVAmWEAEYASAAEgL8UvD_BwE,https://www.maccosmetics.com.br/oferta-lip-combo?utm_content=imagem_lip-moment-26_produtos_24-02&gad_source=5&gad_campaignid=23549442672&gclid=EAIaIQobChMI9qq_tey3kwMVDEXDBh1ZVAmWEAEYASAAEgL8UvD_BwE,yes,yes,yes,yes,
289,https://www.googleadservices.com/pagead/aclk?sa=L&ai=CnCCCyGHCaZqaKMbis8IPoNqioQ71gZGghQGCoY20whW347_8sCoQASDyqukoYMfdgI6EJqAB7brihAPIAQmpAieQ0GzOcrM-4AIAqAMByAMKqgSuA0_QjVF5I-7zF0HQso8vtXQSR8hENIwYSVBc5D9Q6j4aUbIfQ_mz_MAPhhB7GWLwakTAeBplRmym5jAjPkepazKhsrwatovIow7rKLb2Mx-WS8SHLjyBK3nFn6koi3Lnd4TRBiCZIfkqmyFaQh935ms7C_qeNywmyoUvn0T0s_PFY7dkThmiT88Gd7i9-jwaApJS86xv-kUcQYLweheZAWrtIWb63HhH9Vsp6YPakI9WnclqB7J92Ka3ZcZnYquqSWxdfrmqbMndErIlDrS_dBLwkC1Si_0VZB_eLpw1c5S8Fytu8QjIR2Di3BHKUty57gXBZX0B6cu-RLUlCa3vYy7xkGcuu3hK5-rx0E8xzXjkm-I0qFbz5PJ4hWGVLTOb0BzMS5kuKkImy51e_4Yzo7yRlkbZd70Y6wmvqy_d93XhE5MruoValzJn6dqX1p_sc3d6Mkug90M6a2HrFxdJswWCj1aC_XhxMBwgBc3aXnp2veFFjv0_oEpIh9TrJ3Llj2593MU5MvoHs5yioios8H_gnIWb3hgUmm9J3vQH0u3aOssns_nU6JnhNuLqjiPABIuruLXLBeAEAYgF6cyvqVegBi6AB_vEnXuoB6fMsQKoB6a-G6gHzM6xAqgH89EbqAeW2BuoB6qbsQKoB47OG6gHk9gbqAfw4BuoB-6WsQKoB_6esQKoB6--sQKoB9XJG6gH2baxAqgHmgaoB_-esQKoB9-fsQKoB_jCsQKoB_vCsQLYBwDSCDIIgOGAEBABGJ0BMgiqgoCAgICACDoOgMADgICEgICUruADqAdIvf3BOliMyLzEpLiTA7EJJZGm-ZOoZlCACgOKCq4BaHR0cHM6Ly9tb25pdG9yLmNsaWNrY2Vhc2UuY29tL3RyYWNrZXIvP2lkPWZmeGFvTkMwaDBFOUNKJmFkcG9zPSZsb2NwaGlzaWNhbD0xMDI4NjgyJmxvY2ludGVyZXN0PSZhZGdycD0ma3c9Jm53PXgmdXJsPXtscHVybH0mY3BuPTIzNDQwNjI5MDA1JmRldmljZT1jJmNjcHR1cmw9Y2hlY2ttay5jb20mcGw9mAsByAsB4AsBgAwBqg0CWkHIDQHiDRMIvLi9xKS4kwMVRvFMAh0grSjk6g0TCPa3v8SkuJMDFUbxTAIdIK0o5PANAogO____________AbAOoduf5hi4E-QD2BML0BUByhYCCgD4FgGAFwGyFw4YASoKNDkyODMxMzM5NroXAjgBqhgXCQAAAAAAyuxAEgo0OTI4MzEzMzk2GAGyGAkSAqhOGC4iAQDQGAHoGAHCGQIIAQ&ae=1&gclid=EAIaIQobChMImp7AxKS4kwMVRvFMAh0grSjkEAEYASAAEgKvCvD_BwE&num=1&cid=CAQSgQEABaugfSyv6VEHbA0mJk7zBmaGq5a9KTXyKycOTXvHTcxEKt0-ANseSSUN50STiwLekHIR3kwFAm6rdy9gbwAxJeBDEk1QVwFgUApkMRef9qoQxoQLRBaYKFTLcdYQRN4IsqHUO84_hyNoC0o_nR0-dOQbUc9HNSgOreDYDQKOKlEYAQ&sig=AOD64_2dSWujpKkBpU9qKuhHqRLCoVOj-Q&client=ca-pub-8750086020675820&rf=4&nb=9&adurl=https://checkmk.com/l/start-checkmk-free-trial%3Futm_source%3Dgoogle%26utm_medium%3Dcpc%26utm_campaign%3D%5BCampaign%5DPM-Checkmk-Trial-ROW%26utm_content%3Dcheckmk-trial%26utm_term%3D%26gad_source%3D5%26gad_campaignid%3D23440647785%26gclid%3DEAIaIQobChMImp7AxKS4kwMVRvFMAh0grSjkEAEYASAAEgKvCvD_BwE,https://checkmk.com/l/start-checkmk-free-trial?utm_source=google&utm_medium=cpc&utm_campaign=[Campaign]PM-Checkmk-Trial-ROW&utm_content=checkmk-trial&utm_term=&gad_source=5&gad_campaignid=23440647785&gclid=EAIaIQobChMImp7AxKS4kwMVRvFMAh0grSjkEAEYASAAEgKvCvD_BwE&gclid=EAIaIQobChMImp7AxKS4kwMVRvFMAh0grSjkEAEYASAAEgKvCvD_BwE,yes,yes,yes,yes,yes
290,https://www.googleadservices.com/pagead/aclk?sa=L&ai=CRBc4ooTCac-1DpSdvcAPzYHA0A2HiMmfeM3Vj4zGEs3w16qSDhABIMzX0BVgx92AjoQmoAHfh67uAsgBAakC4hnacPSfbz7gAgCoAwHIAwqqBLcDT9Bo81eJiArJ3QBtIOqb89maCvKpgsnGr26pqx7LmW2QBsjjkmPLLUSfQML6L223fFSs1B7M1V5LtTj-lnMIzGlEAKQzNz4eeV3ER1Pmk3zc99rNk2gR01GJ9Svf1ATeTzE0NdxpfCuJC2NQP4GnrmAD1IPBqPvBvWRV0sHEoo67XLyG8IEJU45SAGgo2eTXuEur83MDa2qLGKMeb6JHtWZfCX4u0o80vXnQDTxrwCWr_kzBaT0T9RPiv19zpOoVzXB-2_Yoy6KVghhHfIL6dKZWQOHkM1nl0tpkEfgIrI6L1lqLX-3PP6vTnE5j1qcDil7RGdB747socr7I999u_2UhDt2jR5MCUkkFHMBxS9uoYXpl8TlRdDgnQtaF7DncmxSOvL179D39DjpJJx1a407eHETmRSXzL1q8Spq88vgUQtDpgv8U_-VFpWT0hiWVjem0MVvCvkKXlk0Bwj_9HovCbsqeIubYBsmvRv33rKdRT7C1VdxI3YuaYfmop-YJcCfsSJ9l-s-4V5MFr37rDKJeb6AXsH4pKjdmc9nxLq-16cJ_z-a-2e-Pthb0-eLdZePMUMra8sAE3cyMkdoE4AQBiAXKvoLJT6AGLoAHifjRkQGoB6fMsQKoB-LYsQKoB6a-G6gHzM6xAqgH89EbqAeW2BuoB6qbsQKoB47OG6gHk9gbqAfw4BuoB-6WsQKoB_6esQKoB6--sQKoB9XJG6gH2baxAqgHmgaoB_-esQKoB9-fsQKoB_jCsQKoB_vCsQLYBwHSCDIIgOGAEBABGJ0BMgiqgoCAgICACDoOgMADgICEgICUjuADqAdIvf3BOli0sprixbiTA7EJF-1bka3Sn5uACgOYCwHICwGiDAOQAQGqDQJaQcgNAeINEwjahJvixbiTAxWUTg8CHc0AENrqDRMIpMud4sW4kwMVlE4PAh3NABDa8A0CiA7___________8B2BMDiBQB0BUBmBYByhYCCgD4FgGAFwGyFxAYASoKNTY1OTIxNzkzNVAGuhcCOAGqGBcJAAAAAGAe9UASCjU2NTkyMTc5MzUYAbIYCRIClFkYLiIBANAYAcIZAggB&ae=1&gclid=EAIaIQobChMIz47S4sW4kwMVlE4PAh3NABDaEAEYASAAEgLVjPD_BwE&num=1&cid=CAQSggEABaugfbHYNa_zakzQ7APoyFSfEsTWfv4TPh-u0MxK6x0KgrB9dvitdlnEavQJvcCQ5FiN17yH2XWsRd4Ujo0Samxp4PzFjh1xE7DX6DKrhQsO4AjruYT7WvmkqXN_-Ca_w_MLIzpwnKBC-7zIoNzrg2dU1PZbADXQAvTogjqva2xUGAE&sig=AOD64_1Oz7Zuh97l_tqOm_cO_ZjfmEfD8Q&client=ca-pub-4952397932412714&rf=4&nb=19&adurl=https://www.petactive.co.za/boston-tall-range/boston-tall-1-litre/%3Fgad_source%3D5%26gad_campaignid%3D21359533898%26gclid%3DEAIaIQobChMIz47S4sW4kwMVlE4PAh3NABDaEAEYASAAEgLVjPD_BwE,https://www.petactive.co.za/boston-tall-range/boston-tall-1-litre/?gad_source=5&gad_campaignid=21359533898&gclid=EAIaIQobChMIz47S4sW4kwMVlE4PAh3NABDaEAEYASAAEgLVjPD_BwE,no,no,no,no,no
291,https://www.googleadservices.com/pagead/aclk?sa=L&ai=C3nZxqhzBaenuIZ2yvcAP_460yAX7lcOAhgH5hpHs5BX7qfTKwgEQASDo5LYTYImLxIT0E6ABvIap7kLIAQLgAgCoAwHIAwiqBKsCT9DG0w6OqoLXdbSjs1fO8v6V6-R1NBa5KQdx2M2fxogG0vsrlOU0OJzTzR38zu-u9DVeheVaTigtLP9cQ24nWY0sl6ll9ZINELKJaXZOrzcxynI_n2oAUBpRiX3mujWGdwZ7l1MjKO5qmDzc4TwKEf116P5z6gV1IdPUR-wbaGnk53NK-gxnqwl394iydGeOhdVIPKC2yDs8SOzy6viK4Jro1uaCQ68FEPju44ykXYtpEdYdj4ztSGADv8N8MY1hN2Mt5-jWM06jxg4Rg-fmgjciHC7BfAhzZicrPUQBYng01-kQYBsQ-B1d_M_OHyPfsQgjaFPtC8DY_1uf3HX6YhZbsXgwOW485ZbN58bld_-FvQLhJ76qoTfzcFsDhJ1_zF3PaNKHaYB7Cp_ABO3fg7TSBeAEAYgF6vK_gFigBgKAB7y--c0dqAenzLECqAemvhuoB8zOsQKoB_PRG6gHltgbqAeqm7ECqAeOzhuoB5PYG6gH8OAbqAfulrECqAf-nrECqAevvrECqAfVyRuoB9m2sQKoB5oGqAf_nrECqAffn7ECqAf4wrECqAf7wrEC2AcB0ggvCIBhEAEYnQEyCIqCgICAgIAIOg2AQIDAgICAgKiAAqgDSL39wTpY5pSjve61kwOxCcDVC0kkZuU8gAoDmAsByAsBqg0CSlDIDQHiDRMIqMOjve61kwMVHVkPAh1_Bw1Z6g0TCPqopb3utZMDFR1ZDwIdfwcNWfANAogO____________AdgTDdAVAcoWAgoA-BYBgBcBshcOGAEqCjcyNjk1MTA0NzS6FwI4AaoYFwkAAAAAuL8bQRIKNzI2OTUxMDQ3NBgBshgJEgKTThgCIgEA0BgBwhkCCAE&ae=1&gclid=EAIaIQobChMI6eulve61kwMVHVkPAh1_Bw1ZEAEYASAAEgKyGPD_BwE&num=1&cid=CAQS4wEABaugfT2eWilrn86DkDmOxg6-F-AKigMadJYybWCY5E3JvrD7NKyjTwxwBIuy2yQCGF453iLuIwkO8TnMx-xZr_c_s_SPTbJXPjWYYhOwBufglOnmmf3sT_mHf2jd5VbbQqk1kLVO641MAk7HNiSpDvEWu4CoR88zLqk9azcbA5AHybeWzAzM5J5oy3kuqDI0bLV_Z6VMgniK1iB0KkgO0AQaQVt3bWBwsCgxqAiUhTVQyfgzoZS3SVq5PfzwtPUHbJqN-589hkqlHMKiiA4RzTVUIr44esKONmuSfes5b1NLDRgB&sig=AOD64_3GVmVCsS1O7l35px4aHuukDtbg1Q&client=ca-pub-9922974912311690&rf=5&nx=CLICK_X&ny=CLICK_Y&uap=UACH(platform)&uapv=UACH(platformVersion)&uaa=UACH(architecture)&uam=UACH(model)&uafv=UACH(uaFullVersion)&uab=UACH(bitness)&uaw=UACH(wow64)&uafvl=UACH(fullVersionList)&nb=2&adurl=https://www.thesudburyresidences.com/%3Fgad_source%3D5%26gad_campaignid%3D23623367018%26gclid%3DEAIaIQobChMI6eulve61kwMVHVkPAh1_Bw1ZEAEYASAAEgKyGPD_BwE,https://www.thesudburyresidences.com/?gad_source=5&gad_campaignid=23623367018&gclid=EAIaIQobChMI6eulve61kwMVHVkPAh1_Bw1ZEAEYASAAEgKyGPD_BwE,,,,,
293,https://googleads.g.doubleclick.net/aclk?sa=l&ai=CL8oePA_CaeSFBpG7geAPgbSQqAj-wvuEhQH5_8WashW_4R4QASDTsd9NYJsDoAHDxNzaQMgBAakCL6Nzo_3lBj7gAgCoAwHIAwqqBMkCT9DNQivb3qITIBnN6Xq2KujgkpG-9bDtensrSXGTUgXCkLMJKrM071w22SK1qB-IF7PA6SKISfjayYVk-fxcKlQeqpXXfyxQ7VYQaX0oM_Gd2lrs28U4cXP02xXsapeUr_qkTWLf2Kx8Si2zQSXz1wvm8k-uvp83_p5Chf9QHmm-raODyAsBMOCiaFaQ6EPEPd8fjZeD-B7dQWgEb54aic_Y2SyMpqtt7R6xMD1YCpObnPFY9R9gsUrSJTqH6dQjlF-oggOwYuSabLfay-lriAm3XdMDpaXFUgPLCI5V310C8UUrHT61fGn08-0jUwtnKK1J9c-zQMsh3r8F4o5ocQzUzWcTbKqgQVtAzNo7a0XWHEsn2fwkqvLzhzBcOnUlE5_wKJSK-DItHirktfZEnllkPItWK2aa5GMH593veojdlIfn64mnbxbABLaYkZTIBeAEAYgFuOOWzFeAB8P8rLobqAenzLECqAfi2LECqAemvhuoB8zOsQKoB_PRG6gHltgbqAeqm7ECqAeOzhuoB5PYG6gH8OAbqAfulrECqAf-nrECqAevvrECqAfVyRuoB9m2sQKoB5oGqAf_nrECqAffn7ECqAf4wrECqAf7wrEC2AcB0ggvCIBhEAEYnQEyCIqCgICAgIAIOg2AQIDAgICAgKiAAqgDSL39wTpYnePA59W3kwOxCWOzRc_abw3hgAoDmAsByAsBogwDkAEBqg0CS1LIDQHiDRMI6ojB59W3kwMVkV0ABh0BGgSF6g0TCLbUwufVt5MDFZFdAAYdARoEhfANAogO____________AdgTA4gUA9AVAZgWAcoWAgoA-BYBgBcBshcOGAEqCjQ1NDc0MDcyMjC6FwI4AaoYFwkAAAAAcAP7QBIKNDU0NzQwNzIyMBgBshgJEgKxXxgBIgEA0BgBwhkCCAE&ae=1&gclid=EAIaIQobChMI5JPb59W3kwMVkV0ABh0BGgSFEAEYASAAEgK4e_D_BwE&num=1&cid=CAQS4gEABaugfZVpb1REJite9lTwvEUXsk24urZZcAYCTOfOiTcaoNeXdCiaNQ3sVM-F3FRNSJH3EbXSyk5DVYS0zDFGLmTC2FZ1GPg7KmfgiRe56bSsQw76gE-Ygjm6ijbvSd98LN6MVJeU5THnbkpeCO6dDKMHDzL--mqTRoPNHkM6PqS751a50b-wr2EcdZqvSI5Hd2_QhT5GI_ugfAW1ginakhYc38P8uo_1M1YZgA0kFR-d4WkmtkC2C30c99DFHjee4Tmi1jmPGsRtzmxC3tF8208mAcEfif_SSlc60CLKTsa0GAE&sig=AOD64_2Ac7RryfGnvw76VchvqRlZXwH9aQ&client=ca-pub-7732679874752919&rf=4&nb=0&adurl=https://www.tourvoucher.or.kr%3Fgad_source%3D5%26gad_campaignid%3D23513641400%26gclid%3DEAIaIQobChMI5JPb59W3kwMVkV0ABh0BGgSFEAEYASAAEgK4e_D_BwE,https://www.tourvoucher.or.kr/index.do?gad_source=5&gad_campaignid=23513641400&gclid=EAIaIQobChMI5JPb59W3kwMVkV0ABh0BGgSFEAEYASAAEgK4e_D_BwE,,,,,
294,https://www.googleadservices.com/pagead/aclk?sa=L&ai=Cr5fk-PjAaZH7LJD1jeYP78LJEIWD5_CAAeyviPm-FOLilbfGARABIJrd5B9giYvEhPQToAHUwem-P8gBBuACAKgDAcgDCqoEvgJP0GJpmpzXsjnDrI2z1ew6EhLOJSOQE3ZuCqULMu9nQagNslyCGIdJf9iQTuD5gqhTwpTsAoxl3LsgLv7J-k_SqHe1JDYXt-N2JhQdwADsXwTM-RwxUHxKaGxMxWdBv8Adi485SMK_QzlskWMoUBuqQdu_8kud6H_TaPe3rlRY2nRrs7Kt18l0u9OX3ldSJWKpw1oHF-fuCfKxNhoXcpTW99R9H07vpO7RDBUTsTtYHMVOg5mxMoLhDa3XHSib-9SyOR0lRYFSLheehe5OfahDtKFZzETFaQKE066taYS5PEcgomaCWWh39GvGgnU9U-Q620BQsfaqtAWWW-6-dT7IWr2RNk8LIBBQOzk6GzZnNK-yEsAqimYrwEzjuu4o0u9nv_J8v5nFfVflwPRrEQo4BRzqcnKKOuM7DIk8BnnABKmBreCnBeAEAYgFhILxjVWgBjeAB9T5uZ4aqAenzLECqAfi2LECqAemvhuoB8zOsQKoB_PRG6gHltgbqAeqm7ECqAeOzhuoB5PYG6gH8OAbqAfulrECqAf-nrECqAevvrECqAfVyRuoB9m2sQKoB5oGqAf_nrECqAffn7ECqAf4wrECqAf7wrEC2AcB0ggvCIBhEAEYnQEyCIqCgICAgIAIOg2AQIDAgICAgKiAAqgDSL39wTpYq--DuMy1kwOxCX0Qqx8WsGMzgAoDmAsByAsBogwDkAEBqg0CSlDIDQHiDRMIgI-EuMy1kwMVkHrDBh1vYRIC6g0TCMCphbjMtZMDFZB6wwYdb2ESAvANAogO____________AdgTA9AVAZgWAcoWAgoA-BYBgBcBshcOGAEqCjI4ODgyMTU3MTe6FwI4AaoYFwkAAAAApv4zQRIKMjg4ODIxNTcxNxgBshgJEgLlaxg3IgEA0BgBwhkCCAE&ae=1&gclid=EAIaIQobChMIkdeFuMy1kwMVkHrDBh1vYRICEAEYASAAEgJ3AfD_BwE&num=1&cid=CAQS0QEABaugfYpf8C4i9PgC0P-O3R5zlVt3o0M-KQwNU9WXjE-N-5kTAFjhgytl0Pktod-BaatVnMQCWAuR62nuXYPym60Ntj1LYb2JX389Fui9rAf6AKkAPTiUmdN8tqDHXcbtI4FhWNR5np5HvlFzt5bHeTz5ZcKQXuo0CRhY1CWiRM-HSaMkw_ZJFnHMPcIbKoA16B7003SO1oTv44kq0kVn2xPeBCjqyu0kX_ez05_u_qc5KR3yNC-NU7BxjR328T3-9yFJRtqZYIhVuzzjSCznHRgB&sig=AOD64_2nbvvMuI5iYL7yiSiMgXQ2SAQD7w&client=ca-pub-7439281311086140&nx=CLICK_X&ny=CLICK_Y&uap=UACH(platform)&uapv=UACH(platformVersion)&uaa=UACH(architecture)&uam=UACH(model)&uafv=UACH(uaFullVersion)&uab=UACH(bitness)&uaw=UACH(wow64)&uafvl=UACH(fullVersionList)&nb=1&adurl=http://www.coastlineoverheaddoor.com%3Fgad_source%3D5%26gad_campaignid%3D22846128388%26gclid%3DEAIaIQobChMIkdeFuMy1kwMVkHrDBh1vYRICEAEYASAAEgJ3AfD_BwE,https://coastlineoverheaddoor.com/?gad_source=5&gad_campaignid=22846128388&gclid=EAIaIQobChMIkdeFuMy1kwMVkHrDBh1vYRICEAEYASAAEgJ3AfD_BwE,,,,,
295,https://www.googleadservices.com/pagead/aclk?sa=L&ai=C2yjBFC_BaabcPIOOjeYPiPnZ0QT59pLZhQGW0seb5RTIwpbLjw4QASDo5LYTYImLxIT0E6AB8v2z7ynIAQmpAtOOxa6KV7M-4AIAqAMByAMKqgTEAk_QpTgu8Lrje8lrIo6DESqiy77YHV4hWePBRlzaEZsNagcYDJ-jdYlcykEw5JFwB7yEkGN9k8MdS0nrIq1zkyCw0bsllfvKTjoiCb1YRJ95_LdJw_S5UL7mpcyBuRN5Ad0dK-2doMZQSXt5URiAQfm4-2TtAYkzv4haPumMillC-QDodHHBzlVOkoxOOvGqU6w-1QTZqzgeQA-mLZvxnZ0bTbx9CQpQynCXqNcMHoCOkus3KOoCKuIzB4vQUhDTvfulAAUx4COi1UvoOxK7vii0ge4yDXHkC0fnijtBeSSCU1aawzYbbmETZDCqBFV3qbsOOmTtSf5huDWVmyfj5_qlBvvaW4LSDXZMrBL4myxoiyCNSCMI4DxhHH6CdVyaw834TzWsU_py9wTGVByoA7JWy-oeFOAzMX6WZiv08kqmOTBacMAEo-791dEF4AQBiAXCu8-9VqAGLoAH8rWEzwSoB6fMsQKoB-LYsQKoB6a-G6gHzM6xAqgH89EbqAeW2BuoB6qbsQKoB47OG6gHk9gbqAfw4BuoB-6WsQKoB_6esQKoB6--sQKoB9XJG6gH2baxAqgHmgaoB_-esQKoB9-fsQKoB_jCsQKoB_vCsQLYBwDSCC8IgGEQARidATIIioKAgICAgAg6DYBAgMCAgICAqIACqANIvf3BOliroaaFgLaTA7EJ_4g5OJ5ZvIeACgOYCwHICwGADAGiDAOQAQGqDQJKUMgNAeINEwiEyqaFgLaTAxUDR8MGHYh8NkrqDRMI7fanhYC2kwMVA0fDBh2IfDZK8A0CiA7___________8BsA7Lk4DYGLgT5APYEwzQFQGYFgHKFgIKAPgWAYAXAbIXDhgBKgo4MTgwNDI0NDc3uhcCOAGqGBcJAAAAACVcMkESCjgxODA0MjQ0NzcYAbIYCRICkVQYLiIBANAYAcIZAggB&ae=1&gclid=EAIaIQobChMIpraohYC2kwMVA0fDBh2IfDZKEAEYASAAEgJ7i_D_BwE&num=1&cid=CAQS4gEABaugfYWr8gfubT5ZYCZ-sT7APLvJO23vQw64ZI7Vc2Jwx3Ohvsya7EEMrI9CapI3zzJ0mx7tbL4Nq2GWRb3Codsd59XTX9nJRD9ZBw6pe8XcqFChQ3PvUoeOUba0cxQgB-fLJkvBz_sXK5lR8Ue2kbCpw-bws2QgXk3CNFSiWR3AzG8WVId0pJdfM0SWlYFc-Opz4mXLNgNwBwiWn1TTux4QR5euOOPKzpTlR9mCZGaDgeSMduFZH2ugh0bbx33W9dm3qfemib1GFUQ4S4elHMZqHCm4Ej-XZ__oBM51_7VTGAE&sig=AOD64_2pMTxCWu7ddPSpjUW64wTyrxS_1A&client=ca-pub-9922974912311690&rf=4&nb=9&adurl=https://rentallcomo.com/%3Futm_source%3Dgoogle%26utm_medium%3Dcpc%26utm_campaign%3DPmax_USA%26utm_content%3D%26utm_term%3D1%26gad_source%3D5%26gad_campaignid%3D23214677442%26gclid%3DEAIaIQobChMIpraohYC2kwMVA0fDBh2IfDZKEAEYASAAEgJ7i_D_BwE,https://rentallcomo.com/?utm_source=google&utm_medium=cpc&utm_campaign=Pmax_USA&utm_content&utm_term=1&gad_source=5&gad_campaignid=23214677442&gclid=EAIaIQobChMIpraohYC2kwMVA0fDBh2IfDZKEAEYASAAEgJ7i_D_BwE,no,no,no,no,no
296,https://www.googleadservices.com/pagead/aclk?sa=L&ai=C-wb2vyrBafnXHMqTpt8P2aO7sQno5NeHhgHG1PDJqxXFhqrQoCgQASDwmc8ZYImLxIT0E6AB-4q4nCjIAQmpAhJdRpm78Do-4AIAqAMByAMKqgTSAk_Q-NIH5pFOGW-c1aKbReABNbu7VML99xPJjMCREVImocj3E176b6xaHBd8X26RaD8e_pwvkETA_pQf5pzIZm8YqyBBh1BiBLyTKawuDfYvbSToHU1sImdv5UYOLwpQBxjjS-6BazUVfN8iLPUXGg5ms7cih_-9B7IskoKpUlEkUKc7sVXZexkjNeDg2EEiuRQLoxwoyZSyWcvNW_x3hB4_aleYYzKXXHnd9QNMCzEUab1P2vZxcmO8WBzwAAdNgnfk2D0NV7yRf1DVeEPlb2ZeKBIvnDXYlXksDwN72oWJcPWWy_1CHUp_PIkuzwkvMzl47esNfmVNYRWRv8egTKuzh9za4wIxulY9mhy_g482barsdaYrZh8uIhIG-1ugr_cwaKi3OvOMjr9-mhd0MTxwsVLXME1MYw1Ppsht16wi2iFfLMj5f3tCYYVe48ZXnylTwASBj4Tb0QTgBAGIBdK3hrBNoAYugAf7woj8AqgHp8yxAqgH4tixAqgHpr4bqAfMzrECqAfz0RuoB5bYG6gHqpuxAqgHjs4bqAeT2BuoB_DgG6gH7paxAqgH_p6xAqgHr76xAqgH1ckbqAfZtrECqAeaBqgH_56xAqgH35-xAqgH-MKxAqgH-8KxAtgHANIILwiAYRABGJ0BMgiKgoCAgICACDoNgECAwICAgICogAKoA0i9_cE6WKfVnfT7tZMDsQn-pux2HP9qEIAKA5gLAcgLAYAMAaIMA5ABAaoNAkpQyA0B4g0TCKGCnvT7tZMDFcqJ6QUd2dEuluoNEwia6J_0-7WTAxXKiekFHdnRLpbwDQKIDv___________wGwDpmwn5oY2BMM0BUBmBYByhYCCgD4FgGAFwGyFw4YASoKMTIzMzMzNjc3MLoXAjgBqhgXCQAAAADwBQFBEgoxMjMzMzM2NzcwGAGyGAkSAotPGC4iAQDQGAHCGQIIAQ&ae=1&gclid=EAIaIQobChMIubOg9Pu1kwMVyonpBR3Z0S6WEAEYASAAEgJYEPD_BwE&num=1&cid=CAQS0QEABaugfQ9bbc7dwdKnUHfKERtZ6-s8U7AL5kKKj_rAMQOrblEYhs9oaKkWzLA_LNLRv9-qIMhvP5sJoB603aiwJW39O7kclEdvTQCAVeFDH3pQvpoYbEcXjNY324OC9R0cnS5UHIMs9t7zdNOtTEZyvjy9UUSCNUapKw4jSVmZBoW7Jey2CFnpikfx2CotNYjaAS2R7eeKWCyzKfKcnat9uCJ3uZNZ5bCVfxfhPtyos7mHSZ8uxraGGGdmIiKmW55yTqRW97ybP9eOfTMbHLdSjhgB&sig=AOD64_0bvVaFqjJV-8Uc66CvzmzVKaWWUw&client=ca-pub-9935970894247316&rf=4&nb=9&adurl=https://m.feelcycle.com/lp/campaign/renewal/%3Futm_source%3Dgoogle%26utm_medium%3Dcpc%26utm_campaign%3DP-MAX%26argument%3DYGyxu5Hl%26said%3D0%26ca%3D20763956310%26gr%3D%26cr%3D%26kw%3D%26nw%3Dx%26mt%3D%26mid%3Dgg%26device%3Dc%26pl%3D%26tg%3D%26gad_source%3D5%26gad_campaignid%3D20770298834%26gclid%3DEAIaIQobChMIubOg9Pu1kwMVyonpBR3Z0S6WEAEYASAAEgJYEPD_BwE,https://m.feelcycle.com/lp/campaign/renewal/?utm_source=google&utm_medium=cpc&utm_campaign=P-MAX&argument=YGyxu5Hl&said=0&ca=20763956310&gr=&cr=&kw=&nw=x&mt=&mid=gg&device=c&pl=&tg=&gad_source=5&gad_campaignid=20770298834&gclid=EAIaIQobChMIubOg9Pu1kwMVyonpBR3Z0S6WEAEYASAAEgJYEPD_BwE,,,,,
297,https://www.googleadservices.com/pagead/aclk?sa=L&ai=COkYkem7CadKEIOa0geAPxpG08Arb7Y3QhQGdraz_qxXJ8bTmwUYQASCT2NIfYMfdgI6EJqAB3PaQ8D3IAQapAlPC9pMhz28-4AIAqAMByAMKqgTFAk_Q6E-N83skMpYve22e8sGF0O9DJSpkMtiNaMf8t_pduQKeirw1Hq6oumtIOIgXN0NwEsfsdUjtWHOUPoX9S_mSL80_XI3kVn9uWSQutflQQhy1yPfD3I06ZXgL9kUjO0KgyfzMEAQGiKQNK5OcOFDcXb0n-zb_KdreaJhcR1MaOHisOa8Rtqv4ykApeaWwfP-yQhIiV1u14_p2-3R2N-nrTulgBD5OFiFHBDvRdgOkl7TbC6mXjnEc472gI5xh7IltBiB2wJZ9bjnJsU089wxjo5UN0Za80q6JPAow7sMBJXojTh0c7m0eolvRhnMth610drjRKJbW03mhiBO3hahPPFwSAsOoPXa91mJWf5BvDtH7LdCyLH0lEPvCYfl8PyuTrdjeIbAB4nlXOcbUmxrXPONIZVLtHI4xqOkAv3DKPFwCIh3ABJGWtv6dBeAEAYgFhPfbqFSAB9yu4c8YqAenzLECqAfi2LECqAemvhuoB8zOsQKoB_PRG6gHltgbqAeqm7ECqAeOzhuoB5PYG6gH8OAbqAfulrECqAf-nrECqAevvrECqAfVyRuoB9m2sQKoB5oGqAf_nrECqAffn7ECqAf4wrECqAf7wrEC2AcB0ggvCIBhEAEYnQEyCIqCgICAgIAIOg2AQIDAgICAgKiAAqgDSL39wTpYmpGR0rC4kwOxCR_Bgh5WA9tzgAoDmAsByAsBogwDkAEBqg0CWkHIDQHiDRMI-MqR0rC4kwMVZloABh3GCA2u6g0TCOnvktKwuJMDFWZaAAYdxggNrvANAogO____________AdgTCogUAdAVAZgWAcoWAgoA-BYBgBcBshcOGAEqCjYyMTMxMjMwMja6FwI4AaoYFwkAAAAAENn4QBIKNjIxMzEyMzAyNhgBshgJEgKoThgBIgEA0BgBwhkCCAE&ae=1&gclid=EAIaIQobChMI0qmU0rC4kwMVZloABh3GCA2uEAEYASAAEgLZW_D_BwE&num=1&cid=CAQS0QEABaugfZBZzEPXNdFHAkI1kip_B2J1QpHZgjd0aza3N8zEaxfqv_1zLSDJkEdKhP4ygaIwppQX6strJFlvMJVHuYCP0GqTF5oEWHMDZB3mPf6MWP1qoWedtZDk17FGOfQ3dtz4i-WS9I3WLWKqdSPzSETVhJlTsXHLQVZKjO5EUFlbU0moU2BGxoRXZhcQswqFKQ1LBQR5K7STALBB4tkf2wlyzxasP9y4CfviTD9b2SNw__ctq2i7DqUWODgeR2eCIc40lmxJMWiY9pleJdi5ahgB&sig=AOD64_37XhHfjihCXBy96uWkoeSjmwUjww&client=ca-pub-2870152834215954&rf=4&nb=0&adurl=https://www.gacmotorza.co.za/model/emzoom%3Fgad_source%3D5%26gad_campaignid%3D22633970564%26gclid%3DEAIaIQobChMI0qmU0rC4kwMVZloABh3GCA2uEAEYASAAEgLZW_D_BwE,https://www.gacmotorza.co.za/model/emzoom?gad_source=5&gad_campaignid=22633970564&gclid=EAIaIQobChMI0qmU0rC4kwMVZloABh3GCA2uEAEYASAAEgLZW_D_BwE,no,no,no,no,no
298,https://www.googleadservices.com/pagead/aclk?sa=L&ai=CaQpr7yzBafrsKemYvcAPgbGVmA2WpIyMhQHP_Yb6qxWgrrHDjSoQASCwhZ0aYImLxIT0E6ABkZu44gLIAQmpAsVbc_k_6jo-4AIAqAMByAMKqgThAk_Q0pYbWulRlI8LY7JEB7Dm47Msb5k6zMHg7nrOdg6wTKTi0kyGUVqTG0DHTfFBBdMBpzeyFYlVDMDduccSa1QGIqbOobiWS-aMhcchND3LfgbaXnG-GMxct8ukE3e1cJXsmO5Y4bf8lrE3YEZf-rFNeZr8sXx7_K_DKjH3ANY1CAxHzB4CiXNtNTubw7Z9Ea1FAgU53PO3Rewn4MOrsEd77fNjmJInylx7SPC6ou6Xj4lZyIfxc04QXaWG89BhBx14vNUBZ3zEzdyPFnKUXQ0YicG-pR-l7D6ieLAa9dnewnCJzgB2prf8rqGBG3-2PG6NA-HERfK-LId49iWFVya_0EG-qpV5jkN8tdWezPdf7XtW7Dy8as64k8buJLxP0N88Kd7VyJAN_SAWq0pq0Chs8X1XncY62-zTD8SC9I4J1sBZAG6NE6mpdYGHXHpHRnoGXpikCrbDTy3MR0cgoc_lwASP9rzxrwXgBAGIBYbyvrlUoAYugAfX5MedAagHp8yxAqgH4tixAqgHpr4bqAfMzrECqAfz0RuoB5bYG6gHqpuxAqgHjs4bqAeT2BuoB_DgG6gH7paxAqgH_p6xAqgHr76xAqgH1ckbqAfZtrECqAeaBqgH_56xAqgH35-xAqgH-MKxAqgH-8KxAtgHANIIMgiA4YAQEAEYnQEyCKqCgICAgIAIOg6AwAOAgISAgJSu4AOoB0i9_cE6WMimrP_9tZMDsQmEOTgRlB0IQIAKA5gLAcgLAYAMAaIMA5ABAaoNAkpQyA0B4g0TCMGDrf_9tZMDFWlMDwIdgVgF0-oNEwjnkLD__bWTAxVpTA8CHYFYBdPwDQKIDv___________wGwDqHU6cQYuBPkA9gTDNAVAZgWAcoWAgoA-BYBgBcBshcOGAEqCjI0NTk4Mzc2NTe6FwI4AaoYFwkAAAAAIMHxQBIKMjQ1OTgzNzY1NxgBshgJEgLBThguIgEA0BgBwhkCCAE&ae=1&gclid=EAIaIQobChMIuqCx__21kwMVaUwPAh2BWAXTEAEYASAAEgKMgfD_BwE&num=1&cid=CAQSbwAFq6B9ovNAuhSswVmCgSd_T3b2nHTEgbF0VFd982kUl9CuY5BeWjEB0C_SbyswNPqRYZ-XT7uZwcl4bd1nz9kXGdeEwKt8iowLUCt5B_SPjYPa7ICLhpcO44sWKVXE0EETUI7iM-Swt5pnB77cSRgB&sig=AOD64_0L-95epNWgEMWiUlv4--bNUcYOjQ&client=ca-pub-6447179309296276&rf=4&nb=9&adurl=https://www.forlady.jp/slim/pc//%3Futm_source%3Dpmax%26utm_medium%3Dcpc%26utm_campaign%3Dpmax%26utm_content%3D%26utm_term%3D22669143749%26gad_source%3D5%26gad_campaignid%3D22669146374%26gclid%3DEAIaIQobChMIuqCx__21kwMVaUwPAh2BWAXTEAEYASAAEgKMgfD_BwE,https://www.forlady.jp/slim/pc//?utm_source=pmax&utm_medium=cpc&utm_campaign=pmax&utm_content=&utm_term=22669143749&gad_source=5&gad_campaignid=22669146374&gclid=EAIaIQobChMIuqCx__21kwMVaUwPAh2BWAXTEAEYASAAEgKMgfD_BwE,,,,,
299,https://www.googleadservices.com/pagead/aclk?sa=L&ai=Ck1xcVxbCad3oK8nejeYP6qTJqAqhlbOAhgH8jbTrnhWkl__t9ykQASDenax1YIkDoAHGoMHgAcgBAqgDAcgDyQSqBIUCT9DJR5cGQrr3ZR6fCK3NWHJRBd9LU6YqgNELqxah4IfcSrD7TRgmOnGpKDdF9X-FWvjzc-O6xM84O7u3PJ1hvLuBl5Ym83jPTqtUDaDAx3ZW1B9Q5Yh2ApAuMo27dQXtuX1yxTZi2bijhV1D2QD-5jy4gKEc0rWfwJtm4jbXcSqIiWpE5XN1UBXWL_S4cDk8NoCJIY9Lo-PFpdbNoQ60l4M8CXRY-hJSTArilZPbPN7EgxVL1IWJHJYT8S-jf6hKo8g0D13NJIkLPekhn-uDKtwq2DeNK8n-8XCzWqOxHp8BBNDIRSr0n4iC3DYpPuKd8veC574c0v4HPW7b8Es6mJ2kL1sVwASXm7a8sQWIBamnz_E3oAYCgAei376fAqgHp8yxAqgH4tixAqgHpr4bqAfMzrECqAfz0RuoB5bYG6gHqpuxAqgHjs4bqAeT2BuoB_DgG6gH7paxAqgH_p6xAqgHr76xAqgH1ckbqAfZtrECqAeaBqgH_56xAqgH35-xAqgH-MKxAqgH-8KxAtgHAdIILwiAYRABGN0BMgiKgoCAgICACDoNgECAwICAgICogAKoA0i9_cE6WLXar8vct5MDsQng5w18iHrHK4AKA5gLAcgLAaIMA5ABAaoNAkpQyA0B6g0TCJn0r8vct5MDFUlvwwYdalISpfANAogOBdgTDdAVAZgWAcoWAgoA-BYBgBcBshcQGAEqCjc5MjY3Mzc3NzJQBroXAjgBqhgXCQAAAABAiQhBEgo3OTI2NzM3NzcyGAGyGAkSApFUGAIiAQDQGAHCGQIIAQ&ae=1&gclid=EAIaIQobChMInfCvy9y3kwMVSW_DBh1qUhKlEAEYASAAEgLZGfD_BwE&num=1&cid=CAQS0AEABaugfYQIB7Ge9M6PjwJ5WOrEDKHJNGjJNMU56jjfyguWyDN2r-4U5YhT3Tnm0ZZGulpL2o-u3kEz4eR7BQr1TyPIAXORwx1R7BFKd52bXQ0Ewoj9-7LbuhAxEsXqqbRtxh6gskLQaJLDJVczazp_MdtVQn5XpMaiDQwa-aovupzrvgIn-yWcx7xFtYafGIfz-DcePT7OHXNb-EKXPn7ocvwGZa8JxdiPV_LL-Cmr_JMeGIjkxeYIorX_lOqEFxfv7VHmyoWSzLtuSSOmUyDUGAE&sig=AOD64_15JJgPpmKkCc0wMf2gZQPMu35ReQ&client=ca-pub-7209808242714184&rf=2&nb=2&adurl=https://www.nobuhotels.com/miami-beach/offers/stay-longer-at-nobu/%3Fgad_source%3D5%26gad_campaignid%3D15002227625%26gclid%3DEAIaIQobChMInfCvy9y3kwMVSW_DBh1qUhKlEAEYASAAEgLZGfD_BwE,https://www.nobuhotels.com/miami-beach/offers/stay-longer-at-nobu/?gad_source=5&gad_campaignid=15002227625&gclid=EAIaIQobChMInfCvy9y3kwMVSW_DBh1qUhKlEAEYASAAEgLZGfD_BwE,yes,yes,yes,yes,yes
300,https://www.googleadservices.com/pagead/aclk?sa=L&ai=C1Zyy2AfCacXXHoqgjeYPnfCjoQToz7T6hQGQ1vf4rhW_4R4QASDCiLkiYJsDoAGY2fHXAsgBCakCLP0_ysEWBz7gAgCoAwHIAwqqBOQCT9DCZTDlPhfgSbJvdbK2vxzelDv0WtnIPaADeAY-trNFjnterARQrFTQpyLHoraYdThZY05ymZVGwC-sPItFPBAZEoDlnZsafh0WWHHHN6gpFIQd9AQC63K3nfjVfSdK2x8iALy_tvHtlkmqgOYS-Rf7dON6Kjpmdl-PdkienWRCS6N8gte8CawpMgZQOCg3gh_qR_Q7KwpJ2zHRxWpCYWBCd4k2FPX6HbHpGQtxRhGns8bbimS_sQWeLeJ3qXB5G3A2WZgmGivI1IxjvXtR1nD6tx7qPAKHhCPSci_9m3VX2bgcJxDZVC6HGCggSL_Vk8QMy6RBcRrnFOW0hvzDKkTgb4kIE_s_iGYg9eS7w6ul4NsD4R-HVVjEMqJAvlwLnoaDJtSfZhvbeqsv8gOyv-dZG5f73HAetwWabW3wbp2VJdkQQaUPUFT0Y25jyIlvrMATMaF3GpkNcDRbLPJkyJGaYjfABLjmnqrWBeAEAYgF5vmPl1igBi6AB9CmjqgBqAenzLECqAfi2LECqAemvhuoB8zOsQKoB_PRG6gHltgbqAeqm7ECqAeOzhuoB5PYG6gH8OAbqAfulrECqAf-nrECqAevvrECqAea4bECqAfVyRuoB9m2sQKoB5oGqAf_nrECqAffn7ECqAf4wrECqAf7wrEC2AcA0ggwCIBhEAEYnQEyCIqCgICAgIAIOg6AQIDAgICAgKiAAqiDEEi9_cE6WNfQ2eHOt5MD8ggbYWR4LXN1YnN5bi0zNDQ4MzQxODUyOTI5MjUzsQkduAsBxlhag4AKA5gLAcgLAYAMAaIMA5ABAaoNAktSyA0B4g0TCP302eHOt5MDFQpQwwYdHfgoROoNEwj37NzhzreTAxUKUMMGHR34KETwDQKIDv___________wHYEw3QFQGYFgHKFgIKAPgWAYAXAbIXDhgBKgo0ODEyMTEzMTUxuhcCOAGqGBcJAAAAAACi3EASCjQ4MTIxMTMxNTEYAbIYCRICsFMYLiIBANAYAegYAcIZAggB&ae=1&gclid=EAIaIQobChMIxaPd4c63kwMVClDDBh0d-ChEEAEYASAAEgLN2fD_BwE&num=1&cid=CAQS0AEABaugfeRbppIVM14WUGffgliJjeA_uW2Ub2F0EXkct-hbpv_edJaCtEYvPNXKqzO_nJwNCSuoUa1Aq7lDzQ-Kzl8yOal5ctdr4biDEnJ1TNJgyoBadOiajURACO2Z-mHsswElP9jiyHeVW0FFMjGgPizdzue1glDIIZAhJCjw-dut2nwy_jaSXHbyT2HaUNf7mmR6sTp8dJvKNIDiu4lcwHw1XjgQvn90-nNlo7XXjsujkUUsrWLFOIrVCWuEDeSvK6tdjUV0FFvAR2nYdSisGAE&sig=AOD64_3DrBo71szC9gC3558Rc92wkEnUtg&client=ca-pub-5610521491184789&rf=4&nb=9&adurl=https://dk.masanggames.co.kr/WEB_EVENT/11767527%3Futm_source%3Dgdn%26utm_medium%3Dcpc%26utm_campaign%3Ddioneopen%26gad_source%3D5%26gad_campaignid%3D23670815974%26gclid%3DEAIaIQobChMIxaPd4c63kwMVClDDBh0d-ChEEAEYASAAEgLN2fD_BwE,https://dk.masanggames.co.kr/WEB_EVENT/11767527?utm_source=gdn&utm_medium=cpc&utm_campaign=dioneopen&gad_source=5&gad_campaignid=23670815974&gclid=EAIaIQobChMIxaPd4c63kwMVClDDBh0d-ChEEAEYASAAEgLN2fD_BwE,,,,,
301,https://www.googleadservices.com/pagead/aclk?sa=L&ai=CJNYBJyzBaea_CZ6A2roP59rl8QTa58njhQHIyMDf6BWYo5ypoEcQASDa18U5YImLxIT0E6ABvZ3WpAPIAQmpAsVbc_k_6jo-4AIAqAMByAMKqgSEBE_Q2Eo1U3KGnHCkVXP9qKF-0rB4s9bgaP3XDvzQJ8on10ONtpYVaaQ0W0zwKOqJ66GnM_z8W8LnPCxUA2DWCbYK_AujrmzeuwQr0RLwy1KvApA68RMIR0_tZ9-1MYy6aRfSK7vwEA6C9657_dTI7-jVlcR5UP0raGHiiVcGU_qcNCCHBBgxm4mRmXBpFBnsCFv3if0XnC_YsBWWP-O-HD1POhGlAqrdW1JGEDLWE5OsBaa4OZpwap00-yeN2bNAtLUnxQtR-T02TPQ2BmrdNPPLg-NghadexAVQ0TYPhPN5yoZo3xkLrCSe62jRWiHzzSIrtYMCxTiVnXTAVMg8hbFcXU-Q7AA3hWhqyWTtjjKEbq4MqHLGHHjhO58h_N0j-A0FLDEVX45IxCrvGQvphXLbK0sCf9rJY8_8lxkLBHRKqas9WqXDyRJYt4duaSjAeMZN9rd0_wTaauq1FtOzdRKoECDtUmwwI5b6Mhs5IKm8k-DSkX2t4bbNyCMEuiP1xB7FuKTvEcrktoqNtxLTZ10KptuRAWbhI_BAQP2dtgzgo-OlHoxXDe9blJMoJ9yTjAylRJswlAbUJczzdj4R8z_GrgohDfkwi14oV45PhAhSRVabE4hq-heygadBh8jVd28rMnLu30uSwdLfuAB7SiP9m1su5uqaHGabFKYXqZV-22QXuMAE3N2Egs4E4AQBiAWp36yVTqAGLoAHq-KpW6gHp8yxAqgH4tixAqgHpr4bqAfMzrECqAfz0RuoB5bYG6gHqpuxAqgHjs4bqAeT2BuoB_DgG6gH7paxAqgH_p6xAqgHr76xAqgH1ckbqAfZtrECqAeaBqgH_56xAqgH35-xAqgH-MKxAqgH-8KxAtgHANIILwiAYRABGJ0BMgiKgoCAgICACDoNgECAwICAgICogAKoA0i9_cE6WPjK3Z_9tZMD8ggbYWR4LXN1YnN5bi0xNjE0OTEzNTk4ODc1NDk2sQmDHAJieGbWMYAKA5gLAcgLAYAMAaIMA5ABAaoNAkpQyA0B4g0TCMO_3p_9tZMDFR6AVgEdZ205TuoNEwiUzuCf_bWTAxUegFYBHWdtOU7wDQKIDv___________wGwDuXgmZYY2BML0BUBmBYByhYCCgD4FgGAFwGyFw4YASoKODQ2NjE1NjM1NLoXAjgBqhgXCQAAAADg5uhAEgo4NDY2MTU2MzU0GAGyGAkSAvhUGC4iAQDQGAHCGQIIAQ&ae=1&gclid=EAIaIQobChMIpu_hn_21kwMVHoBWAR1nbTlOEAEYASAAEgKLZ_D_BwE&num=1&cid=CAQS4QEABaugfQRikVKndIKTgoYF-fbXkHTed-Izw501jqqMMT9Yo51CyHXA1PiQI5VlsCDh-5V2xxpUH_mIecYzDVcZkOaf5O_xpbG1l2OIF00q6H27Jb4PqdA1qJ_jadiipaQd1nXH3HQzfD_5cuTcrpg6rKv8zodbd6NPmX5VN6uL9wWqbwg8LXoN-9_KUzviWmzdtZcbE8bNjsVq777B1hjUjSTlH_r8ywexSQupEeZz882I2gI6DU27vVAO0C-PtpIMBeD2n7o4wRA88Qfu_710Gp2-2XHlTjRul1dV75O_FWoYAQ&sig=AOD64_02wUIZ4oU5g4MgL_beFJQSbyKthQ&client=ca-pub-3605257360853185&rf=4&nb=9&adurl=https://www.powertite.co.jp/html/VF_SQtokutyou.html%3Fgad_source%3D5%26gad_campaignid%3D20982738857%26gclid%3DEAIaIQobChMIpu_hn_21kwMVHoBWAR1nbTlOEAEYASAAEgKLZ_D_BwE,https://www.powertite.co.jp/html/VF_SQtokutyou.html?gad_source=5&gad_campaignid=20982738857&gclid=EAIaIQobChMIpu_hn_21kwMVHoBWAR1nbTlOEAEYASAAEgKLZ_D_BwE,,,,,
302,https://www.googleadservices.com/pagead/aclk?sa=L&ai=C1lFQP2zCaYbYEMvyjeYP6cHEoAm85dCJhgG96KHozhWwkB8QASCwhZ0aYMfdgI6EJqABz-OIuj_IAQmpAvbAWSQgqm8-4AIAqAMByAPLBKoE0AJP0OlqSeCqhyLsJQ02Sxbs6qy6xcyh8vLLOVh9TpJI5RWfT-vYwI7spx-0Q9CuKRQCzIVvW4_wN3FDTWzmoWIUZ4qlidYkf3eVTrz_DsL5utZ93OMez2e6apL0a3RDosNf_4pyaO6bDRYDUtmYlDZ0L_7T1h1sLH1S69hhI1pHP959KwNFAsX8mHvuT1ht29WN7bFmFAmGyYrptXU0Y52akWGBk7VDGt8JQKoTWJ6gYMcUmYgQHuNCZbYpjXxQhUqBaGon4xnNcSb0UPjkCx-KM5o369YVV_Co37KFTy7FdvKz9YiCf_W_W_MLgxxIueiotXbmTCwZHQfBv9kIBNQ6gD6zYMTJjh3BbTKJbnN_hNTrO145udHumsr4bgXCMYtKt1CSrpgosZoELC1_zNZudd9mwK7Hnvay5D5RIuGEUyEIhPuPnz0p72HFdWe0SVHABOGBnonYBeAEAYgFmKrduVegBi6AB8-b2ZkaqAenzLECqAfi2LECqAemvhuoB8zOsQKoB_PRG6gHltgbqAeqm7ECqAeOzhuoB5PYG6gH8OAbqAfulrECqAf-nrECqAevvrECqAea4bECqAfVyRuoB9m2sQKoB5oGqAf_nrECqAffn7ECqAf4wrECqAf7wrEC2AcA0ggyCIDhgBAQARidATIIqoKAgICAgAg6DoDAA4CAhICAlK7gA6gHSL39wTpYoKPfwa64kwOxCVd0ju3zlpqxgAoDmAsByAsBgAwBogwDkAEBqg0CWkHIDQHiDRMI99Pfwa64kwMVS3nDBh3pIBGU6g0TCLeU4cGuuJMDFUt5wwYd6SARlPANAogO____________AdgTDdAVAZgWAcoWAgoA-BYBgBcBshcOGAEqCjI0NTk4Mzc2NTe6FwI4AaoYFwkAAAAAIITsQBIKMjQ1OTgzNzY1NxgBshgJEgKoThguIgEA0BgBwhkCCAE&ae=1&gclid=EAIaIQobChMIxvPhwa64kwMVS3nDBh3pIBGUEAEYASAAEgLlovD_BwE&num=1&cid=CAQSgQEABaugfR2PWZVgYTOvEktHvtPw8WwnRM-yKPPdCi-zceoo9DUBr31kzAgsdRLT4mXotRT_0Bdrji7_mCZL0E-UOv02FFyWysdLrpkn_eqOD7F1ORsPkrg3zAu1Uik-CYk-nzHTGxgNRKq8pedvu4xSk1LWzfpX5kZad0oBtcbinVoYAQ&sig=AOD64_25hEy6bxBEwf0dBqW9bX56UG5Trw&client=ca-pub-6447179309296276&rf=1&nb=9&adurl=https://jmcsouthafrica.co.za/test-drive.html%3Futm_source%3DAdWords%26utm_medium%3DDemandGen%26utm_campaign%3D%7Bcampaignname%7D%26utm_content%3DJMC_Carryingplus_New_Google%26gad_source%3D5%26gad_campaignid%3D23474951448%26gclid%3DEAIaIQobChMIxvPhwa64kwMVS3nDBh3pIBGUEAEYASAAEgLlovD_BwE,https://jmcsouthafrica.co.za/test-drive.html?utm_source=AdWords&utm_medium=DemandGen&utm_campaign={campaignname}&utm_content=JMC_Carryingplus_New_Google&gad_source=5&gad_campaignid=23474951448&gclid=EAIaIQobChMIxvPhwa64kwMVS3nDBh3pIBGUEAEYASAAEgLlovD_BwE,,,,,
303,https://www.googleadservices.com/pagead/aclk?sa=L&ai=ClK-DfQDBadrrL__3pt8P_LHyyQuLwqP6hQGcqbeopBWwl-joiBUQASCkhPwdYImLxIT0E6AB15GV-APIAQmpAtKl61kq8To-4AIAqAMByAMKqgSfAk_Q2I4tC6Bs50tEKCQ4zU95jPpjTPrz2feeQpSN9TynmKxX43ZTvYCae6DNbJBST5UGLfFdC7uCSJK3wtIXjPhffb2DbVLlq4VvqEbAPuVvwC3bxJm-U5VrcPHK6JEoZUhcPWo85KlU-earcF-MkZ6L-FmiO0mEkxzPCUNrzjs5OS2zKd2hNC1sOR8byMYO-gRShCc8DiQZ10q-6GRM5r0NQIFmMA0EWFvBQamPxpnMno1pU0KAgujICKIfCHQS-BDkpgTxZkCL0cpouhY2JRYkQqCb0-1ZAuipnvouJBnUmlgd_d_KKyVPIx7Q5BbeMDgYumNyk55W90_xPHt38SCurPRvGn11GkA7Z9DZAsSKZtarggdC8jJKNG31IMqowAS-u9LL1wPgBAGIBdzd2KYGoAYugAeR7uoHqAenzLECqAfi2LECqAemvhuoB8zOsQKoB_PRG6gHltgbqAeqm7ECqAeOzhuoB5PYG6gH8OAbqAfulrECqAf-nrECqAevvrECqAfVyRuoB9m2sQKoB5oGqAf_nrECqAffn7ECqAf4wrECqAf7wrEC2AcA0ggyCIDhgBAQARidATIIqoKAgICAgAg6DoDAA4CAhICAlK7gA6gHSL39wTpY6q75zdO1kwOxCTPTGdA7DrhUgAoDmAsByAsBgAwBogwDkAEBqg0CSlDIDQHiDRMI-fD5zdO1kwMV_7vpBR38mDy56g0TCKSY_M3TtZMDFf-76QUd_Jg8ufANAogO____________AdgTDdAVAZgWAcoWAgoA-BYBgBcBshcOGAEqCjMxNTMxNjQyMjS6FwI4AaoYFwkAAAAA-BEPQRIKMzE1MzE2NDIyNBgBshgJEgKDVRguIgEA0BgBwhkCCAE&ae=1&gclid=EAIaIQobChMImp79zdO1kwMV_7vpBR38mDy5EAEYASAAEgL-p_D_BwE&num=1&cid=CAQSbwAFq6B9HHu7d7ugw-23-7A9NOrXj2JsV26NzjyoYdublmVM-xiFjQLSJ6gdVWGHM7R7rDzZKvYMicSfZAQmJxg8TmWbxYfrJNptctDejJeWALlE8OXBGXNaNKu4QbA9PybmTK4AuYkTP2dWSFw9FRgB&sig=AOD64_0vy9Uz9JokWgCRHU_cwTJ0d0c0tA&client=ca-pub-6597645848653118&rf=4&nb=9&adurl=https://www.fmv.com/store%3Fsrc%3D286%26K%3Dwebads%26utm_source%3Dgdn_rch%26utm_medium%3Ddisplay_rch%26utm_campaign%3Dgdn_rch%26argument%3DewrtkV29%26dmai%3Da696f2b8adda6c%26gad_source%3D5%26gad_campaignid%3D1691758300%26gclid%3DEAIaIQobChMImp79zdO1kwMV_7vpBR38mDy5EAEYASAAEgL-p_D_BwE,https://www.fmv.com/store?src=286&K=webads&utm_source=gdn_rch&utm_medium=display_rch&utm_campaign=gdn_rch&argument=ewrtkV29&dmai=a696f2b8adda6c&gad_source=5&gad_campaignid=1691758300&gclid=EAIaIQobChMImp79zdO1kwMV_7vpBR38mDy5EAEYASAAEgL-p_D_BwE,,,,,
304,https://www.googleadservices.com/pagead/aclk?sa=L&ai=CqV9M8WvCabufLuCAjeYPuMnX2Qmjj5XchQHavd7L-wyt1Nvb2g4QASCL8IofYMfdgI6EJqAB6cGjugLIAQmpAlPC9pMhz28-4AIAqAMByAPLBKoEkwNP0PXgv9FpIRy-RjzF6tkK3dSra_GMZtH34tgSr645VqrSET0nSpQJNFlxWRoBLwXuL4PD3HmYB-pCRJWmXilcbKdBow-XAcLIyeqmBg8laD8kmv9HAUWYU0jseIYqs5ojFURe2muN-M4zeTHjvPDu71Pm2vVl8Myb3CNa0MEVgTR5P0NC4fJFnZTjgsgla1PJVgueNTjZpgp0-aBxznf3Jir2bwHcoyVfL-IL11LLM7Iniy3zdUCQ_EaTD4ov60NmUJ_00_Cp4B2_Y99QwTMdgtrjakCRc9AHxre-5SnsZK9vX-2pU_CxSK0CxhLPdvhCvFNE8efJujcLUXpNu0cQ6WwjmrmDBmmmqGCt1gLag8Z-MIC0VXhQ30Q_ujxgJkbN81XolOuycKJLggBhHIiQmVppgbVAT6V08D8Zxq0WfdXIxPz_jFxNUfJJSGvR_iygQmGIHm5ZPwOQ7MV6bxri5Ru_iYAPKkMk7DbVucBM-Us1tyFzi7HiGQS_v6e2-3ieYoPN4Ep42jj7CZ6VMjxrKsi6wASw97v2uQPgBAGIBc7RnJwr-gUGCCUQARgAoAYugAf_vdzFAagHp8yxAqgH4tixAqgHpr4bqAfMzrECqAfz0RuoB5bYG6gHqpuxAqgHjs4bqAeT2BuoB_DgG6gH7paxAqgH_p6xAqgHr76xAqgH2baxAqgHmgaoB_-esQKoB9-fsQKoB_jCsQKoB-LYsQKoB-LYsQKoB-LYsQLYBwDACAHSCDEIkOGAQBABGJ0BMgiLg4CAgICACjoNgECAwICAgICogAKoA0i9_cE6WN7A5ZyuuJMDgAoDkAsDmAsByAsBgAwBogwFSAGQAQGqDQJaQcgNAeINEwjS6OWcrriTAxVgQMMGHbjkNZvqDRMIta7mnK64kwMVYEDDBh245DWb8A0CiA7___________8B2BMMiBQU0BUBmBYByhYCCgD4FgGAFwGyFw4YASoKMjA0NTIxNDIyOLoXAjgBqhgXCQAAAAC8Ux1BEgoyMDQ1MjE0MjI4GAGyGAkSArdRGC4iAQDQGAHCGQIIAQ&ae=1&gclid=EAIaIQobChMI-9vmnK64kwMVYEDDBh245DWbEAEYASABEgIaTfD_BwE&num=1&cid=CAQS0QEABaugff2UPl6A1KXl73IsLjUeYJL93Cr92zbNKkbChhT2AT79URHTtafKm8rJeCSXwe_GGfpRhtGCpP1RtTeiH1MJBEp8ZLMdkzwQZ2-JbBhlSZjFwtcjCxIaiNr-P7jSikSJ1Nq-S1VjQFy5u3YXc5AXSN66pfNTWJ1kr86qdsDxLakyXLwq6iAU2PgyeR_e7xH7hFgMs8Vksq6aXJXVEVP1ZkX0ZbPjxIOaAv1Zsw-ejCggQ7XYGtiUuxdrWey84GDLlZQbplj5KK4a8JsN6RgB&sig=AOD64_2FizT0mM2h6IpCe8is47m9AV7wSA&client=ca-pub-3746578658400510&nb=9&adurl=https://foamy.co.za/product/fully-mobile-handwashing-unit/%3Fattribute_texture%3DGeneric%26utm_source%3DGoogle%2BShopping%26utm_medium%3Dcpc%26utm_campaign%3DFeed%2B1%26gad_source%3D5%26gad_campaignid%3D11601914062%26gclid%3DEAIaIQobChMI-9vmnK64kwMVYEDDBh245DWbEAEYASABEgIaTfD_BwE,https://foamy.co.za/product/fully-mobile-handwashing-unit/?attribute_texture=Generic&utm_source=Google+Shopping&utm_medium=cpc&utm_campaign=Feed+1&gad_source=5&gad_campaignid=11601914062&gclid=EAIaIQobChMI-9vmnK64kwMVYEDDBh245DWbEAEYASABEgIaTfD_BwE,,,,,
305,https://www.googleadservices.com/pagead/aclk?sa=L&ai=C_22JWhLCaYVKieyN5g-Fm6rZCK6OlYqGAfKYtOvjFKvGse3jCBABIIC8xnNgmwOgAYK2mvRAyAEJ4AIAqAMByAMKqgTNAk_QWh_0y96rIa3Q9KJND5qREyQopcCuY1xtu9HDUQU28TC5m474FlxsbjkqSOBiErFIfR5ipA_Qj5AzxlQbVMR6ycdCD8HP0V8fmoq7VCkukablw0rEzloapNoFiagej_zoX3s8Yv-JU3SdPjjwg0MGTRIwWgcwP2Gy5yJpwStOiOKqS8a6OESaHcCh2T1057s8c9YAshL3c5lwcEFA8H5KFUKp2UizFZB05Exk0hsPu3NkA1aoIKxTi3lpT2Ybtal4pRARBif41cbTv_PeJv-6aUfZjWsKnAbTZZKiHiAMzwu170RXi8sveoXkefUQkSdJmMOTEpQOtUGJfgr7GQjwmODRAR9qpN2feLzjl7MmMWd8mMKrVwcVHmQ8Wla7fBYD-rYXngPW3DsjTFJfvHPPe1Bge3eLFCYL2dsP4kBejbi7tLwOmI_oGLBjLMAEvb3n_q4F4AQBiAWa2eTIVaAGLoAHgu7q0xuoB6fMsQKoB6a-G6gHzM6xAqgH89EbqAeW2BuoB6qbsQKoB47OG6gHk9gbqAfw4BuoB-6WsQKoB_6esQKoB6--sQKoB9XJG6gH2baxAqgHmgaoB_-esQKoB9-fsQKoB_jCsQKoB_vCsQLYBwDSCDAIgGEQARidATIIioKAgICAgAg6DoBAgMCAgICAqIACqIMQSL39wTpYxJCV5Ni3kwOxCb2rBk6O-MYvgAoDmAsByAsBgAwBqg0CS1LIDQHiDRMI9bOV5Ni3kwMVCXbDBh2FjSqL6g0TCOuSl-TYt5MDFQl2wwYdhY0qi_ANAogO____________AdgTDYgUBtAVAcoWAgoA-BYBgBcBshcOGAEqCjk3Mjg5OTk1NjS6FwI4AaoYFwkAAAAAXJsSQRIKOTcyODk5OTU2NBgBshgJEgKTThguIgEA0BgBwhkCCAE&ae=1&gclid=EAIaIQobChMIhd-X5Ni3kwMVCXbDBh2FjSqLEAEYASAAEgI5M_D_BwE&num=1&cid=CAQS0QEABaugffAEPyBuDL08ws0bljb1PFbzecYFy-ENIFJu-qt249sGpI9cs5FwtVg279ZzXWhXIgDPDxxq33B5nBjPayamgbpbECwwjN3ms5NonvjCgew6IlQOp0L_MMT9nfuB5iheDoQ9Wb-ErrQDho1sDgBP8zUyQTCRVicVgZTJn0FOqEIX_PdZJgFpqq15J0ijiOrwtq36h9wsiVSzx5q6tIx_NfAc2XrnpSiBeWmV0EsXfmjld8k2NHgSYbN110vXPS-SpNZ7qH_qmA-hUdfaNBgB&sig=AOD64_1W0ZFKfBpT-GW0tHhykzwXtCS12A&client=ca-pub-2018484621237323&rf=4&nb=9&adurl=https://www.caspianoakland.com/%3Futm_source%3Dgoogle%26utm_medium%3Dcpc%26utm_campaign%3DDisplay%2520-%2520Affinity%2520(Maximize%2520Conversions)%2520-%2520Technophiles%2520-%2520(San%2520Francisco%2520DMA)%26utm_content%3DBrand%2520%26%2520Project%2520Features%26utm_term%3Dfortune.com%26gad_source%3D5%26gad_campaignid%3D22969658522%26gclid%3DEAIaIQobChMIhd-X5Ni3kwMVCXbDBh2FjSqLEAEYASAAEgI5M_D_BwE,https://www.caspianoakland.com/?utm_source=google&utm_medium=cpc&utm_campaign=Display%20-%20Affinity%20(Maximize%20Conversions)%20-%20Technophiles%20-%20(San%20Francisco%20DMA)&utm_content=Brand%20&%20Project%20Features&utm_term=fortune.com&gad_source=5&gad_campaignid=22969658522&gclid=EAIaIQobChMIhd-X5Ni3kwMVCXbDBh2FjSqLEAEYASAAEgI5M_D_BwE,,yes,,,yes
306,https://www.googleadservices.com/pagead/aclk?sa=L&ai=C3HdjzAHCaejrHYPms8IPx42z2ASE5dDthQGYweSe0xQKEAEg8qrpKGCbA6AB6uuJuwPIAQPgAgCoAwHIAwiqBKECT9DNSBYxmJIIewTNgygkmNOM_Gbd9tb8bJgptPFE_5DsSe3t8XAGAddZvuF2vgTorAaOtf26qEhsGCOscP4HKydOqrCAl7-1ssTNP8S00EmZaI0wo1DgFP6DKaOf5JfW4u1ZqICica4pf-mu8urVoWPVzDIsR5MfTmtr1h2ENWVInBZ3QpazTnrzw76TnZaSdJRmcYN0upMM_M0znNOrDwvOPOqH0d-vHMI5LSchRDllF-EvukYE70FZnRLMnpA2RCKEv5LDHgCn2VpiOAn20PJNpNQDESyEuwxLdPq4NVbzeUFUhCY3yEsq_pPGAZMiv6g9gOjigHw9BjmmwUChDT5ZHueDEXPwjhO724LUQdQYEmjgUk1iiUkQqDiKbMh3PcAEkL_t7LwF4AQBiAXY7JjKVKAGA4AH_pP2RKgHp8yxAqgH4tixAqgHpr4bqAfMzrECqAfz0RuoB5bYG6gHqpuxAqgHjs4bqAeT2BuoB_DgG6gH7paxAqgH_p6xAqgHr76xAqgH1ckbqAfZtrECqAeaBqgH_56xAqgH35-xAqgH-MKxAqgH-8KxAtgHAdIIMgiA4YAQEAEYnQEyCKqCgICAgIAIOg6AwAOAgISAgJSu4AOoB0i9_cE6WLOZxP_It5MDsQn1P9ZTMfBOeoAKA5gLAcgLAaIMA5ABAaoNAktSyA0B4g0TCJ3rxP_It5MDFQPzTAIdx8YMS-oNEwj7tcn_yLeTAxUD80wCHcfGDEvwDQKIDv___________wHYEw3QFQGYFgHKFgIKAPgWAYAXAbIXDhgBKgo0OTI4MzEzMzk2uhcCOAGqGBcJAAAAAGDy5EASCjQ5MjgzMTMzOTYYAbIYCRICu08YAyIBANAYAcIZAggB&ae=1&gclid=EAIaIQobChMI6IHK_8i3kwMVA_NMAh3HxgxLEAEYASAAEgIESfD_BwE&num=1&cid=CAQSbwAFq6B98fEOneK6msWX8u2ayz2SdtLdqfoSVuaPHAiEyKnnwKcCaWYlCUihF5EKeigW_HhVGO5BgNW7No2R83e0kndHBFQ2tV3TozauOjVyM-g6cyCoCh_DSTyxFYEK8WhZxJRpNufNk10GauQIhhgB&sig=AOD64_0IvFF4REMgz68El_nB8-ZR4riV8A&client=ca-pub-8750086020675820&rf=5&nx=CLICK_X&ny=CLICK_Y&uap=UACH(platform)&uapv=UACH(platformVersion)&uaa=UACH(architecture)&uam=UACH(model)&uafv=UACH(uaFullVersion)&uab=UACH(bitness)&uaw=UACH(wow64)&uafvl=UACH(fullVersionList)&nb=2&adurl=https://www.theograce.com/products/totem-3d-bar-necklace-with-diamonds-in-18k-gold-plating%3Futm_source%3Dgoogle%26utm_medium%3Dcpc%26utm_campaign%3DUS_ALL_Google_cpc_Display_TCPA_TGR_DT%26utm_content%3DWomens%2520Apparel%2520%252B%2520Topics%2520-%2520DT_New_Logo_Male%26utm_id%3D22704174680%26c%3D%26DisPop%3DY%26smt%3D%26genseg%3D1%26dy%3D%26GDN%3D%26sliceTag%3D188133105552%26cq_plac%3Delpais.com%26cq_net%3Dd%26gad_source%3D5%26gad_campaignid%3D22704174680%26gclid%3DEAIaIQobChMI6IHK_8i3kwMVA_NMAh3HxgxLEAEYASAAEgIESfD_BwE,https://www.theograce.com/products/totem-3d-bar-necklace-with-diamonds-in-gold-finish?gclid=EAIaIQobChMI6IHK_8i3kwMVA_NMAh3HxgxLEAEYASAAEgIESfD_BwE&DisPop=Y&gad_source=5&cq_plac=elpais.com&c&sliceTag=188133105552&cq_net=d&genseg=1&utm_campaign=US_ALL_Google_cpc_Display_TCPA_TGR_DT&GDN&dy&utm_medium=cpc&gad_campaignid=22704174680&utm_id=22704174680&utm_source=google&utm_content=Womens%20Apparel%20%2B%20Topics%20-%20DT_New_Logo_Male&smt,yes,yes,yes,yes,yes
307,https://www.googleadservices.com/pagead/aclk?sa=L&ai=CUq6nZ2bCafT-KNiG29gPov2z4QHel_eChgGEn6DtixXIy5L23TIQASDApasjYMfdgI6EJqAB8o7hqgLIAQngAgCoAwHIAwqqBOQCT9BNQZocqMlRpMdShBzhadvl9BnnDMFkSoSkOx9fLqj7cSIeYd6cN9Fj6mejeZ5543KJN6ht_bJRAm3qG5T5mavhCo28tzm1yr0cixAxk9qjLDcqihywB0rhogEg8ac_l-P2k2iAUp7mOtb2ySj0GpLjKT5Aw2p8qWeUbdU5lY7bb04MTxnWzmm1emRj4gWHBQFdikvG6KC-4SWA7DsS5lVfi2Og1WPJytNAd0Imp-TR-V5EpUsCbo5Ila8Hg6wuaXHHcwmf6mrId9-9NjaYYFhLyrqdscNfONqnuuAONh2XcK2PAWxLINvruQzbsITDAxVOmQhdjKyGkXMMFRXlWevNBIJXQZi9GvYXoImIZVCGkRyS3ilTV86J94T1sH9ONETdE-oklz1Ltau4-ttKCyjIRlLvIWP8JvSJHThgkF3sSNP5vlk7MReNtlMldTJ8MIjvO2eb47RyZ0Vap3XthnvwGZXABOaQxZXcBeAEAYgF2YTU1FegBi6AB_bwntUBqAenzLECqAfi2LECqAemvhuoB8zOsQKoB_PRG6gHltgbqAeqm7ECqAeOzhuoB5PYG6gH8OAbqAfulrECqAf-nrECqAevvrECqAfVyRuoB9m2sQKoB5oGqAf_nrECqAffn7ECqAf4wrECqAf7wrEC2AcA0ggvCIBhEAEYnQEyCIqCgICAgIAIOg2AQIDAgICAgKiAAqgDSL39wTpYlqfK-Ki4kwOxCY2toQw0Kp2RgAoDmAsByAsBgAwBogwDkAEBqg0CWkHIDQHiDRMIzqTL-Ki4kwMVWMMWBR2i_iwc6g0TCPWbzfiouJMDFVjDFgUdov4sHPANAogO____________AbAOyILh6xi4E-QD2BMM0BUBmBYByhYCCgD4FgGAFwGyFw4YASoKMTU5ODc2MTQxOKoYFwkAAAAAMKXxQBIKMTU5ODc2MTQxOBgBshgJEgKTVRguIgEA6BgBwhkCCAE&ae=1&gclid=EAIaIQobChMItM7N-Ki4kwMVWMMWBR2i_iwcEAEYASAAEgJDUvD_BwE&num=1&cid=CAQS0AEABaugfXLPkxQkhdYElyzWbY0ZW5YPhS8AFj6RbekpFKymBB8lvu_Naip3XADCl41zC6yInvH9DDudQf7xPJQhy5CpNmKD25--dJyVbhliyWSFCIFpVhVQlq-FOScQTx6KmsCAE4JU4FkeYjNF94X3e0_BWdYvNOWDtGnM08d6S1f2lMZ7Z_p_uqkj-18Onn3bsZZW8Nv5wVpb_SCLi63X30ahHAQSJ5juR5RnUlECAngZ6ApKxbYYm0K6H6l5BkCz2bgNSJpVtLR78_29yRYoGAE&sig=AOD64_3Xp-7Vz927XrsLGEEmiDE1vmHBAw&client=ca-pub-5227748429508049&rf=4&nb=9&adurl=https://y-jesus.com/lp/6-jesus-rise-dead-article-ttn-n/%3Futm_source%3DGoogle%26utm_medium%3DCPC2%26utm_campaign%3Ddid_jesus_rise_from_the_dead_performance_max_new1_0226%26gad_campaignid%3D23531422297%26gclid%3DEAIaIQobChMItM7N-Ki4kwMVWMMWBR2i_iwcEAEYASAAEgJDUvD_BwE,https://y-jesus.com/lp/6-jesus-rise-dead-article-ttn-n/?utm_source=Google&utm_medium=CPC2&utm_campaign=did_jesus_rise_from_the_dead_performance_max_new1_0226&gad_campaignid=23531422297&gclid=EAIaIQobChMItM7N-Ki4kwMVWMMWBR2i_iwcEAEYASAAEgJDUvD_BwE,,,,,
308,https://www.googleadservices.com/pagead/aclk?sa=L&ai=CsttgR1bCaaDmMp_vs8IP1PH98A3Ln9vuhQGOjdrx1xSH8vuPhEcQASDo5YkTYMfdgI6EJqAB78-Pr0HIAQmpAvenkH0WsW8-4AIAqAMByAMKqgS6Ak_QcqT-CoP2Lsw5d27RIfOIEK7hdj0tMmMb95NL-wKWvX6vSW8dl2a92OsZ9isgpFKY9rdxmuniwpsbWNtUCq9qWmhuZbzSlLgDCJDUKXaNDDU1wfaobWYwLoNliKZk2LLc9nK2PzAtRacOb_pdVCwbm9aZB1y7fXLdW9J9mMyGBcYMUIn8CS8USfTSEpbSGZs836N9K9pPqH__GjO-0-w_WYrfTl1vecWyLU9Vr3WinQXPWiTrUBLjSh3MqixmO59HkYXbgC45NykmzUntcPfEI5GbFPwR3-HS_l5BBSsva23vw_638djRGAJLhpbZg8eSDL6Cf5ulT7SQDqGe1zsWaX0VHDRrCLxcmTZpklB7ogioDWi3iumZAdJ7aDnkJrsE70mHhID56tCgWzMkWq45wTdoPNdlHbzIwAS4sNCBxwXgBAGIBfPe3tZVoAYugAfvh-COHKgHp8yxAqgH4tixAqgHpr4bqAfMzrECqAfz0RuoB5bYG6gHqpuxAqgHjs4bqAeT2BuoB_DgG6gH7paxAqgH_p6xAqgHr76xAqgH1ckbqAfZtrECqAeaBqgH_56xAqgH35-xAqgH-MKxAqgH-8KxAtgHANIIMgiA4YAQEAEYnQEyCKqCgICAgIAIOg6AwAOAgISAgJSu4AOoB0i9_cE6WI2TpMiZuJMDsQmqEKmEBPqqVYAKA5gLAcgLAYAMAaIMA5ABAaoNAlpByA0B4g0TCOHNpMiZuJMDFZ_3TAId1Hgf3uoNEwjj46XImbiTAxWf90wCHdR4H97wDQKIDv___________wG4E-QD2BMDiBQE0BUBmBYByhYCCgD4FgGAFwGyFw4YASoKMTk5ODgxNDA1NroXAjgBqhgXCQAAAABQQPlAEgoxOTk4ODE0MDU2GAGyGAkSAsdOGC4iAQDQGAHCGQIIAQ&ae=1&gclid=EAIaIQobChMI4KWmyJm4kwMVn_dMAh3UeB_eEAEYASAAEgISePD_BwE&num=1&cid=CAQSbwAFq6B9YRkATqGTEb5r5ya5Vqm4wzQX-Zu-rS8YeLNj6T1MK7x6bALlboj06pTILXNQrbtqiZBCo3QPI2TYZhTT0fl6eWiSJno83IHmmVh-LgAwWR21p6cENNTzG5BdIkI8yh1LkEwFIQlV4K7iWxgB&sig=AOD64_3fYkvjIAjvI2ppxUsR0LZ-Ts5elg&client=ca-pub-2615941022292182&rf=4&nb=9&adurl=https://www.maricosa.com/brands/black-chic/%3Fgad_source%3D5%26gad_campaignid%3D22998921075%26gclid%3DEAIaIQobChMI4KWmyJm4kwMVn_dMAh3UeB_eEAEYASAAEgISePD_BwE,https://maricosa.com/brands/black-chic/?gad_source=5&gad_campaignid=22998921075&gclid=EAIaIQobChMI4KWmyJm4kwMVn_dMAh3UeB_eEAEYASAAEgISePD_BwE,,,,,
309,https://www.googleadservices.com/pagead/aclk?sa=L&ai=C7LCO6SbBaaqYOq2Hid4P0umJsQ-sipL9hQHCvZy8tBXek6DGjSoQASC8luEQYImLxIT0E6ABgoCk8wPIAQmpAhJdRpm78Do-4AIAqAMByAMKqgSmA0_QDXOI_74AIePUx7bKfBQZ72sjaOKW3gYOnzSj0lPHthzMmSTeplB1WGUgrb0dDtM3qaZV6BEe-648rzy4ziVRmnxTH9fmrPmk_Xf2FRoyNJ7AAIRMl9iL_GNTl7QKpxV544ZuwOKpOJOchdD4r_UexdeE2Ywd88TTzxMZ99EotX_WqGkAOv-jCVdR1f5e0aEAhBo2-ZnjOxp8cvG51QqT8UCVf3sD6F98UfstzkzMg-KXMmROy_TB_x6iQRG0aXIf0E7LoulTL4SWFLeRSgRjJLfiqoxFzoGkH6Vsv_O3T0CoRb2ZZXpepP9URz-CwNk1yPaAESnML5ctjaPdYnMR4xO6uhq0Tn1tWCoo2j8wBwYHO6pHnXjIOmqsrkjGg0ZLKZNiLn0kuJkNwOiGMJRHtodSbUyCXXpp-2-xPG0v8iVa1Fgw8fy1NZCLxYPzyt8YQ37wmemWbHwPA0r6NvLCZN-vDzKf8HmQfA44mpn8b9QTfJx1I6mUeV7x2Vnkj9yQsloWVjTE5dYp6cuvnL_BuqbQIteiCyk1RbXWzecPhrty03gawATfysrMkwXgBAGIBfzOoMhToAYugAfm_9sMqAenzLECqAfi2LECqAemvhuoB8zOsQKoB_PRG6gHltgbqAeqm7ECqAeOzhuoB5PYG6gH8OAbqAfulrECqAf-nrECqAevvrECqAfVyRuoB9m2sQKoB5oGqAf_nrECqAffn7ECqAf4wrECqAf7wrEC2AcA0ggyCIDhgBAQARidATIIqoKAgICAgAg6DoDAA4CAhICAlK7gA6gHSL39wTpYm8mZoPi1kwOxCYYCBem8N3B1gAoDmAsByAsBgAwBogwDkAEBqg0CSlDIDQHiDRMItoiaoPi1kwMVrUPCBR3SdCL26g0TCNjonKD4tZMDFa1DwgUd0nQi9vANAogO____________AbAO4L69uxjYEwzQFQGYFgHKFgIKAPgWAYAXAbIXDhgBKgo2NzMxODQwMjUwuhcCOAGqGBcJAAAAADAJBEESCjY3MzE4NDAyNTAYAbIYCRIC8FkYLiIBANAYAegYAcIZAggB&ae=1&gclid=EAIaIQobChMI6rCdoPi1kwMVrUPCBR3SdCL2EAEYASAAEgIeffD_BwE&num=1&cid=CAQScAAFq6B90jpsZ6hKo-SH0A_QxAvGEyA76MVGxHRKER3pE47vVaTzrEymuZRjrtiDvnTlQMsoA-8jfxUpA-V5QPfSai_lKSDVcK7EddKVKhLfcmbB0lU1dDPuFs_Yxx1mZPPpT3p_knWDq3zyD1Y6fN8YAQ&sig=AOD64_0zg_XmAF3b7zSikU8E70HT9SAExw&client=ca-pub-2012933198307164&rf=4&nb=9&adurl=https://shop-pro.jp/lp/202305%3Futm_source%3Dgoogle%26utm_medium%3Dcpc%26utm_campaign%3Dpmax%26gad_source%3D5%26gad_campaignid%3D22431672188%26gclid%3DEAIaIQobChMI6rCdoPi1kwMVrUPCBR3SdCL2EAEYASAAEgIeffD_BwE,https://shop-pro.jp/lp/202305?utm_source=google&utm_medium=cpc&utm_campaign=pmax&gad_source=5&gad_campaignid=22431672188&gclid=EAIaIQobChMI6rCdoPi1kwMVrUPCBR3SdCL2EAEYASAAEgIeffD_BwE,,,,,
310,https://www.googleadservices.com/pagead/aclk?sa=L&ai=CaWkeNBfCabHfC4OygeAPs_OSsA2XrviKhQGKqfyXiBWD45rCARABIL7PhxpgmwOgAauRtP0qyAEGqQJTl9eHbXezPuACAKgDAcgDCqoE2QJP0JXHbTZ6vj6E3zmMuFtEfEy7m5j7EavLEjgbzZFJZT_LoYzuAHSqB3GytQLTp-2LpTebnw4QlVEbYvOvJW1nnmxcYg8q_U-wLLu6VP_NQFXxEPmD3c8UBQFGi7uW_F9HCyOIujk5WJFy4m8q5EIJufczAYxTh2SrgqBzw2KFm0H5wQ3xbNlFco_l7zSdR4mhoXeTgO-EEzUUS5tyC3003rbB44FKNzpJZhng3cZF1dGuTQkC6GjuZOjFtsGWIt5LXTSVGZaX8yUjF2BUC6A6Lp5Q4VALGNKop17usOJTwuk33pCS8133V0o24Tbf7GXQG2ECSJCNX5lLRgz9-UGX0uPQ1hT8RuGR0zlOHcLS_BfVtZQ2xlDh3uFy3IBnYRcmW5uhnXt9i4DZOSqOCjHB94BT42MdIir13Xg3pIB77NPLXUMpcZtuORcqzsxWVwwDablWiSJh5UTABJuTsYrRBeAEAYgFq8iyvVaAB6vJhN0FqAenzLECqAfi2LECqAemvhuoB8zOsQKoB_PRG6gHltgbqAeqm7ECqAeOzhuoB5PYG6gH8OAbqAfulrECqAf-nrECqAevvrECqAfVyRuoB9m2sQKoB5oGqAf_nrECqAffn7ECqAf4wrECqAf7wrEC2AcB0ggwCIBhEAEYnQEyCIqCgICAgIAIOg6AQIDAgICAgKiAAqiDEEi9_cE6WKKwvrTdt5MDsQl8hvPUE34RXoAKA5gLAcgLAaIMA5ABAaoNAktSyA0B4g0TCMTRvrTdt5MDFQNZAAYds7kE1uoNEwirm8C03beTAxUDWQAGHbO5BNbwDQKIDv___________wHYEw2IFAPQFQGYFgHKFgIKAPgWAYAXAbIXDhgBKgozODUyNjA3NDM4uhcCOAGqGBcJAAAAAOD550ASCjM4NTI2MDc0MzgYAbIYCRIC704YASIBANAYAegYAcIZAggB&ae=1&gclid=EAIaIQobChMIscnAtN23kwMVA1kABh2zuQTWEAEYASAAEgIVGPD_BwE&num=1&cid=CAQS4wEABaugfXseKL-KLjSMZwRgsN8JsV6_iiy64jcHDRzUjgdwTjnvFgchSfLNY0L7XRd0PXX6KevDl0u-zq1P_rt2vY6T5f8shbYAG9TEZ-IO77UnnLsSh5Ss_Lsqv3ihBdgbLZv-3IEHJ8ig2-DyB7R4xcRLaRqCTLIcQ6Cpz70qOY-kcB1kdTvRwJmSyzPdDra72mOqdEe55IQ6JHT0JcBWW0L3-Uopy7vqizoumUqWwxbRaAPgebD8BuWrftlmIGrLQGujsYZ3Bfb7maqQRMXcvL2QhzYfEGPxvpYEMXO_mEWklRgB&sig=AOD64_3Kdxr_98N-FP-cyoMWm6sbiFCkBw&client=ca-pub-6453680425766689&rf=4&nb=0&adurl=https://tradeify.co%3Fref%3D35858%26utm_source%3Dgoogle%26utm_medium%3Dcpc%26utm_campaign%3DIDC--Display--ROTW%26utm_content%3Dd--193563740571----781691626068----%26utm_term%3D%26utm_id%3D23214203947%26gc_id%3D23214203947%26h_ga_id%3D193563740571%26h_ad_id%3D781691626068%26h_keyword_id%3D%26h_keyword%3D%26h_placement%3Dwww.hindustantimes.com%26gad_source%3D5%26gad_campaignid%3D23214203947%26gclid%3DEAIaIQobChMIscnAtN23kwMVA1kABh2zuQTWEAEYASAAEgIVGPD_BwE,https://tradeify.co/?ref=35858&utm_source=google&utm_medium=cpc&utm_campaign=IDC--Display--ROTW&utm_content=d--193563740571----781691626068----&utm_term=&utm_id=23214203947&gc_id=23214203947&h_ga_id=193563740571&h_ad_id=781691626068&h_keyword_id=&h_keyword=&h_placement=www.hindustantimes.com&gad_source=5&gad_campaignid=23214203947&gclid=EAIaIQobChMIscnAtN23kwMVA1kABh2zuQTWEAEYASAAEgIVGPD_BwE,yes,yes,yes,yes,yes
311,https://www.googleadservices.com/pagead/aclk?sa=L&ai=C97_F8BfBaflThouN5g_lo9-4AqK4rsZ5_uGk0e0Sp_eeg5EOEAEgoOWCJGCJi8SE9BOgAbjI9Yw-yAEJqQISXUaZu_A6PuACAKgDAcgDCqoEzgJP0AzBj3b5F9GV7khj-hU1RAfc_NZ5xE_N1Nu3CpgIlc2xiSz0rZL7uS0jv5JUSWQtPfF3Hdn091TXWBI8lJFq_vgj81cCUwGye8oqZK-vd1aNNHFZo6O5-w7ic04i9rezRpg2AwYPZex8_MTpQUqe8rJkR43l5tfiRxZlzCtTA-mBwW7BwQ2lWNn6Zog2MttWKAFoaXDQUpax2XzBVZFJFhAovWUcvqGQ1p6oOFMITmECxH_qqJxeUnpUcfrr0dIIAYMfLTYm3Pxdrk5lyxb50nPSqTQIGh9lsQkCXS5KHn6h1_B5PaPUTuKVPXh3dZY2O_l4J3tgFb2zXMOQNx_zzySjQ3IT0754P6BliD72FXzK3f9eYE8FXumJ0YaR3PIiV6Wk1EqjU0bmBff0HcoYmHOYsDj3yhDRx7ylUytJ4PkZwajoqWVxCkcgkIgZwATNr5bX6QTgBAGIBf2J16tQoAYugAe4gMbsGKgHp8yxAqgH4tixAqgHpr4bqAfMzrECqAfz0RuoB5bYG6gHqpuxAqgHjs4bqAeT2BuoB_DgG6gH7paxAqgH_p6xAqgHr76xAqgH1ckbqAfZtrECqAeaBqgH_56xAqgH35-xAqgH-MKxAqgH-8KxAtgHANIILwiAYRABGJ0BMgiKgoCAgICACDoNgECAwICAgICogAKoA0i9_cE6WIOJhfzptZMDsQlhU4BKa2YfSYAKA5gLAcgLAYAMAaIMA5ABAaoNAkpQyA0B4g0TCOW1hfzptZMDFYZFwwYd5dEXJ-oNEwjC04b86bWTAxWGRcMGHeXRFyfwDQKIDv___________wGwDv2E1aAY2BMM0BUBmBYByhYCCgD4FgGAFwGyFw4YASoKOTU5NzQyNTQ5NLoXAjgBqhgXCQAAAABAqgFBEgo5NTk3NDI1NDk0GAGyGAkSArlPGC4iAQDQGAHCGQIIAQ&ae=1&gclid=EAIaIQobChMI-YuI_Om1kwMVhkXDBh3l0RcnEAEYASAAEgLYb_D_BwE&num=1&cid=CAQS0QEABaugfdhnOqlvNuonXhRiGswhgvOz3uPjo4PJ5Ui6i_uoEBoTaiI7ojtTHgx_cBVfiwFLFlNSzlcJzEQKJxkgb-wsR1xLCjekzIEWvoYCaC_dQycZWnoKmfLG1t8dfiinBHuYyevrbzGd1hgcdXE0ci-S9VVH4SesASSD5BWyVshA93hu1qvnol5LU1ysD-IN0a9IexYChfIpWK07VflowlFwAfHnnqvgKh81uiMA8atKW1WXiUgf20cBSifkLizf-upeR7IJydv8mDczGkkuKBgB&sig=AOD64_3CelKb8FdYTBfMP9LibEgVwVRh0A&client=ca-pub-2970406823702922&rf=4&nb=9&adurl=https://tabelog.com/tokyo/A1308/A130803/13198468/%3Flid%3Downer_rst-top-jitempo_pc%26gad_source%3D5%26gad_campaignid%3D21566440701%26gclid%3DEAIaIQobChMI-YuI_Om1kwMVhkXDBh3l0RcnEAEYASAAEgLYb_D_BwE,https://tabelog.com/tokyo/A1308/A130803/13198468/?lid=owner_rst-top-jitempo_pc&gad_source=5&gad_campaignid=21566440701&gclid=EAIaIQobChMI-YuI_Om1kwMVhkXDBh3l0RcnEAEYASAAEgLYb_D_BwE,,,,,
312,https://www.googleadservices.com/pagead/aclk?sa=L&ai=Ce08yd2XCab3iJpfps8IPzL2x-AmbmZLehQHghPKYhBX07a3oqkgQASD0g7kbYMfdgI6EJqABwoKj9QLIAQapAlPC9pMhz28-4AIAqAMByAMKqgTTAk_QuXRy0355XcQ8wcHDY9OHu7Kk745g-1bX1AN_z6GhXq64C8Dq6vNNXf8mb8Y0Ntd0NUxh3unbE3C_4BryN1Bt8ZDk2rP2WoCq28zoj79e9aZmqU5Ih_PDJfU_CBtLhbsntWP-e_k10et4fi2MEdwbQ1jQGA6vehvrGIdKLAo7SgRpyN1b64mFicQ2bFfH5zI-7Mo02EuSM_vHzg3fKBIu6w2kWbWoaae-mKwp8a9ntgAA_fb8x91DTedV0TsnEqPfWZhbt82MwlWC_FQl3YKBj_XAPB0Q4OM_SE0tfLXbFYZhhxTdebtB1FuB1sUosOug-1VvOgSK0Gw5MqQh74_Ps8WMGH8C303zwSTuhv0Ma5FgXVDdTmrxTUpjBb0ePVFMvKJRwtQGrR6k8F5F0Hb9mJl2gxOcK6EtCmbDk38WpdYsWYgTxHNP6Msrug2zPw5as8AE763Sx9AF4AQBiAXfr4KOV6AGN4AHpv3cigGoB6fMsQKoB-LYsQKoB6a-G6gHzM6xAqgH89EbqAeW2BuoB6qbsQKoB47OG6gHk9gbqAfw4BuoB-6WsQKoB_6esQKoB6--sQKoB9XJG6gH2baxAqgHmgaoB_-esQKoB9-fsQKoB_jCsQKoB_vCsQLYBwHSCC8IgGEQARidATIIioKAgICAgAg6DYBAgMCAgICAiIACqANIvf3BOliysZCGqLiTA7EJtbX9r5mzyjuACgOYCwHICwGiDAOQAQGqDQJaQcgNAeINEwib55CGqLiTAxWX9EwCHcxeDJ_qDRMIur6Shqi4kwMVl_RMAh3MXgyf8A0CiA7___________8B2BMNiBQB0BUBmBYByhYCCgD4FgGAFwGyFw4YASoKOTgxNzYyNjgxNLoXAjgBqhgXCQAAAABQowBBEgo5ODE3NjI2ODE0GAGyGAkSAv9OGDciAQDQGAHCGQIIAQ&ae=1&gclid=EAIaIQobChMI_fmShqi4kwMVl_RMAh3MXgyfEAEYASAAEgIZEvD_BwE&num=1&cid=CAQS4gEABaugfWqZQwgaLeS1bfFJQhCFuJnJWCds3MPf__p36s01EVrciJx4FBfZaYE4WPkRmfUBzideqT2y6gutO1NidQdsJ2tSE7imjo8ni4PphrTWZQ5tYb6uOtXByhmSf-HC6qt9JEsUlFLdLypMpCPncpbjwvb3oV--PHI6nXNTBvLlWxBIj4nF_6OZpwspKMeq9mcFEOk1X-lNJC_fl6WeCE1qBPqwjwe4OMWlKYs8f0C2g7gnTdX2RrIC5af6S69qer_20I2c-RCdn0QEuCK3Z9aq2GPuv2gRrxxLhZmcuMpmGAE&sig=AOD64_3UDZO97A_pUXl6cK0Dh1lQIYKitQ&client=ca-pub-3844877863303739&nx=CLICK_X&ny=CLICK_Y&uap=UACH(platform)&uapv=UACH(platformVersion)&uaa=UACH(architecture)&uam=UACH(model)&uafv=UACH(uaFullVersion)&uab=UACH(bitness)&uaw=UACH(wow64)&uafvl=UACH(fullVersionList)&nb=9&adurl=https://www.ticketmaster.co.za/artist/pretty-woman-the-musical/1111673%3Futm_source%3Dgoogle%26utm_medium%3Dcpc%26utm_campaign%3D(Display)PrettyWoman2026-JHB%26utm_content%3DAdgroup1%26keyword%3D%26device%3Dc%26network%3Dd%26placement%3Dwww.newyorker.com%26gad_source%3D5%26gad_campaignid%3D23383283679%26gclid%3DEAIaIQobChMI_fmShqi4kwMVl_RMAh3MXgyfEAEYASAAEgIZEvD_BwE,https://www.ticketmaster.co.za/artist/pretty-woman-the-musical/1111673?utm_source=google&utm_medium=cpc&utm_campaign=(Display)PrettyWoman2026-JHB&utm_content=Adgroup1&keyword=&device=c&network=d&placement=www.newyorker.com&gad_source=5&gad_campaignid=23383283679&gclid=EAIaIQobChMI_fmShqi4kwMVl_RMAh3MXgyfEAEYASAAEgIZEvD_BwE,,,,,
313,https://www.googleadservices.com/pagead/aclk?sa=L&ai=CTuwabCbCaZLHKKqdjeYPjNPBCJzCuMeFAcfh-7H2FLnu8MiqARABIOPRsSVgzYCAgKwDoAGNzcqqAcgBAakCeI032kajiT7gAgCoAwHIAwiqBLcCT9BUmw-TrZ9XQ3RbYxBXZqaqfT9F33nm006H5-QdDxGGa_zj-49PnVM8WRUG6jHtJr8IChRLyPXUvmPbyjzVwK2hEKgDcOPZJTP3FB7gBjEbHUY-VHflc8Hshty1MCNmNYAbHVwK6-GT-12jKZQB0XbsKNr_eJ8YiMKnP8qFkayPY_73yJvEr1Hc87yeLX2gi-duEgjmlfZGu68UhnHutviQ9R5EKUZw8_xktByvXcF2oRb5iJ7GsoMW6LKDdQRhB-6KKXoVz22xHgtZEgVAqhW-La4TD8BEkmmrOBpFqT342xtnLPp106B1dJxFp36RplA7PS9uhUIj8J5MtGk1fQRp_iBMYgE6e2hzVFquS4Gx5TbO1gj-JWezREmT3dkwP4ELVnz4XCFgvW7baWcMOKD-wEpAUqbABPfmvOjEBeAEAYgFiMHyq1agBgKAB9uytdUCqAenzLECqAfi2LECqAemvhuoB8zOsQKoB_PRG6gHltgbqAeqm7ECqAeOzhuoB5PYG6gH8OAbqAfulrECqAf-nrECqAevvrECqAfVyRuoB9m2sQKoB5oGqAf_nrECqAffn7ECqAf4wrECqAf7wrEC2AcB0ggvCIBhEAEYnQEyCIqCgICAgIAIOg2AQIDAgICAgKiAAqgDSL39wTpYpf279uu3kwOxCSbGHZJyeOk0gAoDmAsByAsBogwDkAEBqg0CQlLIDQHiDRMI5bq89uu3kwMVqk7DBh2MaRAB6g0TCMy4vfbrt5MDFapOwwYdjGkQAfANAogO____________AdgTA4gUAdAVAZgWAcoWAgoA-BYBgBcBshcOGAEqCjU4NjE5MTIwNjC6FwI4AaoYFwkBAAAAwDf_QBIKNTg2MTkxMjA2MBgBshgJEgKVUxgCIgEA0BgBwhkCCAE&ae=1&gclid=EAIaIQobChMIkq2-9uu3kwMVqk7DBh2MaRABEAEYASAAEgK-ffD_BwE&num=1&cid=CAQS0AEABaugfUpouhglbJCKsvpk8kCynL3KEYwYiyoBouJRQXz8ZY59Yw6Vjn7vVZEUH1q1D6AA5Sbn8RHhMpQxbA5Q2TW6ZylxR8ID_37UEOVN8cOaajafOx6ZlF3AxkFhCs3171uk0PfjCRViDdxzqf1gugKRTaJ0HwUAgtaDig8YLBHyYJbwR9aoELM0vW2KDTs3dQNwk-83bBTMr0KwTVn9MgA5BKiA_zWSbIrBxNLIppONmOgdTstfcWdokzxomzhSFIX_g3d6LANS3tgq6lDYGAE&sig=AOD64_2FtsmshUwAQdsoTRjHWrVfxHy10g&client=ca-pub-5614695549775797&rf=4&nb=2&adurl=https://oggibikes.com.br/%3Futm_source%3Dgoogle%26utm_medium%3Dcpc%26utm_campaign%3Ddisplay_seguro_gratis%26gad_source%3D5%26gad_campaignid%3D23177502856%26gclid%3DEAIaIQobChMIkq2-9uu3kwMVqk7DBh2MaRABEAEYASAAEgK-ffD_BwE,https://oggibikes.com.br/?utm_source=google&utm_medium=cpc&utm_campaign=display_seguro_gratis&gad_source=5&gad_campaignid=23177502856&gclid=EAIaIQobChMIkq2-9uu3kwMVqk7DBh2MaRABEAEYASAAEgK-ffD_BwE,yes,yes,yes,yes,yes
314,https://www.googleadservices.com/pagead/aclk?sa=L&ai=C_73FxBfCacXUH4uLjeYPmb2miQXw15rLhQH8l4-H9hWJl87XiioQASDHnIMkYJsDoAH5lf6nAsgBCakCLP0_ysEWBz7gAgCoAwHIAwqqBMUCT9D-kpmhElW6m1778Ppgq0gAEsEUXykQ5MIezTs7jQCdcKH4bWAd174k2sixYSODDXETdgVjypIoLoLQWjAAoLpcTYiatHMDXt1Sn-iIFqQyE8JWzQkyrXYzKq4Tzj8JWfIHGxEga4eEOJNm2Kd0ldYJmNr87gnGVvNtjm7_w0V45lTxA7lDqLnOEqluHuhkE3CV6yp16m9pd_gDCyBurzqr2CIlcufZuPqxsPvfdaDEXnVUK6Z5KBfKC-O7VD1VJxtvxZGOPecvEq6B9qG6XEEzDpWDQF4T6F04QbdIx7mxCqEs6IapMtwCJR_sMnyJb7qA6m-smkTmVsQjztLSbIkCktIXKn_pJMWeBmH4BJ6o5Uh0h-9Fgo_jPy8bBjtL3x-GuxDNQStea1gC1ozEbYDT8nzr-Zt7In8SXsVZeAAXrIgaqsAE3-zt28wF4AQBiAXTw633V6AGLoAH7-mB2AGoB6fMsQKoB-LYsQKoB6a-G6gHzM6xAqgH89EbqAeW2BuoB6qbsQKoB47OG6gHk9gbqAfw4BuoB-6WsQKoB_6esQKoB6--sQKoB9XJG6gH2baxAqgHmgaoB_-esQKoB9-fsQKoB_jCsQKoB_vCsQLYBwDSCC8IgGEQARidATIIioKAgICAgAg6DYBAgMCAgICAqIACqANIvf3BOljqp6f53beTA_IIG2FkeC1zdWJzeW4tNTUzMzY1MDA4ODYwNjY3MLEJKKYXCnn-Rl6ACgOYCwHICwGADAGiDAOQAQGqDQJLUsgNAeINEwjNyKf53beTAxWLRcMGHZmeKVHqDRMIo6Op-d23kwMVi0XDBh2ZnilR8A0CiA7___________8BsA7F0MPxGLgT5APYEwzQFQGYFgHKFgIKAPgWAYAXAbIXDhgBKgo3MDUxMTM3NDc1uhcCOAGqGBcJAAAAALy3GEESCjcwNTExMzc0NzUYAbIYCRICi1QYLiIBANAYAegYAcIZAggB&ae=1&gclid=EAIaIQobChMIxcap-d23kwMVi0XDBh2ZnilREAEYASAAEgJNs_D_BwE&num=1&cid=CAQSvgEABaugfbdSHRvhJBaPd4DvaW7s_YOpdr43_xq7nvYPr3IsDpsU4vJ87i1QF_3NpCm3f-v59NKRwQ-tTSarBKMnCFX81YTERT1AQIa-uboRG-eGUMYE3rPS9xD9hbCB_xa190cL_7aP0mtjNGidCJGK8GH5xO0D3MZvt3yw3E4dLzC_b2_V2K_uK7pW7Ybp9GkevGF_2NYvZREL3KgRXILQutJq6FoF8xb4YqZze2Nca1ojPyFt6V1c-B2W2MXJGAE&sig=AOD64_0yUmiMshRQ5rVPLn5MrJVXYdJW9w&client=ca-pub-3533864070776314&rf=4&nb=9&adurl=https://www.goono.so/service/cloud-eln%3Futm_source%3Dgoogle%26utm_medium%3Dcpc%26utm_campaign%3D2602_%25EC%2597%25B0%25EA%25B5%25AC%25EC%258B%25A42_pmax_channel_conversion%26gad_source%3D5%26gad_campaignid%3D23604191699%26gclid%3DEAIaIQobChMIxcap-d23kwMVi0XDBh2ZnilREAEYASAAEgJNs_D_BwE,https://www.goono.so/service/cloud-eln?utm_source=google&utm_medium=cpc&utm_campaign=2602_%EC%97%B0%EA%B5%AC%EC%8B%A42_pmax_channel_conversion&gad_source=5&gad_campaignid=23604191699&gclid=EAIaIQobChMIxcap-d23kwMVi0XDBh2ZnilREAEYASAAEgJNs_D_BwE,,,,,
315,https://www.googleadservices.com/pagead/aclk?sa=L&ai=CIZ5P4SzCadjiJquzgeAPtqi3mAzY1ZrshQGY6Y7_jxWS6dLgsgEQASD0g7kbYM2AgICsA6AB1rGM_gPIAQapAniNN9pGo4k-4AIAqAMByAMKqgT2Ak_QiFu0SnMMnpZs0TCKcxAaz3gDYI0TF6tYkOpCZq_cs8BToeHCxO2dZC5kPPkhyfZ4awq4gL-loqreLOWlEIPapZ8f08rGj2vC7YwlNLJckVmgGqcjmXXl7d5BOoJqKM7MUhTAqwoOLgpOqJjIWEiuRf8AkGwWAEu8rPE6KqILqpiS7d7JCeeRIp07piOix2T_hi34EW8QNc1BwGVUBrpq2oxGD0wpdYIoVXwIeVcmM9iaTwX09LG6m2jus9JaX_ppn7_39QO4bG-lub0aMOC_RhiirqplU_3JTRYAfJez9fItU-Ib-cWMhWNiQ5QXYh9L-0oaWE8M7tc11vFf4qJk9cuic1kZWcy6dAT-r5ud7bS0137qn_rfuO96EcocX1Rsb6FWMqHEIzgmtInDMA7hCVCFPzZpRTm4TwhUcves-ok_RPlnJa6cdP4wv8Hc4tA-A3GDwQxqmGMfipsRYfsSb1pbSO-L2HjAd9yuplOs9UYJrF9wwATlyqalwQXgBAGIBZzZqPVWoAY3gAeSzvMBqAenzLECqAfi2LECqAemvhuoB8zOsQKoB_PRG6gHltgbqAeqm7ECqAeOzhuoB5PYG6gH8OAbqAfulrECqAf-nrECqAevvrECqAea4bECqAfVyRuoB9m2sQKoB5oGqAf_nrECqAffn7ECqAf4wrECqAf7wrEC2AcB0ggvCIBhEAEYnQEyCIqCgICAgIAIOg2AQIDAgICAgIiAAqgDSL39wTpYz_bVivK3kwOxCUV9gw9_4oH1gAoDmAsByAsBogwDkAEBqg0CQlLIDQHiDRMIjpvWivK3kwMVq1kABh021A3D6g0TCJ2s14ryt5MDFatZAAYdNtQNw_ANAogO____________AdgTA4gUAdAVAZgWAcoWAgoA-BYBgBcBshcOGAEqCjk4MTc2MjY4MTS6FwI4AaoYFwkAAAAAsDINQRIKOTgxNzYyNjgxNBgBshgJEgKDVRg3IgEA0BgB6BgBwhkCCAE&ae=1&gclid=EAIaIQobChMImNfXivK3kwMVq1kABh021A3DEAEYASAAEgL4LvD_BwE&num=1&cid=CAQS4wEABaugfWMV_G5AflRWu1Rt_dd4890eEkDjk9XBtRsM47ungnGXpjKO1IB6t9i_tSmQlai2wfn1u3k8wseo-xwEDHE00TDrPJfl6IuEGMrgWRjEYjkbfDQ76JCWiNyuPUCWbiTABCG9aqPuBzkXfFc-wly0jHEjrdGPBKQe4XwpBa7gkEf7E3c0Kn_G4no6KVUszM-rY6ZuhdjL9YS6T5Il0P3_Xg0qOMyiv8ON7MscZP_WcwF3CfoxveS-Pl4Dl8bsRSuVmGziivEISpwL4rgV54PNGD8Mtyoi58lO-Md3ukukYBgB&sig=AOD64_1dBOROzYVZliRBCjsqJ7svw-XufQ&client=ca-pub-3844877863303739&nx=CLICK_X&ny=CLICK_Y&uap=UACH(platform)&uapv=UACH(platformVersion)&uaa=UACH(architecture)&uam=UACH(model)&uafv=UACH(uaFullVersion)&uab=UACH(bitness)&uaw=UACH(wow64)&uafvl=UACH(fullVersionList)&nb=9&adurl=https://www.bemol.com.br/workstation-ia-acer-verition-gn100-com-gpu-nvidia-gb10-preto-n-bi/p%3Fgad_source%3D5%26gad_campaignid%3D23331482780%26gclid%3DEAIaIQobChMImNfXivK3kwMVq1kABh021A3DEAEYASAAEgL4LvD_BwE,https://www.bemol.com.br/workstation-ia-acer-verition-gn100-com-gpu-nvidia-gb10-preto-n-bi/p?gad_source=5&gad_campaignid=23331482780&gclid=EAIaIQobChMImNfXivK3kwMVq1kABh021A3DEAEYASAAEgL4LvD_BwE,yes,yes,yes,yes,yes
316,https://www.googleadservices.com/pagead/aclk?sa=L&ai=C2pubeuLBaeORDLyYjeYPyuX1oAOav8fUhAHs6Ie6hROEwbWrrgEQASDo5YkTYKWAgICcAaABv8DYvCnIAQmpAnLWtklPg7M-4AIAqAMByAMKqgTLAk_QR8ItX2s1AjUhp2Ww8YLzTwXD01B3QxOuhBjK5asTFYwMrx66KLbMjAdTYRONtcDQVAebzp2YoCASCPaLafEOdqwMLkFzTlStqP7fp7NUBIk4_1Rl2irwGSLvUXPkeCZTNZCG37PBS_Iq-d8W4Fz3Xb4lYeWyV-8o0ChZIh_LNTQQaBvqyO8rDJqfEJKHPuNAnRo4SlQOOhotZ1tSyI-1OHjOk9pnR9BEuJc8HQ_l1mgwMOwfkURENJp-mvPX4Nw6ddAoFVE19jJcZYMFWReG8FWwIBVfcAf4AGlidH1mPP_yAOuVZcOIooz4k5A-0O7KOsoOIp3y6LkgYWvmDwqhtfsOG47Sr91HUu3IlH0fzu8jl7qyJig8-2P_p-IIhNHy1wzGuSHDOBnYe9ijlvdCVC1xl7BWfKvPbwJP-gb1rDH0GZMylIz19q_ABNqc3O-EBeAEAYgFmpG3sU6gBi6AB7_4qJwEqAenzLECqAfi2LECqAemvhuoB8zOsQKoB_PRG6gHltgbqAeqm7ECqAeOzhuoB5PYG6gH8OAbqAfulrECqAf-nrECqAevvrECqAfVyRuoB9m2sQKoB5oGqAf_nrECqAffn7ECqAf4wrECqAf7wrEC2AcA0ggyCIDhgBAQARidATIIqoKAgICAgAg6DoDAA4CAhICAlK7gA6gHSL39wTpY0Z2CkKu3kwOxCYOID_ePtbkggAoDmAsByAsBgAwBogwDkAEBqg0CQVXIDQHiDRMIvM2CkKu3kwMVPEzDBh3Kch006g0TCLSMhZCrt5MDFTxMwwYdynIdNPANAogO____________AbAOxsv7rRjYEwvQFQGYFgHKFgIKAPgWAYAXAbIXDhgBKgoxOTk4ODE0MDU2uhcCOAGqGBcJAAAAANCBA0ESCjE5OTg4MTQwNTYYAbIYCRIChVQYLiIBANAYAegYAcIZAggB&ae=1&gclid=EAIaIQobChMI47aUkKu3kwMVPEzDBh3Kch00EAEYASAAEgKbrPD_BwE&num=1&cid=CAQSbwAFq6B9mOa5V3A5idiZtJjAK8q3t9vqdI8pl6krecFPZaDvChZtOMNrho_1QSF7OuAV7w_TZcGqN0dhtp6E68XLiNWGK15LCtP4HunfB5vQVOL0IKc2beJwmF6V98iHtLYizoqyLdnoLx8YqHBhdhgB&sig=AOD64_1h4BxkZlgsxAahKr3wjfCAE97MTw&client=ca-pub-2615941022292182&rf=4&nb=9&adurl=https://makesyoufluent.com/es/%3Fcmpid%3D64f9b76b96406f000150b821%26sub1%3D3_MYF_All_pMax_LS%26sub2%3D%26sub3%3D%26sub4%3D%26sub5%3D%26sub6%3D21041627514%26sub7%3Dc%26sub8%3D%26sub9%3Dx%26sub10%3D%26ref_id%3DEAIaIQobChMI47aUkKu3kwMVPEzDBh3Kch00EAEYASAAEgKbrPD_BwE%26gad_source%3D5%26gad_campaignid%3D21041629338%26gclid%3DEAIaIQobChMI47aUkKu3kwMVPEzDBh3Kch00EAEYASAAEgKbrPD_BwE,https://makesyoufluent.com/es/?cmpid=64f9b76b96406f000150b821&sub1=3_MYF_All_pMax_LS&sub2=&sub3=&sub4=&sub5=&sub6=21041627514&sub7=c&sub8=&sub9=x&sub10=&ref_id=EAIaIQobChMI47aUkKu3kwMVPEzDBh3Kch00EAEYASAAEgKbrPD_BwE&gad_source=5&gad_campaignid=21041629338&gclid=EAIaIQobChMI47aUkKu3kwMVPEzDBh3Kch00EAEYASAAEgKbrPD_BwE,,,,,
317,https://googleads.g.doubleclick.net/aclk?sa=l&ai=CpbAq3WDCabjuK-DujeYP9vua4A69rIjigQG-9K6X1hSSvMLjgwkQASDmtM-ZAWDH3YCOhCagAaCBs8MDyAEBqQInkNBsznKzPuACAKgDAcgDCqoE9wJP0IZ8h3d9Md_F6tCicdM-DhSaL_qGg5SZjqbVFkvUTO_tPuzvSJOjAjr0dT9cmoMbCRWwOl5Z00xcRlqAGcMYvOhHbc4tCLt5YEmQuL0HkBMzlPGYDAW7n6fEWotJ2ekD3M7mqY4qzqgnTiLdmCOxpTUZnmpyukSN55t-zu_LL0Ed_SWbN1zkDVGiTezgmkt3V2X-6vc_Tc27_rrYhRtdrbs5nhe8RHOAYBSjahH_K7lyK8xR4qqlWWTMN3zx7ZZWd7iVYBnDFlq2BlEbEz9TJYpD23wszU9KOIoFyZiT6sOw6s2-aef9H5k2fpKeVivz5pi1H4B74Oww8GXQgFeRN_tyn3g0HtR_g778FKLGBdY3kypL8U5I5h80afz9t_rFuUU1mLA8GQ_yEVbLrcWyQXvhTM5Vx2n9PWpVMYgIq6sJ1aS2QDJ2KtWmuNlEldXNt5fn_b14Hex8EqrAxLp3vZ28nEbnXWJnkUcopUteBpf-o3p9JQHABI71lNiqBeAEAYgFw62Eu1SgBi6AB62yjD2oB6fMsQKoB6a-G6gHzM6xAqgH89EbqAeW2BuoB6qbsQKoB47OG6gHk9gbqAfw4BuoB-6WsQKoB_6esQKoB6--sQKoB9XJG6gH2baxAqgHmgaoB_-esQKoB9-fsQKoB_jCsQKoB_vCsQLYBwHSCDIIgeGAYBABGJ0BMgjLioCAgICACjoOgIAEgMCAgICAqIACqANIvf3BOljo47vUo7iTA7EJB7BfxLEIHY-ACgOYCwHICwGqDQJaQcgNAeINEwiO_bvUo7iTAxVgd8MGHfa9BuzqDRMIzJG81KO4kwMVYHfDBh32vQbs8A0CiA7___________8B2BMN0BUByhYCCgD4FgGAFwGyFw4YASoKNTEwMzg3OTQ4M7oXAjgBqhgXCQAAAAAgXxJBEgo1MTAzODc5NDgzGAGyGAkSAu9OGC4iAQDQGAHoGAHCGQIIAQ&ae=1&gclid=EAIaIQobChMI-NC81KO4kwMVYHfDBh32vQbsEAEYASAAEgLoOvD_BwE&num=1&sig=AOD64_1aFdfs11lljrCd2gDj-BaxajuKDg&client=ca-pub-3677668629134422&rf=4&nb=0&adurl=https://www.tickmill.com%3Futm_medium%3Ddisplay%26utm_source%3Dgoogle%26utm_campaign%3Dremarketing_display%26utm_content%3Dremarketing%26utm_term%3Dremarketing%26utm_source%3Dgoogle%26utm_medium%3Ddisplay%26utm_term%3Dplacements%26utm_campaign%3Dplacements_display%26utm_content%3Dless-is-more%26gad_source%3D5%26gad_campaignid%3D22672381635%26gclid%3DEAIaIQobChMI-NC81KO4kwMVYHfDBh32vQbsEAEYASAAEgLoOvD_BwE,https://www.tickmill.com/?utm_medium=display&utm_source=google&utm_campaign=remarketing_display&utm_content=remarketing&utm_term=remarketing&utm_source=google&utm_medium=display&utm_term=placements&utm_campaign=placements_display&utm_content=less-is-more&gad_source=5&gad_campaignid=22672381635&gclid=EAIaIQobChMI-NC81KO4kwMVYHfDBh32vQbsEAEYASAAEgLoOvD_BwE,yes,yes,yes,yes,yes
318,https://adclick.g.doubleclick.net/aclk?sa=l&ai=C7_68REfBacaeA4Th29gPhqeI2QXdq7GKhgHTgITtnhTa_8SNsxAQASC-z4caYJX68IGMB6ABrJ32tQLIAQmpAgCpxD2WOFg-4AIAqAMByAMKqgSRBE_QhaPnrP_2KUaAXIhbEo4VApq3cryyVTRtoL9ZmqjPgeY79VghAbwEfqYgyVrqzsjnbrNOirV9Bjl6O-rUTzGfVQqJoW3xe61avNp7k68g2LVRsarrWad5CyDGk-fVXohik9IU_pwIdVwg5Kmnw9vamPD2wf-qZN3wlQWW7h9yrilHn2Ta30FaUxAkLCEFJFgets42L6Z73wUqZ0wtECZh2f7U3xEnNjaCJSD3RnhqbXhkTyV5vkCuy9zpelduMLOj-xv5tM8cL89MGrPdMHq9yzP5i4go7PFrYtJJu_v32LAH2HMsdw-fys-RpdhWywk6eC291t5ynm7o9GB1WgJIfPyJPFr4p7gpslj3_mYq0Ph5qKu9PacJbtHtgtrw72KuRrpGfK3RQK9pTg3a-6Wi4kf-ffpPylbAJj4xktxvCBqGcBfV7UD0JSD5FuuKXs6b_h9Gq67zb0qnRVGQcfMHIOmOn_WDddA9lJQccSezzaQZEABQFIaVtBJEiVkgswZWHHLqqoStsw8EGDeTyA6G2zUm7sDBWDR7WDLnpWz1nPighs68CfRrALejJ4MlaFi0hv8LgV2FKxvVboAG3iIkfnN_emj1S-qsD-7dx8CCqp__q0-8Wg8edFJx8PPRKYfpCdLNgRDhczsM1I7SOSmLzF6h3fi61p0y3mbobp1d0gxIuBPUe4u2o8BtNWyhfgHABMmgyJiWBeAEAYgF19_NlFSgBi6AB7ziicoBqAenzLECqAemvhuoB8zOsQKoB_PRG6gHltgbqAeqm7ECqAeOzhuoB5PYG6gH8OAbqAfulrECqAf-nrECqAevvrECqAfVyRuoB9m2sQKoB5oGqAf_nrECqAffn7ECqAf4wrECqAf7wrEC2AcA0ggwCJHhgFAQARidATIIq4uAgKCAgAo6DACAgICAgJSoiAKoA0i9_cE6WLLJt42XtpMDsQnR5vUMk-ezIIAKA5gLAcgLAYAMAaoNAkRFyA0B4g0TCIz7t42XtpMDFYTwFgUdhhMiW-oNEwjTmbiNl7aTAxWE8BYFHYYTIlvwDQKIDv___________wG4E-QD2BMD0BUByhYCCgD4FgGAFwGyFw4YASoKMzg1MjYwNzQzOLoXAjgBqhgXCQAAAABAuOFAEgozODUyNjA3NDM4GAGyGAkSAq9PGC4iAQDQGAHCGQIIAQ&ae=1&gclid=EAIaIQobChMIxtC4jZe2kwMVhPAWBR2GEyJbEAEYASAAEgImevD_BwE&num=1&sig=AOD64_3UE8E96ALK55n1r3a6WXmqdhv5Gg&client=ca-pub-6453680425766689&rf=4&nb=9&adurl=https://www.stm.com.tr/tr%3Fgad_source%3D5%26gad_campaignid%3D22591795159%26gclid%3DEAIaIQobChMIxtC4jZe2kwMVhPAWBR2GEyJbEAEYASAAEgImevD_BwE,https://www.stm.com.tr/tr?gad_source=5&gad_campaignid=22591795159&gclid=EAIaIQobChMIxtC4jZe2kwMVhPAWBR2GEyJbEAEYASAAEgImevD_BwE,no,no,no,no,no
319,https://www.googleadservices.com/pagead/aclk?sa=L&ai=ClCShnmvCadXsDvCo2roPj53omQmHtpbxhQGdu_SUqBSK_aCEwwEQASCtieJ7YMfdgI6EJqAB1s6asyjIAQLgAgCoAwHIAwiqBJkDT9AqLBAlXeWeni9WHrnEEd7bnBGc-g_6s3LP8QNQSChRZGjT4ZlYp_ydLQCxv1zyqzKZFQ0ljFHPTsRrIq_vT_oHlItu5uTwPFc0usUTyJFd8fLdEhJ88ns3J_l5clSxI4Mzh0mllIM_sVdDN19AKL9dHLNPhOl0ZPah4j5XG0e17BNywv2yfwOnr5kugoi_hQtHbyvp-PfRRcBagUtczhNidknF9x3w4_8VfVxFhIT-L1OIXYu2m-U80tie4_p2MtW5MkldySIyRIYkuFdF_SJ_jl0LlIxQPE-b3T2D_208IUBYy5GaST0m2TVeUzUYkkpILSUH5_ERUt-J8KKw0rNmDPtsf2egSbdQ7XNSiCXStClR_3md7qVn8nRfC6YnUIpmd3Qi4EEQ1FCnt8Zd8yHzFFB37FaAgovcJLqnjc95elFrLojerIOlvVQFd9pHlnNruiRbtLbduIKutUo5klXkiMSoTjgABgq_j4v4xzbMLQguH2cprxHbcbceJN-1i4xGPBe00ADJ-xB4sKwcF2zBLLNSkkZZvcAEosChlKYF4AQBiAXY2pP0VKAGAoAHk-HKAagHp8yxAqgH4tixAqgHpr4bqAfMzrECqAfz0RuoB5bYG6gHqpuxAqgHjs4bqAeT2BuoB_DgG6gH7paxAqgH_p6xAqgHr76xAqgH1ckbqAfZtrECqAeaBqgH_56xAqgH35-xAqgH-MKxAqgH-8KxAtgHAdIILwiAYRABGJ0BMgiKgoCAgICACDoNgECAwICAgICogAKoA0i9_cE6WOSy-vStuJMDsQliXKfJ-wyIo4AKA5gLAcgLAaIMA5ABAaoNAlpByA0B4g0TCLXn-vStuJMDFXCUVgEdjw46k-oNEwiY2vz0rbiTAxVwlFYBHY8OOpPwDQKIDv___________wHYEw3QFQGYFgHKFgIKAPgWAYAXAbIXDhgBKgo0NDc3NDk2OTAxuhcCOAGqGBcJAAAAAGjFBkESCjQ0Nzc0OTY5MDEYAbIYCRICsV8YAiIBANAYAegYAcIZAggB&ae=1&gclid=EAIaIQobChMI1bP99K24kwMVcJRWAR2PDjqTEAEYASAAEgJ6MPD_BwE&num=1&cid=CAQS4gEABaugfZC5H4lkTL9CuI3UEGn5d4A5kfibz5ciL4AC3eY9BZYqoL4gMx5REDNVI_YXmnTLTdAouvyk2xYjG50pIqG7U4LGwbSalWllyrVBHf2iev31LKCYiOj-NI96OAXWxEKNb4Kg8N9qDTI1UXBlomNtefTQbG-lUwC-ixcLaleKr_jqgKUjBC0S_NFS_h99V_BCFLPjhS7fGVf9wcVy45d9FO-UrGqGwh9tcD0_l3Dy6SOIvH7NdKCD1w4GWwAB7JF4YjITPK7hsWAttXGW5LKJfqLlFHdP14PMgOBHKXEAGAE&sig=AOD64_3MKcJKcUlQF70WJtJnPCwP103abQ&client=ca-pub-5066399099591175&rf=5&nx=CLICK_X&ny=CLICK_Y&uap=UACH(platform)&uapv=UACH(platformVersion)&uaa=UACH(architecture)&uam=UACH(model)&uafv=UACH(uaFullVersion)&uab=UACH(bitness)&uaw=UACH(wow64)&uafvl=UACH(fullVersionList)&nb=2&adurl=https://www.bentley.com/software/itwin-iot/%3Futm_id%3DPIDxvb1gp1Z%26utm_campaign%3DIOT-Product_Feature_Retargeting%26utm_medium%3Ddisplay%26utm_source%3Dgoogle%26utm_content%3Den-landing_page-%26gad_source%3D5%26gad_campaignid%3D22792170840%26gclid%3DEAIaIQobChMI1bP99K24kwMVcJRWAR2PDjqTEAEYASAAEgJ6MPD_BwE,https://www.bentley.com/software/itwin-iot/?utm_id=PIDxvb1gp1Z&utm_campaign=IOT-Product_Feature_Retargeting&utm_medium=display&utm_source=google&utm_content=en-landing_page-&gad_source=5&gad_campaignid=22792170840&gclid=EAIaIQobChMI1bP99K24kwMVcJRWAR2PDjqTEAEYASAAEgJ6MPD_BwE,yes,yes,yes,yes,yes
320,https://www.googleadservices.com/pagead/aclk?sa=L&ai=CPTN3QNjBafPFIamKjeYP-bCeIJbw2IqGAd-a8J6xFaGm-PPQHRABINrXxTlgpYCAgJwBoAGqgvDcAcgBAuACAKgDAcgDCKoEwwJP0AGLMNgv_ldaAbtW5XKuELFb3Z9x4UbsB0OYXfLr7iluoYuaEY7vKYcOJe7OXI3YZHVwksFgbDM0fFudad3yuRzKq1r7o9do4R1oTjRqLs_kq0CBKJM2NAaKTCxgSDazRDNyjFtA5PWNOqQieEjXXEFad70VOdZsXq-6b9HgeBj17WYyveCJaUx2Sktx7MAtjLYXSyB5LSlMrCjmDFTLiFalS8aKIuXiPGHV_8OghR9ZplDxu9r_1MzwYbwEAv8HRtpSZ1DqbEMIeFNf96HlMdULY_KCK_AJLPhmqrxUQxuEiBqWhTsiWV7LfQa1Lb3WjwHB96eTwuCacBP5Q5HpBnkvccQlo-06f5ohDkrffmDAa-gi2LYjReHsQH8ViAVUilKLsZYf54_cqWmvTLWGVlo8xjENAZmN9qSSqX09SM2J7sAEvfOd1NMF4AQBiAX91fmNWKAGAoAHvv2PowKoB6fMsQKoB-LYsQKoB6a-G6gHzM6xAqgH89EbqAeW2BuoB6qbsQKoB47OG6gHk9gbqAfw4BuoB-6WsQKoB_6esQKoB6--sQKoB9XJG6gH2baxAqgHmgaoB_-esQKoB9-fsQKoB_jCsQKoB_vCsQLYBwHSCC8IgGEQARidATIIioKAgICAgAg6DYBAgMCAgICAqIACqANIvf3BOljF9_SvobeTA_IIG2FkeC1zdWJzeW4tMTYxNDkxMzU5ODg3NTQ5NrEJ8Ww7hPU5F9uACgOYCwHICwGiDAOQAQGqDQJBVcgNAeINEwj1ovWvobeTAxUpRcMGHXmYBwTqDRMIiNz2r6G3kwMVKUXDBh15mAcE8A0CiA7___________8B2BMN0BUBmBYByhYCCgD4FgGAFwGyFw4YASoKODQ2NjE1NjM1NLoXAjgBqhgXCQAAAACQ6_hAEgo4NDY2MTU2MzU0GAGyGAkSAotPGAIiAQDQGAHoGAHCGQIIAQ&ae=1&gclid=EAIaIQobChMI8-X7r6G3kwMVKUXDBh15mAcEEAEYASAAEgLFQ_D_BwE&num=1&cid=CAQS4wEABaugfYdtZe5N_qIW1NP6oKT9efuhQY1nR0J-TxTno_ceMKcL6ZZvmBLDvHh-7e0AUQZWcWFPg_VYOS-R4-c71F8R0_jTE854q8w71Nf4lML2IPuHGAoBoDYQAW-tAQSjPgUwKmGwP_g6ArFuKGnvWZxeeFyZwvnQkZT8WkzZBx0TMalh9jbXgqqepd-hJi_dDbsHHJbkhpMB3B4_Ha3qFLnWOGexs_kg74sv5P7TYNY8J5IBoJgoH9VHDhj6Wwh_4SFmiRKkezuPy2G0tLeQivrowUWK9ZN7oeZWRuWg81jU1hgB&sig=AOD64_180OMv3Q41avoEfbuaY5pLNCwCHg&client=ca-pub-3605257360853185&rf=5&nx=CLICK_X&ny=CLICK_Y&uap=UACH(platform)&uapv=UACH(platformVersion)&uaa=UACH(architecture)&uam=UACH(model)&uafv=UACH(uaFullVersion)&uab=UACH(bitness)&uaw=UACH(wow64)&uafvl=UACH(fullVersionList)&nb=2&adurl=https://plan.yoga-go.io/%3Fbranch-name%3Dtaichi%26link-id%3Dgo31mmc%26gender%3Dfemale%26skip-general%3Dtrue%26utm_source%3Dgoogle%26utm_medium%3Dcpc%26campaign_id%3D23651576573%26adgroup_id%3D194255485373%26ad_id%3D800693495473%26utm_term%3D%26placement%3Dwww.aljazeera.com%26timer_reset%3Dtrue%26gad_source%3D5%26gad_campaignid%3D23651576573%26gclid%3DEAIaIQobChMI8-X7r6G3kwMVKUXDBh15mAcEEAEYASAAEgLFQ_D_BwE,https://plan.yoga-go.io/onboarding?branch-name=taichi&link-id=go31mmc&gender=female&skip-general=true&utm_source=google&utm_medium=cpc&campaign_id=23651576573&adgroup_id=194255485373&ad_id=800693495473&utm_term=&placement=www.aljazeera.com&timer_reset=true&gad_source=5&gad_campaignid=23651576573&gclid=EAIaIQobChMI8-X7r6G3kwMVKUXDBh15mAcEEAEYASAAEgLFQ_D_BwE,yes,yes,yes,yes,
321,https://www.googleadservices.com/pagead/aclk?sa=L&ai=CuL6zomvCaZizEIefjeYPwKbFgA_N-NjchQHJj_zwvxWNiO2Q_w8QASDHnIMkYMfdgI6EJqAB6LmamgLIAQKpAspnwgya9gY-4AIAqAMByAMIqgTLAk_QHXcQPnFd93RRuNnQWXC8pA6g-Fqp_ynJGRd9zw9d33VPXF-wezKCNQhrIyPNPqLHX6zdqhToV911mWg9x9wXYGCY0RInp_9Is72EcznswcgdFlx13PJryfYF660a739Qm2fH-yyaaLJpufKMlyv95EOekLoM3qT_TLwpqfNHMFPaZ8mlPC-VgoQn-qVQJCF8XRQer9V9KUrYofpVOYFanIep9cCLGRW4xWEf5RqzfaZ-Yf5gT3jjT3Y6MOtG0FI12gVD9JTDy-6vxdJKBofaTSReyIaGdyhVawSb59v7x62jHib0Zld503AOJ49qYMUnTzF4rYHEBQRN3fTSmCDEULSryBvbQeu1p5wWNHkvkG8LA4nQYO_WGFljRS5OndksNYsgV-Gj3EoWaHf7VFkihfQwxDoidA2GpQRtviEbz8bkde6zkkSnbuzABOrG8L6vBeAEAYgFvKLk6FagBgKAB4DG5eUBqAenzLECqAfi2LECqAemvhuoB8zOsQKoB_PRG6gHltgbqAeqm7ECqAeOzhuoB5PYG6gH8OAbqAfulrECqAf-nrECqAevvrECqAfVyRuoB9m2sQKoB5oGqAf_nrECqAffn7ECqAf4wrECqAf7wrEC2AcB0ggvCIBhEAEYnQEyCIqCgICAgIAIOg2AQIDAgICAgKiAAqgDSL39wTpYwq7x9q24kwPyCBthZHgtc3Vic3luLTU1MzM2NTAwODg2MDY2NzCxCf8Hn22Z1hkOgAoDmAsByAsBogwDkAEBqg0CWkHIDQHiDRMIiNPx9q24kwMVh0_DBh1AUxHw6g0TCJHx8vatuJMDFYdPwwYdQFMR8PANAogO____________AdgTDdAVAZgWAcoWAgoA-BYBgBcBshcOGAEqCjcwNTExMzc0NzW6FwI4AaoYFwkAAAAAYMHtQBIKNzA1MTEzNzQ3NRgBshgJEgLkThgCIgEA0BgBwhkCCAE&ae=1&gclid=EAIaIQobChMImIzz9q24kwMVh0_DBh1AUxHwEAEYASAAEgLXFvD_BwE&num=1&cid=CAQSvgEABaugfXjw_sMRNhYfRMWA5qYvc37c9cQCCGR5QhPt9Yvj4_IcgJ5pzCjeHbtJ6Uj8airdZTlKHNVgsNBVau92hydkX-zHtSKFYlGY-qmYehX7dBx3I92hXrRCz0PL9fFUNRLz9hsIroZMqH5L-FDmNRqan0r3fcvRmzdgM3WpITl1It5DCNQYFJtqeqEHjveBHhXM11O8cURvyY-grsL33oY_xYSo1xbBZ7ekb3NNluUYLI2YcwSc7Zix728eGAE&sig=AOD64_3lrisAVPdx6sa7fExIhYSSCWgn1w&client=ca-pub-3533864070776314&rf=5&nx=CLICK_X&ny=CLICK_Y&uap=UACH(platform)&uapv=UACH(platformVersion)&uaa=UACH(architecture)&uam=UACH(model)&uafv=UACH(uaFullVersion)&uab=UACH(bitness)&uaw=UACH(wow64)&uafvl=UACH(fullVersionList)&nb=2&adurl=https://daybarrier.co.kr/shop/%3Fidx%3D49%26utm_source%3Dgoogle%26utm_medium%3Dcpc%26utm_campaign%3D23305195836%26utm_content%3D792642998802%26gad_source%3D5%26gad_campaignid%3D23305195836%26gclid%3DEAIaIQobChMImIzz9q24kwMVh0_DBh1AUxHwEAEYASAAEgLXFvD_BwE,https://daybarrier.co.kr/shop/?idx=49&utm_source=google&utm_medium=cpc&utm_campaign=23305195836&utm_content=792642998802&gad_source=5&gad_campaignid=23305195836&gclid=EAIaIQobChMImIzz9q24kwMVh0_DBh1AUxHwEAEYASAAEgLXFvD_BwE,,,,,
322,https://googleads.g.doubleclick.net/aclk?sa=l&ai=CHnnffEvBadiIIpacjeYPlo3PkAKMrNHahQG-oa_CqxTehI2RjA4QASCtspoqYJX68IGMB6ABv8DYvCnIAQGpAh4jv8eyYrM-4AIAqAMByAMKqgSaAk_QEac8gqALOA2Tab7-LPBmTa-3nOkZCJkB_PhVNrMZ39WKdwsXHf4khKlJAZM-KkqkUbwDwd4JSQbZ5aKDVV0AiHDPkgT7FxGfweeABz17H40ATGxD9jfqSV9CpheiPIGvkej_6NEJSLnq7WpFI5Kmvr9d_VHNp9SD8jspK4jVG5MFRpqHutsICQ_jlfSETtCcu1OPg2ZWuEbP6-b1XSSX8wZ_irCaYwNqbXaNAdo96SNX5Inxj27mGU2eLq_DBRZOzkCZtF0LbZ7JbsHlKD2oQFgVVht6DGAd9Fb7_pb6_4yRZ6u37TBO3kuDDIXUmBCLCVcHmtLOuIdFoFwf3jnHhUVU7tYF3V3DcMqg5H2Lc0wgEN9Se72HD8AE1O7Fq8gF4AQBiAWv--H8VKAGLoAHv_ionASoB6fMsQKoB-LYsQKoB6a-G6gHzM6xAqgH89EbqAeW2BuoB6qbsQKoB47OG6gHk9gbqAfw4BuoB-6WsQKoB_6esQKoB6--sQKoB5rhsQKoB9XJG6gH2baxAqgHmgaoB_-esQKoB9-fsQKoB_jCsQKoB_vCsQLYBwHSCDIIgOGAEBABGJ0BMgiqgoCAgICACDoOgMADgICEgICUqIgCqAdIvf3BOlj7hNSQm7aTA7EJvL-ymG7QA96ACgOYCwHICwGiDAOQAQGqDQJERcgNAeINEwiWt9SQm7aTAxUWTsMGHZbGEyLqDRMIn_7UkJu2kwMVFk7DBh2WxhMi8A0CiA7___________8BsA6jrqrJGNgTC9AVAZgWAcoWAgoA-BYBgBcBshcOGAEqCjQ1OTc3NzgxMjO6FwI4AaoYFwkAAAAAQIkIQRIKNDU5Nzc3ODEyMxgBshgJEgKFVBguIgEA0BgB6BgBwhkCCAE&ae=1&gclid=EAIaIQobChMI2LbVkJu2kwMVFk7DBh2WxhMiEAEYASAAEgJL4_D_BwE&num=1&cid=CAQScAAFq6B9a_Dph6iGNJHB8TQQkBlHyNBj26lls9sv8IW8jN8zwYMXPuvOOreUV-s201VAVVZgWj5C4YYhU-fIwLd2MKfDQS8RaShYWYxmwoJVwHqhU2CjySUStn5I1O0-uaTKMRkN0kIXYdX9pt-Qo5QYAQ&sig=AOD64_3R9PrFvMrDgxdGHIV4-pzEnmVvxA&client=ca-pub-8864803855381259&rf=4&nb=19&adurl=https://makesyoufluent.com/victor/%3Fcmpid%3D64f9b76b96406f000150b821%26sub1%3D3_MYF_All_pMax_Victor%26sub2%3D%26sub3%3D%26sub4%3D%26sub5%3D%26sub6%3D22813972069%26sub7%3Dc%26sub8%3D%26sub9%3Dx%26sub10%3D%26ref_id%3DEAIaIQobChMI2LbVkJu2kwMVFk7DBh2WxhMiEAEYASAAEgJL4_D_BwE%26gad_source%3D5%26gad_campaignid%3D22810230191%26gclid%3DEAIaIQobChMI2LbVkJu2kwMVFk7DBh2WxhMiEAEYASAAEgJL4_D_BwE,https://makesyoufluent.com/victor/?cmpid=64f9b76b96406f000150b821&sub1=3_MYF_All_pMax_Victor&sub2=&sub3=&sub4=&sub5=&sub6=22813972069&sub7=c&sub8=&sub9=x&sub10=&ref_id=EAIaIQobChMI2LbVkJu2kwMVFk7DBh2WxhMiEAEYASAAEgJL4_D_BwE&gad_source=5&gad_campaignid=22810230191&gclid=EAIaIQobChMI2LbVkJu2kwMVFk7DBh2WxhMiEAEYASAAEgJL4_D_BwE,,,,,
323,https://www.googleadservices.com/pagead/aclk?sa=L&ai=CWpu74GTCaeNC8vSm3w_417fgA-PZhdeFAbO_ye2dFd3ZHhABINjU9aUBYMfdgI6EJqABvpDS4CrIAQLgAgCoAwHIAwiqBLoCT9DwPyugNjaSsqvdezF4Jvdh458NjifZTa8Tb5lcs3o3KSsuvw_3_5gtPThi2L_yFkakX_F-9FK-eIhTVIekbDMMJK2edAGMWsbyeKGgmzzL12mng9uVUWcVZZEXMJnoprnqxerBAJKDMKkdJg4nqVMSGrnao2xhJoigNoovAxUkwAhEmEPWpYGlxvC5LjoG0BWeqIIHM10Q3Muu9G3V42jeQ75g60IawhmasifhTO3fTZfyP9oGB_YXGzyVvO-JOYTrKiQEE8iB9plngI6aR6pXgyOySoz3ncjqKyWsEsLVEqtUlUTUPSJ72cqDs_K_FJeY2qJpXVXLrvNgMnmfNKW1NQ3XDsPiCHvbijQdFwpAYlYkWbAuLcgLP2frUbs7d6q79NV_pYcxRHnD_HYM058J1HICMv1otG_ABIjOzvDFBeAEAYgF_b21_lagBgKAB77IosAFqAenzLECqAfi2LECqAemvhuoB8zOsQKoB_PRG6gHltgbqAeqm7ECqAeOzhuoB5PYG6gH8OAbqAfulrECqAf-nrECqAevvrECqAfVyRuoB9m2sQKoB5oGqAf_nrECqAffn7ECqAf4wrECqAf7wrEC2AcB0ggyCIDhgBAQARidATIIqoKAgICAgAg6DoDAA4CAhICAlK7gA6gHSL39wTpY2pDpvae4kwOxCSI1xy3sBY7OgAoDmAsByAsBogwDkAEBqg0CWkHIDQHiDRMIutzpvae4kwMVcrrpBR346w086g0TCJ73672nuJMDFXK66QUd-OsNPPANAogO____________AdgTDNAVAZgWAcoWAgoA-BYBgBcBshcOGAEqCjE5MjM2NjA2NDi6FwI4AaoYFwkAAAAAeDwQQRIKMTkyMzY2MDY0OBgBshgJEgKxaRgCIgEA0BgB6BgBwhkCCAE&ae=1&gclid=EAIaIQobChMI47Lsvae4kwMVcrrpBR346w08EAEYASAAEgICIfD_BwE&num=1&cid=CAQSbwAFq6B9k5GV_7hRXODFOR5fLxBew94blkOmmSDKpULZsae51qBLtW3dEC1ec4KMYMoikVDieFRM0eWiP8YcxoWLHUhth9jh86ZSGJXmkqNFHMA9ton2ZnYp7Xt-fG5kctoc4wLcmAUpdvBUiyyQ7hgB&sig=AOD64_2W0sEVVWemKuPATl0nOZixUaMzRQ&client=ca-pub-7446550989060601&rf=5&nx=CLICK_X&ny=CLICK_Y&uap=UACH(platform)&uapv=UACH(platformVersion)&uaa=UACH(architecture)&uam=UACH(model)&uafv=UACH(uaFullVersion)&uab=UACH(bitness)&uaw=UACH(wow64)&uafvl=UACH(fullVersionList)&nb=2&adurl=https://quiz.theliven.com/fr%3Futm_source%3Dgoogle%26utm_source_res%3Dgoogle%26account%3Dchesmint%26utm_medium%3Ddisplay%26utm_campaign%3D23350566653%26utm_device%3Dc%26placement%3Dwww.bfmtv.com%26utm_creative%3D787721204802%26campaign_name%3D83215_Google-Display_tCPA120-budg240_w2w_purch-GTM_None-tp-pl-obz_WW-FR_adhd-mpf_1012_top_HOR%26adset_name%3DtCPA_google_InMarketAll_WW_Disp-FR_adhd-mpf_ASC70__TopCreo_1012_10plus%26matchtype%3D%26keyword%3D%26utm_adset%3D190556907272%26utm_ad%3D787721204802%26ad_name%3D81787-81787-New-Sta-300x250-adhd-GG-FR-TSY-RID-VVR-Focus-%26utm_creative_res%3D787721204802%26utm_content%3D%26asset_group_id%3D%26gad_source%3D5%26gad_campaignid%3D23350566653%26gclid%3DEAIaIQobChMI47Lsvae4kwMVcrrpBR346w08EAEYASAAEgICIfD_BwE,https://quiz.theliven.com/fr/9102_5xph9/?utm_source=google&utm_source_res=google&account=chesmint&utm_medium=display&utm_campaign=23350566653&utm_device=c&placement=www.bfmtv.com&utm_creative=787721204802&campaign_name=83215_Google-Display_tCPA120-budg240_w2w_purch-GTM_None-tp-pl-obz_WW-FR_adhd-mpf_1012_top_HOR&adset_name=tCPA_google_InMarketAll_WW_Disp-FR_adhd-mpf_ASC70__TopCreo_1012_10plus&matchtype=&keyword=&utm_adset=190556907272&utm_ad=787721204802&ad_name=81787-81787-New-Sta-300x250-adhd-GG-FR-TSY-RID-VVR-Focus-&utm_creative_res=787721204802&utm_content=&asset_group_id=&gad_source=5&gad_campaignid=23350566653&gclid=EAIaIQobChMI47Lsvae4kwMVcrrpBR346w08EAEYASAAEgICIfD_BwE&visitor_id=00bdbc5b-480f-4682-8d7f-a32e3d94786a,yes,yes,yes,yes,yes
324,https://www.googleadservices.com/pagead/aclk?sa=L&ai=C9nayeRnBafioHvbyjeYP85iJ4Q2pzMKxhQH4iILklhS2kB8QASC8luEQYImLxIT0E6ABmfjvoAPIAQKpAmpsvXcdTbY-4AIAqAMByAMIqgTnAk_Q2g_eqdbfQymptesF7X7f7dgtelg0YxIPgxepd-HZGgSrxomGGZRxcFZ3llNXY-65mw-fYz5jhSf-SKVB8O3WfEri34fX20HXVg0dKgDORpcam-BtlB9pZLBcVZfO6madpZHPZAofZ7ZdECqCzJvEjrAeV1nv7_6WamrsugXQK3vt79GioDK6ivMJI3UkXlSApKBPC4VuSeb7qIp3tnHFW_aOPUKZmDQmGuCz7jLEBvSnwB2IH8FDnHndufCw1zm1_gvcabMqqFJK2GzPoFVd9Qdq8ZIKi9DGoUc6feMiaBMjLfvzUpx1pBo7OP5Bh98eN0duczP0ZlFHjwzHlEqdeUcLan6hWw3ihNXhfQQZP4wHnE9QNl2OMlvokLn3pptC9h_USE0lEMzjmGL2LU-PJO-tz9p83a6dthQ1JjJVZavNwsCSUU9sKout3MggvJMEFmWv7KTHlL1Ray7doG1xlL9xwvpQwASC0IGmrwXgBAGIBZaQlctUoAYCgAfPh5BfqAenzLECqAemvhuoB8zOsQKoB_PRG6gHltgbqAeqm7ECqAeOzhuoB5PYG6gH8OAbqAfulrECqAf-nrECqAevvrECqAfVyRuoB9m2sQKoB5oGqAf_nrECqAffn7ECqAf4wrECqAf7wrEC2AcB0ggyCIDhgBAQARidATIIqoKAgICAgAg6DoDAA4CAhICAlK7gA6gHSL39wTpYvILWt-u1kwOxCSt4FFHsSgQ9gAoDmAsByAsBqg0CSlDIDQHiDRMI67TWt-u1kwMVdnnDBh1zTCLc6g0TCLSQ2LfrtZMDFXZ5wwYdc0wi3PANAogO____________AdgTDdAVAcoWAgoA-BYBgBcBshcOGAEqCjY3MzE4NDAyNTC6FwI4AaoYFwkAAAAAgL8UQRIKNjczMTg0MDI1MBgBshgJEgL_ThgCIgEA0BgB6BgBwhkCCAE&ae=1&gclid=EAIaIQobChMIuMnYt-u1kwMVdnnDBh1zTCLcEAEYASAAEgI26_D_BwE&num=1&cid=CAQScAAFq6B9RO2c8Ozjt1pSYR6pM3NCeZeLgx7MckrJ1otccsY3hoXTg53tmw8K_GpHixlRjBkc-MDwa-CT7__KJ2fDTJ1_hZLfpsewt32wUYkuU1LV10lpvF4J8ulzcs8y_X9NH0UzkzPmaGddFpvSgFEYAQ&sig=AOD64_28A13FvkvgRJ44yFf0Jk2WYn9Z3w&client=ca-pub-2012933198307164&rf=5&nx=CLICK_X&ny=CLICK_Y&uap=UACH(platform)&uapv=UACH(platformVersion)&uaa=UACH(architecture)&uam=UACH(model)&uafv=UACH(uaFullVersion)&uab=UACH(bitness)&uaw=UACH(wow64)&uafvl=UACH(fullVersionList)&nb=2&adurl=https://www.londontheatre.co.uk/whats-on%3Futm_source%3Dgoogle%26utm_medium%3Dcpc%26utm_campaignid%3D22706210838%26utm_adgroupid%3D184494876674%26utm_adid%3D760239360859%26utm_term%3D%26utm_matchtype%3D%26utm_campaign%3D%26utm_adgroup%3D%26gad_source%3D5%26gad_campaignid%3D22706210838%26gclid%3DEAIaIQobChMIuMnYt-u1kwMVdnnDBh1zTCLcEAEYASAAEgI26_D_BwE,https://www.londontheatre.co.uk/whats-on?utm_source=google&utm_medium=cpc&utm_campaignid=22706210838&utm_adgroupid=184494876674&utm_adid=760239360859&utm_term=&utm_matchtype=&utm_campaign=&utm_adgroup=&gad_source=5&gad_campaignid=22706210838&gclid=EAIaIQobChMIuMnYt-u1kwMVdnnDBh1zTCLcEAEYASAAEgI26_D_BwE,,no,no,no,no
325,https://www.googleadservices.com/pagead/aclk?sa=L&ai=CLkeptgHCaeGTEZ6A2roP59rl8QSp16jAe4LyxpmtE_GH-sHfCxABIKP-wh9gmwOgAdbS6N8CyAEJ4AIAqAMByAMKqgTXAk_Q3XTV9zBZ3UBLZZCd6neaMGlOOVYj7gHAvZ9OlVxmQ4Vz2Ing66tX1CXi5PEvH4olstz5rTVPX6PIvGPfwpHuCpGbdnZvnI5oqsmLEWCKaazptssSdhs4CdhHEpdee0v6uYB-dMHJ1UDrWishbUx17-Not9R2CW6fGSNUHsOSwwFYBl-oeaxDa-TEazKO3-AQq4n_ROZYcotxtnZl1NgRfXE3D9ifKwdLL34Qtp-QV7hsySKsmD-0v8G4MSeLG2mppRz8arHuK6QJTK7TjnyHtl1RwIxPn-SnciELpYx2NtdYyY7Mp5VEhUfN7GycPCWyCKvITBe7MMit5SYhIhmDXnK0ThPM2n5IFZwTAqk11tTm-dqdf6qLlAzJwm7TG9i7TJpLhHRs9NRf_tD5AbRewbLJyqm36O39W6H_pS0lQ9Rt3XFLl4WNRuXaFrVwSI-YUqLR48XABPz9mrb7BOAEAYgF_r-GzlGgBi6AB5Ktl6ABqAenzLECqAfi2LECqAemvhuoB8zOsQKoB_PRG6gHltgbqAeqm7ECqAeOzhuoB5PYG6gH8OAbqAfulrECqAf-nrECqAevvrECqAfVyRuoB9m2sQKoB5oGqAf_nrECqAffn7ECqAf4wrECqAf7wrEC2AcA0ggvCIBhEAEYnQEyCIqCgICAgIAIOg2AQIDAgICAgKiAAqgDSL39wTpYwsH49Mi3kwOxCWGmfB4B_AmigAoDmAsByAsBgAwBogwDkAEBqg0CS1LIDQHiDRMIxOz49Mi3kwMVHoBWAR1nbTlO6g0TCMTk_fTIt5MDFR6AVgEdZ205TvANAogO____________AdgTDdAVAZgWAcoWAgoA-BYBgBcBshcOGAEqCjY4MDk4MDU1ODi6FwI4AaoYFwkAAAAAgOn_QBIKNjgwOTgwNTU4OBgBshgJEgKvWhguIgEA0BgBwhkCCAE&ae=1&gclid=EAIaIQobChMI4cb-9Mi3kwMVHoBWAR1nbTlOEAEYASAAEgKr_vD_BwE&num=1&cid=CAQS0AEABaugfYbRw56J0J3m5818JMPqV_g4-kNqU7877ix2ll_Kdw5hxa-cSw23Inqc-odkTd5mNG0NEAURZ2SbUdZ1QuPdbWLruB4QEawrKEw8emEanBWKZMRMIjsy52s4CbJSzzD-nG6MM953gTWOykxha8wZAGojkPd24FMUIhMA5pQfjnJE6kRf3k_JWH41NF6mhLDaHu0K2MPsXSVibaxGaR6H0qfG2J0Gt23IKDSuG9s30gwM-Y9BCullbwWC42N8PSkG8CnOty3IxGfzMGvUGAE&sig=AOD64_3vw28UX8AHB01nhSjzOnISbqBkkQ&client=ca-pub-3805416966001714&rf=4&nb=9&adurl=https://caninecorraldogdaycare.com/thanksgiving-fun-for-your-furry-friends-nov-18th-30th/%3Fgad_source%3D5%26gad_campaignid%3D21906956286%26gclid%3DEAIaIQobChMI4cb-9Mi3kwMVHoBWAR1nbTlOEAEYASAAEgKr_vD_BwE,https://caninecorraldogdaycare.com/thanksgiving-fun-for-your-furry-friends-nov-18th-30th/?gad_source=5&gad_campaignid=21906956286&gclid=EAIaIQobChMI4cb-9Mi3kwMVHoBWAR1nbTlOEAEYASAAEgKr_vD_BwE,,,,,
326,https://adclick.g.doubleclick.net/aclk?sa=l&ai=CB7fFgf3AafL0KqmA2roP4IL4sAfTt9SNhQGG5pXEgRBkEAEgx8efI2CJi8SE9BOgAf-uq80DyAEJqQIL7_igC1q2PuACAKgDAcgDCqoE7wJP0Gu8s3y3L0PlqfxB0QcgwdZKaoBYMfPhpRci3igUYSIKnQA0UiRCfAieQ0HtkeiUbp6MEd24B0FaSIx6AnPO4Qihde2mtLEk4apb_CfTwvhM1XKvDJ7iyTe3ffYA28w_w-ncNUa-GuDHbqOypn9p1UN5jeD8bVKlERp4FybgDPeGSnqFS6i7kPHjSZigtWRcJFk8w1MUKsTymbSxIKG3iBDErJUa9HWIkTHuOpVu4TAtadD6NQCzogo-Hw4ubKIG-EZ5wjRIdAJ9gD4cGRk5ADW2Rvx7_6sx5JcxR37B6HKjB2-D_fWO2TbI7khCOuVxetiX2P_eKTspj6QEvYEBg0PctLV4mwV_KG4ao9yv8ccbmM5opEoz17JbCZrQqXTrmYQUmOVz4MCH8JmkshPg1sMSf2qrg4yx1lyDoHMeP6fEl5YcJxAdhTHfR2jDyXVcfq7lP7gYV4H3UhML1PfeHL56PRDpIbwkubgqhieNwATFw8CNgALgBAGIBaq48c4GoAYugAex1_soqAenzLECqAemvhuoB8zOsQKoB_PRG6gHltgbqAeqm7ECqAeOzhuoB5PYG6gH8OAbqAfulrECqAf-nrECqAevvrECqAfVyRuoB9m2sQKoB5oGqAf_nrECqAffn7ECqAf4wrECqAf7wrEC2AcA0ggvCIBhEAEYnQEyCIqCgICAgIAIOg2AQIDAgICAgKiAAqgDSL39wTpYuobP4dC1kwOxCWTCvFhz7uRRgAoDmAsByAsBgAwBqg0CSlDIDQHiDRMIjrDP4dC1kwMVKYBWAR1gAR526g0TCNf20OHQtZMDFSmAVgEdYAEedvANAogO____________AbgT5APYEwuIFAfQFQHKFgIKAPgWAYAXAbIXDhgBKgo1ODU1MTAyODI5uhcCOAGqGBcJAAAAAGAVEEESCjU4NTUxMDI4MjkYAbIYCRICrFEYLiIBANAYAegYAcIZAggB&ae=1&gclid=EAIaIQobChMIsrnR4dC1kwMVKYBWAR1gAR52EAEYASAAEgIOGfD_BwE&num=1&cid=CAQS0AEABaugfZLZX7FE1ek6xYo1l6bMzPGqwNt2OCpDvx2m8vUf93a_Myty_cDKWASvMWt6R7LjFoE0Vvxi9zrmp21oA1pnWqMCCEO7yAqEKo6SnksCVVxPv0JCpkz124wjOnSV_hU9mzjM-kMWtLO9GmzxZ5VfYGPGNgsble77TjVaINjf6bLJFyCiaY6E5GK-ZwXJrnwTfPKzTluP8wezvLK_w4A0PG6MkFpAe7O96VRconwTMJ-TVMEWKQ1-8B2j9IPCE-Jv6154-ABaMEr7thGwGAE&sig=AOD64_1QfkSUPZiInWRVcTtsNX_efwehPQ&client=ca-pub-1481019754184955&rf=4&nb=9&adurl=https://ao.com/%3FWT.z_PT%3DMix%26WT.z_MT%3DAO_Display%26WT.z_RTM%3DDisplay%26WT.z_DT%3DMobile/Desktop%26WT.z_KT%3DRetargeting%2520DPA%26WT.z_CN%3D(ACQ)%2520RMKT%2520DPA%26WT.z_AG%3DViewed%2520a%2520product%252030%2520days%26WT.z_KW%3DRetargeting%2520DPA%26utm_medium%3Ddisplay%26utm_source%3Ddisplay%26utm_campaign%3D(ACQ)%2520RMKT%2520DPA%7CViewed%2520a%2520product%252030%2520days%7Cretargetingdpa%7Cao%7Cacquisition%26utm_content%3Dremarketing%7Cdisplay%7Cevent%26gad_source%3D5%26gad_campaignid%3D1776049194%26gclid%3DEAIaIQobChMIsrnR4dC1kwMVKYBWAR1gAR52EAEYASAAEgIOGfD_BwE,https://ao.com/?WT.z_PT=Mix&WT.z_MT=AO_Display&WT.z_RTM=Display&WT.z_DT=Mobile/Desktop&WT.z_KT=Retargeting%20DPA&WT.z_CN=(ACQ)%20RMKT%20DPA&WT.z_AG=Viewed%20a%20product%2030%20days&WT.z_KW=Retargeting%20DPA&utm_medium=display&utm_source=display&utm_campaign=(ACQ)%20RMKT%20DPA|Viewed%20a%20product%2030%20days|retargetingdpa|ao|acquisition&utm_content=remarketing|display|event&gad_source=5&gad_campaignid=1776049194&gclid=EAIaIQobChMIsrnR4dC1kwMVKYBWAR1gAR52EAEYASAAEgIOGfD_BwE,no,no,no,no,no
327,https://www.googleadservices.com/pagead/aclk?sa=L&ai=ClJtBcG3Caf3bCOuY0-kP-5KAqAmxu42MhgHtt8mgzRPXi5z6kg4QASD4yMkgYMfdgI6EJqABh-Hj-ynIAQGpAvbAWSQgqm8-4AIAqAMByAMKqgS1A0_QW7o8zx1V5CcAxT0RTXU7V6Wweg7pB715WfJox3CAV7GDAjwTu7FVlBHFZWXcAgeZtfmmOuOWpSEP04HAysGhnlzjZleYFjrbGxdDlh_Pk8DlALfv4OK-aRqsf53TK3zspDEqYGzSyurJODKvUdldgdbGM_EvcD9108DYNbapoQM4GfFOWKdaM1jHWT6NOgQ-tG3dcjZusfIbtnA-UlauMsfDbVZzOcRoLtgypyiuZnGEjy2QXZBVxuXTvdpdYQO_dpqaNiOWx8aP0u1FWBq-8j8XtXx8fc8dpLckc5H794UYZQJpVT4XVxwtdIt4rUrIRRQ_1h7YsYEad5zuCSSPEpAfrMlGFzwfMi5XvMcxZWitJhs-roCu0ili9vcb1ccmw2orWm8FbMqjIjD7rlDyQXLXyUlwnMcYz6Nv8qzWsTJ1kYG5FvhQjJYPVr6Bsq0vXlSffnrAbnCnWfiOTPnZFJQdxF7kOrvr_uNGWNIlawlvB6v__rM8EBcb3WX7wkfq0xtTMeFJ6RWvCpntQc9sn-y7wfLLG00iTyA3ew53a3yaF-ATaxbdvzSiVddNFWMdS5bCwAT7lsT79QTgBAGIBa2EzOtMoAZmgAeHmbTbBKgHp8yxAqgH4tixAqgHpr4bqAfMzrECqAfz0RuoB5bYG6gHqpuxAqgHjs4bqAeT2BuoB_DgG6gH7paxAqgH_p6xAqgHr76xAqgHmuGxAqgH1ckbqAfZtrECqAeaBqgH_56xAqgH35-xAqgH-MKxAqgH-8KxAtgHAdIILwiAYRABGJ0BMgiKgoCAgICACDoNgECAwICAgICogAKoA0i9_cE6WKOLjdOvuJMDsQmJXN8nviqoMYAKA5gLAcgLAaIMA5ABAaoNAlpByA0B4g0TCPOhjtOvuJMDFWvMNAcdewkAleoNEwijvpDTr7iTAxVrzDQHHXsJAJXwDQKIDv___________wHYEwyIFBnQFQGYFgHKFgIKAPgWAYAXAbIXDhgBKgoyMTMwMDQ1ODE4uhcCOAGqGBcJAAAAAKBAAUESCjIxMzAwNDU4MTgYAbIYCRIC_FsYZiIBANAYAcIZAggB&ae=1&gclid=EAIaIQobChMI_dOR06-4kwMVa8w0Bx17CQCVEAEYASAAEgJ_cvD_BwE&num=1&cid=CAQS4wEABaugfaRuTaVeTGW1daIT_IpciAq1vLj0PcEsBAC-Pt5S8kUzqt9AMc2yVRfHCOFs-4jEDyrcuGIDQDOqQL61VWmrRriTjm__nMedJscIPodWKt9CghdL1F5wuomk2cxwDGQU83ZiEznzFma65SQR86KJtg5SsBYuK0Sl6iylsgp_SJ5Jv6HXGYC4-UHty2eLxLKtdHZf6r7L55fGffYE2GY4-a-eeu8jNYKNP77_SlKZki_ZJ8BSfp1O44qp9WjseKounCoC_wSmqhArrlghqbMEPXAbR_2CuaNQvHfje0Lb1RgB&sig=AOD64_3HiKLj9Yd8vAvD4SxBguD5W8gmLA&client=ca-pub-3622136098794040&rf=4&nb=1&adurl=https://reuterina.co.za/%3Futm_source%3Dsearch%26utm_medium%3Dpaid_ad%26utm_campaign%3Dreuterina_products_paid_search%26https://reuterina.co.za/%3Futm_source%3Dsearch%26utm_medium%3Dpaid_ad%26utm_campaign%3Dreuterina_products_paid_search%26gad_source%3D5%26gad_campaignid%3D20626735661%26gclid%3DEAIaIQobChMI_dOR06-4kwMVa8w0Bx17CQCVEAEYASAAEgJ_cvD_BwE%23Products%23Products%26utm_source%3Dsearch,https://reuterina.co.za/?utm_source=search&utm_medium=paid_ad&utm_campaign=reuterina_products_paid_search&https%3A%2F%2Freuterina_co_za%2F%3Futm_source=search&gad_source=5&gad_campaignid=20626735661&gclid=EAIaIQobChMI_dOR06-4kwMVa8w0Bx17CQCVEAEYASAAEgJ_cvD_BwE#Products#Products&utm_source=search,,,,,
328,https://www.googleadservices.com/pagead/aclk?sa=L&ai=CoUbXPBnBaY-AI7CajeYP9Pu_sQKjiZyDhgGvu4uYjxa-hJGNjA4QASD0g7kbYImLxIT0E6AB0-rG0D_IAQapAjUh9gjn3EY-4AIAqAMByAMKqgT6Ak_Qqt-qjRIFRm46wit2m_G-8GjQ6BcgFsLgHvny11rga-8-nyHmiCJAdb0CgfqJFkcQK02qElsW5cZ0vUFCqF6IsP9FTbRXG-5JD3ZWqeUGADtWZLywAiMuzcUxTV45F6BgPH_xjJ9oO8mLGMa5oDO7MGH0L6B3-ahpCCdde2KPPotvRVSmlxVdkUP7jFng4n8LgzNT1aU6bmRqwP79Bqcrx3a0K9nI72xju8NDLO5mXdQT8e9OFzSpcEBU7o0TZKJXQWKE8XMBdu2HQfrIBgD5xrIlMIeuuN95LtzlR_3USJ3ZhZca52r-PDvT_m4je5xHC71UUtIKaXk0NSI6za__9KPMQQYqzeg-58jQuPdr_TLFh726Hm8dbM9zFU45xGxA0xxefxgPjOQOsAqH82Wf6NSeHZV-i1WaZcrHYJAgeW0o3QqC2IIIFxqRI0KNdfpN6FYlGsKlA5GxudWC-uuAQADqS9isSChsM_6uusAsNSVaRuAofqnaasAE6u3Qj-AF4AQBiAWMhYCXWKAGN4AH06KXsBqoB6fMsQKoB6a-G6gHzM6xAqgH89EbqAeW2BuoB6qbsQKoB47OG6gHk9gbqAfw4BuoB-6WsQKoB_6esQKoB6--sQKoB9XJG6gH2baxAqgHmgaoB_-esQKoB9-fsQKoB_jCsQKoB_vCsQLYBwHSCC8IgGEQARidATIIioKAgICAgAg6DYBAgMCAgICAiIACqANIvf3BOli-3s-a67WTA7EJiNb_Eh3htCaACgOYCwHICwGqDQJKUMgNAeINEwjKgNCa67WTAxUwTcMGHfT9LybqDRMIhNvRmuu1kwMVME3DBh30_S8m8A0CiA7___________8B2BMD0BUByhYCCgD4FgGAFwGyFw4YASoKOTgxNzYyNjgxNLoXAjgBqhgXCQAAAACwpAxBEgo5ODE3NjI2ODE0GAGyGAUYNyIBANAYAcIZAggB&ae=1&gclid=EAIaIQobChMIj47Smuu1kwMVME3DBh30_S8mEAEYASAAEgLGy_D_BwE&num=1&cid=CAQS4gEABaugfdSuanBwCf38cMQJYQ2T7AtSkIOo7kvCFeqJ10FeTxq87lI0k1GPDRi5_SBMJN9ObMR_ff4NrPhF8vCrTvHm1PROsyTZkNHLx1KoaTvT2Pko_N1MxnfnjFEsMe5M3fhKdQJKA7ehdClLHjVMd8Ry6f-VFmRtZ-H_TlaDzb8tVnRCxKOfywdVeYXDlXmuMEtm3f1dfCBRppRh4Zn3ArK9LFu6f8f2jTmkkxN_XNPRGN4PO9KZoa0QtsBUmtDzRGEZLMcMqELPRx_yDSX3rBkL_816xhF4TRHGaZvMH46JGAE&sig=AOD64_1f0Sgcgeq7B5te8MQgbYU6eZdkyQ&client=ca-pub-3844877863303739&nx=CLICK_X&ny=CLICK_Y&uap=UACH(platform)&uapv=UACH(platformVersion)&uaa=UACH(architecture)&uam=UACH(model)&uafv=UACH(uaFullVersion)&uab=UACH(bitness)&uaw=UACH(wow64)&uafvl=UACH(fullVersionList)&nb=9&adurl=http://techcircle.in%3Fgad_source%3D5%26gad_campaignid%3D23670555276%26gclid%3DEAIaIQobChMIj47Smuu1kwMVME3DBh30_S8mEAEYASAAEgLGy_D_BwE,https://www.techcircle.in/?gad_source=5&gad_campaignid=23670555276&gclid=EAIaIQobChMIj47Smuu1kwMVME3DBh30_S8mEAEYASAAEgLGy_D_BwE,,,,,
337,https://www.googleadservices.com/pagead/aclk?sa=L&ai=CSAoGzgDBabDTHZiijeYPsNPPyQ2KkL7PhQH2vpWLrhXb2R4QASCFr_MeYImLxIT0E6ABr5T5qSjIAQGpAghO89Vo7Do-4AIAqAMByAPLBKoEpANP0GId-j0YOexE00NWDjbiPS4REa2E7I04l1vIsEeERFCBMqKuytrrbPJ_7oCoVzfRZT5sFDQCeNuIRFqWZJgYghnm_0sgrEgYZY1gRvbc3PlKvc0ue4hu2etu0Ohg4rxVXv6i-xgJ6mAwsOuveF85-V9llLOExZogekkZ6GBLfWNrFnjhaM_3NbPh5aTos_uqqDCL-hyvnziNa6IrCaC9ivU7snLDqykbVhTNzjhaplr_R-ma2_H07mWX5b05NLAy6OFldgCFeKPtsnfwWjJdUhZFFG9_RsBe_VfG_dDVl1qeADhK5CLp3Iwu7n-xIhTGBIAJdkyt_cL4Il5fGGv4A2IaT5U7BQWBLxLhqQ8eM4-PLiSVihJugdnUfF9tr0qA5wqz0ac3llmS8qMtX1FcvZyhEg3eEzU4tKicPhVBRPCk30STWLi-e75shiTvwD16zbaSkmzHzNwEzTq2FxaV92IijDPPvn1ogId4rN0HKa13NfG45OCoOf9aMIXmEeHICuJhQkEkERCCCeRSpTin9mZFT_Nz-W2Yy9HW5iFFQRlCiH7ABLGI4pefBOAEAYgFoJnh90WAB6_MyYkDqAenzLECqAemvhuoB8zOsQKoB_PRG6gHltgbqAeqm7ECqAeOzhuoB5PYG6gH8OAbqAfulrECqAf-nrECqAevvrECqAfVyRuoB9m2sQKoB5oGqAf_nrECqAffn7ECqAf4wrECqAf7wrEC2AcB0ggvCIBhEAEYnQEyCIqCgICAgIAIOg2AQIDAgICAgKiAAqgDSL39wTpY2pK39NO1kwOxCUH-ZWvPdAgqgAoDmAsByAsBqg0CSlDIDQHiDRMIg_G39NO1kwMVGFHDBh2w6TPZ6g0TCLXIufTTtZMDFRhRwwYdsOkz2fANAogO____________AdgTCtAVAcoWAgoA-BYBgBcBshcOGAEqCjU1MDE4Mjk1Nzi6FwI4AaoYFwkAAAAASP8KQRIKNTUwMTgyOTU3OBgBshgJEgKTThgBIgEA0BgBwhkCCAE&ae=1&gclid=EAIaIQobChMIsPK69NO1kwMVGFHDBh2w6TPZEAEYASAAEgKx0_D_BwE&num=1&cid=CAQS0QEABaugfWRArfiNm7Fj2OZqEb7i3gdS0PRc3K0G03aFOOOjMAP_SDbok5ABe27zmxa7LCpeW3o8UrI9s0kMbe__hzPbCIsaFfaTORV5mgbhyh1e-ElItZSwYF9O83IjLPDwtNvu-khEsP6w2-ALmr_otubFu9M3lmel1D-YrtrGHwEdxB8YvCEm7R_U1phGxB6CUXQ489eOUh_HASO8DKQpAi1h1OsI_CdmEYp9wq-Vudw25fcLR43CV2GmJp3WS3D2t6MFyszjKgzAKPtzOMtQthgB&sig=AOD64_1geKa5MSgzjh509x73sJDfytA9bw&client=ca-pub-6131228133143733&rf=1&nb=0&adurl=https://onereno.network/%3Futm_source%3Dgoogle%26utm_medium%3Ddisplay%26gad_source%3D5%26gad_campaignid%3D18773200032%26gclid%3DEAIaIQobChMIsPK69NO1kwMVGFHDBh2w6TPZEAEYASAAEgKx0_D_BwE,https://onereno.network/?utm_source=google&utm_medium=display&gad_source=5&gad_campaignid=18773200032&gclid=EAIaIQobChMIsPK69NO1kwMVGFHDBh2w6TPZEAEYASAAEgKx0_D_BwE,,,,,
338,https://adclick.g.doubleclick.net/aclk?sa=l&ai=Cog9VhgbCadjpOrCdjMwPx-n-qAeR-aOhf8yCnoSME_uChsvCARABILflhCFgyZ75hoCAoBmgAfqliv0oyAEJqAMByAPLBKoE1QFP0IqeHtsFGoYJQUWpGJgNNAsTY9WaNi5ypyq67aUfpG8RObqqByVuowDdpgK9n52catH2RADcKZFoCLyGUBKkiZU__uVXx09kxMQLWkNh9KJB7U0BrZojyfcRuQpCYjBhowhdBLdn5tmXx8Srx1weBpDM9tZcvcCzWmraPuHNKK6U32mfXseXAKExjAuroVjLFNHVjCOeyfCWIOSlQYNHBL8LnBqz6my9PEAPqCkEQbF4iQd1wU3o1mc6QhUBfcJ7N1nJojUg5pQf7WqoHuJce-T2bjnABMLsr-TqBIgFmdW0y1CgBi6AB_rd2twDqAfi2LECqAemvhuoB8zOsQKoB_PRG6gHltgbqAeqm7ECqAeOzhuoB5PYG6gH8OAbqAfulrECqAf-nrECqAevvrECqAfVyRuoB9m2sQKoB5oGqAf_nrECqAffn7ECqAf4wrECqAf7wrEC2AcA0ggvCIBhEAEYADIIioKAgICAgAg6DoBAgMCAgICAiIACqIMQSL39wTpYl_6swc23kwPyCA1iaWRkZXItMjAzOTMysQktwGtSDAaEL4AKBJgLAcgLAYAMAaIMA5ABAaoNAlVTyA0B8A0CiA7___________8BsA6m2ZWiGLgT5APYEwzQFQGYFgHKFgIKAPgWAYAXAbIXEBgBKgo1MDg4NTI2MzQ3UAa6FwI4AbIYBRguIgEA0BgBwhkCCAE&ae=1&gclid=EAIaIQobChMI2MTjwM23kwMVsA6DAx3HtB91EAEYASAAEgKaOPD_BwE&num=1&pr=13:acIGhwAAAAAXgz5esnyQxu7o0BS_4NR256NnKQ&cid=CAQSgwIABaugfYy7vyAtuw17Uh-L0mt6kb93tOyMgJSF_0yBRuuRTVHhoTkwx2c4vUyc4m53Cg4mIPrQM8xNRJo7JMGZBhnO84zDoiac_1IPACcTZ8eVmYm-_z2zQAX9lU3nEroN-Oa47UMOXZVTinkz1UmrekRLLRMEzZsZBlIN8BoWdLFvrQn8MXLphXOzfdkEF13Q6cNQZJeNgwCmFRvrA9gIl4Fyo8jDD0CUeUkMs_ilVYoq8-qVKur6iZAxBS04xS-k86FdB7EqbCtMmsk93LGccE_J8Kjkl5GfER0nPq7ozOKmAjo4X8Lb9s9N4FBx5niBH9fnlnkfw1gMn02p2ALHbTw_GAE&sig=AOD64_3rbmLJfj27ZeQU2Dds-DrvGZ9z1A&client=ca-pub-5722610347565274&rf=1&nb=9&adurl=https://duramax.com/%3Futm_term%3D%26utm_campaign%3DDuraMAX-Performance%2BMax-1%26utm_source%3Dadwords%26utm_medium%3Dppc%26hsa_acc%3D1643667543%26hsa_cam%3D21643329031%26hsa_grp%3D%26hsa_ad%3D%26hsa_src%3Dx%26hsa_tgt%3D%26hsa_kw%3D%26hsa_mt%3D%26hsa_net%3Dadwords%26hsa_ver%3D3%26gad_source%3D5%26gad_campaignid%3D21632985753%26gclid%3DEAIaIQobChMI2MTjwM23kwMVsA6DAx3HtB91EAEYASAAEgKaOPD_BwE,https://duramax.com/?hsa_tgt&utm_term&hsa_acc=1643667543&hsa_cam=21643329031&hsa_grp&hsa_ad&hsa_src=x&hsa_kw&hsa_mt&hsa_net=adwords&gad_campaignid=21632985753&hsa_ver=3&gad_source=5,,,,,
339,https://www.googleadservices.com/pagead/aclk?sa=L&ai=CyOD1hSfBad7xHqnbpt8PzvSX8Ams6ZuJhgGjzovQvRXb2R4QASC8luEQYImLxIT0E6ABlbbNmwPIAQmpAhJdRpm78Do-4AIAqAMByAMKqgTSAk_QSV-XskgP5B96y0b7HfF2a14rn1TDDls-XekqrFjatF2PpWOlmXy5FYGOh9kvGKqei1vPOTJkAXTApRVO6TnKjkCFuTQFcKJKHXOYEmY3_EExGBLIH7-hmsRnRV6XcU10iWLAjIi1-_BYilNOdM00IYyMZHb7iSHXC3E01fl-6LPkCDTKxUj2ouGg4FEt_C3v7tkZ8_eKG87q4h5H8sNNl19WztwjyqofViQv2wUSPjcc632Kex15OE2w-ob3sQJA-ErQ1ArrifklK4bN8TdDSUdwtaqb-1W8sFV73NFxvlfJLDiOIOSBLgik0I8onkudpTbHTIaRrOb7lEkIcOF1SgS-1xQvyYJg9hQZAwleFYJ0-QhbbWPYIgJ1tOUF0O6TUvnixJgIX8pFBz4ICQSnHC3mS6KuMk7PYHE5HumozQkPh1XAly6RrzDABaD78OzZwATu7YTPyQXgBAGIBZj66NRXoAYugAfTybJkqAenzLECqAfi2LECqAemvhuoB8zOsQKoB_PRG6gHltgbqAeqm7ECqAeOzhuoB5PYG6gH8OAbqAfulrECqAf-nrECqAevvrECqAfVyRuoB9m2sQKoB5oGqAf_nrECqAffn7ECqAf4wrECqAf7wrEC2AcA0ggyCIDhgBAQARidATIIqoKAgICAgAg6DoDAA4CAhICAlK7gA6gHSL39wTpYy4Cw6vi1kwOxCW9vpqf7mEb5gAoDmAsByAsBgAwBogwDkAEBqg0CSlDIDQHiDRMIouKw6vi1kwMVqa3pBR1O-gWe6g0TCOSCs-r4tZMDFamt6QUdTvoFnvANAogO____________AbgT5APYEw2IFALQFQGYFgHKFgIKAPgWAYAXAbIXDhgBKgo2NzMxODQwMjUwuhcCOAGqGBcJAAAAAADm_EASCjY3MzE4NDAyNTAYAbIYCRIC7U4YLiIBANAYAegYAcIZAggB&ae=1&gclid=EAIaIQobChMInsiz6vi1kwMVqa3pBR1O-gWeEAEYASAAEgLLQ_D_BwE&num=1&cid=CAQScAAFq6B9I0GptVer-y1YCSRqVEQy_cwS0b19ez8vmIJnvmuujYzD9YQSooDBIsduhKg9NRTZ9e1YF9w0vYN991dRCPTLb2XvkMAQXBe3xN6cjykq8cwnVAkpUnZP-6dejBC18U6JSEDjJZeg0rMnEpIYAQ&sig=AOD64_0zadWzDGVf6uM2_0m_RtOaeNMH2w&client=ca-pub-2012933198307164&rf=4&nb=9&adurl=https://np-kakebarai.com/contactus/form-oyakudachidl/wp_seikyu-bpr/%3Fcreative%3D796235417244%26keyword%3D%26matchtype%3D%26network%3Dd%26device%3Dc%26utm_source%3Dgoogle%26utm_medium%3Ddisplay%26utm_campaign%3Dgdn_s_invoice%26gad_source%3D5%26gad_campaignid%3D23531765016%26gclid%3DEAIaIQobChMInsiz6vi1kwMVqa3pBR1O-gWeEAEYASAAEgLLQ_D_BwE,https://np-kakebarai.com/contactus/form-oyakudachidl/wp_seikyu-bpr/?creative=796235417244&keyword=&matchtype=&network=d&device=c&utm_source=google&utm_medium=display&utm_campaign=gdn_s_invoice&gad_source=5&gad_campaignid=23531765016&gclid=EAIaIQobChMInsiz6vi1kwMVqa3pBR1O-gWeEAEYASAAEgLLQ_D_BwE,,,,,
340,https://googleads.g.doubleclick.net/aclk?sa=l&ai=CxdLSPk3BadHSPIaAvcAPk8yJ6QPEhPmwhQHhsM_61BTV06HpARABINP_iaABYJX68IGMB6ABvpDS4CrIAQLgAgCoAwHIAwiqBOEDT9A8NFGti0VejnVCnzQfTO_4_GQc81UtlfNtnBtr3yDQpfMixvio1Vr4P8NSi5u56E60wGc-oP3LuarBgn0vbKcuDoyJdb_QlwgJE0D69YrNfsBvHRqkJvQrFb5jwUMAS6Ii0Ht4K6-GBMheZ42pZsveRfccigXbwt90BHRat4R8PnCV-QUELFbFwo2rJfO0uB6XGhtOFp_ixUt8cfthK4BMBgP21TgrsANTjB_1WIpO1b_nv7ZPiDlOu-prg6_Oy_TwwDtveLiNJxIfDf8wboh0SKW9voSYNyGAw3E_Pad0XnJIqG-o1Y9LT_DOjHxb0MORJt8AYm4T6tENSCNnY51pg8SOQAaRZp51Eb1CVrrkYF7_pMn41CfZR6Y3hjDmczXoI--BObN0sfTjmLjMt7gV3YYb1s1d1Lv6ZJMNPOVGoNbQlJpNmoEGMo8GptaBcTSbWpeNdLRy5Q1RvqmTJ5I162zp3S3ixTBZW47WoQ7NUJ_sy9GnI8VzXBl6BRJEd4KeKRtAVUXlV4dvpAO0K5jjXh6NixwnNK7ndfcvhccuKX5SN-dNxBcET7Mp7B26nQHgrmhBSCpprhQEMhQFS6KshApsOYSQjfaFGqDn8r-tTG-rkoZkpkOkqto-bPe-NcAE_NjF0bAF4AQBiAXbjcOQVaAGAoAHvsiiwAWoB6fMsQKoB-LYsQKoB6a-G6gHzM6xAqgH89EbqAeW2BuoB6qbsQKoB47OG6gHk9gbqAfw4BuoB-6WsQKoB_6esQKoB6--sQKoB9XJG6gH2baxAqgHmgaoB_-esQKoB9-fsQKoB_jCsQKoB_vCsQLYBwHSCDAIkeGAUBABGJ0BMgiri4CAoICACjoMAICAgICAlKiIAqgDSL39wTpY6oe455y2kwOxCYSxJhkmjL_pgAoDmAsByAsBogwDkAEBqg0CREXIDQHiDRMIwt2455y2kwMVBkAPAh0TZiI96g0TCMqVueectpMDFQZADwIdE2YiPfANAogO____________AdgTDNAVAZgWAcoWAgoA-BYBgBcBshcOGAEqCjc3MjUyMDE5MTW6FwI4AaoYFwkAAAAAwNL5QBIKNzcyNTIwMTkxNRgBshgJEgKxaRgCIgEA0BgB6BgBwhkCCAE&ae=1&gclid=EAIaIQobChMI0em555y2kwMVBkAPAh0TZiI9EAEYASAAEgJopvD_BwE&num=1&sig=AOD64_1TDJp9EU1vlgUEkDehlQ8FDKO0QA&client=ca-pub-4322545682653075&rf=5&nx=CLICK_X&ny=CLICK_Y&uap=UACH(platform)&uapv=UACH(platformVersion)&uaa=UACH(architecture)&uam=UACH(model)&uafv=UACH(uaFullVersion)&uab=UACH(bitness)&uaw=UACH(wow64)&uafvl=UACH(fullVersionList)&nb=2&adurl=https://quiz.theliven.com/en%3Futm_source%3Dgoogle%26utm_source_res%3Dgoogle%26account%3Dchesmint%26utm_medium%3Ddisplay%26utm_campaign%3D22851667675%26utm_device%3Dc%26placement%3Dwww.indiatimes.com%26utm_creative%3D766900057172%26campaign_name%3D4933_Google-Display_MC_w2w_purch-API_None-obz_WW_ot-on_dopamine-mpf_2907_top_ANA%26adset_name%3DMC_WhiteList_USA-Tier1_allG_18-65%2B_all_dopamine-mpf_Top-4_0606%26matchtype%3D%26keyword%3D%26utm_adset%3D184854604924%26utm_ad%3D766900057172%26ad_name%3D83080-83080-New-Sta-336x280-dopa-GG-EN-RUD-MAM-RUD-DopaAd-DopaAd%26utm_creative_res%3D766900057172%26utm_content%3D%26asset_group_id%3D%26gad_source%3D5%26gad_campaignid%3D22851667675%26gclid%3DEAIaIQobChMI0em555y2kwMVBkAPAh0TZiI9EAEYASAAEgJopvD_BwE,https://quiz.theliven.com/en/3236_fx1er/?utm_source=google&utm_source_res=google&account=chesmint&utm_medium=display&utm_campaign=22851667675&utm_device=c&placement=www.indiatimes.com&utm_creative=766900057172&campaign_name=4933_Google-Display_MC_w2w_purch-API_None-obz_WW_ot-on_dopamine-mpf_2907_top_ANA&adset_name=MC_WhiteList_USA-Tier1_allG_18-65+_all_dopamine-mpf_Top-4_0606&matchtype=&keyword=&utm_adset=184854604924&utm_ad=766900057172&ad_name=83080-83080-New-Sta-336x280-dopa-GG-EN-RUD-MAM-RUD-DopaAd-DopaAd&utm_creative_res=766900057172&utm_content=&asset_group_id=&gad_source=5&gad_campaignid=22851667675&gclid=EAIaIQobChMI0em555y2kwMVBkAPAh0TZiI9EAEYASAAEgJopvD_BwE&visitor_id=942073ee-e685-4b33-97da-6fafceb9d024,yes,yes,yes,yes,yes
341,"https://googleads.g.doubleclick.net/pcs/click?xai=AKAOjss7eZUOgOjymJqn27tLEbquU9B7QCaTcEnQwEHvzyW1cM8Ft3M5LP8TsXce3_l3zXcgpEz84DOq5XLVRd2bMUF5Ner996D019J6tFq1HVJX6Vpx0bAudNvyt2fdrH-1sRmHqcNPHeNkKWGeu2zI9OD9wvARX3IwwQzaHZ4EupmN6J4vI6gol_YUAvUf-fIyZ4Y_cyybYY8BJxCZbTjMfqPWHH0ezK-50I-BP8C9LexKn18gsh7OE6jPQ6S1oIoHxEEu-GrJM1blA1jVaF1m-oaJwckAKKA8btydqdkI9a5jnv7lrvNcbiNIAz5kGYbJ1Jx8QuHHMhhs_ZLhKBwAH90AFr6zVi_tr7kE5ux1t_u3sPPVIUWXEE9_sfpNlUWcu8lVGfG-jdzpayBAa0VG2FwvR9vGJJYH0FH7smVwdzkjyiYpVUYHuviI8tu-GQ&sai=AMfl-YTMYXYj6bWc-PoyFbmDgOkkdl-nd8NKIXcIWHdl3AwJ0S2IgyG18KnmROMhOmVhAjIB___NUh_Z9G69BVyEnmkVGZMzPJmGb1nq6QqwPFDf4QrXdzu_FxS_RYNy6mb-3vgxiWg3AwlPTkdGl9Oi8zsb9clpARO-sdJ2ncF4Sa_I-KWwsuycGaNG_faAJN1ctW4bMSps1dDU2q1M7pL6LJPSyIKUm3kzAFl69jrpagfPSrHjQ82wdAeeYAayodimv93FsUc9tDbOxe4AhwGw3k19iBomfoj_8i_W8779-aEu-CiV45l9QCQLTpFvHIq5dYe6Bv5ovr-7f62hPlFekcqWlnpVXVA9-ioUnMdOfJElGljRlditPj4DX1p0UIEIo2wevZd2Sx_hkz4&sig=Cg0ArKJSzCuM5TW4pi7A&fbs_aeid=%5Bgw_fbsaeid%5D&adurl=https://www.flipkart.com/6bo/b5g/~cs-nlj4ca9gqw/pr%3Fsid%3D6bo,b5g%26collection-tab-name%3Dasus%26pageCriteria%3Ddefault%26sort%3Dprice_asc%26dclid%3D%26gclid%3DEAIaIQobChMIiYTMkfTkkQMVaImsAh1djxmjEAEYASAAEgJR0_D_BwE%26gad_source%3D7%26gad_campaignid%3D23381430647","https://www.flipkart.com/6bo/b5g/~cs-nlj4ca9gqw/pr?sid=6bo,b5g&collection-tab-name=asus&pageCriteria=default&sort=price_asc&dclid=&gclid=EAIaIQobChMIiYTMkfTkkQMVaImsAh1djxmjEAEYASAAEgJR0_D_BwE&gad_source=7&gad_campaignid=23381430647",,,,,
342,https://www.googleadservices.com/pagead/aclk?sa=L&ai=ClTs03nfCafmPNqbxjeYP4dzF-A69rIjigQHbl7SwzxSXg8bBpTkQASCtieJ7YMfdgI6EJqABoIGzwwPIAQmpAgG2eaaVeLM-4AIAqAMByAMKqgSVA0_QAg5IGp8rVSlQAzOiJ_6YpjLG99joF7ihOv_t3Ftd9GAsI0ok3agR5YwfsncBR1cMLSf2Koj48dFo4NT8VTTgyetjE0KZVaXzeHh1FdSIifoubC1p1wyfIFb4tTDZXL6ptLdmJWU-8bTJ_tft2xcw-l57Gns5xVzJGSGk-Qx3NseHUG_ZY2M6L2Q2u7vb3Z9_8AtqoMupSkO3bp-2biN1LC_NP6atwFgC5_plkrlLbEKXOi29-qBJm0ofKfG59Dmwt_DwK6FHaYi1gWo8UGfEZHHQxl6GGCadIj_ovE4WE-1Bos2iAewkHCkwGkReV_M5uHY34Ubd95kFNk3Rhjh3vAOtREouN36y5bGOvWnpXSThIbsRwKg_mkHTYzwTs12fdmlHmf9I4VoFaAv4310B__SUfTg5GpXijoqSBAbOztlK_fqwCWj__a-oXGfXm5uF5bCX9R9LxWlgcfBeAJUHC4oPjVKb6eCYShdeFGfizdNB0AEs0Ih7YUZmSEMSV7B6v_G71cxMpg9qGcnXHaBCaiQnT8AEjvWU2KoF4AQBiAXDrYS7VKAGLoAHrbKMPagHp8yxAqgHpr4bqAfMzrECqAfz0RuoB5bYG6gHqpuxAqgHjs4bqAeT2BuoB_DgG6gH7paxAqgH_p6xAqgHr76xAqgH1ckbqAfZtrECqAeaBqgH_56xAqgH35-xAqgH-MKxAqgH-8KxAtgHANIILwiAYRABGJ0BMgiKgoCAgICACDoNgECAwICAgICogAKoA0i9_cE6WKLi0My5uJMDsQkHsF_EsQgdj4AKA5gLAcgLAYAMAaoNAlpByA0B4g0TCIb_0My5uJMDFaZ4wwYdYW4R7-oNEwiDs9LMubiTAxWmeMMGHWFuEe_wDQKIDv___________wHYEw3QFQHKFgIKAPgWAYAXAbIXEBgBKgo0NDc3NDk2OTAxUAa6FwI4AaoYFwkAAAAAsI4MQRIKNDQ3NzQ5NjkwMRgBshgJEgLvThguIgEA0BgB6BgBwhkCCAE&ae=1&gclid=EAIaIQobChMI-fbSzLm4kwMVpnjDBh1hbhHvEAEYASAAEgKg0PD_BwE&num=1&cid=CAQS4gEABaugfbrfkC_EU1PrtJTfxDGuZXO35uC9Kz7IwGaJf-cNkURg_EPEs6Ildk87ElqASOtWeLI39kPzMPyoTk_W5NUp-IATN-apwWJsAQmaFmDGt-_14l6o301Qsdevi11zQb5urBqjCT5hm8e0U2MxCmsTzaSghNHXCGgrvorBQyDuANtTwQYoEKtTtjZoOc7NpeOweNrVqQJ649niPYO7XAKiILljUUNpnHXswx1cCfNhDk1SUeSKMKmN-xipUaR-gUwItZJ5TnPBFGT93g0mHq33eyq2KScrmqcY75rXf1a0GAE&sig=AOD64_0dp5DMbpLr24PNOsAMxp3benz8UA&client=ca-pub-5066399099591175&rf=4&nb=9&adurl=https://www.tickmill.com%3Futm_medium%3Ddisplay%26utm_source%3Dgoogle%26utm_campaign%3Dremarketing_display%26utm_content%3Dremarketing%26utm_term%3Dremarketing%26utm_source%3Dgoogle%26utm_medium%3Ddisplay%26utm_term%3Dplacements%26utm_campaign%3Dplacements_display%26utm_content%3Dless-is-more%26gad_source%3D5%26gad_campaignid%3D22672381635%26gclid%3DEAIaIQobChMI-fbSzLm4kwMVpnjDBh1hbhHvEAEYASAAEgKg0PD_BwE,https://www.tickmill.com/?utm_medium=display&utm_source=google&utm_campaign=remarketing_display&utm_content=remarketing&utm_term=remarketing&utm_source=google&utm_medium=display&utm_term=placements&utm_campaign=placements_display&utm_content=less-is-more&gad_source=5&gad_campaignid=22672381635&gclid=EAIaIQobChMI-fbSzLm4kwMVpnjDBh1hbhHvEAEYASAAEgKg0PD_BwE,yes,yes,yes,yes,yes
343,https://www.googleadservices.com/pagead/aclk?sa=L&ai=C5OoMcxHCafa1KaOjjeYP3ur52Aj025T9hQG_k_ySzBShpvjz0B0QASCL8IofYJsDoAGit4muQcgBAuACAKgDAcgDCKoEnQNP0MiR28KYwADY1ENpvbmCXaqyPO94pKFbw_llVc4PyYiY10xsFBdIYN3wEN9SPPBt5SnKZpir5GYljJJrvmWASwr1OvuLQUEmDLzGl6Aq9DffSmZEoCXjWVSUyo4XMP3jwWMU_93dSvvFieUbEXGvKlQ4UU_Pv0cJ0_09GYr4moaW-EzHH-tunIptUUKh9MdX7ysIX4RAcakd_jjtmvuM7VjT1smM6DJmO8lK2ecyJ3kH52zPuCg_7MucWhC_6Ev_EDFp6r36a5v--V58SAYvRsr5DSd_l-LOHHK4NgtYJ1d9dSmpT3z01hw_MGZYOlIHCoKm-lfdWD069L4YFTNZbsAPKiMmI71FqqMJqCGF7pdlpmV8Atg3x2-sFr6waCStfB8oa875ooHlpqNxLwLTff5AuzH-1rJcESeluX6HKveslq2uG2X3FcdZy6oPic4UjT3Kav97KczOuqhWnm8MQcIHwAVWRRGnvO-qK3tfUmEewlT7CCeyMibbYERbun_mMYVFuSjTV-VTYMkcRt_d-2lCk8V5J7U-UOC5s8AE2NynwbQF4AQBiAXa9f3aVaAGAoAHou_ZjRyoB6fMsQKoB6a-G6gHzM6xAqgH89EbqAeW2BuoB6qbsQKoB47OG6gHk9gbqAfw4BuoB-6WsQKoB_6esQKoB6--sQKoB9XJG6gH2baxAqgHmgaoB_-esQKoB9-fsQKoB_jCsQKoB_vCsQLYBwHSCDEIkOGAQBABGJ0BMgiLg4CAgICACjoNgECAwICAgICogAKoA0i9_cE6WNnxq_bXt5MDsQnixLGvdOUkI4AKA5gLAcgLAaoNAktSyA0B4g0TCIOUrPbXt5MDFaNRwwYdXnUei-oNEwi6jK3217eTAxWjUcMGHV51HovwDQKIDv___________wHYEw3QFQHKFgIKAPgWAYAXAbIXDhgBKgoyMDQ1MjE0MjI4uhcCOAGqGBcJAAAAACAA8kASCjIwNDUyMTQyMjgYAbIYCRICk04YAiIBANAYAcIZAggB&ae=1&gclid=EAIaIQobChMItrut9te3kwMVo1HDBh1edR6LEAEYASAAEgIG-PD_BwE&num=1&cid=CAQS0AEABaugffXjgHIVmJvg1zAmO7TE7Px5zzesWW8B06V4O1q1oIr-Shqze-ix8F-aHrK7fFJDWFvLuI5HV342waMJbkcCF10nlEpotFtgXIyMDoiMTGce3X_y40k6-tig605mxfMhIDEqjq8FD8U9AXjFsYHWVRaMYpBCKsLdV0tROaaSu9l1O0AgyTnUQWCJDJMZLKfw4BPkz7DMftZCl1lxoEeoZRilE11LhFCgqiOreNT4nROth8gMtLfadyTqyrBTKHE3RhscBu_ftkP1F_bQGAE&sig=AOD64_35-0zApc_iazl6IBzGJ9M4NNkt2A&client=ca-pub-3746578658400510&rf=5&nx=CLICK_X&ny=CLICK_Y&uap=UACH(platform)&uapv=UACH(platformVersion)&uaa=UACH(architecture)&uam=UACH(model)&uafv=UACH(uaFullVersion)&uab=UACH(bitness)&uaw=UACH(wow64)&uafvl=UACH(fullVersionList)&nb=2&adurl=https://onesunset.nyc/%3Fgad_source%3D5%26gad_campaignid%3D23007820506%26gclid%3DEAIaIQobChMItrut9te3kwMVo1HDBh1edR6LEAEYASAAEgIG-PD_BwE,https://onesunset.nyc/?gad_source=5&gad_campaignid=23007820506&gclid=EAIaIQobChMItrut9te3kwMVo1HDBh1edR6LEAEYASAAEgIG-PD_BwE,,,,,
344,https://www.googleadservices.com/pagead/aclk?sa=L&ai=CgmYkGGbCaYrCPNGWjeYP85jamQPUgKv3hQH9naC5sRW_4R4QASD8grkbYMfdgI6EJqAB5Yiz2QPIAQKpAlPC9pMhz28-qAMByAPJBKoE1gJP0A8ZRp30S2TQCeokdJ9tL07-9GcJqN38d4snitmNS99g2JkRq1QIHjjsnkEx3scMIjxw_WlCBfW2jYtDZD1nXkEDnbNTedHGahRzO1JevOK2VmYhiLRB3-aIehgQeDTxdNliGYGYgJ7aIn3SZWAllf_8FLlp3wGV6oc20gMeUbVLowBi81XjDWyqmYAxaOX-i3DcCmnndX3Az4y4DD8ErGwKwYiKLBK1lgwu6UT0EDMnG23d5_dVrpnlTOX9CPq1A7jBSUNoQO8d4FYXi98vS_CNaazI9PpP-T3-FL0ppC0ySThushtfsljRVnXdzorN_2kWuUItiFNP9oN6aGr34wBiQ0Qvn2Ralt85zWcbLQoogSHjZhQdURl1tFKx8ko286Fi_sngjdmQcTYDBB993NlvQ7x8AJZ-KLe2PK3xn2Srualy_I432tmH64qm8QnhbbDSTx_ABOPlyZjoBYgFnq2ji1igBgKAB4P3zCaoB6fMsQKoB-LYsQKoB6a-G6gHzM6xAqgH89EbqAeW2BuoB6qbsQKoB47OG6gHk9gbqAfw4BuoB-6WsQKoB_6esQKoB6--sQKoB9XJG6gH2baxAqgHmgaoB5jFsQKoB_-esQKoB9-fsQKoB_jCsQKoB_vCsQLYBwHSCC8IgGEQARifAzIIioKAgICAgAg6DYBAgMCAgICAqIACqANIvf3BOljQmYvTqLiTA5oJVWh0dHBzOi8vd3d3Lm1ycGhvbWUuY29tL2VuX3phL3Nob3AvaG9tZS1kZWNvci9zaG9wLWxpdmluZy1yb29tL2N1c2hpb25zLWNvdmVycy1pbm5lcnOxCWkcZc40ommVgAoByAsB4AsBogwDkAEBqg0CWkHIDQHqDRMIybGL06i4kwMVUUvDBh1zjDYziA4J2BMD0BUBmBYByhYCCgD4FgGAFwGyFxAYASoKNDE1NTMyMTQwOVAGuhcCOAGqGBcJAAAAAEDYAUESCjQxNTUzMjE0MDkYAbIYCRICrVEYAiIBANAYAegYAcIZAggB&gclid=EAIaIQobChMIiq6L06i4kwMVUUvDBh1zjDYzEAEYASAAEgL-JvD_BwE&num=1&cid=CAQS0AEABaugfWi4rynqqPu84fdVcPZTRDUl-g4wJMk2Kb__va8tvUoZ9PUogNc4e676STYD8xrxJKjMlseZhYUf9kgNIdqsZTKoDQ3hvKleoz7XdDqOSus4E-wNh5M2OL8RSWq4U9EEd58Bj9HRF304BVe1m_HOmgJloHKIyZqk9NyX5JTuoHkr01E291GZNKBECYCX2apXusheLteM3coGmg7ku8LQhrLz9ETOwnUH978-GdLsyKJRTifLIwIitlx-yLN791OSTEO7zPqusSP4jRUlGAE&sig=AOD64_2VPfhKH5kAEdM6TIkwkc41Itnmog&client=ca-pub-1772901936034744&rf=2&nb=2&adurl=https://clickserve.dartsearch.net/link/click%3F%26ds_a_cid%3D82644675%26ds_a_caid%3D23645968030%26ds_a_agid%3D199767519971%26ds_a_fiid%3D%26ds_a_lid%3D%26%26ds_e_adid%3D799726561654%26ds_e_matchtype%3Dcontent%26ds_e_device%3Dc%26ds_e_network%3Dd%26%26ds_url_v%3D2%26ds_dest_url%3Dhttps://www.mrphome.com/en_za/shop/home-decor/shop-living-room/cushions-covers-inners%3Futm_campaign%3D02_2026_wk11_PreboEaster%26utm_source%3Dgoogle%26utm_medium%3Dcpc-gdn%26gclsrc%3Daw.ds%26gad_source%3D5%26gad_campaignid%3D23645968030,https://www.mrphome.com/en_za/shop/home-decor/shop-living-room/cushions-covers-inners?utm_campaign=02_2026_wk11_PreboEaster&utm_source=google&utm_medium=cpc-gdn&gad_source=5&gad_campaignid=23645968030&gclid=EAIaIQobChMIiq6L06i4kwMVUUvDBh1zjDYzEAEYASAAEgL-JvD_BwE&gclsrc=aw.ds,yes,,yes,yes,yes
345,https://www.googleadservices.com/pagead/aclk?sa=L&ai=CLppQmA3CaY2BB4L0s8IP2dO_8ASrwbPfdqvJnt-_EM_jrPnYDxABIIWv8x5gmwOgAa2R-P0DyAEC4AIAqAMByAMIqgSrAk_Q1URGjqf4FDi6MRjg_YjcrR6t_xr3ICDM1b7Z6NPH-rHmJ0Qd4rB-jE0VpcnVtbtE3WZfHIadbwV8zzdETK5PT8sTy9SI3sO08KV5lYPYimTebcMZPIFRKGYe6dc7sS1T1I6Tc8UA2-_OZnlBXVOkAQhKeJ4M0FeOOcy2chwUiZkvM2zSGrxVH9C806RfBDXU48wD3b5MhLPFQ7r05VUo7WcArVjso6fOBqyZdu_5Tm0kYTNjwpwy0cn-M85y_vsHN5SZGsTwJqyKY2qpZuudNT_rftzcg4KNSqItlEmsbpJiqS_eaQgMmbCLoupc0FW3wwaze0-VEIwWErKpHeV2PhzNZN-maPEbsLA1N71yAatWja5QneI1Ky3UDC708NoxTfmxQ9pTHl_3wATpi7fMigTgBAGIBaz99pxFoAYCgAe77ocCqAenzLECqAemvhuoB8zOsQKoB_PRG6gHltgbqAeqm7ECqAeOzhuoB5PYG6gH8OAbqAfulrECqAf-nrECqAevvrECqAfVyRuoB9m2sQKoB5oGqAf_nrECqAffn7ECqAf4wrECqAf7wrEC2AcB0ggvCIBhEAEYnQEyCIqCgICAgIAIOg2AQIDAgICAgKiAAqgDSL39wTpYv_20n9S3kwOxCQ8EGvVPaO-zgAoDmAsByAsBqg0CS1LIDQHiDRMIjLG1n9S3kwMVAvpMAh3Z6Q9O6g0TCI_fuJ_Ut5MDFQL6TAId2ekPTvANAogO____________AdgTDdAVAcoWAgoA-BYBgBcBshcOGAEqCjU1MDE4Mjk1Nzi6FwI4AaoYFwkAAAAAEP3yQBIKNTUwMTgyOTU3OBgBshgJEgKDVRgCIgEA0BgBwhkCCAE&ae=1&gclid=EAIaIQobChMIja25n9S3kwMVAvpMAh3Z6Q9OEAEYASAAEgK9IPD_BwE&num=1&cid=CAQS0QEABaugfflyHfuScTvg0o3yoKJ4vkT3BB-zi05NfQ41tZUm9DMyGPGfGRXQvWFketregNX6PN8dTiZ4aUpgyzpTz1kkw6p7vtpmaSNGrAmWptDHGbxC5dAmotjo2SFaoRkgZ4TAFNSGb2GhSpgyjwbAGhgDP7TP1kQQuT5aJ_qam8i1NrPqwCN-qhJZtWqDCJo5lYk0BmPuzJJGBte96YycafWQ76FnShbRhwFM5ZRaQUD3-0Vj7MN70aWrSFi-CAaB0Wj1qFYDf--OM4GKIjHU6BgB&sig=AOD64_0HT9gFlqrcf1Ol3JUidkuOexheQA&client=ca-pub-6131228133143733&rf=5&nx=CLICK_X&ny=CLICK_Y&uap=UACH(platform)&uapv=UACH(platformVersion)&uaa=UACH(architecture)&uam=UACH(model)&uafv=UACH(uaFullVersion)&uab=UACH(bitness)&uaw=UACH(wow64)&uafvl=UACH(fullVersionList)&nb=2&adurl=http://www.thinkmate.com%3Futm_source%3Dgoogle%26utm_medium%3Dcpc%26utm_campaign%3DTHI:BannerDisplayAds%26utm_term%3D%26utm_agid%3D140283594217%26creative%3D628358963728%26device%3Dc%26placement%3Dwww.clarin.com%26gad_source%3D5%26gad_campaignid%3D18582716076%26gclid%3DEAIaIQobChMIja25n9S3kwMVAvpMAh3Z6Q9OEAEYASAAEgK9IPD_BwE,https://www.thinkmate.com/?utm_source=google&utm_medium=cpc&utm_campaign=THI:BannerDisplayAds&utm_term=&utm_agid=140283594217&creative=628358963728&device=c&placement=www.clarin.com&gad_source=5&gad_campaignid=18582716076&gclid=EAIaIQobChMIja25n9S3kwMVAvpMAh3Z6Q9OEAEYASAAEgK9IPD_BwE,yes,yes,yes,yes,yes
346,https://www.googleadservices.com/pagead/aclk?sa=L&ai=CYzuAtuXBafy9Mp6NjeYPgaO6OIfTzLGFAdPYjpaHFdask8bBRBABILHFqE9gpYCAgJwBoAHJhLzmA8gBBqkCHWYL3ElzqD7gAgCoAwHIAwqqBMgCT9AGje2l1h0aXxMY02gPYw8yfZ2tD1LUkh9jbilCUNfj1G9hAE0NfSF-daAvwgK8R-VpHNbi1H7KCaVq1upBIAk9ExfrETqjClv2HictokvtNyGEdHGI934r89aiv5t3ZfmcX26fz6jxaZYQ5Ealq1kO0S-8IYj1P94mc5tZ8O85Aum__QWaZngqVhl0KujY9C9CtBDNeoX28NWGhhlFS6gts5EczJuFuotoTZztMzBx_XT_pLn-fkr1vU42Yw1C-Xta2Ghgyj8hLMefxmpu6aUiL5v7ifJHMDsEdrt-SSU81RhU3g-nWnOXgy7S1ClrUK5OM4YCk8WyYDNx7oEpHC37k1rGnkpmH9E9e_L29xZKVDSU0ka_ELAVEJ-0gyB0n8nx2WKnyx6AVcxocwaKNJt8TYqDkM4hPQt7OixHFfDT5RhT7pqeCcAE4KuAoNUF4AQBiAWujeuwVYAHn_vDGagHp8yxAqgHpr4bqAfMzrECqAfz0RuoB5bYG6gHqpuxAqgHjs4bqAeT2BuoB_DgG6gH7paxAqgH_p6xAqgHr76xAqgH1ckbqAfZtrECqAeaBqgH_56xAqgH35-xAqgH-MKxAqgH-8KxAtgHAdIILwiAYRABGJ0BMgiKgoCAgICACDoNgECAwICAgICogAKoA0i9_cE6WOX_nJuut5MDsQknmowsMlzkfYAKA5gLAcgLAaoNAkFVyA0B4g0TCImwnZuut5MDFZ5GwwYdgZEOB-oNEwji856brreTAxWeRsMGHYGRDgfwDQKIDv___________wHYEwyIFAHQFQHKFgIKAPgWAYAXAbIXDhgBKgozOTIzNTkyMjQ3uhcCOAGqGBcJAAAAAIT0FkESCjM5MjM1OTIyNDcYAbIYCRIC-VQYASIBANAYAegYAcIZAggB&ae=1&gclid=EAIaIQobChMI_PCjm663kwMVnkbDBh2BkQ4HEAEYASAAEgJgx_D_BwE&num=1&cid=CAQS0AEABaugfZU2gTvqE4o3_WurOurtB9fjSGTiKTWSJvOfNAsFyAPLZ6SReRbuT4Jz8iQsJYhUrLLb3IZWOQNgQJXO1febrDHpaX6JICi6m13F3xgxw0O60KoXTroSkvue0oSLnyOA8qc-SWPeIodUHxbLaKU165kXKZ8-B5X2u-P9IGrlHnbhljomsgTR41QAp7hbZm053wZcTa5w_G1RVEHo2FPO5BqmWeWtpd_ynUA2Q53RrmG2Ka7ET7W-m2i-1WmEdqSvGWsIKc1Z7w0tnTjPGAE&sig=AOD64_34wGHSBPgtN2z2oAYktMtLzPMpHQ&client=ca-pub-5906247292784018&rf=4&nb=0&adurl=https://www.pchelpsoft.com/en/lp/pc-cleaner/%3Fmkey1%3DPH_EN_ROW_PP_GO_CO_PCC%26cmp%3D22919431854%26uid%3D1020464%26src%3DADWORDS%26keyb%3D%26key1%3D194682820064%26key2%3D781710139117%26gad_source%3D5%26gad_campaignid%3D22919431854%26gclid%3DEAIaIQobChMI_PCjm663kwMVnkbDBh2BkQ4HEAEYASAAEgJgx_D_BwE,https://www.pchelpsoft.com/en/lp/pc-cleaner/?mkey1=PH_EN_ROW_PP_GO_CO_PCC&cmp=22919431854&uid=1020464&src=ADWORDS&keyb=&key1=194682820064&key2=781710139117&gad_source=5&gad_campaignid=22919431854&gclid=EAIaIQobChMI_PCjm663kwMVnkbDBh2BkQ4HEAEYASAAEgJgx_D_BwE,yes,yes,yes,yes,yes
347,https://googleads.g.doubleclick.net/aclk?sa=l&ai=C3egfBwXCae7DJoHrs8IP8pmC4AiDrJm0hQHvku7p4RON-fuxARABIPSDuRtgmwOgAZ755bM9yAEG4AIAqAMByAMKqgSsAk_QSaWlGUFZGX04LHdylv7HFok97PFLQ4PbAexxNtBPg60PKqZ72afENi2XFWr1TJa5FFF6CEC-xu7_1Ufhs0C9K1edEYQlgGxyAWmX1-LATVqGSFLFMMRXeMPpIjFbvBnFtzfshyAw-tg6vfiatof0eVEl09cC-hxIMjDcUuKuD-7969gkJK-UqQEGnb2T9ew8QeGWUfXmu5iFsNHhydKDYRhUqHPR00smq-JORve4bWIJVzA5O6PKYUghiZxmC3HRo10uUcrenmSjf2HX_O-sKYB44gW45XBYI4eQW3SOaR_6nEarO18AweUL5MIl8G_YLHp8GaZ8IR5WXgzdOwx_U1hKI8awn8on14Kxn3t0auxSmF55NLZhWZzCcsysAHevIA8y58A7U0yImMAEhezf7oYF4AQBiAWR7_X2UqAGN4AHnrG2kxioB6fMsQKoB6a-G6gHzM6xAqgH89EbqAeW2BuoB6qbsQKoB47OG6gHk9gbqAfw4BuoB-6WsQKoB_6esQKoB6--sQKoB9XJG6gH2baxAqgHmgaoB_-esQKoB9-fsQKoB_jCsQKoB_vCsQLYBwHSCDAIgGEQARidATIIioKAgICAgAg6DoBAgMCAgICAiIACqIMQSL39wTpY89L6icy3kwOxCebrtnMpl3XVgAoDmAsByAsBqg0CS1LIDQHiDRMIxYn7icy3kwMVgfVMAh3yjACM6g0TCPCf_onMt5MDFYH1TAId8owAjPANAogO____________AdgTA4gUCdAVAcoWAgoA-BYBgBcBshcOGAEqCjk4MTc2MjY4MTS6FwI4AaoYFwkAAACA3Z1IQRIKOTgxNzYyNjgxNBgBshgJEgLoThg3IgEA0BgB6BgBwhkCCAE&ae=1&gclid=EAIaIQobChMIruP-icy3kwMVgfVMAh3yjACMEAEYASAAEgLiXfD_BwE&num=1&cid=CAQS4gEABaugfTmmD-kZCciAhtCw698bO9klACXQtMGMM6YdJugm5I0cQuMtELH3faK1ANGeviZQicVvRJRCNkbC0ObkCBnFtsxAWxzK0bvhRnamrIKHQWr7doOpoVMElilR4IaSZB-Z2agmhCF0dUwpSp442ChcnrWNG84Tlom4mRSPx-pWFszgGEpJ8ikJQN8L7EQCwYjHIspGgUojNBdLUVzrW6dfjH610jeDoQROYzAjXVKUoU4UIO-aCd_-WD2kHstkfAQegQXeQOcrt3TNxZrZArLIFbbzVPAzdRntTU4QZ2_ZGAE&sig=AOD64_10QBivwO-fDBMTGNv7WzLhNU-ihA&client=ca-pub-3844877863303739&nx=CLICK_X&ny=CLICK_Y&uap=UACH(platform)&uapv=UACH(platformVersion)&uaa=UACH(architecture)&uam=UACH(model)&uafv=UACH(uaFullVersion)&uab=UACH(bitness)&uaw=UACH(wow64)&uafvl=UACH(fullVersionList)&nb=9&adurl=https://elegenbio.com/technology/gen-ii-pricing-announcement/%3Futm_medium%3Dppc%26utm_source%3Dgoogle%26utm_term%3D%26utm_campaign%3DDisplay-Retargeting%26hsa_acc%3D5787738309%26hsa_cam%3D22261102481%26hsa_grp%3D173641561605%26hsa_ad%3D733843436837%26hsa_src%3Dd%26hsa_tgt%3D%26hsa_kw%3D%26hsa_mt%3D%26hsa_net%3Dadwords%26hsa_ver%3D3%26gad_source%3D5%26gad_campaignid%3D22261102481%26gclid%3DEAIaIQobChMIruP-icy3kwMVgfVMAh3yjACMEAEYASAAEgLiXfD_BwE,https://elegenbio.com/technology/gen-ii-pricing-announcement/?utm_medium=ppc&utm_source=google&utm_term=&utm_campaign=Display-Retargeting&hsa_acc=5787738309&hsa_cam=22261102481&hsa_grp=173641561605&hsa_ad=733843436837&hsa_src=d&hsa_tgt=&hsa_kw=&hsa_mt=&hsa_net=adwords&hsa_ver=3&gad_source=5&gad_campaignid=22261102481&gclid=EAIaIQobChMIruP-icy3kwMVgfVMAh3yjACMEAEYASAAEgLiXfD_BwE,no,no,no,no,no
348,https://www.googleadservices.com/pagead/aclk?sa=L&ai=Cu7QA8t_BaZPGIf2VjeYP7YyOoAKpg4mjhQGl0bLQphShpvjz0B0QASCkhPwdYKWAgICcAaABv-mZ-gPIAQmpAq8j3DbEh7Y-4AIAqAMByAMKqgS_Ak_Qyi9s9U2nBSgLy92lQ78lZseMThW5Rzf8weGlHeL-bJgGn9Krr61QOvngaTm6fY1tmBDRDwISbQh1_p_XaFCo0QKINJinzxoWbwVe6aB4HYVovqF5AK5e4XRpJqhTZJtmko5erwPDntRYgqZGony7Jr1yqlOhLynN3-6aGkl6mM7XilOXlhD812LDjGAas6lHzoYi5l84kpMRzLYNz3sYEjTJFg9bZFk6EsUnyFA-e7S2zAANXMibbqdSLRsXUswgL9JIkpacdtF5dwPOcyES71Gl3DSe9VrIfZ-WXFpGEQKzFJtmDqZn20IwxC7ogdp7I2mQ0UB7_Sz5fmXssrE93_Lxz_eat0P-niT7_UmA-B8RipkFkjmRHCiEv71_KHJDm1BVKJ4M-vXIx3vaUZSn-P1sN2DfMEW0wk2zmbPABIPD3-6wBeAEAYgF7pWg4FSgBi6AB6mW5gWoB6fMsQKoB6a-G6gHzM6xAqgH89EbqAeW2BuoB6qbsQKoB47OG6gHk9gbqAfw4BuoB-6WsQKoB_6esQKoB6--sQKoB9XJG6gH2baxAqgHmgaoB_-esQKoB9-fsQKoB_jCsQKoB_vCsQLYBwDSCDIIgOGAEBABGJ0BMgiqgoCAgICACDoOgMADgICEgICUruADqAdIvf3BOlip8KPbqLeTA7EJp0qAZbiuLuaACgOYCwHICwGADAGqDQJBVcgNAeINEwinlqTbqLeTAxX9SsMGHW2GAyTqDRMI9P6l26i3kwMV_UrDBh1thgMk8A0CiA7___________8B2BMO0BUByhYCCgD4FgGAFwGyFw4YASoKMzE1MzE2NDIyNLoXAjgBqhgXCQAAAAAgF_FAEgozMTUzMTY0MjI0GAGyGAkSAqZPGC4iAQDQGAHCGQIIAQ&ae=1&gclid=EAIaIQobChMIk4er26i3kwMV_UrDBh1thgMkEAEYASAAEgIrzvD_BwE&num=1&cid=CAQSbwAFq6B9NLg30wjwUXRKUbRPgUeix-iSA1ReVvMiOJLPrvdNnYYVBp-Ya4_yczeWMqQwJtkrCaFbgEjilP6IbU4iDRqtwRlra5qZZnKvFkGegJGIveX-E_Y_Sw_zYTIv4BLTdNRBP1sGw2GIXvwIkBgB&sig=AOD64_0WuimrDq-YWb-HncAmgqBYAZwFqg&client=ca-pub-6597645848653118&rf=4&nb=9&adurl=https://www.virginlimitededition.com/luxury-safari-kenya/%3Fgad_source%3D5%26gad_campaignid%3D22750431982%26gclid%3DEAIaIQobChMIk4er26i3kwMV_UrDBh1thgMkEAEYASAAEgIrzvD_BwE,https://www.virginlimitededition.com/luxury-safari-kenya/?gad_source=5&gad_campaignid=22750431982&gclid=EAIaIQobChMIk4er26i3kwMV_UrDBh1thgMkEAEYASAAEgIrzvD_BwE,no,no,no,no,no
349,https://www.googleadservices.com/pagead/aclk?sa=L&ai=CxGyWXffBac3nNNiNjeYPhNenoQX5lPmhhQGolojv1RXq3anmDRABIJzO83tgmwOgAYG0kqICyAECqQIRo5MarR47PuACAKgDAcgDCKoE0QJP0Eof28Oqe4KI4V2EqCwZnMoX6jPKdcYTJRXN2-FlFp-GtefE3s48SUxarTbCqWoLa3PjLd0wQ2dENN4GMVjjZNvjN3mP-3AgFypC9o0spyX_TcM169wB2Y5axp8sGjvmNuT-ZxxnzYctI6nF5VnwQoskcwTxuTlw5UsuRsqP24YiaKdK4fs0J01us_WL1lT_wtDKIew4j-m0YXS9PnAzvaM6o0oJE4_uNP14OdtbhKsdl3OGXK2z_89fFq5CekiBzI8PPjQdY3xyy_KI4NTvQYcuT9BLOYpVVyS7fGYv2elousD6ei3_-h4aGrS87EplOebPXeFS-lO2nSmmcxqfQ1AwiP0Gnf5Wemr_naKKWvOD3q3jJhY37akuIYwGXTOyfTXkfSwxMN32Ee-v7IgsV9-qGkaRySKbDTx4X0K9iKGNW5oMbZhUAlNP7tc_XGNlwASMzqqo1QXgBAGIBc_O4tpXoAYCgAfny-3dAagHp8yxAqgHpr4bqAfMzrECqAfz0RuoB5bYG6gHqpuxAqgHjs4bqAeT2BuoB_DgG6gH7paxAqgH_p6xAqgHr76xAqgH1ckbqAfZtrECqAeaBqgH_56xAqgH35-xAqgH-MKxAqgH-8KxAtgHAdIIMAiAYRABGJ0BMgiKgoCAgICACDoOgECAwICAgICogAKogxBIvf3BOlih046Gv7eTA_IIG2FkeC1zdWJzeW4tNzc2MDkzODMzNDQ0NTQxN7EJ49oNxN18ob-ACgOYCwHICwGqDQJLUsgNAeINEwiT-o6Gv7eTAxXYRsMGHYTrKVTqDRMI5-mPhr-3kwMV2EbDBh2E6ylU8A0CiA7___________8B2BMN0BUByhYCCgD4FgGAFwGyFw4YASoKNTAxMTI0ODcxOLoXAjgBqhgXCQAAAAAguPdAEgo1MDExMjQ4NzE4GAGyGAkSAvZOGAIiAQDQGAHoGAHCGQIIAQ&ae=1&gclid=EAIaIQobChMIjYqQhr-3kwMV2EbDBh2E6ylUEAEYASAAEgL-7_D_BwE&num=1&cid=CAQS8wEABaugffEws4KVCZ6Xst0agsyptKCJxyyFg9OBRC1TwD0_AmcsVpF8qzh0R7at2d_7L2aPu36Uk1VIRuxWncwuZk0CCFeCrMSnGOC0uFNNnem0ax0Yjhq6pc85fM01lAhCiMtL53SpS-Z01ocRSOa3G4Pc6_Yzl6PbR-WRTSvjqoPJ-yuzRLciCmu1PMWdYxQ816mlSjUFOQNMPeC3ebmRJ1C5TG-eL205I1hasXh2SgkO6HWCStERFPb8taRHMyYfORusaxMw728cgQmjLFzHLd8Wstwln4uJhFoGXz3IuCPYrtA8pvA-YHTjTMelt46jx9IYAQ&sig=AOD64_22dMUOzjRtMWpU3CahX4G7WxS0Qg&client=ca-pub-2730263451308801&rf=5&nx=CLICK_X&ny=CLICK_Y&uap=UACH(platform)&uapv=UACH(platformVersion)&uaa=UACH(architecture)&uam=UACH(model)&uafv=UACH(uaFullVersion)&uab=UACH(bitness)&uaw=UACH(wow64)&uafvl=UACH(fullVersionList)&nb=2&adurl=https://konohoken.com/lp/nanairo/%3Futm_source%3Dgoogle%26utm_medium%3Ddisplay%26utm_campaign%3Dnanairo_overseas%26reff%3Dkonohoken_ad_gogen%26gad_source%3D5%26gad_campaignid%3D23544244047%26gclid%3DEAIaIQobChMIjYqQhr-3kwMV2EbDBh2E6ylUEAEYASAAEgL-7_D_BwE,https://konohoken.com/lp/nanairo/?utm_source=google&utm_medium=display&utm_campaign=nanairo_overseas&reff=konohoken_ad_gogen&gad_source=5&gad_campaignid=23544244047&gclid=EAIaIQobChMIjYqQhr-3kwMV2EbDBh2E6ylUEAEYASAAEgL-7_D_BwE,,,,,
350,https://www.googleadservices.com/pagead/aclk?sa=L&ai=CKiYyyBLCaafpMe2NjeYP2YvToQK0i77XgQHu16HIjRT7n-uvkg4QASDf8aByYJsDoAHIgbPYA8gBCakCoYYaew9zqD7gAgCoAwHIAwqqBKECT9AChh4T8H4HCCdmo8_bANv5ovOdPpGev4UL-L3j2vA8d5smy1nyAnmQWsO-YIZtiGI-TLw4LLH4Jmn0dQ_MEcIN2o0sJXubZZTBl4S_A9EGu1-To3rNYHwBXybMsmdk4BFjUofMAXBmIHOoz3EA2MCVQ_HwFYiFVC2xb5f5LdSBgP4KgVeuVOTp_3YdGxQBsShLRk-4CQarEwLQf38uW4kcz44uovS4Nvqfts5GHEdMJtGOC_vgR0kZ1mTdXG0ZBpisko5hY-luXG_kU0xiU9HTq0mva23aWZxR4pKXj00_Ls61SrdAl_aM8ej0tEU5oXoFZNgik94stACgei8Kuc5rNlCT60gwz90MrSgZ2XmKB4zGhmkPRKK75UujNfp34MAE_aKSrJsF4AQBiAXb4dHTL6AGLoAHoP7MJ6gHp8yxAqgH4tixAqgHpr4bqAfMzrECqAfz0RuoB5bYG6gHqpuxAqgHjs4bqAeT2BuoB_DgG6gH7paxAqgH_p6xAqgHr76xAqgH1ckbqAfZtrECqAeaBqgH_56xAqgH35-xAqgH-MKxAqgH-8KxAtgHANIIMAiAYRABGJ0BMgiKgoCAgICACDoOgECAwICAgICogAKogxBIvf3BOlj0kYCZ2beTA7EJr53YVM0A94uACgOYCwHICwGADAGiDAOQAQGqDQJLUsgNAeINEwixwYCZ2beTAxXtRsMGHdnFNCTqDRMIk7KCmdm3kwMV7UbDBh3ZxTQk8A0CiA7___________8BuBPkA9gTDYgUAdAVAZgWAcoWAgoA-BYBgBcBshcOGAEqCjgyMDEwNjUwMTO6FwI4AaoYFwkAAAAAoJHmQBIKODIwMTA2NTAxMxgBshgJEgKgTxguIgEA0BgB6BgBwhkCCAE&ae=1&gclid=EAIaIQobChMIp-2Cmdm3kwMV7UbDBh3ZxTQkEAEYASAAEgLt0_D_BwE&num=1&cid=CAQS0QEABaugfbUh8DiMu_SkHeGf5CvtkQSSASiiOCZ7s2wdWL3JlCCHZ249eS79E29oqWsZ6Su9JPyh3tVgWIAFs3at-lMTOai9v0lz8jd26Ddc6BhGsQnXJ7DU1GZDw67X484MoOFX-K0eeYe4K_-tH2Sj9AqP23YizDok9opHBe0Cw3sMSI2f4H3VB--4R8c2Tmwp1OVut_fvNLHL-HvPHqUcnmdDcMEcQUQ7hmBS7HOFhhL16Ub2YdmO5K6Fc24O5JWqwJRu_lR8wh3wzEf9MeRvgRgB&sig=AOD64_26qyjiac26ijZqIjDh3seo5SStWw&client=ca-pub-4026473803077671&rf=4&nb=9&adurl=https://www.jetcraft.com/aircraft/cessna/citation-cj4/2017/2017-cessna-citation-cj4-s-n-525c-0234-2/%3Fgad_source%3D5%26gad_campaignid%3D12791869659%26gclid%3DEAIaIQobChMIp-2Cmdm3kwMV7UbDBh3ZxTQkEAEYASAAEgLt0_D_BwE,https://www.jetcraft.com/aircraft/cessna/citation-cj4/2017/2017-cessna-citation-cj4-s-n-525c-0234-2/?gad_source=5&gad_campaignid=12791869659&gclid=EAIaIQobChMIp-2Cmdm3kwMV7UbDBh3ZxTQkEAEYASAAEgLt0_D_BwE,yes,yes,yes,yes,yes
351,https://www.googleadservices.com/pagead/aclk?sa=L&ai=C_loGQirBacfyAtHbpt8PpvCU-AuYy_rFhAGBi9Xp1xW65NLgsgEQASC8luEQYImLxIT0E6ABnsqb5j3IAQmpAhJdRpm78Do-4AIAqAMByAMKqgTYAk_QbZ-ilHN_DqbR7GB0YOBhRB9Q7BdrIbbUHg1MpY0CrIrS99jJ5T5T74bKDs_vrOTOwEVySZPp3Zo8yAteRCFa-AYc7-JXnw8_V9QaD2p4T5Zi7qTGfLLGDBiFQH-OhcY4rWTQDwzvcqqCVlkKAu_0sfjxxMz6np4RN7Itz1E4SUl449VdSlaIEQ9iyPXzUZDwTRQFcC7oxJplK6S0I3s8z-igS4yejYuR81pljsyvALtSxOGz0G87MkqQA4J0Z_l5BYkW3SMqT03X_rA0lfEYSdgNOi3kNDXesw6tFhOeKmW1YMxI13T0Vut6Lzua4f8smrNZCZoM-0OgQ31Jm9Ea-iNO33s7NoppyuJcKvgeWYYGzpZVFXrIUq9Se31pom-xTjpoMsuByfLZXEng9CTczQh022MUQvFUTGPuj1TaAGheDyV7B7x-fS8GpScVxPMgxVm0Aj1iwASnnaS26gTgBAGIBZiP5r1PoAYugAeeguzFGKgHp8yxAqgH4tixAqgHpr4bqAfMzrECqAfz0RuoB5bYG6gHqpuxAqgHjs4bqAeT2BuoB_DgG6gH7paxAqgH_p6xAqgHr76xAqgH1ckbqAfZtrECqAeaBqgH_56xAqgH35-xAqgH-MKxAqgH-8KxAtgHANIIMgiA4YAQEAEYnQEyCKqCgICAgIAIOg6AwAOAgISAgJSu4AOoB0i9_cE6WJuitbj7tZMDsQnZJueFaVy3NoAKA5gLAcgLAYAMAaIMA5ABAaoNAkpQyA0B4g0TCLT6tbj7tZMDFdGt6QUdJjgFv-oNEwiD2Li4-7WTAxXRrekFHSY4Bb_wDQKIDv___________wG4E-QD2BMK0BUBmBYByhYCCgD4FgGAFwGyFw4YASoKNjczMTg0MDI1MLoXAjgBqhgXCQAAAACAqPhAEgo2NzMxODQwMjUwGAGyGAkSAsRTGC4iAQDQGAHCGQIIAQ&ae=1&gclid=EAIaIQobChMIx5u5uPu1kwMV0a3pBR0mOAW_EAEYASAAEgLnAvD_BwE&num=1&cid=CAQScAAFq6B95fQjFQAzpfTITIqrUKDf1EoUkF5h693AFYdhNsSjh1bLzvDd8mwd2jN6Ok9FXVrJ5963sPrexPtgfyOuE4-FNZFdq_JuD4KB-UmTtSwi0Lu_qf3XT9BvL2pJQkRCXyO5xmHOIOZUmGKOcZkYAQ&sig=AOD64_2xHicPzBKjzPRrOtGgt_nQgKVUpQ&client=ca-pub-2012933198307164&rf=4&nb=9&adurl=https://quick.3www.co.jp/%3Fgad_source%3D5%26gad_campaignid%3D21336000408%26gclid%3DEAIaIQobChMIx5u5uPu1kwMV0a3pBR0mOAW_EAEYASAAEgLnAvD_BwE,https://quick.3www.co.jp/?gad_source=5&gad_campaignid=21336000408&gclid=EAIaIQobChMIx5u5uPu1kwMV0a3pBR0mOAW_EAEYASAAEgLnAvD_BwE,,,,,
352,https://www.googleadservices.com/pagead/aclk?sa=L&ai=C2ELKHVPCaazzHJqdvcAPyKiVsQnN9qiIhgGBlvW86xS84faY_g4QASDa8Y4MYMfdgI6EJqABy7Cc7APIAQmpAvbAWSQgqm8-4AIAqAMByAMKqgTCAk_QzOrVlmjGEHD4g4LzrFON8diVBuupzMdBT6BjKLtTR0ueqOfLvwuU3p9ElB2NT1pQt8WVGOGvxkCGZ2P7XOdsfWcFcyZImgWiL5-ty3fhs3_ZOKlxpibEepvRACi2RX4ljHIeNitoM8gYolaeJLCKVKzH2pR_c0UVqdfNpLT7sQb5zRPrzfp9wjt3LAzTpCPbEC40uJwg23msqctCUcLnCCu6w8GP2ixPwyvdlblOoCgVpnwdcTW7Gon99y0PwiOK5iFkhsfvDK315fRj8dm9BuljeNyxX6Z49Oen_keE_hQak109Q7UlW_UjAQwdLFCVfuRpfT4ENxxS4uhGuw_pTxy2AB4wCkXvGAncswXjOLh0VeYQr_qyzoACpJ8S2dZL-XmgI0FVEkCsJgwl-jkUwbbA7IToUREQY9Cvm9CZB-vABN735pPHBeAEAYgFh6Gg_VagBi6AB53P4xOoB6fMsQKoB-LYsQKoB6a-G6gHzM6xAqgH89EbqAeW2BuoB6qbsQKoB47OG6gHk9gbqAfw4BuoB-6WsQKoB_6esQKoB6--sQKoB9XJG6gH2baxAqgHmgaoB_-esQKoB9-fsQKoB_jCsQKoB_vCsQLYBwDSCC8IgGEQARidATIIioKAgICAgAg6DYBAgMCAgICAqIACqANIvf3BOljWuO_FlriTA7EJDqkSsm1Lk7WACgGYCwHICwGADAGiDAOQAQGqDQJaQcgNAeINEwj3gfDFlriTAxWaTg8CHUhUJZbqDRMI9o3xxZa4kwMVmk4PAh1IVCWW8A0CiA7___________8B2BMD0BUBmBYByhYCCgD4FgGAFwGyFw4YASoKNzQ5NjE3NjM2NroXAjgBqhgXCQAAAAAA7PNAEgo3NDk2MTc2MzY2GAGyGAkSApNOGC4iAQDQGAHCGQIIAQ&ae=1&gclid=EAIaIQobChMI7PXxxZa4kwMVmk4PAh1IVCWWEAEYASAAEgKVX_D_BwE&num=1&cid=CAQS0AEABaugfVU8HQ2py9zz3VkRSmoMO-RYm9v27EK-gPLsdOtpoNtEyeUReesD3sxXFkRblFronEdfKnxks_GxgqOLQnK4cGQLvlHmKmTS4iTMwpSOV5FkpPTV0T4Z8nS0UBK-CkZXsyuxrVUjHq-hhtyRTWxLeD9ghUb6GDYWdxEtoO1Iil35tqM7j_uLiVW_mlNmtS2Sguipij_AqPDfwwElMFgAFSK1wdcv50dJOAXZAIz7u54_tVSu5lLi2Thlu9Mhi89UmE0ToWzj8p9iDUZRGAE&sig=AOD64_02dFrvJSDoa4kf0PLfXr2FdNZACQ&client=ca-pub-9783515403541006&rf=4&nb=9&adurl=https://www.property24.com/%3Fgad_source%3D5%26gad_campaignid%3D23348121735%26gclid%3DEAIaIQobChMI7PXxxZa4kwMVmk4PAh1IVCWWEAEYASAAEgKVX_D_BwE,https://www.property24.com/?gad_source=5&gad_campaignid=23348121735&gclid=EAIaIQobChMI7PXxxZa4kwMVmk4PAh1IVCWWEAEYASAAEgKVX_D_BwE,yes,yes,yes,yes,yes
353,https://www.googleadservices.com/pagead/aclk?sa=L&ai=CKdw1K1zCac3VJJ-XjeYP5denqQurn_zThAGu0rS_uBSPz9jjlQ4QASCn9owaYMfdgI6EJqABlMimmwLIAQKpAkgtAUW2Djs-qAMByAPJBKoE2gJP0HfzD0J8LwGVsXy78NFZk5QxoBye1l6g9ldV_JHN8wLF9rrxZNRgZmnKRAIiaR4H3hNw5Y9WvO7KW2eCqGwN1sEav-8HOpVBy4qbnLuQ8SPYohHGnbLYyFUujlrnC8HeEJC4DfzCuwqiYgoa-TFLgrrZHecvwaGNbJi10f6oUV1CXY2BQZznk6nPqCUM1rMHpbI4pxK3oAaCpwxFsSEKpuaxI5caWNPb20S0C6Z4qv9xlGU-AZDpGQmGEtC0NL8GkOZ7RYTEKc28B5sP5Rp58WFRNsFP67WRnhfiPXued7CAt8CxlnFg3e09u59GjucXl2ueQNefjnYL-tOYBkJAQNTInYcm146ygPXRWAIWElv3LLMTusiS1cNkCJ6MndZH2TFjQp2gquFhB261YIgvD92A4ZR_aiLRuPxltTXvW9MfZDjSXCmjqBaBxsJNEok86rIOjwyA1vTWwATz3vi7pgWIBcSCkr1FoAYCgAfUt9nkAagHp8yxAqgH4tixAqgHpr4bqAfMzrECqAfz0RuoB5bYG6gHqpuxAqgHjs4bqAeT2BuoB_DgG6gH7paxAqgH_p6xAqgHr76xAqgH1ckbqAfZtrECqAeaBqgH_56xAqgH35-xAqgH-MKxAqgH-8KxAtgHAdIILwiAYRABGJ8DMgiKgoCAgICACDoNgECAwICAgICogAKoA0i9_cE6WLiBoZefuJMDsQltCQ659OyY74AKAZgLAcgLAaIMA5ABAaoNAlpByA0B6g0TCJeboZefuJMDFZ9LwwYd5esptfANAogOCdgTDNAVAZgWAcoWAgoA-BYBgBcBshcQGAEqCjAwNTc5Mjk4OTZQBroXAjgBqhgXCQAAAAAAXOxAEgowMDU3OTI5ODk2GAGyGAUYAiIBANAYAcIZAggB&ae=1&gclid=EAIaIQobChMIjZehl5-4kwMVn0vDBh3l6ym1EAEYASAAEgJZsPD_BwE&num=1&cid=CAQS0AEABaugfaaBie-EU7rJKq5jf3sPagj7pBW5h0JuKgDep8FK0ZYmNPw9fTcLFdfPkFsJI6t1OgQ9KpBbqNgmyLxbTo19YXVF106qxjXLaPPS0IadoH3XmQXqt_AG6dh_WnCx-bBbTMY8TaKGJSaj1HoKV1duNxQ0foawsFVaPpdxYTjnJneRzfWl2Ot-PrS_LQhOtd66vDudBCBUMo5zPhCm2FLpedye6YizKFt3rQA85PBZQ-CvR-ik9yr3i1GjivWCKKTMiezebW34V0IUOXvlGAE&sig=AOD64_0HRTQv9dCMT6ezTTXtha4uSpBt9A&client=ca-pub-2107538958244175&rf=2&nb=2&adurl=https://wellbeing.kirin.co.jp/imuse/naishi/lp/002_2/index.html%3Futm_source%3Dgoo_gdn%26utm_medium%3Dcpc%26utm_campaign%3DIM_summercampaign_250812%26utm_content%3Devcd5001077_CV_IM_goo_gdn_all_all_rtg_bn_naishi__250812_1630224%26argument%3DgWbFZy7A%26dmai%3Da68a2840e193f8%26gad_source%3D5%26gad_campaignid%3D18650267972%26gclid%3DEAIaIQobChMIjZehl5-4kwMVn0vDBh3l6ym1EAEYASAAEgJZsPD_BwE,https://wellbeing.kirin.co.jp/imuse/naishi/lp/005_6/index.html?utm_source=goo_gdn&utm_medium=cpc&utm_campaign=IM_summercampaign_250812&utm_content=evcd5001077_CV_IM_goo_gdn_all_all_rtg_bn_naishi__250812_1630224&argument=gWbFZy7A&dmai=a68a2840e193f8&gad_source=5&gad_campaignid=18650267972&gclid=EAIaIQobChMIjZehl5-4kwMVn0vDBh3l6ym1EAEYASAAEgJZsPD_BwE,,,,,
354,https://www.googleadservices.com/pagead/aclk?sa=L&ai=CncbXQtPBafbnC6WYjeYP7YPByA3Lycm_ggG97aXprhCwkB8QASCs2bgiYKWAgICcAaABuv_02QPIAQapArwqXKu3f4M-4AIAqAMByAMKqgS5Ak_QoFyDGOnsayUl_tcHgPNPrpumKCQKjSC6jwrasAN6TzWyBiIVQ3Dd0zNvV1CD4lpmJqeuy9dUo6fU3jP5hr2P24nvV33b0pvFUWNweLPfT63BBv76AlpGJn9xa5Yw7MgT2jtH3pMLvVEfT9UjbC3lbUA6lw0khZ9BWbV-wML5WciQrrdG0UXCWGsL44-inYExyut8Hp4XhbpVZhnkoI_xbsfUh9CbVDveiIkn4Nonrdnd-_EcPiLnKNfqbEA_KPfUsd3RP_br5QEQVhajgKRTBR_iksYNwGwHgTRDcdAIYtmSJKyw_pYdhWEjtG2H9lDSJyeMjaa3bAS2Hya8vdFCjTGAkrnVGPD8l9b34oRM1cvppdCe7tm77hzJs30eLM5lW8KecY8mO3numK1cCUAh_3aDwXDufTPABOrB3t-OBOAEAYgF9p_uzQGgBjeAB66AiyaoB6fMsQKoB6a-G6gHzM6xAqgH89EbqAeW2BuoB6qbsQKoB47OG6gHk9gbqAfw4BuoB-6WsQKoB_6esQKoB6--sQKoB9XJG6gH2baxAqgHmgaoB_-esQKoB9-fsQKoB_jCsQKoB_vCsQLYBwHSCC8IgGEQARidATIIioKAgICAgAg6DYBAgMCAgICAqIACqANIvf3BOli1pLHOnLeTA7EJXyxiCKVy_9eACgOYCwHICwGqDQJBVcgNAeINEwi_yrHOnLeTAxUlTMMGHe1BENnqDRMI1-Wyzpy3kwMVJUzDBh3tQRDZ8A0CiA7___________8B2BMDiBQF0BUByhYCCgD4FgGAFwGyFw4YASoKNTM0NDE5ODc0OLoXAjgBqhgXCQAAAABkPx5BEgo1MzQ0MTk4NzQ4GAGyGAkSAuVrGDciAQDQGAHCGQIIAQ&ae=1&gclid=EAIaIQobChMI9pCzzpy3kwMVJUzDBh3tQRDZEAEYASAAEgJ8Q_D_BwE&num=1&cid=CAQS4gEABaugfdDhZBDVdD13eqTkBzs5N0btXMLiEeRObhU_9ayYwgFtVfWODnMhes_V7At6M9yw7ZTyuK5XOvV_uU_1YRXKMWMdcWyPrzm91T1wFxCThBGWJ8aa_weUPA69zuZM3n_PbVQ1OtMlIEqNOOYavgz2ig3oWOugRCzp_5_cCeIryDYFUGDV2A7NZSQjQ20HmDUcJGdCq1IdFOkG86c2tp8U5gIW2lYh-lKrGb_C7BbobKwWGjlQ35Q0LItc1nPRSvUB1oOl0qq_zbsS50ZWNBwvyRRNUZym2b_mwYtWM8cxGAE&sig=AOD64_1RALNzL9RiIaaKS__28J9B5myuNg&client=ca-pub-4180835694166255&nx=CLICK_X&ny=CLICK_Y&uap=UACH(platform)&uapv=UACH(platformVersion)&uaa=UACH(architecture)&uam=UACH(model)&uafv=UACH(uaFullVersion)&uab=UACH(bitness)&uaw=UACH(wow64)&uafvl=UACH(fullVersionList)&nb=9&adurl=https://www.daosafe.com/%3Fgad_source%3D5%26gad_campaignid%3D431722486%26gclid%3DEAIaIQobChMI9pCzzpy3kwMVJUzDBh3tQRDZEAEYASAAEgJ8Q_D_BwE,https://www.daosafe.com/?gad_source=5&gad_campaignid=431722486&gclid=EAIaIQobChMI9pCzzpy3kwMVJUzDBh3tQRDZEAEYASAAEgJ8Q_D_BwE,,,,,
355,https://adclick.g.doubleclick.net/aclk?sa=l&ai=CI7jArBjBabf1E_uCjeYPhqqL8AXqm4b9hQGWm9yWuRWmyM7C40cQASCwtaAYYImLxIT0E6ABo8bc-z3IAQmpAs-_QO1i6To-qAMByAPLBKoE_AFP0KAHAWb83TDqNmpdiJXkZRVoim9pi3pGJNmhZJDbPuvxDN26CJ-Ak_4WsNTdyZuX6HFXZX06OzkY6LomHGwCxYdjfrdySxQ2EdSc9A_hNFuP1LUlbvEy0mG7aCQyriQiwz6QQk3W3kaPdS6jifpQekH0-ooMezJEcI89NlD_EfeWjxdAnaWvYwsejUqaCtnLdQKlt3MFKZESW8p-ef4y6dRStFi5_NcqFIsoAsyyD9g5Ig748gtHtfdnMMJGVUZZkggj15dBy4zWKphtVlpPhCBKgkpo_DH5iWsm-NysR9WN95GKv2R1I_UKYLzZ2yvnPopqP9_SWDhRcbjABLLm-Me-BYgFzNOA7VegBi6AB6P-rNsYqAenzLECqAfi2LECqAemvhuoB8zOsQKoB_PRG6gHltgbqAeqm7ECqAeOzhuoB5PYG6gH8OAbqAfulrECqAf-nrECqAevvrECqAfVyRuoB9m2sQKoB5oGqAf_nrECqAffn7ECqAf4wrECqAf7wrEC2AcA0ggvCIBhEAEYnwMyCIqCgICAgIAIOg2AQIDAgICAgKiAAqgDSL39wTpY3Nfs1eq1kwOxCd0n0OcTLiG3gAoBmAsByAsBgAwBogwDkAEBqg0CSlDIDQHqDRMI5oHu1eq1kwMVe0HDBh0G1QJe8A0CiA4JuBPkA9gTDdAVAZgWAcoWAgoA-BYBgBcBshcOGAEqCjUwOTYwNDc0OTC6FwI4AaoYFwkAAAAAoJf-QBIKNTA5NjA0NzQ5MBgBshgJEgL6UxguIgEA0BgBwhkCCAE&ae=1&gclid=EAIaIQobChMIt_vt1eq1kwMVe0HDBh0G1QJeEAEYASAAEgIkXPD_BwE&num=1&cid=CAQS0QEABaugfQF0VmG4ppaHAOnDWYe4oXdUw-9oTYVp-fDFSQfKkMk6eN2L0v2j0TW8QeJmAl-28bFXFvLCdVXQQTZUvBmXtWbWcc6b8POFdEuppPpi2t5zqQ1Gc88KyjD6XTbXth2HI5WKnVSxJjoSWK0c-WIi5e4KR9ME9l0gvJ4VCaapYELQKwJIHkjI4RmUGPU3LgYR0272G1yhMtk66tKFtZUj4BDWfd1v5FJRVtJSVUIMseVJe5dZu9bplL8aThZmUj4YYbHuq31wh6RgnIbh3hgB&sig=AOD64_0ET31Wq8_v55JRU0F7H4Bvz6YOzA&client=ca-pub-5467088872192028&rf=1&nb=9&adurl=https://saponet.mynavi.jp/special/t/saiyo-solution/%3Futm_source%3Dgoogle%26utm_medium%3Ddisplay%26utm_campaign%3DTG_06%26utm_term%3D2602_01%26gad_source%3D5%26gad_campaignid%3D23582484940%26gclid%3DEAIaIQobChMIt_vt1eq1kwMVe0HDBh0G1QJeEAEYASAAEgIkXPD_BwE,https://saponet.mynavi.jp/special/t/saiyo-solution/?utm_source=google&utm_medium=display&utm_campaign=TG_06&utm_term=2602_01&gad_source=5&gad_campaignid=23582484940&gclid=EAIaIQobChMIt_vt1eq1kwMVe0HDBh0G1QJeEAEYASAAEgIkXPD_BwE,,,,,
356,https://adclick.g.doubleclick.net/aclk?sa=l&ai=Cc6ixI1rBaaeFCuHc2fcPq-HrkQ6P0vjzhQHhit2v-hLa8oK-8QoQASC35YQhYJX68IGMB6ABi72L7wPIAQmpAlTI8cf4DZI-qAMByAPLBKoE1QFP0PBEXquRQFPEWJZztDXDdpFXZ8S6uzG9qTjnXalpIUMB7vDD5qBcMrUncjcPNDYTOJbLKSaR9IXda2FH12_nl92wIOGtuPpmpDAiZ8nLauVdtkcMbss1fEHwzYaqgnzUaUtQ2k-GHiiVuxM-ik-RdyreQZQzxT-d66diP_7SFoh-7EdMFwY_mZL-NYg7Sskrri_BgeaOr_qgHoP3BLQR0wRqipyIZ163TsT8db3pHlSUWhHnZc3TN43whHIl5Ul2YNHvECLm0Ml5Z3OBmXL9Wa3M5BHABP6MjbrlBIgFv_6G30_6BQYIJRABGACgBi6AB93C9BCoB6fMsQKoB6a-G6gHzM6xAqgH89EbqAeW2BuoB6qbsQKoB47OG6gHk9gbqAfw4BuoB-6WsQKoB_6esQKoB6--sQKoB9m2sQKoB5oGqAf_nrECqAffn7ECqAf4wrEC2AcAwAgB0ggxCJHhgFAQARgAMgiri4CAoICCCDoOgMABgICAgICUiIgCqANIvf3BOljgra2QqbaTA_IIDmJpZGRlci0xMTUyMjgwgAoEkAsDmAsByAsBgAwBogwCSAGqDQJERcgNAfANAogO____________AdgTDYgUBtAVAcoWAgoA-BYBgBcBshcQGAEqCjUwODg1MjYzNDdQBroXAjgBshgFGC4iAQDQGAHCGQIIAQ&ae=1&gclid=EAIaIQobChMI56KMjam2kwMVYW72CB2r8DriEAEYASABEgKodvD_BwE&num=1&pr=13:acFaIwAAAABE5GraCNr951ytRM7xV-Fvnl3HtA&sig=AOD64_2eTZSszqCVCXk9-7Y_S4IqhEmL5Q&client=ca-pub-5722610347565274&nb=9&adurl=https://www.rolladenplanet.de/rolltore/rolltore-in-standardmassen/444/rolltor-nach-mass-52-mm-lamelle-rolltor-garagenrolltore-2632x2330mm%3Fgad_source%3D5%26gad_campaignid%3D21405744959%26gclid%3DEAIaIQobChMI56KMjam2kwMVYW72CB2r8DriEAEYASABEgKodvD_BwE,https://www.rolladenplanet.de/rolltore/rolltore-in-standardmassen/444/rolltor-nach-mass-52-mm-lamelle-2632x2330mm-anthrazitgrau?gad_source=5&gad_campaignid=21405744959&gclid=EAIaIQobChMI56KMjam2kwMVYW72CB2r8DriEAEYASABEgKodvD_BwE,no,no,no,no,no
357,https://www.googleadservices.com/pagead/aclk?sa=L&ai=CyKN1EizBaZ3yJ6yx7OsPhvzxiQf1odCChgGOkcCGqRWp27GbzAgQASCVos4cYImLxIT0E6ABnM-M4APIAQLgAgCoAwHIAwiqBK4CT9CbefgN1fxmL5zE0Svu4_26eaCWe5Dqd60kmE7mTTBemwQLn90t46M0rU_wJUR2FP0bIAZm0cotAtF6VjNzDOXjbDSoDQ-DWl7SzcUt11shNxMLmkRWPG4Dlxu4C714_1XAbJ8rkqTJgabOtN-RNFrpPknGl7dCUDf68B5Z7mMzjR5gg9wgP8McxypWDb1Hkt8RRBS3eyPYeorEdFUhNbqjM0_jvZ7Aq9474cdMpMPxB7CscyyEcwbuTFLj5j8NI0NV_NvwlTeOikkOtAVBMzUbgLJjfF2BXRjAHnzuEU1PD9Dfv4CotRaUHJuKglSR0GzN1tzYFr9uKpZcK8sYjM5Mz94EF-2fxrzbr369SPNUpRJr1qS6v4VvnRlnS7PzfghjYHJGkJ3IyjWQ6p_ABLy9y-nTBeAEAYgFpdPahVigBgKAB7jvlDioB6fMsQKoB6a-G6gHzM6xAqgH89EbqAeW2BuoB6qbsQKoB47OG6gHk9gbqAfw4BuoB-6WsQKoB_6esQKoB6--sQKoB5rhsQKoB9XJG6gH2baxAqgHmgaoB_-esQKoB9-fsQKoB_jCsQKoB_vCsQLYBwHSCDIIgOGAEBABGJ0BMgiqgoCAgICACDoOgMADgICEgICUjuADqAdIvf3BOliux_iV_bWTA7EJuFa_cxM-9cmACgOKCssCaHR0cHM6Ly9jbGNrLndhcmdhbWluZy5uZXQvdHduMWw5Y2YvP3B1Yl9pZD1XT1dTX09uZ19BUEFDX0pQX0dfRGlzcF9BQ1FfYnJvYWRfX0RlbV9TYWJhdG9uJnhpZF9zb3VyY2U9Z29vZ2xlJnhpZF9tZWRpdW09Y3BjJnhpZF9uZXR3b3JrPWQmeGlkX2NhbXBhaWduX2lkPTIzNjM0MjkxMTA5JnhpZF9hZGdyb3VwX2lkPTE5NDMwMDI3MjMxNiZ4aWRfYWRfaWQ9ODAwMTkwNTAyNDgwJnhpZF9kZXZpY2VfdHlwZT1jJnhpZF9yZWdpb249OTE5ODg4MyZ4aWRfbWF0Y2h0eXBlPSZ4aWRfY2xpY2tpZD17Z2NsaWR9JnVybD17ZXNjYXBlZGxwdXJsfSZyZWRpcmVjdGlvbl91cmw9e2xwdXJsfZgLAcgLAeALAaoNAkpQyA0B4g0TCIDE-ZX9tZMDFawYewcdBn48ceoNEwifzPyV_bWTAxWsGHsHHQZ-PHHwDQKIDv___________wHYEw3QFQHKFgIKAPgWAYAXAbIXDhgBKgozNzM5MDY2NjA4uhcCOAGqGBcJAAAAAICo-EASCjM3MzkwNjY2MDgYAbIYCRICsFMYAiIBANAYAegYAcIZAggB&ae=1&gclid=EAIaIQobChMIncP-lf21kwMVrBh7Bx0GfjxxEAEYASAAEgIMbfD_BwE&num=1&cid=CAQScAAFq6B9yo-nEPJfv3g78ov979bnvh3ypR5oJ58p_2hTAwZ2LXd5KQDmgH0oe37TjlfI_AJSjIqV1XT7kGZnRjKMtjZ9YVSivrgEERCKlWFGHc6DtsHgSg-Jwu8fU-NE-gUg_vySRt8ZM7sETn30shkYAQ&sig=AOD64_20uNdxxhjSvA4K9ISNH_NgHGFBpA&client=ca-pub-0414436487628782&rf=5&nx=CLICK_X&ny=CLICK_Y&uap=UACH(platform)&uapv=UACH(platformVersion)&uaa=UACH(architecture)&uam=UACH(model)&uafv=UACH(uaFullVersion)&uab=UACH(bitness)&uaw=UACH(wow64)&uafvl=UACH(fullVersionList)&nb=2&adurl=https://worldofwarships.asia/sign-up/%3Fgad_source%3D5%26gad_campaignid%3D23634291109%26gclid%3DEAIaIQobChMIncP-lf21kwMVrBh7Bx0GfjxxEAEYASAAEgIMbfD_BwE,https://worldofwarships.asia/sign-up/?pub_id=WOWS_Ong_APAC_JP_G_Disp_ACQ_broad__Dem_Sabaton&xid_source=google&xid_medium=cpc&xid_network=d&xid_campaign_id=23634291109&xid_adgroup_id=194300272316&xid_ad_id=800190502480&xid_device_type=c&xid_region=9198883&xid_clickid=EAIaIQobChMIncP-lf21kwMVrBh7Bx0GfjxxEAEYASAAEgIMbfD_BwE&url=https://worldofwarships.asia/sign-up/?gad_source=5%26gad_campaignid=23634291109%26gclid=EAIaIQobChMIncP-lf21kwMVrBh7Bx0GfjxxEAEYASAAEgIMbfD_BwE&redirection_url=https://worldofwarships.asia/sign-up/?gad_source=5%26gad_campaignid=23634291109%26gclid=EAIaIQobChMIncP-lf21kwMVrBh7Bx0GfjxxEAEYASAAEgIMbfD_BwE&gclid=EAIaIQobChMIncP-lf21kwMVrBh7Bx0GfjxxEAEYASAAEgIMbfD_BwE&sid=SIDA0hy6AbrTySPoBIn6jbVQ5bKFZ3Y0VwUJL5A_bzatksY8zUeLUkrxrGsw5lJBU6y7n4Hx2MLSZd22Ywc3u1gAMWkBW46v3S8znsWUjTEvK8E6KNQDZmWbdam277B2qx4NNePBrrd6-2d&enctid=dhcds1hxd9cg&lpsn=WOWS+LP+Portal+URL+for+SEM-brand+sign-up&foris=1&teclient=1774494434796719384,,,,,
358,https://www.googleadservices.com/pagead/aclk?sa=L&ai=C1IN_zS_BaY23HcadjeYPjriwwALqhvKGhgG515ySnBUKEAEgtKPNImCJi8SE9BOgAc3r1eYoyAEJqQISXUaZu_A6PuACAKgDAcgDCqoEgQNP0JdonZfeF6iZvUs3CBlfM8I84QvY7hwUJejvUSPNMXs61A4Dmv9-zerfiDM-rRj_58UMXa2dnWrVTA-nbSMznpNx8x3Xafv1Calsm-u0S4BDfz_vYsCOkWMOPOgQzG9_UgXipeUWZ3GxNrtkOXln1FaJy3fjszE1aJ7axYzpsq0Frvv1nwe7FcO4T643AxrcIvqmEm_jVvTNqdLGHPQhbY9Eo8FRXgzfjvmjBVa2AxX4JmVr4S2ZvDoVrHKPtqgK-gkQe7t6_ZY0EPyEcGcfzF4oktjSA1beFJGqOu2dBjsvcQzFNsU2r3A0PrWmK_wQd28xeYxkf0gOs_DFdAmttgi9u_HJDcLWOSOihMpVnkWW0BwG3cjpy_KILEVvaoopDnjdz6jB5SrelqfvRZKhKTm9r6DB8W17URvSbvlE7Ib7eu_eLUwMzW2u525BT1KCpUph0F1FEBvrnJBWc0Y1GO4WbHktrDQoVZ2akxmpNhbyze0pB3BkQBIKpnIopo1YwATu4OTF1AXgBAGIBZKsx5NXoAYugAfNo6bGA6gHp8yxAqgHpr4bqAfMzrECqAfz0RuoB5bYG6gHqpuxAqgHjs4bqAeT2BuoB_DgG6gH7paxAqgH_p6xAqgHr76xAqgH1ckbqAfZtrECqAeaBqgH_56xAqgH35-xAqgH-MKxAqgH-8KxAtgHANIILwiAYRABGJ0BMgiKgoCAgICACDoNgECAwICAgICogAKoA0i9_cE6WJHbot2AtpMDsQmIfIN7vlrnCoAKAZgLAcgLAYAMAaoNAkpQyA0B4g0TCPX4ot2AtpMDFcZOwwYdDhwMKOoNEwipraTdgLaTAxXGTsMGHQ4cDCjwDQKIDv___________wG4E-QD2BMC0BUByhYCCgD4FgGAFwGyFw4YASoKMTkwNTAwOTE1NboXAjgBqhgXCQAAAACg6vJAEgoxOTA1MDA5MTU1GAGyGAkSAphpGC4iAQDQGAHCGQIIAQ&ae=1&gclid=EAIaIQobChMIzdGk3YC2kwMVxk7DBh0OHAwoEAEYASAAEgKMOvD_BwE&num=1&cid=CAQS0QEABaugfScWRZE1sTaduCQQnRpCtlYa-Qypqz_Avaaeq8OYsDfYyh5C7fzRd1wycdJB3bU8h-0D41avPLP4k-hyIrZPpoojL5S0ATg8_1FxDm186bld0iC91A7vV5gpoo4-wY2cOlglHT4SZJ_CaOY77bu3OmxdiMXQB7Q-3qeQMQMKgvFRMOUzjz4A0jvgAY6e_8r1BvjZOSZNYaHTXHuUvuB8b8PAR51svrVqCTYnmeLUY59G4UmV2iZtZVNP2ovGn6dbrURtVyFFSVzXcjGovRgB&sig=AOD64_2m8Z0Gr_cyzyfV_0wSWASUHz_HZw&client=ca-pub-2334602378211593&rf=4&nb=9&adurl=https://magnetic-material.kobelco.co.jp/%3Fgad_source%3D5%26gad_campaignid%3D23394899474%26gclid%3DEAIaIQobChMIzdGk3YC2kwMVxk7DBh0OHAwoEAEYASAAEgKMOvD_BwE,https://magnetic-material.kobelco.co.jp/?gad_source=5&gad_campaignid=23394899474&gclid=EAIaIQobChMIzdGk3YC2kwMVxk7DBh0OHAwoEAEYASAAEgKMOvD_BwE,,,,,
359,https://adclick.g.doubleclick.net/aclk?sa=l&ai=CuU6KExvBaZfiIKSWjeYPmdHM0Q2s6ZuJhgGjzovQvRXb2R4QASDH5_AgYImLxIT0E6ABlbbNmwPIAQmpAtKl61kq8To-4AIAqAMByAMKqgTUAk_QStsQiRBMLp2kuQgxxcDt4xImBUVU2CuMqWRzFcm2NsQnLRqExx_cp1t3gfM4m0PVlM1bY8zQo6Tnb2UbyJ13LZDsVglcGvdG300paaeOe-hMqXSbosgewJgRbf03ZZEePzlFUUfJFVbh5lL0JtQcF4SeHp2STgBE5-HKBY-cmEiv15YUcfQsjH73YQWgaWWby9uPpyXG8qU8vbmAaGGsD91Gfx_LGCP76nlxaxg4z0wdgC2wn5ufJ3CCOtAnafVKjGJe82RzIKSV035qALzNZLlCY3LtcxSw4RvHceUqqv8bVpkm0s8PfLcv5avJlRZNGCFwXJyVzUsKYe_Nwvb5Mr9CdUQRzrsh73JMSH-U2rkPlTNZD8XLWpn2LHulxQeF0_nBrkJ69SdWxH4fDLNzrv179U_XgRLfW1JwSTvKqto92vsEJNicQbIYp7NkHJxB9t_ABO7thM_JBeAEAYgFmPro1FegBi6AB9PJsmSoB6fMsQKoB-LYsQKoB6a-G6gHzM6xAqgH89EbqAeW2BuoB6qbsQKoB47OG6gHk9gbqAfw4BuoB-6WsQKoB_6esQKoB6--sQKoB9XJG6gH2baxAqgHmgaoB_-esQKoB9-fsQKoB_jCsQKoB_vCsQLYBwDSCDIIgOGAEBABGJ0BMgiqgoCAgICACDoOgMADgICEgICUruADqAdIvf3BOljL-Jj77LWTA7EJb2-mp_uYRvmACgOYCwHICwGADAGiDAOQAQGqDQJKUMgNAeINEwiZtZn77LWTAxUkS8MGHZkoM9rqDRMI-Yeb--y1kwMVJEvDBh2ZKDPa8A0CiA7___________8BuBPkA9gTDYgUAtAVAZgWAcoWAgoA-BYBgBcBshcOGAEqCjc1NzQxMzM4Nja6FwI4AaoYFwkAAAAAIEP_QBIKNzU3NDEzMzg2NhgBshgJEgLtThguIgEA0BgB6BgBwhkCCAE&ae=1&gclid=EAIaIQobChMI17eb--y1kwMVJEvDBh2ZKDPaEAEYASAAEgIbp_D_BwE&num=1&cid=CAQSggEABaugfWSzrRUPgHSv-N4XloQ0u_ffeaBGU3b2x3r4e7-FRrwpR2Q9YhF6nyIR8RM36g44mWLhfpPqAUjI84lVOd6dxGXx8Rmw76n0KzR2dmyIHTgbPWfOwiPcIHOqIDqn-bPgJGoLgffrPrX7wDAJpWzHMiZ3VNvOqLosCyO4AuAkGAE&sig=AOD64_3iIO93-CzW1lfPlCFEUxOnpgRNKA&client=ca-pub-3272912600735998&rf=4&nb=9&adurl=https://np-kakebarai.com/contactus/form-oyakudachidl/wp_seikyu-bpr/%3Fcreative%3D796235417244%26keyword%3D%26matchtype%3D%26network%3Dd%26device%3Dc%26utm_source%3Dgoogle%26utm_medium%3Ddisplay%26utm_campaign%3Dgdn_s_invoice%26gad_source%3D5%26gad_campaignid%3D23531765016%26gclid%3DEAIaIQobChMI17eb--y1kwMVJEvDBh2ZKDPaEAEYASAAEgIbp_D_BwE,https://np-kakebarai.com/contactus/form-oyakudachidl/wp_seikyu-bpr/?creative=796235417244&keyword=&matchtype=&network=d&device=c&utm_source=google&utm_medium=display&utm_campaign=gdn_s_invoice&gad_source=5&gad_campaignid=23531765016&gclid=EAIaIQobChMI17eb--y1kwMVJEvDBh2ZKDPaEAEYASAAEgIbp_D_BwE,,,,,
360,https://www.googleadservices.com/pagead/aclk?sa=L&ai=CvQ02SlXCaYmkNLT1jeYPgoHy6Ai0qb6gd6_Fubz5FLD1hOSJFxABINrXxTlgx92AjoQmoAG835rSA8gBCakC96eQfRaxbz7gAgCoAwHIAwqqBNcCT9DBE5Ll8fpoO4JaGL9VPEKrSK60s8Z_ls9h36pEBTrvL_6hOl3K_Mf39q7WigD0ifkLV3oCHm9yaBKv-55trcYTNQyoWx_0SstO1DYL-2MlDybu74pH_NLeGDt0g6oVniL22OjRWe4mBd6ENMHEw6TDDmtybPkmkqSY6UCdhhyDkfXKkX124XuL-aslIq7rLnvZl5IOS5qGPpapHHqWEQVWbdMTHs5mS3zcoSPHCevxfF9UQjo2SIHnJGduxs_2QX9kx49GR0zvXgbCLh_S5wwCLd-4pmaPNw-gdu7nkWN1k-3SrAq_907j0qwbxwO60OJvBpcPKjwc3qOVgdLmFqdpWtO27LBbDzol0vYsqKA1k6kPrKhtiOtK8pkpcu96EK6skUlv2RI9ZnpHEVqa-cdnBM-dWHz6R6Jwo5Hi8W62yT3oiaTi2x_Lht-DqlHfAQcrm5CZxsAE_aGIp8kB4AQBiAWhxarzA6AGLoAHrKDlLagHp8yxAqgH4tixAqgHpr4bqAfMzrECqAfz0RuoB5bYG6gHqpuxAqgHjs4bqAeT2BuoB_DgG6gH7paxAqgH_p6xAqgHr76xAqgH1ckbqAfZtrECqAeaBqgH_56xAqgH35-xAqgH-MKxAqgH-8KxAtgHANIILwiAYRABGJ0BMgiKgoCAgICACDoNgECAwICAgICogAKoA0i9_cE6WJmn1M-YuJMD8ggbYWR4LXN1YnN5bi0xNjE0OTEzNTk4ODc1NDk2sQmRoVnFpQlS5YAKA5gLAcgLAYAMAaIMA5ABAaoNAlpByA0B4g0TCJrN1M-YuJMDFbR6wwYdgoAcjeoNEwjftNXPmLiTAxW0esMGHYKAHI3wDQKIDv___________wHYEw3QFQGYFgHKFgIKAPgWAYAXAbIXDhgBKgo4NDY2MTU2MzU0uhcCOAGqGBcJAAAAAPCt-EASCjg0NjYxNTYzNTQYAbIYCRICuU8YLiIBANAYAcIZAggB&ae=1&gclid=EAIaIQobChMIifHVz5i4kwMVtHrDBh2CgByNEAEYASAAEgJ09vD_BwE&num=1&cid=CAQS4wEABaugfSzC5M4kxA7Yh4C5xIt4cpdk4KPjV0eKAeqGs65TKaJ_rSamb1zA20B_SNX4WndoMZhdMdCtP46IgXK6jMVhllMD771qcNMqS8RyTogqmRuoxkkCCFgvg2LiZK5r-LMahOjjH21TEjcNdS7jxEfvdViZWS9ok5LhG6cgEOH_cHhpqZxvXvANYeBlDFZemD74tu9w6UaVoDBdH17Yv72S1Upx9jY_FzWGsUUZVuuMWutI01SBiYfmzpcrcCyP0YzxHtXz_7l3FQ2WXkvjWFRMs9wA_wuWEvke0AkIuKMUwxgB&sig=AOD64_1JQv2IL-fbRFdnmQz1cuJRoFwxKA&client=ca-pub-3605257360853185&rf=4&nb=9&adurl=https://www.casatoscana.co.za/index.php/restaurant%3Fgad_source%3D5%26gad_campaignid%3D1047175841%26gclid%3DEAIaIQobChMIifHVz5i4kwMVtHrDBh2CgByNEAEYASAAEgJ09vD_BwE,https://www.casatoscana.co.za/index.php/restaurant?gad_source=5&gad_campaignid=1047175841&gclid=EAIaIQobChMIifHVz5i4kwMVtHrDBh2CgByNEAEYASAAEgJ09vD_BwE,yes,yes,yes,yes,yes
361,https://www.googleadservices.com/pagead/aclk?sa=L&ai=CtjHkmmvCaemoHdqejeYP39yimQyrnIm7buzpzt7OEt3ZHhABIPzhqRlgx92AjoQmoAGGvZffA8gBAakCSfsEddMCBz6oAwHIA8MEqgSyAk_QpUxHmBZdHHTlJfYxnufeVKDoSNv3If2gqlvEAmHifHq1WRN-2NlvwE1izZkFAmahZQARG5FVolW4PzfOore5PnDd2PWLk5a21ciaBEByu15XghGDFgIosaOjm9b0uVENh28Ogr9LFtCn0DvT11CYHBrVDYgCkn9ajFmX8gQpY31J3VCmmMsXuvHnZrLmzN9Q5yrupJZLj-iBBoSCU70RkKOvqmy7Xnm4vARLuz3CGf59xya-lqzTjd6Z-5kjyxV6O7EjE3fw9RNiphOXjcXqLaCzMvY35ACBXYda7ZBY9kJB-UhwRZ5QVX06RLR4xRVERPr-9sS_zSC4I6wydv_T_qA5JWJUGiAT_0dE2GfG-gYrSduKLSIyKHK1htpUSMej_83W4Ox8NFa_754hFbuKLMAEo8DQpLcDiAXaoMhHoAZmgAfiwuggqAenzLECqAemvhuoB8zOsQKoB_PRG6gHltgbqAeqm7ECqAeOzhuoB5PYG6gH8OAbqAfulrECqAf-nrECqAevvrECqAfVyRuoB9m2sQKoB5oGqAf_nrECqAffn7ECqAf4wrECqAf7wrEC2AcB0ggvCIBhEAEYnwMyCIqCgICAgIAIOg2AQIDAgICAgKiAAqgDSL39wTpYk6-W8624kwOxCW8__H-uuMlWgAoBmAsByAsBqg0CWkHIDQHqDRMI0uCX8624kwMVWk_DBh1frijD8A0CiA4J2BMCiBQB0BUByhYCCgD4FgGAFwGyFxAYASoKMTIxNjExODAxMFAGqhgXCQAAAACwJPNAEgoxMjE2MTE4MDEwGAGyGAkSAphSGGYiAQDCGQIIAQ&ae=1&gclid=EAIaIQobChMI6d2X8624kwMVWk_DBh1frijDEAEYASAAEgJa8fD_BwE&num=1&cid=CAQS0AEABaugfT3fhBKlIMIxsp40rnRmUgiFkNcOj5VrO_PPH3jKjbOZ8E4RVXUdGZESFIWFN0J7kAFlfy50Ag6InGs4vnbbfS3jHxX3LjJOWAtlG08oNzj0_rnnG_3-YsQYVZ-19n3mH0MCj7b2Pxrc6gKpmeJr_l9io5qh6Lj4iSmzf4wZMzNpRQZkHMUQ8-sKGAoQ1pzYK5KQwQFoUTRn8pTa4z8Xx_9HCFZrO3694Ne0Cvp7636t12vh-aYbQ9ty2GzRPYtLDXK8Ew0AtcAARdlzGAE&sig=AOD64_3fLzzKPKdk1-PBi0CgmdHHok1zAQ&client=ca-pub-7694956726795277&rf=1&nb=1&adurl=https://www.yesonhospital.com/page.php%3FpageIndex%3D110105101%26gad_campaignid%3D150081626%26gclid%3DEAIaIQobChMI6d2X8624kwMVWk_DBh1frijDEAEYASAAEgJa8fD_BwE,https://www.yesonhospital.com/page.php?pageIndex=110105101&gad_campaignid=150081626&gclid=EAIaIQobChMI6d2X8624kwMVWk_DBh1frijDEAEYASAAEgJa8fD_BwE&ckattempt=1,,,,,
362,https://www.googleadservices.com/pagead/aclk?sa=L&ai=CEuDiomPBafjhDNaPjeYPwIO4qA3c_J-ChgHy9d7j0BWi25OqjA4QASCn9owaYJX68IGMB6AB4OvdiAPIAQGpAh4jv8eyYrM-qAMByANIqgTCAk_QdB1FYXTqFYmJNLzbrPc86S7C2bockoJ0vPntAs5XqymTMhDcmh-z8Cy4T0nsdkfM8ixoa0r6VSEKX50pwmtLidP_qjW5jIFhIzADYOCjqaO_gNCeNFXqK9dYdiqhSow0vJ47VkjLiUwQUXy_5KBnGhG7UxZ8FKU-nrVB92oOjeVwOOADJIYiAd5Us_xKZL5ZTcike6m1MH6RflCwHH0pkD9-Y5QFdn-CrsVLbgZwmQGaGi8RgZ36ai9Zpq-xwkM_zwNlXAaSdiGK695vtBXPrVgMlFm7n8nRUqYh72POehNC3WGFME-MWN9ggYRym72XxwNcgfttbjBJdRf-vCyTDm38uU1e2u0Wo0bbbpAUfAkL6kH0RpfpDj81_N-YkqoMN8_khUXWUjS-Ckzl-XMI_xHrv8A7poUXXgBnvktP_cLABLaQ4a_jBIgFmtC63U6gBi6AB4iUoneoB6fMsQKoB6a-G6gHzM6xAqgH89EbqAeW2BuoB6qbsQKoB47OG6gHk9gbqAfw4BuoB-6WsQKoB_6esQKoB6--sQKoB9XJG6gH2baxAqgHmgaoB_-esQKoB9-fsQKoB_jCsQKoB_vCsQLYBwHSCDIIgOGAEBABGJ8DMgiqgoCAgICACDoOgMADgICEgICUqIgCqAdIvf3BOligmqeUsraTA7EJ3bABmMLRuX-ACgGYCwHICwGqDQJERcgNAeoNEwjkvaeUsraTAxXWR8MGHcABDtXwDQKIDgmwDryu9JgY2BMM0BUByhYCCgD4FgGAFwGyFw4YASoKNTY0MDQyNzY1N7oXAjgBqhgXCQAAAAAwDftAEgo1NjQwNDI3NjU3GAGyGAkSArNOGC4iAQDQGAHCGQIIAQ&ae=1&gclid=EAIaIQobChMI-LqnlLK2kwMV1kfDBh3AAQ7VEAEYASAAEgKQQvD_BwE&num=1&cid=CAQScAAFq6B9vVFHG3uo5b7ONe05AJt5v-baLLJ3sausqjE3GXirC1tvkjf__-Bc_9_Oc-3wrAaQSyHPBTfWW7p3Lm2FcpU5MSXWPPAxZqEW2CHJqR8Zs2u5iUr1rmeefXA65ugPgJd_1JjMl2B6PRWiCVIYAQ&sig=AOD64_3AXfW9KO5MagOXK3BJ35I41G5FUA&client=ca-pub-2107538958244175&rf=1&nb=19&adurl=https://xxlager.de%3Futm_source%3Dgoogle%26utm_medium%3Dcpc%26utm_campaign%3Dmperf%26utm_content%3D%26utm_term%3D%26gad_source%3D5%26gad_campaignid%3D21133961242%26gclid%3DEAIaIQobChMI-LqnlLK2kwMV1kfDBh3AAQ7VEAEYASAAEgKQQvD_BwE,https://xxlager.de/en?utm_source=google&utm_medium=cpc&utm_campaign=mperf&utm_content=&utm_term=&gad_source=5&gad_campaignid=21133961242&gclid=EAIaIQobChMI-LqnlLK2kwMV1kfDBh3AAQ7VEAEYASAAEgKQQvD_BwE,,,,,
363,https://www.googleadservices.com/pagead/aclk?sa=L&ai=Ck5RxQBjBaf6wOOyTjeYP4OXK4AHv_evqhQHt6of4rBWe2PSKjA4QASCUuaghYImLxIT0E6AByeyqxgPIAQmpAhJdRpm78Do-4AIAqAMByAMKqgSnAk_QtZiUuOaVX2o11WstIBP_hBR517VvtuwKBzuiGrXpHa6BsubGqfQnZEJ-UlWa_db_tNbXTdohNOZZfkHxAFx_SUMrjaOl5QY3l2KWTr32BCwx3hzYTowJB49txftcwrIsMWSVqBF3dOnMbwfSX_G_kSCJVvW949GHOgMk0RqjZi0Mt5yOq9z_SMxIqb_7jRBXZaOCVP_qOTeQWnEfZdt-ZJq9h1TDWuCtIK2xxxFzzfetv4ZlX3KCRWIoDcXOedSvBymuA5TX8V7d7Dt4kly3BOMu9kdxkNChyuGWDhIDS4Sk0PA98S30kBCDFUFKSdLvt59V-T15gE-2mOcx-TZX8TXUx_kSQxaExxv2b7z2aOU8oprvYkjITvaHHlqmL3-i-34mAzLABLu5nO3VBeAEAYgFu6qPiVigBi6AB5-T1TmoB6fMsQKoB6a-G6gHzM6xAqgH89EbqAeW2BuoB6qbsQKoB47OG6gHk9gbqAfw4BuoB-6WsQKoB_6esQKoB6--sQKoB9XJG6gH2baxAqgHmgaoB_-esQKoB9-fsQKoB_jCsQKoB_vCsQLYBwDSCDIIgOGAEBABGJ0BMgiqgoCAgICACDoOgMADgICEgICUjuADqAdIvf3BOli1s86i6rWTA7EJ4hQdx_5wvySACgOYCwHICwGADAGqDQJKUMgNAeINEwiBgc-i6rWTAxXsScMGHeCyEhzqDRMI1tfQouq1kwMV7EnDBh3gshIc8A0CiA7___________8BsA6jnsj0GLgT5APYEwzQFQHKFgIKAPgWAYAXAbIXDhgBKgo2NzA0NTIxNjA2uhcCOAGqGBcJAAAAAPQyF0ESCjY3MDQ1MjE2MDYYAbIYCRIC21YYLiIBANAYAcIZAggB&ae=1&gclid=EAIaIQobChMI_tDSouq1kwMV7EnDBh3gshIcEAEYASAAEgLNY_D_BwE&num=1&cid=CAQSggEABaugfbPi9b-u1XdN6GnEC-KUe0HBZZs5jcYlYX1q0AEPg1pNjm5O-C9Vkjdxj45J3jzxZsWQ5SxyfruTDDjNH9wU1RUNvCvCvgY1Oif4uVlNskZus1plH6zGniElHselQysVtQz0kN3A6sTUP6O4THuzyikWL409bNcz2VfhmsgGGAE&sig=AOD64_14xCyGGeKeaoDcsANKYYgPOlUwFQ&client=ca-pub-4649506106662644&rf=4&nb=9&adurl=https://doc.b-p.co.jp%3Fgad_source%3D5%26gad_campaignid%3D23641445691%26gclid%3DEAIaIQobChMI_tDSouq1kwMV7EnDBh3gshIcEAEYASAAEgLNY_D_BwE,https://doc.b-p.co.jp/?gad_source=5&gad_campaignid=23641445691&gclid=EAIaIQobChMI_tDSouq1kwMV7EnDBh3gshIcEAEYASAAEgLNY_D_BwE,,,,,
364,https://www.googleadservices.com/pagead/aclk?sa=L&ai=ClacVG2fCaeDiLo250-kP0sSy8Aqqw97ZhQHE0O3T6BJkEAEg07HfTWDH3YCOhCagAYnfluECyAEJqQJbIZuyYxQ7PuACAKgDAcgDCqoEvwJP0MxpKLR8pXMWlF7aSczltaIcF2F1LP9OD3YBAE1gcMlTxNEgX4QXTA8dgUPhFH-N0OLoFTsSl9NHsGy6SjXbOZvrdH-AvIMXPE1MmhZJpaN6cRoalR_UNspXZM-bbu1OhSOTfBL-AXwvPN8JjwY8_NwDAFPfu_8xYvGKkRpkkAY5HLZD0th00VenS1n4dgDG2Q0WHpSZopWZ3O-IpTsrM2GfLMs4xkID8h1rhSCaLiVp5Nkqqec6uX-HBqYpqKixIE8yWu7ej4bLlOk2AhnrQZ9AYVGGDBcb5tfqZoMIqqWiXU5RsTnSpWn49tUu0Ft51n6ZyrH0Y6gIoKaadJgzBYG8spAT-vhNwdAsCtgA_wiEsTGLJGPXaDPFv2zsn-CRAmUdIV390Wde91oA-y8Fs822HiW6YKVNvm2Z2MV8wATslc7XiALgBAGIBYCa5q4HoAYugAffoOmeAagHp8yxAqgHpr4bqAfMzrECqAfz0RuoB5bYG6gHqpuxAqgHjs4bqAeT2BuoB_DgG6gH7paxAqgH_p6xAqgHr76xAqgH1ckbqAfZtrECqAeaBqgH_56xAqgH35-xAqgH-MKxAqgH59exAtgHAMAIAtIILwiAYRABGJ0BMgiKgoCAgICACDoNgECAwICAgICogAKoA0i9_cE6WPalks6puJMDgAoDmAsByAsB2gsKCB8Q4oOm0VgYAIAMAaoNAlpByA0B4g0TCJbWks6puJMDFY3cNAcdUqIMruoNEwing5XOqbiTAxWN3DQHHVKiDK7wDQKIDv___________wHYEw3QFQHKFgIKAPgWAYAXAbIXDhgBKgo0NTQ3NDA3MjIwuhcCOAGqGBcJAAAAAAgyCEESCjQ1NDc0MDcyMjAYAbIYCRICg1UYLiIBANAYAcIZAggB&ae=1&gclid=EAIaIQobChMIoNy9zqm4kwMVjdw0Bx1SogyuEAEYASACEgJ33vD_BwE&num=1&cid=CAQS4gEABaugfbXC2bi7RtZ5hcy3uImvZP6kHnpOBhfCelo-XJhJ9YD3mfWUZAbITRQKNZCH917O0MWTEXtPFujnwhtLS8ykSC9PYzbDo0nEiopuHb9fhfnuVwDLwhIYFSHnv2uDLyoKVQocMz7f7UEn_cvVEmerLGUJXcq-AnnbO3f0fomir0LuMoSvFV0CkmB4-pCKkJnR_wgqtCadkM98Lrw7hqTlyuxbWRuHRAbH1LVyqQOIYttgAPekYYxXdicZy8MizoesUeiPdjdDaG2yGg8sMLuX0dgXJpyJBjcbCuoXOl_IGAE&sig=AOD64_0MpgzLzK8piRXL6AYG5STSHI3H6w&nb=6&adurl=https://ssl4.bcart.jp/cfd/contact.php%3Fgad_source%3D5%26gad_campaignid%3D1977191680%26gclid%3DEAIaIQobChMIoNy9zqm4kwMVjdw0Bx1SogyuEAEYASACEgJ33vD_BwE,https://ssl4.bcart.jp/cfd/contact.php?gad_campaignid=1977191680&gad_source=5&gclid=EAIaIQobChMIoNy9zqm4kwMVjdw0Bx1SogyuEAEYASACEgJ33vD_BwE,,,,,
365,https://www.googleadservices.com/pagead/aclk?sa=L&ai=CNp0c80LCacelI7uhjeYPgYeC2ATlj-OmhQGOvf63wBXoqraViwMQASCOy9ciYM2AgICsA6ABhLur_ALIAQLgAgCoAwHIAwiqBKUCT9DJJ-DlLWsXcXDGLqJQBGE4WWC_jh6phoYVcgN97MLQwYnWSCU24w_Hqw7i-1JCtMF6hfWk9Z4l00q22F15dlIR-7Axcr4sbSFJsPPzdHKnnrlA-eWbXgKDcApzGlixojyUPZpd7bUGndHnSing6v9aq8RQNiTIgxXVZ9HM7V8K5r5cSmvI_L8vkh8T655oHjo-dMbNxmDGKjLBSRMj3smPgLH3QZ-QnLAlJvUQkbX8XgIfeWzWD86s-uOeCZwB57NCkuo0dqL55QwEEcVjAA8x-KPT_gIwY2eZH0jTBvIYP3i0Lizf3KCsz0jWy3T0qiH2HeSdg8Cw871HNiWwgsAcq4ij9W4Xv_eIncgVGJRovlqLM5KTFR_OCs9s1IWrfKeA9P7ABO-o8ufNBeAEAYgFrqGrtFCgBgKAB5yO7TmoB6fMsQKoB6a-G6gHzM6xAqgH89EbqAeW2BuoB6qbsQKoB47OG6gHk9gbqAfw4BuoB-6WsQKoB_6esQKoB6--sQKoB9XJG6gH2baxAqgHmgaoB_-esQKoB9-fsQKoB_jCsQKoB_vCsQLYBwHSCC8IgGEQARidATIIioKAgICAgAg6DYBAgMCAgICAqIACqANIvf3BOljp8uKQh7iTA7EJVe5kwik8JKqACgOYCwHICwGqDQJCUsgNAeINEwjzm-OQh7iTAxW7UMMGHYGDAEvqDRMIyrDkkIe4kwMVu1DDBh2BgwBL8A0CiA7___________8B2BMN0BUByhYCCgD4FgGAFwGyFw4YASoKNTExMzM3NTk5MLoXAjgBqhgXCQAAAAAkJCNBEgo1MTEzMzc1OTkwGAGyGAkSArFpGAIiAQDQGAHoGAHCGQIIAQ&ae=1&gclid=EAIaIQobChMIh-vkkIe4kwMVu1DDBh2BgwBLEAEYASAAEgLA4PD_BwE&num=1&cid=CAQS0QEABaugfT0p81j_uarwFqiRmD7HcKTu5pvCRx6Y0Eo8EAEBMttTYC4jI4avaObTDwsB7umsGwio2UQYnfkmo8JXqhDTTnKKxKuSLJpdBSdFwwFIdzda2wxXLm_uaSOaK2Wnc1ZHONi5tOndxw9R8_vxYix_tlD9eWySXpdWNxNJ2_20rQYkSv97kjkQjLWSPRvyDhYLZw6Q7vuxfG9GGScOUDqOSNtV-9d1Fj2139PhwYbKUU4ZzCDkF40EsdUNtSDkxfk1Fi_zt5WM4md4iCXVERgB&sig=AOD64_2TwYNlU-ysQOiitB5rvPmFBWOavw&client=ca-pub-7301355741158821&rf=5&nx=CLICK_X&ny=CLICK_Y&uap=UACH(platform)&uapv=UACH(platformVersion)&uaa=UACH(architecture)&uam=UACH(model)&uafv=UACH(uaFullVersion)&uab=UACH(bitness)&uaw=UACH(wow64)&uafvl=UACH(fullVersionList)&nb=2&adurl=https://go.crowdstrike.com/latam-threat-landscape-report-pt-br.html%3Futm_source%3Dgoog%26utm_medium%3Ddis%26utm_campaign%3Dthih%26utm_term%3Dpsp_im_itdm%26utm_language%3Dpt-br%26utm_content%3Dcrwd-cao-amer-bra-pt-psp-itdm-rpt-ltmtl-s_img_v1_x_970x250-cyber-2025%26cq_plac%3Dwww.asahi.com%26gad_source%3D5%26gad_campaignid%3D21584597166%26gclid%3DEAIaIQobChMIh-vkkIe4kwMVu1DDBh2BgwBLEAEYASAAEgLA4PD_BwE,https://go.crowdstrike.com/latam-threat-landscape-report-pt-br.html?utm_source=goog&utm_medium=dis&utm_campaign=thih&utm_term=psp_im_itdm&utm_language=pt-br&utm_content=crwd-cao-amer-bra-pt-psp-itdm-rpt-ltmtl-s_img_v1_x_970x250-cyber-2025&cq_plac=www.asahi.com&gad_source=5&gad_campaignid=21584597166&gclid=EAIaIQobChMIh-vkkIe4kwMVu1DDBh2BgwBLEAEYASAAEgLA4PD_BwE,yes,yes,yes,yes,yes
366,https://www.googleadservices.com/pagead/aclk?sa=L&ai=C_A-mzUbBaaXeGsaZjeYPquO-iQi27IWFhgGTjILuuRWooPr_gAkQASCbqIc3YJX68IGMB6ABrKnP9inIAQngAgCoAwHIAwqqBKkDT9C5wTSTuv5LDzLyBbja_NGryhiIdtXVJDM_vLEDhKhv3CqI6v6po-BY8zzKW_6c7f0hkEoqpOens8IEyni6noZ9jTWnxFoG97M7Wmdg-IsMM299AWsLjoxjNgp7vYXsT_TUbsLlXYHHopig4VPYpFIZPai1VgeLrUpT_P8JO0THdPtSSKITsM01pO_jT63i0laoVpD6HTtJiGDwlLYw_hb95HXVWt0298HM4T-U5Ip9nfBfGcoGRY31h8aklLxRkzN7nieCs6Gu3sfX4p_5SaMUUmCkD92cXdkQTadKz9De_qXxqMxq9pGrVVBuowaVaNHKWrRRrS8IL9PyVZg7_4ZQu2Z0eJUQ6YzZ_dXWfW2slK-b3m0iiA6SF98ORRD7jdBRRcITejXyDy4B99zrFCd--jy2FUIcOPHFxgO2zeCgIaiKelVN-i4jgUjFNx8UTijKXOc9FX41US9jsfudvXWil5xZdlTC8P_cKU44kjAp8RuNrupEZak4ABqt82s5Gx1dtMX7CMufrsbn--0f0_BjmBVyfM4CuY9cvdoopqx0bsyCy-AUS6zABL-J-bjfBeAEAYgFqOzjnFigBi6AB6zhn9YEqAenzLECqAfi2LECqAemvhuoB8zOsQKoB_PRG6gHltgbqAeqm7ECqAeOzhuoB5PYG6gH8OAbqAfulrECqAf-nrECqAevvrECqAfVyRuoB9m2sQKoB5oGqAf_nrECqAffn7ECqAf4wrECqAf7wrEC2AcA0ggyCJDhgFAQARidATIIq4OAgICAgAo6DoDAA4CAhICAlKiIAqgHSL39wTpY4uDv1Ja2kwOxCbH7u5ao5EbbgAoDmAsByAsBgAwBogwDkAEBqg0CREXIDQHiDRMIyZDw1Ja2kwMVxkzDBh2qsS-B6g0TCPHH8NSWtpMDFcZMwwYdqrEvgfANAogO____________AbgT5APYEw3QFQGYFgHKFgIKAPgWAYAXAbIXDhgBKgo0MTk2MDAzMzQzuhcCOAGqGBcJAQAAAGCw7kASCjQxOTYwMDMzNDMYAbIYCRICi08YLiIBANAYAegYAcIZAggB&ae=1&gclid=EAIaIQobChMI5fjw1Ja2kwMVxkzDBh2qsS-BEAEYASAAEgJqwvD_BwE&num=1&cid=CAQScAAFq6B9EIKJ0YPTBMV4DKK-N0rg49NqUdjrQ22TF9PzLtJY7GPXDUNjkieCNWlKOsw9P-xyquOv3uhvbphSZXqqPETUJOxtmTjHtNqjb9Y_Us7qtgGKIEByU0RAWGLRt5dA4GRfVw2b5SLeigpldhwYAQ&sig=AOD64_2f8lODxoUY8IUMRNDfUUFi2OvVhg&client=ca-pub-9636953777155876&rf=4&nb=19&adurl=https://walking.harnafit.com/walking-chi-unsx/step-one%3Futm_source%3Dgoogle_display%26utm_medium%3D197419484351%26utm_campaign%3D23682676264%26utm_content%3D801345827415%26utm_term%3D%26camp_name%3D%26asn%3D%26utm_target%3Dv(walking)_tm1(walk)_tm2(taichi)%26utm_adname%3DMagnoliaCCM1_v2_cYM_dRA_pic_HA_tm1(walk)_tm2(taichi)_len_aMs_gF__11-03-26_RDA%26gad_source%3D5%26gad_campaignid%3D23682676264%26gclid%3DEAIaIQobChMI5fjw1Ja2kwMVxkzDBh2qsS-BEAEYASAAEgJqwvD_BwE,https://walking.harnafit.com/walking-chi-unsx/step-one?utm_source=google_display&utm_medium=197419484351&utm_campaign=23682676264&utm_content=801345827415&utm_term=&camp_name=&asn=&utm_target=v(walking)_tm1(walk)_tm2(taichi)&utm_adname=MagnoliaCCM1_v2_cYM_dRA_pic_HA_tm1(walk)_tm2(taichi)_len_aMs_gF__11-03-26_RDA&gad_source=5&gad_campaignid=23682676264&gclid=EAIaIQobChMI5fjw1Ja2kwMVxkzDBh2qsS-BEAEYASAAEgJqwvD_BwE,yes,yes,yes,yes,yes
367,https://www.googleadservices.com/pagead/aclk?sa=L&ai=Cq4yfu_PBadwjx76B4A-M2YAQgZeugoYB07nHodAVtpAfEAEg2vGODGCbA6ABiLXmtSnIAQmpAioxyx4mM24-4AIAqAMByAMKqgTAAk_Q7x0p33APC25qlhBcSstryGRrGaxImfovkTVZosrpT1GF360qqNqp_qgSO0yQc3K928iCUxBwSWgMRyoDXgFABwY1WT0rX2f4J4O9wOgWGzPAg7TpDlVmLU1mNkfKKl7gDL_RgZHxkWGe4gpEykEpptYibEejgfNsQUe_5ZdFNVaN8O2CyGDUPkW2XROv8ArJheiVCx00uXpKF-8km8lH6PLmGFZhc4YIPAbmtYz3_tHEGW35RE9pYPUCIL5_ckXxUBy37VOtKL-VdDs5pst3yZNdmn9zN-cM3mNBCcXV7hMC9NGo1c0GEpXP2Ax2pxSR6aNtIcmYIB8ch-VLSScPya2zek_zeoLvxGpExfoN4ClTTANilVl20YyYWJh8PkoVEYSFCBZp1SaHTi83pweQM0lqQ2xSOGuOZBj8oeauwASm5Kv04gXgBAGIBbCcvZtYoAYugAeI7baVBKgHp8yxAqgH4tixAqgHpr4bqAfMzrECqAfz0RuoB5bYG6gHqpuxAqgHjs4bqAeT2BuoB_DgG6gH7paxAqgH_p6xAqgHr76xAqgH1ckbqAfZtrECqAeaBqgH_56xAqgH35-xAqgH-MKxAqgH-8KxAtgHANIIMAiAYRABGJ0BMgiKgoCAgICACDoOgECAwICAgICogAKogxBIvf3BOlj4pp_Ku7eTA7EJqvNVUvDhjU6ACgGYCwHICwGADAGiDAOQAQGqDQJLUsgNAeINEwjC1J_Ku7eTAxVHXwAGHYwsAALqDRMIurKgyru3kwMVR18ABh2MLAAC8A0CiA7___________8B2BMD0BUBmBYByhYCCgD4FgGAFwGyFw4YASoKNzQ5NjE3NjM2NroXAjgBqhgXCQAAAACAuvtAEgo3NDk2MTc2MzY2GAGyGAkSAshRGC4iAQDQGAHCGQIIAQ&ae=1&gclid=EAIaIQobChMInO2gyru3kwMVR18ABh2MLAACEAEYASAAEgJsu_D_BwE&num=1&cid=CAQS4gEABaugfUDHZuX1h6wh8DKi5D69P9bfeN1swYPjJ1nATX8ZQYudNjHcpp5zzzQhEPFzI3pJfH0SodBdjNQWfx1teKTL0nD9YGghBXQE6OgqQoFjPrNulkeWx6FGcHIoWPdR7i2QYSMPmy9uXfajTGL3TL_3pyV6LrE04SzUhJda9HFp4OqH9jgdk2p7X2wVLxG4GX67EilHtYXx8VQ5aP3sBsifCP-LGffBSn_jPhaoTzIk4bycOeOVM31XpVJbo_YyBsmP8H1Rl6A5Lr97Py-jOeXJIoBdxikK7Kh_KcgrafOWGAE&sig=AOD64_0OyOZPmUvyN4tsiXwBihCyo4rxGQ&client=ca-pub-9783515403541006&rf=4&nb=9&adurl=https://www.instagram.com/losaltos_foods/%3Fgad_source%3D5%26gad_campaignid%3D23679946288%26gclid%3DEAIaIQobChMInO2gyru3kwMVR18ABh2MLAACEAEYASAAEgJsu_D_BwE,https://www.instagram.com/losaltos_foods/?gad_source=5&gad_campaignid=23679946288&gclid=EAIaIQobChMInO2gyru3kwMVR18ABh2MLAACEAEYASAAEgJsu_D_BwE,,,,,
368,https://adclick.g.doubleclick.net/aclk?sa=l&ai=Cql4uafjBaZKmI8KxgeAPrcij6QvonpjphQHV2O3OqRWwkB8QASCDqaUhYJsDoAGau9fBA8gBCakCLP0_ysEWBz7gAgCoAwHIA8sEqgS8Ak_QTCQEC99prp-TzvlOU6QQ1G-od92FdzPWiE0D-G-3vS6QHU0YpC4MxZ7-gfeShzfjM5s_BX4SQbP6m-YFJadFci2R4av9HCeWGWJgfqpgynMtoDYb_Smwk9QRFJucfdLrGf82wSEeIfkVHYbI-8PKMcXXbKn0tVzESUHbXCllc13LGi4IWhWOSC6WgMgbQF0-MNFSBgISnFLgpmFH4TGGWHZ1kCwVuKGieloRNzqx5-_87LxSh57olMunWubNZ7Ys8XjUXWUHLgpMtzcaJ8rOrkjk98Pfig5b-aIfGP2RhOnkhIURD8Qaxm4BtSpQyu2BDu9PngbKW9kj5r3CHOypkzqW4xpZhhas9T0gDfXcQyHCTbNXTlDRUt9wilaBU0e3pqtMUCDrGwDVgv8FuWVfxX2bgGnR88pU5GzABOuFzKnQBeAEAYgFhOje9VegBi6AB87EqD6oB6fMsQKoB-LYsQKoB6a-G6gHzM6xAqgH89EbqAeW2BuoB6qbsQKoB47OG6gHk9gbqAfw4BuoB-6WsQKoB_6esQKoB6--sQKoB9XJG6gH2baxAqgHmgaoB_-esQKoB9-fsQKoB_jCsQKoB_vCsQKoB8LIsQLYBwDSCDAIgGEQARidATIIioKAgICAgAg6DoBAgMCAgICAqIACqIMQSL39wTpYqfPghcC3kwPyCBthZHgtc3Vic3luLTk4NDM1MzQ1NDIxODk0NDKaCT5odHRwczovL3d3dy5jaGV2cm9sZXQuY28ua3IvY2FtcGFpZ24vMjAyNi10cmF4aWduaXRlLWxhdW5jaC5nbbEJGyJSpk3rQHuACgPICwHgCwGADAGiDAOQAQGqDQJLUsgNAeINEwiGpOGFwLeTAxXCWAAGHS3kKL3qDRMIpKvjhcC3kwMVwlgABh0t5Ci9iA7___________8B2BMNiBQB0BUBmBYByhYCCgD4FgGAFwGyFw4YASoKODU0NzU1OTc0N7oXAjgBqhgXCQAAAABAG-xAEgo4NTQ3NTU5NzQ3GAGyGBAKBbeawckDEgKoThguIgEA0BgBshkBL8IZAggB&gclid=EAIaIQobChMI0v7jhcC3kwMVwlgABh0t5Ci9EAEYASAAEgK4bvD_BwE&num=1&cid=CAQS0QEABaugfZ79583dUmA8Ky4sDPJYGi0RvUwe489aV8iKQ7X6BafquJ5J8OPKlkDR_PSXnkz1FU9uDHy28Wqs2xXledeTHa9knXcvIm6OWDuXGLuarFoHOspBFXjvslWpyEpyTf4H-MSXHc2ZHIhYEIlXypaqErxABxMuDsZHOIsgy7wmaLSc7R7uMClVbmXAacpdIVqq8rK7jnrcIH0fz-F7UsyGtdShJ5iTs3C2ALvlIHN9w66OefWFf3pdu6fBdI6Hljd1abRvA1lGFyay5t3x2RgB&sig=AOD64_0WN682dRmh06jkvoT49teSv0MeyQ&client=ca-pub-6028289858130678&rf=1&nb=9&adurl=https://ad.doubleclick.net/ddm/trackclk/N7537.419337.GOOGLE.CO.KR/B35254878.441101018%3Bdc_trk_aid%3D633456626%3Bdc_trk_cid%3D249782906%3Bdc_lat%3D%3Bdc_rdid%3D%3Btag_for_child_directed_treatment%3D%3Btfua%3D%3Bgdpr%3D%24%7BGDPR%7D%3Bgdpr_consent%3D%24%7BGDPR_CONSENT_755%7D%3Bltd%3D%3Bdc_tdv%3D1%3Bdc_pubid%3D8%3Fgad_source%3D5%26gad_campaignid%3D23600804868,https://www.chevrolet.co.kr/campaign/2026-traxignite-launch.gm?cmp=OLA_DISPLAY_35254878_441101018_633456626_249782906_CV1_CV2&gad_source=5&gad_campaignid=23600804868&gclid=EAIaIQobChMI0v7jhcC3kwMVwlgABh0t5Ci9EAEYASAAEgK4bvD_BwE,,,,,
369,https://www.googleadservices.com/pagead/aclk?sa=L&ai=C7XqpI-bBaaGPBfjWk7QP8KG38Ar4wIbOhQHQzPzOkxX_9ZDj1wIQASC35YQhYKWAgICcAaAB5PakmgPIAQKpAsY--K_QV6o-qAMByAPLBKoE9QFP0AuA9TZiqu0jA7VgNTTyXl6eikQVMyeNyYb6ut36p5ohhtyZMi87wb9RPUM4wyG3RkecVENmisWKaWEe4UaCzxdmTWyGJ5XWwKXWLys7mTNNozpIwVY90GIYMfX0IlELtCpqukyUMHaGd-W8urC3kjoj4r1lkm3XSuX6KY01wvPPYDq0IIFObITUZKZ6WUiJW_jgkThV85P1HqwwNiOltOsKb8tAdP_4oMJihoKK03VhwBaTEQnhikqO6crYDDTpj2HsC1CN_Bhbrs3Hb13qVZk0b7abxGP4p_T8SBPJbXX42FGyD773SF62krsuj4zAKY8E8MAE8Juj3dIFiAW7lKDuV6AGAoAHhInbZagHp8yxAqgHpr4bqAfMzrECqAfz0RuoB5bYG6gHqpuxAqgHjs4bqAeT2BuoB_DgG6gH7paxAqgH_p6xAqgHr76xAqgH1ckbqAfZtrECqAeaBqgH_56xAqgH35-xAqgH-MKxAqgH-8KxAtgHAdIILgiAYRABGAAyCIqCgICAgIAIOg2AQIDAgICAgIiAAqgDSL39wTpYptP-3q63kwPyCA1iaWRkZXItNTc1NTg4sQlr88gMpskCgYAKBJgLAcgLAaoNAkFVyA0B8A0CiA7___________8B2BMKiBQD0BUByhYCCgD4FgGAFwGyFxAYASoKNDExNDE5MTE0M1AGuhcCOAGyGAUYAiIBANAYAegYAcIZAggB&ae=1&gclid=EAIaIQobChMI4azzzq63kwMVeOuEAB3w0A2uEAEYASAAEgLdFPD_BwE&num=1&pr=13:acHmIwAAAADEp0abQzQK6SBotUq85mRw92oV3Q&cid=CAQS7AEABaugfaio1bKim-E-d78BBtseR2vYI9gIHKIbf0zIxUFelpdrADujFveX2OEC2ftJ8Bv4vivBer1uonrU3dhn_U_7n6-Ao_DXrfrdXlvzvkFmSYF6WtZb8wcWNrMzCtgNoRoDQAB3PNZn7MSgomECMS41sQW1XklxguFHdGbcilYDoZ1mA6fozS9riEFZodiHRUQq6gujIYvZzzZwW-q6C2Bz4Nzst0VrKS9bw2yI1_UksnkHiHxu0HRbKqqZ9p_wNlcTsW1tD_YiNGxdd_Gx-Ki2Hq9Alez9pstu04BIHirHaztVW6kzL_2UJxgB&sig=AOD64_140ogZnVL-7MycBiPZyX7Lrzk7Ag&client=ca-pub-5722610347565274&rf=1&nb=2&adurl=https://sg.misumi-ec.com/%3Futm_source%3Dgoogle%26utm_medium%3Dgdn%26utm_campaign%3DmaxClick%26utm_medium%3Dppc%26utm_source%3Dgoogle%26utm_campaign%3D23585098299_194006011376_798061795900_%26lisid%3Dlisid_google_c_272-746-3290_23585098299_%26gad_source%3D5%26gad_campaignid%3D23585098299%26gclid%3DEAIaIQobChMI4azzzq63kwMVeOuEAB3w0A2uEAEYASAAEgLdFPD_BwE,https://sg.misumi-ec.com/?utm_source=google&utm_medium=gdn&utm_campaign=maxClick&utm_medium=ppc&utm_source=google&utm_campaign=23585098299_194006011376_798061795900_&lisid=lisid_google_c_272-746-3290_23585098299_&gad_source=5&gad_campaignid=23585098299&gclid=EAIaIQobChMI4azzzq63kwMVeOuEAB3w0A2uEAEYASAAEgLdFPD_BwE,yes,yes,yes,yes,yes
370,https://googleads.g.doubleclick.net/aclk?sa=l&ai=CLdJ4qAvCafqbPLbxjeYPsejF-QbonpjphQHV2O3OqRWwkB8QASDa18U5YJsDoAGau9fBA8gBAakCLP0_ysEWBz7gAgCoAwHIA8sEqgTCAk_Qo6nkWHd9YDWbWWrzjqqevl8VYTqNsz38MDYq-qRCJHUSG-POX3ZKH8YaVrOraMJrDujObUlY8nWHVAIS5iBNl9J-q-WmAKNoCt1Bh-eeweW1YrEoIseTgLu4iG1PVhC4FFWpArNRpaUP2MqlUgIRep5-E2EX0tKKB0S-7HiI-2-Eha9UIDT9a21yiw28NHyjtaVGyK-NMtbD9KKH9dmpr0f-mes0s3732ugd_4o133zBSRk-OoMMajPOMtRuk9O5NCPK1lX8Y_BjlZi4rgcLce4JyZj21DxIlr9uIjCa8_m7ogwxr2LuezXHG-TutFlmWnrmmOj_Bnpdlnm_Bx7JSJQHyohp6qdODcYEZWFuaAEmtDGUcw3FRdKQKOdVVce2jJKmDJkipf0AWRoDZop8Hso6TyTViSA-wSImFljelIjABOuFzKnQBeAEAYgFhOje9VegBi6AB87EqD6oB6fMsQKoB-LYsQKoB6a-G6gHzM6xAqgH89EbqAeW2BuoB6qbsQKoB47OG6gHk9gbqAfw4BuoB-6WsQKoB_6esQKoB6--sQKoB9XJG6gH2baxAqgHmgaoB_-esQKoB9-fsQKoB_jCsQKoB_vCsQKoB8LIsQLYBwHSCDAIgGEQARidATIIioKAgICAgAg6DoBAgMCAgICAqIACqIMQSL39wTpYkIyrs9K3kwPyCBthZHgtc3Vic3luLTE2MTQ5MTM1OTg4NzU0OTaaCT5odHRwczovL3d3dy5jaGV2cm9sZXQuY28ua3IvY2FtcGFpZ24vMjAyNi10cmF4aWduaXRlLWxhdW5jaC5nbbEJGyJSpk3rQHuACgPICwHgCwGiDAOQAQGqDQJLUsgNAeINEwiPr6uz0reTAxW2eMMGHTF0MW_qDRMI6eCss9K3kwMVtnjDBh0xdDFviA7___________8B2BMNiBQB0BUBmBYByhYCCgD4FgGAFwGyFw4YASoKODQ2NjE1NjM1NLoXAjgBqhgXCQAAAACAGftAEgo4NDY2MTU2MzU0GAGyGBAKBbeawckDEgKoThguIgEA0BgBshkBL8IZAggB&gclid=EAIaIQobChMI-o-ts9K3kwMVtnjDBh0xdDFvEAEYASAAEgI40PD_BwE&num=1&cid=CAQS4gEABaugfaYXNenMf4XRHF7-clW-i6EWZRMyCtH2ZulTcMWd1QvSxl1sTU3JKp7ng2zSuLlDvs1NCRJhlgFElZdXnpDLeBiEWLMMxGI5kJGOc0pM1ilXr2uLooecrnbYANCqr3N9IOu42qAJEQov6kYC4Fr8mnKzV-HsHc6W9orQ7QfdPPcfKoy53wUxASDiL30HvQKkzhri7KZN4kUB2YqrdyFrhP-gVcmnX-G3lhmxiXbEcC1GJME4vnDyHpx3QVik3hR3RGcsrK4SyrnQV2H1UhD-sQdkgyxZZ5vgQi6V1P02GAE&sig=AOD64_3WnLEDK3Z1sMz3XXY0eGQY5ILZHw&client=ca-pub-3605257360853185&rf=1&nb=19&adurl=https://ad.doubleclick.net/ddm/trackclk/N7537.419337.GOOGLE.CO.KR/B35254878.441101018%3Bdc_trk_aid%3D633456626%3Bdc_trk_cid%3D249782906%3Bdc_lat%3D%3Bdc_rdid%3D%3Btag_for_child_directed_treatment%3D%3Btfua%3D%3Bgdpr%3D%24%7BGDPR%7D%3Bgdpr_consent%3D%24%7BGDPR_CONSENT_755%7D%3Bltd%3D%3Bdc_tdv%3D1%3Bdc_pubid%3D8%3Fgad_source%3D5%26gad_campaignid%3D23600804868,https://www.chevrolet.co.kr/campaign/2026-traxignite-launch.gm?cmp=OLA_DISPLAY_35254878_441101018_633456626_249782906_CV1_CV2&gad_source=5&gad_campaignid=23600804868&gclid=EAIaIQobChMI-o-ts9K3kwMVtnjDBh0xdDFvEAEYASAAEgI40PD_BwE,,,,,
371,https://www.googleadservices.com/pagead/aclk?sa=L&ai=CnWgBTRXBaafsK4uB3NMPq8eFqAzqm4b9hQHenNyWuRWmyM7C40cQASDD0KcZYImLxIT0E6ABo8bc-z3IAQapAtKl61kq8To-4AIAqAMByAMKqgS3Ak_Q9qavXon5eGh1avDvd2dlFEustQn0wX4xvKv8CBA-m6G0tVuWBro1FTr0ttOBX2ISTetAwNQqyoLCI_IHWYqQY82egAmE6UxDIzRG41wawG3CLq4dm_nQyAJOTU51AhzbHiSSlssh9mFZCsfwmnS1kpbwZfb_bhcmewy3pk68XqoBD1sJf-E_4uN91b30DkagvXz6DsuiYfVQgijYybmqgWX9KDXGZna2XoKMDBYwXLJv4OyTuZz67p_Rg9Yh0NoXBQF3_0nwmQ47zhkXNNk6zq44X6nA1vcEY8tpbKBLCdK_H0IdGZbWfnqbGHG5yMXUdH1KMEAZw0Ldt5CRsGEtkulVXEbhGrnox6LQdCvHEyzPQoOPKXElWrM_RaXuJJMMYSkhyDw-4NvNgTZVA--EL8xNhANxwASy5vjHvgXgBAGIBczTgO1XgAej_qzbGKgHp8yxAqgH4tixAqgHpr4bqAfMzrECqAfz0RuoB5bYG6gHqpuxAqgHjs4bqAeT2BuoB_DgG6gH7paxAqgH_p6xAqgHr76xAqgH1ckbqAfZtrECqAeaBqgH_56xAqgH35-xAqgH-MKxAqgH-8KxAtgHAdIIMgiA4YAQEAEYnQEyCKqCgICAgIAIOg6AwAOAgISAgJSu4AOoB0i9_cE6WKKTwrrntZMDsQkdj5DMtwjFy4AKA5gLAcgLAaIMA5ABAaoNAkpQyA0B4g0TCIHNwrrntZMDFYsAdwQdq2MBxeoNEwjg_sO657WTAxWLAHcEHatjAcXwDQKIDv___________wHYEw3QFQGYFgHKFgIKAPgWAYAXAbIXDhgBKgo5MTMwMTcyNjI5uhcCOAGqGBcJAAAAAKwRF0ESCjkxMzAxNzI2MjkYAbIYCRIC-lMYASIBANAYAcIZAggB&ae=1&gclid=EAIaIQobChMI58bEuue1kwMViwB3BB2rYwHFEAEYASAAEgLZhvD_BwE&num=1&cid=CAQSbwAFq6B9J9en_V5eKtNWa9TSlZxAXwp3104NsjYzw2Txab7Fq9DTjSMs49_HmIvtcsv9L7rGC2F42VgKku-hAFDgHKO5FiMbVVBWbbsx-upqL0H0bLC2rvSWtblbxHwIAhDUOATlKWz91Gt_kG1fOBgB&sig=AOD64_0zS5EXkK8mdASWtUHYm3vGOwy1hg&client=ca-pub-2476470713677313&rf=4&nb=1&adurl=https://saponet.mynavi.jp/special/t/saiyo-solution/%3Futm_source%3Dgoogle%26utm_medium%3Ddisplay%26utm_campaign%3DTG_06%26utm_term%3D2602_03%26gad_source%3D5%26gad_campaignid%3D23582484940%26gclid%3DEAIaIQobChMI58bEuue1kwMViwB3BB2rYwHFEAEYASAAEgLZhvD_BwE,https://saponet.mynavi.jp/special/t/saiyo-solution/?utm_source=google&utm_medium=display&utm_campaign=TG_06&utm_term=2602_03&gad_source=5&gad_campaignid=23582484940&gclid=EAIaIQobChMI58bEuue1kwMViwB3BB2rYwHFEAEYASAAEgLZhvD_BwE,,,,,
372,https://www.googleadservices.com/pagead/aclk?sa=L&ai=CVD6MpPfAaYD1Ifrnpt8P_8fIOa2o0rZ9-oeW_6QVoq3cmvVHEAEg8qrpKGCJi8SE9BOgAaCTi7ADyAEJqQLSpetZKvE6PuACAKgDAcgDCqoE1AJP0INomdVkbE0-0aQp1zN43crR3t7wvy1tCyNY33TKATJNKJLzcEcLbYRr1w8W1Bs8bC-ezmnq0d-iZVw14xcLZunMqF73VAX461bFjUQbC1pqvgTOrV3o7O-8S5ED03_SySYYLrsVbV-exfzetpmgYt02GiDIVu1MsLekMFanhwAJj334_LnDi17Z60x7sTH0qCVnYkT5llHPeQlfnbTKeUOQ2yXYH6Ty4NN6h4NLR2jzsRQX_F3uzCuhJHwHHvVyAs1t8Rc-K2ap0Oqw2mz3o0zltlRVDiqS_Yx41GaVYnljDz60eK6ttTyaEZXS3ZU8YOAb44jb6Fh9b9uDeUW6EoJs1F2Z4aAQBgzRKpXbBbhVHhAzQ51zyL1-yK3eeZQZtosPkCBP28DpLCzr6shpB2MeOUY43E9ub-RwuSwO0jinS-s-jT6BN7JPTYLoZpsFe5q0wATpmIbRzQTgBAGIBb-m4uJOoAYugAfI7PRPqAenzLECqAfi2LECqAemvhuoB8zOsQKoB_PRG6gHltgbqAeqm7ECqAeOzhuoB5PYG6gH8OAbqAfulrECqAf-nrECqAevvrECqAfVyRuoB9m2sQKoB5oGqAf_nrECqAffn7ECqAf4wrECqAf7wrEC2AcA0ggyCIDhgBAQARidATIIqoKAgICAgAg6DoDAA4CAhICAlK7gA6gHSL39wTpYlPbnlcu1kwOxCStpiadKmpongAoDmAsByAsBgAwBogwDkAEBqg0CSlDIDQHiDRMIsM3olcu1kwMV-rPpBR3_IzIH6g0TCKif6pXLtZMDFfqz6QUd_yMyB_ANAogO____________AbAOyLyJmRi4E-QD2BMM0BUBmBYByhYCCgD4FgGAFwGyFw4YASoKNDkyODMxMzM5NroXAjgBqhgXCQAAAAB9czpBEgo0OTI4MzEzMzk2GAGyGAkSArFfGC4iAQHQGAHoGAHCGQIIAQ&ae=1&gclid=EAIaIQobChMIgNfqlcu1kwMV-rPpBR3_IzIHEAEYASAAEgKHt_D_BwE&num=1&cid=CAQSgQEABaugfawTuKZcQQ3z-ysxmYN4zdFL5acOm9RBXHums5R3ZoO5xdwESQCED6j1mITotqw2KIfP6Gg7Xazx3HVSAr7vJBhPh465Q2Sa3mgtPil6HTrXf5WhLhmJ24Jr9-1hcyOwSWDo6bX1qJ2piOysmMscmAY9seUpo2CIRtH8wjsYAQ&sig=AOD64_36TKE9uB3EZokTXj2CWpzpMdxjrA&client=ca-pub-8750086020675820&rf=4&nb=9&adurl=https://www.nextset.co.jp/Microsoft365/index_ad.html%3Fgad_source%3D5%26gad_campaignid%3D21145097023%26gclid%3DEAIaIQobChMIgNfqlcu1kwMV-rPpBR3_IzIHEAEYASAAEgKHt_D_BwE,https://www.nextset.co.jp/Microsoft365/index_ad.html?gad_source=5&gad_campaignid=21145097023&gclid=EAIaIQobChMIgNfqlcu1kwMV-rPpBR3_IzIHEAEYASAAEgKHt_D_BwE,,,,,
373,https://www.googleadservices.com/pagead/aclk?sa=L&ai=Ce3HOeAHCaZmRIIvk29gPuJGF4AyG0IXZhQHPt53A0xXv06K9wAEQASCFr_MeYJsDoAGH7aHIPcgBAeACAKgDAcgDCqoEtQJP0Be0-AeufLeeONHoSCdDLov_0-nHwyrxdmbNX3SCDxmiDPfuB2M_nQIwt7_1O_EHMBlVQMz75-cgNUGUobuZRyEVa4VNIuVIMMsM1X7oeCXH4qX5QaOS7Ef_JmyRkZ6355mrvChh5yr7VMWSBFpzjjq1x9ssf_FO-okpuueWEl56CzONUAaS6Vf1E8RPjAudHV5nLGF6nfS_VO6jdwVzGJy_vKV8mOaV5JPe6plXTGH7iBZvvDvoAEi7JQ4znhW2zxzuv-0pq1UwmvjTIzmXumU9_04XakKsCbo-WOdNQQ-Ary_n23_vjtTIbklg_jjL2ps6RUlgyi6SpYA2hv9DmsNu1r23_jbuZjGZNNczKrX6jRwR4w56Lx4eZfsGW6NB0X6uq6i6P0COlzJEfRu0gkWIZnHABLT_4MzSBeAEAYgFgcmsgliAB4el8qcYqAenzLECqAfi2LECqAemvhuoB8zOsQKoB_PRG6gHltgbqAeqm7ECqAeOzhuoB5PYG6gH8OAbqAfulrECqAf-nrECqAevvrECqAfVyRuoB9m2sQKoB5oGqAf_nrECqAffn7ECqAf4wrECqAf7wrEC2AcB0ggvCIBhEAEYnQEyCIqCgICAgIAIOg2AQIDAgICAgKiAAqgDSL39wTpY0NS818i3kwOxCd5H5vLrrnwigAoDmAsByAsBogwDkAEBqg0CS1LIDQHiDRMIyta918i3kwMVC_IWBR24SAHM6g0TCJ2yw9fIt5MDFQvyFgUduEgBzPANAogO____________AbAOq9v08hjYEwzQFQGYFgHKFgIKAPgWAYAXAbIXDhgBKgo1NTAxODI5NTc4uhcCOAGqGBcJAQAAAKAF70ASCjU1MDE4Mjk1NzgYAbIYCRICk04YASIBANAYAcIZAggB&ae=1&gclid=EAIaIQobChMIma3F18i3kwMVC_IWBR24SAHMEAEYASAAEgLJHvD_BwE&num=1&cid=CAQS0QEABaugfaM3f5QcbC6u0Caasysiln2C20Dm2Az--gf9DZDshA4BDQMqVWOvxZ-oGv7C5ZQjRpsIwLLucvfNHdqrkBsXkYPbnjI5-v_Ip0_DpkiwCAYG55bDBKAd0hkBq9_ZDu6WePcokmRVdx3dQt7nULe1lipvCeYn28ORRz5KV2ojtjUqbpUs8_aT8Sy7zS256VCEWunpGuqxhalM-VLbyRk589E2YseaLHXCfb-MARq3y2dLVL_hXbh129Ky3qfSKHOMIr7IXfqoFVLXBTUkBRgB&sig=AOD64_1PzUc6xUlc-nMe97zBlz0tebyBsA&client=ca-pub-6131228133143733&rf=4&nb=0&adurl=https://norcal.brookfieldresidential.com/national-incentive-campaign%3Futm_source%3Dgoogle%26utm_medium%3Dpaid_search%26utm_campaign%3Dfy26_norcal_spring_incentive%26utm_term%3Dpmax%26gad_source%3D5%26gad_campaignid%3D23627244673%26gclid%3DEAIaIQobChMIma3F18i3kwMVC_IWBR24SAHMEAEYASAAEgLJHvD_BwE,https://norcal.brookfieldresidential.com/national-incentive-campaign?utm_source=google&utm_medium=paid_search&utm_campaign=fy26_norcal_spring_incentive&utm_term=pmax&gad_source=5&gad_campaignid=23627244673&gclid=EAIaIQobChMIma3F18i3kwMVC_IWBR24SAHMEAEYASAAEgLJHvD_BwE,yes,yes,yes,yes,yes
374,https://www.googleadservices.com/pagead/aclk?sa=L&ai=COjNNogTCaezjGovrs8IPvu6m2ASEgt3KhQHEtJSx9hWJ6_mEyA8QASDY1PWlAWCbA6ABosLutgPIAQngAgCoAwHIAwqqBLgCT9A65zvHxamd8X5Ukz3t0UZsoa4foOsyT2Zu9HgH730hTKKhOjxk6NKIXkVKdPUqAAn4taDgcxh6-YlHIjETbIK0ABQ6mtWOJ71Fm6yGQ0QJtH274Fm9vnEjMk6jw1HYDuvxl6wf5iWwOV9NKjICZNwx7Uj2wAtBsobdRV3_G3mo2k5z36h80lRdK97hwEAL358-MregCkBfmLmns_xiC3a_uvzGrz4BF_b_rQp3vguZbqCuJWRKSfvXilEeCzyIRSZt_53e_bFQFYUHjqMWsVTDu_ou4GCyoBeAyTMQ3KirQHN2huHOlVfDThPZu9wI7J_su6-Pbnu1zsmON_HOOAfCWLDNgWOflpCEND5PZfWZxCa3upJ8_xrkqjjovsZp7DUnh2lawDIX2KgdX5ERiQuq5FyowhTbwASCqeKW3QXgBAGIBbHQ6_ZXoAYugAfGvZFJqAenzLECqAfi2LECqAemvhuoB8zOsQKoB_PRG6gHltgbqAeqm7ECqAeOzhuoB5PYG6gH8OAbqAfulrECqAf-nrECqAevvrECqAfVyRuoB9m2sQKoB5oGqAf_nrECqAffn7ECqAf4wrECqAf7wrEC2AcA0ggyCIDhgBAQARidATIIqoKAgICAgAg6DoDAA4CAhICAlK7gA6gHSL39wTpYurvZ2cu3kwOxCcrKtwTzU_QFgAoDmAsByAsBgAwBogwDkAEBqg0CS1LIDQHiDRMIw__Z2cu3kwMVi_VMAh0-twlL6g0TCK7x3dnLt5MDFYv1TAIdPrcJS_ANAogO____________AbgT5APYEw3QFQGYFgHKFgIKAPgWAYAXAbIXDhgBKgoxOTIzNjYwNjQ4uhcCOAGqGBcJAAAAABAf9kASCjE5MjM2NjA2NDgYAbIYCRICt1AYLiIBANAYAcIZAggB&ae=1&gclid=EAIaIQobChMI7Lze2cu3kwMVi_VMAh0-twlLEAEYASAAEgKNgvD_BwE&num=1&cid=CAQSbwAFq6B9MQ2aeHzC21F-iC-_0nt0HuTjobV0p1KOyUzafoXHqepfrcX6hdwgGYUy2A6k3OHmDsiA32lwW0EhXGZgZFu22Mpv5HuwP1BpD2xnwQ4R_AwPXxxHk2kQpNpDEH_mGha_VPeDATQQOd8SbRgB&sig=AOD64_1GSmO89NHerk8EQ82y4vaLFk9RRQ&client=ca-pub-7446550989060601&rf=4&nb=9&adurl=https://mywatershedwatch.org/%3Fgad_source%3D5%26gad_campaignid%3D23603111985%26gclid%3DEAIaIQobChMI7Lze2cu3kwMVi_VMAh0-twlLEAEYASAAEgKNgvD_BwE,https://mywatershedwatch.org/?gad_source=5&gad_campaignid=23603111985&gclid=EAIaIQobChMI7Lze2cu3kwMVi_VMAh0-twlLEAEYASAAEgKNgvD_BwE,,,,,
375,https://www.googleadservices.com/pagead/aclk?sa=L&ai=CkMX1X2zCaZK0H9eO3NMPy7v66Amv8afShQHCjOmOsBWuAhABIIvwih9gx92AjoQmoAGUhsnyKMgBAqkC9sBZJCCqbz7gAgCoAwHIAwiqBJMDT9D-0dzw13Vebt7REG9uhUcuF9ngQfnHIpdyrdUgw9LT_8Z5zXlLfU0W7xFrP8_ISbudgsaOVG3lPeHXC-oTFkekawpb5h0LGkm5L_wE_yM5RhCE3UQL1NA6Tpz6BKgC76hzTldJQyVD93yDAnbcRv6d7wWCX1y18s4wFALIsK2ngYjE9TD1SQaqjnYd0W4c7V-ofcvwM27sgUe9Yrh8NNBgoLBunMnFw5_KuM6H1nV5drs9WcaSkps3BWAbegYcvrvA8x9Q17QMBhChsD9xLCiL6oOAC8tmE_s_5_oii31JtXiFezElUMYFyqSu_v7cs27JiiWBDvUAxVmfFtuudP_X27sfaNFgUR76ZjUSxHpJUdazNcDCkIC1JTovUeDO9xUbw6P9FGsbp-19_Kt_fBok8HxtdcJ_XBPA52C3Guc4g1SM56PfRuRiRgF6fvlnYkph-Z1U4LeCBDzy0d7XQgy-pPwMbYZtr7PwTGeZChLFwazMCn9S6Is4pYpOhJ8OOkAbFZrBoTsr6X87ro_Y97bwF8AE6ZSM0dYF4AQBiAWRvaisV6AGAoAHlL6Z0gOoB6fMsQKoB-LYsQKoB6a-G6gHzM6xAqgH89EbqAeW2BuoB6qbsQKoB47OG6gHk9gbqAfw4BuoB-6WsQKoB_6esQKoB6--sQKoB9XJG6gH2baxAqgHmgaoB_-esQKoB9-fsQKoB_jCsQKoB_vCsQLYBwHSCDEIkOGAQBABGJ0BMgiLg4CAgICACjoNgECAwICAgICogAKoA0i9_cE6WI36hdGuuJMDsQmkm6_rx2URzIAKA5gLAcgLAaIMA5ABAaoNAlpByA0B4g0TCNishtGuuJMDFVcHdwQdy50eneoNEwio64bRrriTAxVXB3cEHcudHp3wDQKIDv___________wHYEw3QFQGYFgHKFgIKAPgWAYAXAbIXDhgBKgoyMDQ1MjE0MjI4uhcCOAGqGBcJAAAAAHD98UASCjIwNDUyMTQyMjgYAbIYCRICi1QYAiIBANAYAcIZAggB&ae=1&gclid=EAIaIQobChMI0t-R0a64kwMVVwd3BB3LnR6dEAEYASAAEgLlovD_BwE&num=1&cid=CAQS0QEABaugfRyaMaxlZaDxSbj7x92UIo43XrXmxdNIJjgNXQFFnCT91n8Z6pEQgZFEdIgBBfB2Wu-c7VS_YymOC6KlQs1NVjE6u9EBt6b39t3qSo2gaJxV_osoX9xpk2YmsLJpNmaCSFN4z9mLhlis0B2UFDBvzO1WI_8VjYFT_ejQIDlhMUh94TkJuZNn3qmUgK1uvK0NT3KykPeZw8f8mbBw0JpB7yDxoRlwgPS6IMjRfPlBcDvLbfbfj4u_2vFYqJXK5Dv6iFS9U7tThL7TPM1RJhgB&sig=AOD64_1EmWo-Qj_L4CtHk4BihBApBnA5GQ&client=ca-pub-3746578658400510&rf=5&nx=CLICK_X&ny=CLICK_Y&uap=UACH(platform)&uapv=UACH(platformVersion)&uaa=UACH(architecture)&uam=UACH(model)&uafv=UACH(uaFullVersion)&uab=UACH(bitness)&uaw=UACH(wow64)&uafvl=UACH(fullVersionList)&nb=2&adurl=https://www.abbotts.co.za/enquire-now%3Fgad_source%3D5%26gad_campaignid%3D23446822545%26gclid%3DEAIaIQobChMI0t-R0a64kwMVVwd3BB3LnR6dEAEYASAAEgLlovD_BwE,https://www.abbotts.co.za/enquire-now?gad_source=5&gad_campaignid=23446822545&gclid=EAIaIQobChMI0t-R0a64kwMVVwd3BB3LnR6dEAEYASAAEgLlovD_BwE,yes,yes,yes,yes,yes
376,https://www.googleadservices.com/pagead/aclk?sa=L&ai=CnnM3vv7BafqNMtqQ3NMPjJD2iQeqkpXdhQH9lOas2xS2kB8QASDag6c9YJsDoAHX__DZA8gBAuACAKgDAcgDCKoEpwJP0HVc-EA45s6K90AKQrVNOh75hpNjG9KKGFCYWgNAW9PI1yTz2d3TzTtl2zb21sCgwBvDaUdrwslNKlnIqvVMh4cQ2tkZVv4DhjhVMbTF-71YrgEJ8tkTSMsIPXdZJz2bfHdhag3fbtBOODh9m33tEEE728lZ9hRS9bSBCjNOVCQjVbyDb9VVGqpjqXzILC9gwh7aX9oC5Vu_Q_BdAUdth_8ynLVa2KIeMvQnGqMk4LmDLuDyqiEHR1UsUppdrhNqW-3QznPnbiI3oooSTKn2j8UH9IBk9Z4U_FIAmYbCmZLbaR-JE5Ec6vRnCz6bUWIzjcOwK3h0k9mpTWa5qtPd4ccqyoIhz0ykXhMJR8MnC6C7u3hIHPXH4DzMq4kEdRy1GekhQu0nwASmhYHHsgXgBAGIBZ7Ti4VWoAYCgAeRgI8mqAenzLECqAfi2LECqAemvhuoB8zOsQKoB_PRG6gHltgbqAeqm7ECqAeOzhuoB5PYG6gH8OAbqAfulrECqAf-nrECqAevvrECqAfVyRuoB9m2sQKoB5oGqAf_nrECqAffn7ECqAf4wrECqAf7wrEC2AcB0ggvCIBhEAEYnQEyCIqCgICAgIAIOg2AQIDAgICAgKiAAqgDSL39wTpYy9Hpisa3kwOxCaJGBaffp9vBgAoDmAsByAsBogwDkAEBqg0CS1LIDQHiDRMI14Hqisa3kwMVWgh3BB0MiD1x6g0TCKei7IrGt5MDFVoIdwQdDIg9cfANAogO____________AdgTDdAVAZgWAcoWAgoA-BYBgBcBshcOGAEqCjk0NzI1MzUzMTG6FwI4AaoYFwkAAAAA6KUAQRIKOTQ3MjUzNTMxMRgBshgJEgKJTxgCIgEA0BgB6BgBwhkCCAE&ae=1&gclid=EAIaIQobChMI-uTsisa3kwMVWgh3BB0MiD1xEAEYASAAEgItofD_BwE&num=1&cid=CAQS0QEABaugfZ8fynsO2rY-_MeCBdxjB3SIDldRtLaGp-rVjkl1S88uHEFY1Latxq0pBePZQsOfy-j40mVYDvZpbfcGONxo0XVGFMxpcCZu7e0dhylVjQnHOkTpCabP96tTs6ALXthlBXfHyPn3uYQLnWI91zwoWZoTHmldNIdwlLSM8uUUvMNyI9eDvDBdUN2lidnFBg4E7AH6Tim3ZdMDqKQpktRj1Fmm-LxKKVIRkQvUdu4b6TThhMz5tkAQF3gGzgkaMTLowa7JINtPcRdyhmvTaxgB&sig=AOD64_3bPojhX4JRD3rlpYnlNGtI-4VA0w&client=ca-pub-9857577187914945&rf=5&nx=CLICK_X&ny=CLICK_Y&uap=UACH(platform)&uapv=UACH(platformVersion)&uaa=UACH(architecture)&uam=UACH(model)&uafv=UACH(uaFullVersion)&uab=UACH(bitness)&uaw=UACH(wow64)&uafvl=UACH(fullVersionList)&nb=2&adurl=https://www.jacksonhole.com/60th-anniversary%3Futm_source%3Dgoogle%26utm_medium%3Dcpc%26utm_campaign%3D23096125854%26utm_content%3D185369379494%26utm_term%3D%26gadid%3D778287942905%26gad_source%3D5%26gad_campaignid%3D23096125854%26gclid%3DEAIaIQobChMI-uTsisa3kwMVWgh3BB0MiD1xEAEYASAAEgItofD_BwE,https://www.jacksonhole.com/60th-anniversary?utm_source=google&utm_medium=cpc&utm_campaign=23096125854&utm_content=185369379494&utm_term&gadid=778287942905&gad_source=5&gad_campaignid=23096125854&gclid=EAIaIQobChMI-uTsisa3kwMVWgh3BB0MiD1xEAEYASAAEgItofD_BwE,yes,yes,yes,yes,yes
377,https://www.googleadservices.com/pagead/aclk?sa=L&ai=CTZkL0gnCaZ3fLKWx2roPvomkgAv9kprwhQGLorWrsRWZgMq3wkIQASDmtM-ZAWCbA6ABzofp_APIAQLgAgCoAwHIAwiqBMACT9Ap7dbdbI43UA1Rh0DZGekJDELGozk0XaJJel2SiPyMe72KnJzSEaI1LSBaax9tAXKKRAo5kXR29HRQ4fYUkSFQ9_UtGAY686NluFHC4Mm4Wa335wdSmvbb8J9gL0e07opykgRYLE417AzxZ2a-RUz--JxBAoT-vTKVxHQk3W6aGMYWZvPjVqXhTd3IXQ6Ztr51BWR3sAMXngR1FoCxdW0vCuE56Jkj3aMQpLWC5dk5QVeGcwQUbCw02bcOE5vALeR8hr-jowz6pxlhDye62au2BLanl2KDZkzbdqV4nNe2HlUWNxq4btRLkccqbqEOhPinqpepLG_HbJzQn-Dft-EosQfa9-uR5wG6BZh5CIoNx5Y7CSRQgr5frItK9YikAKCr-EiFJx1KbjgoU63SBqgt8NDslkpKvyx2DLpQQAfABOLI5oHYBeAEAYgFq83Ho02gBgKAB5r4lgOoB6fMsQKoB-LYsQKoB6a-G6gHzM6xAqgH89EbqAeW2BuoB6qbsQKoB47OG6gHk9gbqAfw4BuoB-6WsQKoB_6esQKoB6--sQKoB9XJG6gH2baxAqgHmgaoB_-esQKoB9-fsQKoB_jCsQKoB_vCsQLYBwHSCC8IgGEQARidATIIioKAgICAgAg6DYBAgMCAgICAqIACqANIvf3BOliM7YrT0LeTA7EJsO0J5gbm4QOACgOYCwHICwGiDAOQAQGqDQJLUsgNAeINEwignIvT0LeTAxWlmFYBHb4ECbDqDRMIn56O09C3kwMVpZhWAR2-BAmw8A0CiA7___________8B2BMO0BUBmBYByhYCCgD4FgGAFwGyFw4YASoKNTEwMzg3OTQ4M7oXAjgBqhgXCQAAAAD48iZBEgo1MTAzODc5NDgzGAGyGAkSArtPGAIiAQDQGAHCGQIIAQ&ae=1&gclid=EAIaIQobChMInZCP09C3kwMVpZhWAR2-BAmwEAEYASAAEgIShvD_BwE&num=1&cid=CAQS0QEABaugfcSwuDonKIVbGPl6J6fkJE6HoNDCmpIYS2MrFt71Zm4p4c1vgEPRMGy2WqoWJi0BqNpbnC19iTla4lfEuwx7hv7VMofwmpO341b2CaQZvJlYfvsC6Fas941208m3gIpfTSaiWw0Jaz2cT8ffN0ZENq5zllK8WxlhPnL07rYgZETGlMLqEiyfjI2qLSxEMFcWuJ0o3fJ1IRichQgbX7jPbIyC4NX-2UQlt-KbYxdIZXwbEjPDzs3_s14sQnfrKzCC976bHcqIGFhjDNqm6hgB&sig=AOD64_2bgwJWIvfmkUKeW39DJrPQ_iR55g&client=ca-pub-3677668629134422&rf=5&nx=CLICK_X&ny=CLICK_Y&uap=UACH(platform)&uapv=UACH(platformVersion)&uaa=UACH(architecture)&uam=UACH(model)&uafv=UACH(uaFullVersion)&uab=UACH(bitness)&uaw=UACH(wow64)&uafvl=UACH(fullVersionList)&nb=2&adurl=https://www.thepearlsource.com/%3Fcampaignid%3D20744103595%26adgroupid%3D195424789602%26gad_source%3D5%26gad_campaignid%3D20744103595%26gclid%3DEAIaIQobChMInZCP09C3kwMVpZhWAR2-BAmwEAEYASAAEgIShvD_BwE,https://www.thepearlsource.com/?campaignid=20744103595&adgroupid=195424789602&gad_source=5&gad_campaignid=20744103595&gclid=EAIaIQobChMInZCP09C3kwMVpZhWAR2-BAmwEAEYASAAEgIShvD_BwE,,,,,
378,https://googleads.g.doubleclick.net/aclk?sa=l&ai=CyVX-q17CadzYAsqOpt8P9e-1oATN9qiIhgGshOGJzhXk9-_-_A8QASCtieJ7YMfdgI6EJqABy7Cc7APIAQGpAlPC9pMhz28-4AIAqAMByAMIqgSQA0_QZILkXwJE7_K0Q0g3UY5Rs1VkVuYWjinDBqD53f9uT3pgAapDs3B4kon_lCywlkH4zkLpArYz_7FfWmiQk1a_CuATudcwOVfRKMZ_fytS6HrSQkMPus5uKfgnmLlr1yBis45dEsnvkeUMheZchos4RI2keVMiuKOuNCIwjm7MO3Lmlj2ZK-PY7UlVgGfvWo6T2jQcp6wYLLiPDHfNVGqHED1WPP4zWLsUHr92crVMChBnM2NemZuWJt2Kp--pbHcqF3f1Bm2unXBhTJplLEJNr-K7GAlRbrop0z9wdxI9C3N9SxGnp7t0ekng-DGb0kjII-xOcFNYr7uOwrQyQYk9mrxBnP81-IjBrDjw6jWSj3VuEqbvxynldQ7SWQdbi36YhF_tOFx1GRPjW8QvhAWrFCvXa4eF30NsrwU9PJwObSZcMxYT7Xp8ysnZ8sokJcdPFrsI_7xvCOwyfe9tMjRIVwybWSmZME-nqLc0Dt1BchRHory5YJnMpyqNgmt-mQHkKbmQZbwWU1iAwF5IHqfABMSQ1ZDEBeAEAYgFh6Gg_VagBi6AB53P4xOoB6fMsQKoB-LYsQKoB6a-G6gHzM6xAqgH89EbqAeW2BuoB6qbsQKoB47OG6gHk9gbqAfw4BuoB-6WsQKoB_6esQKoB6--sQKoB9XJG6gH2baxAqgHmgaoB_-esQKoB9-fsQKoB_jCsQKoB_vCsQLYBwHSCC8IgGEQARidATIIioKAgICAgAg6DYBAgMCAgICAqIACqANIvf3BOlikvJLIobiTA7EJDqkSsm1Lk7WACgOYCwHICwGiDAOQAQGqDQJaQcgNAeINEwiM8pLIobiTAxVKh-kFHfV3DUTqDRMIt4uVyKG4kwMVSofpBR31dw1E8A0CiA7___________8B2BMD0BUBmBYByhYCCgD4FgGAFwGyFw4YASoKNDQ3NzQ5NjkwMboXAjgBqhgXCQAAAACAt_JAEgo0NDc3NDk2OTAxGAGyGAkSApNOGC4iAQDQGAHCGQIIAQ&ae=1&gclid=EAIaIQobChMInNqVyKG4kwMVSofpBR31dw1EEAEYASAAEgLoqvD_BwE&num=1&cid=CAQS4wEABaugfWcQRT71IjUrPE6St41SbclxXL9ijUgDI18BEglRAVJ6Zc-FZrq-tk_JTBm5itccNCCSJo2yC0tISasfXq0Fc5IoE9kGMe2vJ1wv-yhFRMB5MLSh2pqfz7qOzGQ648V9jzHwTBewlPwB-C3ZGZvv9KGLXuq2i2J2ZvJ82WHCH-DeKQHzqboqdL4vpG9v-jaPNJdk-QuB058Ntt3lU9jTuvc800IiYHJu0tXi1nA8PBYhyl8KSpv-SfPK4FVxyOyVR4xWMn0XsT1fHcrkBuA2AUhHe0u48F25_3s2mi37vBgB&sig=AOD64_05E-hjyZCPf7GrxLWw4JVl0THkmQ&client=ca-pub-5066399099591175&rf=4&nb=19&adurl=https://www.property24.com/%3Fgad_source%3D5%26gad_campaignid%3D23348121735%26gclid%3DEAIaIQobChMInNqVyKG4kwMVSofpBR31dw1EEAEYASAAEgLoqvD_BwE,https://www.property24.com/?gad_source=5&gad_campaignid=23348121735&gclid=EAIaIQobChMInNqVyKG4kwMVSofpBR31dw1EEAEYASAAEgLoqvD_BwE,yes,yes,yes,yes,yes
379,https://www.googleadservices.com/pagead/aclk?sa=L&ai=C5HsdHGfCaae9D7mWjeYPkfPq2Qqyt6XmgQGim4yTjhTQ9oTkiRcQASCS4pxKYMfdgI6EJqAB_J_D4CjIAQGpAlshm7JjFDs-qAMByAPLBKoEowJP0GcoS5OZLNPHstSo8RFO2zzTxb8i1f-j-K7b_LEnfDEQAoBMC9BcCt66DcRUTGv0VafCfG05cOQLEPXX0nadk5gPz2HKdmx14vfsnV34BFN4NzGjhZ-bIAXHnbW8jnhBg3gQk7hCjkpBbPH3nbpcBDmkGWoXlLOrEiJGpvcajwIX8z1xLOqm7MDdP5HsLwobDvBoST_dxHxL0nbEwT1C0pFD20INaXQZtVky2lforxlilqaegHksNYLuBpygr7ucO9XklOmMbGpkGDAlzYdPbdHC61CISsTbqAREKaZvfSmdex2gArWxRv0ymEekObFnTgdrzo5wY7XD258ZqbS5U3YUHdNQwefjTxSAJKSd3iUeCzQ2qLBiZ4V58EVaKox46OfABIXC_JGmBYgFlqWH11WgBi6AB_zXk8ADqAenzLECqAemvhuoB8zOsQKoB_PRG6gHltgbqAeqm7ECqAeOzhuoB5PYG6gH8OAbqAfulrECqAf-nrECqAevvrECqAea4bECqAfVyRuoB9m2sQKoB5oGqAf_nrECqAffn7ECqAf4wrECqAf7wrEC2AcB0ggvCIBhEAEYnwMyCIqCgICAgIAIOg2AQIDAgICAgKiAAqgDSL39wTpY6qLbzqm4kwOxCcfG82Dd2TMXgAoBmAsByAsBqg0CWkHIDQHqDRMIlL7bzqm4kwMVOUvDBh2RuTqr8A0CiA4J2BMNiBQB0BUByhYCCgD4FgGAFwGyFxAYASoKMTc2MzE3Njk1NFAGuhcCOAGqGBcJAAAAAOh0AUESCjE3NjMxNzY5NTQYAbIYCRICi1QYLiIBANAYAcIZAggB&ae=1&gclid=EAIaIQobChMIp7vbzqm4kwMVOUvDBh2RuTqrEAEYASAAEgLUzPD_BwE&num=1&cid=CAQS0AEABaugfdxUdFXE1wSNlnPsmxv9R_kaRU84U0qAjDX5q-imjVv-w4aWDY-TKnDXK3_lWG-jtg_Ze8G7ZykCSBZMw2jUo6B1SD1KW10PzlgUFbBJS2AMmrbib2fVFZ7LOoZPvhXr_dnRD2BXh-BhjB1gA_yV_19XoDpDu5UjSvvXRvXEb_xFmkfl85Wn0HLyVw0CiwvPTh0b_bthYDljBPBcXvZTLBXG5iy3dHVpDztAC2t44-Ir5xdhBo8qXdQ9OFwb0GtZwx4VGdjx8tFjG8xaGAE&sig=AOD64_0LGxES3IZhakRVtCWb4Fgy1RrO0g&client=ca-pub-1215248651959341&rf=1&nb=0&adurl=https://eichi.ed.jp/%3Fgad_source%3D5%26gad_campaignid%3D22999585430%26gclid%3DEAIaIQobChMIp7vbzqm4kwMVOUvDBh2RuTqrEAEYASAAEgLUzPD_BwE,https://eichi.ed.jp/?gad_source=5&gad_campaignid=22999585430&gclid=EAIaIQobChMIp7vbzqm4kwMVOUvDBh2RuTqrEAEYASAAEgLUzPD_BwE,,,,,
380,https://www.googleadservices.com/pagead/aclk?sa=L&ai=CPabYQ_zBafmANpK9geAPn8uzsQ2ssaiHhgGvl_CNlxWopfC61jIQASCL8IofYJsDoAHg-pDkA8gBAqkCEJvyihnaRj7gAgCoAwHIAwiqBKIDT9B9t8nIpA--taeHfaHNAJ8f81OZF-PhvSzEYXmdCHvwsmkX5R1W9LbOR1bHBwzgGAf3ut8TxKE73ICeXVqo7z_vKWztWyk8z0oNLeBfLVLWL31YW5AaXiIoI0L8WLde2mZYE2yurpEZWp4FXY7FmCFj5Vrr-XBFswToKk6iP3eiRJLLBDz7fkOp-OvW79NIKyRsFgoinqWnZ4-8U6V02tTk8yPAHS6UOzZYGfgdFNedisvyRih1rvJS3-i7OWxOc7EkupbRnLl9_oGQvx4Iy2VS78P-ImeRcc2uVRYE7ymtJpaLkMCwxf866mMNJKkofHsQet1221uvQWFPI35n2rDnbXs_upJq1ewFVyiG-vh2LWgekzXzdnRRqvleXL-UFe9KTu5TtezjeoCb-tH1tEiHYtv_seVuAkRMoqTwtCYb_EZFID0KOLIROZpWF_SkDf6dGC5GCFpTi7y3p-qRRPI99NBiBbOWRHRlUFYc9DVmwhQ3mB6xbah_4FECBnl1TQl1dG2tuSVliKNvyXnwHmGiBZxpEUSToVtBoxyPZYg8q8AE1rfYiO4E4AQBiAXCj5-PUaAGAoAHiIXvG6gHp8yxAqgHpr4bqAfMzrECqAfz0RuoB5bYG6gHqpuxAqgHjs4bqAeT2BuoB_DgG6gH7paxAqgH_p6xAqgHr76xAqgH1ckbqAfZtrECqAeaBqgH_56xAqgH35-xAqgH-MKxAqgH-8KxAtgHAdIIMQiQ4YBAEAEYnQEyCIuDgICAgIAKOg2AQIDAgICAgKiAAqgDSL39wTpY5YaK3MO3kwOxCT_KyV4TVmmDgAoDmAsByAsBqg0CS1LIDQHiDRMIkKmK3MO3kwMVkl4ABh2f5SzW6g0TCOiIi9zDt5MDFZJeAAYdn-Us1vANAogO____________AbAOkOazpRjYEwvQFQHKFgIKAPgWAYAXAbIXDhgBKgoyMDQ1MjE0MjI4uhcCOAGqGBcJAAAAAJAI8kASCjIwNDUyMTQyMjgYAbIYCRIC704YAiIBANAYAcIZAggB&ae=1&gclid=EAIaIQobChMIua6L3MO3kwMVkl4ABh2f5SzWEAEYASAAEgIvpfD_BwE&num=1&cid=CAQS0AEABaugfU8XwP5JxqnJLWlNqaAGVQKC_NexScKl_W97oL1HvUBpqJERI_eJCijxnrbotILbbTyTyJkM4uQm-R9-tZShld8mK5z8JWfpCKAL4bn-fi_t1IrUjCXEGcfBG5MWoYgSTtqvFH892huFBAoVu5SsnZnetE65-JkoM57ioEEItF9Kjeq6L4wKMtQLhS9k99HMosG3MqQC-QlN4JT6A7Pm_bDWrCvUectut9lATA21xljea8aHyCpBIHuW7MKMcmzuxSTgQ4BhETgIHyMtGAE&sig=AOD64_0kHxkNwd-p2X5rSPB8ViZDqI4O6g&client=ca-pub-3746578658400510&rf=5&nx=CLICK_X&ny=CLICK_Y&uap=UACH(platform)&uapv=UACH(platformVersion)&uaa=UACH(architecture)&uam=UACH(model)&uafv=UACH(uaFullVersion)&uab=UACH(bitness)&uaw=UACH(wow64)&uafvl=UACH(fullVersionList)&nb=2&adurl=https://www.blockchain-council.org/certifications/certified-blockchain-professional-expert/%3Fgad_source%3D5%26gad_campaignid%3D21775239106%26gclid%3DEAIaIQobChMIua6L3MO3kwMVkl4ABh2f5SzWEAEYASAAEgIvpfD_BwE,https://www.blockchain-council.org/certifications/certified-blockchain-professional-expert/?gad_source=5&gad_campaignid=21775239106&gclid=EAIaIQobChMIua6L3MO3kwMVkl4ABh2f5SzWEAEYASAAEgIvpfD_BwE,,,,,
381,https://www.googleadservices.com/pagead/aclk?sa=L&ai=CgnLfJGTCaaicKZHGgeAP6Orw0A_t1rT7fraS-rCqE4yc-6gDEAEg-oydHWDH3YCOhCagAa-x49sDyAEJ4AIAqAMByAMKqgTAAk_QI4D_umKq8Xqfv8h4RDEYA69Xo_EOi88JKJyUmgyc5tm2H-_zmmaR4nMEJX9feNU1wOlHZQBZ1_774My7nB8On_U4HLkTunGc-8CsCKmn4xhFT4swkh_GzLNpYPw0sW7i4YgkJWkU0XxRFKA0LycSV8ZlEWKTbFRxP8xS96I2bn4X1K8o01YnriixSX3BXbYk7GgOmRumhnJSMJTSmDv7cY3-5DTTL9Sau_MeHmExhAImZSnq2Qn26x2YxPWWBaKyavGhX6sSnVZHTdQszvwnDRevYqhxwsq-6yJ8JuWkoLFHB0Ru018S77x-mJnJy7Oh36GVtZ--eBxGk-9Y3_Ua_3YnGfgOlQZvhREbidL93OxkB26rc3Rib27Pu45Zl7NHUB1Jfl7kapOMT4r62ALNdXgv0YmhL2GiVPy-liKUwATL7qb4gwXgBAGIBcHhjoRSoAYugAe5zpwkqAenzLECqAemvhuoB8zOsQKoB_PRG6gHltgbqAeqm7ECqAeOzhuoB5PYG6gH8OAbqAfulrECqAf-nrECqAevvrECqAea4bECqAfVyRuoB9m2sQKoB5oGqAf_nrECqAffn7ECqAf4wrECqAf7wrEC2AcA0ggvCIBhEAEYnQEyCIqCgICAgIAIOg2AQIDAgICAgKiAAqgDSL39wTpY-9HA5Ka4kwOxCVB7a8oDwZtZgAoDmAsByAsBgAwBqg0CWkHIDQHiDRMI6-7A5Ka4kwMVEWMABh1oNRz66g0TCMKNwuSmuJMDFRFjAAYdaDUc-vANAogO____________AdgTA4gUB9AVAcoWAgoA-BYBgBcBshcOGAEqCjE1ODUzMTY5MTa6FwI4AaoYFwkAAAAA9ts0QRIKMTU4NTMxNjkxNhgBshgJEgLtThguIgEA0BgBwhkCCAE&ae=1&gclid=EAIaIQobChMIqL7C5Ka4kwMVEWMABh1oNRz6EAEYASAAEgJd1vD_BwE&num=1&cid=CAQS0QEABaugfTdF769AwG23uvQn79cO8yZh8hsmpAgsj2uQP1qynawWVJFn7uFUmeztWrXFyVFvQ4osyBJsGvcAYUSoChOzcQJaIUIXm3H2mePAtNHB9sCddDSv-AU2TXQO6kpGqHMP6BrZ8LtzRp8BZZDYpZ9YFB1e_ycp_Fmx5xocOpIKvLbeBqPa-lQtzpIdCfNh-blw5bEbzhhYGE1Att1N4-ocDNz8UQ1aIAyf4gRW7D38K-hT3ehv35qYGTgnPfxEwrfZKnguZkqR6JmrB0_TbBgB&sig=AOD64_2VOag2TIrGDj-6r0wzXU7QYsSorg&client=ca-pub-5041804953714966&rf=4&nb=9&adurl=https://www.ncino.com/banking-intelligence%3Futm_source%3DGoogle%26utm_medium%3DCPC-Display%26utm_campaign%3DEMEA-TO-Image-BA-BILH%26utm_source%3Dgoogle%26utm_medium%3Dcpc%26utm_campaign%3D22020337857%26utm_adgroup%3D172856293195%26device%3Dc%26utm_term%3D%26matchtype%3D%26creative%3D725673052072%26network%3Dd%26_bt%3D725673052072%26_bk%3D%26_bm%3D%26_bn%3Dd%26_bg%3D172856293195%26gad_source%3D5%26gad_campaignid%3D22020337857%26gclid%3DEAIaIQobChMIqL7C5Ka4kwMVEWMABh1oNRz6EAEYASAAEgJd1vD_BwE,https://www.ncino.com/banking-intelligence?utm_source=Google&utm_medium=CPC-Display&utm_campaign=EMEA-TO-Image-BA-BILH&utm_source=google&utm_medium=cpc&utm_campaign=22020337857&utm_adgroup=172856293195&device=c&utm_term=&matchtype=&creative=725673052072&network=d&_bt=725673052072&_bk=&_bm=&_bn=d&_bg=172856293195&gad_source=5&gad_campaignid=22020337857&gclid=EAIaIQobChMIqL7C5Ka4kwMVEWMABh1oNRz6EAEYASAAEgJd1vD_BwE,,,,,
382,https://www.googleadservices.com/pagead/aclk?sa=L&ai=CT3OOdwnCaZatF4aUjeYP1abOmA-XoMyKhgH0qc_2whWhpvjz0B0QASD84akZYIkDoAGk5J-SQsgBAagDAcgDywSqBJQCT9AH9Q_qLPv6p9o7NE1pclkp5kh_m0A9__VPlHCkPmE2VsqQYG4x_QyhnTjJFuiYXMZotBgRLbKzrc934QvAgAA4ngv9fCGT1oSHsG-6dvfjckjEeA9cTdTizoD-H-3HXQKZ1KRvCfK_RGKisLfBMwJH_NTV5X28PQMELIwil1LCxjg7Cb4DN5p_T1a3mv9PpXtlTCSQr1ppd1HZIijVB9FjsUoekGcK22PRrcUuAkUT0Uyvy17BtFv-Ld_AXmhig91tr665BLbCWFBDyPFhbKNnvkNi0NIZOk5vr8szNGDG6JDxHQ4V8NE80OD9bVWjS1ZIHZ_HXxwF90mfbLl9oXOvszldnaK2DKoPGWB9-_sMfHfRwATKqYje2gWIBYmEmZ1YgAeknPDxHKgHp8yxAqgHpr4bqAfMzrECqAfz0RuoB5bYG6gHqpuxAqgHjs4bqAeT2BuoB_DgG6gH7paxAqgH_p6xAqgHr76xAqgH1ckbqAfZtrECqAeaBqgH_56xAqgH35-xAqgH-MKxAqgH-8KxAtgHAdIILwiAYRABGJ8DMgiKgoCAgICACDoNgECAwICAgICogAKoA0i9_cE6WJesx6fQt5MDsQl_zuI79houqYAKAZgLAcgLAaoNAkpQyA0B6g0TCJDIx6fQt5MDFQZKwwYdVZMT8_ANAogOCdgTAtAVAcoWAgoA-BYBgBcBshcQGAEqCjEyMTYxMTgwMTBQBroXAjgBqhgXCQAAAAB4hw5BEgoxMjE2MTE4MDEwGAGyGAkSAsBPGAEiAQDQGAHCGQIIAQ&ae=1&gclid=EAIaIQobChMI1sTHp9C3kwMVBkrDBh1VkxPzEAEYASAAEgLTI_D_BwE&num=1&cid=CAQS0AEABaugfY08gL5yMgZUjl1f1vWksB0lBvUVHSOJNstGtltT3_kwS7jEdngLs8g-XdIglRolyo4V_Uw-XEN0MpCxBJQdkIola5RibmktTh8yyBcAb2coBGmLdHvIV78Y8szRBOMXs7UUNmVwkoM6mSk44-FxZo7YBDzjcnKPttxnsd5MJwTRelap7JvfoNNbQMZyhVEmmHJocF-XCfg0bSCcRxIxwmOpKnwPlRpF1HYy64_5_CyICwr3QTVTRRQnhcQLgOs2Ah1nqIRGKagAr93nGAE&sig=AOD64_3q8v8mCABROiyQ_nTlsrF0AElNsQ&client=ca-pub-7694956726795277&rf=1&nb=2&adurl=https://main.d2rxw90nvi1hls.amplifyapp.com/%3Fgad_source%3D5%26gad_campaignid%3D23683547657%26gclid%3DEAIaIQobChMI1sTHp9C3kwMVBkrDBh1VkxPzEAEYASAAEgLTI_D_BwE,https://main.d2rxw90nvi1hls.amplifyapp.com/?gad_source=5&gad_campaignid=23683547657&gclid=EAIaIQobChMI1sTHp9C3kwMVBkrDBh1VkxPzEAEYASAAEgLTI_D_BwE,,,,,
383,https://adclick.g.doubleclick.net/aclk?sa=l&ai=CW4hKnUDCacyfKZiSjeYPjvuBwAuVwN3phQHstNqf0BXa_8SNsxAQASC6hMAzYM2AgICsA6ABz6Hp1QLIAQmpAniNN9pGo4k-4AIAqAMByAMKqgSpAk_QQ24CGfDYkKIxhzsHuk3p62hjhgACmVA8rwx7W0FQXcMIQEPW7WTV7HeoqjqQAF4u6rbdrer9Cw2mah62ifwi1tTTxg_4c2uS4aQUe0W0HZqt9EhGGTrLOtbkKl806YIsd2wb4QVUPfvt_kX7Uhvq_D7q4NVUhaPXd21wFuS2a8aby25HJYP9js-MwuJQnulVsiQHle90obRvpVaJ-bONvbVUBcXLPB9pvCGHlzeMoZX1y_4qn-0u0KgjS18WEIQXNgTALIErRiOcv2U_PKqOOhJtw72hoNl87CHomOzWBRT-iY2qs12fKXoSgUO6FZae4atutQUA1_JmO9uy5FmZ2zeHEz_poCohd_rSfzS84Xx3U1E4QT6UCx3tnTwtsT9hZnqgvPrxpcAEubettuAF4AQBiAX1_4uNWKAGLoAHmd6WqgGoB6fMsQKoB-LYsQKoB6a-G6gHzM6xAqgH89EbqAeW2BuoB6qbsQKoB47OG6gHk9gbqAfw4BuoB-6WsQKoB_6esQKoB6--sQKoB9XJG6gH2baxAqgHmgaoB_-esQKoB9-fsQKoB_jCsQKoB_vCsQLYBwDSCC8IgGEQARidATIIioKAgICAgAg6DYBAgMCAgICAqIACqANIvf3BOljLo9XzhLiTA_IIG2FkeC1zdWJzeW4tNjA1OTY1OTU2MDY1NDY1NbEJk152rxDkaCuACgOYCwHICwGADAGiDAOQAQGqDQJCUsgNAeINEwjK4tXzhLiTAxUYScMGHY59ALjqDRMI7YXX84S4kwMVGEnDBh2OfQC48A0CiA7___________8B2BMDiBQB0BUBmBYByhYCCgD4FgGAFwGyFw4YASoKNzg2OTg5NTg3M7oXAjgBqhgXCQAAAAAAd_xAEgo3ODY5ODk1ODczGAGyGAUYLiIBANAYAcIZAggB&ae=1&gclid=EAIaIQobChMIjOLX84S4kwMVGEnDBh2OfQC4EAEYASAAEgLLLfD_BwE&num=1&cid=CAQS0AEABaugfXkRdWkrQNfqCHwCtHonvqUTGNAly5mLwysxtAmqimTbj5Qt2Goz4_WCO_kGTBuA_1Q9tyUFB_ogcnQCM74J4HKR7Z59xd0tlHPQ_MW-ZjebxKvYmNwsI0uSDulpAoGIWgrAfYkgyjJqQVwz32nJco5-_WQLZZy4Zgj25hVib4T9iAxc4M8s6KXztkuvjNrQ7AF6lxhRKMTPlfuOV2eEGAG2zOKAs8UNsNFzLgP8uO3gieqenFORuL77DqcGrDxDyZF1FOVK2HylVjxLGAE&sig=AOD64_0FcyNeaUVM8P7FdsGSN5kjxHndgw&client=ca-pub-8933329999391104&rf=4&nb=9&adurl=https://masseycultura.com.br/lancamento-mf-6m/%3Futm_source%3Dgoogle-display%26utm_medium%3Dcpm%26utm_campaign%3DlancamentoBR%26utm_term%3Dmf6m%26gad_source%3D5%26gad_campaignid%3D23649779701%26gclid%3DEAIaIQobChMIjOLX84S4kwMVGEnDBh2OfQC4EAEYASAAEgLLLfD_BwE,https://masseycultura.com.br/lancamento-mf-6m/?utm_source=google-display&utm_medium=cpm&utm_campaign=lancamentoBR&utm_term=mf6m&gad_source=5&gad_campaignid=23649779701&gclid=EAIaIQobChMIjOLX84S4kwMVGEnDBh2OfQC4EAEYASAAEgLLLfD_BwE,,,,,
384,https://www.googleadservices.com/pagead/aclk?sa=L&ai=Co8MnVSrBaYiAHJKXid4PqJrrmQz5nIr9hQGPnOaN_RS_loSM4TIQASDNno8YYImLxIT0E6ABnvqWgj7IAQmpAhJdRpm78Do-4AIAqAMByAMKqgS_Ak_Qanz-LRmc6cXJGbwE0daJHm9a3IbhRMIb7zr6-joMHS1vEu2xQKgU8AAdcXtRdQ0Pyb9yMgpMrUqSEobzoHjZ7OGuPPaD9xnuPcmDlYBA_JbU05gEaAtb8A3Sv4zshLMJ-SFtSPb8Z6h5mr-YZeq0zoVoF1kcmBRMQdUnKf07IhfN9ldwozMC1W0Xj85Mbx5Cx-HA1aFQ0zbDkfX5umgAcEy9Ouf0uW71kMRvQ7L6xafI4OJjYT8HlXs4bIKqOgKxSyWgpwhAbD7RmUDMJyy_NnWyfAyi9dHGm7ltOwnZXMebyKzbJUI9w6YMBV408znExQZeU44aG8WhavjBN4s9Hcc-pPoM6HDLUIDiWYswTBqlHnY2zYS2TIj4UvaaD68GSrH07SRFKkCZw6ByLErZoLXKWjZvvz0DmiCXZIzABI6rqNjFBeAEAYgFuZvK0lSgBi6AB56y5-EYqAenzLECqAfi2LECqAemvhuoB8zOsQKoB_PRG6gHltgbqAeqm7ECqAeOzhuoB5PYG6gH8OAbqAfulrECqAf-nrECqAevvrECqAfVyRuoB9m2sQKoB5oGqAf_nrECqAffn7ECqAf4wrECqAf7wrEC2AcA0ggvCIBhEAEYnQEyCIqCgICAgIAIOg2AQIDAgICAgKiAAqgDSL39wTpY1uTWwfu1kwOxCQJumyFgYYWjgAoBmAsByAsBgAwBogwDkAEBqg0CSlDIDQHiDRMI0KvXwfu1kwMVkkvCBR0ozTrD6g0TCO-_2cH7tZMDFZJLwgUdKM06w_ANAogO____________AbAOnqTG3hjYEwzQFQGYFgHKFgIKAPgWAYAXAbIXDhgBKgozNzg1Nzg3MzIxuhcCOAGqGBcJAAAAACC580ASCjM3ODU3ODczMjEYAbIYCRICk04YLiIBANAYAcIZAggB&ae=1&gclid=EAIaIQobChMIyP7Zwfu1kwMVkkvCBR0ozTrDEAEYASAAEgJ47PD_BwE&num=1&cid=CAQS0QEABaugfQPkqLcaI_Bh5CEzYyignjd0VbmNQdT86XMKWXP_-_wg-jqe6_8Yqry33_Lme0bIaYIWr6HPGmYA9sUrzXIr44KuDT1cwQGLyoxHoQDAab9y9jJ8axmUZ1xDk06dDgj4aqZibVgn2Be7jbP2xkJhX0J6Cxfitbdd6BYzKuv38vvTnWOpT4pNefbuI32T6vjWCyBKp6smfAMdiK-GHNm0UMm42cVEQxcra96NC5-aV-JysTV49kZU9D8HM3fkxBEmDyt2GbRNpl7Kji2qPBgB&sig=AOD64_3aEQlezzduUYDa5qB_oE2C-gvKAw&client=ca-pub-4075694933314520&rf=4&nb=9&adurl=https://lions-mansion.jp/MN220016/%3Futm_source%3Dgoogle%26utm_medium%3Dcpc%26utm_campaign%3Dgdn_pmax%26adfraud%3Dmomentum%26_bdadid%3DN1DOCT.0000loz8%26argument%3DYP7FpvCr%26dmai%3Da685b5cd0781ba%26gad_source%3D5%26gad_campaignid%3D22721760697%26gclid%3DEAIaIQobChMIyP7Zwfu1kwMVkkvCBR0ozTrDEAEYASAAEgJ47PD_BwE,https://lions-mansion.jp/MN220016/?utm_source=google&utm_medium=cpc&utm_campaign=gdn_pmax&adfraud=momentum&_bdadid=N1DOCT.0000loz8&argument=YP7FpvCr&dmai=a685b5cd0781ba&gad_source=5&gad_campaignid=22721760697&gclid=EAIaIQobChMIyP7Zwfu1kwMVkkvCBR0ozTrDEAEYASAAEgJ47PD_BwE,,,,,
385,https://www.googleadservices.com/pagead/aclk?sa=L&ai=CR5GRtSLCaf_8GuCWjeYPssOyYYf63_yFAbyplPa_FdzZHhABIPjIySBgzYCAgKwDoAGa5PTZA8gBAqkCeI032kajiT7gAgCoAwHIAwiqBLoCT9B_oI7-hX6TumFtvcFyYn2meb9rAPfrPCyAQ9aQhR-uzKvuKCGo9IKg2LoegSftPeMxKjcHlnVM2mCfrl6kIJ-IuyJJmVsP9-I20d0XNaNUxXUILwvBYpxbrlh8GP3OOXnk4OuKqUy2r3gog1wZVBpIDVCVXPs2BqQtrFRsaMsCIVy6Ge8YQoCaSn7Ys9YGNjmOohv0p7VvGuRxoEExx9NaubP7Iay6s0SgxMrvZPB8qvIrBWOQYn70TYfzf0elxgRl1vM4qjQCLD8suTnFDLgKDi6KsTf2f_z9dwH-aKDlg5b3mjrSXYZM0RMCtyE2PWd75qI_Z23yIw2RIF0pZ4-WQg9VvQg6r8y7r5pFhs1NGGrrNN3RIQ-PLrfzGu5boFPxgsrNvjaBf8vg9V4XiN6HhN0ljbb3-GbABJqFmIDaBeAEAYgFxoXflVigBgKAB86biyaoB6fMsQKoB-LYsQKoB6a-G6gHzM6xAqgH89EbqAeW2BuoB6qbsQKoB47OG6gHk9gbqAfw4BuoB-6WsQKoB_6esQKoB6--sQKoB5rhsQKoB9XJG6gHmgaoB_-esQKoB9-fsQKoB_jCsQKoB_vCsQLYBwHSCC8IgGEQARidATIIioKAgICAgAg6DYBAgMCAgICAqIACqANIvf3BOlje4vGw6LeTA7EJYuAbjolCwXqACgOYCwHICwGiDAOQAQGqDQJCUsgNAeINEwjbqPKw6LeTAxVgS8MGHbKhLAzqDRMIiIrzsOi3kwMVYEvDBh2yoSwM8A0CiA7___________8B2BMN0BUBmBYByhYCCgD4FgGAFwGyFw4YASoKMjEzMDA0NTgxOLoXAjgBqhgXCQAAAAAEoBZBEgoyMTMwMDQ1ODE4GAGyGAkSAp5UGAIiAQDQGAHoGAHCGQIIAQ&ae=1&gclid=EAIaIQobChMIv6v0sOi3kwMVYEvDBh2yoSwMEAEYASAAEgLQD_D_BwE&num=1&cid=CAQS0AEABaugfQVffs-RacCgBKdNBJls7gNvQsMWeijNOrvSmIikY6ZNVznnbo6ET2FFIUypOJZgGse7pDuoX8GuxW-_1l8gi4I8Oqe9fXes4kHadhLLVyxJMBbHggS8htoGaFKzxg3lV9wj1wVplAaDdrRUUn_oP7HGUutPDzAZPKlPeTgfEaSMrmoCmhZLfN08CJVk4WP2e_c1Kx-U8m5Sof1kaYWFZJUXbNwPKQ7xEP59OJp4eCULJ8mcj3ZHx-GqNHEuDb8ANhff8iR-F4vqMUPmGAE&sig=AOD64_0zic8HmUbeK48l609FjSI819o_cQ&client=ca-pub-3622136098794040&rf=5&nx=CLICK_X&ny=CLICK_Y&uap=UACH(platform)&uapv=UACH(platformVersion)&uaa=UACH(architecture)&uam=UACH(model)&uafv=UACH(uaFullVersion)&uab=UACH(bitness)&uaw=UACH(wow64)&uafvl=UACH(fullVersionList)&nb=2&adurl=https://www.localiza.com/brasil/pt-br%3Fgad_source%3D5%26gad_campaignid%3D23667917510%26gclid%3DEAIaIQobChMIv6v0sOi3kwMVYEvDBh2yoSwMEAEYASAAEgLQD_D_BwE,https://www.localiza.com/brasil/pt-br?gad_source=5&gad_campaignid=23667917510&gclid=EAIaIQobChMIv6v0sOi3kwMVYEvDBh2yoSwMEAEYASAAEgLQD_D_BwE,yes,yes,yes,yes,yes
386,https://www.googleadservices.com/pagead/aclk?sa=L&ai=CIPkeOmXCacXfCI620-kP377W4ALvnIXFgwGk8-KHsxLHzZ71wh8QASD0g7kbYMfdgI6EJqAB_ZKK_QPIAQbgAgCoAwHIAwqqBMICT9CdS5c8bHduH9FIZgfBmn3scqUPnHyEuAkoPaW6UG1VELbFrTj1NvbC00MCrhJm0Gv4QDmsyF0VYUKDuFEwbwF6wp3tbzjFZKdx2YyYbV3tWKS5ozXoOXfJY4ZaK64xVUDpsnl9OMfF-QHqujU1HfQ7_b9Mfvpl5gLtxhqAPhHuvRyZvxzqxNCn_9wkThnrUdRJLv9yeHsvmKGAJNlnBfYjOEQwGuwUj2x8Nq9N37Smb4frXb22BZzpB0SnOsHq5PVorqeYDheSwTo15uDiL8LfCSvTr_6UVOsillGISO2YJwdglCyr1Wq0yQ8DpY3rb_97Q0njQmjBQE1m3OR6tzhcg5Yey8kEVoul7O5EF5sqAO20sRz0f-cVqkC9znH_dsfvVw_GksN2iU3irbipqcObgn30kDG1gUisqJm5PSQDRsAEwPTC-vQE4AQBiAXVy5TDT6AGN4AHpracMqgHp8yxAqgHpr4bqAfMzrECqAfz0RuoB5bYG6gHqpuxAqgHjs4bqAeT2BuoB_DgG6gH7paxAqgH_p6xAqgHr76xAqgH1ckbqAeaBqgH_56xAqgH35-xAqgH-MKxAqgH-8KxAtgHAdIILwiAYRABGJ0BMgiKgoCAgICACDoNgECAwICAgICIgAKoA0i9_cE6WIqW5-inuJMDsQk7tcX0WG7LnYAKA5gLAcgLAaoNAlpByA0B4g0TCPnO5-inuJMDFQ7bNAcdX58VLOoNEwjIpunop7iTAxUO2zQHHV-fFSzwDQKIDv___________wHYEwvQFQHKFgIKAPgWAYAXAbIXDhgBKgo5ODE3NjI2ODE0uhcCOAGqGBcJAAAAAPDcBEESCjk4MTc2MjY4MTQYAbIYCRIC-VQYNyIBANAYAegYAcIZAggB&ae=1&gclid=EAIaIQobChMIxeTp6Ke4kwMVDts0Bx1fnxUsEAEYASAAEgJuQ_D_BwE&num=1&cid=CAQS4gEABaugfT-kYgh6iWnWQdel4GfS0O7j45r-HjIVxaZRMsht7-qma_fpM_EkZAAXj9UrFlgZR2iqguNsjOL8dlAoLr7HBemyqbyfn8sA3C3OypBEYPy8aZqGG1XbCq3nIDC_ZegSdid7AbfL_FMPZvqZTdMxBD5qRJaqDTKezTRtJr_5BFlJYIjW4BD6-eVBgla4ZEwLIntP0PT4xR8w_ti2PUUKVDZS7vQaeG-vj93_N3FmHmELKVSxeLiTrZjo5NM-6js01FPnC8AkdyCh3KzBby0XuBEbhD0ExWE0_cSUP8FMGAE&sig=AOD64_2jN5aTs5RKA-C2Q_cxIqf6bHjeew&client=ca-pub-3844877863303739&nx=CLICK_X&ny=CLICK_Y&uap=UACH(platform)&uapv=UACH(platformVersion)&uaa=UACH(architecture)&uam=UACH(model)&uafv=UACH(uaFullVersion)&uab=UACH(bitness)&uaw=UACH(wow64)&uafvl=UACH(fullVersionList)&nb=9&adurl=https://www.justanswer.com/sip/justanswer-1%3Fr%3Dppc%7Cga%7C13%7CUS-Tech-Micro-Support-CI-Content-All-Devices%7C%7C%26JPKW%3D%26JPDC%3DC%26JPST%3Dwww.newyorker.com%26JPAD%3D701359962415%26JPMT%3D%26JPNW%3Dd%26JPAF%3Dimg%26JPRC%3D1%26JPCD%3D%26JPOP%3D%26cmpid%3D21347247573%26agid%3D168834415168%26fiid%3D%26tgtid%3D%26ntw%3Dd%26dvc%3Dc%26gad_source%3D5%26gad_campaignid%3D21347247573%26gclid%3DEAIaIQobChMIxeTp6Ke4kwMVDts0Bx1fnxUsEAEYASAAEgJuQ_D_BwE,https://www.justanswer.com/sip/justanswer-1?r=ppc|ga|13|US-Tech-Micro-Support-CI-Content-All-Devices||&JPKW=&JPDC=C&JPST=www.newyorker.com&JPAD=701359962415&JPMT=&JPNW=d&JPAF=img&JPRC=1&JPCD=&JPOP=&cmpid=21347247573&agid=168834415168&fiid=&tgtid=&ntw=d&dvc=c&gad_source=5&gad_campaignid=21347247573&gclid=EAIaIQobChMIxeTp6Ke4kwMVDts0Bx1fnxUsEAEYASAAEgJuQ_D_BwE,,,,,
387,https://www.googleadservices.com/pagead/aclk?sa=L&ai=CREZL7RnBaay8JcGejeYP_7vCwQLi0JyBhQHxytzV1BXb2R4QASDlz-sWYImLxIT0E6AByJ7X1CrIAQmpAiZzVV_IOFg-4AIAqAMByAMKqgTzAk_QlJXUKK9ET58NXdeGdUcnPo1DQDA2rkraH-lWazzKmUjKodIpv-dDBCSWaJ9siWoQ06SD7at0CYnnVz50ZsHIc-TjRR_ADgdqQ5eiTLkzN2KzukP2Sjk6Dv8gI35IaYlVLMZVXAGUZVZ4q--X2sBH85yqErzZ4OXS1--wBv9v2pEWo_TNkMuvxGUlhnElsPldQPw9JB-EzdM8gSGKonMYoarkbdG3IFNk8SKvVCpvcHNnNhDRqX5CYwMHYA5CaygrVUhVQKIt76IDy5mlrnvIrQOHiwwdiW2738JERHErv-EJBtGOCZj9ULd4-xIBgSaVcGW6PcVhzpBIaCocQhI280BJhXzK_QUi79jxsSYXXi_pE5J5Dx4TkO3t76CyQcWl8xWxH1M57Ro5Y6bSleEc4Ztz4qXz2lLvURc_SXvOW3_9AxferZZW0IeT_4N1bCAJ_1TdyeeUyi3p4IM72V_Vf2eyXoboiOVdo2yDCpza2pdywAS80oazqQXgBAGIBZD_0thSoAYugAfI1qe0BagHp8yxAqgH4tixAqgHpr4bqAfMzrECqAfz0RuoB5bYG6gHqpuxAqgHjs4bqAeT2BuoB_DgG6gH7paxAqgH_p6xAqgHr76xAqgH1ckbqAfZtrECqAeaBqgH_56xAqgH35-xAqgH-MKxAqgH-8KxAtgHANIIMAiAYRABGJ0BMgiKgoCAgICACDoOgECAwICAgICogAKogxBIvf3BOliEz4Xv67WTA7EJEWFZxrka_yaACgOYCwHICwGADAGiDAOQAQGqDQJKUMgNAeINEwjG8oXv67WTAxVBT8MGHf-dMCjqDRMIp6aH7-u1kwMVQU_DBh3_nTAo8A0CiA7___________8BuBPkA9gTA9AVAZgWAcoWAgoA-BYBgBcBshcOGAEqCjYwMTcwNTY0NDm6FwI4AaoYFwkAAAAAAEb1QBIKNjAxNzA1NjQ0ORgBshgJEgKRVBguIgEA0BgBwhkCCAE&ae=1&gclid=EAIaIQobChMI7OaH7-u1kwMVQU_DBh3_nTAoEAEYASAAEgLttvD_BwE&num=1&cid=CAQS4gEABaugfS286sI0Zvx-p4j1apG0N_XGds_TNU9jR8lSk9ynylqgjNl1vAI4WCUDoPnZv6J9sZkxnQPFYbel_RRy1gHSHMEMgdqhHCQXIdcsA6NJeW9JQYUijcEoUM3OTfgHTeBPIJruebZerjRkPBuHj0I2OSUOWmFl7-J_j0yWSUlxaX3qv7EheHPDdKdznKwWIP63NdQOJ9gKBzsSJr5nByXUIRIkGt2L1Ic3cL2IvEdqQGr1jKMryzHjiLUH_f-Tf0sESKr9fg5aANOPBdmsiov-hOnfVqSG8Nf6VzRjDaX1GAE&sig=AOD64_3XNcEIqHpa44BBJj9jLi0zwddGmg&client=ca-pub-9914992914910847&rf=4&nb=9&adurl=https://pdhotels.com.tr%3Fgad_source%3D5%26gad_campaignid%3D22197616528%26gclid%3DEAIaIQobChMI7OaH7-u1kwMVQU_DBh3_nTAoEAEYASAAEgLttvD_BwE,https://pdhotels.com.tr/?gad_source=5&gad_campaignid=22197616528&gclid=EAIaIQobChMI7OaH7-u1kwMVQU_DBh3_nTAoEAEYASAAEgLttvD_BwE,yes,yes,yes,yes,yes
388,https://www.googleadservices.com/pagead/aclk?sa=L&ai=C4uQI7fXBaberNOmYjeYPx-ngiArJ5eKUhQHxlJHQwhXSkPSE2TIQASDe3ZKbAWCbA6ABjMjd5kLIAQHgAgCoAwHIAwqqBOsCT9BMyu_b4u8sWo8ObEGUdfJVzVgw6C01lzsWl_plut2vqgct1BMWlGynR7B09FtzXTU7mPfEy9HMz0pnLKg-pljH6iQDuO3hZi0F1FeK89zWF8_JOIq4iiYWG11PnkPJEcziLEjm2bysOlUaE58bQLHGd3FIGaihmMf8XcvoqUMJlh-wE38Dn_0IyZfgXgW6I6MPI-7wLWycjs1qPA7zl1nT1niEG4hy_GKoIf81QdUQNjfEeyE8PD-hml3iSm4hNIcilVgLsT0gdve3P5C1vx8E4i7SWxMWFA-xYGfpRE6OowrfmUC1OxnMJHMtVwzd3WFinBng53UpoPRjG9sJs5KKOFG5SzvTfsdDDPOsYRtXqGpCJ3dwbPM7hSfzuUermkNMNl_yIrVl95si-vazuUG1M-zKAknNT-xHEepqeWWEWGqLtnesrNy-8xqsvYnDl8MzMAXrYH4BjKOO18dl--Hl970yfPrWy4kAwASH0_j-2AXgBAGIBcXHo9VXgAeMgK7GHagHp8yxAqgH4tixAqgHpr4bqAfMzrECqAfz0RuoB5bYG6gHqpuxAqgHjs4bqAeT2BuoB_DgG6gH7paxAqgH_p6xAqgHr76xAqgH1ckbqAfZtrECqAeaBqgH_56xAqgH35-xAqgH-MKxAqgH-8KxAtgHAdIILwiAYRABGJ0BMgiKgoCAgICACDoNgECAwICAgICogAKoA0i9_cE6WOy70da9t5MDsQkfr2KMCiPJsoAKA5gLAcgLAaIMA5ABAaoNAktSyA0B4g0TCJ_d0da9t5MDFWlMwwYdxzQYoeoNEwiHs9LWvbeTAxVpTMMGHcc0GKHwDQKIDv___________wGwDqbQmOwY2BMM0BUBmBYByhYCCgD4FgGAFwGyFw4YASoKNTExNDEzNTc3NLoXAjgBqhgXCQAAAABga-ZAEgo1MTE0MTM1Nzc0GAGyGAkSArBTGAEiAQDQGAHCGQIIAQ&ae=1&gclid=EAIaIQobChMI99XS1r23kwMVaUzDBh3HNBihEAEYASAAEgIkXfD_BwE&num=1&cid=CAQS0QEABaugfZIrG04j7Pt-pWzkzobFVM8oOSlD37KTrRxQ7F1Y-NboY04gQgZKsLkiHqlpv67hzKEuIbdSq5307-l2z4JxCuDF2vrvxmBiZLFrfGzl9x3P4OzwI64cn7SB6kvbje3_v6k2aQrwqzCXLOS7JKRIO8oaGZCdK2G3BwJGFL6hBFPy1q_iy_EbFkzZqif7ovEgBTo5hYoYFWDy4l8mNQG5mJyG4RVifwekFi2XRaMF2b1pNulB2X1NzT719Uq5nl6p_H0C9mSd2gJg1LXFYRgB&sig=AOD64_1r_M2ysYIZ4bDXjFv7hOmrnCiCPQ&client=ca-pub-7563003856700220&rf=4&nb=0&adurl=http://littledragonreaders.com%3Fgad_source%3D5%26gad_campaignid%3D23532725189%26gclid%3DEAIaIQobChMI99XS1r23kwMVaUzDBh3HNBihEAEYASAAEgIkXfD_BwE,https://littledragonreaders.com/?gad_source=5&gad_campaignid=23532725189&gclid=EAIaIQobChMI99XS1r23kwMVaUzDBh3HNBihEAEYASAAEgIkXfD_BwE,,,,,
389,https://www.googleadservices.com/pagead/aclk?sa=L&ai=CVDht0fzAacWZIqDWs8IPhYDa8QaFsqTdhQG3qKH1yBPb2R4QASDH5_AgYImLxIT0E6ABrOWGtSjIAQmpAghO89Vo7Do-4AIAqAMByAMKqgSGA0_QaOLT7ksLgIz_z5RGu9dBk7ysJGYrALZjcEVot7bF4q_KfS0A25qPbLSD4QFjUDA_M9vqrRFBekh_uwlAPI2T_AIO1f8A1aMso0s5aIFFYnN9217Knw_FMQzzbbVheaWcqQy-Yj_XTrgr-ADjYnpWITj33NOkZBVNEM4V_RC7hVYsJiqzPJMo53X-R_3d4_GgUOKmFKaIbK3Xw7BnAhFAfv0FijUzzMuaebFlEMJnw361uz_lAUq3epUiyEcyP5ZLRQPqwr6SWLEeImA0dvIyqk3kUYnBq3FQLR2izNbhdtEznglleINefo5m3OdJCiXDZhGp0Ti2ARsoTcovGLstfmE8QXCCNnhEhSOSYcx1SHzBNQyD54UKbQv4eGbYYvxZrvXu_UU61rjiTKxhRvMJAZgReuh784LAdHWIoFDH8z4PEpksqH9tvAiyp_wQnco1FVRO88knCk4kjz28Az7ek_sPKH1LxBjeya9WPojUJtkAarSJOJ94Qt5EwRdWKtaGObPq5MAEi5zYu4kF4AQBiAWfyJnLUqAGLoAHrJ3XlAOoB6fMsQKoB-LYsQKoB6a-G6gHzM6xAqgH89EbqAeW2BuoB6qbsQKoB47OG6gHk9gbqAfw4BuoB-6WsQKoB_6esQKoB6--sQKoB9XJG6gH2baxAqgHmgaoB_-esQKoB9-fsQKoB_jCsQKoB_vCsQLYBwDSCDIIgOGAEBABGJ0BMgiqgoCAgICACDoOgMADgICEgICUruADqAdIvf3BOljBys2N0LWTA7EJUCFVfObBDsGACgOYCwHICwGADAGiDAOQAQGqDQJKUMgNAeINEwik5c6N0LWTAxUg60wCHQWANm7qDRMIpoDRjdC1kwMVIOtMAh0FgDZu8A0CiA7___________8B2BMNiBQG0BUBmBYByhYCCgD4FgGAFwGyFw4YASoKNzU3NDEzMzg2NroXAjgBqhgXCQEAAABQQP9AEgo3NTc0MTMzODY2GAGyGAkSAsdOGC4iAQDQGAHCGQIIAQ&ae=1&gclid=EAIaIQobChMIhcbSjdC1kwMVIOtMAh0FgDZuEAEYASAAEgKoYfD_BwE&num=1&cid=CAQSgQEABaugfbCCQCtqrBxqA9aUd-IIDnt0yFNkRWW9nPfSoFivP42v5e7GP0wUew2HCUbYPKKqFi4zsInrzJh3YQXmXYuli-LQk3YHyXlgtQ9psFEl7RRi-fmvqyyZrh-l7pP3CgXXYvAKIp_IHj-B517bvtnrEzDstPmETyf9XBWQ4DIYAQ&sig=AOD64_211gWm65E48JVcXktwg6fHpaRI7A&client=ca-pub-3272912600735998&rf=4&nb=9&adurl=https://www.increasehair.com/gokuusu_cm/%3Futm_source%3Ddisplay%26utm_medium%3Dgoogle%26utm_campaign%3Dyomiren%26gad_source%3D5%26gad_campaignid%3D22169412639%26gclid%3DEAIaIQobChMIhcbSjdC1kwMVIOtMAh0FgDZuEAEYASAAEgKoYfD_BwE,https://www.increasehair.com/gokuusu_cm/?utm_source=display&utm_medium=google&utm_campaign=yomiren&gad_source=5&gad_campaignid=22169412639&gclid=EAIaIQobChMIhcbSjdC1kwMVIOtMAh0FgDZuEAEYASAAEgKoYfD_BwE,,,,,
390,https://googleads.g.doubleclick.net/aclk?sa=l&ai=CH-6rhmHCaf38MYiN29gP6aOTiQjFlp36hQGNzr23sBWj8vLmzDgQASDyqukoYMfdgI6EJqABhqX2vwPIAQKpAlO5GjorBwc-4AIAqAMByAMIqgSkAk_QKHzkJxKFxEmXPW8on_1kdOX_J7vVkvRNhh7ZmitgmVsafqHmg00Bul7CwdPfQiA4U_WxmC7QqukSNVYSUdLtHLY-KLrRa0O6bzkIsvOt6Blm6LPWSaZkyuoZLMF7QbYJR_sP6uPQykuFqsp0oXOBygNnHXA1crivm4SH_8Jt6QfhDxytHMvIFeTaHMR3RJLGuWfXjWYZ69UwXiulqrR5qUfWF4RBQh3DhIhJNPQf3k0Ydl_rod7npb3Uqk52Ck2F6cv4HitLHR-VjtqojEklPd1wibaYbo6AeHMXm4-KT6gPE0Dmz7NK8ieCe-CpU0-Ltb4BLohYmL3SojCHTc-Pjk0FjRD62vWEaFzUYQn0yHOX__1LLPxTwt-VoD98jb-C30rABOH7lN7RBeAEAYgF9anbkligBgKAB-LaiUCoB6fMsQKoB-LYsQKoB6a-G6gHzM6xAqgH89EbqAeW2BuoB6qbsQKoB47OG6gHk9gbqAfw4BuoB-6WsQKoB_6esQKoB6--sQKoB5rhsQKoB9XJG6gH2baxAqgHmgaoB_-esQKoB9-fsQKoB_jCsQKoB_vCsQLYBwHSCDIIgOGAEBABGJ0BMgiqgoCAgICACDoOgMADgICEgICUruADqAdIvf3BOlj1sIqlpLiTA7EJ0vEoiBtVv-yACgOYCwHICwGiDAOQAQGqDQJaQcgNAeINEwiR-oqlpLiTAxWIxhYFHenRJIHqDRMI_pWNpaS4kwMViMYWBR3p0SSB8A0CiA7___________8B2BMN0BUBmBYByhYCCgD4FgGAFwGyFw4YASoKNDkyODMxMzM5NroXAjgBqhgXCQAAAABg0-1AEgo0OTI4MzEzMzk2GAGyGAkSArBTGAIiAQDQGAHCGQIIAQ&ae=1&gclid=EAIaIQobChMI_deNpaS4kwMViMYWBR3p0SSBEAEYASAAEgIOXPD_BwE&num=1&cid=CAQSbwAFq6B9HptSo5l5kxkfglFbtewJsw1f8LIi3e-FOrgLjamcBVpFN3xibydycDm8G1vyePeeqLEzyr9WpCTLry7nKVg8Z-3zhb2aMsOJNjPEfTBeT4Cnu9beobg2rph5bWAuyThMnowHSktZzggUqhgB&sig=AOD64_3GGmYDoKr9nh-bB3z9SET4IerDHA&client=ca-pub-8750086020675820&rf=5&nx=CLICK_X&ny=CLICK_Y&uap=UACH(platform)&uapv=UACH(platformVersion)&uaa=UACH(architecture)&uam=UACH(model)&uafv=UACH(uaFullVersion)&uab=UACH(bitness)&uaw=UACH(wow64)&uafvl=UACH(fullVersionList)&nb=2&adurl=http://bdz.bomgames.com/teaser/%3Fpromo%3Dgdn_a%26gad_source%3D5%26gad_campaignid%3D23661565173%26gclid%3DEAIaIQobChMI_deNpaS4kwMViMYWBR3p0SSBEAEYASAAEgIOXPD_BwE,http://bdz.bomgames.com/teaser/?promo=gdn_a&gad_source=5&gad_campaignid=23661565173&gclid=EAIaIQobChMI_deNpaS4kwMViMYWBR3p0SSBEAEYASAAEgIOXPD_BwE,,,,,
391,https://www.googleadservices.com/pagead/aclk?sa=L&ai=CxaB9RXHCaf-aAcGfjeYPn5GgsQX1yNj1hQGo9e6q0Avwp_vmiQ4QASCgwYUeYMfdgI6EJqABzLPEmgPIAQmpAn6VJHlcaKg-4AIAqAMByAMKqgSzAk_Qcw3hNX88xY4w0X5CeXoEv5-iapGDYqXv6GtsXMlLQxZxjcELJ60oru1-Ne1Oe2s-OBtVYN1LzjtuIZUgog-PZmuiN6JR-VnnC1PI3xQ_6LGIxpLGn3kdVjor7GsdggAI4EshLlPN463MXU07sdd_K7bX_xjPAidFHI_cRUXLu8KvQWBC3Z97hAxjuXp04LZbU8-2KLGyvxXo7dOHyPjd5XAU8PaXd-kbLsgSIejXdXqvBuLLIoxxQ1XE8aNFnwoO0O1rZOtevrzG16q4ds-f8lrsQuj0gqXtARNxVl2qiZuddWBQ7y4N_n5B_uQFFdH14TGXPoRKcchRzskKF2e4sW_GiM97w1HBI1ECIKQNn2T0L-OIUBqIGWf83u7q-OTCdkLmeXyYtt-lUztr6clUm6vABPzskLz5AuAEAYgFrOunoySgBi6AB5zMu2WoB6fMsQKoB6a-G6gHzM6xAqgH89EbqAeW2BuoB6qbsQKoB47OG6gHk9gbqAfw4BuoB-6WsQKoB_6esQKoB6--sQKoB9XJG6gH2baxAqgHmgaoB_-esQKoB9-fsQKoB_jCsQKoB_vCsQLYBwDSCDIIgOGAEBABGJ0BMgiqgoCAgICACDoOgMADgICEgICUruADqAdIvf3BOljXhuums7iTA7EJhu2mZKuiwWmACgOYCwHICwGADAGqDQJaQcgNAeINEwiew-ums7iTAxXBT8MGHZ8IKFbqDRMI6Z3tprO4kwMVwU_DBh2fCChW8A0CiA7___________8B2BMMiBQR0BUByhYCCgD4FgGAFwGyFxAYASoKMjM3MDEwOTQxNVAGuhcCOAGqGBcJAAAAAECJCEESCjIzNzAxMDk0MTUYAbIYCRIC8FkYLiIBANAYAcIZAggB&ae=1&gclid=EAIaIQobChMIv9HtprO4kwMVwU_DBh2fCChWEAEYASAAEgKIR_D_BwE&num=1&cid=CAQScAAFq6B91p25557LUAGKcjNgkCwtGWe0kTtN1ZUE9UhAjpxzOVSK_0-I-8mVBX68K7-BHr6k-lsnliGlCGlxVll3LHo7szM2zowe812avCtNJ0u5OuZajSNOzxdU6N_j9StlbRjkOOvZhXdVjMyExvcYAQ&sig=AOD64_00MffZh7x9CdQf_wgCAokNiK_0hg&client=ca-pub-8625962252420196&rf=4&nb=9&adurl=https://gthost.com/instant-servers/%3Fgad_source%3D5%26gad_campaignid%3D9737729452%26gclid%3DEAIaIQobChMIv9HtprO4kwMVwU_DBh2fCChWEAEYASAAEgKIR_D_BwE,https://gthost.com/instant-servers?gad_source=5&gad_campaignid=9737729452&gclid=EAIaIQobChMIv9HtprO4kwMVwU_DBh2fCChWEAEYASAAEgKIR_D_BwE,,,,,
392,https://www.googleadservices.com/pagead/aclk?sa=L&ai=C7VSVTP_BacvRF9Sbm9cPm_nW4A-_x_juhQHR0oL20BW2kB8QASCn9owaYIkDoAHtmqSFKcgBAakCKv-LSorgEj6oAwHIA8sEqgS4Ak_QokjyzDCZKJrq91Pr-RupVV0oLLpjWudSmM9B57DX5bN23SZjU8a8rXFKyZPnOA_067xdioY9fNNui58xALC71ZCRM_C4NqlRa2PYL7C1w6_4ak5kOJ6rQ-omo1vheDes_cNQmfEpsSvD8lOYOtjN99zGm-TnPhGGgt0G8eXXOa-k90Nva7GdYMWpFZi62Vv7qd9Sk7hqd2aeadt175fwaehjmboC6L5V57rgqSt2Cb4l-GHAmVAqMysK89swauFAWlHpkMWzteHNs4bgiy9o2OSE7bXqheMiuLPzEsosYWhomZI4HpvLogMGn1GsVw11OSj0nrZ9VwArQmDFnxOuJfRDBeHSXpfCdxU7fZ_76EkGCXOjJR3NsRoNuvmDxAU2ZC2p7m2bFnUJJhzTtV3o9bfMQaCcjMAE86rH0tAFiAWVqrjkV6AGLoAH7dL05AOoB6fMsQKoB-LYsQKoB6a-G6gHzM6xAqgH89EbqAeW2BuoB6qbsQKoB47OG6gHk9gbqAfw4BuoB-6WsQKoB_6esQKoB6--sQKoB9XJG6gH2baxAqgHmgaoB_-esQKoB9-fsQKoB_jCsQKoB_vCsQLYBwHSCDAIgGEQARifAzIIioKAgICAgAg6DoBAgMCAgICAqIACqIMQSL39wTpYjZSqzsa3kwOxCfq7UFw4kvYPgAoBmAsByAsBogwDkAEBqg0CSlDIDQHqDRMIs66tzsa3kwMV1M3mBB2bvBX88A0CiA4J2BMN0BUBmBYByhYCCgD4FgGAFwGyFxAYASoKMDU1MDA5NDE5MVAGuhcCOAGqGBcJAAAAAFgRAEESCjA1NTAwOTQxOTEYAbIYCRIClVMYLiIBANAYAcIZAggB&ae=1&gclid=EAIaIQobChMIy6etzsa3kwMV1M3mBB2bvBX8EAEYASAAEgJgt_D_BwE&num=1&cid=CAQS0AEABaugfbngVNsQdG-CD_8G92YK6UyuAgJcb5jH02BxwAi0UWnapRPfBFAQcCxmR1dg7fIj2PoqqCdSDK1VPLIxutg803s4p53dwVnkPtr1EQfEsN4uyRc7-9TMwi6VIIyzqafTWDV1TRRkykZfWETOB45Lb83AZjaIGwpNapnWkFzo_sULJo5rp4ENFV9F_lHdAwirLhC2U8Yhi5HW5G6xrE7eaTM3VFF8RJI_s07_lukXZwfEC2_ZUT7BtiS0prTWyJCmNbk8ARzFZN4iCiL5GAE&sig=AOD64_09IdHqn_Bly2i46wXgZs-c5o-n2A&client=ca-pub-2107538958244175&rf=1&nb=0&adurl=https://www.explora.com/explore-easter-island/%3Fgad_source%3D5%26gad_campaignid%3D23564522773%26gclid%3DEAIaIQobChMIy6etzsa3kwMV1M3mBB2bvBX8EAEYASAAEgJgt_D_BwE,https://www.explora.com/explore-easter-island/?gad_source=5&gad_campaignid=23564522773&gclid=EAIaIQobChMIy6etzsa3kwMV1M3mBB2bvBX8EAEYASAAEgJgt_D_BwE,yes,yes,yes,yes,yes
393,https://www.googleadservices.com/pagead/aclk?sa=L&ai=Csdgm1nTCaZucI8-ZjeYPp-Gl2A72k4jRetHCw7qzE-iwjcrcExABIPSDuRtgx92AjoQmoAHavLmbA8gBCakCyUVIRBfYbz7gAgCoAwHIA8sEqgS6Ak_Q3Y1vy46Klchi51XuDU3Oxa3pOej1bS2kCQEq-bPcoUGr9O6_yvOabAhl5R1rzpMIKfYbu3dXemarATXooegaD0W8ZbG3sljGVSu6R9xKi9pMGh_7yQWqbKEkvWf4PX1n74SuYLN2gQ9OdxBaYIr_bSxY8zQzoSSnkN7kYafRatgPdfQVdQOT1o8Lh1tXsHPZtRX7m71WcDGa19RHKuRl687whWNgrXdD3SIi_sc_bkHOxQigH-gUSzVMrm-ELV0CxZipIKuQag0i_l9kuUCMNhpoinYVxm4PGqkChXqS-w-eJRht9_Y_x4cZLF_ynAlCdKQhaY8sldn6-ISAPb7wUZ5KnAXlMoUyjV7KM102MVwaydkdEPWt_VjZ9Mf5TopKe_90hG1-dmMTzoyQkKerO89QttuJf1dvwASRkMOe6wTgBAGIBa_G54tR-gUGCCUQARgAoAYugAeOw8ZkqAenzLECqAemvhuoB8zOsQKoB_PRG6gHltgbqAeqm7ECqAeOzhuoB5PYG6gH8OAbqAfulrECqAf-nrECqAevvrECqAea4bECqAfZtrECqAeaBqgH_56xAqgH35-xAqgH-MKxAtgHAMAIAdIILwiAYRABGJ0BMgiKgoCAgICACDoNgECAwICAgICIgAKoA0i9_cE6WJ6Gu9q2uJMDgAoDkAsDmAsByAsBgAwBogwCSAGqDQJaQcgNAeINEwj4q7vatriTAxXPTMMGHadwCevqDRMIqLi82ra4kwMVz0zDBh2ncAnr8A0CiA7___________8B2BMNiBQC0BUByhYCCgD4FgGAFwGyFxAYASoKOTgxNzYyNjgxNFAGuhcCOAGqGBcJAAAAACAFEEESCjk4MTc2MjY4MTQYAbIYCRICg1UYLiIBANAYAcIZAggB&ae=1&gclid=EAIaIQobChMIm9-82ra4kwMVz0zDBh2ncAnrEAEYASABEgIHK_D_BwE&num=1&cid=CAQS4gEABaugfbOzqgRWzceBUsiBptXKUh3Bcfh-bnxHtV9pZKnNcDrykrc-zaC3Uah3cBe-4rVGXDiqAuP_Mq_ywxa3JFY6fLHivO_N55HalHLi7uSSjiCd8ThgL1QzeJm_n8WAWoQIGTIu5Vkf1pZXK6hYS1JXUm4m3FOfC_iLcukltPrtbixYXKPgqZPwoAqY6cEFZCnHe7C7EA08rXLncXxDut337tAhfvafR2tT32xOFv6P0-QMSkdGWV7ND032t00KSaf9gyZWRBbU8xoCHuyv-tXs-7zKU64OgYUcmwvJH2vmGAE&sig=AOD64_2IEUdEkenqTDVYSfW86qf1TtYN4w&client=ca-pub-3844877863303739&nb=9&adurl=https://intelligentcomputing.co.za/product-category/dell-pro-24-e2425hm-23-8-inch-1920-x-1080p-full-hd-5ms-ips-monitor-210-brdn-brand-new-sealed/%3Fsfdr_ptcid%3D12602_617_754916415%26sfdr_hash%3D64c80ce9d977e58439987aaac7ecb4b6%26utm_source%3Dgoogle%26utm_medium%3Dppc%26utm_campaign%3Dbrand_laptops%26utm_term%3D%26utm_content%3D166225561617%26utm_source%3Dgoogle%26utm_medium%3Dcpc%26utm_campaign%3D21768037167%26utm_content%3D166225561617_715695415105%26utm_term%3D%26gad_source%3D5%26gad_campaignid%3D21768037167%26gclid%3DEAIaIQobChMIm9-82ra4kwMVz0zDBh2ncAnrEAEYASABEgIHK_D_BwE,https://intelligentcomputing.co.za/product-category/dell-pro-24-e2425hm-23-8-inch-1920-x-1080p-full-hd-5ms-ips-monitor-210-brdn-brand-new-sealed/?sfdr_ptcid=12602_617_754916415&sfdr_hash=64c80ce9d977e58439987aaac7ecb4b6&utm_source=google&utm_medium=ppc&utm_campaign=brand_laptops&utm_term=&utm_content=166225561617&utm_source=google&utm_medium=cpc&utm_campaign=21768037167&utm_content=166225561617_715695415105&utm_term=&gad_source=5&gad_campaignid=21768037167&gclid=EAIaIQobChMIm9-82ra4kwMVz0zDBh2ncAnrEAEYASABEgIHK_D_BwE,,,,,
394,https://www.googleadservices.com/pagead/aclk?sa=L&ai=CJQuNs2bCaYPECfrys8IP_qbjoAfL26XxhAGrxYePxBXd2R4QASD_8PghYMfdgI6EJqABweiDoCnIAQKpAvbAWSQgqm8-4AIAqAMByAMIqgT4Ak_QHgna0mXpQe8Vlf_ou_5Ekr5Sy-JX1dHJixohf_WXn6a_agfYvsW6tlfa_cReyH6NGcF_Gh45DBGLNLfanORt74PJW3nP9zKCjuafnh4VboS3AhyHHOCSS52bmuEQeVCau_z6roP3PfJkc3WFteqvBzvv19RoOvi4WTChMXcg-Y4EiblBzmrYbd0GSyfjQDyqX8aRifc5UDPddV3j7NO2sf3VimhrGXTUfbdFQTRbgtYBQ-I8FNEM5IbA1qr6bnFxqLZJiZOD_77RvonXInXQDklATVBEblsEAsrgTC92z3NgnSQx54iKW5NYLSDCm3RoB4iGWgX4l-uSCUMc_4wl4MrZgyCa0CvAGiGbVanCWXlVUJz7TGlgIFt1C1yhEnn3UNrd9OKnIcalzQ47BHo6aDpiDKgmCcLQ24-cHz1XJkhpKoBMX5u6ShSv08iY4QX6xMvtnq4ECXsGYyAGAOvf4_Eke1lPrjoxNDvAy6vzL3lDfPQhYH7ABO-E6PiiBOAEAYgF_8n6h0mgBgKAB8Gg1P8DqAenzLECqAfi2LECqAemvhuoB8zOsQKoB_PRG6gHltgbqAeqm7ECqAeOzhuoB5PYG6gH8OAbqAfulrECqAf-nrECqAevvrECqAfVyRuoB9m2sQKoB5oGqAf_nrECqAffn7ECqAf4wrECqAf7wrEC2AcB0ggvCIBhEAEYnQEyCIqCgICAgIAIOg2AQIDAgICAgKiAAqgDSL39wTpYgL21nKm4kwOxCSJ4cyLm2nBngAoDmAsByAsBogwDkAEBqg0CWkHIDQHiDRMI8_i1nKm4kwMVevlMAh1-0xh06g0TCJDdt5ypuJMDFXr5TAIdftMYdPANAogO____________AdgTDdAVAZgWAcoWAgoA-BYBgBcBshcOGAEqCjQ1NzAyNDQxODO6FwI4AaoYFwkAAAAAQIf0QBIKNDU3MDI0NDE4MxgBshgJEgLjThgCIgEA0BgBwhkCCAE&ae=1&gclid=EAIaIQobChMIw-nMnKm4kwMVevlMAh1-0xh0EAEYASAAEgJpEPD_BwE&num=1&cid=CAQS4gEABaugfb1X7STZaJrPKfq4zmo7ZPE4M3er0JLzX4pEc4fA-dYM9FJD9tlftuDFsLzjcK9I8VqI1w301dXpmGJmfC6lzIcFOiuwaJ6onIpa9Af9LizZAixvhDwbclyXdQAZs6dCBcy8cmelh9z23qm-8JQr0-pnxpCmSEBklEawrXl-KmUXon0EYrBOcvc9balWMVWsBbyJdeoaaTE_5A2-iBNqzOyPJXotJCDQx3eGNyZTHLKFqbBD2-G7S9jE4-vuUw_F7A2T2EE9DudtIo0cYvNvhDkfC2FxvgsLMNfYMrr7GAE&sig=AOD64_0eie_lGM7ZqAq8rKXK6NngHg4jlQ&client=ca-pub-1037373295371110&rf=5&nx=CLICK_X&ny=CLICK_Y&uap=UACH(platform)&uapv=UACH(platformVersion)&uaa=UACH(architecture)&uam=UACH(model)&uafv=UACH(uaFullVersion)&uab=UACH(bitness)&uaw=UACH(wow64)&uafvl=UACH(fullVersionList)&nb=2&adurl=https://32gi.co.za/%3Futm_source%3Dgoogle%26utm_medium%3Dcpc%26utm_campaign%3D(Display)-Remarketing%26utm_content%3DMain-Remarketing%26keyword%3D%26device%3Dc%26network%3Dd%26placement%3Dwww.businessinsider.com%26gad_source%3D5%26gad_campaignid%3D19612476671%26gclid%3DEAIaIQobChMIw-nMnKm4kwMVevlMAh1-0xh0EAEYASAAEgJpEPD_BwE,https://32gi.co.za/?utm_source=google&utm_medium=cpc&utm_campaign=%28Display%29-Remarketing&utm_content=Main-Remarketing&keyword=&device=c&network=d&placement=www.businessinsider.com&gad_source=5&gad_campaignid=19612476671&gclid=EAIaIQobChMIw-nMnKm4kwMVevlMAh1-0xh0EAEYASAAEgJpEPD_BwE,,,,,
395,https://www.googleadservices.com/pagead/aclk?sa=L&ai=Cy3GuVPzAab-CFq_Z29gP27fumQfPrbiDhgGksa3xpBX1zeSIAxABIJ7qzKUBYImLxIT0E6ABoLXWvirIAQKpAkRiSX_wdqg-4AIAqAMByAMIqgSSA0_QnRqTpI0TK0vYyb4mJzlpruqhwt0colszqD9aB-eoayKcHcbhPqLgrFmOVt_stciWtHCGE1aGH7IdC3zAkYLVkWl54CWm_GqrImOy_h2Frr86SRHFS28tQgpMBnMKj3Zgreqpzyi4LeTXJ6TsHZuBA5SwUwPAJEQsYDxhO9MtIFN6y-oNik5Fn0TySCwelF8NqWcFsfG1r9ZUciSt308df1OkmpwOjwg1sJroDYheqOLQkGSQ-NJ2C7Z6WmpH_tzNWSxg8jEvZLgoflaxxgc5I9iZ6cGMosfvfymrrzIAdO3-NUzl5v6Xe65WnRtpgEAjDDFXx5HZXvR9_oSE0OB6AkF5Zw0OGa_Mawsckoi-P1TvSljGgv0rf1M3FMM0uIjPHIF7sVclsz3A_N_DcshEw_7Z7CibanPsBoJozediU9LvSS5aouCrJiY_Fgwy_977zInzUsyDK8nCBSTifvaxoPjG_BgUKF-kkwrY7qeWqxy5PtBO7zTQMPbJishCKwlavTy5UxclsnNmdyU7eQDk_sAEzqTX2KoF4AQBiAWokZP1VaAGAoAHoO2mngWoB6fMsQKoB6a-G6gHzM6xAqgH89EbqAeW2BuoB6qbsQKoB47OG6gHk9gbqAfw4BuoB-6WsQKoB_6esQKoB6--sQKoB9XJG6gH2baxAqgHmgaoB_-esQKoB9-fsQKoB_jCsQKoB_vCsQLYBwHSCC8IgGEQARidATIIioKAgICAgAg6DYBAgMCAgICAqIACqANIvf3BOliJx_bRz7WTA7EJIWseXXZbQN2ACgOYCwHICwGqDQJKUMgNAeINEwjC9PbRz7WTAxWv7BYFHdubO3PqDRMIprb40c-1kwMVr-wWBR3bmztz8A0CiA7___________8B2BMD0BUByhYCCgD4FgGAFwGyFw4YASoKMzg0MDkwODgyMboXAjgBqhgXCQAAAAB4JSlBEgozODQwOTA4ODIxGAGyGAkSApNOGAIiAQDQGAHCGQIIAQ&ae=1&gclid=EAIaIQobChMIv_z40c-1kwMVr-wWBR3bmztzEAEYASAAEgL-XfD_BwE&num=1&cid=CAQS4wEABaugffQUd8Id8IIEEdGt3gSCfa1ruCmyg_Bqa3WND10Xj6Q5sc8yCgUmYAUCDX4euQVjqe7sSTw8HxWf_Z51zx8wiKh3e_04-AMSu-OMQXJg9jG7lbV-3ahi__yCFTCSoCTOFrFMt0VLn6mmBIsQNr2BFNoEFX-5i7uK_M_OdxtsXWzOpcHWspYxPuunqeYbvxoN5YUzh4gH-8ZASBGqrhuuDfvG9SBGldJyxm8_d2-59HEWEYLGuKNI5u4MB9qbT0UoyBf4O9zwXgqSBvzBlUpXArgF646zVE5G-P4XK_5BexgB&sig=AOD64_2oFapNl-zOfZjnOmXEm0zJq2J7Ww&client=ca-pub-5954534482103846&rf=5&nx=CLICK_X&ny=CLICK_Y&uap=UACH(platform)&uapv=UACH(platformVersion)&uaa=UACH(architecture)&uam=UACH(model)&uafv=UACH(uaFullVersion)&uab=UACH(bitness)&uaw=UACH(wow64)&uafvl=UACH(fullVersionList)&nb=2&adurl=https://www.peninsulavillage.com/residential%3Fgad_source%3D5%26gad_campaignid%3D23062694056%26gclid%3DEAIaIQobChMIv_z40c-1kwMVr-wWBR3bmztzEAEYASAAEgL-XfD_BwE,https://www.peninsulavillage.com/residential?gad_source=5&gad_campaignid=23062694056&gclid=EAIaIQobChMIv_z40c-1kwMVr-wWBR3bmztzEAEYASAAEgL-XfD_BwE,,,,,
396,https://www.googleadservices.com/pagead/aclk?sa=L&ai=CAHlTFFnCabniDduR3NMP__y4wATYq7TXhQHbwqmiwxWj8vLmzDgQASDyqukoYMfdgI6EJqABhqX2vwPIAQKpAu0OJ6QR5gY-4AIAqAMByAMIqgSjAk_Qe9g60FOKydj_tdq6rsS6p3iGVustlDSwFNMWHcKVi0q3AElcr91mmJqpOpKxdzL74j4vFSZtWoSZ32slnw6QSKXKNKFH5vjOLn1oU9nhaovMm6oLszHh-B2GXbeVpbF4PV1BKBj4cyPt1I6uy3JpgeGQ5aUWgy54U-Xcum1s485ofrTLG9uCWB4fYx_rho_Y6mmOJfUH_0rhx3aAzIia357QDHfXBEMnwUMtyj8mcAr5G_BXkBLkZ7-IbYZVpSdjtW9zg4kvWUjlxDH5VAss0_uZnKXUz9PyTe8CM6Siy_gjR9mXXnhKDKfP8vLw589BIPolJ1AJNOJONfcaelKTlrSC8_IrXOT1Eo2Fz8kUthIR0N6_hkagXa6loXsSjO3mr8AEiZj9msAF4AQBiAWVsZCpV6AGAoAH4tqJQKgHp8yxAqgH4tixAqgHpr4bqAfMzrECqAfz0RuoB5bYG6gHqpuxAqgHjs4bqAeT2BuoB_DgG6gH7paxAqgH_p6xAqgHr76xAqgH1ckbqAfZtrECqAeaBqgH_56xAqgH35-xAqgH-MKxAqgH-8KxAtgHAdIIMgiA4YAQEAEYnQEyCKqCgICAgIAIOg6AwAOAgISAgJSu4AOoB0i9_cE6WLWj8Z2cuJMDsQnSDKZshzG0IoAKA5gLAcgLAaIMA5ABAaoNAlpByA0B4g0TCJTi8Z2cuJMDFdsIdwQdfz4OSOoNEwjChvOdnLiTAxXbCHcEHX8-DkjwDQKIDv___________wHYEw3QFQGYFgHKFgIKAPgWAYAXAbIXDhgBKgo0OTI4MzEzMzk2uhcCOAGqGBcJAAAAAOB-7UASCjQ5MjgzMTMzOTYYAbIYCRICsFMYAiIBANAYAcIZAggB&ae=1&gclid=EAIaIQobChMIubzznZy4kwMV2wh3BB1_Pg5IEAEYASAAEgJZafD_BwE&num=1&cid=CAQSgQEABaugfbDrKwin7s5c1pSxuCX2lgx6KF744slY6E2xxLFzBDyPTz_mcTwf5-158GciVAVpjbk-lBwRQSsCNSNn4wsaDtfw7L4xcHyfh6fqH-wCi6QNsIkHqeCrxFZg2MJvSAEkbROzMc8s3ta7Ej17EjhwDzfH9gDtWBVXE-_gBjsYAQ&sig=AOD64_0mxAobxsyRx-TE8L67p7BADpy9lQ&client=ca-pub-8750086020675820&rf=5&nx=CLICK_X&ny=CLICK_Y&uap=UACH(platform)&uapv=UACH(platformVersion)&uaa=UACH(architecture)&uam=UACH(model)&uafv=UACH(uaFullVersion)&uab=UACH(bitness)&uaw=UACH(wow64)&uafvl=UACH(fullVersionList)&nb=2&adurl=http://landing.bomgames.com/bis/a_bis.html%3Fpromo%3Dgdn_b%26gad_source%3D5%26gad_campaignid%3D23440136341%26gclid%3DEAIaIQobChMIubzznZy4kwMV2wh3BB1_Pg5IEAEYASAAEgJZafD_BwE,http://landing.bomgames.com/bis/a_bis.html?promo=gdn_b&gad_source=5&gad_campaignid=23440136341&gclid=EAIaIQobChMIubzznZy4kwMV2wh3BB1_Pg5IEAEYASAAEgJZafD_BwE,,,,,
