id_csv,gg_ads_url,advertiser_url,run_1,run_2,run_3,run_4,run_5
664,https://www.googleadservices.com/pagead/aclk?sa=L&ai=CrjKXdzvbaa-QId_zjeYPzemQwASqycuzhgGfyM_wgxWz7cS7uEcQASDApasjYMfV_42EJqABwpD7oEHIAQLgAgCoAwHIAwiqBM8CT9Bz0sz5MZXciGd204WKlcdb_AfANO8Sx2ZIpPdXEgZ8S4qjqAc7H07a8H9pq9T1qjJE_BuWcPRgl1zkS1gam7S4j0NEQ5-jg2F1G7bg6czOj4SMyw9Koll_YNraWn56_6vYmkgd10smjzRSeDLxmWY_LNOaFUcfVl3FeREVNFdRvMiUTks1w9JYMuD0P17arJzOXVp7XoZkeuxidtM2qY5b-4Zm_CKm3EV-QX4ieeB0AMnyOYZiDXpSm4XSF0sVdbhIfo6TRMU208c-kluuXhuoGLOAi7fYk8Qc6BA1fHdo-ZLhZ_I__4wWOmFLvIQ3SNqqel6gU7j2rtoYJgOG5RLJ3b6jJnDFhsnpwutTUJwhUQFpzV2-XgAavR8iPaHSWtY0lghx9KOG5Uvo3A6kVC2B2biRtg6BDS4IqwvI1wxByFk15X5TwGFfF1usDRLABKm5_pu9BeAEAYgF8Le_wFWgBgKAB8LIy4AcqAenzLECqAfi2LECqAemvhuoB8zOsQKoB_PRG6gHltgbqAeqm7ECqAeOzhuoB5PYG6gH8OAbqAfulrECqAf-nrECqAevvrECqAea4bECqAfVyRuoB9m2sQKoB5oGqAf_nrECqAffn7ECqAf4wrECqAf7wrEC2AcB0gguCIBhEAEYHTIIioKAgICAgAg6DYBAgMCAgICAqIACqANIvf3BOlj01pHB1-eTA7EJUVDRWqV3WV6ACgOYCwHICwGiDAOQAQGqDQJaQcgNAeINEwjz9ZHB1-eTAxXfecMGHc00BEjqDRMI9YSTwdfnkwMV33nDBh3NNARI8A0CiA7___________8B2BMK0BUBmBYByhYCCgD4FgGAFwGyFxAYASoKMTU5ODc2MTQxOFAGuhcCOAGqGBcJAAAAADC6CUESCjE1OTg3NjE0MTgYAbIYCRIC7U4YAiIBANAYAcIZAggB&ae=1&gclid=EAIaIQobChMI76eTwdfnkwMV33nDBh3NNARIEAEYASAAEgJCRfD_BwE&num=1&cid=CAQS0gEABaugfUenteSERjFo1_s53XJ921npZWYpjrGTom1MMx4G1OEy_q4KMuleOy5opCUoA4Eic6JYEs5FJSu-YP_e5qdfjYaD76-fGh1SlFxaYygQOeNWOBbddQuxfFjN0MyFPbLDHnat7L5LN_PFJwbCEDxEJBiboGe7vOUQK6M78AX_6lZJBa5FHEsytM4Nu4ZAgfbpMei7Lg5txj0_hFNarZZIrZAnzq_X5oYMsRy9ETxsVSDUJ5jiDPG1s5Lpr1xKCpO8i-QNGif5VgdcAlRLB_4YAQ&sig=AOD64_1y5UQ1EhL4SM-p9BW4UPO4QAcpCg&client=ca-pub-5227748429508049&rf=5&nx=CLICK_X&ny=CLICK_Y&uap=UACH(platform)&uapv=UACH(platformVersion)&uaa=UACH(architecture)&uam=UACH(model)&uafv=UACH(uaFullVersion)&uab=UACH(bitness)&uaw=UACH(wow64)&uafvl=UACH(fullVersionList)&nb=2&adurl=https://www.usbank.com/corporate-and-commercial-banking/insights/reports/payment-strategy/hotels-streamline-payments.html%3Fgad_source%3D5%26gad_campaignid%3D22952270832%26gclid%3DEAIaIQobChMI76eTwdfnkwMV33nDBh3NNARIEAEYASAAEgJCRfD_BwE,https://www.usbank.com/corporate-and-commercial-banking/insights/reports/payment-strategy/hotels-streamline-payments.html?gad_source=5&gad_campaignid=22952270832&gclid=EAIaIQobChMI76eTwdfnkwMV33nDBh3NNARIEAEYASAAEgJCRfD_BwE,,,,,
665,https://www.googleadservices.com/pagead/aclk?sa=L&ai=Cf_jNIyPbabyhFt2LjeYP7cLJmQXN7IenhgHUqOORrRXprfWUuAIQASCs_KcFYMfV_42EJqABxuXfhUPIAQmpAmD9s7Mhq7M-4AIAqAMByAMKqgTiAk_QorMVMMOwoTxl86QsXtX22TlkQEevOJwLzOkPhr7JsJ3DmclbUJdCTiMfGPhCiqfXNN8d2r89qPJ_IA6cv-0OPIOb_ZPKLaP7Q6YG0ZtVPbP6c8ROmfdjJQvfHS1yb5dBDWiSWAAyd5GU-OvuJ1YFjSQmJUROUuZoln5EMW3uZFJCamOsw3h5ybUeygW2X52n35F9fIVl17tcqvk1EM_j4E7bwJ3wvIPsG0Dj-K7GwIYDQCQHbHgVFNWkshjnlMmtRKl2S81L_WaN9Z6cMZyH2jAVPVAQqrx8H7WOtyBboc_bePWR_6li3sTzjGNU26zbPiNsMSQlSlzmCZmlf0DyTGhgN4qXx5FPn9CfT649TII3qrIvgeu7p1zcx2iAlwMBdFVFJ55nD4n2jFyCvC53dDW-XgeWewpSL6tCgd6nqKBXAlG5zdTwVTccVkC4SqV4TGKFpCYzHtcdKfWT8nm9e8AErd3yt9AF4AQBiAXA5J-sWKAGLoAHxp2w5R2oB6fMsQKoB6a-G6gHzM6xAqgH89EbqAeW2BuoB6qbsQKoB47OG6gHk9gbqAfw4BuoB-6WsQKoB_6esQKoB6--sQKoB5rhsQKoB9XJG6gH2baxAqgHmgaoB_-esQKoB9-fsQKoB_jCsQKoB_vCsQLYBwDSCC4IgGEQARgdMgiKgoCAgICACDoNgECAwICAgICogAKoA0i9_cE6WNPNpqfA55MDsQniATye7eqYboAKAZgLAcgLAYAMAaoNAlpByA0B4g0TCMiRp6fA55MDFd1FwwYdbWEyU-oNEwjX1ainwOeTAxXdRcMGHW1hMlPwDQKIDv___________wGwDo2KgvkY2BMM0BUByhYCCgD4FgGAFwGyFxAYASoKNDE1OTg0MTIwNVAGuhcCOAGqGBcJAAAAADDRCEESCjQxNTk4NDEyMDUYAbIYCRICvmgYLiIBANAYAcIZAggB&ae=1&gclid=EAIaIQobChMI_L6pp8DnkwMV3UXDBh1tYTJTEAEYASAAEgJ7NfD_BwE&num=1&cid=CAQS5AEABaugffJ4xe_c8qkTEEFIrXro9n1_4v_gBAi6bfdrDnJAE6Y7N8nlTKYPAEU6tGBBIgrKnDwTsCW9utNrg8hGKiXaVr5PpY_UAV5fXjimT0c3d8Z4sIiqZfBBEtAOsvERgHcoMBzBc4YTtysK_m1Vmif_kxDaOD_oFLm1vJsKT7Bg3t4qHSpV5TRzDLc2-wUAknkcpK6cscLLVrwwgVzE3BKuUntyZANILvFR3N6OIFsMsk3Y4NA4nz2Px1b1IBP1yaWKoVNYSL_7Crt2UnWsXPprE0cJ9p9eV7-t6P5kTfUeL7oYAQ&sig=AOD64_1NvsQMAgq1zVjr1HrwaT_P7mYX9Q&client=ca-pub-3793720534573472&rf=4&nb=9&adurl=https://www.openplantdata.com%3Fgad_source%3D5%26gad_campaignid%3D23715115584%26gclid%3DEAIaIQobChMI_L6pp8DnkwMV3UXDBh1tYTJTEAEYASAAEgJ7NfD_BwE,https://www.openplantdata.com/?gad_source=5&gad_campaignid=23715115584&gclid=EAIaIQobChMI_L6pp8DnkwMV3UXDBh1tYTJTEAEYASAAEgJ7NfD_BwE,,,,,
666,https://googleads.g.doubleclick.net/aclk?sa=l&ai=CRllouCfbacCwCeufjeYPjPW7iQr-n-y2Y6SQv_PmEcjClsuPDhABINOx301gx9X_jYQmoAHBwsr9A8gBAuACAKgDAcgDCKoEqwJP0Aa610QwJcxhksSJJS1GVHkE7xUBidgs5_aIG53Xa7JG0QznX5F-Ww304uQfkwojayB3Qs31UKtNzDzC9F-baqWrEYznPjJA8w58y00DfXgoL5pLb23r4pGzkOHzElqXnn3NM71WybhkQtQpQshbpIauBQlpnr9SPMotaPNDkEwgel-jo5lIozHVH84NrDbxZWFJm1bVSdl9-fcEAbnZZV2Cw_1wEhKAMQj2Govt9s6Mo1HpI7BP7HQY3PmIdbSasdUB7K3qVjaQICZX9Q04Pf9BTfYD_YIX0407n-eWqx4LME2bfod6ocdCQW37qx3bdckZCVnlWQEeVk_PGnO63OK1vkVslaoe9xdsUPCihU5GyQQ5zsZbBdGyI4ygNVMDBXMx5wV5jN7uvcAEq_POvf8C4AQBiAXIhsCMJqAGAoAHp721AqgHp8yxAqgHpr4bqAfMzrECqAfz0RuoB5bYG6gHqpuxAqgHjs4bqAeT2BuoB_DgG6gH7paxAqgH_p6xAqgHr76xAqgHmuGxAqgH1ckbqAfZtrECqAeaBqgH_56xAqgH35-xAqgH-MKxAqgH-8KxAqgHwsixAtgHAdIILgiAYRABGB0yCIqCgICAgIAIOg2AQIDAgICAgKiAAqgDSL39wTpYn4y61sTnkwOxCbM-i5PM8LSFgAoDigqmAWh0dHBzOi8vZmliZXJncmF0ZS5jb20vP3V0bV9jYW1wYWlnbj1Hb29nbGUlMjBBZHMlMjAtJTIwU2VhcmNoJTIwLSUyMFVTJTIwLSUyME5vcnRoJTIwQW1lcmljYW4lMjBNYWRlJTIwTWF0dGVycyZ1dG1fc291cmNlPXBwYyZnYWRfc291cmNlPTUmZ2FkX2NhbXBhaWduaWQ9MTAyMjY3NjI1NjiYCwHICwHgCwGqDQJaQcgNAeINEwitsLrWxOeTAxXrT8MGHYz6LqHqDRMI58a71sTnkwMV60_DBh2M-i6h8A0CiA7___________8B2BMN0BUByhYCCgD4FgGAFwGyFxAYASoKNDU0NzQwNzIyMFAGuhcCOAGqGBcJAAAAALDWHUESCjQ1NDc0MDcyMjAYAbIYCRICqlAYAiIBANAYAcIZAggB&ae=1&gclid=EAIaIQobChMIwOzG1sTnkwMV60_DBh2M-i6hEAEYASAAEgKe_fD_BwE&num=1&cid=CAQS5AEABaugfetEX-kDBsozE-n5TmuSURTiVBFxFqRhl5EWTxgHwwaS5rt2ZrSsYSqb6F9taejAlujwKRYyvXP8BIInTr-XRsxxq92zEY4F8CIT7hN1LBXfOdgVJNBlHH1jb4BeL1LCqPqdnA9F56dRglAep45rybbbMu55GtpJPaCK-dneZs5nzJJelblYPSFH9ZM1-iynzzH3AUaEG5IZOm8rf5hujvz6UOMV0EYOovABp7OyAVpNHlpd9WW0w3s39NC5tGS0V34guFh09lcHyRDfjcxTt7LWxh1p737j8RKAVEXc0oUYAQ&sig=AOD64_20SS7YitfT6nnFQWJzKCf0MB_aSA&client=ca-pub-7732679874752919&rf=5&nx=CLICK_X&ny=CLICK_Y&uap=UACH(platform)&uapv=UACH(platformVersion)&uaa=UACH(architecture)&uam=UACH(model)&uafv=UACH(uaFullVersion)&uab=UACH(bitness)&uaw=UACH(wow64)&uafvl=UACH(fullVersionList)&nb=2&adurl=https://fibergrate.com%3Fgad_source%3D5%26gad_campaignid%3D10226762568%26gclid%3DEAIaIQobChMIwOzG1sTnkwMV60_DBh2M-i6hEAEYASAAEgKe_fD_BwE,https://www.fibergrate.com/?utm_campaign=Google%20Ads%20-%20Search%20-%20US%20-%20North%20American%20Made%20Matters&utm_source=ppc&gad_source=5&gad_campaignid=10226762568&gclid=EAIaIQobChMIwOzG1sTnkwMV60_DBh2M-i6hEAEYASAAEgKe_fD_BwE,yes,yes,yes,yes,yes
667,https://www.googleadservices.com/pagead/aclk?sa=L&ai=CFvflvyPbaZK2AaOUjeYPi_Dc6ASHvdnNfqqYkYfzDGQQASDHx58jYMfV_42EJqABgNqS9QPIAQLgAgCoAwHIAwiqBLoCT9BaKDBpkLeQUY_M6vWGmi6JvefB8rmzV6hYGQGv-k-W_fka5uyOVfJN-HDEMXdEUWphDscRCLIrbPMRnW03ErKUuyxN5-hWAGGQY63LGiGqReyHlvTGZDOKJPrFqpV31cV_SbsMgEpvjx0_V-9UHP-Gq0Q9CuGsNqiJ87mKadR3pZQIIQy5b-YVqOPCqzUj-Fq5RPSRRBjDRXYRonCCeRH4NPDyz4RsnHw-hVo5C8BDbLRqwDHUipymQj95xK8C-PwTEAspkPKTKRBCZTlaOcf72arF4SM9DphSg-xcDGJpxmIrHj2sSPOe2qUUllTs3B1mqLp9_ZFatKeyACa-YaatjXdukIjfOdJAWiNsSzbqkiX69XsXaMN0SfusN8aMBGxZKuiYy7NgBGJl3WHj9ndBlAaFe1kjWK_ABIfO58XbAeAEAYgFg53W4AWgBgKAB-il7QqoB6fMsQKoB-LYsQKoB6a-G6gHzM6xAqgH89EbqAeW2BuoB6qbsQKoB47OG6gHk9gbqAfw4BuoB-6WsQKoB_6esQKoB6--sQKoB5rhsQKoB9XJG6gH2baxAqgHmgaoB_-esQKoB9-fsQKoB_jCsQKoB_vCsQLYBwHSCC8IgGEQARidATIIioKAgICAgAg6DYBAgMCAgICAqIACqANIvf3BOliNpMTxwOeTA7EJFfJmkDApHKqACgOYCwHICwGiDAOQAQGqDQJaQcgNAeINEwizz8TxwOeTAxUjSsMGHQs4F03qDRMIge3F8cDnkwMVI0rDBh0LOBdN8A0CiA7___________8B2BMK0BUBmBYByhYCCgD4FgGAFwGyFxAYASoKNTg1NTEwMjgyOVAGuhcCOAGqGBcJAAAAADitJkESCjU4NTUxMDI4MjkYAbIYCRICvVAYAiIBANAYAcIZAggB&ae=1&gclid=EAIaIQobChMI0pHG8cDnkwMVI0rDBh0LOBdNEAEYASAAEgIOAfD_BwE&num=1&cid=CAQS0QEABaugfTgCJ8NJLDneYwdqO0KC8ZuLTB62lFWRB41KISsYJ80D6v3aoBL8hMtQsitQDUt_Z79OBYqy5HZ95l-eo5kawTKU13yIF1DaOyK6UXGT2Wi92QaD4wPcqUToDd-Z0WvBhDiruTEumMvmzyAWXsodPicv4d9XONa-ciVyQ_439fz_Ny5wXaft5m02HSdXKQuLGmsdh6AdrJoVy8TWyJuBnxBcaxV9vj5KHylIe_8vnZIe6SqW4lTyJGAHfS7V4JhbivkuKqHIso9Hj10kUxgB&sig=AOD64_2tdWovyZLYskcz3mTBbOIO-8UN5w&client=ca-pub-1481019754184955&rf=5&nx=CLICK_X&ny=CLICK_Y&uap=UACH(platform)&uapv=UACH(platformVersion)&uaa=UACH(architecture)&uam=UACH(model)&uafv=UACH(uaFullVersion)&uab=UACH(bitness)&uaw=UACH(wow64)&uafvl=UACH(fullVersionList)&nb=2&adurl=https://www.marylandmatch.com/%3Fgad_source%3D5%26gad_campaignid%3D1544916611%26gclid%3DEAIaIQobChMI0pHG8cDnkwMVI0rDBh0LOBdNEAEYASAAEgIOAfD_BwE,https://www.marylandmatch.com/?gad_source=5&gad_campaignid=1544916611&gclid=EAIaIQobChMI0pHG8cDnkwMVI0rDBh0LOBdNEAEYASAAEgIOAfD_BwE,,,,,
668,https://www.googleadservices.com/pagead/aclk?sa=L&ai=CM9GbIzbbaeHSHcOQ3NMP7oGG4A-smvOnd-LjneTnErad-I6NDhABIPSDuRtgx9X_jYQmoAGcyf-TAsgBBuACAKgDAcgDCqoEowNP0EM55Jizu7LgkvrRYb5xBjrEJuSKoQeZUKJvQLEYbcpJwkG2xJgdcuLbTki7MyTE_EmT37bdxetsVKj87WKD2QZrFyIK7ACrXQE9E4zSRHnqvaPy3JDs7yVXhInVWebetse44lmmMGCP3hae74tvKeEI-qlRMqIXiIC_XnTO2c709xrSvxsdP44g3OpQl4OeDbnAWGMjV_NxDGSy26VvTWsKAPNrV_6BJE-MSwdN67PgBJBO7kHMm0CZYrxtwmv0rU8LH8fU8P36rejc3ywBPgmOFnx_b20hSfV9ltPiVvEkwZR3yB6B5KbPpM4I4MBCGnln86pOsXiiPR-o13e-_mh0cGfrudEPyZ9uaQu3NmSzZi-qpGP0scqVCADGKdEPFlw3DIZ71yTH01qANyC9v6rLdmYKM6Gjqj-AZuxeaR8p52b4ZrXPzRGCyKllJ3gANQhoy32dblNKS7T-xpvVTCw5VyVKnAKN20bDoXQnKSVhN6RSWQCAg8lx1IUwPppB_s8xQwR-2esPsqxdHrs5pBMIYUcVH1lhPxZ5Hl6LiFoA6MAEi6rIkaAD4AQBiAWguaCNKqAGN4AHzLaA7AGoB6fMsQKoB-LYsQKoB6a-G6gHzM6xAqgH89EbqAeW2BuoB6qbsQKoB47OG6gHk9gbqAfw4BuoB-6WsQKoB_6esQKoB6--sQKoB5rhsQKoB9XJG6gH2baxAqgHmgaoB_-esQKoB9-fsQKoB_jCsQKoB_vCsQLYBwHSCC8IgGEQARidATIIioKAgICAgAg6DYBAgMCAgICAiIACqANIvf3BOlj0_tm20ueTA7EJM5XYVv7RaiuACgOYCwHICwGiDAOQAQGqDQJaQcgNAeINEwibqtq20ueTAxVDCHcEHe6AAfzqDRMI08PbttLnkwMVQwh3BB3ugAH88A0CiA7___________8B2BMM0BUBmBYByhYCCgD4FgGAFwGyFxAYASoKOTgxNzYyNjgxNFAGuhcCOAGqGBcJAAAAAGCJ-UASCjk4MTc2MjY4MTQYAbIYCRICmGkYNyIBANAYAcIZAggB&ae=1&gclid=EAIaIQobChMIofDbttLnkwMVQwh3BB3ugAH8EAEYASAAEgL5vvD_BwE&num=1&cid=CAQS4wEABaugfYw5xaH2H7pfSI41fIcylGqZ1UyKDrTdCED4609wv6KypDz_ufc9F7Wogn4gKOolvgQd9C_c-yVc-kQv_8Tr-OzJJR92l6U-ku4GcvBKUMhE94kz0YLCVt9ekiKD3jEE9AUL6YlreL6Sfwq4Xd7QHWo90OisasIqRn1P87N4RTGnbN88yDbYW4PKHp5B63lelk8pCxzbxG_hrwXxLIX3A3XG51l_kGmmBbaMb0nIws2D-TQAm2zxryxnCAxKfbr0KaLhJwZkpLzn4krIv0Zbpm4QAK92YwAdLlzcTP7xERgB&sig=AOD64_1iwPa8lVc8gdvP-rwQ0juSDx7U7w&client=ca-pub-3844877863303739&nx=CLICK_X&ny=CLICK_Y&uap=UACH(platform)&uapv=UACH(platformVersion)&uaa=UACH(architecture)&uam=UACH(model)&uafv=UACH(uaFullVersion)&uab=UACH(bitness)&uaw=UACH(wow64)&uafvl=UACH(fullVersionList)&nb=9&adurl=https://presrite.com/presrite-advantage/%3Fgad_source%3D5%26gad_campaignid%3D11302083744%26gclid%3DEAIaIQobChMIofDbttLnkwMVQwh3BB3ugAH8EAEYASAAEgL5vvD_BwE,https://presrite.com/presrite-advantage/?gad_source=5&gad_campaignid=11302083744&gclid=EAIaIQobChMIofDbttLnkwMVQwh3BB3ugAH8EAEYASAAEgL5vvD_BwE,,,,,
669,https://www.googleadservices.com/pagead/aclk?sa=L&ai=CdOpqViDbac2RNpK7geAP_fre8QG24pi7hgG33I2tuRXWx-ekjA4QASDCiLkiYMfV_42EJqAB0If43T7IAQngAgCoAwHIAwqqBOICT9DjQgQDP56Pb3pyq2c_0Rxl1hFjLkvsc1VbLztX6fhN1jfSaq2NY44DfIxLxKJE_QkkQezsOsMap7WIVPfJKe--7jICHLbajTDpXjocxWPKVnOR34RxM6rF_Jwz-5_AcdIM1cqZ1rq6wN7TzT5o9hLKnfz-V1Txf50lXprlXrq3KItkxBSQjmacJKxs7nASmA64-enOAAg3_HnfJPt7KMmz_sSnrwoPEq3uckHzUxGMzJhPXGbTaUwmVMhPxlpdmPFb3FBlwl3qSv630ysChewG7pPAHaJRjF9JETSKMnz3WQ5DXXDTpmSIP0Yv75uWjbJMwcDxwLEk5V8RfhbzHglRqd1qbvFvTPSie9JXAsN8s-08AkBIBxByQ-sQteYIVpjYvDqct55vnLNvCnBNn4QwhlQORvYJKOaWBCnW7r8ly3nwup76SATv-Xt83yIg0MvUZYzKZ6yTmBCjNJXEuRhQwATDmuac6wXgBAGIBeeqiKVYoAYugAfQv8i9GagHp8yxAqgH4tixAqgHpr4bqAfMzrECqAfz0RuoB5bYG6gHqpuxAqgHjs4bqAeT2BuoB_DgG6gH7paxAqgH_p6xAqgHr76xAqgHmuGxAqgH1ckbqAfZtrECqAeaBqgH_56xAqgH35-xAqgH-MKxAqgH-8KxAtgHANIILgiAYRABGB0yCIqCgICAgIAIOg2AQIDAgICAgKiAAqgDSL39wTpYhq_V0b3nkwPyCBthZHgtc3Vic3luLTM0NDgzNDE4NTI5MjkyNTOxCSKBiOoB9r6ZgAoDmAsByAsBgAwBogwDkAEBqg0CWkHIDQHiDRMIgdTV0b3nkwMVkl0ABh19vTce6g0TCJjt1tG955MDFZJdAAYdfb03HvANAogO____________AdgTDYgUAdAVAZgWAcoWAgoA-BYBgBcBshcQGAEqCjQ4MTIxMTMxNTFQBroXAjgBqhgXCQAAAAAgxvFAEgo0ODEyMTEzMTUxGAGyGAkSAvZOGC4iAQDQGAHCGQIIAQ&ae=1&gclid=EAIaIQobChMIzZTX0b3nkwMVkl0ABh19vTceEAEYASAAEgJywfD_BwE&num=1&cid=CAQS0QEABaugfbmpQXvw1bEoe25sARA1VcX2CZJVhB3sNSm-Hi4XLfi2U3dLOk_mSVj8Wc-HtEKW8q_O1PNgrUhcjhAIEzHy296HJNKrFM-ELCKvRUr5RTwDqREbIZSdANW6b74ufKlQPt-PbXKaxCNTuMK2xuNOzlzEVaLaBUch8opATJNqli0ecrKjginhMX13H59k9oWPp_EqiSxAIs0iaVnNhJnicbcLBiJXv2p1_XGW4m1rZtZ3JwXsFR_oEO0XfQKiPjRpa4b57UWf0hgfb1CxOBgB&sig=AOD64_1IOmCGpONcQQMVRpNwYcBSUDIEZw&client=ca-pub-5610521491184789&rf=4&nb=9&adurl=https://knownow.co.in/article/the-essentials-of-data-privacy-audit-and-dpo-services%3Flid%3Dc6cb180f85f7827bf86c6561a5d60a8f%26utm_term%3Dwww.hurriyet.com.tr%26utm_campaign%3D23700051303%26gad_source%3D5%26gad_campaignid%3D23700051303%26gclid%3DEAIaIQobChMIzZTX0b3nkwMVkl0ABh19vTceEAEYASAAEgJywfD_BwE,https://knownow.co.in/article/the-essentials-of-data-privacy-audit-and-dpo-services?lid=c6cb180f85f7827bf86c6561a5d60a8f&utm_term=www.hurriyet.com.tr&utm_campaign=23700051303&gad_source=5&gad_campaignid=23700051303&gclid=EAIaIQobChMIzZTX0b3nkwMVkl0ABh19vTceEAEYASAAEgJywfD_BwE,yes,yes,yes,yes,yes
670,https://www.googleadservices.com/pagead/aclk?sa=L&ai=CnOmY-TjbadSJEsWU3NMPu_VDl_aYvX6awKigzQ7IwpbLjw4QASCT2NIfYMfV_42EJqABh8uvlQPIAQPgAgCoAwHIAwiqBK4CT9CsI8PDbBdDeWYjEepgOe3kP8FVcI6D_OIu05RJvuYYtnWnbFYzCWP4LERfB0PPGq6XN_2oiDvwty_GseskA7m9DION8V3ZQ4mJDyNgGi_V3B4itZ9B4uPYuYz5WnT3_5NDTaYYoxpFLBHKRqDJDs0x67vhhY_WocJ847YJWC2hTOfVWlF-ZslNCyxjKdKSEbVZOui16p1CwiHZpDoj1L8wM-sEB_knhXRX6vrE5bjiFcOiKy9gi40_kbjWACgb-kg4O_dbYU5VAn9KXQT33P54eN6NA8lAJbHk6UUQ0N9gDkuTV1uNIXUgWnAWuBM-6f7TD3IM_CAmeuzAdzhBB0Eln5xInGQjk3Z1FyKRKv23HQEXtpbC0B9AFHUC83IUzUvU9IXfnirZj33Rsk7ABJ-T1ITYA-AEAYgF2uiUsQOgBgOAB-G00GqoB6fMsQKoB6a-G6gHzM6xAqgH89EbqAeW2BuoB6qbsQKoB47OG6gHk9gbqAfw4BuoB-6WsQKoB_6esQKoB6--sQKoB5rhsQKoB9XJG6gH2baxAqgHmgaoB_-esQKoB9-fsQKoB_jCsQKoB_vCsQLYBwHSCC8IgGEQARidATIIioKAgICAgAg6DYBAgMCAgICAqIACqANIvf3BOliJxuWQ1eeTA7EJWwjws0Cpr3GACgOYCwHICwGqDQJaQcgNAeINEwj59OWQ1eeTAxVFCncEHbv6EADqDRMIgrznkNXnkwMVRQp3BB27-hAA8A0CiA7___________8B2BMC0BUByhYCCgD4FgGAFwGyFxAYASoKNjIxMzEyMzAyNlAGuhcCOAGqGBcJAAAAAOCk-UASCjYyMTMxMjMwMjYYAbIYCRICk04YAyIBANAYAcIZAggB&ae=1&gclid=EAIaIQobChMIlOrnkNXnkwMVRQp3BB27-hAAEAEYASAAEgK8BfD_BwE&num=1&cid=CAQS0gEABaugfcBLOi-ZnrVxJuzWDljCNrWU9dyzCLjrgrEiz_HSiibNP-WC8BfifvFLfGDWbYAtSchwmlATYGiw4VxyEfXg1ZbYxuOPI5SyATyxJ5rTRDqX9OdpFDq5PbdAZ0r5Tc1lTZN_7xpFb-_K2sExVGMnJk-H0OleUAzg1dWh99eh7duQVGPX9d_SOZ8XugFPF4LN81fVmdU0YnXQacM1L4visalCKs-B1RW_OIaYzOnEyC5cJasc_v_3Rao31Cwlv9iNic-zcA_OkCjVKbx0_-MYAQ&sig=AOD64_1i38CUqKqKz6rsG0QVAOwrYZ7vJw&client=ca-pub-2870152834215954&rf=5&nx=CLICK_X&ny=CLICK_Y&uap=UACH(platform)&uapv=UACH(platformVersion)&uaa=UACH(architecture)&uam=UACH(model)&uafv=UACH(uaFullVersion)&uab=UACH(bitness)&uaw=UACH(wow64)&uafvl=UACH(fullVersionList)&nb=2&adurl=https://www.bridgewatersc.com/%3Fgad_source%3D5%26gad_campaignid%3D908407898%26gclid%3DEAIaIQobChMIlOrnkNXnkwMVRQp3BB27-hAAEAEYASAAEgK8BfD_BwE,https://www.bridgewatersc.com/?gad_source=5&gad_campaignid=908407898&gclid=EAIaIQobChMIlOrnkNXnkwMVRQp3BB27-hAAEAEYASAAEgK8BfD_BwE,,,,,
671,https://www.googleadservices.com/pagead/aclk?sa=L&ai=CDnYs2jjbad-IKcaWgeAP0diXiQm5s9mhhgHU4eDiqhWwkB8QASDo5LYTYMfV_42EJqABx8COxinIAQmpAkeZBpO2WHA-4AIAqAMByAPLBKoEtQJP0IpLVulccy-jbrZYIViODGXh6PZopwQ2bWtuiwYLstJwM2iGN08cYSpqWA8ccB2DsCyq7JwmtUHwOZb5q25drrpdN-gEslKi-pl18e2tDuUxwH8pEH0FWo8dHXKFphxoYwFrHZOAb7w2yuPXDL8JEfRkMB4Efr88Lzy6wMyb6vrfL0Gfv-YJoGRTVYfmmriFr3WsyFEhB3EecHb3l1isvL1iK3G4irRFILodNq1nIhA1qCVkJAkumWmV358GH9z3_VnhRsEmLvVu56jKuSltEcAA-BxV-LF5LWFkm65jaDjZnUTopPPd_yoZZnwfy7NQLCbi3u_-26PVVFG6i9YCak8rrWNm8qv0w2Z4CzRnXLpdmwfYzWQalqSkEkeqgQtWdF3_TBYF-ApG3lMTGVDgz2fAqIPABMfSqe3XBeAEAYgF8tPM3FSgBi6AB8f43qUEqAenzLECqAemvhuoB8zOsQKoB_PRG6gHltgbqAeqm7ECqAeOzhuoB5PYG6gH8OAbqAfulrECqAf-nrECqAevvrECqAea4bECqAfVyRuoB9m2sQKoB5oGqAf_nrECqAffn7ECqAf4wrECqAf7wrEC2AcA0ggvCIBhEAEYnQEyCIqCgICAgIAIOg2AQIDAgICAgKiAAqgDSL39wTpYrr6YgtXnkwOxCUu70JK0GtVogAoDmAsByAsBgAwBqg0CWkHIDQHiDRMIueWYgtXnkwMVRksABh1R7CWR6g0TCJGcmoLV55MDFUZLAAYdUewlkfANAogO____________AdgTDIgUAtAVAcoWAgoA-BYBgBcBshcQGAEqCjgxODA0MjQ0NzdQBroXAjgBqhgXCQAAAACgkiRBEgo4MTgwNDI0NDc3GAGyGA8KBMDS41gSAqhOGC4iAQDQGAHCGQIIAQ&ae=1&gclid=EAIaIQobChMI392agtXnkwMVRksABh1R7CWREAEYASAAEgLNGfD_BwE&num=1&cid=CAQS5AEABaugfQ9aKhfd9B5N9VHpfqKkUcY48QCrk82EiUroy7W64EUUURz_2fxduBPHxIDyCiPTvL929s0ay1J91zK4EfDKuVbwaP8W2rpxExuYB4qdibU85Truec6PQx98Tpo7cW-KEeEmE8iBXfI7nN77zYnkI4K0rbqNOWRdUPBFu2bdMwHpo-Ywco19ntQc5_x72wWmW-_oBFellyi9gw-BfT8PCvl-048iRRNc8A1DVQNfSrn--ELUBs9WsyoVRH6KaqJ14X7s-LP6DNRcXZIhtZYuuyXOjVvAP7g4D7FDMQbTZ2MYAQ&sig=AOD64_2fFnhVC8zaga68Sl7-nW2VOKBSUA&client=ca-pub-9922974912311690&rf=1&nb=9&adurl=https://www.gwm.co.za/models/haval-h6%3Futm_source%3Dgoogle%26utm_medium%3Dcpc%26utm_campaign%3Ddemgen%26utm_term%3Dhaval-h6%26utm_content%3D2026-q1%26gad_source%3D5%26gad_campaignid%3D22742772210%26gclid%3DEAIaIQobChMI392agtXnkwMVRksABh1R7CWREAEYASAAEgLNGfD_BwE,https://www.gwm.co.za/models/haval-h6?utm_source=google&utm_medium=cpc&utm_campaign=demgen&utm_term=haval-h6&utm_content=2026-q1&gad_source=5&gad_campaignid=22742772210&gclid=EAIaIQobChMI392agtXnkwMVRksABh1R7CWREAEYASAAEgLNGfD_BwE,,,,,
672,https://www.googleadservices.com/pagead/aclk?sa=L&ai=CGn5Q7xjbaa2WJ6zrs8IP5KS_mQfE_POxhgHY0ruNqxXWmv_GmQ4QASDb2cKZAWDH1f-NhCagAcuWjNMCyAEBqAMByAPDBKoEwgJP0J5m1Ku6GPDDcq1vvPZ4joFVZdalQmfj3l9xJfr3CIJXelut_uU7nkVNPn8Qek14_l9tDcRrLD3uw7nU7bC_LWuMafrPY5y3bw5Y_8eWBPe8HVq6O2NoNeOzCH4xwhm8FPnnWOF-K9vGHn99S-7rLKhk9HPPzkoewWy3YrOsYL0Lcn0ifd0Ii4Zodd90hxECDM3LCzrATX6TXmVlvTM2bbKun4ht7DhDb_iHFtsIztJyM901h2kxCznOIwMAEFrz8omeVBBOsTA7w1d9qbdbIMOYSGmE3lfsofcU1yUoKXnDz2QUPnSdUs3LfwcgTHDTPbgKdi2iuIElmCQo9m4RscCpdF4mx6WY2o2NJ0Rh2iJg2NQCtStl4xacMb8zXTRHmmN8eW6kml4pz6khcYRrIXnZ_xs8heenUGpp1nkL2xLuwASss_mx1wWIBaSM7bdYoAZmgAed6fOsAagHp8yxAqgH4tixAqgHpr4bqAfMzrECqAfz0RuoB5bYG6gHqpuxAqgHjs4bqAeT2BuoB_DgG6gH7paxAqgH_p6xAqgHr76xAqgHmuGxAqgH1ckbqAfZtrECqAeaBqgH_56xAqgH35-xAqgH-MKxAqgH-8KxAtgHAdIILwiAYRABGN0BMgiKgoCAgICACDoNgECAwICAgICogAKoA0i9_cE6WPqz-cm255MDsQlScQKvv-KKV4AKA5gLAcgLAaIMA5ABAaoNAlpByA0B6g0TCP7N-sm255MDFaz1TAIdZNIvc_ANAogOCdgTDdAVAZgWAcoWAgoA-BYBgBcBshcQGAEqCjcyOTEwNjc1MDNQBroXAjgBqhgXCQAAAABA_AlBEgo3MjkxMDY3NTAzGAGyGAkSAu9OGGYiAQDQGAHCGQIIAQ&ae=1&gclid=EAIaIQobChMI7cn6ybbnkwMVrPVMAh1k0i9zEAEYASAAEgKByPD_BwE&num=1&cid=CAQSvwEABaugfXiGiL-qRSQoIGlWSvgRlcUSnWyScQacbD1i5FXEukOoqQaO7ZB6QYFtGBCNhDWfN3mvgLF-y1hMnN6JdBhvFmQNj298Mlqsr2Ct2497Ei-9REyF1H0-TMwMBFQp68Z635s2rkGBlupjKOoOM1T4goHKukxefse-zXt9N4LcdZOzqXGqrAqDbntfWzsbQ8qqGHEyzyyRD5l7EBT44i14njKrKAC9ZLzNpABs5pmx9UF8PHvCH-4CIvA61RgB&sig=AOD64_0m6_BLrzewZhGT754vTp3HzaUpoQ&client=ca-pub-2915053785761950&rf=1&nb=0&adurl=https://bonarholdingslimited.com/investment.html%3Fgad_source%3D5%26gad_campaignid%3D23739450916%26gclid%3DEAIaIQobChMI7cn6ybbnkwMVrPVMAh1k0i9zEAEYASAAEgKByPD_BwE,https://bonarholdingslimited.com/investment.html?gad_source=5&gad_campaignid=23739450916&gclid=EAIaIQobChMI7cn6ybbnkwMVrPVMAh1k0i9zEAEYASAAEgKByPD_BwE,,,,,
673,https://www.googleadservices.com/pagead/aclk?sa=L&ai=CEFlopyjbacSrEOfxjeYP2sWTwQq1uq2UaIaf1MSWE6Tn8u2VAhABINrXxTlgx9X_jYQmoAHqyY3aA8gBCeACAKgDAcgDSKoElwNP0E0Ch4qjq_EhVKIW8AWaUlJM358YIo7xmwhB8Swbjm9rzwrfAlaCdE9F8XpqNKN2Fe-3S2ydsQ_Y--8pYoi58l0yZry0KTbXSa0R6ZgpdtphUGPzObH4MVF5JxVClRulD_P0H-OGz7kh4igXYgBVCNT_lyDZRSKaDwAXIX7KX9OC4jDtU_OXrvWUf8xlDUXc_IslVw4j0486Ytzqg9FnswuUiwN0639Zx-q2RUjsS1TcmpkRvoVb_Gn3kE425saOu_ynGBo1HieuxgJ6nNeFJRG-qqrL8xbXFXDJG4XdsI8Cepw6dIb9ZhohdKJ6hWpmyLf8s2NO7um46AQHGAW3WFPf1Xv05UD44sMlQf3x95oAtCkahlzXGNV7g0jnD1-EjnRj3I1hWqYF3pznboyjywRY76hOqHoAm4uCzDA7mVIXBms_5MHYh3-7HWwnGWdv6w4J6flTTmOKElJ3p4lWNrF2mvV0LBerRe1AoRpWyttNQ1p6tjh7bjfrbGHEotPBu5-IqXyxZcTAH7n9Y56ag2SgzTLvLMAEwfq74-4E4AQBiAWZl8HpO6AGLoAH_rXyJagHp8yxAqgHpr4bqAfMzrECqAfz0RuoB5bYG6gHqpuxAqgHjs4bqAeT2BuoB_DgG6gH7paxAqgH_p6xAqgHr76xAqgHmuGxAqgH1ckbqAfZtrECqAeaBqgH_56xAqgH35-xAqgH-MKxAqgH-8KxAtgHANIILgiAYRABGB0yCIqCgICAgIAIOg2AQIDAgICAgKiAAqgDSL39wTpYrMnHyMXnkwPyCBthZHgtc3Vic3luLTE2MTQ5MTM1OTg4NzU0OTaxCYh0YK7nKQkDgAoDmAsByAsBgAwBqg0CWkHIDQHiDRMIh-zHyMXnkwMV53jDBh3a4iSo6g0TCPTzyMjF55MDFed4wwYd2uIkqPANAogO____________AdgTDdAVAcoWAgoA-BYBgBcBshcQGAEqCjg0NjYxNTYzNTRQBroXAjgBqhgXCQAAAABg6_lAEgo4NDY2MTU2MzU0GAGyGAkSArFfGC4iAQDQGAHCGQIIAQ&ae=1&gclid=EAIaIQobChMIhJvJyMXnkwMV53jDBh3a4iSoEAEYASAAEgJqNvD_BwE&num=1&cid=CAQS5AEABaugfYMZv_UI5tBJYAIU_MgIrGaMtVddgu-UYqPJR8-N3u9oHJFpBM6jip1dVlf2btMMfOlR7qafShkQi3zxod2ChpaRctM5LQ9jGrezUi1lPct5qU3X-VRb8rbkWvQl2N7iAEEsrlHH5st1pT3pJUJhGEbHNVahdyksMYsdT1eyQwy9aply7hD7KlDBjiYNVJxW-iBg6_PmP3fZmfNxasW3v3z7qiMGI_BeIwWaymh8Mt07jHPTwsYUwC4QhPukJGNff_6dVCFe68IwCLOhsjyD2ppGbjV69rRf9Yx99g6WSfgYAQ&sig=AOD64_2DFdc_4-aGgu9k_SQEK_onjyyKbQ&client=ca-pub-3605257360853185&rf=1&nb=25&adurl=https://www.gantsystems.com/%3Futm_term%3D%26utm_campaign%3D%255BPronto%255D%2BRetargeting%26utm_source%3Dadwords%26utm_medium%3Dppc%26hsa_acc%3D4265516967%26hsa_cam%3D16058960793%26hsa_grp%3D167175454017%26hsa_ad%3D718185991098%26hsa_src%3Dd%26hsa_tgt%3D%26hsa_kw%3D%26hsa_mt%3D%26hsa_net%3Dadwords%26hsa_ver%3D3%26gad_source%3D5%26gad_campaignid%3D16058960793%26gclid%3DEAIaIQobChMIhJvJyMXnkwMV53jDBh3a4iSoEAEYASAAEgJqNvD_BwE,https://www.gantsystems.com/?utm_term=&utm_campaign=%5BPronto%5D+Retargeting&utm_source=adwords&utm_medium=ppc&hsa_acc=4265516967&hsa_cam=16058960793&hsa_grp=167175454017&hsa_ad=718185991098&hsa_src=d&hsa_tgt=&hsa_kw=&hsa_mt=&hsa_net=adwords&hsa_ver=3&gad_source=5&gad_campaignid=16058960793&gclid=EAIaIQobChMIhJvJyMXnkwMV53jDBh3a4iSoEAEYASAAEgJqNvD_BwE,,,,,
674,https://www.googleadservices.com/pagead/aclk?sa=L&ai=Cf1KZvsTZaer2BcmMjeYPi5K3yQaEpdm3hgGQ4P3l7xWsipKxlg4QASD4gc8iYImLxIT0E6ABxN2-7z3IAQGpAlgUI6xnKEc-4AIAqAMByAMKqgTIAk_QYrUUQuyffCRHi9t_NrRCOkMisFAGn6YyeUkV_RcIufhGlzOB6bcldhdCan_rnB2wIGSjH8E1RwdVUvEtXEKMwpjtAIRTTKIGMacY9NvE26mQImUYvRd3IuWfUykAAQCkxTN9m4CWYcZDoayd4Ni47f8VFzkQPz9tI7sx-AacTKdfpqcVRNA1WgKnhPOcpWLuP98QoLAGZqSsFxDZy6m2wbyvHff9lbLJrCNNGYrhVYPylFKA9vyUHov4h6b0dJ3VqyHPR8C-ZbYXMZCOSv3AV0WIvFDlfSE05WLel41N_WVwVA_QXSWxntwQOOxOIbS1q5xsio9VeWAkbgzMSgaTaT0t2NXowGl2e1C6bF66zsVJuNuy6fchZv945JZmjwzky1BRlUFFKdcAGy6BhMPgTYCB3T0XqaSFRJSvdLAex3D0I1YZOZXABOeMgsPUBeAEAYgFma3niViAB8SVj88YqAenzLECqAfi2LECqAemvhuoB8zOsQKoB_PRG6gHltgbqAeqm7ECqAeOzhuoB5PYG6gH8OAbqAfulrECqAf-nrECqAevvrECqAea4bECqAfVyRuoB9m2sQKoB5oGqAf_nrECqAffn7ECqAf4wrECqAf7wrEC2AcB0ggvCIBhEAEYnQEyCIqCgICAgIAIOg2AQIDAgICAgKiAAqgDSL39wTpYgoS0kvLkkwOxCcxGMljAkHNTgAoBmAsByAsBogwDkAEBqg0CSlDIDQHiDRMImb20kvLkkwMVSUbDBh0LyS1p6g0TCNWCtpLy5JMDFUlGwwYdC8ktafANAogO____________AdgTA4gUBdAVAZgWAcoWAgoA-BYBgBcBshcQGAEqCjczOTczNDE2OThQBroXAjgBqhgXCQAAAACgFv5AEgo3Mzk3MzQxNjk4GAGyGAkSAotUGAEiAQDQGAHCGQIIAQ&ae=1&gclid=EAIaIQobChMI6s22kvLkkwMVSUbDBh0LyS1pEAEYASAAEgJyMvD_BwE&num=1&cid=CAQS0AEABaugfcc2w5I9jnRZ4HZBdfQjFNDNZ18A3lqLBRNsvM8cSBEshkmUieU3P3cgLC2IIhEVKtwSEVT5M2vihgxjIdxvEm0ovQZTKz0xK2P2Qhp-BxyXS_YiBitCWrSMQv-6SVNbuZgluPbMfeD6Aa4qFZtWbJor7bfv4x2uIMNAzoP-lJHySz61SMvPZ4pPPKNy6PoSBiYF4kS5S80nooy86X0zPwZPg1QCjeKVLxFKpda053g3Pqz90E08VTZj3Db3kUagJjK9yfimUmvr1X7IGAE&sig=AOD64_21iIzcXAOpcFtTBtl70p6OD5psmw&client=ca-pub-3185547171517244&rf=4&nb=0&adurl=https://apply.niatindia.com/login-campuslife/%3Fpi%3Dcampuslife%26utm_source%3Dgoogle%26utm_medium%3D1000reach%26utm_campaign%3Ddigitalads-niat-display-india-english-reach_freq_sr_not_er-appl_dm_campuslife-poster-soft_dev%26gad_source%3D5%26gad_campaignid%3D23642887833%26gclid%3DEAIaIQobChMI6s22kvLkkwMVSUbDBh0LyS1pEAEYASAAEgJyMvD_BwE,https://apply.niatindia.com/login-campuslife/?pi=campuslife&utm_source=google&utm_medium=1000reach&utm_campaign=digitalads-niat-display-india-english-reach_freq_sr_not_er-appl_dm_campuslife-poster-soft_dev&gad_source=5&gad_campaignid=23642887833&gclid=EAIaIQobChMI6s22kvLkkwMVSUbDBh0LyS1pEAEYASAAEgJyMvD_BwE,,,,,
675,https://www.googleadservices.com/pagead/aclk?sa=L&ai=Co4_c0r_ZaaHmN8GU3NMPyJCtqAPluOGzhgG8jtaX1BWd5pHJlA4QASCxxahPYImLxIT0E6ABue3ItkLIAQKpAtc6aU-p9zo-4AIAqAMByAMIqgTXAk_QaaVmZnVUslcv9znRpdjTJamh_tJKRCUTU5ClaCCHvYZyfvBsUGqLvPwfPOSXDnu6bI1UBvTgojlQaDaruns-9RRI4MI2TlSc9BKRYIqQCLXTahFDnHIiWCJvWWuc3EotujHbLjR7cF0-dQjwF4mZCAPUCByi0m9NSJm0hexJCHk7URHscDGOkx16eGncNcfWBQHMhpgq0ie_ySxotX_Mf1VlBVvpGH3wWDBDwB0gUPVQGadcGVpL1Icg9z6MXE-JupyS0PPbcV9wiu5Jq51C26Yz9n_OtR3cNPwkH22pyFHdR_u_HwhhO05tL6ERnXQfUhKO6nIOxvU5-Ylrvyhg60Z5Mn1Po7w1v42yL55j3GAKD30_vLdeLYHY7esfH3kSsMYJt_rpTS4MHlD2w5JHcbX-NBzhTagDo11tjK_D71wSK3m3sUDY6xr1_RGyT-UYSZey2MfABPWanY3OBeAEAYgFhJCw5legBgKAB7mlmZYdqAenzLECqAemvhuoB8zOsQKoB_PRG6gHltgbqAeqm7ECqAeOzhuoB5PYG6gH8OAbqAfulrECqAf-nrECqAevvrECqAea4bECqAfVyRuoB9m2sQKoB5oGqAf_nrECqAffn7ECqAf4wrECqAf7wrEC2AcB0gguCIBhEAEYHTIIioKAgICAgAg6DYBAgMCAgICAqIACqANIvf3BOlitk_657eSTA7EJA3keN2ZmwfmACgOYCwHICwGqDQJKUMgNAeINEwjttP657eSTAxVBCncEHUhICzXqDRMIxen_ue3kkwMVQQp3BB1ISAs18A0CiA7___________8B2BMC0BUByhYCCgD4FgGAFwGyFxAYASoKMzkyMzU5MjI0N1AGuhcCOAGqGBcJAAAAAF6NL0ESCjM5MjM1OTIyNDcYAbIYBRgCIgEA0BgBwhkCCAE&ae=1&gclid=EAIaIQobChMIoZeAuu3kkwMVQQp3BB1ISAs1EAEYASAAEgLAzPD_BwE&num=1&cid=CAQS0AEABaugfRHZ2ZbOvNEiWtkfFpUC00jZ_styGm_y1cWN3vO0ES4bhD7DKdDurOvf1eeyuSQeJMQKK0rAYBFXMNkOURyK2aJRHit0f-BHPzYKYvZd5HEgKb1b-WALA1tpy33Y01J5Qcrybqk22M5EbMXFkIt1ZobNnKU-sVCc39BE3fqBB4zDBYKTy8T93d8PHa2IsUzHrjDt772pLHdXn8KAaBkqMrIdhLdmKgkndSNh8spQkQfIVAP07bKm0WECcYhJJ_stemiR4BFfB_EzTG4lGAE&sig=AOD64_2rrHlfzV1-uVC0_Et58NJHo3k0pw&client=ca-pub-5906247292784018&rf=5&nx=CLICK_X&ny=CLICK_Y&uap=UACH(platform)&uapv=UACH(platformVersion)&uaa=UACH(architecture)&uam=UACH(model)&uafv=UACH(uaFullVersion)&uab=UACH(bitness)&uaw=UACH(wow64)&uafvl=UACH(fullVersionList)&nb=2&adurl=https://www.orlovchanka.ru/%3Fgad_source%3D5%26gad_campaignid%3D23568582660%26gclid%3DEAIaIQobChMIoZeAuu3kkwMVQQp3BB1ISAs1EAEYASAAEgLAzPD_BwE,https://www.orlovchanka.ru/?gad_source=5&gad_campaignid=23568582660&gclid=EAIaIQobChMIoZeAuu3kkwMVQQp3BB1ISAs1EAEYASAAEgLAzPD_BwE,no,,no,,
676,https://www.googleadservices.com/pagead/aclk?sa=L&ai=CB42aZi_badLzKJ2UjeYP-Zaq6Q2iz7O0hgGZ5I6R_xTi3v-G1zIQASD4yMkgYMfV_42EJqABleu3_wPIAQngAgCoAwHIAwqqBOICT9D-OclEjxRsY4NcKjpqrdNFwSxw69Z7AjNhNkiEr3r0ZqcaOMMGZ-SQxzBFgTCEGa6KV2K0gGMjJpAYis3Dk0iwwV0DFyaEU22hQB6s2AL5viYlfJvgnwDhqs8xBd5jG5iZlj8F4asIZul13zPGe-DgLemJ_9C1zYYuKnWg-Uamukz21aIsp7zQRJpBHKYqifeVxZ5EbKcCYFnZJEUm2lDU2iAtXkN3ayd_gvBdPPDnvFnrA30fy5-l-YHRXm8tnnU2DP_D4ZVZRjjjua0bE0racrG6ptUIpln-4AJTWcGASV6jelPyIfJFrcVi2Mq3BF1p-SFiEX-K-6I9lOPl-GLuxbbeHWgNuayuBn5wRsaDlGNK0vu8R8zRWKXVtLNGU8fpByw4RHUHoJveJDiXTCL8WLVLi-ULHAGdycl3ajFYN2MEAsrhmuyzt3wx05GcKYQcOaDjpG54TkghdAwZsCH9wAS-nd_AxQXgBAGIBe7F-bhXoAYugAfTlEioB6fMsQKoB-LYsQKoB6a-G6gHzM6xAqgH89EbqAeW2BuoB6qbsQKoB47OG6gHk9gbqAfw4BuoB-6WsQKoB_6esQKoB6--sQKoB5rhsQKoB9XJG6gH2baxAqgHmgaoB_-esQKoB9-fsQKoB_jCsQKoB_vCsQLYBwDSCC4IgGEQARgdMgiKgoCAgICACDoNgECAwICAgICogAKoA0i9_cE6WPP-nYDM55MDsQnKyhxFRdmAH4AKA5gLAcgLAYAMAaIMA5ABAaoNAlpByA0B4g0TCJTUnoDM55MDFR1KwwYdeYsq3eoNEwjomaCAzOeTAxUdSsMGHXmLKt3wDQKIDv___________wGwDoOa9OcYohNUCjcIA0ABUggKBhIECAEQAWjjmumIQ3IhEh8gAigBOAJA7sX5uFdYAWj-__________8BgAEBmAEDGhkKF2NhLXB1Yi0zNjIyMTM2MDk4Nzk0MDQwuBPkA9gTC9AVAZgWAcoWAgoA-BYBgBcBshcQGAEqCjIxMzAwNDU4MThQBroXAjgBqhgXCQAAAAAANPZAEgoyMTMwMDQ1ODE4GAGyGAkSApNOGC4iAQDQGAHCGQIIAQ&ae=1&gclid=EAIaIQobChMI0r6hgMznkwMVHUrDBh15iyrdEAEYASAAEgLopvD_BwE&num=1&cid=CAQS5AEABaugfd4yABxlcbGuNDWE_B2NeMMeo12flWtTMKjsAVqrxV4EqnfGWgAzKOiM2xNSPZCd6kRgCR59ZZqtC69nzYaAp0JIWVOVLLbhmxL-P-EZOIqg9pBZ4WRw1Gd7tf1SZdt6JdAakmFAKsPD77TJGuVwvytW23Dr32xfFzeSbXdYEHTOBAQFbxCqlPM4LtFX2slfBdLAiB-nCIrCT6nvVPG47Jvokj8HlYs2Xx85JYOs1-67x_FkAZedqTcKNlovONJO9diihNz5lA3OJuNCOrcvoyaq5sdgIa-PaBCmA8ri7k0YAQ&sig=AOD64_1RlBq3Jp-uJ_DfMuVYwGnZ3I16Og&client=ca-pub-3622136098794040&rf=4&nb=9&adurl=https://www.northmyrtlebeach.com/%3Fgad_source%3D5%26gad_campaignid%3D23473316590%26gclid%3DEAIaIQobChMI0r6hgMznkwMVHUrDBh15iyrdEAEYASAAEgLopvD_BwE,https://www.northmyrtlebeach.com/?gad_source=5&gad_campaignid=23473316590&gclid=EAIaIQobChMI0r6hgMznkwMVHUrDBh15iyrdEAEYASAAEgLopvD_BwE,,,,,
677,https://www.googleadservices.com/pagead/aclk?sa=L&ai=Crw00N8_ZaZ-0B6OygeAPiZnryQHv9_evhgHxysaX5BXv6faQ-UgQASD_58geYImLxIT0E6ABot61sUHIAQmpAtc6aU-p9zo-4AIAqAMByAMKqgSMA0_QVy-1nPUrulFZomBqU9OOhLvA5F9yjbRHvclB-ovkNxs7TlqGDt5_eTVetksoXNfGczo39CujYlxdbVxeLYqjKqYBqDQ5ZbFCSndWzsAwcIYHlYwoNIuK0rLdAKXM7DdLzTX75VHRnJk3ONuumRhk2QLcQQcwDpOWZqqJYSZ1LBHPonC23eKfyImc7l-ayRmmbgY_NW4gJFVWvaC7UzO7xzhmGphCpON-3ArYy2JJNxu0gzpVCeBwXqhTTfdWJdG_HdxL5ztFFQRGq8ubvS1uwUaLTn5aBY1l1Qeusrc52lJNd5W7sdXa9yQmV6W7tkS30e8GMXOIUuuzWKzvGQM9knPe1CYteFdKBNPnPv_a-auOMjVrjlcFumasTB7i4dLA98jRIxelJKOT-4QKcYZGFmPWuUAhw7NAV2mVdcJc16wnQdOKOHhnmnOmMvWGLC9rg_xeTZkxuTz42aNnx6mo8RG2nxDCBBBnet-9a8DMWyf7P6ETp8TocmbTuWuwzjgXE8wqxN5xhZ6Y38AE-o7VieEF4AQBiAWJ6MHbVaAGLoAHopaGkRyoB6fMsQKoB-LYsQKoB6a-G6gHzM6xAqgH89EbqAeW2BuoB6qbsQKoB47OG6gHk9gbqAfw4BuoB-6WsQKoB_6esQKoB6--sQKoB5rhsQKoB9XJG6gH2baxAqgHmgaoB_-esQKoB9-fsQKoB_jCsQKoB_vCsQLYBwDSCC4IgGEQARgdMgiKgoCAgICACDoNgECAwICAgICogAKoA0i9_cE6WNCD6ZD85JMDsQnueq-VQch14oAKA5gLAcgLAYAMAaIMA5ABAaoNAkpQyA0B4g0TCPim6ZD85JMDFSNZAAYdicw6GeoNEwihgOuQ_OSTAxUjWQAGHYnMOhnwDQKIDv___________wHYEwPQFQGYFgHKFgIKAPgWAYAXAbIXEBgBKgo4Mzg3MzY5NDg1UAa6FwI4AaoYFwkAAAAAQE_9QBIKODM4NzM2OTQ4NRgBshgJEgKeaRguIgEA0BgBwhkCCAE&ae=1&gclid=EAIaIQobChMI36vrkPzkkwMVI1kABh2JzDoZEAEYASAAEgLDWfD_BwE&num=1&cid=CAQS4wEABaugfcOx7lcM0S-ZRrfjvB9igQpa3MpR6OZYCsfR6j41-WTbarfK08yBDv1yVK0Jte7QwoCsJrVGug91OJTbsqTvEDXOzniW6D8OgaLmxS8QQ2a2sncKyQFZ1OnFtX9ld9ystHrX4POIFK4lLr_ZdO5omPidcdDXHZpMXb0W_lGgRl5n0aoNSfGRFs5PFgVChQzHJVerMzS8XauW1J1djBQqTmk2urqfhTiBZK6ytwLxkuutJsoWUi6baCZFEE_cTe-RVXDEoQrEzUmtNmWcIbULf7WZNNEeeONawWn_SIMNqBgB&sig=AOD64_2zTTc14QWxGk9SqKe3yRLrG6L3JA&client=ca-pub-2192002536170159&rf=4&nb=9&adurl=https://lit.link/prepublishing%3Futm_source%3Dgoogle%26utm_medium%3Dbanner%26utm_campaign%3Drtg%26gad_source%3D5%26gad_campaignid%3D23008932873%26gclid%3DEAIaIQobChMI36vrkPzkkwMVI1kABh2JzDoZEAEYASAAEgLDWfD_BwE,https://lit.link/prepublishing?utm_source=google&utm_medium=banner&utm_campaign=rtg&gad_source=5&gad_campaignid=23008932873&gclid=EAIaIQobChMI36vrkPzkkwMVI1kABh2JzDoZEAEYASAAEgLDWfD_BwE,,,,,
678,https://www.googleadservices.com/pagead/aclk?sa=L&ai=CrJHAEyXbacGGHoW3geAPmN7fUM7vp7SGAabInba_FdzZHhABIKP-wh9gx9X_jYQmoAHm2MCePsgBCeACAKgDAcgDCqoEygJP0PfcKl44Fv1iL3NFdbJLtV54pY_btuYm4zAhWG-jeeB2LPRBkMRekB72BqMsMDSSaNeLILpmxW79XA4EKoaNu-kZJSRKxAR5RA8T2ely5PUIHrxPmEGNxBvNHj_BKAdSFEpSCdZ2vONtTcvswENmxHg5zCub_2NO-Pypn89YSnpXo86VKDK1Jh5CMKGJshqmifCX8mM_fZKaeYXvCltUEVYmwqxV2cYKvnwarIBmif8xE0z9fx3mdCZYMtvesFGunDHZl7O2QvJpqQUro4J4u6PSp4nrZ_LfvLEntPqMrsr3LvAtuE9uUvgpaPL41p9ar4sp6DMAwz9H7PzU5NsIqsnPkCCgSopp2aDeLuah_GGpxxeIvaL6G6BKuBbsmmpuSiU_VJPhsrKRAX4wfdGxkqx6YCiFqTQ9BZTdSuY4iKudlm69XaDVeV7ABP2c_f3VBeAEAYgFyLCetFigBi6AB-aQkf4YqAenzLECqAfi2LECqAemvhuoB8zOsQKoB_PRG6gHltgbqAeqm7ECqAeOzhuoB5PYG6gH8OAbqAfulrECqAf-nrECqAevvrECqAea4bECqAfVyRuoB9m2sQKoB5oGqAf_nrECqAffn7ECqAf4wrECqAf7wrEC2AcA0gguCIBhEAEYHTIIioKAgICAgAg6DYBAgMCAgICAqIACqANIvf3BOljz7vCTwueTA7EJPZgUeB9WloeACgOYCwHICwGADAGiDAOQAQGqDQJaQcgNAeINEwjLkfGTwueTAxWFWwAGHRjvFwrqDRMIxbXyk8LnkwMVhVsABh0Y7xcK8A0CiA7___________8B2BMNiBQB0BUBmBYByhYCCgD4FgGAFwGyFxAYASoKNjgwOTgwNTU4OFAGuhcCOAGqGBcJAAAAADB0-0ASCjY4MDk4MDU1ODgYAbIYCRICv04YLiIBANAYAegYAcIZAggB&ae=1&gclid=EAIaIQobChMIgdzyk8LnkwMVhVsABh0Y7xcKEAEYASAAEgIPNvD_BwE&num=1&cid=CAQS0gEABaugfSsvMEozwR9k_QYTJGTz25JDPhTx32Blip8QBQfIs6As19Hqf6TjeCM17KH2MA5rCrmSr0I0zGR0rZg6AuirxHfjmfjNr2f7d2Vp5xqGrr72osEnZ4xwz9uyDt1-2I_bP57TTahXeEMLS0jzRmtpk5WAsncxzMnVK_o0cZWEx-LB-iZCWOB9YCtaF3gxkPYWK9yLKhYxid7rak04TFfLAdte4FBK9rA30S7wb9RS07H43skkslLdGOdo5dTwq5NAUBVkaVJUK_0k0KVy5SMYAQ&sig=AOD64_2a0jaRgCv2-YMxJ5Iq2Kq8p2ROxQ&client=ca-pub-3805416966001714&rf=4&nb=9&adurl=https://www.target.com/p/papatui-men-39-s-broad-spectrum-sun-protection-spf-30-daily-facial-moisturizer-with-zinc-oxide-2-5oz/-/A-94862214%3Futm_medium%3Dcpc%26utm_source%3Dgoogle%26utm_campaign%3D23731869768_194879901309_804501371261_%26utm_content%3D23731869768_194879901309_804501371261_%26utm_term%3D%26gad_source%3D5%26gad_campaignid%3D23731869768%26gclid%3DEAIaIQobChMIgdzyk8LnkwMVhVsABh0Y7xcKEAEYASAAEgIPNvD_BwE,https://www.target.com/p/papatui-men-39-s-broad-spectrum-sun-protection-spf-30-daily-facial-moisturizer-with-zinc-oxide-2-5oz/-/A-94862214?utm_medium=cpc&utm_source=google&utm_campaign=23731869768_194879901309_804501371261_&utm_content=23731869768_194879901309_804501371261_&utm_term=&gad_source=5&gad_campaignid=23731869768&gclid=EAIaIQobChMIgdzyk8LnkwMVhVsABh0Y7xcKEAEYASAAEgIPNvD_BwE,,,,,
679,https://www.googleadservices.com/pagead/aclk?sa=L&ai=ClR8nLCHbaauxHO2AjeYPtKms2A3optqFf_-2tID7ELCQHxABIMClqyNgx9X_jYQmoAGU_4LdA8gBCeACAKgDAcgDCqoE1AJP0KKIu8hlJX3Owe1a1DQx_nz-_YhvHVgpFNwa-L3lhb-6-EAXxhMks5LWbcIVWeavNFW3HAEQtcIWmZJZzWFG0MY6-St6QF7YaUUgSeQ-GIcQY2dTI3_ho9IPGLNNEqbFY0iwc0AP27bGs29IrIj-C86u8ERXTNksOfjAujyn4mDkgwOrjQGhn_UO-X9n7JeJudC4E86kRbbnTXDeLhtHgNSqS06IXNr_RtnflVVhvqyEtpIR3RXhkFwzPhfeEowpopZarsQBtO9OOjGuh0K2Z61sOKisTQDEylOrOu-KAl48AtHuyNJYRi-BCU1BNapm9Qrii4EqtnxPoJuLkLFvxXM1tQgA4oNKnKf_vTups2SeXkM139rfQCbDQ3AfWgf6mpaQOgTtXdR9EWB0BrNKVjnNxXgTk8NL6CxGSjGuaZy9yh-a2yGMO8QxxXPyVUwRZBeswAT53bWupQTgBAGIBd_XnuwooAYugAfUgP0iqAenzLECqAemvhuoB8zOsQKoB_PRG6gHltgbqAeqm7ECqAeOzhuoB5PYG6gH8OAbqAfulrECqAf-nrECqAevvrECqAea4bECqAfVyRuoB9m2sQKoB5oGqAf_nrECqAffn7ECqAf4wrECqAf7wrEC2AcA0gguCIBhEAEYHTIIioKAgICAgAg6DYBAgMCAgICAqIACqANIvf3BOljahcG3vueTA7EJLgymJWZtCWmACgOYCwHICwGADAGqDQJaQcgNAeINEwjWqsG3vueTAxVtQMMGHbQUC9vqDRMI0dPCt77nkwMVbUDDBh20FAvb8A0CiA7___________8BohNUCjcIA0ABUggKBhIECAEQAWjp2MWrSHIhEh8gAigBOAJA39ee7ChYAWj-__________8BgAEBmAEDGhkKF2NhLXB1Yi01MjI3NzQ4NDI5NTA4MDQ5uBPkA9gTAogUAdAVAcoWAgoA-BYBgBcBshcQGAEqCjE1OTg3NjE0MThQBroXAjgBqhgXCQAAAADAKedAEgoxNTk4NzYxNDE4GAGyGAkSAq1RGC4iAQDQGAHCGQIIAQ&ae=1&gclid=EAIaIQobChMIq_fCt77nkwMVbUDDBh20FAvbEAEYASAAEgJ6kvD_BwE&num=1&cid=CAQS0gEABaugfVwfP92kOI7EWdZmsIqzc5-T5fF9JmmfmS_nLjcxr1uLY5CFtnKwR2UlaStiZH1G5J4LeIQNf5lxJl00U3zZcCcTXg3p1ghscAyrHRIRoThrACxCXOUpr7pbGc0yGAqLivV2GYSpNOUrlTCTQBkG4ZkngPQF-S_LIVHZGlubYeoyUAiZIacUzbNsFORnYmLjyILFB8JrOdj9FTVyhtF_BwgzjX8Jf2UompJyut4iBUv5VQ6eF05CL4nKtqCE6my6JzbyVPgGk3O4eRYadF4YAQ&sig=AOD64_1ciFS0sNG_8SsU7e32nd7oQjbpFw&client=ca-pub-5227748429508049&rf=4&nb=8&adurl=https://www.dutchcrafters.com/%3Futm_medium%3Dcpc%26utm_source%3Dgoogle%26utm_term%3D%26utm_campaign%3DDisplay%2B-%2BTraffic%26hsa_acc%3D9366795812%26hsa_cam%3D10964413407%26hsa_grp%3D147468414713%26hsa_ad%3D648027219289%26hsa_src%3Dd%26hsa_tgt%3D%26hsa_kw%3D%26hsa_mt%3D%26hsa_net%3Dadwords%26hsa_ver%3D3%26gad_source%3D5%26gad_campaignid%3D10964413407%26gclid%3DEAIaIQobChMIq_fCt77nkwMVbUDDBh20FAvbEAEYASAAEgJ6kvD_BwE,https://www.dutchcrafters.com/?utm_medium=cpc&utm_source=google&utm_term=&utm_campaign=Display+-+Traffic&hsa_acc=9366795812&hsa_cam=10964413407&hsa_grp=147468414713&hsa_ad=648027219289&hsa_src=d&hsa_tgt=&hsa_kw=&hsa_mt=&hsa_net=adwords&hsa_ver=3&gad_source=5&gad_campaignid=10964413407&gclid=EAIaIQobChMIq_fCt77nkwMVbUDDBh20FAvbEAEYASAAEgJ6kvD_BwE,,,,,
680,https://www.googleadservices.com/pagead/aclk?sa=L&ai=Ctsnpii7bafmENfv1jeYP_JKeoAT0-pawhgHiscmighXcpPTKrxcQASDNno8YYMfV_42EJqABt7L1twPIAQmpAhA1BGu2I4E-4AIAqAMByAMKqgTAAk_QMVwTPT7zJ86l9fJEAav5QmzldMsgxu9QvXEkZzZ_WHI3vNRwzXAKcMdAscf4u2dYxZPdVXwzJqPsClbSy7MPxLZI8eqKOHgSGJodwrLJLN9LWDdupz4st910r8ooYJ1LTTIvfwF13IANKs3XYwLR-18Of52bKn-3485bzjVRtUrfBR8lj2XL-Y1RgD0QnIJpAYqiJhn4ikWgugL4Cyc5N2H4STxcI-Tw8T9SvIJ8Nz5-zCyL1gj1VwRn0ukcevkIcm_BsPUFhllzM_-znjPptZcGBMzGse9UNbWU8ED6Rx_pugmEYlS3z6kamJIjxK6xGg2cVYd7qoxzdtfGetxmxDdehiJiTy-VLl-VsBno7p-FmvPN84O_Ej0fqbyMJYyU7ceChc57ekYIF14SZQ5YyXHv7sNi4zRofzI4u9GgwASBmIe81AXgBAGIBb6MtrRYoAYugAexzYpIqAenzLECqAfi2LECqAemvhuoB8zOsQKoB_PRG6gHltgbqAeqm7ECqAeOzhuoB5PYG6gH8OAbqAfulrECqAf-nrECqAevvrECqAea4bECqAfVyRuoB9m2sQKoB5oGqAf_nrECqAffn7ECqAf4wrECqAf7wrEC2AcA0gguCIBhEAEYHTIIioKAgICAgAg6DYBAgMCAgICAqIACqANIvf3BOliD3LeXy-eTA7EJO7RPGFvgh1aACgGYCwHICwGADAGiDAOQAQGqDQJaQcgNAeINEwi2-beXy-eTAxX7esMGHXyJB0TqDRMIpsW5l8vnkwMV-3rDBh18iQdE8A0CiA7___________8B2BMN0BUBmBYByhYCCgD4FgGAFwGyFxAYASoKMzc4NTc4NzMyMVAGuhcCOAGqGBcJAAAAAJAd_EASCjM3ODU3ODczMjEYAbIYCRICu08YLiIBANAYAcIZAggB&ae=1&gclid=EAIaIQobChMI-fG5l8vnkwMV-3rDBh18iQdEEAEYASAAEgKnA_D_BwE&num=1&cid=CAQS0gEABaugfdlKXMBtzhKFFzyJxUcy-OzZ60BcAhGlRQZmMymZhElgLNMwVU3gl_s5P75CevH3qpXaU0x5wfG5wcaLvlHmGK-TxFh5gJaihaZFUMZqT5eCI5sIf3p-7Q45qjgCnB4Wg7YAowcljXn_kCPXqubofADoSZksS4vMWK6vsZiAZ6Tk_3RjUS9QCs-cCWGvwIeDY8-qzim8svdQHhS5_I0k_mheLTtOH-O8hIGl9Fg_63GJPh0IicaubFR1kK25Xiqo1H_P663alUPEGxqEHc4YAQ&sig=AOD64_04yVPBunCC8gOba1f_Cp_kluohTg&client=ca-pub-4075694933314520&rf=4&nb=9&adurl=https://www.crafterblue.com/%3Fgad_source%3D5%26gad_campaignid%3D23732258366%26gclid%3DEAIaIQobChMI-fG5l8vnkwMV-3rDBh18iQdEEAEYASAAEgKnA_D_BwE,https://www.crafterblue.com/?gad_source=5&gad_campaignid=23732258366&gclid=EAIaIQobChMI-fG5l8vnkwMV-3rDBh18iQdEEAEYASAAEgKnA_D_BwE,,,,,
681,https://www.googleadservices.com/pagead/aclk?sa=L&ai=CJnCwHc_ZacGoD9W1geAP_obJ0Aq8rsnYgwHG0pCshRXTz9KZjA4QASDEqIAiYImLxIT0E6ABt5iv0APIAQmpAmD9s7Mhq7M-4AIAqAMByAMKqgTxAk_QnKxGIqYLSKlA7HMVOt-X7e-5Kez49NHrXvyBbAgl61zURbMKx9QYc0RDdu-rt7aQns83hKcuaa31cDPWwNIEAgMKD5BxOTDSB9DqeMxV8q3MmJ1tTr1Ok7zQ9Tyz6_OkwdkSPwPspYSBIsx0Lg8742kxwG9uW3Nt7NFkCgkrOVb_S2f9id6A21eyWwL-79q656_ndozuxHEGRkgmO6WRB-JPIwC5AbpTMhg9zowzsRJbJu2P2FU-gEL53NhopSXgT3n0siHzAca5Ua06H2ADVXxg4rEGOgXpnjzMFMjMFi4KfmdUKADppdFBa8wdh_P5GSONzIGDdZNfgHWG241FBWzzQnAtMOnNdKDt1IQsXVV-q9bBe1cOHo7XhzuQgmVu-Qi55sTX_aJ7i_oHuZWoIJZBhZoENnCGYM1pBjHeRIsZ_VqgMeNU68yNpN-s6zMyVUz0Nyz_e51uFEuu2zPlMjxc2inpLTzr0TfKT0V3N8AE8OX24cIF4AQBiAWqsrfmVqAGLoAHsefQL6gHp8yxAqgHpr4bqAfMzrECqAfz0RuoB5bYG6gHqpuxAqgHjs4bqAeT2BuoB_DgG6gH7paxAqgH_p6xAqgHr76xAqgHmuGxAqgH1ckbqAfZtrECqAeaBqgH_56xAqgH35-xAqgH-MKxAqgH-8KxAtgHANIILgiAYRABGB0yCIqCgICAgIAIOg2AQIDAgICAgKiAAqgDSL39wTpY4pG-hPzkkwOxCQdO43qFK2dPgAoDmAsByAsBgAwBqg0CSlDIDQHiDRMInbe-hPzkkwMV1VoABh1-QxKq6g0TCMaAwIT85JMDFdVaAAYdfkMSqvANAogO____________AbgT5APYEwOIFAHQFQHKFgIKAPgWAYAXAbIXEBgBKgo3OTQyNDU1MDUxUAa6FwI4AaoYFwkAAAAAOEQVQRIKNzk0MjQ1NTA1MRgBshgJEgKATxguIgEA0BgBwhkCCAE&ae=1&gclid=EAIaIQobChMIgavAhPzkkwMV1VoABh1-QxKqEAEYASAAEgLsxfD_BwE&num=1&cid=CAQS4gEABaugfRGIk1orPYmj22DJinapTaZw2M_BMnGos-3Cd5lS2LlqXyE1eRhyNSuvT232o2XdR-8UR9fpvweyhDYuQzKGgBVOPcD2JAR6EF1C-O920f7QS713SbUE-u_8n86GPhLYJZrGLpWah5EQnnkQmiaYXb5ga30kOTIKJmo_Wgrwnhewsb3usptyOTjXKSNmmmfwhvsEHQsjT3s8phNqoUUPcT06eX8Zes755paUexrx0Xe-HycvZjSK-WBCwk_5BU_Yh1kG1Pd86yzYNVw1LbNUstCDZbrOXFvP9ThsILUdGAE&sig=AOD64_2QOsYokDy2tlaGrz5jNWnZSz4sfQ&client=ca-pub-7208923277260888&rf=4&nb=9&adurl=https://www.bod.de/buchshop/scharf-ehrlich-liebevoll-esther-mare-9783695736768%3Fgad_source%3D5%26gad_campaignid%3D23300266282%26gclid%3DEAIaIQobChMIgavAhPzkkwMV1VoABh1-QxKqEAEYASAAEgLsxfD_BwE,https://buchshop.bod.de/scharf-ehrlich-liebevoll-esther-mare-9783695736768?gad_source=5&gad_campaignid=23300266282&gclid=EAIaIQobChMIgavAhPzkkwMV1VoABh1-QxKqEAEYASAAEgLsxfD_BwE,yes,yes,yes,yes,yes
682,https://www.googleadservices.com/pagead/aclk?sa=L&ai=CrioevB7bacGSNpOAjeYPst27MYza-rB4pZvujLUSroXgxppCEAEgp9nMI2DH1f-NhCagAYH_hPcDyAEC4AIAqAMByAMIqgTtAk_Qzd-a6jhqpfMwShDVT8p9IuALHLRPo1vj7y12VQG30ujfbuTWiVS1OmxfrVvE9pX61wMysPnzLGCjkzkNeTj4xPDREmrb3koqL9Gf0uKfd0Xsw40nObYQz_gAL0jaEJSqadQt41nNgkdwCNkw8cA_6P7wJfUMN84Cgf00RvZq-yVN0GRj905A_MqTynKq-C14tb159q39JG85_BZAZpyW3D1PvPeb57cTcKVkIP6kTbh1BXEsTspe2_uX72ZrPWb1WOaj2fOD8a7SP9eV8K1OtG8WG_S2iNZ_DBArow_WcgPZeKbuGbLuIzn7Wa7K1C61TAssqKxcWtWuVTBfK1pZkQ_Cm7hpMClhMPlWmS52E9BnMCx3YppnJkDcy0YpeB5uzq4roS9TDiD_2NsgtQ9Vf3JZkrfCbJH2DWoBnAG2KRpCslGhYbuxb5WMbBM-PLSLlZpcCeuO2-hGCphSniTALIzm90k4jfhCGtOZwATrzqDhzwTgBAGIBaCwzaBOoAYCgAfngPsIqAenzLECqAemvhuoB8zOsQKoB_PRG6gHltgbqAeqm7ECqAeOzhuoB5PYG6gH8OAbqAfulrECqAf-nrECqAevvrECqAea4bECqAfVyRuoB9m2sQKoB5oGqAf_nrECqAffn7ECqAf4wrECqAf7wrEC2AcB0ggvCIBhEAEYnQEyCIqCgICAgIAIOg2AQIDAgICAgKiAAqgDSL39wTpY57GUjrznkwOxCZnIF3alGQF6gAoDmAsByAsBqg0CWkHIDQHiDRMI_uGUjrznkwMVE0DDBh2y7i4G6g0TCIGKlo6855MDFRNAwwYdsu4uBvANAogO____________AdgTDdAVAcoWAgoA-BYBgBcBshcQGAEqCjUwNzU1NzM1NDNQBroXAjgBqhgXCQAAAAAYfwhBEgo1MDc1NTczNTQzGAGyGAkSAsxoGAIiAQDQGAHCGQIIAQ&ae=1&gclid=EAIaIQobChMIweCWjrznkwMVE0DDBh2y7i4GEAEYASAAEgJQ_PD_BwE&num=1&cid=CAQShgIABaugfWLvhbbYoEI5FnHfi5UdUR_Cfljv02vCLxmFHvjWpkiOPM8K6nycxgVnLFj3JSVfPkhslEKDo4mfX0tygPJ89N9YgINc58x6cNApy6Ooatx4OjKp2JOk7n03kymoiaD-1fI8HCfZftwDFpWc0Lqwkp-2YqJB7XoeThKzpG-Bh6FQwgyuIMa0eVdlHh6e99sMud7SaOm85-Qj2vacnl80Lyocz-7mjDY17VnS9F-YJ0FXIvlZEJ89KkMBSSt0g0giQiWTPO2s7lEf7-bF4ffa5eWoFDc1t8wKQO_iN70QnbBxJH2LR9hLVKafvLCr2hg0hXBROpqgsqnrOz85CaqIPg82GAE&sig=AOD64_3jiRTkFr2D6AIpS_MvSsmXdNNOMw&client=ca-pub-3933051677849271&rf=5&nx=CLICK_X&ny=CLICK_Y&uap=UACH(platform)&uapv=UACH(platformVersion)&uaa=UACH(architecture)&uam=UACH(model)&uafv=UACH(uaFullVersion)&uab=UACH(bitness)&uaw=UACH(wow64)&uafvl=UACH(fullVersionList)&nb=2&adurl=https://www.fujiarts.com/%3Fgad_source%3D5%26gad_campaignid%3D21006342176%26gclid%3DEAIaIQobChMIweCWjrznkwMVE0DDBh2y7i4GEAEYASAAEgJQ_PD_BwE,https://www.fujiarts.com/?gad_source=5&gad_campaignid=21006342176&gclid=EAIaIQobChMIweCWjrznkwMVE0DDBh2y7i4GEAEYASAAEgJQ_PD_BwE,yes,yes,yes,yes,yes
683,https://www.googleadservices.com/pagead/aclk?sa=L&ai=ChSjG4RvbaYetBKWA3NMP4LSR2QSd9PW5hgHhzcDJvhWwkB8QASC8luEQYMfV_42EJqAB3fPA4D3IAQmpAmhXHZdl0Io-4AIAqAMByAPLBKoE1AJP0E1H-yxVn709BDOSHv3U8-a7ynaNo8MQV0nlnBxPSgR6m5WkVSBjTKd6UXSehFRzXwJ_WCOTFIt-LokRuGloBI-A4EEOHCOnpS1iCuBU9HTtEyJJXqZ8tV3r175jNqXRJ6C1bOqJaVNt9ww8PWVAV0Q5KwvEGRm8Yie0Ft3N5jH6Zuc7X5pSzes2fltvSQ4OE1cFPq1kDKgMSfNUBGibya_OvEcwdSuizkIeMvWCm5qGELlTdP78y8lCBGjNRnpESFrGd6wyofQtyi0Elw8fcjvRVvuZa_727znHDc10NCutudYmm3FROLGfee5uHGEE53K3uaQwy5vSGM7F2j1K-UZB006EOIXofpxABzp0q8MQgLqawyVMGsHRE7c7-Zzy6JHuUELZOqVP766XuoQQ3A5HkAn6bUO2RWRGoV8bSPsu7XDcvTe1irJfvY8r1i3LH9SNwASAkbDt4QXgBAGIBb_P_8hXoAYugAfdq5HAGKgHp8yxAqgH4tixAqgHpr4bqAfMzrECqAfz0RuoB5bYG6gHqpuxAqgHjs4bqAeT2BuoB_DgG6gH7paxAqgH_p6xAqgHr76xAqgHmuGxAqgH1ckbqAfZtrECqAeaBqgH_56xAqgH35-xAqgH-MKxAqgH-8KxAtgHANIIMgiA4YAQEAEYnQEyCKqCgICAgIAIOg6AwAOAgISAgJSu4AOoB0i9_cE6WP2CmrG555MDsQnAVZl_s7ONd4AKA5gLAcgLAYAMAaIMA5ABAaoNAlpByA0B4g0TCPSzmrG555MDFSUAdwQdYFokS-oNEwjA8JuxueeTAxUlAHcEHWBaJEvwDQKIDv___________wHYEwvQFQGYFgHKFgIKAPgWAYAXAbIXEBgBKgo2NzMxODQwMjUwUAa6FwI4AaoYFwkAAAAAYAP6QBIKNjczMTg0MDI1MBgBshgJEgLBTxguIgEA0BgBwhkCCAE&ae=1&gclid=EAIaIQobChMIx6GcsbnnkwMVJQB3BB1gWiRLEAEYASAAEgKyLPD_BwE&num=1&cid=CAQScAAFq6B9S_2vdx33oQj1O2GJLAi8XgiL70XWm8WQ-H5HDBG4qLUVx9zyROKyvOufPzlMi55K9FIOApnqQvhjCjnbfI86TfE5QdeAheYPbiPzpyLTsd4x5Xh7AW1k3ShFfgkzYE6-of_HvkA8kZ3bqDcYAQ&sig=AOD64_0fqagQYlp_bVZta4-ZWLCUEYlmEw&client=ca-pub-2012933198307164&rf=1&nb=9&adurl=https://wolfbluestore.com/products/matteo-luxury-leather-mens-sneakers%3Fgad_source%3D5%26gad_campaignid%3D23506970559%26gclid%3DEAIaIQobChMIx6GcsbnnkwMVJQB3BB1gWiRLEAEYASAAEgKyLPD_BwE,https://wolfbluestore.com/en-de/products/matteo-luxury-leather-mens-sneakers?gad_campaignid=23506970559&gad_source=5&gclid=EAIaIQobChMIx6GcsbnnkwMVJQB3BB1gWiRLEAEYASAAEgKyLPD_BwE,yes,yes,yes,yes,yes
684,https://www.googleadservices.com/pagead/aclk?sa=L&ai=CovIoVC7aadz4KKCR7OsPmc7m6QXM0NaPhgHhs-Gs3xWK75TVlA4QASDenax1YM2g74CsA6AB47WD2QPIAQGoAwHIA8sEqgSJAk_QLe4aLhL1xh6JSB7sorN2IO_NRJga5hsR7O49TR8AUeFFMI2WyOLsjBwi1jJwVhKQlsdKGiG5wZINXSBpmRfZpEPSpfLvAq8RANOTdDNEpXDL44pNu_NQs2x7RXGyeDoe7VKfy0WEmSnbiyh2x-yEJTsxfXwBXK4avuxTUi8_cNdWqL0lIYtkWfSiEquSimU6CqZexULC-JyXmYqlwFAjsCeDbPOSSOqg37MnhHi0_FMxDacUscR1i6u2SALmfLtlmzJ8-dQgcj5aeMZLfmQJc6C07LMGxjBUnWfz9sNLcNqPnjbpZ2haFmUlpfBN52ErwkEef_0_Xv_-s3NNC9V_jUwB_uS-n6XABNeS6dHRBYgFrv2JmliAB4K34CioB6fMsQKoB-LYsQKoB6a-G6gHzM6xAqgH89EbqAeW2BuoB6qbsQKoB47OG6gHk9gbqAfw4BuoB-6WsQKoB_6esQKoB6--sQKoB5rhsQKoB9XJG6gH2baxAqgHmgaoB_-esQKoB9-fsQKoB_jCsQKoB_vCsQLYBwHSCC8IgGEQARjdATIIioKAgICAgAg6DYBAgMCAgICAqIACqANIvf3BOli31Mzr1uWTA7EJvaKHMI9dUQSACgOYCwHICwGiDAOQAQGqDQJCUsgNAeoNEwi8-c3r1uWTAxWgCHsHHRmnOV3wDQKIDgXYEwyIFAHQFQGYFgHKFgIKAPgWAYAXAbIXEBgBKgo3OTI2NzM3NzcyUAa6FwI4AaoYFwkAAAAAgIr9QBIKNzkyNjczNzc3MhgBshgJEgKjUhgBIgEA0BgB6BgBwhkCCAE&ae=1&gclid=EAIaIQobChMI3PLN69blkwMVoAh7Bx0ZpzldEAEYASAAEgKYhvD_BwE&num=1&cid=CAQS0gEABaugfRnNyC0St2ihGdh2LjpPXHCj_6uj7hJcz40yOufxtuDc1aKUhSjAMeSDjOggBiscfC111supJUEbdLHeVAqAJpV9lMzyprfUjMMz7CzQwerCyBnBo3O-PzXr3hynVETzoJLscDLKTPpO9PGBpBsASZ276KT-notjYjqMe9KNRkbf7QS5dR5UTfJsEnwPhTrzv_3fDlvfDtNMOFMdZzImeoN6L3S0jkOt4Q9XWxmg__I6Mmlci0rTCy1tPmaM8gvSLXFpIy4smEe5Y9Bamo8YAQ&sig=AOD64_0-wofXaKd1eYbmHmUFAO527DGM3A&client=ca-pub-7209808242714184&rf=1&nb=0&adurl=https://www.petra-inversiones.com/%3Flang%3Dpt%26tracker%3DPInvBRrcTOP10tW%26gad_source%3D5%26gad_campaignid%3D23677009582%26gclid%3DEAIaIQobChMI3PLN69blkwMVoAh7Bx0ZpzldEAEYASAAEgKYhvD_BwE,https://www.petra-inversiones.com/index.php?lang=pt&gad_source=5,,,,,
685,https://www.googleadservices.com/pagead/aclk?sa=L&ai=CKgYx3jfbafDOK7qhjeYPmJ6FyA-mvI6thgHwhZGysBXb94XLwgEQASCOy9ciYMfV_42EJqAB1LacxwLIAQLgAgCoAwHIAwiqBL4CT9DsI90lDbjcFDBXYpfSs3bJziYNCREiRlgIuezW_ftILUYZF-LR6ZY-WF0UyZn-Bv4OsMPk4NZ2WNFHAI6_ACUFu3qJRORJWl1ICXGgEIfS_kX38eeF3GihvQtywQMJdcnwMWt2Uubw4RGQolgVSVv1wY3M5Ppsmx2lBreMhRlahJOYuj3lnZCO5e4KozDJMmcGk8M8Z5Pu89Ssgh2lLlkIteTm8g2V0JbJMrkTCX9fHrpbS1zIi8jH9q9xaDALQdJ1hALT-laX526RITB5b17ehI-BgWxzPnf5Aay-R7QYS8Pn1PeBV73Aq-6tYU8NWCUhhT2n9QFN8FAqotH3sO-mZBBUkG6ykWQpsKONPHeWS1bacjsxkE6Xpf_JoyYPqdV-kNo53FtT1erYD-ovgLcGe9uEPT-iwEKWhkuDwASU_saPvwXgBAGIBf6AndJWoAYCgAeUyeO4AagHp8yxAqgHpr4bqAfMzrECqAfz0RuoB5bYG6gHqpuxAqgHjs4bqAeT2BuoB_DgG6gH7paxAqgH_p6xAqgHr76xAqgHmuGxAqgH1ckbqAfZtrECqAeaBqgH_56xAqgH35-xAqgH-MKxAqgH-8KxAtgHAdIILwiAYRABGJ0BMgiKgoCAgICACDoNgECAwICAgICogAKoA0i9_cE6WOO1horU55MDsQk2-sh60-qn54AKA5gLAcgLAaoNAlpByA0B4g0TCMDfhorU55MDFbpQwwYdGE8B-eoNEwjf-IeK1OeTAxW6UMMGHRhPAfnwDQKIDv___________wHYEw3QFQHKFgIKAPgWAYAXAbIXEBgBKgo1MTEzMzc1OTkwUAa6FwI4AaoYFwkAAAAABMsVQRIKNTExMzM3NTk5MBgBshgJEgK4UBgCIgEA0BgBwhkCCAE&ae=1&gclid=EAIaIQobChMI8LWIitTnkwMVulDDBh0YTwH5EAEYASAAEgLjqPD_BwE&num=1&cid=CAQS0gEABaugfRbqJfOIsDflI4giFv52gmnNs3xtptkW4pMOK7euvszU_dUEjJCfWirizXTHly-j6S-mZBZwTbEpF2-rylwQl0suVLXvwUp_JrY-Pjf2ThFSchiZam0HbNnhwrYENSLnvs8o-mgkJuaUrEqH0Uz1if4hWVoHNDw9ppGbmJcGUkb_qhwBWxoNlnho6cOMbJHvWCYBmJVy4OqFAUQhH2qgY462h8eVaumGOrv0oGBZbKyJOXEgLGOh0EXvkW_TF0CGleC8ie-ujpnAo2Olco8YAQ&sig=AOD64_2Ns3tD1f9jDBruMKVLy1kx8u7cxw&client=ca-pub-7301355741158821&rf=5&nx=CLICK_X&ny=CLICK_Y&uap=UACH(platform)&uapv=UACH(platformVersion)&uaa=UACH(architecture)&uam=UACH(model)&uafv=UACH(uaFullVersion)&uab=UACH(bitness)&uaw=UACH(wow64)&uafvl=UACH(fullVersionList)&nb=2&adurl=https://hammerspace.com/hammerspace-for-high-performance-computing/%3Futm_source%3Dgoogle%26utm_medium%3Ddisplay%26utm_campaign%3Dhpc_display%26utm_content%3Dhpc_research%26utm_term%3D%26utm_campaign%3D2025%2B-%2BDisplay%2B-%2B(AO)%2BHPC%26utm_source%3Dadwords%26utm_medium%3Dppc%26hsa_acc%3D6333947882%26hsa_cam%3D23257890942%26hsa_grp%3D188742745876%26hsa_ad%3D784011938572%26hsa_src%3Dd%26hsa_tgt%3D%26hsa_kw%3D%26hsa_mt%3D%26hsa_net%3Dadwords%26hsa_ver%3D3%26gad_source%3D5%26gad_campaignid%3D23257890942%26gclid%3DEAIaIQobChMI8LWIitTnkwMVulDDBh0YTwH5EAEYASAAEgLjqPD_BwE,https://hammerspace.com/hammerspace-for-high-performance-computing/?utm_source=google&utm_medium=display&utm_campaign=hpc_display&utm_content=hpc_research&utm_term=&utm_campaign=2025+-+Display+-+(AO)+HPC&utm_source=adwords&utm_medium=ppc&hsa_acc=6333947882&hsa_cam=23257890942&hsa_grp=188742745876&hsa_ad=784011938572&hsa_src=d&hsa_tgt=&hsa_kw=&hsa_mt=&hsa_net=adwords&hsa_ver=3&gad_source=5&gad_campaignid=23257890942&gclid=EAIaIQobChMI8LWIitTnkwMVulDDBh0YTwH5EAEYASAAEgLjqPD_BwE,yes,yes,yes,yes,yes
686,https://googleads.g.doubleclick.net/aclk?sa=l&ai=C9wa0TCPbadXcMunvjeYP5s3soAqfnIikgQHJyfXu7hO726GI3RoQASDU_LceYMfV_42EJqAB-LyS2D_IAQbgAgCoAwHIAwqqBIgDT9AjQwL2JCPfTlEsp1KSI4ugjoNKlHjD9nk_bNZaPolSEttlNrYciNK3rZysoaVy32Ba4IlBRojmuhiVeYuE-ZDZK5F9Ft7taTaIhd3jHRSFtoXJlbWYdZSzb4rA2s8IHmhhPF8l0ZQ0k_QnUoUVQhgdIudnFyEOd8H24DmkE0hqzxZUdppEy5kJ547PnNhlJhu0ONqq8ATJcd4gbQ1EhEbYQSlFbZaep5E51gr2fAvTNa93_hutC52Pu7wPdGUd4jtPqHKNO2c1_yBcqSr1CAjuLUPo2ZPzGuXz9MNK1PhiQdSSoTVrM9WFdt5LsV7pAERiZHa31MZchizYiq-QLXQMLPTgSMfSBjLc0C-armc2rP1S5zrjs9udtshZIQuFaYMD7FpkufymZm5-LwlM1Mr4Td0yMcnazcRp1yBxRJBkzpSHDRc36by9krzxcLpq5IeEdYF5YA76icpkg0PLocqe-xa3bnYaxmSoKZ3S1eRQRoKlBHE__JlrpvWG3ugo4fSaQh9ev3LABODdjZ-3BeAEAYgFne6NjlSgBi6AB_j04rcaqAenzLECqAemvhuoB8zOsQKoB_PRG6gHltgbqAeqm7ECqAeOzhuoB5PYG6gH8OAbqAfulrECqAf-nrECqAevvrECqAea4bECqAfVyRuoB9m2sQKoB5oGqAf_nrECqAffn7ECqAf4wrECqAf7wrEC2AcB0gguCIBhEAEYHTIIioKAgICAgAg6DYBAgMCAgICAqIACqANIvf3BOliH0vi6wOeTA7EJBqsPm51VbIGACgOYCwHICwGqDQJaQcgNAeINEwjT-Pi6wOeTAxXpd8MGHeYmG6TqDRMI0J36usDnkwMV6XfDBh3mJhuk8A0CiA7___________8BsA6ZzbnAGNgTC9AVAcoWAgoA-BYBgBcBshcQGAEqCjI5MzE0NjYyNTBQBroXAjgBqhgXCQAAAAB4_gVBEgoyOTMxNDY2MjUwGAGyGAkSAsdOGC4iAQDQGAHCGQIIAQ&ae=1&gclid=EAIaIQobChMI1bKMu8DnkwMV6XfDBh3mJhukEAEYASAAEgJ8U_D_BwE&num=1&cid=CAQS4wEABaugfd9h9AiI7R85VyaBi_dPFp1Jp6XIV0JKP6KQ8ErF-4euWcUMGHGt8l551e0HCbp6Pt6XMsxMtjnejq_kywnytWAkcSOJv875E2u3hl-c63qY3xI4N3kN9WK0tfT4abG9TvmMV07gPi4azTByHNsYAybAkIVERn8ayM6sMKY0Yv_-fHE2l-f9It0Sf2RDLGeM7nTPoiPdWGjRqvP2gM2mAZCfyZpZBmo170pNz9zXPyIzlvit2Kbaw3iOtOVemdmM9pJsFPBUU86wdIw7BHWO0aZieJnzs4Bz8iwpf67pExgB&sig=AOD64_3PXzsNXn5AJZgKbDqOWZj_PHzkug&client=ca-pub-4613881071217662&rf=4&nb=19&adurl=https://stephenknoll.com/collections/all%3Fgad_source%3D5%26gad_campaignid%3D22578165533%26gclid%3DEAIaIQobChMI1bKMu8DnkwMV6XfDBh3mJhukEAEYASAAEgJ8U_D_BwE,https://stephenknoll.com/collections/all?gad_source=5&gad_campaignid=22578165533&gclid=EAIaIQobChMI1bKMu8DnkwMV6XfDBh3mJhukEAEYASAAEgJ8U_D_BwE,,,,,
687,https://www.googleadservices.com/pagead/aclk?sa=L&ai=CE-fqRxXbacCXI56VjeYPsNONgQmR_q77hAGyjq6dthWX9su7lQ4QASDa8Y4MYMfV_42EJqAB9u-Smz_IAQmpAkPi8tYmPqg-4AIAqAMByAMKqgTpA0_QG9WqrV6T5D1ThM-jIFPzF4DDGOgo7vBpv5NmZKsRI10oFVLzpjiSZL6dzHvgQWyYpU6InetwxBYVvCoxUSOQaPBCoCYqZQJMT0iXBXDreKeuFK5BtveB7zSQeZU5Vxk26jD3s01TumYqYNaOqRG1BeMFWjmTF7Y_-mZPDFxx3kqdnAVfzRT2lyJ1DO16ohX8_tkM-HIWKVg3cv_-tA7JM7qURDqFgSGEbwoyK-34s23JXQRfsJPVg2LrSKFucGIAfrnXoBtsquG935kx7UAgSwkVw9VKqk4ODQUNM5QHyP2WmH334e2N4IcUdqymALYGgLzmcG7jKFzV1B2EmKVG7x0kbFumSR01UR27c1WGgYmQsqYlSTbpcxyP0dE2ZXiHrkhiM71n3CRfM7o0FVPQCVPa4gcA4Xc5TtnNWbcv8ifD5Y2phVjC5jhVr7RBymoXRf-xRBeH7qwSQBgOwWgriHyT6Ig9Inu_aovf9KEFpbH-IZPbN8Ay-chKksx0TAUkVeftZ8OQ3NOvtpbzSN-akO4z1xs7AYCj-M-47xq-jnxH3xJETeBIl6N6E_C0ICM1K3CFG36UZ86k8-BHaioFIkbLpuZdSp2E5sb4oy41RfbSHo3ds6UY6LPzejmqW3Ki2V2AaTyRQMAE-cmlxNUF4AQBiAWZq4e7V6AGLoAH9qfj-hmoB6fMsQKoB-LYsQKoB6a-G6gHzM6xAqgH89EbqAeW2BuoB6qbsQKoB47OG6gHk9gbqAfw4BuoB-6WsQKoB_6esQKoB6--sQKoB5rhsQKoB9XJG6gH2baxAqgHmgaoB_-esQKoB9-fsQKoB_jCsQKoB_vCsQLYBwDSCC4IgGEQARgdMgiKgoCAgICACDoNgECAwICAgICogAKoA0i9_cE6WO2qy4uz55MDsQmAL29dfGCLPIAKAZgLAcgLAYAMAaIMA5ABAaoNAlpByA0B4g0TCKnay4uz55MDFZ5KwwYdsGkjkOoNEwja38yLs-eTAxWeSsMGHbBpI5DwDQKIDv___________wG4E-QD2BMMiBQB0BUBmBYByhYCCgD4FgGAFwGyFxAYASoKOTYyMDQxODExMFAGuhcCOAGqGBcJAAAAAMCG6UASCjk2MjA0MTgxMTAYAbIYCRIC604YLiIBANAYAcIZAggB&ae=1&gclid=EAIaIQobChMIgNfNi7PnkwMVnkrDBh2waSOQEAEYASAAEgKsBfD_BwE&num=1&cid=CAQShwIABaugfb1aFjYecCGIurdtm30KHg6h135y7lozhX-nEXXU200f_Z9IzrCFheHZ5KIz8d7ipNVJQkAgI7XpS1AmVW1jtuejwVuJ9qkS4guTtIWZrBKhXMzpUrYNo-qndXOZ8W2c24L5PpQc7vHdbQiSBg-pd3QkIbjgjYbuPmsd7jxZ9vk-3kep9U1IonwYH6O21N4B4bZqAIV7R7Ij6edS23Db8k7PsixJB9CNIjj9QptLsQuiDCW6UoEq5atQu0Qu8I5KLEYM7G4gQAz5wJxxCvH8ma6A-2QMihKzwSwA8hUS1Rf-3InSaJMFlRzQCLg00Yubywbl62dDbTB1bgUwBxxlx7BG1BgB&sig=AOD64_2sfa8RyLVwOusbUoDxyrS2ePSZjQ&client=ca-pub-9783515403541006&rf=4&nb=9&adurl=https://ihsettlement.ca/%3Fgad_source%3D5%26gad_campaignid%3D23477736857%26gclid%3DEAIaIQobChMIgNfNi7PnkwMVnkrDBh2waSOQEAEYASAAEgKsBfD_BwE,https://ihsettlement.ca/?gad_source=5&gad_campaignid=23477736857&gclid=EAIaIQobChMIgNfNi7PnkwMVnkrDBh2waSOQEAEYASAAEgKsBfD_BwE,yes,yes,yes,,yes
688,https://googleads.g.doubleclick.net/aclk?sa=l&ai=CCG1DHRPbadS0J8iVjeYP0sCLKfCvgbOGAeinoti3E7CQHxABIIePiyRgx9X_jYQmoAGC0ebZAsgBAakCR5kGk7ZYcD7gAgCoAwHIAwqqBL4CT9CWiEdPRSKVAJN4KjxvzKYjLZxmJESecLCB48-YGTZ5VfKj6NYC_0UW98uYkbG7ETlEg-b9dwqNioDpIv6FZFywVH3ZBuy43CrniH7VFiRogXNjt458oisBw47Iyaw90G_goMOL8gX7kdTHTQzg29ROuBxJSqS97zvxwDQVIOwhmgmeXXDepUUniBXu0GQmRSqWTpDWQidFjcChJeYopS6DEFpac0o8KEkQa7jkZ2sUJ4-UhQYflRs70dhb8GSAi3MeS-24Lu9TN0LB0afzFvBSEtZf7MoX-SY_OFUq-yopjLZgZzR9mUEFg3Xzmr2vJLRvxW3vlWXP1m7TAWdxOYKH8oZeRoohWATykAhe5wki76LdWGNA94aPWUxUe2xWeUycJZ2sGpRZSzNAYq03p73xIKOrwPba4IsGDXQgwATw6LKc8wTgBAGIBbav7flQoAYugAfmrpmmAagHp8yxAqgH4tixAqgHpr4bqAfMzrECqAfz0RuoB5bYG6gHqpuxAqgHjs4bqAeT2BuoB_DgG6gH7paxAqgH_p6xAqgHr76xAqgHmuGxAqgH1ckbqAfZtrECqAeaBqgH_56xAqgH35-xAqgH-MKxAqgH-8KxAtgHAdIIMgiR4YBQEAEYnQEyCKuLgICggIAKOg6AgAGAgICAgJSu4AOoB0i9_cE6WMrKrYOx55MDsQngbc2ZnL-vH4AKA5gLAcgLAaIMA5ABAaoNAlpByA0B4g0TCKGEroOx55MDFchKwwYdUuAiBeoNEwiCn66DseeTAxXISsMGHVLgIgXwDQKIDv___________wHYEw2IFAfQFQGYFgHKFgIKAPgWAYAXAbIXEBgBKgoyMTU3MzcwODIyUAa6FwI4AaoYFwkAAAAAsCwHQRIKMjE1NzM3MDgyMhgBshgJEgKRVBguIgEA0BgBwhkCCAE&ae=1&gclid=EAIaIQobChMIlLe8g7HnkwMVyErDBh1S4CIFEAEYASAAEgK2-PD_BwE&num=1&sig=AOD64_1XA9niCLiMrYoWr3tWE5kYWWmiOQ&client=ca-pub-3428031914463355&rf=4&nb=19&adurl=https://newmarkhotels.com/accommodation/babohi-at-qwabi-private-game-reserve%3Fgad_source%3D5%26gad_campaignid%3D21730383798%26gclid%3DEAIaIQobChMIlLe8g7HnkwMVyErDBh1S4CIFEAEYASAAEgK2-PD_BwE,https://newmarkhotels.com/accommodation/babohi-at-qwabi-private-game-reserve?gad_source=5&gad_campaignid=21730383798&gclid=EAIaIQobChMIlLe8g7HnkwMVyErDBh1S4CIFEAEYASAAEgK2-PD_BwE,yes,yes,yes,yes,yes
689,https://www.googleadservices.com/pagead/aclk?sa=L&ai=Cv7iKhC7bacUsv5eN5g-QouloltDUuIYBifWH7ZwVoMC2g6Q5EAEgi4iDKGDH1f-NhCagAbCM6YYDyAEJqQIAGZWADYGSPuACAKgDAcgDCqoEpgJP0BzPMh_2D6XNVrvH4ooaD9UN7Prw1t4uaWeUhJzyNkIUjyYTnDHo7KRVkRL7aJQK9G8apj8NrQ1j_hPdJnUYQKLNukupPDkyCTGbVPlyFqfcoqlr0Yw788vHOourLUnLn33cLp8kC5231NuEzA46LajVK9K1w6pOZQuUAh9oRHvdqC_xZWeRzSJFbWdXKC25PyK_Rr9GnYpSbn_ACs1bZCEbMvk4EnZ97xH2Rel2iMBYZoqB37e-KHm5quLuIDNyDJfvDRx1asJCRdv3wwokJOyTo1u1iH_BzbJ9JrR8EhXImmHp5W18tg-6ZemYQAKoIxv4E7VCmTn-Ce1L7e1o7QyWMczUsdjTF0RVYgxwCV3ycOHv8mcAPFf7_gfoLmQfG5AwUnvABKy1vZPmBeAEAYgFx6zklVOgBi6AB7jzlnmoB6fMsQKoB-LYsQKoB6a-G6gHzM6xAqgH89EbqAeW2BuoB6qbsQKoB47OG6gHk9gbqAfw4BuoB-6WsQKoB_6esQKoB6--sQKoB5rhsQKoB9XJG6gH2baxAqgHmgaoB_-esQKoB9-fsQKoB_jCsQKoB_vCsQLYBwDSCC8IgGEQARidATIIioKAgICAgAg6DYBAgMCAgICAqIACqANIvf3BOliTrZSUy-eTA7EJ2-4OIdzErp2ACgOYCwHICwGADAGiDAOQAQGqDQJaQcgNAeINEwiF5ZSUy-eTAxW_S8MGHRBRGg3qDRMI-qaWlMvnkwMVv0vDBh0QURoN8A0CiA7___________8B2BMN0BUBmBYByhYCCgD4FgGAFwGyFxAYASoKNzU3MjA4MTY2MVAGuhcCOAGqGBcJAAAAAIw6GEESCjc1NzIwODE2NjEYAbIYCRICqlAYLiIBANAYAcIZAggB&ae=1&gclid=EAIaIQobChMIxf6WlMvnkwMVv0vDBh0QURoNEAEYASAAEgLVwvD_BwE&num=1&cid=CAQS9QEABaugfTMS0S-DV8_MgWZtDx--eBQzfWiK1BjaFxprU7391X-UaeqJ-IFdJlFTH-yhnTNKWYlB_9ErDv_TFO2fTNK6vhgXL2EIkCcxmBoSO0Zq4eOigQizsHRxWytWaSZyKnhamuwasCZ5pcCbTDcXVlKLhhLgL9SPo0F2nYj2L7dEwCZn_U9vVZCOFMTEoF8F_tEHeB97ZQDfG2WqPFAZ6g3FvRiyjF980xB_g8DIj0R0PQ4FfChOInPGcSkHZl0I9tNoGH05pgC0ILyviWRlr2rbobAfusPC9UlgPL6F8aICf64VlNLXtCjieHd8IQJDW-uNaBgB&sig=AOD64_0nTySsxrpR9AjgJiP8HtZq3JP2Eg&client=ca-pub-9172700587175332&rf=4&nb=9&adurl=https://galeco.pl/produkty/pokrycia-dachowe/panel-dachowy-na-rabek-galeco-grin%3Fgad_source%3D5%26gad_campaignid%3D22325827143%26gclid%3DEAIaIQobChMIxf6WlMvnkwMVv0vDBh0QURoNEAEYASAAEgLVwvD_BwE,https://galeco.pl/produkty/pokrycia-dachowe/panel-dachowy-na-rabek-galeco-grin?gad_source=5&gad_campaignid=22325827143&gclid=EAIaIQobChMIxf6WlMvnkwMVv0vDBh0QURoNEAEYASAAEgLVwvD_BwE,yes,yes,yes,yes,yes
690,https://www.googleadservices.com/pagead/aclk?sa=L&ai=Cq4va-CHbaaDWH4iYjeYPnMHp0QTC_t2rhgH33L2D0xXc2R4QASDApasjYMfV_42EJqABxtDyhULIAQKpAlgUI6xnKEc-4AIAqAMByAMIqgSjBE_QLYMnmRU2-_-CCgY_j4iz3M9Y4R0Zaho5gYUV9isHFj4_aDqhBp9fOqbbb5WHqTcwZFD_DSJtKadJLJXUbCw2shYloUS8ULrFQFf7rPtnul8M2NOFXVTroMHm-mHX9Fcg0Hlul9cUErUTNBUWCfTUWNh5NuX-KV45F-ZY16iHPymImOq3i7hpiqKWFmv22szo0BVMg30460tvuN1mVnGCbTqm3WMP5262bVACdPm8vYYuY8GaPMyAzpySGb-GZZvu4pHBH1T2SOMeURItEqdBywWTmFcR272-TrkSdpNcayeqkazB-Tt5s0UtjhhN8sffsGjmJvAnQ3SFjAaT6LVpXMqQDXz2Zabsm-5kpbvESEXdrSPoz_6hx4NY8itn65wqatdveKNd2h-5zt1q2VweGtLS18UXUSnqpkjOQLYWpkN89cknBG6JGxPFOSVpalB3lGGYijAfbD3h988bOdirpxeeDS_GtThdemDbqxjsVeDmDQhvDzjqgDQm4a-D-bd1NAtiUkyCRHwB2olMN-So2ySA-dE9vXbr_x0mKZsFKdb0sCG_oF_rqb4jnL6PQDMjLt4WY9BLu85eUJ_drTRR9FkndqxJfBfKDBMp_WvjQB8FKJhyjsU5GtI1R-FhwlPnPVwdEnaaO_gLHv_rn7pd3ZdGuD7T4m3ho95n6iQbJ5yjOMcL1VqiqT-Ciq-vOJFx7IpusqjxYAodgD7v5REAJrHABLLph6fIBeAEAYgFvdvyhFegBgKAB8aIw-UcqAenzLECqAfi2LECqAemvhuoB8zOsQKoB_PRG6gHltgbqAeqm7ECqAeOzhuoB5PYG6gH8OAbqAfulrECqAf-nrECqAevvrECqAea4bECqAfVyRuoB9m2sQKoB5oGqAf_nrECqAffn7ECqAf4wrECqAf7wrEC2AcB0gguCIBhEAEYHTIIioKAgICAgAg6DYBAgMCAgICAqIACqANIvf3BOljMoeaYv-eTA7EJMEeWVLHZK1SACgOYCwHICwGiDAOQAQGqDQJaQcgNAeINEwjt7-aYv-eTAxUITMMGHZxgOkrqDRMIi6nomL_nkwMVCEzDBh2cYDpK8A0CiA7___________8B2BMD0BUBmBYByhYCCgD4FgGAFwGyFxAYASoKMTU5ODc2MTQxOFAGuhcCOAGqGBcJAAAAALSPE0ESCjE1OTg3NjE0MTgYAbIYCRICi1QYAiIBANAYAcIZAggB&ae=1&gclid=EAIaIQobChMIoLLpmL_nkwMVCEzDBh2cYDpKEAEYASAAEgJBC_D_BwE&num=1&cid=CAQS0gEABaugfZCEiF9dl2N8jTMqBjqfyxAJNeLb99q4v5FV5rRpvaZATWn_mclfvPrlXMKCNxP-vqi6j6barJ1sVhH5tG3qg9RrYde9UXi8n8Flr9aYy1pfOC1FuXeOyFOQfHiT1HofQNd0Tygyr9RfOQ0ou9nANnvPmiQs9X42jzKwHT33QP0PyRjPMIns9-25U7DMeg0flnMlcFqqfEDHjCm2XfjwY1ZGDL1UxPp0RwY_xku2o3S3u1FshCdzxc6Z9u-XbHCLlvOdNOMLt5nyF9wX3kYYAQ&sig=AOD64_0bK0-AeWMWjWCmx8APvAklq4EKJQ&client=ca-pub-5227748429508049&rf=5&nx=CLICK_X&ny=CLICK_Y&uap=UACH(platform)&uapv=UACH(platformVersion)&uaa=UACH(architecture)&uam=UACH(model)&uafv=UACH(uaFullVersion)&uab=UACH(bitness)&uaw=UACH(wow64)&uafvl=UACH(fullVersionList)&nb=2&adurl=https://www.set-test.org/%3Futm_source%3Dgoogle%26utm_medium%3Ddisplay%26utm_campaign%3Dgoogle-display-countdown-common%26gad_source%3D5%26gad_campaignid%3D23364152765%26gclid%3DEAIaIQobChMIoLLpmL_nkwMVCEzDBh2cYDpKEAEYASAAEgJBC_D_BwE,https://www.set-test.org/?utm_source=google&utm_medium=display&utm_campaign=google-display-countdown-common&gad_source=5&gad_campaignid=23364152765&gclid=EAIaIQobChMIoLLpmL_nkwMVCEzDBh2cYDpKEAEYASAAEgJBC_D_BwE,,,,,
691,https://www.googleadservices.com/pagead/aclk?sa=L&ai=Cd3eIGTDbabNVp6KN5g-Czp6JCtiuluqFAcbrybWWFeX-x6fwChABIIvVsSBgx9X_jYQmoAGyrsuQKcgBAqkCddzhhkjUaT7gAgCoAwHIAwiqBLgCT9A2K-5-9tRXA6tpxI3pzMTRDPYkVp28_o2jlv1OtnN9A9A4UfzAjhIcyFxBiskMLQGKFbWVhMmLSDmQATH1S4Wf3O-sHcqTlWMu0AYkpH5cFB9A_9cn8ttPmpbCxU21WFsNN0sYYvCeIwpb8YENf2XuMUZhVHVIRqszgRZbau586jblEUPQr5YcOpP8Ou-Qb3pDzz98vpBTAjM0BTuykL4Jlm6oKpUXpI5xi77ED0ovaySVygUy0mJplO8UV6srVUJ6GDgb9raO-TIerg7M0Dif1ly2l5E5hm4ipv804hrW6DyaKivwTRM7iMfdhQbhGLrynaIv02--i5PRL5zikYb6G7LobvvwAQrNyQ7i2-0O7ZhW1necrqen0gJ_Q-3JqyOz2viiCDFYke4wFJuQGNN7Z37_YrXHwATApqjGoATgBAGIBYXbnoNJoAYCgAey5pvwA6gHp8yxAqgHpr4bqAfMzrECqAfz0RuoB5bYG6gHqpuxAqgHjs4bqAeT2BuoB_DgG6gH7paxAqgH_p6xAqgHr76xAqgHmuGxAqgH1ckbqAfZtrECqAeaBqgH_56xAqgH35-xAqgH-MKxAqgH-8KxAtgHAdIILwiAYRABGJ0BMgiKgoCAgICACDoNgECAwICAgICogAKoA0i9_cE6WMqjpNXM55MDsQm2djlqsvHg3oAKA5gLAcgLAaoNAlpByA0B4g0TCOfJpNXM55MDFSdRwwYdAqcnoeoNEwjnkabVzOeTAxUnUcMGHQKnJ6HwDQKIDv___________wHYEwLQFQHKFgIKAPgWAYAXAbIXEBgBKgo3Mjg3NDg1OTAyUAa6FwI4AaoYFwkAAAAA3LMTQRIKNzI4NzQ4NTkwMhgBshgJEgKYaRgCIgEA0BgBwhkCCAE&ae=1&gclid=EAIaIQobChMI88Wm1cznkwMVJ1HDBh0CpyehEAEYASAAEgIyvPD_BwE&num=1&cid=CAQS0gEABaugfUiQl0x0QRyS3HYnOhKG5b8ksPC8YxCvUKmBuxzdOBg1cWB5oFJlPmQsfYayhkmqCMNrIsrY4lauZ5vt4M1RJABZcx9ungoPeULcLC_PHviymqf3W0yI6hro39z_qgJ6avFQbsODhd2BjjtIoxto1B7kwJO8gQSWKY9_3uROWvclaLGEbSD4AF4d7qjRv1hnCPxLUSPGOUTs-37_MHGLHfh9IqwHLQOX1T3w_mmG5sjToMnSyaTz4IIA5-SrkM1DE0Cewxoz4Er8v-x2T5wYAQ&sig=AOD64_38uYoH4h1aHoJOiedvTocpiPOhmQ&client=ca-pub-2378110306265632&rf=5&nx=CLICK_X&ny=CLICK_Y&uap=UACH(platform)&uapv=UACH(platformVersion)&uaa=UACH(architecture)&uam=UACH(model)&uafv=UACH(uaFullVersion)&uab=UACH(bitness)&uaw=UACH(wow64)&uafvl=UACH(fullVersionList)&nb=2&adurl=https://www.iwis.com/en-en/iwispl%3Fgad_source%3D5%26gad_campaignid%3D19602582917%26gclid%3DEAIaIQobChMI88Wm1cznkwMVJ1HDBh0CpyehEAEYASAAEgIyvPD_BwE,https://www.iwis.com/en-en/iwispl?gad_source=5&gad_campaignid=19602582917&gclid=EAIaIQobChMI88Wm1cznkwMVJ1HDBh0CpyehEAEYASAAEgIyvPD_BwE,yes,yes,yes,yes,yes
692,https://www.googleadservices.com/pagead/aclk?sa=L&ai=C6woznRjbabDeA9-XjeYP2pqGyQrisYXwgwGc28LVxxWwsoDskAIQASDksOacAWDH1f-NhCagAaTUitBByAEJqQJHmQaTtlhwPuACAKgDAcgDCqoEwAJP0P7hW9CqgMKVSZpgOUfjS8QG-__po100c9Flxkq5YJ34-gxoTX8ZRwBU9qxT7ElGF9KOhC-4crxdhFl89_oVNc-aipea6R691iZmsKN1pUZVA6I85lIrxJMjrVmYfrG0E9td4Str1At8oaOaP6tEdqD0SdTTok7AKQeaXp7hyJpGHB4or26FY8e1TRvdqwP3c0VHJPqKc2mCTZrB0zGEUGO8b4qbDP0Tnqh-Ru0EFBR5kvi8FI044kZ6aC1qHb0GDoPdxDydZjxdbqlaHCD9T98xgsIp_P8wWZ-uLwPuGG7QRD8D3PEzwPsbykoR4wt7V32OuKSqStiCkpNfJoKQq3zhO_a4VNHbCImg9Ac870Qz2ifJSCLa2B51m_7mNADMPqzU-nrfw6Ekcu7daPV8u-S7HUmkzEtRvVWftRQNy8AE2PbiqtsF4AQBiAXQ-aDuVqAGLoAHpIzbrxyoB6fMsQKoB6a-G6gHzM6xAqgH89EbqAeW2BuoB6qbsQKoB47OG6gHk9gbqAfw4BuoB-6WsQKoB_6esQKoB6--sQKoB5rhsQKoB9XJG6gH2baxAqgHmgaoB_-esQKoB9-fsQKoB_jCsQKoB_vCsQLYBwDSCC8IgGEQARidATIIioKAgICAgAg6DYBAgMCAgICAqIACqANIvf3BOlj-1MiitueTA7EJcXD1_XwGTxqACgGYCwHICwGADAGqDQJaQcgNAeINEwis98iitueTAxXfS8MGHVqNIanqDRMIuPzJorbnkwMV30vDBh1ajSGp8A0CiA7___________8BuBPkA9gTCtAVAcoWAgoA-BYBgBcBshcQGAEqCjIwNTkyODA5NTZQBroXAjgBqhgXCQAAAAAwhfJAEgoyMDU5MjgwOTU2GAGyGAkSAsFOGC4iAQDQGAHCGQIIAQ&ae=1&gclid=EAIaIQobChMI8KDKorbnkwMV30vDBh1ajSGpEAEYASAAEgJqBfD_BwE&num=1&cid=CAQS5AEABaugfWZV4z9wVnD19i5NCQAlbnBKEMe-cLrcUQiJix8HPaVvgKr0NYbmFVjgxo1dkUNv-zkCPB3jW5CNU-lz7gMYSkDJCm6D0U80ggdRs_RrjWJBsLwNUT-1T-TG50GDA7buInr8e0kFdVLYVs18OaqiUT87zk2ireD8W_GJAXPj7frE2Nuk4xSkOBJ5Rn1YXxi2TOsEy7N43HQlhtZPhFOot87MQJm_AyF9_GsemyS7Lnprmqx6-OhjIZFOvmmv3O8Y78m6RmzfQcg6ssPA97UW-zthEd4Rn8PmakudzW-sNn8YAQ&sig=AOD64_2sb9L1zV8zme3hWSipew6_9IyN1A&client=ca-pub-3329396577647769&rf=4&nb=9&adurl=https://lifedayspa.co.za/life-day-spa-fourways/%3Fgad_source%3D5%26gad_campaignid%3D23316675792%26gclid%3DEAIaIQobChMI8KDKorbnkwMV30vDBh1ajSGpEAEYASAAEgJqBfD_BwE,https://lifedayspa.co.za/life-day-spa-fourways/?gad_source=5&gad_campaignid=23316675792&gclid=EAIaIQobChMI8KDKorbnkwMV30vDBh1ajSGpEAEYASAAEgJqBfD_BwE,,,,,
693,https://www.googleadservices.com/pagead/aclk?sa=L&ai=CXSlkZi_baajnKJ2UjeYP-Zaq6Q38gPGvhgHEzZDW3xOy8sOakA4QASD4yMkgYMfV_42EJqAB0I7CnT_IAQngAgCoAwHIA0iqBOQCT9CBxQZT2VTftiM7aRd0u5GFbDks_SCty4bNqoecetGKsTuiwlNkLDhGyTBglA2ILhRw9XDkVS9FMf58l3H7VTmz_ga5_mS6FwkHq_9FN8nBUtN-c2s99YT8PW-jypUM9-kqBd_f9269L7jdLvV705msLeI4CqgdD6jVFFBFmMzn6L4xpnC8NxcLiyNEuE3MWjngISr71uWWb9jZP9vHdnQpNAJenavQBvqFQ6KjxX56btY0KfyOZss1cCVGejW0Y9HTlK-twU2l1HaO36cuV88JeFMbyjTUuYd0INMJBbh2wjZrdRlzrbpCjHL_iqeIncDHAL51PaqvFf8Q2JAmv-vinDwoZQaGhIvKVrBZHge0C1flH7gpajDLgGzm5g5ntxlw0YaVkOApuXSN74SgTEUDTEpAaEzLoH1nFaNEPxo7yW-zyX95-FV_CiGoNro2qR2TH1fgR-dsPxurFqLMn8pK6V7ABOeFy46SBeAEAYgFjvunt1OgBi6AB9DGkv0ZqAenzLECqAfi2LECqAemvhuoB8zOsQKoB_PRG6gHltgbqAeqm7ECqAeOzhuoB5PYG6gH8OAbqAfulrECqAf-nrECqAevvrECqAea4bECqAfVyRuoB9m2sQKoB5oGqAf_nrECqAffn7ECqAf4wrECqAf7wrEC2AcA0gguCIBhEAEYHTIIioKAgICAgAg6DYBAgMCAgICAqIACqANIvf3BOljz_p2AzOeTA7EJGQgP4zICyz2ACgOYCwHICwGADAGiDAOQAQGqDQJaQcgNAeINEwiN1J6AzOeTAxUdSsMGHXmLKt3qDRMI4ZmggMznkwMVHUrDBh15iyrd8A0CiA7___________8B2BMN0BUBmBYByhYCCgD4FgGAFwGyFxAYASoKMjEzMDA0NTgxOFAGuhcCOAGqGBcJAAAAAMhRBEESCjIxMzAwNDU4MTgYAbIYCRICqlAYLiIBANAYAcIZAggB&ae=1&gclid=EAIaIQobChMIqLKhgMznkwMVHUrDBh15iyrdEAEYASAAEgJMAPD_BwE&num=1&cid=CAQS5AEABaugfd4yABxlcbGuNDWE_B2NeMMeo12flWtTMKjsAVqrxV4EqnfGWgAzKOiM2xNSPZCd6kRgCR59ZZqtC69nzYaAp0JIWVOVLLbhmxL-P-EZOIqg9pBZ4WRw1Gd7tf1SZdt6JdAakmFAKsPD77TJGuVwvytW23Dr32xfFzeSbXdYEHTOBAQFbxCqlPM4LtFX2slfBdLAiB-nCIrCT6nvVPG47Jvokj8HlYs2Xx85JYOs1-67x_FkAZedqTcKNlovONJO9diihNz5lA3OJuNCOrcvoyaq5sdgIa-PaBCmA8ri7k0YAQ&sig=AOD64_2WWorP-XaFiq3oYsKaeP1sagYb0A&client=ca-pub-3622136098794040&rf=1&nb=25&adurl=https://www.riverranchdayton.com/%3Fgad_source%3D5%26gad_campaignid%3D22396140942%26gclid%3DEAIaIQobChMIqLKhgMznkwMVHUrDBh15iyrdEAEYASAAEgJMAPD_BwE,https://www.riverranchdayton.com/?gad_source=5&gad_campaignid=22396140942&gclid=EAIaIQobChMIqLKhgMznkwMVHUrDBh15iyrdEAEYASAAEgJMAPD_BwE,,,,,
694,https://www.googleadservices.com/pagead/aclk?sa=L&ai=CaC3HFTrbafW3Df-WgeAPiLve0Af31qmZhgGimY3b1RW5jfzCAxABIMKIuSJgx9X_jYQmoAH8nJjxKMgBAqkCEDUEa7YjgT7gAgCoAwHIAwiqBOMCT9A9phUGlUyJIx_IViDIqRWb8oihkV04sgCQybUgPuinxd3IxcG3Ldqmup_MWKucR7KwE7YBn0cBjmBWMYFHuYtLQEh2LRJnz7LyO1AgviRKzZcW3CdcVIGpYUdJaMojKCH9-aXnHgvJH4SX1Gb_POdKzcamP_GxXI1EUT8BMToO2yiQxnl5C_Q9gejfEeD-pO637P-wEHv0xnBCmn-YA-7xeXfYpHfeQrLYGnp21TzcazZ-NogbbAXWkT6UTmhEa7w9Vrv2zlHOyihFHAnRenL8J7UbXR-pWVGuyqdlsmAXTR89yqmXZTybJnsVFtOtJUp0T4fbe56E9spIK84Q3uW0j698J4XXUbrNQday7jfAdJLBvktDk2z22M6EVQLW5hRDVcBcxl5rGugamgBcVBw7mDMab640L8hXAx5jieBubmoNlKhHtPhfgmOu4_FWGrDX7hkmxSvFbcTQqgXm-nG0XMAEgZzz9-IF4AQBiAWHyJ-hWKAGAoAH_NTo0AOoB6fMsQKoB-LYsQKoB6a-G6gHzM6xAqgH89EbqAeW2BuoB6qbsQKoB47OG6gHk9gbqAfw4BuoB-6WsQKoB_6esQKoB6--sQKoB5rhsQKoB9XJG6gH2baxAqgHmgaoB_-esQKoB9-fsQKoB_jCsQKoB_vCsQLYBwHSCC4IgGEQARgdMgiKgoCAgICACDoNgECAwICAgICogAKoA0i9_cE6WIahlpjW55MD8ggbYWR4LXN1YnN5bi0zNDQ4MzQxODUyOTI5MjUzsQnbDQ-B2QmJ2YAKA5gLAcgLAaIMA5ABAaoNAlpByA0B4g0TCJDclpjW55MDFX9LAAYdiJ0XeuoNEwjJoZiY1ueTAxV_SwAGHYidF3rwDQKIDv___________wHYEwzQFQGYFgHKFgIKAPgWAYAXAbIXEBgBKgo0ODEyMTEzMTUxUAa6FwI4AaoYFwkAAAAAOE4OQRIKNDgxMjExMzE1MRgBshgJEgKwUxgCIgEA0BgBwhkCCAE&ae=1&gclid=EAIaIQobChMItZaZmNbnkwMVf0sABh2InRd6EAEYASAAEgJ2H_D_BwE&num=1&cid=CAQS0QEABaugfd9lynns7HvP6DmBbWQq_SNaw2oxdWtfDX_Wkcq75-evBnz6w5Ti7nirk2q1gmN_BAiKZ_fGtnEXKDg00U9FN9DR1mXMs4WOXRIRF64vyPHRf2JvuuAT2bvAZ81Yd8i-8J2VuuUKCHd6YNbO_ev34s58bQ75UyXq5E8hDl7UiNWT5fOhpbpd-LebNF9jgLzH6yZIzajdUU-dGfNkBcNSyEaZbxjfzHCTLYmLD74iHdXvd6xNNbiTJ2B0VnnZ8odjccJjwxBY8gA7vrBnRRgB&sig=AOD64_26JMKOF8t1YdLFWwzCLr5Qknxf2w&client=ca-pub-5610521491184789&rf=5&nx=CLICK_X&ny=CLICK_Y&uap=UACH(platform)&uapv=UACH(platformVersion)&uaa=UACH(architecture)&uam=UACH(model)&uafv=UACH(uaFullVersion)&uab=UACH(bitness)&uaw=UACH(wow64)&uafvl=UACH(fullVersionList)&nb=2&adurl=https://www.cdgameclub.com/kids-games.html%3Fgad_source%3D5%26gad_campaignid%3D23692043271%26gclid%3DEAIaIQobChMItZaZmNbnkwMVf0sABh2InRd6EAEYASAAEgJ2H_D_BwE,https://www.cdgameclub.com/kids-games.html?gad_source=5&gad_campaignid=23692043271&gclid=EAIaIQobChMItZaZmNbnkwMVf0sABh2InRd6EAEYASAAEgJ2H_D_BwE,yes,yes,yes,yes,yes
695,https://www.googleadservices.com/pagead/aclk?sa=L&ai=CnB5OnDnbaaSVLK2PjeYPl43NyASLsounhgGCqfHC2RX64K3qkw4QASDCiLkiYMfV_42EJqABhvCawELIAQKpAhA1BGu2I4E-4AIAqAMByAMIqgSNA0_QPR4qS4uQmg1hmvIUxmdSZxOFRtc0s8fTfWz8VLQYsrye8lalYOCDrE73UgrNp99zq9uMteuw1xRw-jaZNhWrAK39nHbWWyCG0OkjWK-xGFQ-wK1DiEyleS3N2Hw8ENpARyRs7AX5zaHjpZcqxU0FglBqb-GTPRq9vIqITgg7qn2K0IHtG_L-A8bJzSsJXOa9FTE1t8Dd3_mNIC6GNpX48QQGtkqIbmtC1Hr4uQt6O4q3CF_6ZuGR8ZDDlyHd3TA9Gxj_NwE828EEvkFrssmr7cKA3xImemxkX2d5o2jnx1732SzFcQrurk3TU03nf_9a77GCYv1s9z30lA1QzGit-rxLQHJYqooQKJ-3yeBkR2JCxyY40eOSs-u912alX6ESxTo6kH9_q5x0wWcSZf1jvGLRyYE3b2VYJRkUP8mhsI-MXagBWTlfaBXEjT1bRO_UqJ-NYFiqxdUlBr7X5JD8gUGTpsv46BkfkzxWoIUWAmwXV2Qz_3B1aFhcPmxGgXkq9SwXSSQ7oAla-k_ABOTE9d7WBeAEAYgF_8yzp1igBgKAB9GLgqAdqAenzLECqAemvhuoB8zOsQKoB_PRG6gHltgbqAeqm7ECqAeOzhuoB5PYG6gH8OAbqAfulrECqAf-nrECqAevvrECqAea4bECqAfVyRuoB9m2sQKoB5oGqAf_nrECqAffn7ECqAf4wrECqAf7wrEC2AcB0gguCIBhEAEYHTIIioKAgICAgAg6DYBAgMCAgICAqIACqANIvf3BOljVttve1eeTA_IIG2FkeC1zdWJzeW4tMzQ0ODM0MTg1MjkyOTI1M7EJzn0IgOt6eS-ACgOYCwHICwGqDQJaQcgNAeINEwiG_tve1eeTAxWtR8MGHZdGE0nqDRMIotPd3tXnkwMVrUfDBh2XRhNJ8A0CiA7___________8B2BMM0BUByhYCCgD4FgGAFwGyFxAYASoKNDgxMjExMzE1MVAGuhcCOAGqGBcJAAAAAHDn9kASCjQ4MTIxMTMxNTEYAbIYCRICsFMYAiIBANAYAcIZAggB&ae=1&gclid=EAIaIQobChMIpNPe3tXnkwMVrUfDBh2XRhNJEAEYASAAEgKAv_D_BwE&num=1&cid=CAQS0QEABaugfTLPOeKhXE-4LTZYy6Ud1ynrmgYplCR6rEQ72RhJWPSmWSIfpyUojncHTdM9AtItJx5g77ifT2ZmV_-8fBamqXfFkP7d_DRFs6hY9vB73YXQzdE3GR0SKItKuG4a20KW6XJ30nERUQ4_t8wGt8wJIg_yS_SRwFu6-Lyi0ls8guPZP-G9imqbdlyOu1dCPQDiDRGAqxdkJ5ZyezJCytKd0bNTVYYAUAWufgk4kEUHWjxz63k_tsKDMD77fn8b7Tioiy91JQGICT0CmKReyxgB&sig=AOD64_3eWXuLPIsDs7sSsmm6R-bjYod1Uw&client=ca-pub-5610521491184789&rf=5&nx=CLICK_X&ny=CLICK_Y&uap=UACH(platform)&uapv=UACH(platformVersion)&uaa=UACH(architecture)&uam=UACH(model)&uafv=UACH(uaFullVersion)&uab=UACH(bitness)&uaw=UACH(wow64)&uafvl=UACH(fullVersionList)&nb=2&adurl=https://www.gamejumpy.com/%3Fgad_source%3D5%26gad_campaignid%3D23704954495%26gclid%3DEAIaIQobChMIpNPe3tXnkwMVrUfDBh2XRhNJEAEYASAAEgKAv_D_BwE,https://www.gamejumpy.com/?gad_source=5&gad_campaignid=23704954495&gclid=EAIaIQobChMIpNPe3tXnkwMVrUfDBh2XRhNJEAEYASAAEgKAv_D_BwE,,,,,
696,https://www.googleadservices.com/pagead/aclk?sa=L&ai=CJefkwEnaaaOBJKqdjeYPu5-XmArg2rCphgG15auGsBW2kB8QASD3kJ4nYM2g74CsA6AB88_S0QPIAQmpAmhXHZdl0Io-4AIAqAMByANIqgTHAk_QtqvjGTiDH2UZ3D-yAUjErNlhY7C5o5WzORdhe_F9RQiuzYbxTDIsHZ1l4I0H7thjrD5wbBvFWLVhev6NGkC-UtMQJJdCQUgyqlw8mdRmZRi1aRCKxve_LTq_AM7necdtOHuOeD46KLFSHpjUhlVBRQL44CrnBEchrC0qpKnSj9SVAXuinGwsykSdC4FYA7V-VAlIpgk4KXOwGyP53bR7aQrneVa1ntoIoCB183OF4hj-Y1jI3GvyPHsl-MJjsyPyO1OXTJvZp_kshOcECztCmchEQ3RWoGjFLO5i5eFTOP9Fy8h_UX8jfTPFw76xPRTdbsn8rgi9PbIW1X7w6fNip0JzOXmgsf8o6R6uwgDm8HtYo8y5Ym6kI7Y3ElySGYAs5FgstW-bnb80scpd6Dylsa1Wj3F9jCsL3tSw1YKWQTnaHewPE8AEnPu7iPIF4AQBiAX9su2DWKAGLoAH9a-tLqgHp8yxAqgHpr4bqAfMzrECqAfz0RuoB5bYG6gHqpuxAqgHjs4bqAeT2BuoB_DgG6gH7paxAqgH_p6xAqgHr76xAqgHmuGxAqgH1ckbqAfZtrECqAeaBqgH_56xAqgH35-xAqgH-MKxAqgH-8KxAtgHANIILwiAYRABGJ0BMgiKgoCAgICACDoNgECAwICAgICogAKoA0i9_cE6WPu5-f7w5ZMDsQlZOT98G6WeIYAKA5gLAcgLAYAMAaoNAkJSyA0B4g0TCKfp-f7w5ZMDFapOwwYdu88Fo-oNEwiX_vr-8OWTAxWqTsMGHbvPBaPwDQKIDv___________wHYEw2IFAHQFQHKFgIKAPgWAYAXAbIXEBgBKgo0MDk4Nzg0MDcwUAa6FwI4AaoYFwkAAAAA4BXvQBIKNDA5ODc4NDA3MBgBshgJEgKtURguIgEA0BgBwhkCCAE&ae=1&gclid=EAIaIQobChMIo-H7_vDlkwMVqk7DBh27zwWjEAEYASAAEgK6ofD_BwE&num=1&cid=CAQS5AEABaugfVXCM09IRDWX0sMM8VuG3jfZGDFSVbT8FQW9tdis_9kDXHZtOUebMxUdHw9_G0RpsX39FZaSwtbYWs1ZKPl35LMNscS4kqrAcc1hZMV6VFJ0aIgunnsp58BVKN_ZpMQfzc55__0mvvXYkMl3h5xjL2qqCvnZ6VDkydkGlEYV3TjyMLwIxcPkjXaXTF-1ctpZvo9uTnV6R62RtX4Dph39ymYAdMXkndtWbefkhVno8uG6NGkzN3YdUWcjTZT1gOgsNQiglbSSklz7CBVvUjUVtuU_j7EwmCvm263jfWQWJdcYAQ&sig=AOD64_358MQpIMfRxCqCwTlbX4wYWRKpJA&client=ca-pub-7779027078698074&rf=1&nb=25&adurl=https://massageexpress.com.br/products/poltrona-de-massagem-edge-cor-espresso%3Fgad_source%3D5%26gad_campaignid%3D23630403965%26gclid%3DEAIaIQobChMIo-H7_vDlkwMVqk7DBh27zwWjEAEYASAAEgK6ofD_BwE,https://massageexpress.com.br/products/poltrona-de-massagem-edge-cor-espresso?gad_source=5&gad_campaignid=23630403965&gclid=EAIaIQobChMIo-H7_vDlkwMVqk7DBh27zwWjEAEYASAAEgK6ofD_BwE,,,,,
697,https://adclick.g.doubleclick.net/aclk?sa=l&ai=C_v5yXhrbabjBC_a1geAP0Yey0AX2-76fhgGjkobx2hXSvuf81DIQASCT2NIfYMfV_42EJqAByf7w0gLIAQngAgCoAwHIAwqqBLICT9B0sIQdFGJjF7Wrq6OKU0GVEWA3AkkBOco19_KrNuPkBHDddIhxiMOIrNupJxRPpsraHCViJsZ2O_iOMtAxPR3Ft0zYtv4s3CzUDwwCB1psJgENlY5QtShqO5ogh4PrDbYrHbrt00r93mkW17G7XSPxIbsURElJjA3_JSyz0EjAN8c82XBKyIObwUCKkT2CC-Y_GBaY95szg6h4UmwrP0r8IIF_EAqXAHhH3qlBtisWAe00G9iVi4LWb8u_Gm6uAA_qticmszydjh7m-AU-ISWwvgtyPOu7DKCPkKZ17DCuxdmJv57PUX5NjRwpiUK_dI14evp9aoV-4iBbMZyymlh_Q7ysEQ7rGUDvlLALmWr9VbHGmS3J8LsabyAkSdlgDFk6lVi6tvTF4se0QS9xpI5NwATx68r9zQXgBAGIBczknKpYoAYugAefgY-tAagHp8yxAqgH4tixAqgHpr4bqAfMzrECqAfz0RuoB5bYG6gHqpuxAqgHjs4bqAeT2BuoB_DgG6gH7paxAqgH_p6xAqgHr76xAqgHmuGxAqgH1ckbqAfZtrECqAeaBqgH_56xAqgH35-xAqgH-MKxAqgH-8KxAtgHANIILwiAYRABGJ0BMgiKgoCAgICACDoNgECAwICAgICogAKoA0i9_cE6WK2W3fi355MDsQmEGZdn-bWWeYAKA5gLAcgLAYAMAaIMA5ABAaoNAlpByA0B4g0TCP233fi355MDFfZaAAYd0YMMWuoNEwiMxd74t-eTAxX2WgAGHdGDDFrwDQKIDv___________wGwDpTLx_gYuBPkA9gTC9AVAZgWAcoWAgoA-BYBgBcBshcQGAEqCjYyMTMxMjMwMjZQBroXAjgBqhgXCQAAAABIzgBBEgo2MjEzMTIzMDI2GAGyGAkSAsBPGC4iAQDQGAHCGQIIAQ&ae=1&gclid=EAIaIQobChMIuOje-LfnkwMV9loABh3RgwxaEAEYASAAEgIYl_D_BwE&num=1&cid=CAQS0gEABaugfXM3cse7duwH1s4rzUttgh8da-U2YA_5x_tEDZEDANHBid1ul6q9-covmNoIaQ5knuG0wSMsLBNN0GHFFI515kp66R57qHVfh5gPO3WNY5Q8S8-SWsuJN6dogc7MkUAL_5t_Kmsa_sLzDN7b5il5AbznH0WW8IHuUopDHIc5_AlpTvxFS5MdjdpZl2uNx5wRQgVB1A9K7MJkrXU67OznEtwnmAh_W3yFXt5C0FaCBDLmg_44Fypn-jWud-_vH8OyNugI5fUENUrAr050QxwYAQ&sig=AOD64_3NeQapFwgcZLpEGgE1sYYtjGNusg&client=ca-pub-2870152834215954&rf=4&nb=9&adurl=https://www.gdit.com/careers/search/%3Futm_source%3Dgoogle%26utm_medium%3Dcpc%26utm_campaign%3Dtm_pmax%26source%3Ddm_tmpmx%26https://www.gdit.com/careers/%3Futm_source%3Dgoogle%26utm_medium%3Dpmax%26utm_campaign%3Dtm_alwayson%26source%3Ddm_tmpmx%26gad_source%3D5%26gad_campaignid%3D23710872140%26gclid%3DEAIaIQobChMIuOje-LfnkwMV9loABh3RgwxaEAEYASAAEgIYl_D_BwE,https://www.gdit.com/careers/search/?utm_source=google&utm_medium=pmax&utm_campaign=tm_alwayson&source=dm_tmpmx&https%3A%2F%2Fwww.gdit.com%2Fcareers%2F%3Futm_source=google&gad_source=5&gad_campaignid=23710872140&gclid=EAIaIQobChMIuOje-LfnkwMV9loABh3RgwxaEAEYASAAEgIYl_D_BwE,,,,,
698,https://www.googleadservices.com/pagead/aclk?sa=L&ai=Ctsd-WLDZafCeKdKa3NMP-oXEyQupvIShhgGw4rrVpRXCyMmv6A4QASCg5YIkYImLxIT0E6AByvbDxELIAQKpAtc6aU-p9zo-4AIAqAMByAMIqgTNAk_Q-rWO8yTWb1uWu35tVhwFbqndTYlvPTWEUk7_M3Q5crB02t1xHNm7AqbHFkhAITwz69uc0dxH9S71zEA9OjFpuaVkz_TPu1Vn1-5awntHZxiaiKOxVBuxLir_-XVoIenALmj2069Yei5JnLnyJ728v22OVmf7Ppp49BohwYBlITARiDilFIjC8XTetOEW75koB0UcXUzUSJzxBAIWdU98EwlbxLbRc3gAqSwj7po4PIcZANqJCITJpS6OT3o8c-zF_WKHQ0MR0zygX44eQF70J28HmvYWFId5-Sx6G0VT4LW4LoqpGdFFZtE8LI3aVFHCx934pYAvnTIDuNKp7Swz-XL6CYVghSDDW22OkRzdPfzP_gCLa-BWzlbQickO9IqwsEz6v9aIPRqb7Fx98A0mNc_qZuXZnO25CNx7SG7Q9CBy1xiuyytM1Cyd6sAEmKDu1doF4AQBiAWnydXyV6AGAoAHyq6UpB2oB6fMsQKoB6a-G6gHzM6xAqgH89EbqAeW2BuoB6qbsQKoB47OG6gHk9gbqAfw4BuoB-6WsQKoB_6esQKoB6--sQKoB5rhsQKoB9XJG6gH2baxAqgHmgaoB_-esQKoB9-fsQKoB_jCsQKoB_vCsQLYBwHSCC8IgGEQARidATIIioKAgICAgAg6DYBAgMCAgICAqIACqANIvf3BOli-2s3Y3uSTA7EJdR2T328dzNaACgOYCwHICwGqDQJKUMgNAeINEwiEms7Y3uSTAxVSDXcEHfoCMbnqDRMIg-zP2N7kkwMVUg13BB36AjG58A0CiA7___________8B2BMC0BUByhYCCgD4FgGAFwGyFxAYASoKOTU5NzQyNTQ5NFAGuhcCOAGqGBcJAAAAAODj8EASCjk1OTc0MjU0OTQYAbIYCRICoU8YAiIBANAYAcIZAggB&ae=1&gclid=EAIaIQobChMI8KrU2N7kkwMVUg13BB36AjG5EAEYASAAEgJP0_D_BwE&num=1&cid=CAQS0QEABaugfcx_a6vhpBh5xWO5FbeNlvHBDBmyC8R3bzTkduy3Rq4fisSBli8XGIs0fb0rEnVOVRwKBU0gebchPB0ypGj1ew9W8sY_f-x3BF9-M1SPlUs-hBlPtKa7ys5nsTfNJJaVngTbo6C7_fgUhze2qDXjtwR9JEsy8WV_xBozB8s0EHgoGucoAo4PbeaK77BzaxdF2nj8yeBTvt3UH4bB6f_XR4WGszpEuHlCTh8iYQmtY7WQ5ypW9vG8KBQCLmtoFwM38KCzq3lKIPJ1BcProBgB&sig=AOD64_3AR4t9BzcA9uSPKFaheeqat3XimA&client=ca-pub-2970406823702922&rf=5&nx=CLICK_X&ny=CLICK_Y&uap=UACH(platform)&uapv=UACH(platformVersion)&uaa=UACH(architecture)&uam=UACH(model)&uafv=UACH(uaFullVersion)&uab=UACH(bitness)&uaw=UACH(wow64)&uafvl=UACH(fullVersionList)&nb=2&adurl=https://corfu-guide.ru%3Fgad_source%3D5%26gad_campaignid%3D23594362023%26gclid%3DEAIaIQobChMI8KrU2N7kkwMVUg13BB36AjG5EAEYASAAEgJP0_D_BwE,https://corfu-guide.ru/?gad_source=5&gad_campaignid=23594362023&gclid=EAIaIQobChMI8KrU2N7kkwMVUg13BB36AjG5EAEYASAAEgJP0_D_BwE,,,,,
699,https://www.googleadservices.com/pagead/aclk?sa=L&ai=COr58tBnbaa-PLqrzjeYP_bDi6A26z-KqhQHn1uOMwBXS4dLgsgEQASD3kJ4nYMfV_42EJqABuuytsinIAQmpAmD9s7Mhq7M-4AIAqAMByAMKqgS7A0_QPyfQp-TD-h8Hq5vcdHI1o6qBbdKtfHjlwMzXaCgV_eJH8PikgZ2reg9asHVtkRwSfJzYx-QCAj6L-p6t1uzaEpThxDie1jjtl6aFRoCjalvLWT0GYa3rWJrDVGs_ZlybuwX_6VPJovdLixI0PwA3WbX23_SjenUd7fE48vLvvDi8chzTuuGFeMwObKmUnX1kt8ghDMOBuECe919hVF9dClPAz3KP1KtKRCQ4kCeXKsHZAKKeVRI_JTnz6-N8XHKqGyXPrPI4YiO1WKoA3iVeq_rUCq1r1Gy5dVkCIXmBv1A8v09Ew5pefkVoNDcVYMFK8dvFQFObtOSfmr3QYoLrsO-pgibMaQ0GinFw0r3E4KcyLf91EfT4I8w491ZA0U0Ht-mK70Twy8ATc3PGyN6pBAsBgIZWqlzPOmfjLnldcabXIaDkJQAhrFHKuKsV-FCulp8GKKcdqrbpfpVIFC-o4-W5jNVV2a0W8aqGnhjitj1y5HRTWPz07BwIjo2DB8O1jK2oBMDmlb4MqKYKEQ5KuuFjLw8-RQMzrESCptFu8oUljX2acIu8ZFFXCs5vmvcwHyqd6HZr82zjwATow6iUxAXgBAGIBYfjjYpKoAYugAe6pP6RBKgHp8yxAqgH4tixAqgHpr4bqAfMzrECqAfz0RuoB5bYG6gHqpuxAqgHjs4bqAeT2BuoB_DgG6gH7paxAqgH_p6xAqgHr76xAqgHmuGxAqgH1ckbqAfZtrECqAeaBqgH_56xAqgH35-xAqgH-MKxAqgH-8KxAtgHANIILwiAYRABGJ0BMgiKgoCAgICACDoNgECAwICAgICogAKoA0i9_cE6WKiB96e355MDsQlrRxv5ApGaFYAKA5gLAcgLAYAMAaIMA5ABAaoNAlpByA0B4g0TCKOi96e355MDFap5wwYdfZgY3eoNEwiLmfmnt-eTAxWqecMGHX2YGN3wDQKIDv___________wGwDsyets0YuBPkA9gTC9AVAZgWAcoWAgoA-BYBgBcBshcQGAEqCjE5NTQwMTE3ODdQBroXAjgBqhgXCQAAAAAk5iVBEgoxOTU0MDExNzg3GAGyGAkSAu9OGC4iAQDQGAHCGQIIAQ&ae=1&gclid=EAIaIQobChMIr7n5p7fnkwMVqnnDBh19mBjdEAEYASAAEgLV9_D_BwE&num=1&cid=CAQS5AEABaugfTQZIhHIE9sLpH9afxZENUeJAON-KUBygqkJs8kT4cf0afcQHud8J6_tO-Qm7NKioGAy_JFq3Yo4lCiXwJ3ZzVu2HD25qE8RU0x3QI7SnhEKGm25PnrNhcEIHYXsS1yXYuuLrPWuCV8Mu3hY1LRV-MAaJy_9vfwPyTSulP0MmTi6MHYeYbw8x3D2VTry1ECVSJF31jAD1lVk9t19tOOKrdrbAdG81JZpAvRyrlkry3qtViTp5ZEW9mVozQ6Kg1dA-zx7VuircjE3FnXKhszyxoVnBOny9xDKLSXeKi1pBuUYAQ&sig=AOD64_0bdLGF34mtdJimOANQrlrczX2HJQ&client=ca-pub-7779027078698074&rf=4&nb=19&adurl=https://invest.orocash.it/%3Fgad_source%3D5%26gad_campaignid%3D19885420935%26gclid%3DEAIaIQobChMIr7n5p7fnkwMVqnnDBh19mBjdEAEYASAAEgLV9_D_BwE,https://invest.orocash.it/?gad_source=5&gad_campaignid=19885420935&gclid=EAIaIQobChMIr7n5p7fnkwMVqnnDBh19mBjdEAEYASAAEgLV9_D_BwE,no,no,no,no,no
700,https://www.googleadservices.com/pagead/aclk?sa=L&ai=CrMgzDcTZaZyvPLuhjeYP68i7sQPSipiWhAHTzeDmiRK65NLgsgEQASD3kJ4nYImLxIT0E6ABw4nR2QPIAQmpAmD9s7Mhq7M-4AIAqAMByAMKqgS9Ak_Qcsn0vhl6f3BBtgixqV3Hc4tuM3plKAMCoMJ1wxyd82Qikc7tMmOjFW4QdbJpGK-D3Nzo1_ynZZVK6yxFnWAZnlVndRJiphXn9f8m3zoJp5VkCHXFCDHOjSn4I15NtQ_rnRxsHPtpO3KtzoHjjFPZ56oorV7AwabZq3OxLog8p3u3VoHOuc73K4FKpJ5v2f2FNPVGbu4Qy2MvIA0zOSHqU91b3mK9CiaDRB2L05BkfsuhD77blS-jbwSoo9mh9O3qGwEtK8QTwzT4gDxqAgQnH9kXwo470nj51hR9FfhdR9AesQhyOJJrVnPjnTGf93_B4R23KLJbDzT-9A-1IXOTltYczzfPEJquzR6aAv6X5OZFRiI5RH1eYuUYkak2O4fNkiIJqDpc1cLyXfmMA7JqXIQspUX7IEAPPohDwASf--TN4gHgBAGIBeXoh_0FoAYugAel9q4mqAenzLECqAfi2LECqAemvhuoB8zOsQKoB_PRG6gHltgbqAeqm7ECqAeOzhuoB5PYG6gH8OAbqAfulrECqAf-nrECqAevvrECqAea4bECqAfVyRuoB9m2sQKoB5oGqAf_nrECqAffn7ECqAf4wrECqAf7wrEC2AcA0ggvCIBhEAEYnQEyCIqCgICAgIAIOg2AQIDAgICAgKiAAqgDSL39wTpY-qS3vvHkkwOxCdZJQxd5JHdFgAoDigqyAmh0dHBzOi8vdDIzLmludGVsbGlhZC5kZS9pbmRleC5waHA_cmVkaXJlY3Q9e2xwdXJsfSZjbD02MzczMjM4MzAzMjM2MzIzMTMxMzAzJmJtPTEmYm1jbD0xMzczNTM0MzIzODMxMzkzNDMzMzAzJmNwPTE2MDQ0NDkzODEmYWc9NjA4Mjk1NDc5MzUmc2JtPTImYWQ9NjgxMDk1NTMwMDU4JnBsPXd3dy5uZXdzMjQuY29tJmJrPSZhZG10PSZjcm10PSZmPSZmaT0mZXg9JmNyaWQ9Jm53PWQmZD1jJmRtPSZ0Zz0mYXA9JnB0PSZhdD0mcDE9JnAyPSZhYz0mdGdpZHM9Jmdlb2lkPTkxOTg4ODMmaW50aWQ9MTAwMDk0MyZwaT0mbWVpZD0mc2hjaD06OpgLAcgLAeALAYAMAaIMA5ABAaoNAkpQyA0B4g0TCNnet77x5JMDFbtQwwYda-QuNuoNEwi4nbm-8eSTAxW7UMMGHWvkLjbwDQKIDv___________wHYEwOIFAHQFQGYFgHKFgIKAPgWAYAXAbIXEBgBKgo0MDk4Nzg0MDcwUAa6FwI4AaoYFwkAAAAAaIQAQRIKNDA5ODc4NDA3MBgBshgJEgKhTxguIgEA0BgBwhkCCAE&ae=1&gclid=EAIaIQobChMI3Om5vvHkkwMVu1DDBh1r5C42EAEYASAAEgJj8_D_BwE&num=1&cid=CAQS4gEABaugfUFGgaAz1NvTuKfi0Vu-5yYP7XWsMSnyPgaC_x-fVT6Gn3r73LixTbWEAMwP1sQ6AvLujVafQxcxMIOOcwblyyERC4ouUWHMi-9uyeOnH9ieHCzavt5sYLvcR77Z9gUnG16FYnf58HQTf5PUvMwuPKBxY8JOtPLNeQOvFmdznyL_UTbl86HMtO92SCtxwaFOAdFKO2Mw4Do84ufXsmF6h4rtnsznO-2Cai3dDOHkMbTfe9WQrspbVNra-yFkJ2WAELak9aoyK4Cuu6MWG3ttq_NxEgMVL6bbKWqgiriOGAE&sig=AOD64_2L0ICykCxgSaonQwgYGmNQRfNOzQ&client=ca-pub-7779027078698074&rf=4&nb=9&adurl=https://www.soelden.com/de/aktivitaeten/ausflugsziele/007-elements%3Fgad_source%3D5%26gad_campaignid%3D1604449381%26gclid%3DEAIaIQobChMI3Om5vvHkkwMVu1DDBh1r5C42EAEYASAAEgJj8_D_BwE,https://www.soelden.com/de/aktivitaeten/ausflugsziele/007-elements?gad_source=5&gad_campaignid=1604449381&gclid=EAIaIQobChMI3Om5vvHkkwMVu1DDBh1r5C42EAEYASAAEgJj8_D_BwE&gclid=EAIaIQobChMI3Om5vvHkkwMVu1DDBh1r5C42EAEYASAAEgJj8_D_BwE,no,no,no,no,no
701,https://adclick.g.doubleclick.net/pcs/click?xai=AKAOjstwYPeJgGpAvUpYUUBYwy2Acs_1WR7uWiFIDRDQQQavG_t3OGXP3qHshh5MGzryrdRYk1ImZBbZm4vp7DCZZ7N3_INzysQUVCQQCkcvm0xW2LRdNwpunDrqgUD4aKzx37WDw_nzxA611vO9BVPmRYC5kvq3YJW9F7TNZNqwyJvyoAXzEqvbTCeS9sCNL276WfvaeGFW3rSjVplTDOXnyiFYe2yEbgKcCUgxd6-Xw-AMpVHQl1m2x0_ZaD-qGLgqTCDIZSsZ2hbfReIbj2PWGLwqOQXlUr3jYofjQCZuoD61SGHyjZ9Cts8QYnTp1FHtuPJFyhgMhW9rYidXbsHvm-ikWCVXebV5EJqtKlJXVW2GAcJMVczG_LD2bbJsAEJZxxxKNu0Hg0bzg3rCGS8EyStuee_elFqadTRkPr-aQUDL7lPhECnYhwvUbQ-Ebaoc3Gxe05bluSJYI_YxWyQVv39iy6FnjZOLPzTekT1kKL59sFxOnWQBOl8swCXxz7I6chAMJrI6ZR2izJABfLLnG2JaT-b1_5G38PuONuE8_yBJjSg9EOu3FvkkZPq6KWwDReOCu7LG1JVWxETcvfR2pqkiuBGrLDD2tN3KNM2lZj8v-SdpaZug5A7jHkEAQgX8Gm_BqbdgkukEzFzLuATTxZ0mmSSY69Dj3sgV3VzNJ3yIcmD1QkmlLf2XmG-IZ-rZbS8gajQz1QLmgwNNFArihQj47VIkpDDUYrKaxw0tZQxXC30PdQyONKoPhzy2AXBMc3XFRr_-nsJwVQCRMjnMRpjj5MYFfiSBLxZPX3Ooz28P0at7zM8OKgXVdS9xP1yON5RsJHQ3z9F1PzOTzWGM7ar4xsp3NWyrPnzQ128b6QDed72MOrD2_6ojUPLfVwgrRbzpbGj8C_d3RmTGOg07ojhVqlbx1K42PlzShAiO3zJrMSN9x7XRz9b0x8n3tRl1nJDLxopduKPm-OpRUKUJItSAqHcjqteaVCpUYkSNDQs6yFlsdtHguKdzzZ96h-jhmUE3TtrKxKCN-hByBaLF2nUHAnArnqeAe_Lmr0c7QQEkenJ2QKCV_rrS8fGGDbepa1x6KkKqrj7yMc7J6I2xxptum-VRTV-60u1r9cC2OSc3HLV8UrWsfV_teCWB26MpQmeRARQjtlazzYJkb6QAdjTz73Oy1qkfjJCTlcaNqJx-_a-FtyGsPqBXiPCsphfemYLteNL05P8jmR6TRLCzZb4KVltUmH19R5m4tmGZjVtfd6JIu1ir7q86InYIeAt7-w2kZNTOvGGyPssC3xj0nXH2_HJcfhPiSIjLOy3F8N4rWh9hap21AIaiiR1iGXyPVzOVD7yy0Y5RxGH7esrj5Fth9wcTQmb6jdYtvTlf8pswF5pxAFtfHe0_FBG7a1aHTg3O06xy_hYpAbvXZpSC2EUsUhQyaA51Z0o8MrmkQXlQ4IJmAi9tfq6Cwio20GkIJp2svHETnxxeUQEnAJWp-K_PMkYPXxMurm0A0zIRZCTk98plGMgid6jQp3Y6sRb5cQsN6CAQPjlrN-0evxSO8XxUS0J4bC1OeY6WL_LTp0i6_eOzrY7cBSKqFWdQOBaQpV0hIsuXpYS18le9KR6XEIOzAJNH2CkyA6TW0Q3OYCW2oi6KckSt6Kk84HrkKxMV9i9ctDwv-XHuiJKAKSm413_3cqrKqnMvHupHiUvJhbpR7ECybAh3qiR4wLS0H7xvzdvtrfx0C2jGnWGoPRCa_Qnx2OywWmNrNHSdtNNhOT5pYzcf64-dKyjySjzUTgvVX6MR5XXJn2XZOuVYJK4FXyRsoPV42iwsxvvsAxBHf6oVS5t6KDaUuSnxVYxsw3XR5w1n6zCUrJBG-eU1pq1hu6_QNhRcAkccYkRI1Juc2OfIUmeiy-l-Po4X9CjyDPhCBImITIR4oXwSVvRJBzL6tfPBQgKcAT_cJOSdp2cyAAewqE3jozWpZaUFDCIGNJmcFs753QleQIW0aaVRUjRpC9JE2W7oHFY-K5n1cinXNZfxq54LtHiMqdoP4P8Y63oGokiue-BhWto_yM8gkejLqgZbb2V1vVSz5vUXtIkzkgEE9YuGC1YJGNKeMnutzicrueUUaISdlGRugcdbq2UlB4wEGNfItJHjs9rzzEzw&sai=AMfl-YRgPNSGwj5Hhhd_HHis7rtACBozROE-lGCRkPgbt9lXcZ7uejdAptlKVLlBbNFuT40p31UL3tzXSUJGx9mk5bxOWJeUvSkNSD2NwWyHUcNRuTN-1QW8MvmLvIsW1WvmmgcyiJsYM1iYUZAw4tGu497OpYZoeiBSSJ0vqJFvxgPJ_vxQMpJ0GhdBlFDobINEIVtSecAABDJXjkCgtl5Wk9dI3y80ZAxda6bN6T9WxLSTjrNhlkqXw_4Ih3KeWjcPEgBJAE5daoV3SPnuYDpaOpTzeK0w0-89zV3JUNH_KvTQKRgCiiGPRRg8AzOagR_lx0Uv3aF9LLqDPUr-GLrypzhVlyUGdXXYS1Ppx79hCMydtSPUacMVSUDN7BkKW4tzHJ9sIClbuIEELwEFbC25k70AKaTtZpl9vM9LpIKIZ91MyeacgvSJPfWWjnYqkHdzDd1LVzWGul81vaEMOuKFcxPNIwz-GTkqwj6vxyv-t-UQpVuYCND1ZgvHxhIUYOMAdbmPv822v1maT5u0f1tI&sig=Cg0ArKJSzGTVpfo6h7WZ&pr=6:0.380557&cry=1&fbs_aeid=%5Bgw_fbsaeid%5D&urlfix=1&adurl=https://clicktrack.pubmatic.com/AdServer/AdDisplayTrackerServlet%3FclickData%3DJnB1YklkPTE1ODkzOSZzaXRlSWQ9OTk4MzMwJmFkSWQ9NDk2NDkwNyZrYWRzaXplaWQ9MjYmdGxkSWQ9MCZjYW1wYWlnbklkPTIyOTg3JmNyZWF0aXZlSWQ9MCZ1Y3JpZD00ODQyNjgzNzEyODQ4OTQ3NzQ2JmFkU2VydmVySWQ9MjQzJmltcGlkPUMxNUMyMEJDLTM0NzQtNEMxMy1CRUNDLUJCNDgyMDNFMEUxRiZwYXNzYmFjaz0w_url%3Dhttps://www.absa.co.za/self-service/digital-banking-services/digital-ways-to-pay/absa-global-pay/%3Fgad_source%3D1%26gad_campaignid%3D23439588228%26gbraid%3D0aaaaacg7uv1c_a9zpsl_gwaxjpvhiaof5%26gclid%3Deaiaiqobchmir92b64oukwmvhzbqbh3rkdieeaayasaaegl1uvd_bwe%26cmpid%3DDMPR_e2MJ1%26dclid%3D%25edclid!,https://www.absa.co.za/self-service/digital-banking-services/digital-ways-to-pay/absa-global-pay/?gad_source=1&gad_campaignid=23439588228&gbraid=0aaaaacg7uv1c_a9zpsl_gwaxjpvhiaof5&gclid=eaiaiqobchmir92b64oukwmvhzbqbh3rkdieeaayasaaegl1uvd_bwe&cmpid=DMPR_e2MJ1&dclid=CLi-qcW_6pMDFWl6wwYd3bUevQ&gclid=EAIaIQobChMIhr-FsLbnkwMVa4_9Bx2O1QxWEAEYASAAEgLmg_D_BwE,yes,yes,yes,yes,yes
702,https://www.googleadservices.com/pagead/aclk?sa=L&ai=Cp89kbirbaZaLDqjGgeAP15ix2A_WlN-kgQGsp6WxxRS2zN3VxQEQASDa8Y4MYMfV_42EJqABwrPS7SjIAQngAgCoAwHIA0iqBMcCT9BAXZQOSggufaSFdLMwWmRT0qyzPC9H3of7VLRhUV014ggBkADdXgg5xWedrX5GQxVTAiaqw6KSJJbyQ1jOj9wxniJjahpH_OQp2WKpn_sjxyqZJw9aarVFVkKqoQw72J-JCd2NoGSchZTqflicImuBgCk-iNh63lZJhcJAo2mqDN_j7bt5Bc_nvjbqxBvUsNO48H4FF6gGXpI8usMQBmEweZmqZ2UQ886-K-jr-8TaGpKUExJyg31kHd2qJ3myQPipoGAdporV8m7sWUC-qUhlXsabOSL6VOpBpTD5Wbc3qywoLIzi73fKCcEzx3Z6IFjRtVo5EsT-ge2huFNAalvBGDCom8OxyZ-Ho7agtuQmei47NtOV6Eo_3xtgjF4MoWRPyvkxj_RmxiibCVVkRAcCB_s4GWbhKxSaUq8nUK_GaC2IlCNEwASa7_XOwgXgBAGIBcSL2-tLoAYugAfC66LNA6gHp8yxAqgHpr4bqAfMzrECqAfz0RuoB5bYG6gHqpuxAqgHjs4bqAeT2BuoB_DgG6gH7paxAqgH_p6xAqgHr76xAqgHmuGxAqgH1ckbqAfZtrECqAeaBqgH_56xAqgH35-xAqgH-MKxAqgH-8KxAtgHANIILgiAYRABGB0yCIqCgICAgIAIOg2AQIDAgICAgKiAAqgDSL39wTpY5_a_ocfnkwOxCQNR1Cpt9FYEgAoBmAsByAsBgAwBqg0CWkHIDQHiDRMI35_AocfnkwMVKGMABh1XTAz76g0TCJrMwaHH55MDFShjAAYdV0wM-_ANAogO____________AdgTDYgUAdAVAcoWAgoA-BYBgBcBshcQGAEqCjg4NDMxMjUyMzVQBroXAjgBqhgXCQAAAADg8_RAEgo4ODQzMTI1MjM1GAGyGAkSAqtOGC4iAQDQGAHCGQIIAQ&ae=1&gclid=EAIaIQobChMIlvrBocfnkwMVKGMABh1XTAz7EAEYASAAEgIRFPD_BwE&num=1&cid=CAQS0gEABaugfb5-FEZcfki31iFOb_Et6BeNaLHisuK0xmqGVDc_DwbbLtO_Kfb2eQYaP2x8WU-8o4Vvlk8k0mJGL7hN8IcfXot_GbuYqzHj2V3AIh1_NvUO4w-93M12w2AYoNN2vrVQFDizmX-bbaaFGryuHwPsUPY8I57N3S0YbOmMBI1sjXMWm8avGwhIf-VLhjJhnH4W_DvUas3Ci0QoHVqlhpane8DUipAT_ph5RRomfqWAQnUZtp4_B7VofupdXJEvD_RfSLDyI4mXY6aH7V5aJecYAQ&sig=AOD64_3sT_-eYwjD2V2-MMcMhDS-UYwD5A&client=ca-pub-9783515403541006&rf=1&nb=25&adurl=https://www.cobiaboats.com/cobia-245-cc/%3Futm_source%3DAdwords%26utm_medium%3Ddisplay%26utm_campaign%3D245CC_Launch%26utm_term%3D%26utm_campaign%3DCobia%2B%257C%2BDisplay%2B%257C%2BIn%2BMarket%26utm_source%3Dadwords%26utm_medium%3Dppc%26hsa_acc%3D9931484148%26hsa_cam%3D20358546884%26hsa_grp%3D189680940954%26hsa_ad%3D780068121330%26hsa_src%3Dd%26hsa_tgt%3D%26hsa_kw%3D%26hsa_mt%3D%26hsa_net%3Dadwords%26hsa_ver%3D3%26gad_source%3D5%26gad_campaignid%3D20358546884%26gclid%3DEAIaIQobChMIlvrBocfnkwMVKGMABh1XTAz7EAEYASAAEgIRFPD_BwE,https://www.cobiaboats.com/cobia-245-cc/?utm_source=Adwords&utm_medium=display&utm_campaign=245CC_Launch&utm_term=&utm_campaign=Cobia+%7C+Display+%7C+In+Market&utm_source=adwords&utm_medium=ppc&hsa_acc=9931484148&hsa_cam=20358546884&hsa_grp=189680940954&hsa_ad=780068121330&hsa_src=d&hsa_tgt=&hsa_kw=&hsa_mt=&hsa_net=adwords&hsa_ver=3&gad_source=5&gad_campaignid=20358546884&gclid=EAIaIQobChMIlvrBocfnkwMVKGMABh1XTAz7EAEYASAAEgIRFPD_BwE,yes,yes,yes,yes,
703,https://www.googleadservices.com/pagead/aclk?sa=L&ai=CTkegAtHZaebsDMqejeYP0OC1Ob-uuLSGAbjzuoijFd3ZHhABIMzX0BVgiYvEhPQToAGDkbLOKsgBCakC1zppT6n3Oj7gAgCoAwHIAwqqBLwCT9CIetHHU288Yg5OAd_YCPQfcMtDDLrrPwlpM7Zu_Fo6gnV1-C41vUkfMjxYfWFlJ7DEqwDg7FV0EtrRywKdzIJJJLpIwnsI4sT2OXNmPhhkNqNv8V8KyH7uxWbToGKIV_-E8Vwvqg_2gELYRYVDZfMqpcDwPQGuf84MuHZmMKS8aD4Cy3t43yIRX0y7AFgEwSWYOamDP-qU2csoT5g_srBOOcIlhkOdQkv_Lc6jJi9vmuihTKO8ZPXj8-irBL_g6az1Qclb8OJKSaPCZTw8247FBEo8wP-ed0OaYU1CX1z77sLMkwOW8G3UtP-tdsU_NoS5PEvRXGaIJstTVyqO5KRtN4Fk4giqyEF65LYBAyfqKrgF1V2GDn-L7hKDUPu6v7F2qXGIvUCcgEMxzvpGeRwjGrOZueXYKdW0N8AE95T_juAF4AQBiAWtkYKfWKAGLoAHg8mCrgWoB6fMsQKoB6a-G6gHzM6xAqgH89EbqAeW2BuoB6qbsQKoB47OG6gHk9gbqAfw4BuoB-6WsQKoB_6esQKoB6--sQKoB5rhsQKoB9XJG6gH2baxAqgHmgaoB_-esQKoB9-fsQKoB_jCsQKoB_vCsQLYBwDSCDIIgOGAEBABGJ0BMgiqgoCAgICACDoOgMADgICEgICUjuADqAdIvf3BOliD6Nzr_eSTA7EJ0Jl-vz50W_2ACgOYCwHICwGADAGqDQJKUMgNAeINEwj1pN3r_eSTAxVKT8MGHVBwLQfqDRMI9r_f6_3kkwMVSk_DBh1QcC0H8A0CiA7___________8B2BMD0BUByhYCCgD4FgGAFwGyFxAYASoKNTY1OTIxNzkzNVAGuhcCOAGqGBcJAAAAAHgpBkESCjU2NTkyMTc5MzUYAbIYCRICqE4YLiIBANAYAQ&ae=1&gclid=EAIaIQobChMI5vXf6_3kkwMVSk_DBh1QcC0HEAEYASAAEgJF3PD_BwE&num=1&cid=CAQSggEABaugfWJlSH4rTpLN8Jdie14QRRqLXh63-ThjXhTMEbER7sM_PfOW1NOcp8VcVb1aFrky5t-6gTKvrs2POcoeYJwTb35j2MkbZ8anEuRU2o-Mor6PIgywvgnpLcOppcXTqchyAmV8OCUomvX51Qn_pdbOeLNcAX4hrVw-kkgP6ihJGAE&sig=AOD64_3MhaTg8SAbAukW2CW1tHUgjflfVA&client=ca-pub-4952397932412714&rf=4&nb=9&adurl=https://www.tokyo-bay.mini.jp/news/2026-J01-debut-fair%3Futm_source%3Dgdn%26utm_medium%3Dbanner%26utm_campaign%3D4m1-2wpoulsmith%26gad_source%3D5,https://www.tokyo-bay.mini.jp/news/2026-J01-debut-fair?utm_source=gdn&utm_medium=banner&utm_campaign=4m1-2wpoulsmith&gad_source=5,,,,,
704,https://www.googleadservices.com/pagead/aclk?sa=L&ai=C9cWAGC3badi2EseP3NMPw8z0uQeXm4eShQHpyMf8tBW_6KK9wAEQASCM95YmYMfV_42EJqABnp-P5UDIAQngAgCoAwHIAwqqBKMDT9AyEndOp2OEPLlxMaizaX_fBvKb_gOp27cAYhLys47p-CDWPv7ylIwUhWo7kMa_4Sp1ARaZzd_bsLyeN_RAmnmeM7kVojir-hRbrmmnsuz1-IiUprZxCLgg5qX4hEO32IXuL4fFj-5XIGamSour5YfHEjaAe3avHsDsHcT9MnookHJPMkAjczj7QcGLQvlEwuyhIUElnuo5lB3REaxfeWDUXT063hl_FReT_WA1vPBF54uBgTrKQtqNzk5eKbYlEi3xe_7o3KLFeRhuw5NhPsRD6ul4YUVdzbdvAn3-Ggf0eZRFvZvBlmuAphx4YyjgvSgU6QZG87oJ1hFO505r9CTD1SPXF4K3S_Dk9XFub-7hc8sLpWEil-YJeF_BEAP1irP5xHQ2MfwvwE7wriFAHeNiFCt2duuoY_ommKsHndfCAe70Sto-5JIzfFBh16_6a6gKQEStE0hkPjRDpDH8TGI1u7S_LzG4lwaC7eiDxuj-5xeoDZBq2SRVf4nkY4CVYa8vW1FYz97GtMUMDaLxpDRfEUWSEc3nnFb8ixyUk030K-vABJS30KfOBeAEAYgF5c_V0FegBi6AB57X38QbqAenzLECqAemvhuoB8zOsQKoB_PRG6gHltgbqAeqm7ECqAeOzhuoB5PYG6gH8OAbqAfulrECqAf-nrECqAevvrECqAea4bECqAfVyRuoB9m2sQKoB5oGqAf_nrECqAffn7ECqAf4wrECqAf7wrEC2AcA0gguCIBhEAEYHTIIioKAgICAgAg6DYBAgMCAgICAqIACqANIvf3BOlizg97myeeTA7EJccl2LlfYtneACgOYCwHICwGADAGqDQJaQcgNAeINEwi5qt7myeeTAxXHB3cEHUMmPXfqDRMIifzf5snnkwMVxwd3BB1DJj138A0CiA7___________8BuBPkA9gTDYgUAdAVAcoWAgoA-BYBgBcBshcQGAEqCjE5MDg3NTczNzlQBroXAjgBqhgXCQAAAABwOfNAEgoxOTA4NzU3Mzc5GAGyGAkSAuhYGC4iAQDQGAHoGAHCGQIIAQ&ae=1&gclid=EAIaIQobChMI2KLg5snnkwMVxwd3BB1DJj13EAEYASAAEgK4k_D_BwE&num=1&cid=CAQS0gEABaugfemoaxGGQlWl8VSUBsseS4NAOU90QI4sAkrMCkdAby4ZjZVeVz6izcVN4hN16G7gcE5t9CxK1aNJsZwGm0sPfpaBtuQ9fYekvB3rHBmPlu2rDHEPneRtDju01dL2eRRWmiBWslRXoWMwP1A5OToWXHSSpopt1nq5J2zdmE62jAX0zrukGUZ7OCKVyMM5VkGSbF_SrXmAX5R8DFcukdGC0xr2284lYELn_X7tRdh0Nwp5-qeLrbl5UZy3DDFSvXML_wJS6pHTKpJ3h2spq_QYAQ&sig=AOD64_1l6Byzbrf06VRSQaYYrxPnlvM-uw&client=ca-pub-6554330019384808&rf=4&nb=9&adurl=https://imagegen.ai%3Futm_term%3D%26utm_campaign%3DWebsite%2Btraffic-Display-%2Bimagegen%26utm_source%3Dadwords%26utm_medium%3Dppc%26hsa_acc%3D4171940543%26hsa_cam%3D23523059685%26hsa_grp%3D192819764116%26hsa_ad%3D795775535970%26hsa_src%3Dd%26hsa_tgt%3D%26hsa_kw%3D%26hsa_mt%3D%26hsa_net%3Dadwords%26hsa_ver%3D3%26gad_source%3D5%26gad_campaignid%3D23523059685%26gclid%3DEAIaIQobChMI2KLg5snnkwMVxwd3BB1DJj13EAEYASAAEgK4k_D_BwE,https://imagegen.ai/imagegen?utm_campaign=Website%20traffic-Display-%20imagegen&utm_source=adwords&utm_medium=ppc&hsa_acc=4171940543&hsa_cam=23523059685&hsa_grp=192819764116&hsa_ad=795775535970&hsa_src=d&hsa_net=adwords&hsa_ver=3&gad_source=5&gad_campaignid=23523059685&gclid=EAIaIQobChMI2KLg5snnkwMVxwd3BB1DJj13EAEYASAAEgK4k_D_BwE,,,,,
705,https://www.googleadservices.com/pagead/aclk?sa=L&ai=CspjLVxvbaY_DDqaJ3NMPgN_P6QSViu-_epmL0aKxE_Oq9MrCARABIOa0z5kBYMfV_42EJqAB6du3tD3IAQngAgCoAwHIAwqqBNsCT9BR1Rtsx4-iu857nEkVULlAN85-lHvKbVTQarVB9WqKfU8-tcKPxZgCVMuVGQTyKyR7Le8L0WjaXKY1Jvyg5aQrQQbXwywD6zckAEn9ZNTmH6Jd9qM8yzYvseizYiVCo_xJ-lKGoLl9GYd_d68pFTd7r1NirhA6JInF-Z5XHLIZ0SxjkTKi0mwJ-Gaaex9W5X0NWo02Mhh3ImJ2A2JZfxP6Lbc8Vhd0a5fBCBzE_8J2XaLpO7JvYe0Ag4GUlNrOaDtDyRgwx6nsmkBJk3rG3bO5Y1bhvDSzpPuudJtYgtvaWMu9LZu8JpnCywG7WkdMrJVNQxSQJoj0oGymmyDBOGvQxSCBfjuoFodP181Re5c0UnfP5J7DiAt3gf9213e1Xiz0ricOQiML3ALRRTAJlVrrsdZOa6wYagWsX0qM1EpVWyp_esTVROTO10lFu18KhvnnU4pxNSZcbzfABMTk4Ir4BOAEAYgF0ujohVGgBi6AB-mTiJQYqAenzLECqAfi2LECqAemvhuoB8zOsQKoB_PRG6gHltgbqAeqm7ECqAeOzhuoB5PYG6gH8OAbqAfulrECqAf-nrECqAevvrECqAea4bECqAfVyRuoB9m2sQKoB5oGqAf_nrECqAffn7ECqAf4wrECqAf7wrEC2AcA0ggvCIBhEAEYnQEyCIqCgICAgIAIOg2AQIDAgICAgKiAAqgDSL39wTpYoua977jnkwOxCdYbj-h7l17lgAoDmAsByAsBgAwBogwDkAEBqg0CWkHIDQHiDRMImIe-77jnkwMVpgR3BB2A7zNN6g0TCNmNv--455MDFaYEdwQdgO8zTfANAogO____________AbgT5APYEw3QFQGYFgHKFgIKAPgWAYAXAbIXEBgBKgo1MTAzODc5NDgzUAa6FwI4AaoYFwkAAAAAQPgRQRIKNTEwMzg3OTQ4MxgBshgJEgKTThguIgEA0BgBwhkCCAE&ae=1&gclid=EAIaIQobChMIz8q_77jnkwMVpgR3BB2A7zNNEAEYASAAEgIzCPD_BwE&num=1&cid=CAQS0QEABaugfbTlwMfWiplPr97UWdYjMecBXYpOgwNwcJKvF0sGEzq97R_yNHOejIOhYUh2R1Exr9W35g9mFrOw-ky4QW4nZZ8ftymEYOtt-8HlLW3hlRwyHjGFfqDnNtjeW-dfXUrKKQI2wqWeyRfQ7tUac3DVBIoNsOK5yRHEvGNdxuOMHD6gkUmc8RMUdC-SjROEJcxTi41VvyQ7OKorrkU7OjZ1flyKqUfxEpUB-qnN3r7xnd-vPe-QSwNsqwsVUktvrYmJ42WXG1u4Zl5TlW1XwRgB&sig=AOD64_12ZlNyGCmr7_MGj3goGWj9AwldBw&client=ca-pub-3677668629134422&rf=4&nb=9&adurl=https://themonkeywrenchbuilding.com/%3Fgad_source%3D5%26gad_campaignid%3D21755475026%26gclid%3DEAIaIQobChMIz8q_77jnkwMVpgR3BB2A7zNNEAEYASAAEgIzCPD_BwE,https://themonkeywrenchbuilding.com/?gad_source=5&gad_campaignid=21755475026&gclid=EAIaIQobChMIz8q_77jnkwMVpgR3BB2A7zNNEAEYASAAEgIzCPD_BwE,,,,,
706,https://www.googleadservices.com/pagead/aclk?sa=L&ai=C-LA1pD7bacOgLua0geAPrrfA0Au3u92RhgHO5b3OxhH_oamAnjgQASC_8MQeYMfV_42EJqABytnM4gHIAQOpAnP2jashlrY-4AIAqAMByAMIqgSqAk_Q4OUUCe3PXdMKbYSvmC_3eYQeGHRAL-LxbF20pqR9QvI5dd5B8sdzL06qZkvmcz-9ELLupDpmiDeflWPZnSGqlOsyfd-9g9LbhEz7X8lXSiM4rpI0B93nWCbaTuiC1z0jJSQhFXjkVJwPo9xnDFE9cCRaeXK0pb8vqaPd0ynY1OVMBCCiXHktcgI9Uvsm4KW1Tz-SXHVnG-2DMTk0n9nYCkuQkM4kYfB1guDz8DiAC3yZg_SSHFGV-06mbeZlqShys3INe47dRSi0kcL62P8BJaIzty6RMY1NC8-6_NojnR5meWeTagmV69lxxHKYmvgh6Idg4auNxtwK0Vp9KwGlrzVIMYH2uo2YFNIU8vyEL_tE5Abon1X9vmX8XPYigWE-irUThnziojTABMHZwJ28BOAEAYgF7YCBkEygBgOAB56ms50CqAenzLECqAfi2LECqAemvhuoB8zOsQKoB_PRG6gHltgbqAeqm7ECqAeOzhuoB5PYG6gH8OAbqAfulrECqAf-nrECqAevvrECqAea4bECqAfVyRuoB9m2sQKoB5oGqAf_nrECqAffn7ECqAf4wrECqAf7wrEC2AcB0ggvCIBhEAEYnQEyCIqCgICAgIAIOg2AQIDAgICAgKiAAqgDSL39wTpYjo70xNrnkwOxCa8vXO-3d5mPgAoDmAsByAsBogwDkAEBqg0CWkHIDQHiDRMIirX0xNrnkwMVZloABh2uGxC66g0TCJjH9cTa55MDFWZaAAYdrhsQuvANAogO____________AdgTDtAVAZgWAcoWAgoA-BYBgBcBshcQGAEqCjQ5MTcwMTgxMDJQBroXAjgBqhgXCQAAAABwMQVBEgo0OTE3MDE4MTAyGAGyGAkSAqpQGAMiAQDQGAHCGQIIAQ&ae=1&gclid=EAIaIQobChMIw4L2xNrnkwMVZloABh2uGxC6EAEYASAAEgLYdvD_BwE&num=1&cid=CAQS4wEABaugfcb5Tha50YHYkQQQjfIF9m8f9SwLqHYHDbMgxnawPEUEVQigqMEPKxWOb7-dK8WeKP5i27QcTXGIIGLAjkgCcZMUYjd-rqr26fJasJv46hglcpNANHHpFrrsYKCF2FJKgZvkzi1itqKJNmpsLq94AEsTNo-n1A3Uz_Mp9a2KGkTSDRyWtKYtFBlVT4anCIxwGXqBHKSChAJeM2WzxSURc03MFst3Lz8AewByewvw7sJTCU-rYDbithscjwbh2neseK0v719KTD970hhLAx5FoMo0rcKgaWomMhuK03d0LRgB&sig=AOD64_1hXb00c1pkplRSNoYxj4gdOJvobQ&client=ca-pub-2048723688233790&rf=5&nx=CLICK_X&ny=CLICK_Y&uap=UACH(platform)&uapv=UACH(platformVersion)&uaa=UACH(architecture)&uam=UACH(model)&uafv=UACH(uaFullVersion)&uab=UACH(bitness)&uaw=UACH(wow64)&uafvl=UACH(fullVersionList)&nb=2&adurl=https://uk.westfraser.com/our-products/sterlingosb-zero/%3Fgad_source%3D5%26gad_campaignid%3D20434665581%26gclid%3DEAIaIQobChMIw4L2xNrnkwMVZloABh2uGxC6EAEYASAAEgLYdvD_BwE,https://uk.westfraser.com/our-products/sterlingosb-zero/?gad_source=5&gad_campaignid=20434665581&gclid=EAIaIQobChMIw4L2xNrnkwMVZloABh2uGxC6EAEYASAAEgLYdvD_BwE,,,,,
707,https://www.googleadservices.com/pagead/aclk?sa=L&ai=CjtsuKi7badr7H6KB3NMPz_6acbCv9pGGAceCp6y7FcCNtwEQASD_8PghYMfV_42EJqABl7zToAHIAQngAgCoAwHIAwqqBIoDT9DozOLt3HFnIhMfYY8vTFNvYdfaRHVyflkX2prhI_nDjYd0XJr5Unx91MG1N98O5C8y7RpO8LgAEnSQHI2FhX48cXARkA1MtNDutFdXmGUVvKPKiaTTJ9sXPPwfiY9pIJGuST6SCDfnxnFzla3OIcOYzoBqd8jL88noowrgrrGzcgARtMSBZkrxguUNTdZq-tDfYM57JuO7xklFooz8gpli1MIlt5UotBtICauf8Eio5GIp0sb8cSzpDN-t-wsSwas8UpnScG5AEvVo3T72GUr426DU5keTk4jXuF85jMtWlh9QVpLgz8SaKG1lx5ksnTQ980xb3hWVXug-kCEoa-Uo-9vFmJMs0OMBz1gsVnexQbrqBXgyWHEfBpXmF6JUGWwPYOLOnhgq_knp1Lz4B7yTPxqCGHs_C8BvYk83rCcYfcN2zJow0VFgF2fwGH97SMvry7JfHxIR1Du4lSOEtGgKNfMlC5AzsMqsDO61HwmEAyBk1Kp6QEMw35hnw34YWMSVLXsYLNmmOcAEhJGZ_vQF4AQBiAXOpOOfWKAGLoAH0cOs3wKoB6fMsQKoB-LYsQKoB6a-G6gHzM6xAqgH89EbqAeW2BuoB6qbsQKoB47OG6gHk9gbqAfw4BuoB-6WsQKoB_6esQKoB6--sQKoB5rhsQKoB9XJG6gH2baxAqgHmgaoB_-esQKoB9-fsQKoB_jCsQKoB_vCsQLYBwDSCC8IgGEQARidATIIioKAgICAgAg6DYBAgMCAgICAqIACqANIvf3BOligrb_pyueTA7EJRCQiBdcaug-ACgOYCwHICwGADAGiDAOQAQGqDQJaQcgNAeINEwj307_pyueTAxWiAHcEHU-_Jg7qDRMI-P3A6crnkwMVogB3BB1PvyYO8A0CiA7___________8BuBPkA9gTDNAVAZgWAcoWAgoA-BYBgBcBshcQGAEqCjQ1NzAyNDQxODNQBroXAjgBqhgXCQAAAAAMJRtBEgo0NTcwMjQ0MTgzGAGyGAkSAr5oGC4iAQDQGAHCGQIIAQ&ae=1&gclid=EAIaIQobChMI2rjB6crnkwMVogB3BB1PvyYOEAEYASAAEgLOevD_BwE&num=1&cid=CAQS5AEABaugfRIG-iFv3WpG0sCG0Rf2qNdx67mUI34eqyfB8YxoQZsXgr58GDhL5ApevpkBw5RHJPkg5H8OC1by871X37oRMLjuYyp2Is9LT81OSsWuCx_DE7u5FmsKGn6ZpVUCHTJOoZelZWOuTECiZURxzNv2qX_Z9w6mnkBjJlSqJBd0T5fta9b54lZN59rIWRBZe6OvMLdJfHEPQ-cJC6MFmGMewKtQAon3gaR5XTZWRRumtj2078d9ev3khLYQrgBDN6aUuvMz2oFjyMp7ClJm1fqv9McGIyytvoF_0oxMz0y8IUIYAQ&sig=AOD64_3Q5rtQgrGPlJkaG1LByLn9kYOfmw&client=ca-pub-1037373295371110&rf=4&nb=9&adurl=https://mitsloan.mit.edu/ideas-made-to-matter/6-stages-systemic-investing%3Futm_source%3Dmitsloangooglep%26utm_medium%3Dcpc%26utm_campaign%3Dsixstages%26gad_source%3D5%26gad_campaignid%3D23688958542%26gclid%3DEAIaIQobChMI2rjB6crnkwMVogB3BB1PvyYOEAEYASAAEgLOevD_BwE,https://mitsloan.mit.edu/ideas-made-to-matter/6-stages-systemic-investing?utm_source=mitsloangooglep&utm_medium=cpc&utm_campaign=sixstages&gad_source=5&gad_campaignid=23688958542&gclid=EAIaIQobChMI2rjB6crnkwMVogB3BB1PvyYOEAEYASAAEgLOevD_BwE,,,,,
708,https://www.googleadservices.com/pagead/aclk?sa=L&ai=CHHDXSj7baa6nIrWWjeYPuOq84QHjt4mrhgH5wbHB0xX0ydTEzUcQASC_8MQeYMfV_42EJqABx9rZ4gLIAQngAgCoAwHIAwqqBKwCT9A_hAjDaeKssjJ58qHvZd9rCFUd2opKdgnM8TS_4HhT6z2t81BzSo8kqvVUdNEPV_e0p6fgnAXWvuYiZOKBA8Ze0urhy-cIJRbouy2hD1qO1JbrHlhnXTa7RtiK2Pw7eZeVP1ou3mTAqc-PsqEpz2oAiXD5AorkUqfIKkxcP46R3Kj0v-d-gmI16lmWoMhibT6sdpzOvhFkDGKF48J0k0hAfjaNNaWHQb_NfqmULNOFTk1UflP0feElMIp07PMswcruja8aAiYx64BEK0pkoypsVLd4CvLrk5hmOk9HJTbi8rhGob2wh0Dq6ym3K0Idv101x8hJGCaet0Z3AfRX1F9uAvuwh6O471bkdsK7uVDCE8eH7aGqIXNqxBI8Jn9XwzlimyQT2OeXyGg2wASqoZz61AXgBAGIBbX_rrFYoAYugAfr1L30G6gHp8yxAqgHpr4bqAfMzrECqAfz0RuoB5bYG6gHqpuxAqgHjs4bqAeT2BuoB_DgG6gH7paxAqgH_p6xAqgHr76xAqgHmuGxAqgH1ckbqAfZtrECqAeaBqgH_56xAqgH35-xAqgH-MKxAqgH-8KxAtgHANIILwiAYRABGJ0BMgiKgoCAgICACDoNgECAwICAgICogAKoA0i9_cE6WLz38Jna55MDsQmG0iJCD1kbAoAKA5gLAcgLAYAMAaoNAlpByA0B4g0TCN268Zna55MDFTVLwwYdODUvHOoNEwjWs_OZ2ueTAxU1S8MGHTg1LxzwDQKIDv___________wGwDsSMovkY2BML0BUByhYCCgD4FgGAFwGyFxAYASoKNDkxNzAxODEwMlAGuhcCOAGqGBcJAAAAAND4EkESCjQ5MTcwMTgxMDIYAbIYCRIC6FkYLiIBAdAYAegYAcIZAggB&ae=1&gclid=EAIaIQobChMIrvT0mdrnkwMVNUvDBh04NS8cEAEYASAAEgJRn_D_BwE&num=1&cid=CAQS4wEABaugfb__0gKVSu2EnutXASjkZncm_Aj4JajQv4vW0r5RC9TwzvBNhD7ArERy1eHTJ-_hAxIx5TuJ9wj98ucoutBVDM1vNapmk4flgU5tyv1TXBBcPnkNArxD9FNGZx7PRiXM9cXVaddbC5Y5phTRHEYefHMsYCc2XULoKocrdMrt31_s9_uXhGrqHaxgD2CZcArDaVsZJJvmClesM8-pHW1fCVU5KR9J--wm9laNnxjqf2VHQVYF-j_VpT52qa11OmqHiNCdLdtx9j84gLtrXAlJLHtFJHqsH1ty4xNLkwMsqxgB&sig=AOD64_2Wiap4onyBsSImrbvfJoaSsuQnaw&client=ca-pub-2048723688233790&rf=4&nb=9&adurl=https://datewithromance.com/land/sp/b00966d0%3Fpartner%3Dadw_datewithromance_ua%26campaignid%3D23720577102%26gclid%3DEAIaIQobChMIrvT0mdrnkwMVNUvDBh04NS8cEAEYASAAEgJRn_D_BwE%26adgroupid%3D%26targetid%3D%26network%3Dx%26device%3Dc%26devicemodel%3D%26loc_int_ph%3D1006886_1028665%26matchtype%3D%26target%3D%26keyword%3D%26creative%3D%26placement%3D%26campaign%3DAW_DateWithRomance_USA-Tier1_All_PerfMax_pLTV_NewU_ronin_ManyST_segmb55_newtext_05Apl%26group%3D%26banner_type%3D%26sub_network_id%3D%26utm_medium%3D%26utm_source%3D%26asset_type%3D%26gad_source%3D5%26gad_campaignid%3D23725850549%26gclid%3DEAIaIQobChMIrvT0mdrnkwMVNUvDBh04NS8cEAEYASAAEgJRn_D_BwE,https://datewithromance.com/land/sp/b00966d0/?partner=adw_datewithromance_ua&campaignid=23720577102&gclid=EAIaIQobChMIrvT0mdrnkwMVNUvDBh04NS8cEAEYASAAEgJRn_D_BwE&gclid=EAIaIQobChMIrvT0mdrnkwMVNUvDBh04NS8cEAEYASAAEgJRn_D_BwE&adgroupid=&targetid=&network=x&device=c&devicemodel=&loc_int_ph=1006886_1028665&matchtype=&target=&keyword=&creative=&placement=&campaign=AW_DateWithRomance_USA-Tier1_All_PerfMax_pLTV_NewU_ronin_ManyST_segmb55_newtext_05Apl&group=&banner_type=&sub_network_id=&utm_medium=&utm_source=&asset_type=&gad_source=5&gad_campaignid=23725850549&id_visit_prev=713784df-a9f6-41fc-8f80-a1cd6c2ca2a4#c3RlcDA=,yes,yes,yes,yes,yes
709,https://www.googleadservices.com/pagead/aclk?sa=L&ai=CEQezhALaabTCHc-ZjeYPtdyNiArq076whgHa-Nrb3BW1kB8QASCOtLMhYKW4moCcAaABmKaYoAPIAQKpAvNS1p2fs6c-4AIAqAMByAMIqgTdAk_Q2EpBd6Xw2_YDcsqBOYv-KyEBgy1bI35YTxUuK8Pr2BrmejdN53HDQO7HgPd7xOkG2s-RfDDEftoYXHaSntKCozMv5OApUnyI2TJBMgcyZuel5uNYUIput3P5A71fcFDH4ybo_eC2MSePueBdjnq9aQ_qZz9NQ-dh1rfhujOhQo_XHD1VTgtgevDpdOBc716z6WkX3P8gcc2A3ifO-oipz4LdLAC8dNY6EH4RXksICQMNImwYPXsRkd1bL29zRZVl_3DVcwRURSCCVZZThUYcKUbSN0ckYVUhAtyQwIqA4raK4olkpUBr4ftC2J413Z-Dn46SaESKw7V4tfXIhhz_5QNJSWT4hLXr8LZjApzwRmZOIxiev3pyM6uRwEH9BYQvtNUMftH_7JhttAxkx4s3JIy6sHTmsAumzNQ6__ONCJMvBDfUczbWBGNELnJ5wH_QJ-v9bYEaHH35eeHABN3A6c7LBeAEAYgFqeqYsligBgKAB_K12uQZqAenzLECqAemvhuoB8zOsQKoB_PRG6gHltgbqAeqm7ECqAeOzhuoB5PYG6gH8OAbqAfulrECqAf-nrECqAevvrECqAea4bECqAfVyRuoB9m2sQKoB5oGqAf_nrECqAffn7ECqAf4wrECqAf7wrEC2AcB0ggyCIDhgBAQARidATIIqoKAgICAgAg6DoDAA4CAhICAlK7gA6gHSL39wTpYnuKHh63lkwOxCQrTKAf0_EPUgAoDmAsByAsBqg0CQVXIDQHiDRMImZ6Ih63lkwMVz0zDBh01bgOh6g0TCNOoioet5ZMDFc9MwwYdNW4DofANAogO____________AdgTDdAVAcoWAgoA-BYBgBcBshcQGAEqCjE2MzczNDkxOTdQBroXAjgBqhgXCQAAAABQvgxBEgoxNjM3MzQ5MTk3GAGyGAkSAqdPGAIiAQDQGAHoGAHCGQIIAQ&ae=1&gclid=EAIaIQobChMItJSoh63lkwMVz0zDBh01bgOhEAEYASAAEgJ6w_D_BwE&num=1&cid=CAQSgwEABaugfRCZTGgsjk8b6Gef6MEJBrCf8lBXcnRwihjEz_T1C1lT_-Gfuvmghuxh8rt91TTp51nLyK1he9ABrQ4gEd_40lLS-X4FIRxS1RkNRK2Sfr-mDyIZc5yqNTJRIFEAzQgFz63dHIHgtpRi_CJ0WP8PfnQdNkeyDdtgO0waEEOIbxgB&sig=AOD64_2mWE53LVHeazLcFkKt53__sUZklw&client=ca-pub-7418191728211626&rf=5&nx=CLICK_X&ny=CLICK_Y&uap=UACH(platform)&uapv=UACH(platformVersion)&uaa=UACH(architecture)&uam=UACH(model)&uafv=UACH(uaFullVersion)&uab=UACH(bitness)&uaw=UACH(wow64)&uafvl=UACH(fullVersionList)&nb=2&adurl=https://luxuryescapes.com/au/campaign/los-angeles%3Fpages%3D3%26utm_source%3Dgoogle%26utm_medium%3Dcpc%26utm_campaign%3D23727584553%26utm_term%3D%26utm_content%3D804232206433%26utm_creative_format%3Dd%26utm_id%3D23727584553%26utm_adgroup%3D192096657501%26gad_source%3D5%26gad_campaignid%3D23727584553%26gclid%3DEAIaIQobChMItJSoh63lkwMVz0zDBh01bgOhEAEYASAAEgJ6w_D_BwE,https://luxuryescapes.com/au/campaign/los-angeles?pages=3&utm_source=google&utm_medium=cpc&utm_campaign=23727584553&utm_term=&utm_content=804232206433&utm_creative_format=d&utm_id=23727584553&utm_adgroup=192096657501&gad_source=5&gad_campaignid=23727584553&gclid=EAIaIQobChMItJSoh63lkwMVz0zDBh01bgOhEAEYASAAEgJ6w_D_BwE,,,,,
710,https://www.googleadservices.com/pagead/aclk?sa=L&ai=CrK6yFB7baeiDMrGNjeYPkOfr6A3L2KWOhgGDxZLtoRWhpvjz0B0QASCtieJ7YMfV_42EJqAB0MSX40HIAQngAgCoAwHIAwqqBI8DT9Bvm7x7_Jjilr0RAmlx7ltVXqCljL8j8_EJVIUvBl1JYe6S5RyEh0Ci8dc8knul-geRzJiIo25KWdezCH8zuu-5NPYTRdalnSJb0_9Rg5p8ZhPTmynhC6MFSFjHSTmNk6UwS9yCUH0vungE2lu0Sf0OmFJk1PXEsCCDbnhJV25koptYcwKDPKqPWzSzkbv-qK39fRJ1SiFN1taM36QNET2fxHrWfInX_XqWyFtpASPQOLv0b1qlt542gMDm5fbAqHF_rsGXcQon05ivja9oOFCfyKM8m0i4f6QmlmO5tEBfvj2GAdcxij65mkVekjN6ntv_xJXOjpYQZLRzKvq_ncNwxNcUoRhBjYODBEVm7hf2RNyLUt-RkKSezftp3K5BVwkUwJuKa-HqlRC76O2QwfhR55UOLtswAuEY8q8TfmpBIT9zS8Pl6I3Fmtt499w2F4H8kOL_d-EtP79p7Z5pwlC9kIkKypapGNpjhUOt5QFbDGFLAHLThM2pBL8QK_wtIVpvQX7fOEXCovspzoefwATYianr1gXgBAGIBerw0MdWoAYugAfQ_OfCHKgHp8yxAqgHpr4bqAfMzrECqAfz0RuoB5bYG6gHqpuxAqgHjs4bqAeT2BuoB_DgG6gH7paxAqgH_p6xAqgHr76xAqgHmuGxAqgH1ckbqAfZtrECqAeaBqgH_56xAqgH35-xAqgH-MKxAqgH-8KxAtgHANIILgiAYRABGB0yCIqCgICAgIAIOg2AQIDAgICAgKiAAqgDSL39wTpYoM2CvrvnkwOxCfbF9AI8ZxvhgAoDmAsByAsBgAwBqg0CWkHIDQHiDRMIlICDvrvnkwMVsUbDBh2Q8xrd6g0TCKuQhL6755MDFbFGwwYdkPMa3fANAogO____________AbAOvPCM2Ri4E-QD2BML0BUByhYCCgD4FgGAFwGyFxAYASoKNDQ3NzQ5NjkwMVAGuhcCOAGqGBcJAAAAAFCOBEESCjQ0Nzc0OTY5MDEYAbIYCRIC_lEYLiIBANAYAcIZAggB&ae=1&gclid=EAIaIQobChMI6N2EvrvnkwMVsUbDBh2Q8xrdEAEYASAAEgJNlPD_BwE&num=1&cid=CAQS5AEABaugfVDkY5Jn-NkB0gp8rFJ8nosZnaOaW6ieHqRgZn0nzAj7QDEuyNzb0dONJor1Ld4dAnR-I2FPqMBJPIFxgZq2dOGvJtxmbAvPa8QjJh6JDyHRXKhMk82OzFHQIb6ZoJCxK2l5OtM_3o8WntPynprNrVMs9D_jav6aoxTIvTDyjcvuzd0qPmu8RYAvbb9hCga6L-bWBXPUUT5toBU3_E9t15D5LEHrKAJNX3TLnmI05-GzAuX6cLAxmwyXHScm1tlOvV2G3sg9abfpPtKdOVZGpS5HnijyS8EO7L-EWXP4XpMYAQ&sig=AOD64_2BLNfAtVpej4c0DLHrPVH9U3R10A&client=ca-pub-5066399099591175&rf=4&nb=9&adurl=https://www.xstomobility.com/products/xsto-m4-self-balancing-power-wheelchair%3Fgad_source%3D5%26gad_campaignid%3D23235672170%26gclid%3DEAIaIQobChMI6N2EvrvnkwMVsUbDBh2Q8xrdEAEYASAAEgJNlPD_BwE,https://www.xstomobility.com/products/xsto-m4-self-balancing-power-wheelchair?gad_source=5&gad_campaignid=23235672170&gclid=EAIaIQobChMI6N2EvrvnkwMVsUbDBh2Q8xrdEAEYASAAEgJNlPD_BwE,yes,yes,yes,yes,yes
711,https://www.googleadservices.com/pagead/aclk?sa=L&ai=CVwZxxhrbaaDjHZaQ3NMPkMXZwAqbotL2gwGO69mhuRDQ3Oygwx4QASDskNEXYMfV_42EJqAB_NvP8gLIAQngAgCoAwHIAwqqBLUCT9C3HjamFcWHZs5R8Thf-lLxLEf5bZjEvTKAjOmNsssSsHXcP9nJIJ0Eb1e1m_Kt_ZL2v4WbiccVSr-sKthwk4-qRaGsA9JFeDZMXS2Aev3U4YGt5ycEDm2awNCaMH9eB_AzpNxpO4-BAuATZXN0IaFaTmTsdDMGYlMDbT9fTAafQMj6CpqiCgrkovycPMqbT56AWB281ecOi8Iaur8Yc_h2FPfY8PfyhVGCyyIzVU4W60pBhDss1mDNm6BD20a4qSgkJ6_KW2Z8PLKXSX14MBx0Aa9kjijGPWX1feulYyB3wipV6kP05K1LkPrWHGjSk8_gjtltCCZ4r8eHjaHOeqd8HLThtQnmrwTE0_jZYubm6TPr41x9U28QLK64cQvfKprd4OBTh8WqxB0FHs-u57T6J4vawATk0ujjswTgBAGIBfLUpvFDoAYugAfso7CNAagHp8yxAqgH4tixAqgHpr4bqAfMzrECqAfz0RuoB5bYG6gHqpuxAqgHjs4bqAeT2BuoB_DgG6gH7paxAqgH_p6xAqgHr76xAqgHmuGxAqgH1ckbqAfZtrECqAeaBqgH_56xAqgH35-xAqgH-MKxAqgH-8KxAtgHANIILgiAYRABGB0yCIqCgICAgIAIOg2AQIDAgICAgKiAAqgDSL39wTpY9-e6qrjnkwOxCQXLZalGhffhgAoDmAsByAsBgAwBogwDkAEBqg0CWkHIDQHiDRMI7Yy7qrjnkwMVFgh3BB2QYhao6g0TCIupvKq455MDFRYIdwQdkGIWqPANAogO____________AdgTDYgUFNAVAZgWAcoWAgoA-BYBgBcBshcQGAEqCjM2MDI4NzIyNTlQBroXAjgBqhgXCQAAAAAgXxJBEgozNjAyODcyMjU5GAGyGAkSAqhOGC4iAQDQGAHoGAHCGQIIAQ&ae=1&gclid=EAIaIQobChMIoN68qrjnkwMVFgh3BB2QYhaoEAEYASAAEgJwHPD_BwE&num=1&cid=CAQS4wEABaugfbR1JowMCDL9y35I1K-oJ6q8W3jRQJuNbN3pwM_P-NZvfF7Ohcb1V7LB6SJCasHsYlyZXYsYq6rqnnpylJvTgkoyNQHF3g77DAa0vHzgCzg8ZMlF4GkJLdksJZTr-qsq_WvI2k8xDoG1LEMESdptQaEcj6YMwBwIfJRPE0j8ABDxlR4QxjMZx7CFOHDfgdesDw7Hkb_H66DyEXC3lvFRrCtY6uiiQPaLnpxJhxfZc6dWWz6uaPxKUtmUBoVGru21_8MkEQouoUYPaj7r0TvjDAuqpty34N9TjnVSqTYBehgB&sig=AOD64_1OeMiOSCQ94tHLXbNeb0DFQJk8IQ&client=ca-pub-6275030221952515&rf=4&nb=9&adurl=https://www.levyelectric.com/%3Fgad_source%3D5%26gad_campaignid%3D18222787186%26gclid%3DEAIaIQobChMIoN68qrjnkwMVFgh3BB2QYhaoEAEYASAAEgJwHPD_BwE,https://www.levyelectric.com/?gad_source=5&gad_campaignid=18222787186&gclid=EAIaIQobChMIoN68qrjnkwMVFgh3BB2QYhaoEAEYASAAEgJwHPD_BwE,,,,,
712,https://www.googleadservices.com/pagead/aclk?sa=L&ai=CBK3zYNTZaeylG9Wb3NMP68TOyAPoipichgHRubHsoxWhpvjz0B0QASDCiLkiYImLxIT0E6AB9-qMykLIAQapArp2jhIWF5Y-4AIAqAMByAMKqgTqAk_QNR7xwVPpweCvnrT5pYAr4bJgL6UACO6vVyxrndL0lOA87Rrqe--ID2oQ-EHR6UeKmrvEa3StGJhJK8W9ZsEk4mj2_42UykztuazRT3OTfGzn6UHVfnGZrDBodbCPdmU18E1PRTAFvpUyw4plhw2bTxz2P6E3LB3t-WrykepKVROPGUnwmpFd4tWSAZr1_O9FTHbQ5apupaH7tJ3TmcwdTCZbi94RZuPzth3v7_ixsrZDRwnc8D75zppgYdRiWwIbsPWJF9vNSTkvMl55_5EXYPwJ5ISe9Zw85rZzAcmpVwgcf5DC5fi8oyI5LJZKX2tcxFIoaIhJKsVrHM7H2juKXtik202dFBhHluRLepni49BKYg2WsvQC1Wj9NZp-L2dOmqJAwZ8QM8IK6ZPUQL9M-5NobIxzAsp93bsbaSbO6X5TV5ZLIzYv66Au_k3dSRk3ao-XoMxi-38GYoB9UH22lQ1otHbKn7iKwASz_4jd0wXgBAGIBdKMwppYoAY3gAf3ot2pHagHp8yxAqgHpr4bqAfMzrECqAfz0RuoB5bYG6gHqpuxAqgHjs4bqAeT2BuoB_DgG6gH7paxAqgH_p6xAqgHr76xAqgHmuGxAqgH1ckbqAfZtrECqAeaBqgH_56xAqgH35-xAqgH-MKxAqgH-8KxAtgHAdIILgiAYRABGB0yCIqCgICAgIAIOg2AQIDAgICAgKiAAqgDSL39wTpY_YbwhoHlkwPyCBthZHgtc3Vic3luLTM0NDgzNDE4NTI5MjkyNTOxCcBGk4El5JzKgAoDmAsByAsBqg0CSlDIDQHiDRMIoLXwhoHlkwMV1Q13BB1rohM56g0TCJWT8oaB5ZMDFdUNdwQda6ITOfANAogO____________AbAOyr769hjYEwzQFQHKFgIKAPgWAYAXAbIXEBgBKgo0ODEyMTEzMTUxUAa6FwI4AaoYFwkAAAAAIOjyQBIKNDgxMjExMzE1MRgBshgJEgLoWBg3IgEA0BgBwhkCCAE&ae=1&gclid=EAIaIQobChMI7NXyhoHlkwMV1Q13BB1rohM5EAEYASAAEgL1H_D_BwE&num=1&cid=CAQS0QEABaugfYsL6B5j5kMKjrl-GlnOEg1ZL-iaDQUqcE5TgbWDa5ImKYTZ7WfeL0I9d15BfI5eznqQMbRdD7uMLtOiJFCn4_WKf_fBL5hS5FDe6WlNPPaJF5lU6izuchpko_J_SfrTpCDXs1VtWQrGcsuhSi5HrxiJ3axpPY-Ex7eLnOgJ3o-W0FOaxApZNumYBeNAloej7TA7aIVZwVFNeMVMRt0_YW2wS9KRCD93e1ojQKQs6UjdeiLPZGd3jyKx2KOGQ_hmjMCBzDWjO-M0RYII2BgB&sig=AOD64_0pGXOi6vW2c-JesZD2fnjnUsXKHQ&client=ca-pub-5610521491184789&nx=CLICK_X&ny=CLICK_Y&uap=UACH(platform)&uapv=UACH(platformVersion)&uaa=UACH(architecture)&uam=UACH(model)&uafv=UACH(uaFullVersion)&uab=UACH(bitness)&uaw=UACH(wow64)&uafvl=UACH(fullVersionList)&nb=9&adurl=https://www.qstomize.com%3Fgad_source%3D5%26gad_campaignid%3D23677929042%26gclid%3DEAIaIQobChMI7NXyhoHlkwMV1Q13BB1rohM5EAEYASAAEgL1H_D_BwE,https://www.qstomize.com/?gad_source=5&gad_campaignid=23677929042&gclid=EAIaIQobChMI7NXyhoHlkwMV1Q13BB1rohM5EAEYASAAEgL1H_D_BwE,yes,yes,yes,yes,yes
713,https://www.googleadservices.com/pagead/aclk?sa=L&ai=CTRSQjBXbaY7KHNGfjeYPori2-Qmd85nxhAGOsuWNvRXc2R4QASCOy9ciYMfV_42EJqABk5rd0gPIAQKpAmD9s7Mhq7M-4AIAqAMByAMIqgTLAk_QrFhNtGNSHo_epTt6j5SW-T-VCYAZr4Hzteb89hAYjG3G76Qdj7NsNtYaEzhimyMahkuUEyr6GaNULvItPqKcxaCwaXcOMixQEurkDHr7olQzEQRO0sn4udFJ2vYqjgFW9t0pzr-xjG_TtOzHBFcBZN8zmYDCZtrfqF_KZbXGUFH20czJWkJEV78Yg0UxYDHZw642CjaIOGdvwH55Xs49Nc8mTNp82EtW4sA8xs1YRAVtBc1JeYHd1rFRxRbrEzLqZIWN3dwole-7yyezXc7tFOLGayCZTGvEfPOK2Y3WivPkdPBB7R5a6gfupOqHLOhk4iX_gDXTRiS2T588Cm84lbDHVuXGkKHUq5eaf-rOyuuk95L3vsjF3q89HXjr4Ui7WT8PgYwqB7VML7BLPzrCxGo4dT0UVdyW2FSziUPrdMJIDKJulitFMwLABOKM8v3OBeAEAYgFiJSfvVegBgKAB9Xloi2oB6fMsQKoB6a-G6gHzM6xAqgH89EbqAeW2BuoB6qbsQKoB47OG6gHk9gbqAfw4BuoB-6WsQKoB_6esQKoB6--sQKoB5rhsQKoB9XJG6gH2baxAqgHmgaoB_-esQKoB9-fsQKoB_jCsQKoB_vCsQLYBwHSCC8IgGEQARidATIIioKAgICAgAg6DYBAgMCAgICAqIACqANIvf3BOljfzbess-eTA7EJxlhwL9HBqaCACgOYCwHICwGqDQJaQcgNAeINEwjQ_ress-eTAxXRT8MGHSKcLZ_qDRMIu9y5rLPnkwMV0U_DBh0inC2f8A0CiA7___________8B2BMN0BUByhYCCgD4FgGAFwGyFxAYASoKNTExMzM3NTk5MFAGuhcCOAGqGBcJAAAAABAiB0ESCjUxMTMzNzU5OTAYAbIYCRIC704YAiIBANAYAcIZAggB&ae=1&gclid=EAIaIQobChMIjsC6rLPnkwMV0U_DBh0inC2fEAEYASAAEgI_zvD_BwE&num=1&cid=CAQS0gEABaugfWMGefgMX27tk26TUzgsNPnGI-fc29rnNuXxtXY2w0-RerS4ZODh-CDD-ZQEnZg22-N9pwYqOBCEwoNn6hf5dNqS-3efF43EbWtzCwN5BsuxGxlzcsIpI9VxJpg4YqeqdeoA7woDI-EVnEYnqDHWeRYqbruJu5qJbjUZ8j4-dlwuSL4Y3fsXeTcg-aFoBVvINDhjLugqE5YpidwaykCjHGt1axB-ydeiRRCptCD5nM-nSkfQb3W4XruCliCSe56oKAYJp83OGmrt5axGDMoYAQ&sig=AOD64_1ZTRfbvQkAt98XPKfagLZaaTd62w&client=ca-pub-7301355741158821&rf=5&nx=CLICK_X&ny=CLICK_Y&uap=UACH(platform)&uapv=UACH(platformVersion)&uaa=UACH(architecture)&uam=UACH(model)&uafv=UACH(uaFullVersion)&uab=UACH(bitness)&uaw=UACH(wow64)&uafvl=UACH(fullVersionList)&nb=2&adurl=https://www.ortecfinance.com/en/insights/product/alm-and-strategic-risk-management-software---glass%3F%26utm_medium%3Dcpc%26utm_source%3Dgoogle%26utm_campaign%3Dgpr-adwords-Display%26act_medium%3Dcpc%26act_source%3Dgoogle%26act_campaign%3Dgpr-adwords-Display%26act_content%3D0%26act_term%3D0%26creative%3D794045552120%26keyword%3D%26matchtype%3D%26gad_source%3D5%26gad_campaignid%3D23482321416%26gclid%3DEAIaIQobChMIjsC6rLPnkwMV0U_DBh0inC2fEAEYASAAEgI_zvD_BwE,https://www.ortecfinance.com/en/insights/product/alm-and-strategic-risk-management-software---glass?&utm_medium=cpc&utm_source=google&utm_campaign=gpr-adwords-Display&act_medium=cpc&act_source=google&act_campaign=gpr-adwords-Display&act_content=0&act_term=0&creative=794045552120&keyword=&matchtype=&gad_source=5&gad_campaignid=23482321416&gclid=EAIaIQobChMIjsC6rLPnkwMV0U_DBh0inC2fEAEYASAAEgI_zvD_BwE,yes,yes,yes,yes,yes
714,https://www.googleadservices.com/pagead/aclk?sa=L&ai=CaCGKnRjbaezBApKB3NMPutzHkQn9gcqvhgH4jf_VrBX4hYWeCxABINP_iaABYMfV_42EJqAB8-7xi0PIAQKpAkeZBpO2WHA-4AIAqAMByAMIqgSPA0_Qwx2_nbziXgbKpDOBWj5tlHIqDTpAx9vU15HKYP1iReVnpHsHuHcx58KmwFvPjw72NXnBf0tCEkZDG1Nwd84uzWn3RHfZ06Sx5TOZD0bt_FniDq0zdTtemc6G0SoQmGnOlQU_hITbTmWrBA9o9_ToFUXufpF7XCWGrp-X_odJyT5i6Y6YdrIz-xJvND5AxzduARl69_sco5SLvvcIcDUinbtyi1R8xl_VuikMsdkt_KLUkoMCbUnT5GRKpoJKaxSJerwRNOgPG7GZPXJhqZymThY2ZgVXDAtQZHH6k8eh2qLR-5DSNdAb1qx29F_psvO3_SMRtqKbn-qDumGf747-ZayPpFx2PM4hA2dZpCmkt7DklelXJZaF_ZC-9G0u_UV4hzKjYekQU-cpwAJ8sYybJFKwFyEXlZvdUr3E5c23e5j7ysgMoFiaDhNNsPZd1HYVNRmTaatPqfoHZMLCgHgz1qtzLIPR2hlKHrlP2zWl-y9c6Ggy1XRb_QpXbTWyKpFfSuKIGzevpxtxO5ALL8AE3uGz7dYF4AQBiAWmgN6OWKAGAoAH86bC6x2oB6fMsQKoB6a-G6gHzM6xAqgH89EbqAeW2BuoB6qbsQKoB47OG6gHk9gbqAfw4BuoB-6WsQKoB_6esQKoB6--sQKoB5rhsQKoB9XJG6gH2baxAqgHmgaoB_-esQKoB9-fsQKoB_jCsQKoB_vCsQLYBwHSCC8IgGEQARidATIIioKAgICAgAg6DYBAgMCAgICAqIACqANIvf3BOliG_8aitueTA7EJwL6KLAyD4ZeACgOYCwHICwGqDQJaQcgNAeINEwjEr8eitueTAxWSAHcEHTruMZLqDRMIksPIorbnkwMVkgB3BB067jGS8A0CiA7___________8B2BMK0BUByhYCCgD4FgGAFwGyFxAYASoKNzcyNTIwMTkxNVAGuhcCOAGqGBcJAAAAAChnIEESCjc3MjUyMDE5MTUYAbIYCRICkk8YAiIBANAYAegYAcIZAggB&ae=1&gclid=EAIaIQobChMIrITJorbnkwMVkgB3BB067jGSEAEYASAAEgJ5ifD_BwE&num=1&cid=CAQS4wEABaugfcqFYYKo10FIvbOkSb7VjCqsguOEtM3kOV8nXUol9oAoyleVqzgzHHWL2JaEx4MnDpABsCS6vV9flXcGclfEQUCQJGBA7TPO3uo4PWYX1PtFVQpZ5xpIMXZJeycQEsVLS_PD-5XyVuK6i8wG9g8J1w-NMsfGPa4fmi1V59vpZpMfjV3h4-Dq-ohYvt4sYLvedCEu-6RAeU1RZJTO2JEPKxblCqDpDkZs8JLfWJJCbv4I9daupsiP85iLKbv9LDP-FHz1chYlr7U2orNWiP13IRiXPpuoin7esp85Jhqv6RgB&sig=AOD64_2nq1GvGr3uC7mh991lxmjL_fYRdw&client=ca-pub-4322545682653075&rf=5&nx=CLICK_X&ny=CLICK_Y&uap=UACH(platform)&uapv=UACH(platformVersion)&uaa=UACH(architecture)&uam=UACH(model)&uafv=UACH(uaFullVersion)&uab=UACH(bitness)&uaw=UACH(wow64)&uafvl=UACH(fullVersionList)&nb=2&adurl=https://dapperpaws.co.za/%3Futm_source%3Dgoogle%26utm_medium%3Dcpc%26utm_campaign%3D(Display)-Remarketing%26utm_content%3DRemarketing%26keyword%3D%26device%3Dc%26network%3Dd%26placement%3Dwww.indiatimes.com%26gad_source%3D5%26gad_campaignid%3D23653220390%26gclid%3DEAIaIQobChMIrITJorbnkwMVkgB3BB067jGSEAEYASAAEgJ5ifD_BwE,https://dapperpaws.co.za/?utm_source=google&utm_medium=cpc&utm_campaign=%28Display%29-Remarketing&utm_content=Remarketing&keyword&device=c&network=d&placement=www.indiatimes.com&gad_source=5&gad_campaignid=23653220390&gclid=EAIaIQobChMIrITJorbnkwMVkgB3BB067jGSEAEYASAAEgJ5ifD_BwE,,,,,
715,https://www.googleadservices.com/pagead/aclk?sa=L&ai=C21lbMxjbad-vGLaOjeYP0NLQyQSF2OKshgG4-tq2-xXXuKyvkSoQASCxxahPYMfV_42EJqABuKzIp0PIAQngAgCoAwHIAwqqBMcET9A12mON93QABtP43hMcmOEoj_srV0lqqVLNRQMYha_h1Ic2r1UJfxo4b8Jyo_7gAhj1_EDVHx3LiSIG9E8UfZDePvtkfPizx5iQX-sXEHVFdyGQRhIvNxUKKAlzEbps7kCXjfdgpA_-kunW80-6jQNpQ3-p7zSFe-E5drx4EGdS1hpAYys_vRN7DJ9U453L0IyGsEvWwciDmxIoTSZFFldKuVjX2ljrVA-nyJUPBdq9RVqCpnpAGRJbeq0Y5SbmuMQxjs5-yRAHxGRw1uepGJmvnxHrprz7u3lp3EmAkgD5xW-Lg4c0TGNtCrehoVa0iMrlen7xaP0PciX2CsHkeXgQWJaz0fUq9tW9ojgNPaCzJFUv4gEjTZ6H45nGmr39eHes4tH44iI4Fz4UJUue3EFL85HtyHyVyQyjtI9XRL5P9-8dNxe9r_ejMsI_raCMC-8hZH1DFfTL3UUz7Xlfln8wJBPnsJE31xwQT2MipJOJshOd05Fl4s1OeHX6SW0KAGSOuXCVUxd6MPOmbaAxloTHHP1FBLAgYZeq67k3M-y6WdQKitC1LhPMW_cudJcoIGQ5i0hQoIBuq8arLJXs3htGCUyhBFBYBVfwJCCqOA5bT7Yhcsl3Df7MCEHKSgQ-7ZiLyR1XptyXi8Fr3Ymw6GW_Pe7lUK7lqiACj79p4yxn7sECOBzgMMaUGg_XjaCJW7jEsk1nDsYLNa5G48IV8Drepzh0DMbEHhM2ZNR6GMBh9ceaSWe0wV7yPCbkmR4MJi5-TUukfMAEnN_aieoF4AQBiAWBqeivWKAGLoAHuOSYhx6oB6fMsQKoB6a-G6gHzM6xAqgH89EbqAeW2BuoB6qbsQKoB47OG6gHk9gbqAfw4BuoB-6WsQKoB_6esQKoB6--sQKoB5rhsQKoB9XJG6gH2baxAqgHmgaoB_-esQKoB9-fsQKoB_jCsQKoB_vCsQLYBwDSCC4IgGEQARgdMgiKgoCAgICACDoNgECAwICAgICogAKoA0i9_cE6WKmtl_C155MDsQnuKfnmGWeE-YAKA5gLAcgLAYAMAaoNAlpByA0B4g0TCPvNl_C155MDFTZHwwYdUCk0SeoNEwjl8ZjwteeTAxU2R8MGHVApNEnwDQKIDv___________wGwDpadtfkYuBPkA9gTDNAVAcoWAgoA-BYBgBcBshcQGAEqCjM5MjM1OTIyNDdQBroXAjgBqhgXCQAAAACYeidBEgozOTIzNTkyMjQ3GAGyGAkSAv1aGC4iAQDQGAHCGQIIAQ&ae=1&gclid=EAIaIQobChMIn5WZ8LXnkwMVNkfDBh1QKTRJEAEYASAAEgJraPD_BwE&num=1&cid=CAQS0gEABaugfe-kB4Ktx9DwVm2mEc4GJm9tmnIgal6G-FMjWxI0ZJ4dPf8HzE-UszFpDKwF2gs1NxU8k6DyjVB-Uo00Sf7id_HKOC3e2Ob7okO9Y40B-2m5LUDb7SbJo0jTpPl7gFS_MRsg0XHZffZDXBfq-jvD2ZITrkOpTnm_e_H-tc-gG292S_VMLTGAGLphlHTShCQ2mCrCgj_8u67IoEN5aHrtMLCZoBhaD_qqhfEWJd8rURSpp3O15_zA3ATPxr0n2ChIVVE_Nzz_Y6DJNKUlX1sYAQ&sig=AOD64_3TWgSlcn4AAZdOHEg3Q4n1b0UwHA&client=ca-pub-5906247292784018&rf=4&nb=19&adurl=http://cosmic-infusions.myshopify.com%3Fgad_source%3D5%26gad_campaignid%3D23722595457%26gclid%3DEAIaIQobChMIn5WZ8LXnkwMVNkfDBh1QKTRJEAEYASAAEgJraPD_BwE,https://cosmic-infusions.myshopify.com/?gad_source=5&gad_campaignid=23722595457&gclid=EAIaIQobChMIn5WZ8LXnkwMVNkfDBh1QKTRJEAEYASAAEgJraPD_BwE,no,no,no,no,no
716,https://www.googleadservices.com/pagead/aclk?sa=L&ai=CsKusDzzbafnvEZKAjeYP3rfY4QqO0oaShgHEmsGh4xXAjbcBEAEgwKWrI2DH1f-NhCagAYKmo5NCyAEJ4AIAqAMByAMKqgSaA0_Qi1oH0I7nY6iLiTyvuI3_4Yx1eJwAxZmt1UoBsDHbm0bVYjNBM7uKWTJOnom_a_5ovRlZkFew8TUPFNIfZgdPClybb3ARJxnHgMx-uxT4p8gPV8y7Rv8nvV9ribCUZTNUXbFfHQLxndP9y410OiV3x1kKTvGxyxh-nLKUqJC-vkQCuy0brjxZyAfnmO6ljguqZaITooPn5uCvgIsSNiJbuUNZSbbvm6auq-T5mTDkYQGaqS6gnSMusYPFERJgBOrd7OUiWuQie-OxIpvbXPXAVoDW6c0Y_h_pGjf7-lmqKTQ3TzdrB3Fva1fyh3iR6zc8Lv96wyz5Hf27ek54WhKlPeKi0G2-r_DejlJWR_98qPIcj2ydUQ6FS5EfwdTIv6ljrbX86InYIBbfjF9cBmPYK1en7Jw9WqSXJTjt854DTHbfu4d_uuPwAprFue17q4hkAmqKIcgQm3V7ytqqY2K62eb0cifk-qfnlZ-g6-2AcoNo021nCNa2R8Ib_RyU_RkNxE07yzDwqbtj4J3ijDC3Sz3kArPz5doOwATAi4qf3wXgBAGIBdyFl5NXoAYugAeC3vPyHKgHp8yxAqgH4tixAqgHpr4bqAfMzrECqAfz0RuoB5bYG6gHqpuxAqgHjs4bqAeT2BuoB_DgG6gH7paxAqgH_p6xAqgHr76xAqgHmuGxAqgH1ckbqAfZtrECqAeaBqgH_56xAqgH35-xAqgH-MKxAqgH-8KxAtgHANIILgiAYRABGB0yCIqCgICAgIAIOg2AQIDAgICAgKiAAqgDSL39wTpY-Le-idjnkwOxCcSHaDNnh31qgAoDmAsByAsBgAwBogwDkAEBqg0CWkHIDQHiDRMItPi-idjnkwMVEkDDBh3eGzas6g0TCMm3wInY55MDFRJAwwYd3hs2rPANAogO____________AbgT5APYEw3QFQGYFgHKFgIKAPgWAYAXAbIXEBgBKgoxNTk4NzYxNDE4UAa6FwI4AaoYFwkAAAAA6I0aQRIKMTU5ODc2MTQxOBgBshgJEgL8WxguIgEA0BgBwhkCCAE&ae=1&gclid=EAIaIQobChMIubPBidjnkwMVEkDDBh3eGzasEAEYASAAEgKwKvD_BwE&num=1&cid=CAQS0gEABaugfXbqAQc-R41zwb6_TCe1SyZXCvHnxlIyGgiBtr7fNvhYVyspxmLd053MHK_seRhdeNJOgprvErx3Lvxt7PQ0yVP-bHh-vTAanquBUF3yN40X9DJ5G7Yc0xrOTDepgWAzGOeYlAMoH7tpSfVC367IMf0beSbxijR3hRro7F3tyVHcpYhNzpOtMiRmVFtFScs78YktpM7Bd4jwEvsFZdyGKIa3IzbW46va16FWqD6eL1BUSQvI7sNn-jcEl9CoAmiXrlIx7z2ifevVHBYgnu8YAQ&sig=AOD64_1I_vY01XHDR9zT9cgwDFyeLFry0w&client=ca-pub-5227748429508049&rf=4&nb=9&adurl=https://organicmfg.com/ourwork/%3Fgad_source%3D5%26gad_campaignid%3D23394108124%26gclid%3DEAIaIQobChMIubPBidjnkwMVEkDDBh3eGzasEAEYASAAEgKwKvD_BwE,https://organicmfg.com/ourwork/?gad_source=5&gad_campaignid=23394108124&gclid=EAIaIQobChMIubPBidjnkwMVEkDDBh3eGzasEAEYASAAEgKwKvD_BwE,,,,,
717,https://www.googleadservices.com/pagead/aclk?sa=L&ai=Cq-rC7cDZafqyLZ6cjeYPuZqk8A7umMHFhQHdt4_urRX--IDawwEQASDD0KcZYImLxIT0E6ABkcaXnQHIAQOpAvNS1p2fs6c-4AIAqAMByAMIqgS8Ak_QGJP1n7muggGY2wgz-aEI__cfaojMJeKz7BemHpnGNgUISROfdNC1IasEKKArRQvU-vVjhxzjJSynVF1X2aP2hIqoG0t2Xsag3nFW35Fq8UDHxw_GRnQPr9Qgy78Dhg7UTn3kSpi9wlH9FOdGcRPAfLCRYIUQOOr0LK42K-iRvIdJbdWModkhbfM5KGH0rIqfBsz-02TielWCBTnUDXNLXoUqqG0R6C-tuI6qfJZb9Hnsp-PBsf3EI0vMCxuK_EJjX5Le4l-ZqaiQSqzzMF4M2k8fqJNn1UHwQRxAIz0UsyMjizN1_wOBVkS3STv5DXvEICLcnSSWS6Kc1-_OKBFiGIw43cNO-gjd6CrOyO3ejltLwoULXcP4qZ3SZxfzbQB5-0VF9lwDwUH5rRTQSUU6BI_atheOGKAInozABJ-EptvfBeAEAYgFspvO9legBgOAB9e56OICqAenzLECqAfi2LECqAemvhuoB8zOsQKoB_PRG6gHltgbqAeqm7ECqAeOzhuoB5PYG6gH8OAbqAfulrECqAf-nrECqAevvrECqAea4bECqAfVyRuoB9m2sQKoB5oGqAf_nrECqAffn7ECqAf4wrECqAf7wrEC2AcB0ggyCIDhgBAQARidATIIqoKAgICAgAg6DoDAA4CAhICAlK7gA6gHSL39wTpYwYLswO7kkwOxCQaaSjy5IVuQgAoDmAsByAsBogwDkAEBqg0CSlDIDQHiDRMIwr3swO7kkwMVHk7DBh05DQnu6g0TCICW7sDu5JMDFR5OwwYdOQ0J7vANAogO____________AdgTDdAVAZgWAcoWAgoA-BYBgBcBshcQGAEqCjkxMzAxNzI2MjlQBroXAjgBqhgXCQAAAACAqPhAEgo5MTMwMTcyNjI5GAGyGAkSAsFcGAMiAQDQGAHCGQIIAQ&ae=1&gclid=EAIaIQobChMIut3uwO7kkwMVHk7DBh05DQnuEAEYASAAEgL1sfD_BwE&num=1&cid=CAQScAAFq6B9FSj3vLmJT8P29UwrZN4UxvB8RUlP-X8mlB0H7BRU6eiT__eOJ9CllXYc04JbW3mH3YADPfcLCYXUXOyzkv_BpWRjWlQXORJchcXKNvqUrbSzylrfbI6zYCmoz8qXOTemYV3gxq4MOHTeEQoYAQ&sig=AOD64_1GicbCtdomtUFDnE3hE_CQ3zphAQ&client=ca-pub-2476470713677313&rf=5&nx=CLICK_X&ny=CLICK_Y&uap=UACH(platform)&uapv=UACH(platformVersion)&uaa=UACH(architecture)&uam=UACH(model)&uafv=UACH(uaFullVersion)&uab=UACH(bitness)&uaw=UACH(wow64)&uafvl=UACH(fullVersionList)&nb=2&adurl=https://eldersfinance.com.au/%3Fgad_source%3D5%26gad_campaignid%3D23602630066%26gclid%3DEAIaIQobChMIut3uwO7kkwMVHk7DBh05DQnuEAEYASAAEgL1sfD_BwE,https://eldersfinance.com.au/?gad_source=5&gad_campaignid=23602630066&gclid=EAIaIQobChMIut3uwO7kkwMVHk7DBh05DQnuEAEYASAAEgL1sfD_BwE,,,,,
718,https://adclick.g.doubleclick.net/aclk?sa=l&ai=ClBwmYB7badi3Av2DjeYP5te4-AXwr4GzhgHop6LYtxOwkB8QASCHj4skYMfV_42EJqABgtHm2QLIAQmpAkeZBpO2WHA-4AIAqAMByAMKqgS9Ak_Q3oQmfKHWIgNQ0FNj37k-Zr9Ti1v-Z4rHi1fihdn3pI-jmVj7cd9YSMeIzAkI9Ps7mtQDY9fywWRZIXnFUcp2ZgF9L-ElHHDW4_QplryrptFokuN6wQtQKCVVtPTPs2Jv5KV43XtyOD9kNZV1RAfzCaIj5HkSxGuxE6awGPVj22ZG9De-CNX1SMOmusUyeSnO548EvRLXZN9OevXl7s3M1iMtGD8yyiGl6566ZJjOo--7AeAY3ifUmYs6Q4FbRpYSZ5qVc25sp-d28bvvKKkFvABpQS8l_v4ga2EoG0ZdYCxjbkUuZyZU5aHAtZQlyHzwhPfiFBGhVTVQTAGRV6LDa3xtiJxIJZyemC_sodnEERZ275jcsRR01tj0y1XZRVwbpiBApbyZeq4bX9DuhZ56giVSMnQqT0woWekUwATw6LKc8wTgBAGIBbav7flQoAYugAfmrpmmAagHp8yxAqgH4tixAqgHpr4bqAfMzrECqAfz0RuoB5bYG6gHqpuxAqgHjs4bqAeT2BuoB_DgG6gH7paxAqgH_p6xAqgHr76xAqgHmuGxAqgH1ckbqAfZtrECqAeaBqgH_56xAqgH35-xAqgH-MKxAqgH-8KxAtgHANIIMgiR4YBQEAEYnQEyCKuLgICggIAKOg6AgAGAgICAgJSu4AOoB0i9_cE6WIPY8uG755MDsQngbc2ZnL-vH4AKA5gLAcgLAYAMAaIMA5ABAaoNAlpByA0B4g0TCIWO8-G755MDFf1BwwYd5isOX-oNEwiJrvPhu-eTAxX9QcMGHeYrDl_wDQKIDv___________wHYEw2IFAfQFQGYFgHKFgIKAPgWAYAXAbIXEBgBKgoyMTU3MzcwODIyUAa6FwI4AaoYFwkBAAAAoHv_QBIKMjE1NzM3MDgyMhgBshgJEgKRVBguIgEA0BgBwhkCCAE&ae=1&gclid=EAIaIQobChMI2Ofz4bvnkwMV_UHDBh3mKw5fEAEYASAAEgK1ZPD_BwE&num=1&sig=AOD64_3Qq_PZQmUVXmdj_z1P59Td2FWLYQ&client=ca-pub-3428031914463355&rf=4&nb=9&adurl=https://newmarkhotels.com/accommodation/babohi-at-qwabi-private-game-reserve%3Fgad_source%3D5%26gad_campaignid%3D21730383798%26gclid%3DEAIaIQobChMI2Ofz4bvnkwMV_UHDBh3mKw5fEAEYASAAEgK1ZPD_BwE,https://newmarkhotels.com/accommodation/babohi-at-qwabi-private-game-reserve?gad_source=5&gad_campaignid=21730383798&gclid=EAIaIQobChMI2Ofz4bvnkwMV_UHDBh3mKw5fEAEYASAAEgK1ZPD_BwE,yes,yes,yes,yes,yes
719,https://googleads.g.doubleclick.net/aclk?sa=l&ai=CXnVWTiLbaZ3WCoaHjeYP_ofCSZa6-qeGAeuw2rLYFcGEwPz6ARABILvjhyRgx9X_jYQmoAGlmYXmPcgBBuACAKgDAcgDCqoE-wJP0Gt0d6kmk0-08NcUN3SxtdXPPRcT_A542WCA26VeEZWDdofkU0JKk7WAtwK2t0bGeFzTCnvauM5DfACT9-y5daYy_bTrh6uFOc9w21pkrtusob6GfFDZhwarOgRoceynulWKs1w4t4BMzBCPWp4Wk5rLM1V-7AQsqo7qreHYbU_cUheLadseii1-ZfGDXOc3YyqhyOOm8KEzMPw5viG1vN-GK4WgWTzhLN7yMxQxH6ewuolHSRFoJtaIR1Mu-ljoP3316yuID63MYehLpJaPW9CaRk5C8ShlnCkilIHEPG0kCRwO7Kse5UPqowoCHNrbw31mrxAMrdmSs9e0RjYlMbAgoR2H4b0AUpmQJE4SNUquVgBI4VpuKweLUrKxRWsDXTDmPHdxYn_N4nCQbVppIdKIzR-aP8MujOEHUJWaeeFqgF2rMfttXqC0Rw3n2iY-I6GUENvOKs3JJ7GSHv4ZzauYuWHVxm4gX4CSnLT7yKzLC9VzZUC3Ygx_wASJzK-bwQXgBAGIBfzL9INWgAel0dXFGKgHp8yxAqgH4tixAqgHpr4bqAfMzrECqAfz0RuoB5bYG6gHqpuxAqgHjs4bqAeT2BuoB_DgG6gH7paxAqgH_p6xAqgHr76xAqgHmuGxAqgH1ckbqAfZtrECqAeaBqgH_56xAqgH35-xAqgH-MKxAqgH-8KxAtgHAdIILwiAYRABGB0yCIqCgICAgIAIOg6AQIDAgICAgKiAAqiDEEi9_cE6WMmi08G_55MDsQlz3MXjcuJCGYAKA5gLAcgLAaIMA5ABAaoNAlpByA0B4g0TCLLE08G_55MDFYZDwwYd_oMwCeoNEwi029TBv-eTAxWGQ8MGHf6DMAnwDQKIDv___________wGwDp6KkNMY2BML0BUBmBYByhYCCgD4FgGAFwGyFxAYASoKNzQ1MTc4OTkwMFAGuhcCOAGqGBcJAAAAAMDfBEESCjc0NTE3ODk5MDAYAbIYCRICk1UYASIBANAYAegYAcIZAggB&ae=1&gclid=EAIaIQobChMInbXVwb_nkwMVhkPDBh3-gzAJEAEYASAAEgIbLPD_BwE&num=1&cid=CAQShgIABaugfeuw605TUCJ4_8Tn8TMwh2_T_y15G7X39AIaySdplg58vsS4e4AzF1TfOw9-EvzCUTl_XYxExlELL0dttN2iGVuq9aJFGA6ikr1PX08M2V97-wg4K5VErxCMZueLd_is1eT1QftsdthimQbcc_1cBRxj7JTwhO_1FQzvSKZMCKmR1Mw70gjjsD_KcIjk1XQZ06hdcqfDIQGmZvdcRQP20e4QwJ1b1HnW0ymTQNfHqChMaojHOqpR6Bur9zhk5er39WOEyoQ2YakYuXNzGMtZnIyctzWGZMVz8s2OCuXNjxq9NIXv3dJnWN5kZYr2BNpn92pT1F6RqCuHWuhnX6fHGMllGAE&sig=AOD64_3LJSpZdrAtR9sEzRUqzBqfhF5LbA&client=ca-pub-1301581561755234&rf=4&nb=0&adurl=https://www.switchbacktravel.com/best-ski-gloves-mittens%3Futm_source%3Dgoogle%26utm_medium%3Dh5d%26utm_campaign%3Dh_sb_00054%26gad_source%3D5%26gad_campaignid%3D23093650940%26gclid%3DEAIaIQobChMInbXVwb_nkwMVhkPDBh3-gzAJEAEYASAAEgIbLPD_BwE,https://www.switchbacktravel.com/best-ski-gloves-mittens?utm_source=google&utm_medium=h5d&utm_campaign=h_sb_00054&gad_source=5&gad_campaignid=23093650940&gclid=EAIaIQobChMInbXVwb_nkwMVhkPDBh3-gzAJEAEYASAAEgIbLPD_BwE,no,no,no,no,no
720,https://www.googleadservices.com/pagead/aclk?sa=L&ai=CRpwJ3QnaaeTFL6DgjeYPgK-YoQSx74-3hgHttrjxwxXArKyuyQgQASC6zKYLYKW4moCcAaAB_OHYpALIAQLgAgCoAwHIAwiqBLIDT9CE2z-kI_WGxt4inaH8mpHU6sm9X-4qLt-ZnVa-4az6TfR9MNw0QnTvYRN9BYOZPkBE8AR2z0gJYxpGr9raaIHtQafWwO0_AEoHND9BwmH5vOjofyj5d95kAt9Juoocnp1SAEr-v8ucNET6ixlJYqmKYuw0vR_izIj5zZLKc0sn3F4TRxymExnxDdrF1L9y24wshhJmrMRrVTV8Je9lAk98aprsQkSzZk_jwm7A2wrJcIvL2XNtnFHYhsHB1ZjUxRR_Gintq6LN8h26eeHJmvZw6UGWH3kzKlKdXpTgZGxq61iJnJZAZ_tw0LUyTU42oTJhaUSDlflGBbuLAqZi7Z8vcHvzNTS_RnTElIsvGQMqDuqFF1f0QGv4nVyjM6tnyFPhiQ36XUWNs6kv334YtSDk8U1T54dRElE7b2P-DKhJFgjMe8WyQjwb7UORQxxiqEhLEKkBaRof_2CDRh9xbiRZRTKhG8B5mHXgTf11MblBCOx5OMKQwMTmp5YD0stkP5O5gZvFpqNfMAWVZ2B9lTQ5H8Fyrwesl3DoP-8GQ7ur4eXRqm55wy87aN4HZ9gE-9HABPnv9NLhBeAEAYgFz_6QtligBgKAB-ydp9sBqAenzLECqAemvhuoB8zOsQKoB_PRG6gHltgbqAeqm7ECqAeOzhuoB5PYG6gH8OAbqAfulrECqAf-nrECqAevvrECqAea4bECqAfVyRuoB9m2sQKoB5oGqAf_nrECqAffn7ECqAf4wrECqAf7wrEC2AcB0ggvCIBhEAEYHTIIioKAgICAgAg6DoBAgMCAgICAqIACqIMQSL39wTpYx9uuiLTlkwOxCW8fJrL4YlmxgAoDmAsByAsBqg0CQVXIDQHiDRMIhZiviLTlkwMVIHDDBh2AFyZE6g0TCI_csIi05ZMDFSBwwwYdgBcmRPANAogO____________AdgTA9AVAcoWAgoA-BYBgBcBshcQGAEqCjg1NjA4NjUwOTNQBroXAjgBqhgXCQAAAAAwev1AEgo4NTYwODY1MDkzGAGyGAkSArNPGAIiAQDQGAHCGQIIAQ&ae=1&gclid=EAIaIQobChMIpKixiLTlkwMVIHDDBh2AFyZEEAEYASAAEgLsZfD_BwE&num=1&cid=CAQS5AEABaugfTRgGMO6imqpxHVuhRrs5EOxIb4fj4zmmqxS15JH2VazAnY-u5rN2mSPT6ZpqYa7wV4Xo6_aQlwnnixOJWwsA-EL-VYbAu6w37IWIgA42bxfosoq-GFX3SK8Y3gaNkRf2uiSVOcvvSzMHHmpPIkIaKmuZDhNmM2dGXtGttxfKsy342VnIhH-1QBOA1-07L9OoD1ox35foYV1qnyeNNFzbrVhU5fZdcYhTnjcq1rEBR6cqmVbSQNPPYqUrFdRB1eKggh2hA6wWBY4Fdg0XAs79ry2tAysJXfaTlbUus-iqQYYAQ&sig=AOD64_0bivcH6_2STHulys_2MUaxdrQJnA&client=ca-pub-2267701164720097&rf=5&nx=CLICK_X&ny=CLICK_Y&uap=UACH(platform)&uapv=UACH(platformVersion)&uaa=UACH(architecture)&uam=UACH(model)&uafv=UACH(uaFullVersion)&uab=UACH(bitness)&uaw=UACH(wow64)&uafvl=UACH(fullVersionList)&nb=2&adurl=https://icrowdnewswire.com/2026/04/09/lexisnexis-launches-practical-guidance-ai-technology-to-address-growing-legal-risk-and-regulatory-complexity/%3Fgad_source%3D5%26gad_campaignid%3D23735844687%26gclid%3DEAIaIQobChMIpKixiLTlkwMVIHDDBh2AFyZEEAEYASAAEgLsZfD_BwE,https://icrowdnewswire.com/2026/04/09/lexisnexis-launches-practical-guidance-ai-technology-to-address-growing-legal-risk-and-regulatory-complexity/?gad_source=5&gad_campaignid=23735844687&gclid=EAIaIQobChMIpKixiLTlkwMVIHDDBh2AFyZEEAEYASAAEgLsZfD_BwE,yes,yes,yes,yes,yes
721,https://www.googleadservices.com/pagead/aclk?sa=L&ai=C0Cl9nhDbaZyYG6iKjeYP5YXhsQfJi5e4hgHOsuuHyRXc2R4QASC8luEQYMfV_42EJqAB3MXI-0LIAQmpAkeZBpO2WHA-4AIAqAMByAMKqgSkA0_QK-9oFvcksyzMFwVA4moKQDqSZ7_PHmM5Upix3gayf0EkV_EBHC5nXT8tqJ049XfwCHFshQsvOBdqYMX3vNEEkStUlua094uxyMBwnwxEvA_U8Hf0yvBm6MaSNHb1_RnszSPV5oNWEYbviWP2XDesp-JQjh8IVWMD21GERGKzLd1XIPsi5lGIB2dafHoz8_slYMEn5uKB9B_-NtecfMDGzXiyLmsga5MDtofDsIQIEcLqvH3kFNUrODDUR5zT-WYudhfhAov5SSDIPzZqvmZn49LqJl6rbca7ILxI7FLIaFBZ8B_iOCPkGjkNM_WEQxbX18gPBE0HgQt5AIAjyhCWvaayloLr_sTVTfBgu6L8i5mtNtuJwHQVtBf8bnRyG3leO8N-zjX6YSkwyYsQ-t2zOMLRP9uN0T9_d4UkJfMZ_bOyJ-rKoqAbkQzFKLwUgd2LFFCafMozH6b3z5VhfMia4ZwxD10bWd3YNZPR0TLpfjddkHbGYtNsaGdUWjAXfsYgjF4J7FQiK9mf1-ikStFDT5MygA-n7Osjs_qpu2oIL5LebMAE_sbO4OQF4AQBiAXFs-WqWKAGLoAH3P2Y2x2oB6fMsQKoB-LYsQKoB6a-G6gHzM6xAqgH89EbqAeW2BuoB6qbsQKoB47OG6gHk9gbqAfw4BuoB-6WsQKoB_6esQKoB6--sQKoB5rhsQKoB9XJG6gH2baxAqgHmgaoB_-esQKoB9-fsQKoB_jCsQKoB_vCsQLYBwDSCDIIgOGAEBABGJ0BMgiqgoCAgICACDoOgMADgICEgICUruADqAdIvf3BOljTyNTSrueTA7EJVFl03Dc_7WaACgOYCwHICwGADAGiDAOQAQGqDQJaQcgNAeINEwi5-NTSrueTAxUoRcMGHeVCOHbqDRMI2KrW0q7nkwMVKEXDBh3lQjh28A0CiA7___________8BuBPkA9gTA4gUAtAVAZgWAcoWAgoA-BYBgBcBshcQGAEqCjY3MzE4NDAyNTBQBroXAjgBqhgXCQAAAABw-BpBEgo2NzMxODQwMjUwGAGyGAkSAqhOGC4iAQDQGAHCGQIIAQ&ae=1&gclid=EAIaIQobChMInN_W0q7nkwMVKEXDBh3lQjh2EAEYASAAEgKc2PD_BwE&num=1&cid=CAQScAAFq6B9jcoTW_fPhkglfGlC0OcCnvLb0onekzZOkA3IDEXMuTbdaXJDODihzMzbR0bu854nk3BKXoczN_jCsfUrGBk1UaKHBHPNWacAqbkuomtFc1rlQ4rOhXVBHM7FiCiuNZIblpMit9wiZyJ8h0gYAQ&sig=AOD64_2AL9-8XIBlEWlxW9Lto2GI3fDPmQ&client=ca-pub-2012933198307164&rf=4&nb=9&adurl=https://mitsubishi-motors.co.za/%3Fgad_source%3D5%26gad_campaignid%3D23712061893%26gclid%3DEAIaIQobChMInN_W0q7nkwMVKEXDBh3lQjh2EAEYASAAEgKc2PD_BwE,https://mitsubishi-motors.co.za/?gad_source=5&gad_campaignid=23712061893&gclid=EAIaIQobChMInN_W0q7nkwMVKEXDBh3lQjh2EAEYASAAEgKc2PD_BwE,yes,yes,yes,yes,yes
722,https://www.googleadservices.com/pagead/aclk?sa=L&ai=Cs2xPyBvbaZzkPJmijeYPsOy7sQrDtYG1hgHD75-b2BLx8NeRARABIPqpihdgx9X_jYQmoAGEhPTqPcgBCeACAKgDAcgDSKoEqgJP0C8-mHTlUDH21WWeGuvwFCiuq6HILyB_9mRpqnYY_LOkCkrBjfF5dcDiVHmT_AWdU0IeWUGEO7dQocmklrKM20i_INQuWXmxq_EHe8C1_MidTcikUzmmDylL3sPZUW-GRUpP_yrlGGn8CgYzNRLNJcoN-eV7bPjkikgOBFGtKLwPJxGi5jZRgXpk0FLjLNviMqM5Ei0-IEEt-rHwDbfNu8siP7iUJrw6B6RylKCmE83_PJfX5aQtadxLRJbsSb_FcVowNzcyJLcuNE-a324Z1F2yuaMhUpA0Oa-ONVJEdvf4Pnxtq9Ot7VyRzhsOFduGJ2eRnl-nBgAUdxRBjNTLd75qtA0mTN1ZUeSM1f9L6cdU7zpWncZ5Jx_CD_SrVpPdR9aIXiXqv7YewAT0rKuG4QTgBAGIBcneoM9PoAYugAeEvMTKGKgHp8yxAqgHpr4bqAfMzrECqAfz0RuoB5bYG6gHqpuxAqgHjs4bqAeT2BuoB_DgG6gH7paxAqgH_p6xAqgHr76xAqgHmuGxAqgH1ckbqAfZtrECqAeaBqgH_56xAqgH35-xAqgH-MKxAqgH-8KxAtgHANIILwiAYRABGJ0BMgiKgoCAgICACDoNgECAwICAgICogAKoA0i9_cE6WJTh3KW555MDsQl6zfSx37K9loAKA5gLAcgLAYAMAaoNAlpByA0B4g0TCPqI3aW555MDFRlRwwYdMPYupuoNEwj_td6lueeTAxUZUcMGHTD2LqbwDQKIDv___________wHYEw3QFQHKFgIKAPgWAYAXAbIXEBgBKgo5MzMyNzkyOTA2UAa6FwI4AaoYFwkAAAAA1A0bQRIKOTMzMjc5MjkwNhgBshgJEgKhUBguIgEA0BgBwhkCCAE&ae=1&gclid=EAIaIQobChMInOjepbnnkwMVGVHDBh0w9i6mEAEYASAAEgLfCPD_BwE&num=1&cid=CAQS0QEABaugfXEL3yRoOFGc9sJ2BhwJzO7fy9R4K39lB-LDkvvCx4z-948LsTq0sff7oSb1a8K9P9hxN8zo8t1jTYCkT9m_LM5Fp9zPFHaDcERKJBDYSikZNc7rLrN9HlTdA-3hsBeJMWUkRyZljIE9SahhisjPIs54AgCko7lRodAFStUw8nBJ36Bv9adGtRE9faxcwc77LUNatrY83gPtKuVb-lK24Jwyyi8jTHk38pPLRUmXbwRyBtnVyk8veITaBNV1CaWG_JMZ_uEB_UDvLxLsPRgB&sig=AOD64_21NJ_gbGBiase1cqiC69UuO_GSgg&client=ca-pub-5405132603504384&rf=1&nb=25&adurl=https://no33parkrow.com/%3Fgad_source%3D5%26gad_campaignid%3D21372612425%26gclid%3DEAIaIQobChMInOjepbnnkwMVGVHDBh0w9i6mEAEYASAAEgLfCPD_BwE,https://no33parkrow.com/celebrated-architecture,yes,yes,yes,yes,yes
723,https://www.googleadservices.com/pagead/aclk?sa=L&ai=C_6yiVjfbafGzK6KzgeAP-Ym3wA-wgL6PhgGWz7jJyRWn6JHaugEQASCn2cwjYMfV_42EJqABma-p4CjIAQapAkeZBpO2WHA-4AIAqAMByAPLBKoEwgJP0FZ3YOPpjSUwEkFCi7hB092wa-v-az3BAVCWojcVJu3wZLpbOVPr7y91lfp_MHw9pEU0MC9uZFQf7-ZjKMBQ4865JKvGIh4RUNpwIiPd7OaWwkGGnSR7vWnmzMsYPluMcX1Ik-NYq3yjBmr3GZmLnI5ff2mdFFoqmK_aUPH1F8Eb-rWUi1SHriJhpPLDrX7zBoDn_0QFGw_wlARZYwPtSDG2IU4nI-Erryu9uOH5SjxRc0CjFvbGBl40T-smimZ7WDFTwhzpMikIsWT3TrYyi4zTo_1bEGaGf4QTTgHD5jmR6jTDf5XHRcw7Oth8BMtJe4dLEIT8YuKULp-pnYpMBObMKFgyeyKCdmdcpZwxvx6sdkevJt1ELhhZuj4k5MvYaNWG3tBL9u42u4DpXWWSozyiEwqK1UB3ikSqhnafHvAdwASctZzR1QXgBAGIBbLhoKBYoAY3gAeZ5_m_A6gHp8yxAqgHpr4bqAfMzrECqAfz0RuoB5bYG6gHqpuxAqgHjs4bqAeT2BuoB_DgG6gH7paxAqgH_p6xAqgHr76xAqgHmuGxAqgH1ckbqAfZtrECqAeaBqgH_56xAqgH35-xAqgH-MKxAqgH-8KxAtgHAdIILwiAYRABGJ0BMgiKgoCAgICACDoNgECAwICAgICogAKoA0i9_cE6WJOnmcnT55MDsQmYTE47jfCT04AKA5gLAcgLAaoNAlpByA0B4g0TCPjbmcnT55MDFaJZAAYd-cQN-OoNEwjG_prJ0-eTAxWiWQAGHfnEDfjwDQKIDv___________wHYEwPQFQHKFgIKAPgWAYAXAbIXEBgBKgo1MDc1NTczNTQzUAa6FwI4AaoYFwkAAAAABKkxQRIKNTA3NTU3MzU0MxgBshgJEgL5VBg3IgEA0BgBwhkCCAE&ae=1&gclid=EAIaIQobChMI8babydPnkwMVolkABh35xA34EAEYASAAEgLcAPD_BwE&num=1&cid=CAQS4wEABaugfWLyrnV8lW9o6zAlWxPAUcQ8J-4mNf2Dmf0W3Ogjv5rlszD7IGmVtBf4OuL-rCMvn3_9m7UAdTASSmt6mlwM2imZC458wd2fY7y55oLvDKh0pN8FrYTEUtUOdST3-KKpED8hlHgzz8ZR0a6jnPW1DMLALxB8AdlPZ4kjZn-Yh67VDQ2HaOIfeolduIuvpYHW4Ru33cuZuMGgcVJmbDYsvj5qnoeJhx6l08MoIz49Mqhtz_MHWgNVljSH21OQJ7mNNylfscudO9WkJBSXIi-kamRJEp2nt_ilRgsHRF3_eRgB&sig=AOD64_3wv5w2GBCqacBOOf2anFGo3lN-Lg&client=ca-pub-3933051677849271&rf=1&nb=9&adurl=https://www.homemation.co.za/home26%3Fgad_source%3D5%26gad_campaignid%3D23689965746%26gclid%3DEAIaIQobChMI8babydPnkwMVolkABh35xA34EAEYASAAEgLcAPD_BwE,https://www.homemation.co.za/home26?gad_source=5&gad_campaignid=23689965746&gclid=EAIaIQobChMI8babydPnkwMVolkABh35xA34EAEYASAAEgLcAPD_BwE,yes,yes,yes,yes,yes
724,https://www.googleadservices.com/pagead/aclk?sa=L&ai=CzlekCxfbadn8N9jis8IPj77_mAq51K2ehgHA6LWD5RTLoLXFiSoQASDenax1YMfV_42EJqABpfWlq0DIAQmoAwHIA8sEqgSfAk_QKEUF4v726M4JJcofrYA9j_BD7gX0vftxA8oe8LACj0863ybR8vmVKURTnCQYATQYeiPijF7aED1LrffGvbWpuc4-OpMpUhCyzB9nbUW7h2eSMZUj-qyKLYDn5G7p0Dc7Ot_8IC5lll0vw5H-bsvWZKnh_HQsve5kBmhgTjBpcVsPZIDyzI6-BcHE3UKreHi6mw5sSzB6cD0BhxVSm7tl1VZijeEuvEYrVXkhmeB4-PXESo7fdSnumk5CYOpp9o14dCj6pz359v4g3kxK7fEIui0UA0lcqR5tLLkzht9oOzI-JYdOZfwP-j1ThBUKtfZBWUL0nLGxoUEZT_VNbFmeK6drdIbAgWV1GA8AlZ1uZnRB8F7zk66Jv4UA5EI-wATCspP8pAWIBZbLp-dUoAYugAelrfaKG6gHp8yxAqgHpr4bqAfMzrECqAfz0RuoB5bYG6gHqpuxAqgHjs4bqAeT2BuoB_DgG6gH7paxAqgH_p6xAqgHr76xAqgHmuGxAqgH1ckbqAfZtrECqAeaBqgH_56xAqgH35-xAqgH-MKxAqgH-8KxAtgHANIILwiAYRABGN0BMgiKgoCAgICACDoNgECAwICAgICogAKoA0i9_cE6WNaUpeO055MDsQlamucjeeI0AoAKA5gLAcgLAYAMAaoNAlpByA0B6g0TCIC0puO055MDFVjxTAIdD98fo_ANAogOBbAOo4OfyBjYEwzQFQHKFgIKAPgWAYAXAbIXEBgBKgo3OTI2NzM3NzcyUAa6FwI4AaoYFwkAAAAAoJcTQRIKNzkyNjczNzc3MhgBshgJEgKhTxguIgEA0BgBwhkCCAE&ae=1&gclid=EAIaIQobChMIma6m47TnkwMVWPFMAh0P3x-jEAEYASAAEgIQ__D_BwE&num=1&cid=CAQS0gEABaugfa6MNBT0sfEnc6CZViuS6u_uOxZuEAQ7K39QAG4Bsii3-Fc7p0s1USo4Jd7i4zPdlourIhNpUUQwvYaPziMdYGrvbP8SsIpS-gX-y2VPnu7cCfGkW6uri0zoO7QwLZWQ5X9l0YwDUH93YuHLhCvnDD8W7MK6OU3cpZL1KDU3YRgKghl4Kv32FNPJoc5xN2oJJQ3Acm42_dmSj3R1CSkyk60a8XhIr3fi1WZXC6c3WYXCozzqGKRImYyZWUrQyV1fIgi2hOZJw6cRVWdNe4gYAQ&sig=AOD64_2VnBzTg17f0w77LyBgYji0JRpgRg&client=ca-pub-7209808242714184&rf=1&nb=9&adurl=https://allinclusivepcb.com/cypress-spring-paddleboard-eco-tour/%3Fgad_source%3D5%26gad_campaignid%3D22765233558%26gclid%3DEAIaIQobChMIma6m47TnkwMVWPFMAh0P3x-jEAEYASAAEgIQ__D_BwE,https://allinclusivepcb.com/cypress-spring-paddleboard-eco-tour/?gad_source=5&gad_campaignid=22765233558&gclid=EAIaIQobChMIma6m47TnkwMVWPFMAh0P3x-jEAEYASAAEgIQ__D_BwE,,,,,
725,https://www.googleadservices.com/pagead/aclk?sa=L&ai=C9AhTO63ZabelM-SQpt8Pj8GykAv6r-_Sc_2hzKbvEYiU-IezAhABINrxjgxgiYvEhPQToAGZ1br-A8gBCakCYP2zsyGrsz6oAwHIA0iqBJoCT9DHSY7i93sAmNhCL5NUWM7Zs-fRVo2W_FQzJRFy3U4SEjx6l4QMK2P8wg6JR0NpoQU6UHYtRzkDEPmzYljF4Cm1ZrkybnZEHFuYJsBCbUzoyn3MHBsXtvis4iTSe5R_NGRtYo12uy83boz0xk-BlnXKmJcvIWqNSuwAHkhrToMDDyFZCjBTWFmpREBe96c68nfx3rQRmhdMjIcSZraQtsY-rTz_SVtxdHJHKrgWQL2-WEdY7FnlTshGnsI2Hq0RP5XNMdHBIUkv1pohmR50ACmdwe86SSdQxijKuolw1cZEECd4tDjuqgla9MgOmp9kxlczniSflOtrQ1FYWke-x88XFWopMnxengR3BTwqvpMEErXjDUzaS-qxwASZwOCnuASIBcqdyYFNoAYugAfPqsUBqAenzLECqAemvhuoB8zOsQKoB_PRG6gHltgbqAeqm7ECqAeOzhuoB5PYG6gH8OAbqAfulrECqAf-nrECqAevvrECqAea4bECqAfVyRuoB9m2sQKoB5oGqAf_nrECqAffn7ECqAf4wrECqAf7wrEC2AcA0ggvCIBhEAEYnwMyCIqCgICAgIAIOg2AQIDAgICAgKiAAqgDSL39wTpYhp_Y3NvkkwOxCcldCYqsv29sgAoBmAsByAsBgAwBqg0CSlDIDQHqDRMIrrLZ3NvkkwMVZIjpBR2PoAyy8A0CiA4J2BMD0BUByhYCCgD4FgGAFwGyFxAYASoKODYyNjM4OTQ2N1AGuhcCOAGqGBcJAAAAAADs80ASCjg2MjYzODk0NjcYAbIYCRICs2kYLiIBANAYAcIZAggB&ae=1&gclid=EAIaIQobChMI967Z3NvkkwMVZIjpBR2PoAyyEAEYASAAEgKoY_D_BwE&num=1&cid=CAQS0QEABaugfdO1WBt4O4ixzRtgzvt0rTd9J1gAQn0AYyg2W0dAkfE4ju_7ff8ZSN1loYBjXZFfWB4Ur-_sPIUy1Fcv_QTY7K7ZfObOMtHJ4wCYvb7eENVxO0XcnD_pil6P-hKkClVZvw8cJf6fsLzA42BYM6K9rubMF82UmO8288nYsEeLM7N1xiTDyOLDb9KEDSUVze6myqHVUZJN_-KdryIsuyr2sk_yz9u7Xto86HyTEFTHsoWZPn3061WxGeewrcDrQJZ_uvhqw8RpsN3kVHU8tBgB&sig=AOD64_1XamgvCypb1GRGLNX5TE3NwDPVCg&client=ca-pub-9783515403541006&rf=1&nb=25&adurl=https://www.transpack-krumbach.de/nachhaltige-verpackungen%3Fgad_source%3D5%26gad_campaignid%3D20672827082%26gclid%3DEAIaIQobChMI967Z3NvkkwMVZIjpBR2PoAyyEAEYASAAEgKoY_D_BwE,https://www.transpack-krumbach.de/nachhaltige-verpackungen?gad_source=5&gad_campaignid=20672827082&gclid=EAIaIQobChMI967Z3NvkkwMVZIjpBR2PoAyyEAEYASAAEgKoY_D_BwE,yes,yes,yes,yes,yes
726,https://www.googleadservices.com/pagead/aclk?sa=L&ai=CBSASFknaabPkCuKDjeYP6oO70Q-qkfOyhgHgzdK4thOPnYKtywQQASDj0bElYM2g74CsA6AB2LCh7wPIAQmpAnP2jashlrY-4AIAqAMByAPLBKoEtAJP0Al8g2Kadt4ZPzvBFLc3hdiKt6nbcRXUfsV255pIFM9fLr5xdhzhiZKrfAewTDaXYRIc1rD5hfWY_gRkBGt4fWb-faKXvpvKvkW_anUfBWcQmljP8IXpgU7BAsONvweKl9dLWFoJe4LHBJ80kENl-ZIZ11rYXfHmFBpe4JvcnXtscZRBXK8dBoZ7F2_9RNjT-gH-HcIVtHTJhkiTbNARsYNhrgTsilKQuQ_jw4zqnlb_dUtNguadtqnEMNh06WF6P5LWfyJv_LaWiiU1OCWQbQLUQCnSVWeV5uC9d-u91UHNj84BPRpwlaQISX5d38cURp7Ybu6kjPT0dNyjFwQXHMhpYlXiTMnG2RVpG5muBHQOM5Vv2OPpm1gemL82YC6Fo8Vid7Clx5bUn8cY7hPwCIVz-cAEkISk6o8F4AQBiAW8iZmXTvoFBgglEAEYAKAGLoAHir7J1AOoB6fMsQKoB6a-G6gHzM6xAqgH89EbqAeW2BuoB6qbsQKoB47OG6gHk9gbqAfw4BuoB-6WsQKoB_6esQKoB6--sQKoB5rhsQKoB9m2sQKoB5oGqAf_nrECqAffn7ECqAf4wrEC2AcA-gcbbmV0LnNreXNjYW5uZXIuYW5kcm9pZC5tYWluwAgB0ggvCIBhEAEYnQEyCIqCgICAgIAIOg2AQIDAgICAgKiAAqgDSL39wTpYlYbXrfDlkwOACgOQCwOYCwHICwGADAGiDAJIAaoNAkJSyA0B4g0TCIfq163w5ZMDFeJBwwYd6sEu-uoNEwiUt9mt8OWTAxXiQcMGHerBLvrwDQKIDv___________wHYEwvQFQHKFgIKAPgWAYAXAbIXEBgBKgo1ODYxOTEyMDYwUAa6FwI4AaoYFwkAAAAApC8bQRIKNTg2MTkxMjA2MBgBshgJEgKgTxguIgEA0BgB6BgBwhkCCAE&ae=1&gclid=EAIaIQobChMIs8farfDlkwMV4kHDBh3qwS76EAEYASABEgLNlfD_BwE&num=1&cid=CAQS0QEABaugff49olzHnNYG_MvRMU8bOGwZRMW3FVO34zr_-xBwMQTT4N8zJJNb6LfWHaMnT8kxv6HHQSZWnHImgunkl5kgzY0cYb3lDBpYdM2AvVoXGvi8rXapBXWl7RWeMWYS6Jpu9FHVo68eh0D6T2gH-4uGiyINzYjk5hvtdjZO3dAzAQn9F8PtnpnAr5ESINvFVFimnGaUwSH-ZxZw3X_ahbG1u_L4VBwrPxPtWmP4NzJlvWG7Bx49czzwrSGyXu6ark5FRsishJdsdRPDVz9R5BgB&sig=AOD64_0c6jgVQXcPjX-vZnnOn2QT3SCEWw&client=ca-pub-5614695549775797&nb=9&adurl=https://www.skyscanner.com.br/transporte/voos/BR/IT/Voos-baratos-de-Brasil-para-It%C3%A1lia.html%3Foym%3Danytime%26iym%3Danytime%26preferDirects%3Dfalse%26utm_campaign%3Dbr-flights-display-midfunnel-feedbasedads%26EAIaIQobChMIs8farfDlkwMV4kHDBh3qwS76EAEYASABEgLNlfD_BwE%26utm_medium%3Ddisplay%26utm_source%3Dgoogle%26utm_content%3Dfeed%26campaignid%3D20986610876%26adgroupid%3D176048112144%26AssociateID%3DDIS_FLI_19465_00000%26gad_source%3D5%26gad_campaignid%3D20986610876%26gclid%3DEAIaIQobChMIs8farfDlkwMV4kHDBh3qwS76EAEYASABEgLNlfD_BwE,https://www.skyscanner.com.br/sttc/px/captcha-v2/index.html?url=L3RyYW5zcG9ydGUvdm9vcy9CUi9JVC9Wb29zLWJhcmF0b3MtZGUtQnJhc2lsLXBhcmEtSXTDoWxpYS5odG1sP0VBSWFJUW9iQ2hNSXM4ZmFyZkRsa3dNVjRrSERCaDNxd1M3NkVBRVlBU0FCRWdMTmxmRF9Cd0UmdXRtX21lZGl1bT1kaXNwbGF5JnV0bV9zb3VyY2U9Z29vZ2xlJnV0bV9jb250ZW50PWZlZWQmZ2NsaWQ9RUFJYUlRb2JDaE1JczhmYXJmRGxrd01WNGtIREJoM3F3Uzc2RUFFWUFTQUJFZ0xObGZEX0J3RSZjYW1wYWlnbmlkPTIwOTg2NjEwODc2JmdhZF9jYW1wYWlnbmlkPTIwOTg2NjEwODc2JmFkZ3JvdXBpZD0xNzYwNDgxMTIxNDQmZ2FkX3NvdXJjZT01Jm95bT1hbnl0aW1lJkFzc29jaWF0ZUlEPURJU19GTElfMTk0NjVfMDAwMDAmaXltPWFueXRpbWUmcHJlZmVyRGlyZWN0cz1mYWxzZSZ1dG1fY2FtcGFpZ249YnItZmxpZ2h0cy1kaXNwbGF5LW1pZGZ1bm5lbC1mZWVkYmFzZWRhZHM=&uuid=2053aaed-371f-11f1-9092-596eb150b10a&vid=2053ad87-371f-11f1-9092-cd590c24bc25,no,no,no,no,no
727,https://www.googleadservices.com/pagead/aclk?sa=L&ai=CB5IKabHZadOtGZW9geAPptfLsQaOyuu0hgGstpvdrBW8s-77mDwQASCVos4cYImLxIT0E6AB_paY4SjIAQGpAtc6aU-p9zo-4AIAqAMByAMIqgTMAk_Qi1vFXpxWh_8EXBe4fBJi7PBaG8hCcVeC4g0ktBKwKtyl8eHyoD1acvqZ_np5JN1BLslXSPmrIa3RxpCRDtekREbnDtOpF29f8bBoA_wTslKalUxaL_vLSWFPvmJy6_YNkszJCa0IZ4s07gRD_F9Kp3OymUyxfctPmEtIBk4YjT5cLGYgvAGDlfQQQ1QQnHTJ9c9CJ5jPsLiUT6XVL-MWB2V0Urg6x1OoSdJIH9OfcAe6eh1-qYV9nT2qomQAs3QgblTGqvBzbOS7XLidU8-dB5mbBCQ_VbJhD28jpPqjpsT5TRXywFbSIfmOdXKC5q6_i2xNRuAeE0Dgow8BBwRxqmxujADGy0NW1TlN-acPLSaot69qnktUfCHvtS_-Xy5F4-U-UMxLOknvNQ0RbfwCf6Rx8ovPvNYRR0kbMTKyn4qAMbjTrQTRvzQbwASrq-nw2QXgBAGIBeGQhLVYoAYCgAf-zujAA6gHp8yxAqgH4tixAqgHpr4bqAfMzrECqAfz0RuoB5bYG6gHqpuxAqgHjs4bqAeT2BuoB_DgG6gH7paxAqgH_p6xAqgHr76xAqgHmuGxAqgH1ckbqAfZtrECqAeaBqgH_56xAqgH35-xAqgH-MKxAqgH-8KxAtgHAdIIMgiA4YAQEAEYnQEyCKqCgICAgIAIOg6AwAOAgISAgJSO4AOoB0i9_cE6WL6K2Nrf5JMDsQlwZs_rnMTURoAKA5gLAcgLAaIMA5ABAaoNAkpQyA0B4g0TCJbV2Nrf5JMDFZVeAAYdpusyZuoNEwjKsdra3-STAxWVXgAGHabrMmbwDQKIDv___________wHYEwLQFQGYFgHKFgIKAPgWAYAXAbIXEBgBKgozNzM5MDY2NjA4UAa6FwI4AaoYFwkAAAAAgN38QBIKMzczOTA2NjYwOBgBshgJEgLyThgCIgEA0BgBwhkCCAE&ae=1&gclid=EAIaIQobChMIk4bb2t_kkwMVlV4ABh2m6zJmEAEYASAAEgI0-vD_BwE&num=1&cid=CAQSbwAFq6B9sHHe_MU43DOtuEH_fm2COIjKoS4orNnNdWVNiNXXplYSpZYocd8KkWWtEUEFhunHry3hlgeyN7BTD601rFPNPVMbhXj0FR7GUhtPUIGNr-Vu8m26-4MyqxsShBQ3s1R_UO_IZce8YpplDBgB&sig=AOD64_2JO1L6-NxnoTSYuRfJG3U1RAaQkQ&client=ca-pub-0414436487628782&rf=4&nb=2&adurl=https://finance.logmi.jp/articles/384447%3Futm_source%3Dgoogle%26utm_medium%3Ddisplay%26utm_campaign%3Dcustomintent2604%26gad_source%3D5%26gad_campaignid%3D23733536865%26gclid%3DEAIaIQobChMIk4bb2t_kkwMVlV4ABh2m6zJmEAEYASAAEgI0-vD_BwE,https://finance.logmi.jp/articles/384447?utm_source=google&utm_medium=display&utm_campaign=customintent2604&gad_source=5&gad_campaignid=23733536865&gclid=EAIaIQobChMIk4bb2t_kkwMVlV4ABh2m6zJmEAEYASAAEgI0-vD_BwE,,,,,
728,https://www.googleadservices.com/pagead/aclk?sa=L&ai=C9V8WdyzbafnrA4KgjeYPzNOQgAi-6fWKhgHuxsn7rhWAw9OmkQ4QASCM95YmYMfV_42EJqABn7vRlkPIAQngAgCoAwHIAwqqBOECT9C79XFNcd4xfGNgdzOk9gl1LxjNymMbL772VLHFNrhOUnOA1hLGXBPSPgAAztzQTG1OYz-QudZPyO8MdSndAPAydDkYTlsZCDW82RLThLAyItIaN2dxiiyDfn5m27yGOLOvn3G6ul2z0TOveZJqC5kB3DzpJPRvcp6S6KpdEYD0o0P7eYDlieOa06-E0SJbrPz6e6SZE953evDXVgjI647RnXTiy-9SJJEC8-5jvvM00t5qM2_Js57cpF6jzuuEYjoR0LriRn6jOOlGiU4g5yx3f9tH_OREacAcWUl9jWd0GIAvVjP0Oi7kbFlfekg-1wP9Rb45roX6PYKs6lyImj1G1egoH7k-ZT_wwtf3_HlJnnJ0h5ZOhOI1tkPZ7QgMEXur9rWkw3YF_n6frlXZHKLtCLvFYog-y3eQzUt5-eofJLKfLM2CAUzyzHNNVXcVLUWkYfEU6y1NvXjZKntL80jABPDX_q_eBeAEAYgFj_P6n1igBi6AB5_zofYdqAenzLECqAfi2LECqAemvhuoB8zOsQKoB_PRG6gHltgbqAeqm7ECqAeOzhuoB5PYG6gH8OAbqAfulrECqAf-nrECqAevvrECqAea4bECqAfVyRuoB9m2sQKoB5oGqAf_nrECqAffn7ECqAf4wrECqAf7wrEC2AcA0gguCIBhEAEYHTIIioKAgICAgAg6DYBAgMCAgICAqIACqANIvf3BOljHnu2ZyeeTA7EJTA6-_AMAPXOACgOYCwHICwGADAGiDAOQAQGqDQJaQcgNAeINEwiHwe2ZyeeTAxUCUMMGHcwpBIDqDRMIld7umcnnkwMVAlDDBh3MKQSA8A0CiA7___________8BsA6z0v_2GNgTDNAVAZgWAcoWAgoA-BYBgBcBshcQGAEqCjE5MDg3NTczNzlQBroXAjgBqhgXCQAAAACoygFBEgoxOTA4NzU3Mzc5GAGyGAkSAv1OGC4iAQDQGAHCGQIIAQ&ae=1&gclid=EAIaIQobChMIuYPvmcnnkwMVAlDDBh3MKQSAEAEYASAAEgKxvPD_BwE&num=1&cid=CAQS0gEABaugfQK4ePkjVPRCpKFyQmEL6ZrfHfrFL-U7Kcry_FEwvfBkIBBdlB3SUgeU2QEKTxHMCaFvkMRsCOCqF1HrAkldZELGmhYU_DhFjo7ZV7u792e2iC3zL2Rc0J0VbCKlrp4w6Xflc_s-0E_nKEXq1lQQs5yiRnZxnUhZjvTiVoZNxcRvfCnZS6MtJOCJAwBGMf1O8Ppi5f2wCzMb1Kn46TuYqiFEb05JXp1mRyVEVE5xjJmu55QC0TGYli7gnWZ_ujdUaQgWYoMJOYYXnPC9eX4YAQ&sig=AOD64_3qYgPtA7vgs85BrR231Pplm_M9vg&client=ca-pub-6554330019384808&rf=4&nb=9&adurl=https://youtu.be/CFomURAu_jQ%3Fsi%3DBNWqV1IQlu7URQDB%26gad_source%3D5%26gad_campaignid%3D23689345423%26gclid%3DEAIaIQobChMIuYPvmcnnkwMVAlDDBh3MKQSAEAEYASAAEgKxvPD_BwE,https://www.google.com/sorry/index?continue=https://www.youtube.com/watch%3Fsi%3DBNWqV1IQlu7URQDB%26gad_source%3D5%26gad_campaignid%3D23689345423%26gclid%3DEAIaIQobChMIuYPvmcnnkwMVAlDDBh3MKQSAEAEYASAAEgKxvPD_BwE%26v%3DCFomURAu_jQ%26feature%3Dyoutu.be&q=EgSVWBP6GJjf8s4GIjDM4g6zPNvOMHPsYH7jZLXJR-I-lPMS1aMqqWOkDwAMeK8VKX_mn8GD91zg7jGNvG8yAnJSWgFD,,no,no,no,no
728,https://www.googleadservices.com/pagead/aclk?sa=L&ai=C9V8WdyzbafnrA4KgjeYPzNOQgAi-6fWKhgHuxsn7rhWAw9OmkQ4QASCM95YmYMfV_42EJqABn7vRlkPIAQngAgCoAwHIAwqqBOECT9C79XFNcd4xfGNgdzOk9gl1LxjNymMbL772VLHFNrhOUnOA1hLGXBPSPgAAztzQTG1OYz-QudZPyO8MdSndAPAydDkYTlsZCDW82RLThLAyItIaN2dxiiyDfn5m27yGOLOvn3G6ul2z0TOveZJqC5kB3DzpJPRvcp6S6KpdEYD0o0P7eYDlieOa06-E0SJbrPz6e6SZE953evDXVgjI647RnXTiy-9SJJEC8-5jvvM00t5qM2_Js57cpF6jzuuEYjoR0LriRn6jOOlGiU4g5yx3f9tH_OREacAcWUl9jWd0GIAvVjP0Oi7kbFlfekg-1wP9Rb45roX6PYKs6lyImj1G1egoH7k-ZT_wwtf3_HlJnnJ0h5ZOhOI1tkPZ7QgMEXur9rWkw3YF_n6frlXZHKLtCLvFYog-y3eQzUt5-eofJLKfLM2CAUzyzHNNVXcVLUWkYfEU6y1NvXjZKntL80jABPDX_q_eBeAEAYgFj_P6n1igBi6AB5_zofYdqAenzLECqAfi2LECqAemvhuoB8zOsQKoB_PRG6gHltgbqAeqm7ECqAeOzhuoB5PYG6gH8OAbqAfulrECqAf-nrECqAevvrECqAea4bECqAfVyRuoB9m2sQKoB5oGqAf_nrECqAffn7ECqAf4wrECqAf7wrEC2AcA0gguCIBhEAEYHTIIioKAgICAgAg6DYBAgMCAgICAqIACqANIvf3BOljHnu2ZyeeTA7EJTA6-_AMAPXOACgOYCwHICwGADAGiDAOQAQGqDQJaQcgNAeINEwiHwe2ZyeeTAxUCUMMGHcwpBIDqDRMIld7umcnnkwMVAlDDBh3MKQSA8A0CiA7___________8BsA6z0v_2GNgTDNAVAZgWAcoWAgoA-BYBgBcBshcQGAEqCjE5MDg3NTczNzlQBroXAjgBqhgXCQAAAACoygFBEgoxOTA4NzU3Mzc5GAGyGAkSAv1OGC4iAQDQGAHCGQIIAQ&ae=1&gclid=EAIaIQobChMIuYPvmcnnkwMVAlDDBh3MKQSAEAEYASAAEgKxvPD_BwE&num=1&cid=CAQS0gEABaugfQK4ePkjVPRCpKFyQmEL6ZrfHfrFL-U7Kcry_FEwvfBkIBBdlB3SUgeU2QEKTxHMCaFvkMRsCOCqF1HrAkldZELGmhYU_DhFjo7ZV7u792e2iC3zL2Rc0J0VbCKlrp4w6Xflc_s-0E_nKEXq1lQQs5yiRnZxnUhZjvTiVoZNxcRvfCnZS6MtJOCJAwBGMf1O8Ppi5f2wCzMb1Kn46TuYqiFEb05JXp1mRyVEVE5xjJmu55QC0TGYli7gnWZ_ujdUaQgWYoMJOYYXnPC9eX4YAQ&sig=AOD64_3qYgPtA7vgs85BrR231Pplm_M9vg&client=ca-pub-6554330019384808&rf=4&nb=9&adurl=https://youtu.be/CFomURAu_jQ%3Fsi%3DBNWqV1IQlu7URQDB%26gad_source%3D5%26gad_campaignid%3D23689345423%26gclid%3DEAIaIQobChMIuYPvmcnnkwMVAlDDBh3MKQSAEAEYASAAEgKxvPD_BwE,https://www.youtube.com/watch?v=CFomURAu_jQ,,no,no,no,no
729,https://www.googleadservices.com/pagead/aclk?sa=L&ai=Cmrfqeh_baYiFG_icjeYPk4uc0A-8u-uhhgGSsuTW0xXSjvK590cQASDCiLkiYMfV_42EJqABzJCG8SjIAQLgAgCoAwHIAwiqBNICT9AtEWs5u7GXQUYkkDabWl8EPY8rDR27xuCmrmmuS3XXko8zHNpHxLZl6HRio2TiICCid1bwxOoa1_1J-ESgwW38Vr-ngJwX0fl9m_c7vvu4ql_OJO3mzsfkB1sqVqTXJKVSknQNufZIJIwLOcsnrUDKLEjlrj4ztN41II528HnIPKVcQFFQheGp3DyfjA0Rni7mm5VSGREE1aaDww3vWZUrlUePsqZKTvrjg2r-6o-SXKykjTRNSQx5ILimaRvenJ1l3aRnY12jmaSbbXWkOGi8MjfYAr4lq_sJRtYAwIfN_i651MQqbInFAloMV22yhhsBvtG4UL_IYt_h09FRztO8CPR3Rh8SldUMRel7kBgLktpl7BdgINi8oPnKzn-y5ab4Epq0xPJjVhz9Jcf5mFnYipeRfKMFPPzgxqb7YElxP3Ze6Yj2-22Swyvfu-Iu4E_ABKCV0JrqBeAEAYgF6teen1igBgKAB8zI1tADqAenzLECqAemvhuoB8zOsQKoB_PRG6gHltgbqAeqm7ECqAeOzhuoB5PYG6gH8OAbqAfulrECqAf-nrECqAevvrECqAea4bECqAfVyRuoB9m2sQKoB5oGqAf_nrECqAffn7ECqAf4wrECqAf7wrEC2AcB0gguCIBhEAEYHTIIioKAgICAgAg6DYBAgMCAgICAqIACqANIvf3BOljng8bovOeTA_IIG2FkeC1zdWJzeW4tMzQ0ODM0MTg1MjkyOTI1M7EJshNKTXoHPsWACgOYCwHICwGqDQJaQcgNAeINEwi4tsbovOeTAxV4TsMGHZMFB_rqDRMIns3H6LznkwMVeE7DBh2TBQf68A0CiA7___________8BohNUCjcIA0ABUggKBhIECAEQAWiW-5_3RXIhEh8gAigBOAJA6teen1hYAWj-__________8BgAEBmAEDGhkKF2NhLXB1Yi01NjEwNTIxNDkxMTg0Nzg52BMN0BUByhYCCgD4FgGAFwGyFxAYASoKNDgxMjExMzE1MVAGuhcCOAGqGBcJAAAAAJDeGUESCjQ4MTIxMTMxNTEYAbIYCRICu1AYAiIBANAYAegYAcIZAggB&ae=1&gclid=EAIaIQobChMIiKrI6LznkwMVeE7DBh2TBQf6EAEYASAAEgJqkPD_BwE&num=1&cid=CAQS0QEABaugfX4ilbddhitxYpioPWaMMtppIJQj1eM14v_nKucXfIawgE7gL3aq_KRusVRgq0Tf1eMWxCil2weBc4rR8vDrqIY4800XUaERyptvNQRCpVnSbI4FvJgAUHXD8o28u-CLG0KpFxrh5kSsvi6Eg4bXr4LQNvPtoQqlIaqLogTKjG_YjtOwcHZQwCI4PBX-20rUqR5Kef73rohhu8i7prN-sRn7XMosamJmmWyu6zFsG4T4TUir6kl20kPJvcwCTa4CoVXJKJIYrbNFRNBiVxgB&sig=AOD64_3-r18AjDMjl2FcL1FckrteeCBI2w&client=ca-pub-5610521491184789&rf=5&nx=CLICK_X&ny=CLICK_Y&uap=UACH(platform)&uapv=UACH(platformVersion)&uaa=UACH(architecture)&uam=UACH(model)&uafv=UACH(uaFullVersion)&uab=UACH(bitness)&uaw=UACH(wow64)&uafvl=UACH(fullVersionList)&nb=2&adurl=https://hanwhavisionamerica.com/blaze/%3Futm_source%3Dgoogle%26utm_medium%3Dcpc%26utm_campaign%3Dblaze%26utm_term%3D%26utm_content%3Dblaze-display%26gad_source%3D5%26gad_campaignid%3D23687834602%26gclid%3DEAIaIQobChMIiKrI6LznkwMVeE7DBh2TBQf6EAEYASAAEgJqkPD_BwE,https://hanwhavisionamerica.com/blaze/?utm_source=google&utm_medium=cpc&utm_campaign=blaze&utm_term=&utm_content=blaze-display&gad_source=5&gad_campaignid=23687834602&gclid=EAIaIQobChMIiKrI6LznkwMVeE7DBh2TBQf6EAEYASAAEgJqkPD_BwE,yes,yes,yes,yes,yes
730,https://www.googleadservices.com/pagead/aclk?sa=L&ai=CeXHzTyDbacirCcCOjeYP8oXgIMmi9KOFAdS0ycn6FaGm-PPQHRABIK2wkSNgx9X_jYQmoAGny6vQA8gBBuACAKgDAcgDCqoEvgJP0AYAqbI8J_j7T1XekbzJO3BA12cR8SB6tbjgrQdWq5UmU4oH5etEpj8L9aLnKeDGJQ0bvV6hcIOkPJLLgNhXU8r47fMD39Fidrn250onHUzv3snb-OezzwUd3KvAP3GheCg1ki4344vAAv5tsYEMBAHv5tFef3izXLW-rhZKd6NqJ8Q6aVOrI1KJfjOQjpSWGPQ3TqmvY7J__3oeEF7pq7577qrrRfVNkDNX4U1LpOSu23qRi8rvjQR0wZAwCZZcJUawCg1lBRb2CFesDi9LlH8Xb0WDyeIqz-pB0aBAKjfnaggzvR9E003b-TtOTtJSfpLniDiSSHZi6OFIrZeIaqkS_LfH4JxqHMT2YISsWngPDdF9PyMpxnFOn7fuDdHR_ZJ5yri4ugTFtxMoRvNcAJJR0w8gqEylCsZzwiDABP2Ov9vMBeAEAYgF8PmQyleAB8G01C-oB6fMsQKoB-LYsQKoB6a-G6gHzM6xAqgH89EbqAeW2BuoB6qbsQKoB47OG6gHk9gbqAfw4BuoB-6WsQKoB_6esQKoB6--sQKoB5rhsQKoB9XJG6gH2baxAqgHmgaoB_-esQKoB9-fsQKoB_jCsQKoB_vCsQLYBwHSCC4IgGEQARgdMgiKgoCAgICACDoNgECAwICAgICogAKoA0i9_cE6WLLo_M2955MDsQne_dV7ZiXGfYAKA5gLAcgLAaIMA5ABAaoNAlpByA0B4g0TCIqg_c2955MDFUBHwwYd8gIYBOoNEwjvwf7NveeTAxVAR8MGHfICGATwDQKIDv___________wGwDvXZwOoY2BML0BUBmBYByhYCCgD4FgGAFwGyFxAYASoKMjA4OTAzNjc2MlAGuhcCOAGqGBcJAAAAAPj0BkESCjIwODkwMzY3NjIYAbIYCRIC604YASIBANAYAegYAcIZAggB&ae=1&gclid=EAIaIQobChMIiI__zb3nkwMVQEfDBh3yAhgEEAEYASAAEgLRwvD_BwE&num=1&cid=CAQS4wEABaugfQAuysVQ5fLqXkfpUys4vChMKFSpK-9xD6I1npNgXpmz4kiBFcuTxOep1lIF13IGNb856Woe0h_9obdFIHRDiF_K3E3DrEz5y3UC882vRu3zC5JaEuj41HRJmu10Wm8UcYkOvukzZaoQDs0jANQvhx92ZoDLaaaQ1CgcN-i5yo9iuqoILvhUL4cqFeLXbliG9d--u4I87A0LM9gDH7Sc6krNGMAZOeMOJeFH5Ij-tD0goPLujJf3kYse3vocVIjlhdnC8U5FJALZV9WRoRa2O8SEvgbbr-p1gW4irdBDqhgB&sig=AOD64_3VM8g61krxzywMHFTmgtv-IVHiuQ&client=ca-pub-9415735639897500&rf=4&nb=0&adurl=https://www.pcrm.org/icnm%3Futm_source%3Dgooglepmax%26utm_medium%3Dcpc%26utm_campaign%3DICNM2026%26gad_source%3D5%26gad_campaignid%3D23509351664%26gclid%3DEAIaIQobChMIiI__zb3nkwMVQEfDBh3yAhgEEAEYASAAEgLRwvD_BwE,https://www.pcrm.org/icnm?utm_source=googlepmax&utm_medium=cpc&utm_campaign=ICNM2026&gad_source=5&gad_campaignid=23509351664&gclid=EAIaIQobChMIiI__zb3nkwMVQEfDBh3yAhgEEAEYASAAEgLRwvD_BwE,,,,,
731,https://www.googleadservices.com/pagead/aclk?sa=L&ai=CXglioBnbacGfN6CYjeYPqLyzsQnj5IyXhgGyoIaL7BWhpvjz0B0QASDa8Y4MYMfV_42EJqAB0arR0D_IAQngAgCoAwHIA8sEqgT3Ak_Ql-5_6i4qcx3vuCsOTFRN2fX8-oNjy-xcABAxpxsplfEkenYhGzuARJeSdAiruPCZqmVnWGfXxTcl1djk33UmWLw_Vsr-VHzr8Sa9nq_j720ulhtzUA2Y3Z7yJOAuvrf84-mc7MipHkdTtFgIFausuODSpN_2NznQG4vUXDOH-a2t-PUuy8rbrID9XaiD1mt3Fnu9CwPQM4T6S3Cx-xR6M8xt76j17KohSR5AqnRVyXn4BsJ51VWhaSN3v6sb7FRZ1KwkwWnDfiep1OGTjZFmW3j2a5hTTXTAe2stpVn0hwQDU8WTGalfFQ04Shhq8duTCvY0yVIDDwrc78715QY8brJnt11upoMylAM1Tr9nPg_h8EZmrWf2wSAhH1bQtAVBoYrvEGpgoGXKbSLSjgikQxmSV4OrC3tumrKaQoQ-v6dRY5dFP-xy8yNWc3K_lSvN7I7ShKhnKzuk3MGZxYXQ9Tpd1Cr9un6o4n3BZ4mw1nsAtaAyxMAE-OamlO8F4AQBiAXpmdelWMAFBfoFBgglEAEYAKAGLoAH0eKhsBqoB6fMsQKoB-LYsQKoB6a-G6gHzM6xAqgH89EbqAeW2BuoB6qbsQKoB47OG6gHk9gbqAfw4BuoB-6WsQKoB_6esQKoB6--sQKoB5rhsQKoB9m2sQKoB5oGqAf_nrECqAffn7ECqAf4wrECqAfi2LECqAfi2LECqAfi2LEC2AcAwAgB0gguCIBhEAEYHTIIioKAgICAgAg6DYBAgMCAgICAqIACqANIvf3BOljz9Luet-eTA4AKAZALA5gLAcgLAYAMAaIMBUgBkAEBqg0CWkHIDQHiDRMI-5q8nrfnkwMVIEzDBh0o3iyW6g0TCL6zvZ6355MDFSBMwwYdKN4slvANAogO____________AbAOx7n09xjgEsTVl9af0_irddgTC9AVAfAVnbzG7BT6FShzaG9waWZ5X1VTXzE1OTI5MDI4MDE4NTIxXzU2NjEyODMyODA1MjA5mBYByhYCCgD4FgGAFwGyFxAYASoKNzY3MTAwODg2OFAGuhcCOAGqGBcJAAAAAOipCEESCjc2NzEwMDg4NjgYAbIYCRICt1wYLiIBANAYAegYAcIZAggB&ae=1&gclid=EAIaIQobChMIwe-9nrfnkwMVIEzDBh0o3iyWEAEYASABEgIs-PD_BwE&num=1&cid=CAQS4wEABaugffLSEJCqPUtVKTfYKjAtL6VaO1PXYdS9wGlDPhwUOqzBowoIGZlsIoJFcj_IPjs1Ae2jTeiTbyiVcgFBzrJlu0I6ZA9yiJrlSB2WHlXEhkxbYnGv-i01P8AiGUEziQPfukIu4wY6c-kaK-4zYtx3rxFT5pjKH9X0-ZtPrsbradi_UnCfet9TJI8ReT1WHOdRKBRgtHMUHuSOCmoVE-S2bCr_jRMhpcDx7qxznXEij53Qci1A2usyxmcXMimKAuXBCv5m84n_YgvKguzB_zBPA1PSrkWS_6ptP1uZ4A_FpBgB&sig=AOD64_0krhRvjJMScb7RTmBc6FcYDbXrZQ&ctype=5&client=ca-pub-9783515403541006&nb=9&adurl=https://www.aerless.com/products/weekender%3Fvariant%3D56612832805209%26country%3DAO%26currency%3DUSD%26utm_medium%3Dproduct_sync%26utm_source%3Dgoogle%26utm_content%3Dsag_organic%26utm_campaign%3Dsag_organic%26tw_source%3Dgoogle%26tw_adid%3D%26tw_campaign%3D23701321109%26tw_kwdid%3D%26gad_source%3D5%26gad_campaignid%3D23701343465%26gclid%3DEAIaIQobChMIwe-9nrfnkwMVIEzDBh0o3iyWEAEYASABEgIs-PD_BwE,https://www.aerless.com/products/weekender?variant=56612832805209&country=AO&currency=USD&utm_medium=product_sync&utm_source=google&utm_content=sag_organic&utm_campaign=sag_organic&tw_source=google&tw_adid=&tw_campaign=23701321109&tw_kwdid=&gad_source=5&gad_campaignid=23701343465&gclid=EAIaIQobChMIwe-9nrfnkwMVIEzDBh0o3iyWEAEYASABEgIs-PD_BwE,,,,,
732,https://www.googleadservices.com/pagead/aclk?sa=L&ai=CByNCnDnbaaKVLK2PjeYPl43NyATR86-4hgHYoMLp_RXoz-W7iw4QASDCiLkiYMfV_42EJqABgLSRq0LIAQOpAlgUI6xnKEc-4AIAqAMByAMIqgSJA0_QTb1qoGjNCVuoqKFvn15dlBZB9CUoi6LUIg6rcAkarI1r1W9Szu1oIP-qx06ZQcAlT18PsD7MVo4Fo_GWuouGrBWRQSToWfqsBjrwPNc-y1nda-8czlb0TA3zCaonu0awok9QMz5E8Ac9oyjgEuYcBbHloF5mghTsbvXiducxSjV56aVEK8ipsoD025R-DfzmytxfVkODrAExhJVYYuDwP_qlRPGe6dawKHVfMQWTsvMpkAi3RVegEhr_vkQH07S8S2mWa-g8x1A8YGEpU5X-J_jIo1eErBjYuQwizgJrl8cyPaHeUGmEZxzunBGFW_j1VEugTx8qBnoeR3huZTC5y_Wva2TvS4eYpGcaa11_rlRgHPZ0meM-C6JpltK7WXXTKaE3lsmEvJPTMs5PQ5bsa70ziVq6p_7FQn1DJcOEM_ACdFi7U-grNNPtbK7OPZ8CfZ8Xyf4UwHuF8SuCQ15tLscoN7p6x7IrviUjVFjmMeSbvWGjrMueFgfGoeYnYPKYY9LgeTd6XsAEwoXb09UF4AQBiAX9wJW5WKAGA4AHgOzhih2oB6fMsQKoB-LYsQKoB6a-G6gHzM6xAqgH89EbqAeW2BuoB6qbsQKoB47OG6gHk9gbqAfw4BuoB-6WsQKoB_6esQKoB6--sQKoB5rhsQKoB9XJG6gH2baxAqgHmgaoB_-esQKoB9-fsQKoB_jCsQKoB_vCsQLYBwHSCC4IgGEQARgdMgiKgoCAgICACDoNgECAwICAgICogAKoA0i9_cE6WNW2297V55MD8ggbYWR4LXN1YnN5bi0zNDQ4MzQxODUyOTI5MjUzsQl7NRLMx94ssIAKA5gLAcgLAaIMA5ABAaoNAlpByA0B4g0TCIT-297V55MDFa1HwwYdl0YTSeoNEwig093e1eeTAxWtR8MGHZdGE0nwDQKIDv___________wHYEw3QFQGYFgHKFgIKAPgWAYAXAbIXEBgBKgo0ODEyMTEzMTUxUAa6FwI4AaoYFwkAAAAA0KoWQRIKNDgxMjExMzE1MRgBshgJEgKwUxgDIgEA0BgBwhkCCAE&ae=1&gclid=EAIaIQobChMIotPe3tXnkwMVrUfDBh2XRhNJEAEYASAAEgLu4vD_BwE&num=1&cid=CAQS0QEABaugfTLPOeKhXE-4LTZYy6Ud1ynrmgYplCR6rEQ72RhJWPSmWSIfpyUojncHTdM9AtItJx5g77ifT2ZmV_-8fBamqXfFkP7d_DRFs6hY9vB73YXQzdE3GR0SKItKuG4a20KW6XJ30nERUQ4_t8wGt8wJIg_yS_SRwFu6-Lyi0ls8guPZP-G9imqbdlyOu1dCPQDiDRGAqxdkJ5ZyezJCytKd0bNTVYYAUAWufgk4kEUHWjxz63k_tsKDMD77fn8b7Tioiy91JQGICT0CmKReyxgB&sig=AOD64_2brxtMMBYK6b9ejDOhH_8AXFYsNQ&client=ca-pub-5610521491184789&rf=5&nx=CLICK_X&ny=CLICK_Y&uap=UACH(platform)&uapv=UACH(platformVersion)&uaa=UACH(architecture)&uam=UACH(model)&uafv=UACH(uaFullVersion)&uab=UACH(bitness)&uaw=UACH(wow64)&uafvl=UACH(fullVersionList)&nb=2&adurl=https://finqizo.com/explore/%3Fgad_source%3D5%26gad_campaignid%3D23742210173%26gclid%3DEAIaIQobChMIotPe3tXnkwMVrUfDBh2XRhNJEAEYASAAEgLu4vD_BwE,https://finqizo.com/explore/?gad_source=5&gad_campaignid=23742210173&gclid=EAIaIQobChMIotPe3tXnkwMVrUfDBh2XRhNJEAEYASAAEgLu4vD_BwE,,,,,
733,https://www.googleadservices.com/pagead/aclk?sa=L&ai=CZ5LSeh_baYyFG_icjeYPk4uc0A_2-76fhgGjkobx2hWqu5PG1zIQASDCiLkiYMfV_42EJqAByf7w0gLIAQngAgCoAwHIAwqqBM8CT9DLUaqRyxcDfKO4gJGxaRAFrwb3D_GjIyQENMMLr0SdQ-iGO1jUe3C2QOV91n9RiG36dDv5295bWtc7a6wq6PEzDCZ2p0ELekrFFAChEPvzLKLjdv67dKdk39OHcBUz4nQKM8nCjdUTnWzI5QtBC-7QsBMLEnCA3ZMoFVukXIyikli2ZKQ3C3ayv7Z4tbvjDMDhq53ArFTsr5ikQO0k6lXTU8kHRhZSslAqOj_lEVNVEkdkQu3KG9kSM0rOsvmdfb98W3-lLU6kcZBYojaN0hzZkhkVhr0z3jOKFBIncVH448bDxKCA5BojQMAL2dXfvNEbyooklIWakDVSAoxumHgdJ8iAR4_ZGIcsCUmde6sbLNkxNa4hEGmIbDAodh_Nj291A3nCHnyAHV6tcavNBxEiudQQp2tSujGA1X_CSm7pifFjXN_PmZUrDe-nYePABPHryv3NBeAEAYgFzOScqligBi6AB5-Bj60BqAenzLECqAfi2LECqAemvhuoB8zOsQKoB_PRG6gHltgbqAeqm7ECqAeOzhuoB5PYG6gH8OAbqAfulrECqAf-nrECqAevvrECqAea4bECqAfVyRuoB9m2sQKoB5oGqAf_nrECqAffn7ECqAf4wrECqAf7wrEC2AcA0gguCIBhEAEYHTIIioKAgICAgAg6DYBAgMCAgICAqIACqANIvf3BOljng8bovOeTA_IIG2FkeC1zdWJzeW4tMzQ0ODM0MTg1MjkyOTI1M7EJhBmXZ_m1lnmACgOYCwHICwGADAGiDAOQAQGqDQJaQcgNAeINEwi7tsbovOeTAxV4TsMGHZMFB_rqDRMIoc3H6LznkwMVeE7DBh2TBQf68A0CiA7___________8BsA6Uy8f4GNgTC9AVAZgWAcoWAgoA-BYBgBcBshcQGAEqCjQ4MTIxMTMxNTFQBroXAjgBqhgXCQAAAABYxwhBEgo0ODEyMTEzMTUxGAGyGAkSAsBPGC4iAQDQGAHCGQIIAQ&ae=1&gclid=EAIaIQobChMIjKrI6LznkwMVeE7DBh2TBQf6EAEYASAAEgJF9_D_BwE&num=1&cid=CAQS0QEABaugfX4ilbddhitxYpioPWaMMtppIJQj1eM14v_nKucXfIawgE7gL3aq_KRusVRgq0Tf1eMWxCil2weBc4rR8vDrqIY4800XUaERyptvNQRCpVnSbI4FvJgAUHXD8o28u-CLG0KpFxrh5kSsvi6Eg4bXr4LQNvPtoQqlIaqLogTKjG_YjtOwcHZQwCI4PBX-20rUqR5Kef73rohhu8i7prN-sRn7XMosamJmmWyu6zFsG4T4TUir6kl20kPJvcwCTa4CoVXJKJIYrbNFRNBiVxgB&sig=AOD64_2LKPds9ru0AhhRV2zp3Mi0XfkuAQ&client=ca-pub-5610521491184789&rf=4&nb=9&adurl=https://www.gdit.com/careers/search/%3Futm_source%3Dgoogle%26utm_medium%3Dcpc%26utm_campaign%3Dtm_pmax%26source%3Ddm_tmpmx%26https://www.gdit.com/careers/%3Futm_source%3Dgoogle%26utm_medium%3Dpmax%26utm_campaign%3Dtm_alwayson%26source%3Ddm_tmpmx%26gad_source%3D5%26gad_campaignid%3D23710872140%26gclid%3DEAIaIQobChMIjKrI6LznkwMVeE7DBh2TBQf6EAEYASAAEgJF9_D_BwE,https://www.gdit.com/careers/search/?utm_source=google&utm_medium=pmax&utm_campaign=tm_alwayson&source=dm_tmpmx&https%3A%2F%2Fwww.gdit.com%2Fcareers%2F%3Futm_source=google&gad_source=5&gad_campaignid=23710872140&gclid=EAIaIQobChMIjKrI6LznkwMVeE7DBh2TBQf6EAEYASAAEgJF9_D_BwE,,,,yes,
734,https://adclick.g.doubleclick.net/aclk?sa=l&ai=CatIK8wXbadCqG8OLjeYPyMqGMc3Wl7iGAZfV4aScFtiCq96lRxABILTOlQhgyYaAgIikgBCgAeDygL8ByAEJ4AIAqAMByAMKqgTPAk_QYWv0lHdP0cA8vK82RreanyOjbe-ZLrj21yzDHRaOu2Lp3-kfJkL0NlPQy7zetHhQxJVGcSuy80EiOrdhrVhFi-kTWog_K3eqeUEfjts8ZoBJbMlDpg34TWlO_4lgaEPTOMvHjd-PRd4TKl1kX4_LDXrt4M7CkTSlALXaiwFtDnbKQZqOnKTwhJ9vFa8KVwJPVqNZLjbGqh1JQOZJeCsLVZfNC_-MEC7YAGaxwK92UhDDHxRyNerWrkxT9vaITfeKQ78jvGOQX3vqgGEXqwO6U8jxA4zGv5-xRlzX_R4mcox_Z6n-3_QweZ1RoNKk2KUOXj7G_42Rk_7c5k0vdVemH9K8jxrZZUlsjAb6sjAGOzIw0RLwL44jASKSkD4uQuYP_H2_sFip7i5urjo2ubuOzu7RXTFudM_Y1amSQRowPNM7aH8TF1JNlXmnEa4CwASk3tTW6gXgBAGIBYHXsLlYoAYugAf-qqjTBKgHp8yxAqgHpr4bqAfMzrECqAfz0RuoB5bYG6gHqpuxAqgHjs4bqAeT2BuoB_DgG6gH7paxAqgH_p6xAqgHr76xAqgHmuGxAqgH1ckbqAfZtrECqAeaBqgH_56xAqgH35-xAqgH-MKxAqgH-8KxAtgHANIIMAiAYRABGJ8BMgiKgoCAgICACDoOgECAwICAgICogAKogxBIvf3BOljVprO8pOeTA7EJ2-Dm3aG53dWACgOYCwHICwGADAGqDQJVU8gNAeINEwix0bO8pOeTAxXDRcMGHUilIQbqDRMIqpK1vKTnkwMVw0XDBh1IpSEG8A0CiA7___________8B2BMN0BUByhYCCgD4FgGAFwGyFxAYASoKOTczNzYzMDU1MlAGuhcCOAGqGBcJAAAAAByUHkESCjk3Mzc2MzA1NTIYAbIYCRIC6FkYLiIBAdAYAegYAcIZAggB&ae=1&gclid=EAIaIQobChMIkPC3vKTnkwMVw0XDBh1IpSEGEAEYASAAEgJiA_D_BwE&num=1&cid=CAQS4wEABaugffy03HUIbq2gP1xSyDAJJPPwe0oRjjLr3vXNNcZWWXhJhu68BZNC2s9HguvypdWOAJCla2QSnZCRVkJf5iwwJbSUy3TXKOCYkYODhTQ7JymrhEHGhN4b3kKGRh8Dqixmt7n99o2OZQc8HvtYNAFYgbQmRUKvgstckM-Ed1t8dNPJ_9OM6PTRgR6FbB4eITSYnravs4h6tjP39wyRXyz5xyxVhQwXgp_3ZZE-RAMGO3lKgOUrkBlvS_R7IcdUMrnIQd9tADbpo1dUOcjz_vXr-4lsbZDBgWSLpuZjr80slRgB&sig=AOD64_2Xy8bF7blXDzCXdZUGj_94YHGOFg&client=ca-pub-5190935653373739&rf=4&nb=9&adurl=https://asiavibe.com/land/sp/5b774c9c%3Fpartner%3Dadw_avibe_ua%26campaignid%3D23742655361%26gclid%3DEAIaIQobChMIkPC3vKTnkwMVw0XDBh1IpSEGEAEYASAAEgJiA_D_BwE%26adgroupid%3D200434593572%26targetid%3Daud-2449671373144%26network%3Dd%26device%3Dc%26devicemodel%3D%26loc_int_ph%3D_9007809%26matchtype%3D%26target%3D%26keyword%3D%26creative%3D804846044522%26placement%3Dwww.chicagotribune.com%26campaign%3DAW_Asiavibe_Worldwide_All_GDN_Allpurchase_all_gender_45%2B_chinazes_keywords_S3_11Apr%26group%3Daffinity_Banking_Finance%26banner_type%3DNC_52433_01_Grey_AllMirrors_Multi_GDN_1200x1200_Static_logo%26asset_type%3D%26gad_source%3D5%26gad_campaignid%3D23742655361%26gclid%3DEAIaIQobChMIkPC3vKTnkwMVw0XDBh1IpSEGEAEYASAAEgJiA_D_BwE,https://asiavibe.com/land/sp/5b774c9c/?partner=adw_avibe_ua&campaignid=23742655361&gclid=EAIaIQobChMIkPC3vKTnkwMVw0XDBh1IpSEGEAEYASAAEgJiA_D_BwE&gclid=EAIaIQobChMIkPC3vKTnkwMVw0XDBh1IpSEGEAEYASAAEgJiA_D_BwE&adgroupid=200434593572&targetid=aud-2449671373144&network=d&device=c&devicemodel=&loc_int_ph=_9007809&matchtype=&target=&keyword=&creative=804846044522&placement=www.chicagotribune.com&campaign=AW_Asiavibe_Worldwide_All_GDN_Allpurchase_all_gender_45+_chinazes_keywords_S3_11Apr&group=affinity_Banking_Finance&banner_type=NC_52433_01_Grey_AllMirrors_Multi_GDN_1200x1200_Static_logo&asset_type=&gad_source=5&gad_campaignid=23742655361&id_visit_prev=10a59f48-557c-463d-83aa-3c8bcda3cc9e#c3RlcDA=,yes,yes,yes,yes,yes
735,https://www.googleadservices.com/pagead/aclk?sa=L&ai=CbVoBPRDaaYv7E6KMjeYPgdLrSMCM64uGAbbTkMCuFaGm-PPQHRABIOa0z5kBYKW4moCcAaAB04SN8wPIAQGpAmD9s7Mhq7M-4AIAqAMByAMKqgT8Ak_QiHj3HIdxctQex3JzpihEbmsWtI_ZQsAcIhkM3rA9TsWygivw8oKlflMicAw4oAGFXOKILfgeHPg3SUaww6e9KTJi5HE-MniLN5wpmg0bwi-5NmLHKUtUH0V5AFLAsRHyfzfpBqi3btVXIWDa45iKDSn3KhyOj4dLLp9JwpMg7ULwTQPgD4KFN-iC6gx2wEu06fkmX397svOEJ3IFeXExb2-MtJnBGstmJc0spLbM1IM7MX2PLTm3L_j3q3U9ulVHauzlbrcjoQeYtvSAvGuRUsfUUr08d8HC7zFvX_avNfWAC_gIhEs5b2QVfx6JDjQHf2_JHg0ONNTk9R3CqBItuGotoUtqjTLDquuQ2z69oHXoA2xkMuCecHT_wCkKnIhOiL8F1Yfm-CmS5uVBkXv-PQANwI4n6Wz0-66Rgdrsa1N6EYhamP6eFn02ibGS8dalyGZ_ltuTsFVveED6hRemICpM78AgoblnSep4Cb2p4SRpZjwswKBPKPvYwAT8v9eyrgXgBAGIBbG23_BToAYugAeV-_IMqAenzLECqAemvhuoB8zOsQKoB_PRG6gHltgbqAeqm7ECqAeOzhuoB5PYG6gH8OAbqAfulrECqAf-nrECqAevvrECqAea4bECqAfVyRuoB9m2sQKoB5oGqAf_nrECqAffn7ECqAf4wrECqAf7wrEC2AcB0ggvCIBhEAEYnQEyCIqCgICAgIAIOg2AQIDAgICAgKiAAqgDSL39wTpY_9CskrrlkwOxCZfJhSB_pHmLgAoDmAsByAsBqg0CQVXIDQHiDRMIqfSskrrlkwMVIkbDBh0B6RoJ6g0TCIe6rpK65ZMDFSJGwwYdAekaCfANAogO____________AbAO7KmyvhjYEwzQFQHKFgIKAPgWAYAXAbIXEBgBKgo1MTAzODc5NDgzUAaqGBcJAAAAALB2CUESCjUxMDM4Nzk0ODMYAbIYCRICsFIYLiIBAMIZAggB&ae=1&gclid=EAIaIQobChMIy42vkrrlkwMVIkbDBh0B6RoJEAEYASAAEgIpFvD_BwE&num=1&cid=CAQS0QEABaugfcshn0o-uS2USy59Xj5tltLYF2MQmlGYRqX_8BxtvrMCwwwMK8GXaWBupDEuNIvWz5IxSkX86Ci972fvAMf5GXtYgaIwwRpXHKL4k5FCd_l_QLXyU1Qo5UhiZPaw1k3DnVc78UsTdmcZAZxbS-880WEqzCNdVcRShGOGlLCNW10grzb3BdHGTQuymZVf-q2i-y-Yzx7U4va9Xgk4naXPyerbfJcNWPa0HxhOgA1zg8w2hMGEWb6kb-H810QK4sy-RCgKhwb9w9FKK6k2_BgB&sig=AOD64_0wYri92xPEz6cM2QiDcFW_AmbReA&client=ca-pub-3677668629134422&rf=4&nb=0&adurl=https://osd.international%3Fgad_campaignid%3D22516587313%26gclid%3DEAIaIQobChMIy42vkrrlkwMVIkbDBh0B6RoJEAEYASAAEgIpFvD_BwE,https://www.osd.international/,no,no,no,no,no
736,https://www.googleadservices.com/pagead/aclk?sa=L&ai=CRUEMOg3babrLN4GcjeYP6sabiQnfxZu3hgGZ_PKg1RXc2R4QASDHx58jYMfV_42EJqAB3fe3wD7IAQLgAgCoAwHIAwiqBLYCT9CY94DDZ1hASvpnPAy78Le-MOOf9RKRBCf2tvwbXzqLbrI8kFUReeQWRdQgK-4b6EbiN7LXjBSei6HcrLhSRNUxlVoUXCcqeuy2zlYhtELI9fT1GqOwIiKvMvH1FONy0l7aaY6FGLyW5UfPd7qLsKqv0eVqub44CghLNIey8QLbuRdNCFtNOoG8OurvU-U_yrDnFJyejI9OGGDKA1A_rF2l7R0oApfvBP2IlYbifRRXB1SGKA92-dz2dDUSqQuTnX52GhRH-CBWthSe0sOe3klb4OKFd2rkkjRDWx87akLH0Au_MHz6yh-ZAtZ7VX89-_ZZ7vwZSY-3N4Qe8bjVsWU7HY3mWLTFWCnlL7kb7B8mhYfNZAHq8xT5yafsa306NNaLskOH9Pcx6om04N4bFXK7U_MwNcAE-r6aptYF4AQBiAXrt_jVVqAGAoAH3a-IoBmoB6fMsQKoB6a-G6gHzM6xAqgH89EbqAeW2BuoB6qbsQKoB47OG6gHk9gbqAfw4BuoB-6WsQKoB_6esQKoB6--sQKoB5rhsQKoB9XJG6gH2baxAqgHmgaoB_-esQKoB9-fsQKoB_jCsQKoB_vCsQLYBwHSCC8IgGEQARidATIIioKAgICAgAg6DYBAgMCAgICAqIACqANIvf3BOlikh_-0q-eTA7EJSDp-g-BgORqACgOYCwHICwGqDQJaQcgNAeINEwixpP-0q-eTAxUBTsMGHWrjJpHqDRMIr6KAtavnkwMVAU7DBh1q4yaR8A0CiA7___________8B2BMM0BUByhYCCgD4FgGAFwGyFxAYASoKNTg1NTEwMjgyOVAGuhcCOAGqGBcJAAAAAEhPFUESCjU4NTUxMDI4MjkYAbIYCRIC-k4YAiIBANAYAegYAcIZAggB&ae=1&gclid=EAIaIQobChMIutCAtavnkwMVAU7DBh1q4yaREAEYASAAEgIsV_D_BwE&num=1&cid=CAQS0gEABaugfczdwDka8k0JHfsoLfR44PVj142HdzR1kU4Lk07omoVg-rrTDBselZTkxa3l6YB5p_CfLTla50khfRpWYF0VuRwgOyVoITdyaPDro_2ZJzb3u6ne3JaaJCDTDPvYHXZLQR0TuiioJzFeoBoubNyK2oMBQLZnESLQOd_B_eOBs8TZ9XPKzoL_nrvkymTIvnpTcZ1Cd6yCjUWuA8kTWYCyDHs3wSQKa7_gpH9vjvfltSzPdZTiuNJP3UkreU9wElu1F58Fg78rl4DQINCna8QYAQ&sig=AOD64_3n3ixkj-n6rWKgmYWTHMB-5tAi4g&client=ca-pub-1481019754184955&rf=5&nx=CLICK_X&ny=CLICK_Y&uap=UACH(platform)&uapv=UACH(platformVersion)&uaa=UACH(architecture)&uam=UACH(model)&uafv=UACH(uaFullVersion)&uab=UACH(bitness)&uaw=UACH(wow64)&uafvl=UACH(fullVersionList)&nb=2&adurl=https://vibescape.co.za/index.php/7-mortifying-celebrity-fails/%3Ft4%3Dvnexpress.net%26t3%3D194964266874%26t5%3D801014301724%26utm_source%3Dgoogle%26utm_medium%3Dcpc%26utm_campaign%3D23265680363%26utm_term%3D%26utm_content%3D194964266874%26t2%3D23265680363%26gad_source%3D5%26gad_campaignid%3D23265680363%26gclid%3DEAIaIQobChMIutCAtavnkwMVAU7DBh1q4yaREAEYASAAEgIsV_D_BwE,https://vibescape.co.za/index.php/7-mortifying-celebrity-fails/?t4=vnexpress.net&t3=194964266874&t5=801014301724&utm_source=google&utm_medium=cpc&utm_campaign=23265680363&utm_term=&utm_content=194964266874&t2=23265680363&gad_source=5&gad_campaignid=23265680363&gclid=EAIaIQobChMIutCAtavnkwMVAU7DBh1q4yaREAEYASAAEgIsV_D_BwE,,,,,
737,https://www.googleadservices.com/pagead/aclk?sa=L&ai=CuSyvajXbaeyoNMDtjeYP4rz7qASJ6YqnhgGd--_CvxWykeWb1gEQASDf8aByYMfV_42EJqAB3ZvQtyrIAQngAgCoAwHIAwqqBIcDT9B59u6MKRepQTOc9fv-p1yFR4RSPKWOxUN2_KFuPBmd74PtW1vVTRcyx5-dx97mt17QuVrNeugIcVLdssJQszc6Fe3ca2YicOFmWo_gD5XOzeawr99EYlP3rpAOkpYsxFpwTWCrcr551Tr5AhhBAuE8oA-DrBarv3txig5u0M5mOxxbUy2tsznKJyh05lXb3jQM3aq985YUfWwh_HXIo4xP4PtrRO2f8Ri2NMTfmvHTZ3wPC9t-ISDgBnYfFJpY9FWlKki64LNrEhSCE9_baxBKhIom_q08_aY6iqtWn5PCZ6n9mG8eXe9Wx9sBSLnWW1x1wmeDX8QHzXA4Abw21u-FC9AYY__uvrb3UG5nfm2IWpMFm3i2hO1rmx-k0CjlQEnRDY-uvL02P-3rL9IMwf_anR1bBNPeCfsLsr04IRW3IbfiTw75xWp_hc2M3tUdJbpXRi6SzgyKwfjquD3RJ023QSTNu9Me5ibVy-9IfxaMY__BwSROV0_8EzzyD0T3WGmchMzkJMAE0KG2pegF4AQBiAWq8PaLWKAGLoAH3dOglwWoB6fMsQKoB6a-G6gHzM6xAqgH89EbqAeW2BuoB6qbsQKoB47OG6gHk9gbqAfw4BuoB-6WsQKoB_6esQKoB6--sQKoB5rhsQKoB9XJG6gH2baxAqgHmgaoB_-esQKoB9-fsQKoB_jCsQKoB_vCsQLYBwDSCDAIgGEQARidATIIioKAgICAgAg6DoBAgMCAgICAqIACqIMQSL39wTpY3Z3V3tHnkwOxCe0o3Dta-D__gAoDmAsByAsBgAwBqg0CWkHIDQHiDRMIgrvV3tHnkwMVwHbDBh1i3h5F6g0TCPjh1t7R55MDFcB2wwYdYt4eRfANAogO____________AbgT5APYEw3QFQHKFgIKAPgWAYAXAbIXEBgBKgo4MjAxMDY1MDEzUAa6FwI4AaoYFwkAAAAAXiMjQRIKODIwMTA2NTAxMxgBshgJEgKTThguIgEA0BgBwhkCCAE&ae=1&gclid=EAIaIQobChMI7IXX3tHnkwMVwHbDBh1i3h5FEAEYASAAEgKSh_D_BwE&num=1&cid=CAQS0QEABaugfXRyuyWtID7mB_wNE3ylJEGFzX0wqlAdRCzbVZjU7Sjolu3xOp_A-sjoQVxRlznzy_Ic3Lcpfen3VVA5cl1dQ026CHU3-e_SL1GH4O_kdifgyWKH6grt5l3c3EbZO67iZtAlHOMFR2d8dJ193y-1s3TE6jHVSBGHWuFOo3dcOtDVAUuLGMWwBOIgIAnZwvA2jUYVvfGXICMdvbTyXCOKbrsqJ7V3lzYGQgOMOgA2tj8NumUy8gANtpzAkTSUDkm1WhWg81oOsIeRBCzuwRgB&sig=AOD64_2uq7Nj4qDLnfbH1Bvx8wtLi5KsYg&client=ca-pub-4026473803077671&rf=4&nb=9&adurl=https://surcompany.ai/%3Fgad_source%3D5%26gad_campaignid%3D23647336490%26gclid%3DEAIaIQobChMI7IXX3tHnkwMVwHbDBh1i3h5FEAEYASAAEgKSh_D_BwE,https://surcompany.ai/?gad_source=5&gad_campaignid=23647336490&gclid=EAIaIQobChMI7IXX3tHnkwMVwHbDBh1i3h5FEAEYASAAEgKSh_D_BwE,yes,yes,yes,yes,yes
738,https://www.googleadservices.com/pagead/aclk?sa=L&ai=CVM3BrOPaaZuyFvOijeYP4cWMcNiUhLmGAaHTsY3CFd_Uof3YDxABILCFnRpgyYaAgIikgBCgAZPIpcUDyAEJ4AIAqAMByAPLBKoE5gJP0JPPqOFJmT58HzkU39CkO0Kh82h6FaIjOg6j6FXRCAZ5shrZD3Gywt1eCElT5J6CAyfaf2S61QGx3D_dzfuTfaZRp8FpNioVplhHNGYVtFncoqCXvfwd-1_5gOZBheSqcxV7fsleA8QuQVcGj5eQXUS4mwRz4YkwvUHgkaFiz1NLMiZnpWLigiusEXXumCDgCHPe05Id-O_NXj8kDiVz1qQoSek4FtotVF1TAzvEv4vicxbs03_-9oXHwBv1_Nj7hOEW4o446_JbxgcQlQvNgNXqFKoFjFxxhoPholmHi_O_cIZJQAhExBf-3REPH8ksKNLOdg5RqEvq15PeZYPGKH_doo-B_rl9hI_RICs3VM17gpxMUbDCvfscMFImWD0hLfTrQLu9HOJpYJ78jj8gBLGo0E4f1qrvHDCUDWK4k_xszm9wCwyPUlrycctgWMTgwhaNkvL2wbs1crigfnBOzKaGh4g0wASE55rd4wXgBAGIBcv21YdWwAUF-gUGCCUQARgAoAYugAe7yIOhAagHp8yxAqgHpr4bqAfMzrECqAfz0RuoB5bYG6gHqpuxAqgHjs4bqAeT2BuoB_DgG6gH7paxAqgH_p6xAqgHr76xAqgHmuGxAqgH2baxAqgHmgaoB_-esQKoB9-fsQKoB_jCsQLYBwDACAHSCDMIgOGAEBABGJ0BMgiqgoCAgICACDoPgMADgICEgICUruADqIcQSL39wTpY35yQ5IPnkwOACgOQCwOYCwHICwGADAGiDAJIAaoNAlVTyA0B4g0TCOHikOSD55MDFXNRwwYd4SIDDuoNEwjx0JLkg-eTAxVzUcMGHeEiAw7wDQKIDv___________wHgEu2otJuEj5yVf9gTDtAVAekVbO6VRRrjp63wFefGVPoVDFRNVzQyTTQwOVcwNcoWAgoA-BYBgBcBshcQGAEqCjI0NTk4Mzc2NTdQBroXAjgBqhgXCQAAAABsERBBEgoyNDU5ODM3NjU3GAGyGAkSAsBPGC4iAQDQGAHCGQIIAQ&ae=1&gclid=EAIaIQobChMIm7iT5IPnkwMVc1HDBh3hIgMOEAEYASABEgLuvPD_BwE&num=1&cid=CAQScQAFq6B9uGaSxbPlRH6Ba3oZeCbqi2kNCdAV_Sww72rGv4nCFiTXVAifoBANAbKvZgrOn8yI8wZYZS2DSyFfd1eWv7LqfZhR7kCv0DDseHr5g_aS5PDgM_V1ozTHXz9lpVWiGbna9qBqNRqN0B6KRYvoGAE&sig=AOD64_0D4ZvYdOVM-v--RBcLRlsXr0zhbw&ctype=5&client=ca-pub-6447179309296276&nb=9&adurl=https://www.menswearhouse.com/p/nunn-bush-chase-plain-toe-oxfords-tmw-42m4%3Fcolor%3Dcognac%26size%3D9%26width%3DWide%26CAWELAID%3D120259610001816657%26CAGPSPN%3Ddyn%26CAAGID%3D198569276292%26CATCI%3D%26utm_source%3Dgoogle%26utm_medium%3DDisplay%26utm_campaign%3DOG_FY25_TMW_Retail_Google_DIS_CONV_GDN_ACQ_NA_BAU_Display_UF_DG%26adtype%3DDisplay%26ogmap%3DDISP%7CAWR%7CGOOG%7C%7Cc%7C%7C%7COG_FY25_TMW_Retail_Google_DIS_CONV_GDN_ACQ_NA_BAU_Display_UF_DG%7C%7C%7C23101537099%26gad_source%3D5%26gad_campaignid%3D23101537099%26gclid%3DEAIaIQobChMIm7iT5IPnkwMVc1HDBh3hIgMOEAEYASABEgLuvPD_BwE,https://www.menswearhouse.com/p/nunn-bush-chase-plain-toe-oxfords-tmw-42m4?color=cognac&size=9&width=Wide&CAWELAID=120259610001816657&CAGPSPN=dyn&CAAGID=198569276292&CATCI=&utm_source=google&utm_medium=Display&utm_campaign=OG_FY25_TMW_Retail_Google_DIS_CONV_GDN_ACQ_NA_BAU_Display_UF_DG&adtype=Display&ogmap=DISP|AWR|GOOG||c|||OG_FY25_TMW_Retail_Google_DIS_CONV_GDN_ACQ_NA_BAU_Display_UF_DG|||23101537099&gad_source=5&gad_campaignid=23101537099&gclid=EAIaIQobChMIm7iT5IPnkwMVc1HDBh3hIgMOEAEYASABEgLuvPD_BwE,,,,,
739,https://www.googleadservices.com/pagead/aclk?sa=L&ai=CHNPRty3bacydNKOUjeYPup604Aarqp-7Te_fhOaGAWQQASCn9owaYMfV_42EJqABqe_V1APIAQKoAwHIA8kEqgS9Ak_Q3yntanOyk4V7Nxni5UrD9Yd6CH2dQgo7MdSCTsaSpgFZqNhyOIlOGRdM_jQDfoSfmcf8Pma9YiRRDFTlFvjj_OoV_X8MJ56jv7h_ZxpIJFumlgWrmUM19axTuHsGqUhUBb1jaQQxaSIWRJ3-OOy6H4B0_N6J6GHxQd4YfxG8ksvjn8u_p7tossGsQIAcz68qWZCn5VlXBEvaUTe_levU40SDYMJAKqDZCGHS0JWsDlv4mni1JI95rzsckxHM9RwO1g5Ab4qfd23FcL3MjZHw-NCwAJldI-HKmNp0ya7tVqC2G7hWcOIbijdtY2n9FFFC9mkrlqJ0X_Q8ruJ9G6POmuQWP97J2O6JQIApUkUnFhpWpQ9gvNjklMkbURBrMT8QvNPrKQYqPa94r8YbkH1JFG6eGhnm1hEfR4f5wATniLLkHIgF95ffTKAGAoAHv5CqK6gHp8yxAqgH4tixAqgHpr4bqAfMzrECqAfz0RuoB5bYG6gHqpuxAqgHjs4bqAeT2BuoB_DgG6gH7paxAqgH_p6xAqgHr76xAqgHmuGxAqgH1ckbqAfZtrECqAeaBqgH_56xAqgH35-xAqgH-MKxAqgH-8KxAqgHwsixAtgHAdIILwiAYRABGJ8DMgiKgoCAgICACDoNgECAwICAgICogAKoA0i9_cE6WJDB6rLK55MDsQm1PabkL9FmFIAKAYoK4wFodHRwOi8vd3d3LnN3dHJhbnNtaXNzaW9ucy5jb20vP3V0bV9zb3VyY2U9R0RUTSZ1dG1fbWVkaXVtPVJUJnV0bV9jb250ZW50PTI1MHgyNTAmdXRtX2NhbXBhaWduPVNXVFJUJm1hdGNodHlwZT0mbmV0d29yaz1kJmt3PSZhZD0zNjE2Mjc1NjA1NSZzaXRldGFyZ2V0PXd3dy5wcm9rZXJhbGEuY29tJmFkcG9zaXRpb249Jm1vYmlsZT0mZ2FkX3NvdXJjZT01JmdhZF9jYW1wYWlnbmlkPTE2MDk0MzA5NZgLAcgLAeALAaIMA5ABAaoNAlpByA0B6g0TCLXY6rLK55MDFSNKwwYdOg8NbPANAogOCdgTDdAVAZgWAcoWAgoA-BYBgBcBshcQGAEqCjA1NTAwOTQxOTFQBroXAjgBqhgXCQAAAAAgiBNBEgowNTUwMDk0MTkxGAGyGAkSAqhOGAIiAQDQGAHCGQIIAQ&ae=1&gclid=EAIaIQobChMIjNXqssrnkwMVI0rDBh06Dw1sEAEYASAAEgJQ0vD_BwE&num=1&cid=CAQS0QEABaugfWzowEET21FHrMkaFbt3R4n9xbLGCNmJvV3F8B0eYNwHiInrkyRyTTusfpbx9ga2wAxKExefxwarGJqdjy6a-dyWUBGLuVKwQ9TTPQbzbdiq3i5R_xvucqUxwPowFMcgG5d0nQuvQcI2tVSuMHDyvIRpuHwsMQAUvoIkrSqi6breZBT-7A_MHzrDTYzbYCSsqpVPvqxx0I22zElsX4KWvtClSkZX00Z70V5mZPxAIfekeX4IYtVldjqaXSGJZwTRjVwq7Qj2XGyQ0oSddRgB&sig=AOD64_0hgSmEcxprl6DYXq6Zluei5302gA&client=ca-pub-2107538958244175&rf=2&nb=2&adurl=http://www.swtransmissions.com/%3Fgad_source%3D5%26gad_campaignid%3D160943095%26gclid%3DEAIaIQobChMIjNXqssrnkwMVI0rDBh06Dw1sEAEYASAAEgJQ0vD_BwE,https://www.swtransmissions.com/?utm_source=GDTM&utm_medium=RT&utm_content=250x250&utm_campaign=SWTRT&matchtype=&network=d&kw=&ad=36162756055&sitetarget=www.prokerala.com&adposition=&mobile=&gad_source=5&gad_campaignid=160943095&gclid=EAIaIQobChMIjNXqssrnkwMVI0rDBh06Dw1sEAEYASAAEgJQ0vD_BwE,,,,,
740,https://www.googleadservices.com/pagead/aclk?sa=L&ai=C_XB7vSfbaeXdM7uTjeYP66bFcP6f7LZjpJC_8-YRyMKWy48OEAEg07HfTWDH1f-NhCagAcHCyv0DyAEC4AIAqAMByAMIqgSrAk_Q-0mVeuR9r-p82bwQIbknCu6SiIj0i6Tk6rxY7oFRM7uRYlvcNL0jMOYbakWiQXaV-N0pRyCIrji4OWLULOQhCLWDq1l9RTg5A7ks5G0nRvzwBQPCeccDe_ygTYoewdzBD3sYAYOyMsenXLomoDLdgr-r5CXsVQ56OK6s1fMfnxibN9v9AfkaxYj9fwlXESi9s6nXzkf_KACY7TfODBzFUMJNHcztq6d0rQ1GMJUv37haj_xL273KnCKiAG4NJrxUtF-vthhBYQmP1nsdQdwuF4p1yXK9pDCkZloCiLOI1VLyxCKZVcNM4zrLkmVVghCWtbIGXeoEcTyA3iRoWQk9IrUTvFFG3oMoH0TOlAL5Ob-tdGqDclGOWtbLx_Uht5y0-iPz5rng56k6wASr8869_wLgBAGIBciGwIwmoAYCgAenvbUCqAenzLECqAemvhuoB8zOsQKoB_PRG6gHltgbqAeqm7ECqAeOzhuoB5PYG6gH8OAbqAfulrECqAf-nrECqAevvrECqAea4bECqAfVyRuoB9m2sQKoB5oGqAf_nrECqAffn7ECqAf4wrECqAf7wrECqAfCyLEC2AcB0gguCIBhEAEYHTIIioKAgICAgAg6DYBAgMCAgICAqIACqANIvf3BOljT8e3YxOeTA7EJsz6Lk8zwtIWACgOKCqYBaHR0cHM6Ly9maWJlcmdyYXRlLmNvbS8_dXRtX2NhbXBhaWduPUdvb2dsZSUyMEFkcyUyMC0lMjBTZWFyY2glMjAtJTIwVVMlMjAtJTIwTm9ydGglMjBBbWVyaWNhbiUyME1hZGUlMjBNYXR0ZXJzJnV0bV9zb3VyY2U9cHBjJmdhZF9zb3VyY2U9NSZnYWRfY2FtcGFpZ25pZD0xMDIyNjc2MjU2OJgLAcgLAeALAaoNAlpByA0B4g0TCLOP7tjE55MDFbtJwwYda1MRDuoNEwiho-_YxOeTAxW7ScMGHWtTEQ7wDQKIDv___________wHYEw3QFQHKFgIKAPgWAYAXAbIXEBgBKgo0NTQ3NDA3MjIwUAa6FwI4AaoYFwkAAAAALOEhQRIKNDU0NzQwNzIyMBgBshgJEgKqUBgCIgEA0BgBwhkCCAE&ae=1&gclid=EAIaIQobChMIpbCi2cTnkwMVu0nDBh1rUxEOEAEYASAAEgI2YfD_BwE&num=1&cid=CAQS5AEABaugfTeNPsb-HLjPpW3CUAsNELN8NAKzCK9ve-fhANepLS_De098hJgwU3eVnNqoeZ9eEMBIyhS5Fmzp48VRBVqMMQOB1E-LlIpqhsQt1nTVocauSmmRj3nDQ8bUsxjFiO9AxbK6n7S_aLk-GRLllWw0Nhay7k6g4cZyzf9dZRSQO-zT5zMugEFvwwW7K0m16vnSDE0FjS9DB5mBKqcKncoRz22xHjo7WcbT7sYMpC2cENqqB3o9n5GHPAHQBrut3fLizrmUmbH4CCPU7Hn2mwVCZDA1xAXxheV7puI5bAM8sSUYAQ&sig=AOD64_2A5nTOrxT12IOPipfWIJ-arhDiWQ&client=ca-pub-7732679874752919&rf=5&nx=CLICK_X&ny=CLICK_Y&uap=UACH(platform)&uapv=UACH(platformVersion)&uaa=UACH(architecture)&uam=UACH(model)&uafv=UACH(uaFullVersion)&uab=UACH(bitness)&uaw=UACH(wow64)&uafvl=UACH(fullVersionList)&nb=2&adurl=https://fibergrate.com%3Fgad_source%3D5%26gad_campaignid%3D10226762568%26gclid%3DEAIaIQobChMIpbCi2cTnkwMVu0nDBh1rUxEOEAEYASAAEgI2YfD_BwE,https://www.fibergrate.com/?utm_campaign=Google%20Ads%20-%20Search%20-%20US%20-%20North%20American%20Made%20Matters&utm_source=ppc&gad_source=5&gad_campaignid=10226762568&gclid=EAIaIQobChMIpbCi2cTnkwMVu0nDBh1rUxEOEAEYASAAEgI2YfD_BwE,yes,yes,yes,yes,yes
741,https://www.googleadservices.com/pagead/aclk?sa=L&ai=Cojso7C3bafG6MsibjeYPvZrI-Aj-uoK7hgGUk4v1qhWhpvjz0B0QASCg5YIkYMfV_42EJqABp7-1qELIAQKpAlgUI6xnKEc-4AIAqAMByAMIqgT3Ak_QK44XIvwvPBVo-hNUR3n9HsSQq3AKluAiCxBDchaPkqFv711yH2tbVw_NQA76oM0OOOiMXgZYoiqNby_ql9s6Ri4qC_ZPVvvZRFii93USEezIV-soXduNeq4m6RUSp_lgcoIJcB8v-_KIN88LSz6addohanLYPgi93--M9B5efQPTgQcIQ76FzcsBUMeY1Q4b7l2uO3RYXQNB_GqWrUDxvlt-ZnEGenVEvIuaEMwoZs7NYINdoWjfwNONDKWT1G8VQB5v82mGRw6gcb9trE_sVRYLAZnMqMceL3e8lxJd-MG2zU8l7FU9fjqBANsNoKaNpS5oMu5TS8HOB3q-uz7H-miYquRaPVA_TyyAgoIekkP-N7vLqUPFG84noJV6wC-5NkVBE_KCuN4fjrsoY-paw3FXbbyrVr4F_AT4KyE0Dm3PBWu4CVyk_URtKuXpfAgEd-VOTqpe91Rb24W1u_VtkxBF_l5VTBHZYdEozXLG-1UFE-JEPsAEj4zJuMoF4AQBiAXz-6zLV6AGAoAHp_eFiB2oB6fMsQKoB6a-G6gHzM6xAqgH89EbqAeW2BuoB6qbsQKoB47OG6gHk9gbqAfw4BuoB-6WsQKoB_6esQKoB6--sQKoB5rhsQKoB9XJG6gH2baxAqgHmgaoB_-esQKoB9-fsQKoB_jCsQKoB_vCsQLYBwHSCC8IgGEQARidATIIioKAgICAgAg6DYBAgMCAgICAqIACqANIvf3BOlje24fMyueTA7EJZoBKcHdWf2WACgOYCwHICwGqDQJaQcgNAeINEwjlhIjMyueTAxXITcMGHT0NEo_qDRMInbOJzMrnkwMVyE3DBh09DRKP8A0CiA7___________8B2BMN0BUByhYCCgD4FgGAFwGyFxAYASoKOTU5NzQyNTQ5NFAGuhcCOAGqGBcJAAAAAHBTB0ESCjk1OTc0MjU0OTQYAbIYCRICsFMYAiIBANAYAcIZAggB&ae=1&gclid=EAIaIQobChMI8eCLzMrnkwMVyE3DBh09DRKPEAEYASAAEgJqRPD_BwE&num=1&cid=CAQS0QEABaugfXMduNilk29HcZ1hJWxsa6KwDhrF6wHZSrcWVpElDMWuOyaMcoKAkqWUIXml1o1XC9vEQ-oXwDjjbZ9qYCWmArJhvIn-eTIZ00kOmJhbSv0s97t3mqEP-8GdAQK6I7YCsLXPQaDPA3_ABvVMeP6P3RNqc8x4oCn_VvKS5hdyEnkMAJDM5quWCQdimpStvCnDhveO-wVQkxLJEACFggGPZQe6Ag38r2v4xaIqAYXVZkgwcmySOTjLqtAIQNSWoLgr-D_ecuByltuEisbvjhgB&sig=AOD64_3RVDNXyALYtb353lVNuRfTWOX34Q&client=ca-pub-2970406823702922&rf=5&nx=CLICK_X&ny=CLICK_Y&uap=UACH(platform)&uapv=UACH(platformVersion)&uaa=UACH(architecture)&uam=UACH(model)&uafv=UACH(uaFullVersion)&uab=UACH(bitness)&uaw=UACH(wow64)&uafvl=UACH(fullVersionList)&nb=2&adurl=https://us.topusgames.com/cow-long-uk-roblox/%3Futm_source%3Dadwords%26utm_medium%3Dwww.sozcu.com.tr%26utm_term%3D%26utm_content%3D795359734028%26utm_campaign%3D23511907827%26gad_source%3D5%26gad_campaignid%3D23511907827%26gclid%3DEAIaIQobChMI8eCLzMrnkwMVyE3DBh09DRKPEAEYASAAEgJqRPD_BwE,https://us.topusgames.com/cow-long-uk-roblox/?utm_source=adwords&utm_medium=www.sozcu.com.tr&utm_term=&utm_content=795359734028&utm_campaign=23511907827&gad_source=5&gad_campaignid=23511907827&gclid=EAIaIQobChMI8eCLzMrnkwMVyE3DBh09DRKPEAEYASAAEgJqRPD_BwE,yes,yes,yes,yes,yes
742,https://www.googleadservices.com/pagead/aclk?sa=L&ai=CbLVsrOPaab_vI8WKjeYPgp3vwQ_Sv8LUhQGJrZ7MwBWhpvjz0B0QASCwhZ0aYMmGgICIpIAQoAH9mva8KcgBCakCQ-Ly1iY-qD7gAgCoAwHIA8sEqgTIAk_Qq1vw-PqXnOTGJhFYAumwIcpWdg2x3S5eRAIXtLbRXFjUoCVe2bxmIT2jRnZ0PpIG0cFqbWKrBb_IaNXc6cj4MV5LNL4jVu5cEn-BnwacooEQer5zg5F-A2NkjiQLSxdqJ5hPB2ta0QaK-ZHws53OwvJCGJ6AJwN3VxSmKPBbke-kzqS3UA6dcAj8Q0eKYWa7nIhuR8CENEVW5Y8GmuzOB_fErezBu1sOkjbtqg-8wDUSkunRvPdWZRT-AJk3KFOfXnhMi0ux8OS00iH4zf_aEox0hnLf3eCW3864TCeJ5-pVRnrBNfVsRFm6l8nvakE92reI17Z0bqQbJRedaPs_lT1YSnhHATFwkpKFDZ_aUtXegEQyX2Kbo2WbbkBBBC8nUyfiNTou-tCtOU9m3rlT5WD8RqlgcmKN_8eLCeMczmfuerBpgnLABND5xKXbBeAEAYgF29-j_VfABQX6BQYIJRABGACgBi6AB_3SxpwEqAenzLECqAfi2LECqAemvhuoB8zOsQKoB_PRG6gHltgbqAeqm7ECqAeOzhuoB5PYG6gH8OAbqAfulrECqAf-nrECqAevvrECqAea4bECqAfZtrECqAeaBqgH_56xAqgH35-xAqgH-MKxAqgH4tixAqgH4tixAqgH4tixAtgHAMAIAtIIMwiA4YAQEAEYnQEyCKqCgICAgIAIOg-AwAOAgISAgJSu4AOohxBIvf3BOlj2gp7kg-eTA4AKA5ALA5gLAcgLAYAMAaIMBUgBkAEBqg0CVVPIDQHiDRMIrrue5IPnkwMVRUXDBh2Czjv46g0TCP2OoOSD55MDFUVFwwYdgs47-PANAogO____________AbAOm_W28hjgErmktefJpIPTN9gTC9AVAekVWdWlHnB3GUPwFeaP7d4C-hUONDkyMzkxODI3Mzc3MDiYFgHKFgIKAPgWAYAXAbIXEBgBKgoyNDU5ODM3NjU3UAa6FwI4AaoYFwkAAAAAtEwbQRIKMjQ1OTgzNzY1NxgBshgJEgKqURguIgEA0BgBwhkCCAE&ae=1&gclid=EAIaIQobChMIv_Wg5IPnkwMVRUXDBh2Czjv4EAEYASACEgIt8PD_BwE&num=1&cid=CAQScQAFq6B9SGgzlfTlJO5iYQkkivLEkCPUqN7GJKapHWpVCbm-gqFqnmck34YMye04aO6c0Pm8D55h6fKBAFYQY1oF7VVmypsk8r_obQFenxYnnrai8Ds166Q4sdKTfyoHEMGCFRhZKnpta-VmV8CQgRJ-GAE&sig=AOD64_1L6fcCAlmCv1gJRsCY2ImC2yrNcQ&ctype=5&client=ca-pub-6447179309296276&nb=9&adurl=https://thekitchenbarista.com/products/fiorenzato-allground-sense-coffee-grinder-120v-matte-artic-white%3Fvariant%3D49239182737708%26currency%3DUSD%26gad_source%3D5%26gad_campaignid%3D23616614363%26gclid%3DEAIaIQobChMIv_Wg5IPnkwMVRUXDBh2Czjv4EAEYASACEgIt8PD_BwE,https://thekitchenbarista.com/products/fiorenzato-allground-sense-coffee-grinder-120v-matte-artic-white?variant=49239182737708&currency=USD&gad_source=5&gad_campaignid=23616614363&gclid=EAIaIQobChMIv_Wg5IPnkwMVRUXDBh2Czjv4EAEYASACEgIt8PD_BwE,,,,,
743,https://www.googleadservices.com/pagead/aclk?sa=L&ai=C6_6YSh3baaKMB4OI3NMPhtzVoQW9yK_vhAH8q5HY3hSKrdbAjA4QASDHxaUmYMfV_42EJqAB9MOKwQHIAQLgAgCoAwHIAwiqBK4DT9AXQScrLdHpUXaggyzhvmQ0f_yc7LW6_d4ExXZwvArR7yjGvmJ-dHOdJ9gEJrlbnoreZJH6AM2hJefngvBEd20hLTJl-kABC1PdzJB4mwlWT5UwMPXlEcjATY6gDcQUCoKKWeFFZZ_bBe24s6EZ_KbbKbu_u8CtYILgse4ERRTcLyHAcZYSGJ6jPDW_So1wipuKgTBKff8AUIRu2Cd3ctvlJL8xMNRgP2EsxiEeP-LclnJvCDvKQwjYU17zv-ulu-9LKg5r7t4_ILaOpn8_SkOsT2BQIACWytc4SHy96p2XDVdPdVs59mj4G3WPtTQZSUISOnCDMFirP-ls_5kzxusH3SGQwGcymOATLoP4if-BKrNIyCJy54qA4X5Tk7PjMZU7ZeZIzu1ZlwrXM-LL9z9kH81weEjYa_HD1C2rxmN1B-adoL4W3ahQaw_W5dcv4Vo0lz139Lk7HQEieeNzAionUE1Zgb3d--XsjdUxGjvppGc4gD1U_gxAcMZV-GlUTsIGs_uyed1svV7w-_qGPBSe-cMSsJoeTgA6m5ZA1RJOPOI_Iz8JmI6n4Y6X7MAEgea198cF4AQBiAWHyafuVqAGAoAH8dzcgwGoB6fMsQKoB-LYsQKoB6a-G6gHzM6xAqgH89EbqAeW2BuoB6qbsQKoB47OG6gHk9gbqAfw4BuoB-6WsQKoB_6esQKoB6--sQKoB5rhsQKoB9XJG6gH2baxAqgHmgaoB_-esQKoB9-fsQKoB_jCsQKoB_vCsQLYBwHSCC8IgGEQARidATIIioKAgICAgAg6DYBAgMCAgICAqIACqANIvf3BOljI8a7duueTA7EJUiDYVh3d4JiACgOYCwHICwGiDAOQAQGqDQJaQcgNAeINEwinl6_duueTAxUDBHcEHQZuNVTqDRMItq6w3brnkwMVAwR3BB0GbjVU8A0CiA7___________8B2BMN0BUBmBYByhYCCgD4FgGAFwGyFxAYASoKODM3NjM5NzA2NFAGuhcCOAGqGBcJAAAAAECnA0ESCjgzNzYzOTcwNjQYAbIYCRICuFAYAiIBANAYAcIZAggB&ae=1&gclid=EAIaIQobChMIotmw3brnkwMVAwR3BB0GbjVUEAEYASAAEgLLEfD_BwE&num=1&cid=CAQS5AEABaugfUMzxuB0kz4Pjn7IBgKhP2d7M49xUclSm28Sii-UByxt1MS-zgIdRy2M05KQCAuW464l-GnuhOT5_pE1Hi6WiyklQ8qvdZhDrBPwidwWeKb8slXSw3E_uaRXFRPgVes2zx7x4nlKrKH73KTHorEGE9YzTqr6jcU7iROShSlASDPJgMTeRjgHAsEghGdhic-PA-B4lSf3pJSW-w8EFJtsn0ivvYqQ-ECVnEpixWP1MihnOEWDP30mSRS6bcRnGj5Dd-ZacqMi7s1VOLiov5gHr8iwtH_ViNRh-6neFDX5kbEYAQ&sig=AOD64_2-GpzbK4kBursvYP7dJ5XNcXaZEA&client=ca-pub-7270302704377593&rf=5&nx=CLICK_X&ny=CLICK_Y&uap=UACH(platform)&uapv=UACH(platformVersion)&uaa=UACH(architecture)&uam=UACH(model)&uafv=UACH(uaFullVersion)&uab=UACH(bitness)&uaw=UACH(wow64)&uafvl=UACH(fullVersionList)&nb=2&adurl=https://www.riministreet.com/resources/research-report/oracle-database-strategies-and-support-survey/%3Futm_source%3Dgoogle%26utm_medium%3Dpaid%26utm_term%3D%26utm_campaign%3D23316784263%26utm_adgroup%3D191108051713%26utm_content%3D786857015653%26utm_id%3D701Nr00000nEuqyIAC%26gad_source%3D5%26gad_campaignid%3D23316784263%26gclid%3DEAIaIQobChMIotmw3brnkwMVAwR3BB0GbjVUEAEYASAAEgLLEfD_BwE,https://www.riministreet.com/resources/research-report/oracle-database-strategies-and-support-survey/?utm_source=google&utm_medium=paid&utm_term=&utm_campaign=23316784263&utm_adgroup=191108051713&utm_content=786857015653&utm_id=701Nr00000nEuqyIAC&gad_source=5&gad_campaignid=23316784263&gclid=EAIaIQobChMIotmw3brnkwMVAwR3BB0GbjVUEAEYASAAEgLLEfD_BwE,yes,yes,,,yes
744,https://www.googleadservices.com/pagead/aclk?sa=L&ai=CT7K0tyfbacnrMpWEjeYP06mxqAGy4dTJdIGhqsH2Ev3fx7WSDhABINOx301gx9X_jYQmoAH02YH4AcgBCeACAKgDAcgDCqoEsAJP0Ohil5-NDoignePTiNaoz56ToMZ5xK6rByhiYsVuzWTT_mfc7VjjWKptY3RgzD0P9k8qXqJjbXFffv5QBeSiM_sm6oxDt7KHei9aInrJ9YMCk61njBoWRCQuUZVglcMZHhiDhO4Y8d89NX6QgD4dSUPqHk5l46jwtx4byKzauiJMqKQtgJkKnK7NUX-8Cb9L3F2nEVDjMMi_IOpt12_MKEJRFhLcnFMu9VUECQ3pIWvezbFLDFUZBBr5_iUClrhzD2P8ffYatKzuEPpnb4DThScynb_Tvz5bNUcGC_KW_bDThfV14GQO_m0k_tPujIEmDOsnb4B_YDKe0tLlBGVuRpYUtwb0SNUKGQfpYmgbqlt5u4eAYa2BIlMLD9ScgG5kdiKJW3dTohMYNX1v48AGwAShkIn47gTgBAGIBZiaiNAqoAYugAf0pf6HAqgHp8yxAqgH4tixAqgHpr4bqAfMzrECqAfz0RuoB5bYG6gHqpuxAqgHjs4bqAeT2BuoB_DgG6gH7paxAqgH_p6xAqgHr76xAqgHmuGxAqgH1ckbqAfZtrECqAeaBqgH_56xAqgH35-xAqgH-MKxAqgH-8KxAtgHANIILgiAYRABGB0yCIqCgICAgIAIOg2AQIDAgICAgKiAAqgDSL39wTpYmu2w1sTnkwOxCXbCLTyPYAaagAoDmAsByAsBgAwBogwDkAEBqg0CWkHIDQHiDRMIz5qx1sTnkwMVFULDBh3TVAwV6g0TCJbcstbE55MDFRVCwwYd01QMFfANAogO____________AbgT5APYEw2IFAHQFQGYFgHKFgIKAPgWAYAXAbIXEBgBKgo0NTQ3NDA3MjIwUAa6FwI4AaoYFwkAAAAAUKoSQRIKNDU0NzQwNzIyMBgBshgJEgLHTxguIgEA0BgBwhkCCAE&ae=1&gclid=EAIaIQobChMIiaOz1sTnkwMVFULDBh3TVAwVEAEYASAAEgLbZvD_BwE&num=1&cid=CAQS5AEABaugfeihy4Ua5ekbH29MNv3F-cu8AYvcyHHlIb_JR8pQnLuyn0XvteAbuxbWU33Sy7AIlvKow6Sdi-lO9Ahbklj6-LjwQJEQfk0nHsMNAtUQlfbKvBFT6GrNgEvwwGM7LyGCg_mU0-rMGQVV8OqxQlYeNz_bQGtrqhM9ThXo2vzcVn6QeU2R9Ob5iu30-78Cq8dpKSNZM2WxuJgSEY_cQIBHmq3Vze28thY2KIXVRfDL-dVpPIwv9xmEaNeYLJrKjzoSPnE-4xEjk9Aw3lGf9bwqyNBjvHBHcieAEvFBcwgrEMwYAQ&sig=AOD64_335XdUcJ5hL8VtqzXcQXeXuVBtfw&client=ca-pub-7732679874752919&rf=4&nb=9&adurl=https://orangegrovervpark.com/%3Fkeyword_session_id%3Dvt~adwords%257Ckt~%257Cmt~%257Cta~705250829668%26_vsrefdom%3Dwordstream%26gad_source%3D5%26gad_campaignid%3D11442195736%26gclid%3DEAIaIQobChMIiaOz1sTnkwMVFULDBh3TVAwVEAEYASAAEgLbZvD_BwE,https://www.orangegrovervpark.com/?keyword_session_id=vt~adwords%7Ckt~%7Cmt~%7Cta~705250829668&_vsrefdom=wordstream&gad_source=5&gad_campaignid=11442195736&gclid=EAIaIQobChMIiaOz1sTnkwMVFULDBh3TVAwVEAEYASAAEgLbZvD_BwE,,,,,
745,https://www.googleadservices.com/pagead/aclk?sa=L&ai=CMfpmyDjbacuHFN_zjeYPzemQwAT5_5vehAHGkuKVmhOH7u3_KxABIP_w-CFgx9X_jYQmoAGmgJjwPcgBCeACAKgDAcgDCqoE8QJP0EDxqQ-3HYLvIvTWKXeJ50cMs6SUpksveRGMGdf9Cumnod_j9hoH_BCJRIdjZS_fvzY1S3PGMEcLBun0cAY8xotF7932R3wVtDSeEbxXGm0K4jAhLm3fklLGK2TSVR75hI4os_V5FV3U7C3Mk916VFl3xiUk38tXWKxwAQrwGH5K6rEwKTiN6xhrFLB14A9jjCUw_i6VeLhflhodA-fwcXQ6ISuQqTKh9aAEOTVaH3JL3l61hYi0jj5W7nBv9lVEFCKf0OWZ0gwuhcMa6O3r4_CbYD-iSNnwq6_7yhWO11U_O7UlI3fyMSTehBXtlg5nfWmTlbua-MMpdrUnF2yCzPPXAY2Ya3yReYl61HJTwkITEW4xcZR_SoIaBZjurLMJKlimMC-9T0zaEupbMCFI6pcNgvVNF95FkW-w7mFsE5JLpcNkCmHN2Lpl8mERoc7On7Y3RfandsPE_6339kpNj4v4mRZLre1y_1K4GlRaHn3ABN3OusP6BOAEAYgF6ovmy1GgBi6AB6a46M8YqAenzLECqAfi2LECqAemvhuoB8zOsQKoB_PRG6gHltgbqAeqm7ECqAeOzhuoB5PYG6gH8OAbqAfulrECqAf-nrECqAevvrECqAea4bECqAfVyRuoB9m2sQKoB5oGqAf_nrECqAffn7ECqAf4wrECqAf7wrEC2AcA0ggvCIBhEAEYnQEyCIqCgICAgIAIOg2AQIDAgICAgKiAAqgDSL39wTpY5fax-dTnkwOxCVnopD9MVCjDgAoDmAsByAsBgAwBogwDkAEBqg0CWkHIDQHiDRMI3pay-dTnkwMV33nDBh3NNARI6g0TCK64s_nU55MDFd95wwYdzTQESPANAogO____________AbgT5APYEw3QFQGYFgHKFgIKAPgWAYAXAbIXEBgBKgo0NTcwMjQ0MTgzUAa6FwI4AaoYFwkAAAAAWI8bQRIKNDU3MDI0NDE4MxgBshgJEgKTThguIgEA0BgB6BgBwhkCCAE&ae=1&gclid=EAIaIQobChMIy4u7-dTnkwMV33nDBh3NNARIEAEYASAAEgK5KPD_BwE&num=1&cid=CAQS5AEABaugfZHiDmBrOnYaXJTyUKoBm2Rl-nBwHnCZtKiFq1DkBl_e0DbyXmi8ZEoysV4SKWeXoy2Vwp21gvZeHKrZ7FtXiJXFffA6kVvlBhQOYYFGk_whRURFb0Wz8gAuzpvEX7ml5fNqy29DR0oj2w50YHE1E2bNkg4RIX2_4KBHKENNq8XIsRTCDsB_4qZD8Nm2VVRwN07_ZvRVTU2QUFv4fEZvpxxWCF-F_UebVWahRfZdtUmfkS-2Do8sDUzKZmvmFrnbiuJudkplKnnUP3PcRUP89vAlWIvakE9IKDEI5MgMh2MYAQ&sig=AOD64_2334s_5mzUdwzzi3TrSH-wCnhfHA&client=ca-pub-1037373295371110&rf=4&nb=9&adurl=https://wadiaassociates.com/%3Fgad_source%3D5%26gad_campaignid%3D21902231018%26gclid%3DEAIaIQobChMIy4u7-dTnkwMV33nDBh3NNARIEAEYASAAEgK5KPD_BwE,https://wadiaassociates.com/?gad_source=5&gad_campaignid=21902231018&gclid=EAIaIQobChMIy4u7-dTnkwMV33nDBh3NNARIEAEYASAAEgK5KPD_BwE,,,,,
746,https://www.googleadservices.com/pagead/aclk?sa=L&ai=C0GqQKzDbadj-D_z1jeYPkLDE2Q338vKuhgGp0Jb4sQ31zeSIAxABIJ7qzKUBYMfV_42EJqABrcev0ALIAQngAgCoAwHIAwqqBIADT9DEvSDHc_XHBRsRYzZoTGSwBrm27DjgvHL6c2TDmZ4g_54M0VhHFjy76aGqhrync5XffoS8E5tITcLDiQawkxCsvpj0ugO_HmY3pw2XbTF6sP569JU0BLmShyS7AMBPl4I_wi9rVeM0pHZnx_OiyR6BJT8vqtKQ_APYwHd4DcRtpE15VnUC7IHtnx2ld-EZmM8MrkZ-qjeL94R0ZRIx_6J3l_1Zw9uTeTjk3lKv8WbCocn_vU3aMsSChnhTjMuiofk6cYVS1cQ5J2ZR7rZ4ChXyIfwDe5Fgiif7kEI06XlWoWIzWpsmdshiFbVPz9mMfVKE6exzk7qryr0BG3Fubfsw55ctmu35gWopd8UevlyBI4PEepP0LoE7VideUeRuEPhU75gdWRtCMDLWkcSGkQWDu7ao_-cDKUkgJS6T1K7apxHVooAseUSZvahPQdRoF4vEF-Me_NT1MNFpd7P8OIv_3w2bIJeXbeyeugTZRp97BWaaQdH1LTx1-MYWMyrdwASNitSKvgPgBAGIBauRvuYvoAYugAe7uNCvAagHp8yxAqgHpr4bqAfMzrECqAfz0RuoB5bYG6gHqpuxAqgHjs4bqAeT2BuoB_DgG6gH7paxAqgH_p6xAqgHr76xAqgHmuGxAqgH1ckbqAfZtrECqAeaBqgH_56xAqgH35-xAqgH-MKxAqgH-8KxAtgHANIILgiAYRABGB0yCIqCgICAgIAIOg2AQIDAgICAgKiAAqgDSL39wTpYnK3-3cznkwOxCbKBYC2yntQvgAoDmAsByAsBgAwBqg0CWkHIDQHiDRMI0s_-3cznkwMV_HrDBh0QGDHb6g0TCKT1_93M55MDFfx6wwYdEBgx2_ANAogO____________AdgTA9AVAcoWAgoA-BYBgBcBshcQGAEqCjM4NDA5MDg4MjFQBroXAjgBqhgXCQAAAAB4fTBBEgozODQwOTA4ODIxGAGyGAkSApNOGC4iAQDQGAHCGQIIAQ&ae=1&gclid=EAIaIQobChMImMCA3sznkwMV_HrDBh0QGDHbEAEYASAAEgJwEvD_BwE&num=1&cid=CAQShwIABaugfVm9odlvhHugjfmdtHwcF04FDn7ppqEF81XPFo6tMeqNll64v8KaEW-0hHzrC_nvxajNT-k90OEgDVyg4nTfmGVhRgloycab5c_RWcaoGxZzNC9TRDLgnnZwh4KCJOGmgOjl2gbT4aSeQt-MO7f7HJdCwsfBNAp_piNRd6LONj4-eO1irGpB2OI1IpL_C-clcS03sf31LKCHTliAFAqfZxUM7JzQWRhAk_FyFN-w0--O3Lz8hygpYZm9RopzNokXmEaG6Dhjoo6rV3bGXvrnuS0CZv2liogpNmuMOEo9Y9OdpWzRJ-4XauGTcR_bkkPvp6W0B0yNjXJS59isAb7LECLD5hgB&sig=AOD64_1cSRI_3H-yb2F-yf6R1W60XEmNOQ&client=ca-pub-5954534482103846&rf=4&nb=9&adurl=https://realtyads.com/LeadForm/Commercial/%3Fcname%3D1001%2520Fannin.SOURCE_GGL.TARG_WebsitePlacements.LIST_3648836.ADTY_Display.ACC_857.CBID_1581%26gad_source%3D5%26gad_campaignid%3D12831393963%26gclid%3DEAIaIQobChMImMCA3sznkwMV_HrDBh0QGDHbEAEYASAAEgJwEvD_BwE,https://realtyads.com/LeadForm/Commercial/?cname=1001%20Fannin.SOURCE_GGL.TARG_WebsitePlacements.LIST_3648836.ADTY_Display.ACC_857.CBID_1581&gad_source=5&gad_campaignid=12831393963&gclid=EAIaIQobChMImMCA3sznkwMV_HrDBh0QGDHbEAEYASAAEgJwEvD_BwE,yes,yes,yes,yes,yes
747,https://www.googleadservices.com/pagead/aclk?sa=L&ai=C6CTH8xvbacXwAdCKjeYPsc-1Qc2O4tF6xvyGtfsSiv2ghMMBEAEgrNm4ImDH1f-NhCagAZHyyP4DyAEG4AIAqAMByAMKqgTeA0_QZ5cC-lABWEuFHSJimHSxpdmvkJkmTbe6_qJrBYzcO3HXGgZxFvrgppRd55VczBO8E-xvvlSWHlQcdXgJbeMHN35JPaAxWhdqGSYe__j9XqQH7OyKdTcIPkYkYGjen8B0xIE6Ars2Io_Kq3GEQs5GIMWdQfr8RqJd_1xyEFYlJM8NvU44nM_BDgtGCR5olxkcNkI5olCL479O6cfmZv3ChjZ-LRtAv554CXkpcvDiIqLCi25-t7J_8HmDyI2-zYXNl_qSlWgOYq34uYhBHfDkUCzzLpmCznfJGNnJFB81ng6iivqHiNebdZSIKSE8UPO9CRqRftQoMl0Bz4ef_zfiMVsxKKVj-2IhT8aXvBhOiASZPZezXfCTAwfpGN2NsHaZ37lh5SsNTyu71pDZsch5DrvpttzHCNskNJVcSD6dULR7fGGSbM7RGw8VKTLqvg1Z0f6VJr3bN9GZqAzf3p73PP0fLQQhaU4jagvCAba52mypxXzfe4_L8qWM-RTafUM423oKfVDalbGob7mRLVw4dnSpL4gBa4sfD20BFfg7ER9pXrWwrIsV6H_11iMfSAlQLr61KQVq6rVUEzx33XIW6V8c8KK_x3w2gK45fgpjYN1a10TUzqPlRts4xN7ABPS-y9yGBeAEAYgFy9eJkVGgBjeAB9eNtwGoB6fMsQKoB-LYsQKoB6a-G6gHzM6xAqgH89EbqAeW2BuoB6qbsQKoB47OG6gHk9gbqAfw4BuoB-6WsQKoB_6esQKoB6--sQKoB5rhsQKoB9XJG6gH2baxAqgHmgaoB_-esQKoB9-fsQKoB_jCsQKoB_vCsQLYBwHSCC8IgGEQARidATIIioKAgICAgAg6DYBAgMCAgICAqIACqANIvf3BOljuteK5ueeTA7EJOxo8qBIZ05iACgOYCwHICwGiDAOQAQGqDQJaQcgNAeINEwib5eK5ueeTAxVQRcMGHbFnLQjqDRMIsozkubnnkwMVUEXDBh2xZy0I8A0CiA7___________8B2BMD0BUBmBYByhYCCgD4FgGAFwGyFxAYASoKNDQyOTI1MDE3N1AGuhcCOAGqGBcJAAAAAGimDEESCjQ0MjkyNTAxNzcYAbIYCRIC-lMYNyIBANAYAcIZAggB&ae=1&gclid=EAIaIQobChMIhbbkubnnkwMVUEXDBh2xZy0IEAEYASAAEgIyq_D_BwE&num=1&cid=CAQS4wEABaugfWCn33SBrDQMW9Eg9v79bhozfQQaUoNTRHAk-lhNOAHjOxOZQR5tUheF1wxlsb_pyFTvI2-SwR3TFJi7J02sQikTDDEiwB8BcTMJzg3rkAAIZc3jvRxLGvIglWJjUmTI6e4H3khrYq6WZx7d1n5x4es-N-l5-fXzXFlSMSeRtjzFIRVl2vLA1ol-5EmT4XaFktdwR6oClnaKrMk8gl-2xKD1vgd2Vbmcp5UcVMyTh2HHObtOKL9UW9Elc6-LVRgnH2YCicv2d4MIMEPo8xact0N1yWC1Quc3nir6LOoZFxgB&sig=AOD64_0ycck_wVykeEicwgA186UkBkUaKw&client=ca-pub-4180835694166255&nx=CLICK_X&ny=CLICK_Y&uap=UACH(platform)&uapv=UACH(platformVersion)&uaa=UACH(architecture)&uam=UACH(model)&uafv=UACH(uaFullVersion)&uab=UACH(bitness)&uaw=UACH(wow64)&uafvl=UACH(fullVersionList)&nb=9&adurl=https://www.netline.com/whynetline.html%3Fgad_source%3D5%26gad_campaignid%3D21779082187%26gclid%3DEAIaIQobChMIhbbkubnnkwMVUEXDBh2xZy0IEAEYASAAEgIyq_D_BwE,https://www.netline.com/whynetline.html?gad_source=5&gad_campaignid=21779082187&gclid=EAIaIQobChMIhbbkubnnkwMVUEXDBh2xZy0IEAEYASAAEgIyq_D_BwE,,,,,
748,https://www.googleadservices.com/pagead/aclk?sa=L&ai=C_obbSCbbaYyLJ9zGgeAPgoqjuQSkhumKhgHto8mzsxWk5_LtlQIQASD0g7kbYMfV_42EJqAB0cH8vQPIAQLgAgCoAwHIAwiqBMoCT9DKLxitifDUCIz4Psep-2gpSW-Yg6FU3BNwjui1L4XINfn9DZSJ9-UAbWl_lzhlGGtmYU07ZyQOZ2MPU60KYS57dGh2De8s6IFEFVXWnEUoRkt36MLm1O7Q84q8WJeJhVFaDICS-ko0HFayOa6NazuCr0yoIhw1Zj6zWs6vA2MU-i0fgdJ_Em64u0UO_lNkgQj2o_kaYL5LJacbc-Yx80y4E6eGVLQM993-iuOOg85Q2gC6_j42N3HFtepXw66hntELDKY1SVE2yA4oI9serVYw6kEtF3XWTx7LgePdiIS7vLF5l0ai_TpYCfjs1UNAVmewaEPGJB_u26LyjbmyPtlFxeRqCFykNVkYPH1W6y6IJNa4Y_V7jg0ZAf5NAQnSjBzijiatBdtC8WPx3XphFH5fb8OjRtMMQca2t_c6Hzxa8Iuz-pVoI3kSwATuvoah4wXgBAGIBYekmJ9YoAYCgAeXvoNCqAenzLECqAemvhuoB8zOsQKoB_PRG6gHltgbqAeqm7ECqAeOzhuoB5PYG6gH8OAbqAfulrECqAf-nrECqAevvrECqAea4bECqAfVyRuoB9m2sQKoB5oGqAf_nrECqAffn7ECqAf4wrECqAf7wrEC2AcB0ggvCIBhEAEYnQEyCIqCgICAgIAIOg2AQIDAgICAgIiAAqgDSL39wTpYzdmlp8PnkwOxCaKGhHx_1N6MgAoDmAsByAsBqg0CWkHIDQHiDRMIjYamp8PnkwMVXGMABh0CxShH6g0TCKGkp6fD55MDFVxjAAYdAsUoR_ANAogO____________AdgTAtAVAcoWAgoA-BYBgBcBshcQGAEqCjk4MTc2MjY4MTRQBroXAjgBqhgXCQAAAACwvgVBEgo5ODE3NjI2ODE0GAGyGAkSArhQGAIiAQDQGAHoGAHCGQIIAQ&ae=1&gclid=EAIaIQobChMIjM-np8PnkwMVXGMABh0CxShHEAEYASAAEgLtDPD_BwE&num=1&cid=CAQS4wEABaugfeeHQxRjydM0QO1w-6giNUad12v_VC9B59bgTDxvGDLrEG1KfyraEaLoM2v6Go2SGNfeeCOme7wuUF0v8Y0Kqx5NQscm5ZgGZQWIiEOSvT31LW5Dua2eps-uYneo49454EZH5W3DOAhjOBTQa320owDXvPR4Oy0w_HWUaLHVEQo1d4lfKPULbTxy-CyVG1VgcbRrhWuZ7MuTiaHITmnAOqsQmxg65zi_Dl-nnrl16xmjSflebuaVMEC5ujelTQonn4t42__DKjTh8nx768e0ZjAZ4eRXXY7NYxiTANN9whgB&sig=AOD64_1XGZllMFKz5Kfz7y2px8WSGEqH5w&client=ca-pub-3844877863303739&rf=5&nx=CLICK_X&ny=CLICK_Y&uap=UACH(platform)&uapv=UACH(platformVersion)&uaa=UACH(architecture)&uam=UACH(model)&uafv=UACH(uaFullVersion)&uab=UACH(bitness)&uaw=UACH(wow64)&uafvl=UACH(fullVersionList)&nb=2&adurl=https://www.machinemetrics.com/%3Futm_term%3D%26utm_campaign%3D%26utm_source%3Dadwords%26utm_medium%3Dppc%26hsa_acc%3D6293028665%26hsa_cam%3D23687729671%26hsa_grp%3D198443114350%26hsa_ad%3D801741508958%26hsa_src%3Dd%26hsa_tgt%3Dkwd-0%26hsa_kw%3D%26hsa_mt%3D%26hsa_net%3Dadwords%26hsa_ver%3D3%26gad_source%3D5%26gad_campaignid%3D23687729671%26gclid%3DEAIaIQobChMIjM-np8PnkwMVXGMABh0CxShHEAEYASAAEgLtDPD_BwE,https://www.machinemetrics.com/?utm_term=&utm_campaign=&utm_source=adwords&utm_medium=ppc&hsa_acc=6293028665&hsa_cam=23687729671&hsa_grp=198443114350&hsa_ad=801741508958&hsa_src=d&hsa_tgt=kwd-0&hsa_kw=&hsa_mt=&hsa_net=adwords&hsa_ver=3&gad_source=5&gad_campaignid=23687729671&gclid=EAIaIQobChMIjM-np8PnkwMVXGMABh0CxShHEAEYASAAEgLtDPD_BwE,yes,yes,yes,yes,yes
749,https://www.googleadservices.com/pagead/aclk?sa=L&ai=Cn8dX-TjbabnHC5KMjeYP6YjcyQSilfDohQGq_KK_7RShpvjz0B0QASDCiLkiYMfV_42EJqABr5mq_ijIAQapAkeZBpO2WHA-4AIAqAMByAMKqgTlAk_QGBsAN52jTDK1UyoND5H6ECCk2epFCdCbI1RhSgvGq2-siobkxbYksu4WUeRrgVPV1p5sn_VV6e_JS6mEu5iNS7pPcUmuZRvRECFObXsuzTTgFvUqd0PxSgbN1HKNORhdZq7xInqIIeMlmpe2CuioNFLl4_0kDGbfYy4FF71JcxNMpC2b6x-2rsZinQTrNHCtW84cc_DiITGcH9_pnUldlQFvO1hD1Fi7IsTpRXw54Jjm7evKWdlUcFFUSVLNVKj8u3m_rctg4iA7y3aMmJS63S9Ui3-FFASOzGfbN9cDcl1PavaFggsqmyS7IQYUCgbU41JZHBbaYxN5XszAef71NVewGUR_bX9ts6tGbIgQlKwJBKSRrC6Ft7IuswXv3WdFdnjh6VeapRs43hGIB9EGD8FNSa8XBh7f5gU69qWG9YUGrJXTbv6u_NDHJ-NDHI0njv8O6uZf0kJLZewJhXy--1uRhcAEpdns6ckF4AQBiAXrzcfAV6AGN4AHr9H63QOoB6fMsQKoB-LYsQKoB6a-G6gHzM6xAqgH89EbqAeW2BuoB6qbsQKoB47OG6gHk9gbqAfw4BuoB-6WsQKoB_6esQKoB6--sQKoB5rhsQKoB9XJG6gH2baxAqgHmgaoB_-esQKoB9-fsQKoB_jCsQKoB_vCsQLYBwHSCC4IgGEQARgdMgiKgoCAgICACDoNgECAwICAgICogAKoA0i9_cE6WKP-3pDV55MD8ggbYWR4LXN1YnN5bi0zNDQ4MzQxODUyOTI5MjUzsQm3xHHBtiIpC4AKA5gLAcgLAaIMA5ABAaoNAlpByA0B4g0TCKOp35DV55MDFRJGwwYdaQQ3SeoNEwju5uCQ1eeTAxUSRsMGHWkEN0nwDQKIDv___________wGwDrLG7ugY2BMM0BUBmBYByhYCCgD4FgGAFwGyFxAYASoKNDgxMjExMzE1MVAGuhcCOAGqGBcJAAAAAAizAUESCjQ4MTIxMTMxNTEYAbIYCRICrVEYNyIBANAYAcIZAggB&ae=1&gclid=EAIaIQobChMI-afhkNXnkwMVEkbDBh1pBDdJEAEYASAAEgKr4_D_BwE&num=1&cid=CAQS0QEABaugfRQMBT2Ok6es8L1pl_N9ks8f2H405PnqkN4gcCrm2FGFLGxUQgwWUAKrnMwEv0_ZqPfPlMRFNiqZ4Xc_7InHpHPcL00y4UC9bRPxZgoHhdqA38A1sDPMuHdDUSzKcJziz3abwz1YPKTxaFx9gLHF6DDTbQXqfxX1aESIhDI_AmkDzaApBSTR7qnFd_baivF-KIwwxCBmSsHpUXFw701K_IgCwynDoVbQRETbVW8E2b5AcU273d_wf2zXI9E9kILFbN0yxb6h-pECepZe6BgB&sig=AOD64_3_8BLap0rvEtrDir6c8OSyGxlu8w&client=ca-pub-5610521491184789&nx=CLICK_X&ny=CLICK_Y&uap=UACH(platform)&uapv=UACH(platformVersion)&uaa=UACH(architecture)&uam=UACH(model)&uafv=UACH(uaFullVersion)&uab=UACH(bitness)&uaw=UACH(wow64)&uafvl=UACH(fullVersionList)&nb=9&adurl=https://atmospherefurniture.co.za%3Fgad_source%3D5%26gad_campaignid%3D23489275627%26gclid%3DEAIaIQobChMI-afhkNXnkwMVEkbDBh1pBDdJEAEYASAAEgKr4_D_BwE,https://atmospherefurniture.co.za/?gad_source=5&gad_campaignid=23489275627&gclid=EAIaIQobChMI-afhkNXnkwMVEkbDBh1pBDdJEAEYASAAEgKr4_D_BwE,,,,,
750,https://www.googleadservices.com/pagead/aclk?sa=L&ai=Cy9BJh77ZacqEHvHejeYPop-XsArFtNjGdru-7a-bEPbdhJHwERABINjU9aUBYImLxIT0E6AB0sbviAPIAQngAgCoAwHIA0iqBLkCT9B5MRq6N51jIeZy_EvyzZ3IGPB8TNjqwlSycJsQfkWrM07StEa2jv-vIo0CR-nU2IRnXtQ5eNgV8xzbYmSeNWW79IUQ_o43WjUnvrnD-PX-nIvK48ix9qCXQBqxg83rMIwISFvo7ITU25OmM2hHN7RWiugZLZxmYZGs8y7di-AvnQ0dobdc9sG7PsjtpGVrbzYCDdZd7cTfvrhvFpGycoIokyjPJPfhMlNJaS8Ql4lWhG2QymbCsTeZqtGu29l4B9SU9Y0QFauOIoUxU3-MxBaqt0CwCUP0SFjOCrXCybxwlMF14ff82yVmDmlDq27bfhdT4qouhya4YXUBmnEXtIwqR4AuQfth6ACb8ZKTAWjHtt0zml9mHjwBn98X44l6zGQeBTK7zSeNLAeXicQaFEE6Yh_Fyq_yRMAEkpD92cEB4AQBiAWd-ZboA6AGLoAHlrmQd6gHp8yxAqgH4tixAqgHpr4bqAfMzrECqAfz0RuoB5bYG6gHqpuxAqgHjs4bqAeT2BuoB_DgG6gH7paxAqgH_p6xAqgHr76xAqgHmuGxAqgH1ckbqAfZtrECqAeaBqgH_56xAqgH35-xAqgH-MKxAqgH-8KxAtgHANIIMgiA4YAQEAEYnQEyCKqCgICAgIAIOg6AwAOAgISAgJSu4AOoB0i9_cE6WLuj-Zvs5JMDsQn2helvAmkXqYAKA5gLAcgLAYAMAaIMA5ABAaoNAkpQyA0B4g0TCOnP-Zvs5JMDFXFvwwYdos8FpuoNEwj-uPub7OSTAxVxb8MGHaLPBabwDQKIDv___________wHYEwOIFAHQFQGYFgHKFgIKAPgWAYAXAbIXEBgBKgoxOTIzNjYwNjQ4UAa6FwI4AaoYFwkAAAAAoKcGQRIKMTkyMzY2MDY0OBgBshgJEgLybBguIgEA0BgBwhkCCAE&ae=1&gclid=EAIaIQobChMIiuT7m-zkkwMVcW_DBh2izwWmEAEYASAAEgLtr_D_BwE&num=1&cid=CAQSbwAFq6B96yv-6loiimy5ne5W7NpMXGqQ0KGdKggWPDLL_i7fekmcFXzJl-X7GKrTt6f6KCTuDfcqLV7ChwsO96vbohd8PDYMXa6AofZDCmRj_E8xbES1qMy2d0aT2vxrWninxN9_lxxNwtYvmw_HnBgB&sig=AOD64_3Uc2lc9UHlqzGTkOwDknOzPvZS7g&client=ca-pub-7446550989060601&rf=1&nb=25&adurl=https://ad.labs.apnic.net%3Fgad_source%3D5%26gad_campaignid%3D1023786141%26gclid%3DEAIaIQobChMIiuT7m-zkkwMVcW_DBh2izwWmEAEYASAAEgLtr_D_BwE,https://ad.labs.apnic.net/?gad_source=5&gad_campaignid=1023786141&gclid=EAIaIQobChMIiuT7m-zkkwMVcW_DBh2izwWmEAEYASAAEgLtr_D_BwE,,,,,
751,https://www.googleadservices.com/pagead/aclk?sa=L&ai=C9C8_KTDbaYvOM9WR3NMPncXr4QXa0_v3bN61-LHeEKGI0pjKDhABIPqpihdgx9X_jYQmoAG-lsPHA8gBCeACAKgDAcgDCqoE8gJP0H3aB791ZudpR9yHRlVCiMdMqtF_zwmNta4a-q8uinBe7Df_F3Ua9AGjxJnpBdHDcPb-W4C1gtKHpsqN8G8LUkBVzItWMYWlhUZ4TNtlofrvpBvOyILCs91dOsve_PJ8P2gL6Ym0-Nv_fASLuXO0mfJAdrbWwQtNE1FNiVy-ibTuQxhUPSKgiFlt5Sg0o3vInexCqdMztnTsFHxcqL9jEqZ03d0qkNmK7tycbC_nSuXvAnaWSdeeMiGuwIYkMM4zRTS2RZt_H5tRhhcP1ZtKwu7njIFeNIrq0m4SnR8wHBxHfm34ARjVXT4H4BDSr4SnpHvYNCpJ7FjieNDfhkP6n8Pbuh9N3V24aLK4mQEQzbGtTh9K27iAyjFkrP_Bh5TuvmfW1DWQthhjfjj1t2_nXFQKVtzby2d9IRr58m0RxLpcvEUCCF73VH4PnUHyGlxu6FI5tcZ1NdaK60Qm2k54P-HBJObqaDLxn5-APFJgFtKowATEucSFsgTgBAGIBa2mhKRFoAYugAeq6bw4qAenzLECqAfi2LECqAemvhuoB8zOsQKoB_PRG6gHltgbqAeqm7ECqAeOzhuoB5PYG6gH8OAbqAfulrECqAf-nrECqAevvrECqAea4bECqAfVyRuoB9m2sQKoB5oGqAf_nrECqAffn7ECqAf4wrECqAf7wrEC2AcA0ggvCIBhEAEYnQEyCIqCgICAgIAIOg2AQIDAgICAgKiAAqgDSL39wTpY95Wo3cznkwOxCQxmQBSPOXx5gAoDmAsByAsBgAwBogwDkAEBqg0CWkHIDQHiDRMIwLqo3cznkwMV1Qh3BB2d4jpc6g0TCOXWqd3M55MDFdUIdwQdneI6XPANAogO____________AbgT5APYEw2IFAHQFQGYFgHKFgIKAPgWAYAXAbIXEBgBKgo5MzMyNzkyOTA2UAa6FwI4AaoYFwkAAAAAQPz5QBIKOTMzMjc5MjkwNhgBshgJEgKtURguIgEA0BgBwhkCCAE&ae=1&gclid=EAIaIQobChMIy4aq3cznkwMV1Qh3BB2d4jpcEAEYASAAEgKApvD_BwE&num=1&cid=CAQS0QEABaugfaaRyrGfDbP2_0plruF6-GutcgZywdTMSNDV2UjcV9HzSzoiWeM4BIEfKzG2iPuMRddBA0n4DvhHo03z-AxwWx4VpF5XhsfaDg7qs-S6JNAs1e2EK5tVMoN1ZX95tJfSD2dHXCegILpCceJDE6s11MuvyYaN96bhtNHgOL32hvjfEIZojcoZGhkpfjvnb0ONjUDWNAehixyhHQSS0EXRbwwdW_JvjpE43MX8-fQfDCFCEYSm-TfiBcyTT-H0vBl52RvW5gdyAJyz_QVWrBgB&sig=AOD64_2UA_SZRfGeMuO1Wk3Cjv5ekquoVA&client=ca-pub-5405132603504384&rf=4&nb=9&adurl=https://innerspacehealthcare.com/products/mobile-carts/roam-carts/%3Futm_source%3Dgoogle%26utm_medium%3Ddisplay%26utm_campaign%3Ddisplay%26gad_source%3D5%26gad_campaignid%3D18597614381%26gclid%3DEAIaIQobChMIy4aq3cznkwMV1Qh3BB2d4jpcEAEYASAAEgKApvD_BwE,https://innerspacehealthcare.com/products/mobile-carts/roam-carts/?utm_source=google&utm_medium=display&utm_campaign=display&gad_source=5&gad_campaignid=18597614381&gclid=EAIaIQobChMIy4aq3cznkwMV1Qh3BB2d4jpcEAEYASAAEgKApvD_BwE,,,,,
752,https://www.googleadservices.com/pagead/aclk?sa=L&ai=CDWF907LZacmiGNX1jeYPyZzi6AbEy4S5hgGM7JbnoRXfyqyP2Q8QASDCiLkiYImLxIT0E6ABsYnr6D7IAQngAgCoAwHIAwqqBJUDT9BMXDKkkeq5MLa6q1NUnVA64IbIvx531DqEDNJ50khnFEe6mpoNs3M_mIwHlIOr9MvLxrI2HxgTAqpok7OikPzTonbg6T9K-Au5yuCIVuWBgNGckQUOHcWW6Zm_s3cF_YAnpGIJzJyByQ3HRA5fD76d85KiqnC7W6_MeJUcZ8Ba6mNhPnMHo15pVqe6b5BC7r0bu3Q5eXgz6_DkR9AWbcSfQS37D4lCmVuxti118AorLjTqcvrzgn1IUDTjK7aJ62NURSX4YkilET4ecz5aviQvRyNO4NuecgFmXePeSg4XKmZx8PeaXV8sNOMF1ZiZfzMvwsRgvIcRNTA61Ngw25YhC5j3yJTVE2iUTCXcIngtQGhByxbm_D8bCboBkjzLfQqnvirHBo-OcGQgmG_MQOFF3tUgeer01VaXGl7prA1CbWOO2FV1R4_0swTiuQJNmgFUwa6-wqZQMlpYFF1kbuNu5G3EnaEhRx3XNnZ0ginSJVF81lE1ft2afLgZw78pHv7eBd0wMcvf2ozkya1nRNSN_9mPwAT9-uOOzAXgBAGIBczi97lYoAYugAexwbvIGagHp8yxAqgHpr4bqAfMzrECqAfz0RuoB5bYG6gHqpuxAqgHjs4bqAeT2BuoB_DgG6gH7paxAqgH_p6xAqgHr76xAqgHmuGxAqgH1ckbqAfZtrECqAeaBqgH_56xAqgH35-xAqgH-MKxAqgH-8KxAtgHANIILgiAYRABGB0yCIqCgICAgIAIOg2AQIDAgICAgKiAAqgDSL39wTpYsMOlh-HkkwPyCBthZHgtc3Vic3luLTM0NDgzNDE4NTI5MjkyNTOxCaP468OVQGE4gAoDmAsByAsBgAwBqg0CSlDIDQHiDRMIiY2mh-HkkwMV1XrDBh1Jjhht6g0TCOHap4fh5JMDFdV6wwYdSY4YbfANAogO____________AdgTA9AVAcoWAgoA-BYBgBcBshcQGAEqCjQ4MTIxMTMxNTFQBroXAjgBqhgXCQAAAACAvOtAEgo0ODEyMTEzMTUxGAGyGAkSAqhOGC4iAQDQGAHCGQIIAQ&ae=1&gclid=EAIaIQobChMIidioh-HkkwMV1XrDBh1JjhhtEAEYASAAEgI-L_D_BwE&num=1&cid=CAQS0QEABaugfdvhxecTen34LemZ5SFwNlcbZ7Y-CTf-wmQ0sMJ22sKY0auHMp1Qvy7lRh-G4SU4bozhv2BE4ZFPaR8mVkCti3UK7k7TXpHZFWEfTVjZ9cmf6S9ZM1FE-3L6hSIaawAL8tqaRzv6ES2wFukSXTRDDJQjgA6RvyBBAHMhfNr3uPTTlKk5F7FCazAqTPhqnpWFQvpQMmglitz8MeTkdhFe-6y1DYa65D2W4m8o5JgjLy2HNj7Xp49aCYx9mG507BdMpBIzhmZWJh27scKYoRgB&sig=AOD64_3t2omlDbhpEfJWEASE3JwJoTMWwg&client=ca-pub-5610521491184789&rf=4&nb=9&adurl=https://kyleauto.markets/driving-to-success/%3Fgad_source%3D5%26gad_campaignid%3D23743820108%26gclid%3DEAIaIQobChMIidioh-HkkwMV1XrDBh1JjhhtEAEYASAAEgI-L_D_BwE,https://kyleauto.markets/driving-to-success/?gad_source=5&gad_campaignid=23743820108&gclid=EAIaIQobChMIidioh-HkkwMV1XrDBh1JjhhtEAEYASAAEgI-L_D_BwE,,,,,
753,https://www.googleadservices.com/pagead/aclk?sa=L&ai=CZD4qhLfZadfCAd2AjeYP_5ng-Q3nm9v9hQGt64vnsxWlvcHBiw4QASDTsd9NYImLxIT0E6AB_PfR1z7IAQmpAvaCxRyLKgc-4AIAqAMByAMKqgTBAk_QK4brw3oVA-cjlCtHBew3kdVxj0GaqJAIpjL_7846NYeGOFhAvzI8ETNQ8P8AWUWhNKltAJ-MLYUk96hu5aJZP4zbBJXJ2Nn47buuBJB4HjYAejrlSp_jSsQysAM_uO3cEAwWdIk4P6d_7T7AljhKt522G6Phs5cf3RoXonrHriHDGM05bDNkuC4lYdQ0QFenE0c8P1KWlQxX_N7deSYJV6aVONp-LZ5RoYUEMVujjvgNMUaYyIbWdeyVtF0WKlmvnyDN8WqzoP9bM-bZHIpakWgRyl9zzeZ18CpS8iJtG4fZxzPSH27B5O1Szi2n9-yBlLw_A6w6OKacaQdk8c5IciIZu78-_r9V9AQliKeP-m2zeMLam_fmPdX504Z5cvYk9GqWzJlJRzqLPbdTGJOHHAGZaUwC6Jkdm8y3EhAQesAEj92ixdEF4AQBiAX4lYGUWKAGLoAH_K-itxmoB6fMsQKoB-LYsQKoB6a-G6gHzM6xAqgH89EbqAeW2BuoB6qbsQKoB47OG6gHk9gbqAfw4BuoB-6WsQKoB_6esQKoB6--sQKoB5rhsQKoB9XJG6gH2baxAqgHmgaoB_-esQKoB9-fsQKoB_jCsQKoB_vCsQLYBwDSCC4IgGEQARgdMgiKgoCAgICACDoNgECAwICAgICogAKoA0i9_cE6WP2x08Pl5JMDsQkleg5GmtHj3oAKA5gLAcgLAYAMAaIMA5ABAaoNAkpQyA0B4g0TCI_W08Pl5JMDFV1AwwYd_ww43-oNEwjmhtXD5eSTAxVdQMMGHf8MON_wDQKIDv___________wHYEwzQFQGYFgHKFgIKAPgWAYAXAbIXEBgBKgo0NTQ3NDA3MjIwUAa6FwI4AaoYFwkAAAAAygMhQRIKNDU0NzQwNzIyMBgBshgJEgK_ThguIgEA0BgBwhkCCAE&ae=1&gclid=EAIaIQobChMI15Tpw-XkkwMVXUDDBh3_DDjfEAEYASAAEgKUofD_BwE&num=1&cid=CAQS4wEABaugfUhmef42eVjzHUofKTcs1inCZ9u-QWam6i7SBVLqKBi1JFYcYc3bYAaQZIXqlN-UvkvrW3RBy6NcDtz3vDqCtF8B0UWWYpCIPlRTma_SCVJCA0JIq1Bbm321tW6TZl81yLQD7jEKRIta222pZ6QIwiU2fOLnParQKq_gCqcddIRPto7KZLY3SfnEI7bChcldPqiWWl6vfyb9Bcn2_cUS4C5OV0gWYm_MWdqkHGKeE1jyLzcFYkMA3p9H3U7NaEsro4WdDvaxZQ8O_tEJP7LjDNUcVTcaGoyj3QNBTFFPARgB&sig=AOD64_3MXK-vl2O1kpSWQP7cHm5lrRqoBA&client=ca-pub-7732679874752919&rf=4&nb=9&adurl=https://maskmarie.com/%3Fgad_source%3D5%26gad_campaignid%3D23664282360%26gclid%3DEAIaIQobChMI15Tpw-XkkwMVXUDDBh3_DDjfEAEYASAAEgKUofD_BwE,https://maskmarie.com/?gad_source=5&gad_campaignid=23664282360&gclid=EAIaIQobChMI15Tpw-XkkwMVXUDDBh3_DDjfEAEYASAAEgKUofD_BwE,,,,,
754,https://www.googleadservices.com/pagead/aclk?sa=L&ai=ClgSQvfXaafTMCoSD4dkPopnhqQvN1pe4hgG_6eGknBbYgqvepUcQASD84akZYMmGgICIpIAQoAHg8oC_AcgBAagDAcgDywSqBJsCT9AKcruhMwnW3ZmKtM2xzPXWzfYTRyiFu-fjTavB2uLMCxFK2toVCARpVad4aEsP0Kj59j8suLkM4dB4_OUJFMW3Kmv3Ju1ShXgvVIo5xHfNfAnZePZ0QfczggLAtTSuQChpOFSMxi8hMbH-l4ISEBCLVjGgAJkbUlGJgQuNoxagZU8tp27AUW1YmcFjrJOwC0M6CpzaddY1eKKPNlnuDeYysyjat8hA_mqDuJZS5au-bC69tH8WiAY4A4BkMJAq1i-ySRUI_lRkRJoprI2EUHR-c6oumW9zLTSntNEf1jlog2aEBJGfytttKnLUEDXkdSN76HLHHuVCe7v_Vyo7zLK0oIMdLn96vg8jRq8EL48fRxcQnUtrzLodJ8AExN_U1uoFiAWB17C5WIAH_qqo0wSoB6fMsQKoB6a-G6gHzM6xAqgH89EbqAeW2BuoB6qbsQKoB47OG6gHk9gbqAfw4BuoB-6WsQKoB_6esQKoB6--sQKoB5rhsQKoB9XJG6gH2baxAqgHmgaoB_-esQKoB9-fsQKoB_jCsQKoB_vCsQLYBwHSCDAIgGEQARifAzIIioKAgICAgAg6DoBAgMCAgICAqIACqIMQSL39wTpY24W2gZXnkwOxCdvg5t2hud3VgAoBmAsByAsBqg0CVVPIDQHqDRMIqKS3gZXnkwMVhEE4BR2iTDi18A0CiA4J2BMN0BUByhYCCgD4FgGAFwGyFxAYASoKMTIxNjExODAxMFAGuhcCOAGqGBcJAAAAAPDv8EASCjEyMTYxMTgwMTAYAbIYCRIC5V8YASIBAdAYAegYAcIZAggB&ae=1&gclid=EAIaIQobChMItJ-3gZXnkwMVhEE4BR2iTDi1EAEYASAAEgJrM_D_BwE&num=1&cid=CAQS0gEABaugfW9yT4YO9Qwx6TAj2Aker0jGymxsqe0gGdE1QGSEcjOSG4VUrUa121X-4VYu3-pcIu1chD3qbOpDpD2VNzLrxsKYYX0kbr2jL-aiF5Sgrv3Hct83mO6vEH5GKELhPCOEsuIbGJvp_Y4zXZbFF3fcvqMslrsAcXzc34UiC8ylRrrwgbE5t_iUlnL8dUlQ3PM4DJTmScckHDBt8Tw2wgpnfIeEkAt_JBrBc-djiIBgMOFa4Vd1eejae3ZO7jG8I6leYHxJKRZPHyBD-rLBJq8YAQ&sig=AOD64_3Jca8v3BQDlTDfF-q2ErfP6wp1Rw&client=ca-pub-7694956726795277&rf=1&nb=2&adurl=https://asiavibe.com/land/sp/5b774c9c%3Fpartner%3Dadw_avibe_ua%26campaignid%3D23742655361%26gclid%3DEAIaIQobChMItJ-3gZXnkwMVhEE4BR2iTDi1EAEYASAAEgJrM_D_BwE%26adgroupid%3D200434593732%26targetid%3Daud-2449671373144%26network%3Dd%26device%3Dc%26devicemodel%3D%26loc_int_ph%3D_9007809%26matchtype%3D%26target%3D%26keyword%3D%26creative%3D804846044618%26placement%3Dwww.wikitree.co.kr%26campaign%3DAW_Asiavibe_Worldwide_All_GDN_Allpurchase_all_gender_45%2B_chinazes_keywords_S3_11Apr%26group%3Din-market_Apparel_Accessories%26banner_type%3DNF_53841_03_Grey_AllMirrors_Multi_GDN_1200x628_Static_logo%26asset_type%3D%26gad_source%3D5%26gad_campaignid%3D23742655361%26gclid%3DEAIaIQobChMItJ-3gZXnkwMVhEE4BR2iTDi1EAEYASAAEgJrM_D_BwE,https://asiavibe.com/land/sp/5b774c9c/?partner=adw_avibe_ua&campaignid=23742655361&gclid=EAIaIQobChMItJ-3gZXnkwMVhEE4BR2iTDi1EAEYASAAEgJrM_D_BwE&gclid=EAIaIQobChMItJ-3gZXnkwMVhEE4BR2iTDi1EAEYASAAEgJrM_D_BwE&adgroupid=200434593732&targetid=aud-2449671373144&network=d&device=c&devicemodel=&loc_int_ph=_9007809&matchtype=&target=&keyword=&creative=804846044618&placement=www.wikitree.co.kr&campaign=AW_Asiavibe_Worldwide_All_GDN_Allpurchase_all_gender_45+_chinazes_keywords_S3_11Apr&group=in-market_Apparel_Accessories&banner_type=NF_53841_03_Grey_AllMirrors_Multi_GDN_1200x628_Static_logo&asset_type=&gad_source=5&gad_campaignid=23742655361&id_visit_prev=73f902f4-398d-45f5-847b-0192c2f401af#c3RlcDA=,yes,yes,yes,yes,yes
755,https://www.googleadservices.com/pagead/aclk?sa=L&ai=CR6LhV0Hbac-BO6-XjeYP24Sh-A62oY7_fon5nIqxE9zZHhABIPqpihdgx9X_jYQmoAG8mcv1AsgBA-ACAKgDAcgDCKoEsQJP0LPIZaVVuzpRuKjy0sfrA3PMezDnOuDg58v49dDXd4cJawt3YBgVEI2kAwjuW1OTFEqKQYrlNxALqDtxt_vMkje0FtNL6MRg0LjVCJ5EhUF12vGFk5FWkV4XzP6XOqAJsUZ-9Q2xC0hYtruTnBVPqCJk__c4wC6izDo4LgTqmOfBG4wCCBtBr06E2vZVNS8X2seZ338X559We9vRtjkEWYlQ0GnNDGXgbj41x-Xg1p_YXDazquyG7qaM4nl6pnekueRcqmsQ5Lun_5a75UQjNwk_mcUWflLWvwt5f8gRIzSlZs95rIQtOL1tgNJsJFpyhlsXt5lU4nSWSOxQ0LxP6-Y6PeJm2TXuv3TU-m-_I9s8EWqmpCAP6fVvBgp2oKqeJQ3rx4M49u2r-aSNLSqZXcAE-vSt_oAF4AQBiAWJtbzMUaAGA4AHrOa0igGoB6fMsQKoB-LYsQKoB6a-G6gHzM6xAqgH89EbqAeW2BuoB6qbsQKoB47OG6gHk9gbqAfw4BuoB-6WsQKoB_6esQKoB6--sQKoB5rhsQKoB9XJG6gH2baxAqgHmgaoB_-esQKoB9-fsQKoB_jCsQKoB_vCsQLYBwHSCC8IgGEQARidATIIioKAgICAgAg6DYBAgMCAgICAqIACqANIvf3BOlizj8CO3eeTA7EJBclq2D5siLGACgOYCwHICwGiDAOQAQGqDQJaQcgNAeINEwiitcCO3eeTAxWvS8MGHVtCCO_qDRMIh9zBjt3nkwMVr0vDBh1bQgjv8A0CiA7___________8B2BMM0BUBmBYByhYCCgD4FgGAFwGyFxAYASoKOTMzMjc5MjkwNlAGuhcCOAGqGBcJAAAAAHCH8EASCjkzMzI3OTI5MDYYAbIYCRIC2moYAyIBANAYAegYAcIZAggB&ae=1&gclid=EAIaIQobChMIj4nCjt3nkwMVr0vDBh1bQgjvEAEYASAAEgJtJfD_BwE&num=1&cid=CAQS0QEABaugfed-9eb0exj0fe-3-JBNS8Bq-p8U0OLQrIA2BLPqFPvgpTyL5XkoWL2jY40F3pFazvpcT6gRtEEhtt1IashVLruuLKQJsvcnI2G8h2F2dEfBKtR2zkqNqX4CLMp7yenxIhAFptcFBUyjFA5phwF_TId1sPBlji-4BQcDDkyKuUPov5lpEvSB2erdhTN9nHGy7Z3WpYSabILZMUfkSMAZeJ8Gi1ZaGuZeSmvK-TL_5s8ZrxfnurXQjeormtgE6R_vpjJCK0LY2BjZRD85iRgB&sig=AOD64_0mR5s7dorZOwAmShNiXTt3ZBlcRA&client=ca-pub-5405132603504384&rf=5&nx=CLICK_X&ny=CLICK_Y&uap=UACH(platform)&uapv=UACH(platformVersion)&uaa=UACH(architecture)&uam=UACH(model)&uafv=UACH(uaFullVersion)&uab=UACH(bitness)&uaw=UACH(wow64)&uafvl=UACH(fullVersionList)&nb=2&adurl=https://shophomelifeled.com/homedecor/homelife-vid-og.php%3FaffId%3DB15803B6%26c1%3Dus_ban%26c2%3Drtg_d4565gif_970x250%26utm_campaign%3D%7Breplace%7D%26sub2%3D%26sub3%3D%26sub4%3D172063685242%26sub5%3D721507280333%26sub6%3D21903645321%26sub7%3Dc%26sub8%3D%26sub9%3Dd%26sub10%3Dwww.vox.com%26utm_source%3DGoogle%26wbraid%3D%7Bwbraid%7D%26gbraid%3D%7Bgbraid%7D%26ref_id%3DEAIaIQobChMIj4nCjt3nkwMVr0vDBh1bQgjvEAEYASAAEgJtJfD_BwE%26gad_source%3D5%26gad_campaignid%3D21903645321%26gclid%3DEAIaIQobChMIj4nCjt3nkwMVr0vDBh1bQgjvEAEYASAAEgJtJfD_BwE,https://shophomelifeled.com/homedecor/homelife-vid-og.php?affId=B15803B6&c1=us_ban&c2=rtg_d4565gif_970x250&utm_campaign={replace}&sub2=&sub3=&sub4=172063685242&sub5=721507280333&sub6=21903645321&sub7=c&sub8=&sub9=d&sub10=www.vox.com&utm_source=Google&wbraid=CjsKCQjw4ufOBhDpARIqAGosuVM0xx01C5wPreujVmUHW2ULEhoD5wbCWBPk4ge2UKFZE2ts-jRfGgKv_w&gbraid=0AAAAAC6yzLxwd0nMTaOdktITLjY-4C8SJ&ref_id=EAIaIQobChMIj4nCjt3nkwMVr0vDBh1bQgjvEAEYASAAEgJtJfD_BwE&gad_source=5&gad_campaignid=21903645321&gclid=EAIaIQobChMIj4nCjt3nkwMVr0vDBh1bQgjvEAEYASAAEgJtJfD_BwE,yes,,yes,yes,
756,https://www.googleadservices.com/pagead/aclk?sa=L&ai=CRX4aOjTbabXkOu61geAP0N3FaMPh_IFhqMLFycYKmbGMlrFGEAEgvJbhEGDH1f-NhCagAbSB7ckDyAEJqQJg_bOzIauzPuACAKgDAcgDCqoEkgNP0LThP3u8UxBA00J6gRkg44G3QKr7rUyYDkdEuxJso7F5NDQTD0XzbthEat5XBfcU_C4EaNnDL2P5944owlh9dc0U0tMiXL9YYsqWo1VfFIKPzVlp-m1TQDkx_hK2El-_6WolxRSGl80HI4OiSrlbliPhQhMQakiRsda2TNcNl8BvzKAwE5M0kC1HUVdhqBzlvWBAU-eqBtVomk5SMnmWLwu-Kr_BvBI9py-B9BqyzOHDrubS9n3aSz7B8JmaD2qPH02KTq7baWcHduAAAFUBTmvn-74NAk8FlU4VZ8loKs1Sb2LbeMKrxCj3zngxD_vArj_3emPAw9cG-HvkmjlzEAOgvwDUrjKKgwnwj4FRNosU0kEAmYlnDs6_qWTePCN0MM_MHvIebEr856C7E0Cx0oIZrkAelYAw0nNuQ9AFR3xHY06rmtASSeVIkhgwvi0-OBEgs7MgW_OKvdgPFKtef64JhV3Vu5ferXtlJkb7JoSRSEs01orGJzKYwUq-t1cA5wbm0ufctqeKehO3t19kjRXABKX7hKqpAeAEAYgFkeeCwwOgBi6AB7T-kjaoB6fMsQKoB-LYsQKoB6a-G6gHzM6xAqgH89EbqAeW2BuoB6qbsQKoB47OG6gHk9gbqAfw4BuoB-6WsQKoB_6esQKoB6--sQKoB5rhsQKoB9XJG6gH2baxAqgHmgaoB_-esQKoB9-fsQKoB_jCsQKoB_vCsQLYBwDSCDIIgOGAEBABGJ0BMgiqgoCAgICACDoOgMADgICEgICUruADqAdIvf3BOliZrK3N0OeTA7EJFMx4p9lDfOuACgOYCwHICwGADAGiDAOQAQGqDQJaQcgNAeINEwiT6q3N0OeTAxXuWgAGHdBuEQ3qDRMIguyvzdDnkwMV7loABh3QbhEN8A0CiA7___________8BuBPkA9gTDdAVAZgWAcoWAgoA-BYBgBcBshcQGAEqCjY3MzE4NDAyNTBQBroXAjgBqhgXCQAAAADoWwNBEgo2NzMxODQwMjUwGAGyGAkSAv1OGC4iAQHQGAHCGQIIAQ&ae=1&gclid=EAIaIQobChMItenizdDnkwMV7loABh3QbhENEAEYASAAEgJtNPD_BwE&num=1&cid=CAQScAAFq6B9sFEZRxfPfMsXbRBYuD78vvdpykf_4j9hdz47B7MiRlH0N_BD7R4fOoFluHcU4xsaZo0uC7678hyE7DxWLXfmTiDpE6HIYOKs1quau1_W7mpw2e2jmGLgfZn9V5PVMZm5t6MEcIVhMDnCahAYAQ&sig=AOD64_2faP5RW3_heODXjBUpP2511PN2BA&client=ca-pub-2012933198307164&rf=4&nb=9&adurl=http://www.guitarrasdeluthier.com/en%3Fgad_source%3D5%26gad_campaignid%3D945861521%26gclid%3DEAIaIQobChMItenizdDnkwMV7loABh3QbhENEAEYASAAEgJtNPD_BwE,https://www.guitarrasdeluthier.com/en?gad_source=5&gad_campaignid=945861521&gclid=EAIaIQobChMItenizdDnkwMV7loABh3QbhENEAEYASAAEgJtNPD_BwE,yes,yes,yes,yes,yes
757,https://googleads.g.doubleclick.net/aclk?sa=l&ai=ClvBIGAHaaY_YAcqA3NMP1YnNQK6K07aGAYra3p7EFbCQHxABIOa0z5kBYKWAgICcAaAB3fPA4D3IAQGpAmhXHZdl0Io-4AIAqAMByAPLBKoE7wJP0OMM4WhR18aCpx3c8JMQnLs9KSjCy4WCT33_WnSpJmjSPp8T3Sdx0Ss2WYNwiltudT-j4EtckdO650aTiF27TQr8m9SB1M0nomUCZqSVrm78-UfsJWwLUlFti8IRE9xOT24aJz6imFUhh6FRrw4jH9k5spZ2o5DVCGBIKrlrfcQ2LhicKWV72Hxl9Cgoo6KdM91uF2I9SQlO8jCO2i6aAl8cJyc6qelNEczimtZXMDRY9peDT4nSYAjHrww4wPfGm4qWVGvxV4l6ZHNeH97RZJN2gzaZoiCZFQTfAnjOSYnPmM6VfTTBEk1q8KHkprZtfrxpgIcF1ZfUGVrjeSp-gJPY7IYi_sd3sMNVdSNNWJxdpu9TK34kS2R2bGGms4p_qvMJ8rUInxrCENwS71veMqQcLiWeLQNBRHFlXoTGSNdXxTN42Q_3ae7ky5DvopZHvuvR5aPB17BRCuCRXcxR6l5Jb-dUDINZXwBt6ucWwATo1d6b0gXgBAGIBcHQsuhXoAYugAfdq5HAGKgHp8yxAqgH4tixAqgHpr4bqAfMzrECqAfz0RuoB5bYG6gHqpuxAqgHjs4bqAeT2BuoB_DgG6gH7paxAqgH_p6xAqgHr76xAqgHmuGxAqgH1ckbqAfZtrECqAeaBqgH_56xAqgH35-xAqgH-MKxAqgH-8KxAtgHAdIIMgiB4YBgEAEYnQEyCMuKgICAgIAKOg6AgASAwICAgICogAKoA0i9_cE6WJy6wtmr5ZMDsQmQ6NU9ljjXOIAKA5gLAcgLAaIMA5ABAaoNAkFVyA0B4g0TCMDhwtmr5ZMDFUoAdwQd1UQTCOoNEwj5_cLZq-WTAxVKAHcEHdVEEwjwDQKIDv___________wHYEwuIFAHQFQGYFgHKFgIKAPgWAYAXAbIXEBgBKgo1MTAzODc5NDgzUAa6FwI4AaoYFwkAAAAA1PwYQRIKNTEwMzg3OTQ4MxgBshgJEgLBTxguIgEA0BgBwhkCCAE&ae=1&gclid=EAIaIQobChMIj8TD2avlkwMVSgB3BB3VRBMIEAEYASAAEgIXbPD_BwE&num=1&sig=AOD64_3O2-9wSsRyxYNCrIseJkMkhi2JLA&client=ca-pub-3677668629134422&rf=1&nb=0&adurl=https://wolfbluestore.com/products/mary-janes-leather-slip-on-flats%3Fgad_source%3D5%26gad_campaignid%3D23572817985%26gclid%3DEAIaIQobChMIj8TD2avlkwMVSgB3BB3VRBMIEAEYASAAEgIXbPD_BwE,https://wolfbluestore.com/en-de/products/mary-janes-leather-slip-on-flats?gad_campaignid=23572817985&gad_source=5&gclid=EAIaIQobChMIj8TD2avlkwMVSgB3BB3VRBMIEAEYASAAEgIXbPD_BwE,yes,yes,yes,yes,yes
758,https://googleads.g.doubleclick.net/aclk?sa=l&ai=CiAmGjBXbad6sOPecjeYP-OnD4QS-6fWKhgHuxsn7rhWxyJDb5w0QASDApasjYMfV_42EJqABn7vRlkPIAQbgAgCoAwHIAwqqBOICT9CIY2JZpRZl0TSj7GLJr-aOgN7ybsw_mrZYeLyNveCdsr4OctO-VS7-LR_HUeSl_R_Wry5VsjXrOBH90yURgSvd_dD2kZ0xL9lk77bm8Gt8HTSyrjVmA_JUQmwWR9AvjRZdWpnfOdab8JmMZ8jYkm9S9ksZt24bCq3AWd2E6jT9wghRTvrBpOcdtz-WVP0Fz_IXeKYbaqVKlGbtswmXa7CPwZnZ3HkZ2SeV8U1Ezf_Iy3b8Y7lJ55-7GV0y3lwRPWIk2jfYjuWL5mRpq7xtCh3XJtXpFBpG7p2Cvyry0KG2CfmiPYohJBav4nlrAcl-t_vtSwR6IE0znLmOGLT7hyCo2OT11Sq-Qy-fURkqx78eiIgNPyysvE_spr3bagemuxorDDwg66Qe4oV5lVQSno7EgSspUJsinf9ofOEzfaII-33yGC7B1hP9F_SXjt6quABd-bXAXpEOKel5b4hYyNyYwATw1_6v3gXgBAGIBY_z-p9YoAYugAef86H2HagHp8yxAqgH4tixAqgHpr4bqAfMzrECqAfz0RuoB5bYG6gHqpuxAqgHjs4bqAeT2BuoB_DgG6gH7paxAqgH_p6xAqgHr76xAqgHmuGxAqgH1ckbqAfZtrECqAeaBqgH_56xAqgH35-xAqgH-MKxAqgH-8KxAtgHAdIILgiAYRABGB0yCIqCgICAgIAIOg2AQIDAgICAgKiAAqgDSL39wTpYwdHUrLPnkwOxCUwOvvwDAD1zgAoDmAsByAsBogwDkAEBqg0CWkHIDQHiDRMIsvXUrLPnkwMVd07DBh349DBM6g0TCOz_1ayz55MDFXdOwwYd-PQwTPANAogO____________AbAOs9L_9hjYEwzQFQGYFgHKFgIKAPgWAYAXAbIXEBgBKgoxNTk4NzYxNDE4UAa6FwI4AaoYFwkAAAAAmEAPQRIKMTU5ODc2MTQxOBgBshgJEgL9ThguIgEA0BgBwhkCCAE&ae=1&gclid=EAIaIQobChMI3qLWrLPnkwMVd07DBh349DBMEAEYASAAEgIHqPD_BwE&num=1&cid=CAQS0gEABaugfVfxaJf62fXzDKRFKv0SDjOGUw0ORYj4pnhJmhrZAiQBAKoSnrP5-raVLRJ5S-WNZDtHktlZ7ANl9hBKTfUQHYKMBn_dhDtit0ZOFlS020CV3FoyY6P8AU9otzfHb4zUImVfGKFIHNLPc2VmlgxCKdOGQ7nW57CKwgfjqRSF-cinGIQMNAVCFl0C6XzLlkvF1fNWukkFkBj8kA-k7PE1WkHbndnUeCzdfet0q2yCDqw5E4PBWE0szgincUKRz6hX43LgjN288FDOyJDLWgAYAQ&sig=AOD64_2avdiN4yEd_mXSAeMJUdCNAp3eMQ&client=ca-pub-5227748429508049&rf=4&nb=19&adurl=https://youtu.be/CFomURAu_jQ%3Fsi%3DBNWqV1IQlu7URQDB%26gad_source%3D5%26gad_campaignid%3D23689345423%26gclid%3DEAIaIQobChMI3qLWrLPnkwMVd07DBh349DBMEAEYASAAEgIHqPD_BwE,https://www.google.com/sorry/index?continue=https://www.youtube.com/watch%3Fsi%3DBNWqV1IQlu7URQDB%26gad_source%3D5%26gad_campaignid%3D23689345423%26gclid%3DEAIaIQobChMI3qLWrLPnkwMVd07DBh349DBMEAEYASAAEgIHqPD_BwE%26v%3DCFomURAu_jQ%26feature%3Dyoutu.be&q=EgSVWBP6GLPi8s4GIjD7B0eaCMaa-UXvitEq4M4qOjBcvq5ZVMWVtCNcLMHhIJhaPZ3hLosMMlszUyy4-b0yAnJSWgFD,,no,no,no,no
758,https://googleads.g.doubleclick.net/aclk?sa=l&ai=CiAmGjBXbad6sOPecjeYP-OnD4QS-6fWKhgHuxsn7rhWxyJDb5w0QASDApasjYMfV_42EJqABn7vRlkPIAQbgAgCoAwHIAwqqBOICT9CIY2JZpRZl0TSj7GLJr-aOgN7ybsw_mrZYeLyNveCdsr4OctO-VS7-LR_HUeSl_R_Wry5VsjXrOBH90yURgSvd_dD2kZ0xL9lk77bm8Gt8HTSyrjVmA_JUQmwWR9AvjRZdWpnfOdab8JmMZ8jYkm9S9ksZt24bCq3AWd2E6jT9wghRTvrBpOcdtz-WVP0Fz_IXeKYbaqVKlGbtswmXa7CPwZnZ3HkZ2SeV8U1Ezf_Iy3b8Y7lJ55-7GV0y3lwRPWIk2jfYjuWL5mRpq7xtCh3XJtXpFBpG7p2Cvyry0KG2CfmiPYohJBav4nlrAcl-t_vtSwR6IE0znLmOGLT7hyCo2OT11Sq-Qy-fURkqx78eiIgNPyysvE_spr3bagemuxorDDwg66Qe4oV5lVQSno7EgSspUJsinf9ofOEzfaII-33yGC7B1hP9F_SXjt6quABd-bXAXpEOKel5b4hYyNyYwATw1_6v3gXgBAGIBY_z-p9YoAYugAef86H2HagHp8yxAqgH4tixAqgHpr4bqAfMzrECqAfz0RuoB5bYG6gHqpuxAqgHjs4bqAeT2BuoB_DgG6gH7paxAqgH_p6xAqgHr76xAqgHmuGxAqgH1ckbqAfZtrECqAeaBqgH_56xAqgH35-xAqgH-MKxAqgH-8KxAtgHAdIILgiAYRABGB0yCIqCgICAgIAIOg2AQIDAgICAgKiAAqgDSL39wTpYwdHUrLPnkwOxCUwOvvwDAD1zgAoDmAsByAsBogwDkAEBqg0CWkHIDQHiDRMIsvXUrLPnkwMVd07DBh349DBM6g0TCOz_1ayz55MDFXdOwwYd-PQwTPANAogO____________AbAOs9L_9hjYEwzQFQGYFgHKFgIKAPgWAYAXAbIXEBgBKgoxNTk4NzYxNDE4UAa6FwI4AaoYFwkAAAAAmEAPQRIKMTU5ODc2MTQxOBgBshgJEgL9ThguIgEA0BgBwhkCCAE&ae=1&gclid=EAIaIQobChMI3qLWrLPnkwMVd07DBh349DBMEAEYASAAEgIHqPD_BwE&num=1&cid=CAQS0gEABaugfVfxaJf62fXzDKRFKv0SDjOGUw0ORYj4pnhJmhrZAiQBAKoSnrP5-raVLRJ5S-WNZDtHktlZ7ANl9hBKTfUQHYKMBn_dhDtit0ZOFlS020CV3FoyY6P8AU9otzfHb4zUImVfGKFIHNLPc2VmlgxCKdOGQ7nW57CKwgfjqRSF-cinGIQMNAVCFl0C6XzLlkvF1fNWukkFkBj8kA-k7PE1WkHbndnUeCzdfet0q2yCDqw5E4PBWE0szgincUKRz6hX43LgjN288FDOyJDLWgAYAQ&sig=AOD64_2avdiN4yEd_mXSAeMJUdCNAp3eMQ&client=ca-pub-5227748429508049&rf=4&nb=19&adurl=https://youtu.be/CFomURAu_jQ%3Fsi%3DBNWqV1IQlu7URQDB%26gad_source%3D5%26gad_campaignid%3D23689345423%26gclid%3DEAIaIQobChMI3qLWrLPnkwMVd07DBh349DBMEAEYASAAEgIHqPD_BwE,https://www.youtube.com/watch?v=CFomURAu_jQ,,no,no,no,no
759,https://www.googleadservices.com/pagead/aclk?sa=L&ai=Cm1TGTCPbaYa-GpDfjeYPvfPM0QWfnIikgQHJyfXu7hO726GI3RoQASDU_LceYMfV_42EJqAB-LyS2D_IAQngAgCoAwHIAwqqBIMDT9D-CCv5U6e9nAUwi0uCpUbnVZoOvhdobPxlIxLp0urP5L9KB8VO2vD_uRN7v_37hYxWVkDUoBvsSTCr7ubrAiqKXaKE9pj6WkSHAESW8GYSWRmZvXnj8UgqgtF3ccg4aEu7MliRafZw3dU_HbSW5xqFjN0S4zvgnVsw6yWDYpfCffm4m9ohYW0K_MbVGuPv5Diua6JJDDX7xeBlmI9erw1565fsloUlhXofOqV6uW6_ev1D6Ii6lwX0i_BSHqxEXX-7L47Sdhaj0bpJipkGNcRqsf40C7GX0UCRIbzX84pcyhsuitwH2JXKzln4vB3y8S5Qa-ChFjHVDvUy10JxZD_y8V4UKt7gBVWhLA-Yl8sQ7v753RVlMoev6wJFLzYfkhqP16EdIvT_LYLsMUsWSOJqrjrEAibEJuANGx5MKx_OQHv3xAVof3MOFSc282LOUjyyl15_agQMqPWzNgY-MXwIu6jpSQNnyByd4spBPY0oCABWM4QLC5pTm4ZNaDwAl-qdwATg3Y2ftwXgBAGIBZ3ujY5UoAYugAf49OK3GqgHp8yxAqgHpr4bqAfMzrECqAfz0RuoB5bYG6gHqpuxAqgHjs4bqAeT2BuoB_DgG6gH7paxAqgH_p6xAqgHr76xAqgHmuGxAqgH1ckbqAfZtrECqAeaBqgH_56xAqgH35-xAqgH-MKxAqgH-8KxAtgHANIILgiAYRABGB0yCIqCgICAgIAIOg2AQIDAgICAgKiAAqgDSL39wTpYh6DyusDnkwOxCQarD5udVWyBgAoDmAsByAsBgAwBqg0CWkHIDQHiDRMIgczyusDnkwMVkG_DBh29OTNa6g0TCOrl87rA55MDFZBvwwYdvTkzWvANAogO____________AbAOmc25wBi4E-QD2BML0BUByhYCCgD4FgGAFwGyFxAYASoKMjkzMTQ2NjI1MFAGuhcCOAGqGBcJAAAAAAAI_EASCjI5MzE0NjYyNTAYAbIYCRICx04YLiIBANAYAcIZAggB&ae=1&gclid=EAIaIQobChMIhpT0usDnkwMVkG_DBh29OTNaEAEYASAAEgJwDvD_BwE&num=1&cid=CAQS4wEABaugfYOYRil2UBMmZ65sKSipzopWhffUlC0ELv-yKPLS2wNT-pJkfZt1ItM77cXzd588xLSvQl5Y6Td99U5EHhro24cKvW-akW-T46pnQMIuiPzBL5TRomBneLpwP7IpkgQVLaMQ1U9J62hd4IbsJT99xhW33pOPkIn_SshN1sHq0Bz27BT4BA_w_FAEwRMDTBVw9IZnSL-6fAQkZcUu34y-X7dH4g65wIlyreTUz6xH_S1c4Q_fVHgt29RKGZ3zKchaHM7z67Krl3-4Zdf2zOoHMqetnLk28UWJAiGSyJK5tRgB&sig=AOD64_00KFvVeRXdr6Ji7lhaWx7oSkbXcw&client=ca-pub-4613881071217662&rf=4&nb=9&adurl=https://stephenknoll.com/collections/all%3Fgad_source%3D5%26gad_campaignid%3D22578165533%26gclid%3DEAIaIQobChMIhpT0usDnkwMVkG_DBh29OTNaEAEYASAAEgJwDvD_BwE,https://stephenknoll.com/collections/all?gad_source=5&gad_campaignid=22578165533&gclid=EAIaIQobChMIhpT0usDnkwMVkG_DBh29OTNaEAEYASAAEgJwDvD_BwE,,,,,
760,https://www.googleadservices.com/pagead/aclk?sa=L&ai=CWu18GiPbad-DB7uTjeYPxcWYuAqlicW3hgHdhcDQxxWeu4qSiyoQASC-z4caYMfV_42EJqAB4PKAvwHIAQngAgCoAwHIAwqqBNQCT9DdemwefCwyBhHQVCU8mbyfOd1rNo25mO_cEeC6kGg5jd3v2Swvg6byjSxtB0LAKljquhVOxw8a91LjDWM4wXCsiMwkFqZG4QCx6OBx4QwO1n_92vrp0UUuPAX2UAu8fUPbWF8VVhPq88QezS_bIc1MP7tNSEk2_G7xLqR7sQ16ifD6DglpYMO23NcKbkxemN9PIGwU8xnIAikZYCQ5_J0eB_IlFAJT3zfTFHVOlMWEDmGxAAe3hu9ZSv2qG8n1Q1Oojb9xOaN1X7ftAJdAA6XEpVJE-THgRcTNwWPBKbvm2fU1VucNdQz9JGeU9dFaxP-iNXvYtg4dYfVlWrUg7Tl76fn0w1JXVaeMjh5ouA6Gdfw-7CBdcfSh0IDbQ2OhvwLKcjIpb8gughH0gatCBkG2TiuT7OhrXpw-4ziSwGo5AFFZerwkAv40RJChC9bB9QC3J8AE_LD_-vYF4AQBiAXN-_a4WKAGLoAH05TB9BuoB6fMsQKoB6a-G6gHzM6xAqgH89EbqAeW2BuoB6qbsQKoB47OG6gHk9gbqAfw4BuoB-6WsQKoB_6esQKoB6--sQKoB5rhsQKoB9XJG6gH2baxAqgHmgaoB_-esQKoB9-fsQKoB_jCsQKoB_vCsQLYBwDSCC4IgGEQARgdMgiKgoCAgICACDoNgECAwICAgICogAKoA0i9_cE6WKiF86LA55MDsQlCQdn62_3uyYAKA5gLAcgLAYAMAaoNAlpByA0B4g0TCJ2q86LA55MDFbtJwwYdxSIGp-oNEwi1wfSiwOeTAxW7ScMGHcUiBqfwDQKIDv___________wGwDruwpfoYuBPkA9gTC9AVAcoWAgoA-BYBgBcBshcQGAEqCjM4NTI2MDc0MzhQBroXAjgBqhgXCQAAAAAgVgRBEgozODUyNjA3NDM4GAGyGAkSAsdOGC4iAQDQGAHoGAHCGQIIAQ&ae=1&gclid=EAIaIQobChMI3_j0osDnkwMVu0nDBh3FIganEAEYASAAEgJxbPD_BwE&num=1&cid=CAQS4wEABaugfQstaY0eG9fqteuNh_6OW6OLb5c_8xpXK4I5s3Ng3Zymnq_uHrx2k8kMigcee615l8_OT7Cj8a3rUx4X986NxOMHC1RIGZxKqpLcaUVx-iItOG7s3oixoZCnwsPIW0TAN7FcfWkZxCoDV4E52YKgt2ABdVSgixwi00zppWD9ZT5OgmCCjSmiSK2x1bb2qgBo6zhqyk3ukiuG5v79ZmLEDEWVzgQ4fhBGk5KdWEtZkmgsQBtwkSySSaKICpn0pdgBnQDivrX9XMYV0T7rlh1qaCqK3uWk158lkXxFbduFlRgB&sig=AOD64_3FxzSN69IOhHBhxjn3yS7CVya9Hg&client=ca-pub-6453680425766689&rf=4&nb=9&adurl=https://fiestadates.com/land/sp/7e97c3ef%3Fpartner%3Dadw_fiestadates_uafem%26campaignid%3D23746311559%26gclid%3DEAIaIQobChMI3_j0osDnkwMVu0nDBh3FIganEAEYASAAEgJxbPD_BwE%26adgroupid%3D6698915899%26targetid%3D%26network%3Dx%26device%3Dc%26devicemodel%3D%26loc_int_ph%3D21142_1028665%26matchtype%3D%26target%3D%26keyword%3D%26creative%3D%26placement%3D%26campaign%3DAW_FiestaDates_USA-Tier1_All_PerfMax_pLTV_NewU_timon_ManyST_iOSDesktop45_Arrow_silver_10Apr%26group%3D%26banner_type%3D%26asset_type%3D%26gad_source%3D5%26gad_campaignid%3D23741709773%26gclid%3DEAIaIQobChMI3_j0osDnkwMVu0nDBh3FIganEAEYASAAEgJxbPD_BwE,https://fiestadates.com/land/sp/7e97c3ef/?partner=adw_fiestadates_uafem&campaignid=23746311559&gclid=EAIaIQobChMI3_j0osDnkwMVu0nDBh3FIganEAEYASAAEgJxbPD_BwE&gclid=EAIaIQobChMI3_j0osDnkwMVu0nDBh3FIganEAEYASAAEgJxbPD_BwE&adgroupid=6698915899&targetid=&network=x&device=c&devicemodel=&loc_int_ph=21142_1028665&matchtype=&target=&keyword=&creative=&placement=&campaign=AW_FiestaDates_USA-Tier1_All_PerfMax_pLTV_NewU_timon_ManyST_iOSDesktop45_Arrow_silver_10Apr&group=&banner_type=&asset_type=&gad_source=5&gad_campaignid=23741709773&id_visit_prev=0670e267-d029-4612-8b4f-e53f0bed8e64#c3RlcDA=,yes,yes,yes,,yes
761,https://googleads.g.doubleclick.net/aclk?sa=l&ai=CeJjRZw7bae7kO8-b3NMP2PLNyAX39d-6hgHzxvXVrQyLudvf2A4QASCj_sIfYMfV_42EJqABhtiy6gLIAQPgAgCoAwHIAwiqBMwCT9A4W7RPYHotgVjJqA6NMs2y8m5y8irjsA7zJuWF-YStkK7mUNQj9fCYDqdjfCrGgBCmagYeeJBKvhXZOb1BdZcnrHyYLwdyHHpLCToEVS1KfOCDWqXaM-sqWqxdpD3PpG29zMvNzqawrRJ35n5SRf4JZ7fokjlTgf6tSzHYDPmY5h4KHdLgtTXivRixcMlPNb2Yuj7_yYIz96Xx3J5n6-LYeLzrbcu0hYdHnVmoVz6dBWgvu7HvskxCE-s_dvv-2OgOVCPWboYlD6SP-0T0JiPIvvmT8wDKPhFvIN7GHYR-7aXZzY5B5-j1p778_u7l5HF1zzjKBxbEnmAOZF_SbsR3dbZt2_qiENozSWMQr4-RYGa7mZP9Sk7lX10h2jrWxxmDjoNZkmONLSp5hoDCEOiNUMzAboQMjIyr47qiUbINsVhoIH8p3iiVS0LABL2W597GAuAEAYgF7NX_vCCgBgOAB-KnzZUBqAenzLECqAfi2LECqAemvhuoB8zOsQKoB_PRG6gHltgbqAeqm7ECqAeOzhuoB5PYG6gH8OAbqAfulrECqAf-nrECqAevvrECqAea4bECqAfVyRuoB9m2sQKoB5oGqAf_nrECqAffn7ECqAf4wrECqAf7wrEC2AcB0gguCIBhEAEYHTIIioKAgICAgAg6DYBAgMCAgICAqIACqANIvf3BOljh08bErOeTA7EJyvyVJLLKlTiACgOYCwHICwGiDAOQAQGqDQJaQcgNAeINEwjc_MbErOeTAxXPDXcEHVh5E1nqDRMIgYPIxKznkwMVzw13BB1YeRNZ8A0CiA7___________8B2BMO0BUBmBYByhYCCgD4FgGAFwGyFxAYASoKNjgwOTgwNTU4OFAGuhcCOAGqGBcJAAAAABigDEESCjY4MDk4MDU1ODgYAbIYCRICwU8YAyIBANAYAcIZAggB&ae=1&gclid=EAIaIQobChMIrrTIxKznkwMVzw13BB1YeRNZEAEYASAAEgL-DvD_BwE&num=1&cid=CAQS0QEABaugfUHoqsOMXHQ9MRREGPSAfYByOP6-x-gHbDEp31qee9wsI5b3Zv4Re_Ln376Tz9oxesHb_z_sZtUD25HSWGE8FfwMNqprf55T1EBQ54vxT8DaxQ-8k7AwB-ZrTgjmaNg0S0QTut_EJmDMXKQdqld1fOxt-49u1FtelMZTPs17x3S80XzXSx8AP3Yvupk51HVPtPqASzHUQuhFHRyW3PsdV-YQrsZeVU-vynhSV7zZbP00WAsLFLK35tqSmWCAE1Q2wsYCen6siDinCDXalBgB&sig=AOD64_2SixCPpITyUtZPo1S9VcIKdvx6iw&client=ca-pub-3805416966001714&rf=5&nx=CLICK_X&ny=CLICK_Y&uap=UACH(platform)&uapv=UACH(platformVersion)&uaa=UACH(architecture)&uam=UACH(model)&uafv=UACH(uaFullVersion)&uab=UACH(bitness)&uaw=UACH(wow64)&uafvl=UACH(fullVersionList)&nb=2&adurl=https://zebashoes.com/pages/why-zeba%3Fgad_source%3D5%26gad_campaignid%3D8717855468%26gclid%3DEAIaIQobChMIrrTIxKznkwMVzw13BB1YeRNZEAEYASAAEgL-DvD_BwE,https://zebashoes.com/pages/why-zeba?gad_source=5&gad_campaignid=8717855468&gclid=EAIaIQobChMIrrTIxKznkwMVzw13BB1YeRNZEAEYASAAEgL-DvD_BwE,,,,,
762,https://www.googleadservices.com/pagead/aclk?sa=L&ai=CEXjto07aabTvC9qQ3NMP1JeemQrivJy1hgHLg8TaxRWhpvjz0B0QASDhtrZPYM2g74CsA6ABmu2-vwPIAQmpAmhXHZdl0Io-4AIAqAMByAPLBKoE0gJP0I3gXXV19czvrgL6LLttZtf4h3z8Z3imhTGLdkgpi0XMutQkY33tEVReVS4lNzAClhbBA_-weujA5y4aZDlwinBYcT2egNJzDWYZyqnJIEYCv7CtKfVnsS2MsQCSDsp6cwxlgCG_bsqheKnrkzlD_eLiX2m2IjlAdwrFERiD7cYkx_ts0B6BeBkffOHkY0vem-pLpe450WQEvsVp2yOQl_SW56O6_FQlslN26VBnKFSvDCMmqQiXfE-cBkYlpc7A1VP1aKCkIZY4t-wdXkM2WjO1oAi_KnmRIsMeLhyHGhJq7Rk1lu3s7HrG-P2xoxwAkJi296mnWpX5eJm0saL-52MQFb1ATCUR4Y7Z3bZuGpoQpbVJDwiv26hJ5NeE-V2eEzTLCNSJptnVkk9kPNRacjmo2cD8mtfJw6J4JbRA29f3h_QHaw0wOSlddSoIu0BMgMAEr5SSleUF4AQBiAXboee3WMAFBfoFBgglEAEYAKAGLoAHzpLBQKgHp8yxAqgHpr4bqAfMzrECqAfz0RuoB5bYG6gHqpuxAqgHjs4bqAeT2BuoB_DgG6gH7paxAqgH_p6xAqgHr76xAqgHmuGxAqgH2baxAqgHmgaoB_-esQKoB9-fsQKoB_jCsQLYBwDACAHSCDIIgOGAEBABGJ0BMgiqgoCAgICACDoOgMADgICEgICUruADqAdIvf3BOli45aDT9eWTA_IIG2FkeC1zdWJzeW4tNDkzNTM4ODAyNzM5NTkyNIAKA5ALA5gLAcgLAYAMAaIMAkgBqg0CQlLIDQHiDRMIlN2i0_XlkwMVWgh3BB3Uiyej6g0TCKzNpNP15ZMDFVoIdwQd1Isno_ANAogO____________AbAO2J6O-hjgEsHrjPue0ueUWdgTC9AVAekVX4r7eL8qlQXwFby_rTT6FQUxMDkxNsoWAgoA-BYBgBcBshcQGAEqCjIxNzIwNTM1MzhQBroXAjgBqhgXCQAAAABgYuhAEgoyMTcyMDUzNTM4GAGyGAkSAsVaGC4iAQDQGAHCGQIIAQ&ae=1&gclid=EAIaIQobChMI9Mym0_XlkwMVWgh3BB3UiyejEAEYASABEgJsKfD_BwE&num=1&cid=CAQScAAFq6B9M0X97A42Pviez9lg6-GTK3bk3sw_PT_ml2FsLT7mhJb6R1mcCbSnudtengOFFKlZLKvk2SJJOGKuA2KYyRMH2ENV4Laneby6i5TRrsPpvIHWHCVIj9X1oFhpMs2khwKL5U39R04dyhRs5c8YAQ&sig=AOD64_0U8IURT2jdke16PUfMPyJgwzM7zg&ctype=5&client=ca-pub-7747436378556651&nb=9&adurl=https://www.enlevolar.com.br/fronha-avulsa-estampada-100-algodao%3Futm_source%3Dgoogle%26utm_medium%3DShopping%26utm_campaign%3Dfronha-avulsa-estampada-100-algodao%26inStock%26gad_source%3D5%26gad_campaignid%3D23739355355%26gclid%3DEAIaIQobChMI9Mym0_XlkwMVWgh3BB3UiyejEAEYASABEgJsKfD_BwE%23derivacao%3D1097,https://www.enlevolar.com.br/fronha-avulsa-estampada-100-algodao?utm_source=google&utm_medium=Shopping&utm_campaign=fronha-avulsa-estampada-100-algodao&inStock&gad_source=5&gad_campaignid=23739355355&gclid=EAIaIQobChMI9Mym0_XlkwMVWgh3BB3UiyejEAEYASABEgJsKfD_BwE#derivacao=1097,yes,yes,yes,yes,yes
763,https://www.googleadservices.com/pagead/aclk?sa=L&ai=C5mH19RLbadTvC72I3NMPi6Cs-AiCn46yhgGY9cj9jxXv06K9wAEQASCDqaUhYMfV_42EJqAB37PiowPIAQmpAmD9s7Mhq7M-4AIAqAMByAMKqgS9Ak_QWZAezT2pyIinvmj3VUySCmfkypbH_y7nO4IkM6B1bBkwYzo4K_DcGuXLRY41Gwj6ZlKHv6UNK9jbM-W-WcCYjPqz218e719Wa9EWG4KnLPhMykz4s-bgyWAWnkpBG9gqX2nv5OcL4vOTapP7-Di-Pf3gqSJFiTQzfv9Pkt6IxnykgqP0oG2a53adBOQ66z6C9flJd9ojp1IqhphOgHFs9nIP505ckJcfPfhliD1CdzjMmfZCrnrjp8ksPQUUhOdL9DBFJ6Bts1OV03VQ4h00E5r_ex--HEDlg4cpFPq_7tFPCfn8DdvYklCslwnqSyDGwelpishtHnoAFrhkeZ241fd0Bn5RiCRjsA5j-OAI-MYu6O8Savu3Dk_oTGaFjtMlRyV3fQhHgKB1D2YZRtY_5-LYoN15qqClKeqvwATL4NfZrgTgBAGIBYagkexJoAYugAeJzJ1cqAenzLECqAemvhuoB8zOsQKoB_PRG6gHltgbqAeqm7ECqAeOzhuoB5PYG6gH8OAbqAfulrECqAf-nrECqAevvrECqAea4bECqAfVyRuoB9m2sQKoB5oGqAf_nrECqAffn7ECqAf4wrECqAf7wrEC2AcA0ggvCIBhEAEYnQEyCIqCgICAgIAIOg2AQIDAgICAgKiAAqgDSL39wTpYv5SV8LDnkwPyCBthZHgtc3Vic3luLTk4NDM1MzQ1NDIxODk0NDKxCdUmDmECLLM2gAoDmAsByAsBgAwBqg0CWkHIDQHiDRMIvsuV8LDnkwMVPQR3BB0LEAuP6g0TCNnrlvCw55MDFT0EdwQdCxALj_ANAogO____________AbAOncTviRjYEwvQFQHKFgIKAPgWAYAXAbIXEBgBKgo4NTQ3NTU5NzQ3UAa6FwI4AaoYFwkAAAAAIJsTQRIKODU0NzU1OTc0NxgBshgJEgKRVBguIgEA0BgBwhkCCAE&ae=1&gclid=EAIaIQobChMIlL6X8LDnkwMVPQR3BB0LEAuPEAEYASAAEgJlyPD_BwE&num=1&cid=CAQS0QEABaugfdQoKtTh8M3HkPQeWndhN5sqcoAQoVwtNn1SMfMbQZBep7ERZqwpOATP_R8GWk9L-c0OkrA_DLoolX1ZaqgL2BR2IMsRmdxBj8aozlZ2tJI_3JcwlOTg6XaYE7cmxdy1e1hQCsdzVE2aexHnI082pit3WHih7EW5n2zu1jHq3K4YkOWrMGhrSG5kqJDsrWMDYBzwgF18LnkqZdA5v3mAk0kWso4lAzFbaq0GVzgV36r6_GHfWqYFP9_-bl4rlvkMO6KJZ7n4CO5ZLeHIfBgB&sig=AOD64_0uC1GR3dqUr7maIDlDEl4FXargHw&client=ca-pub-6028289858130678&rf=4&nb=9&adurl=https://www.campigliocristalpalace.com/it/%3Futm_source%3Dgoogle%26utm_medium%3Dcpc%26utm_campaign%3DPM_IT%26utm_id%3D19822539001%26gad_source%3D5%26gad_campaignid%3D19822563334%26gclid%3DEAIaIQobChMIlL6X8LDnkwMVPQR3BB0LEAuPEAEYASAAEgJlyPD_BwE,https://www.campigliocristalpalace.com/it/home/,no,no,no,no,no
764,https://www.googleadservices.com/pagead/aclk?sa=L&ai=CPOgSbC7aabyMHaOBjeYPtfOYoQmey7mhhgGwwpSkmxXex-3xuAIQASDenax1YM2g74CsA6ABn_GzvQHIAQmpAmhXHZdl0Io-4AIAqAMByAMKqgS7Ak_QZm43uxI366gQ0tzBSuxtdyZGgj-ZiXif8ZFzOKRgOTDWofY4zeU7_nWuS1RCG1mThAFrtD_1X31S7FAYyyH36oSG27ROKvb4tazJD0HHjrA3QkXxxONolEJSaPtk1XcSEIsF7dtMqnj_lLl1fLSEH47aydc35bBUuvXnDsN1tNQDjaOyo-766ZG3WTV9l9Iq47siCBaLKrY2dhI07BJnQef-g58nXrUfrqd0bVNJa-7S7LrVV7TG6CPmQogKDveGv1W37MqdU3dbl4Yax2R89mH73eaNmd7H8hPHonpCqkt6R2QmbXNWVTftKlEp5mEuIKiHbyqN7eQOw5swl1VaHh72KSeIlfSIk1wzeVb2lqEJtiuyYFMVXrY32dO0yU8dbh_cScodaBu3GV-VhD_2medrlAnT9rJ9tsAEvM--sM0E4AQBiAXT2fnzTaAGLoAHyY7MwgKoB6fMsQKoB-LYsQKoB6a-G6gHzM6xAqgH89EbqAeW2BuoB6qbsQKoB47OG6gHk9gbqAfw4BuoB-6WsQKoB_6esQKoB6--sQKoB5rhsQKoB9XJG6gH2baxAqgHmgaoB_-esQKoB9-fsQKoB_jCsQKoB_vCsQLYBwDSCC4IgGEQARgdMgiKgoCAgICACDoNgECAwICAgICogAKoA0i9_cE6WOWA-fbW5ZMDsQkEiAJDQwU3coAKA5gLAcgLAYAMAaIMA5ABAaoNAkJSyA0B4g0TCNCo-fbW5ZMDFaNAwwYdtTkmlOoNEwiGzfr21uWTAxWjQMMGHbU5JpTwDQKIDv___________wHYEwOIFAfQFQGYFgHKFgIKAPgWAYAXAbIXEBgBKgoyODkzNzU3MTUyUAa6FwI4AaoYFwkAAAAAeIUBQRIKMjg5Mzc1NzE1MhgBshgJEgKzaRguIgEA0BgBwhkCCAE&ae=1&gclid=EAIaIQobChMIvPL69tblkwMVo0DDBh21OSaUEAEYASAAEgJkEvD_BwE&num=1&cid=CAQS0gEABaugfbmk7tS-NKKUTBdyD3wfBwYzAGKhq2hqBHni1EPkWWUAXzrW7GuUjaZNVFZspn3acdOkw3Ps31TQ7Ob8hd1U56jW0Qw5GXEfaLK_52bONoyYOWJEjodUqhrF3S9kgPzPSTZQcj9pJx_kYljh88IELv7I5g38Yt0fh5p-VJQT_icDpRzzooS5QcenSJO0HQizw5x54DMky0ficXlSioucF4VcRCKI7mVQkar9Peoq9boc6iPpphmR2IIf4BRZTB1kmpkY9CO_RKFCETc-M-0YAQ&sig=AOD64_0S6k5g-p05kSqa2aMLExIDtpRZJg&client=ca-pub-7209808242714184&rf=4&nb=9&adurl=https://blog.texaco.com.br/category/ursa/%3Futm_source%3Dgoogle%26utm_medium%3Ddisplay%26utm_campaign%3Dalwayson%26utm_content%3Dlinha_pesada%26gad_source%3D5%26gad_campaignid%3D20912696531%26gclid%3DEAIaIQobChMIvPL69tblkwMVo0DDBh21OSaUEAEYASAAEgJkEvD_BwE,https://blog.texaco.com.br/category/ursa/?utm_source=google&utm_medium=display&utm_campaign=alwayson&utm_content=linha_pesada&gad_source=5&gad_campaignid=20912696531&gclid=EAIaIQobChMIvPL69tblkwMVo0DDBh21OSaUEAEYASAAEgJkEvD_BwE,yes,yes,yes,yes,yes
765,https://www.googleadservices.com/pagead/aclk?sa=L&ai=CQKMrdi7bacaNEOCjjeYPtt3X-Q6-hZyZhQGCj6qhuRWtyv3fBRABIKzZuCJgx9X_jYQmoAHA1In9A8gBBqkCABmVgA2Bkj7gAgCoAwHIAwqqBLoCT9CX1E3uo37GNZMtjQaVyG83IXN4xiuVGQU5mtNcc8sMS2fymOf8uWn1fFvoj6d375As2k6X71At0vh9yuuAKsm3EOyGwJRQR-BV6oDZDoiReTXg-5rU4AqorZWI7TehQQ32a_pg0gAU98V5FHtvsrd-k5jLr2SptYd7z_j-7xdU1gonV8_-j1QhkWk8bnwXGjlTjS6WC10pZfxT1pgE6S6jOrqbSthRnRL6FvnppP2tiR4oYh-bH68pyj6Z5PH8pr67Zn5bahb9EcqPvYr7bqybUEAYPFC4HRm2IXyNj4OnJsMZd-9U66Cdgmb9BM52oJAsR3dZ0uKyQerV5-gdUR1FdcIpQaJ3xgXOGIvwPjtWiHdWE91Krh4QLXlqEJe4UZWHLOcpT5eFKY2exPMR_V5N3UC3jqI6SOXABNWsp6bLBeAEAYgFq8WZzFegBjeAB6ir9gKoB6fMsQKoB-LYsQKoB6a-G6gHzM6xAqgH89EbqAeW2BuoB6qbsQKoB47OG6gHk9gbqAfw4BuoB-6WsQKoB_6esQKoB6--sQKoB5rhsQKoB9XJG6gH2baxAqgHmgaoB_-esQKoB9-fsQKoB_jCsQKoB_vCsQLYBwHSCC8IgGEQARidATIIioKAgICAgAg6DYBAgMCAgICAqIACqANIvf3BOlj6ls6Ny-eTA7EJKMvhInYqZAaACgOYCwHICwGiDAOQAQGqDQJaQcgNAeINEwjqv86Ny-eTAxXgUcMGHbbuNe_qDRMI8vjPjcvnkwMV4FHDBh227jXv8A0CiA7___________8B2BMN0BUBmBYByhYCCgD4FgGAFwGyFxAYASoKNTM0NDE5ODc0OFAGuhcCOAGqGBcJAAAAAGjGCkESCjUzNDQxOTg3NDgYAbIYCRICwE8YNyIBANAYAcIZAggB&ae=1&gclid=EAIaIQobChMIxqDQjcvnkwMV4FHDBh227jXvEAEYASAAEgJWs_D_BwE&num=1&cid=CAQS5AEABaugfetI8xm3ktj8cqOBV2YprqW54wpSxpQO9dhPNqCn3vzNftNLeghCnSeA8scbFiwYTXwCJKEqSX9SKxI7YEMokXRdpvwu2vAevD63vAMq93kcSSdWxRb4vXh6Zzd6RyD7CqrndlB_aH3oKhr80FXIWkQEGuvk_NtEJ-mfxhenrbe1Iy14URDTjF6eYkL3zrEvfL1ZBBHtCPFcXONxHdHJb_GRK7V8Pdvy6QXyJIqnvAA-uUb09V2jM6zwttc3qUga7ihnk80zfR2Zg9j1Pps51lv3pthrvTMf__YBxmoZMnYYAQ&sig=AOD64_3Icy4Tzb7CYub79d1fOVOUFgBn1w&client=ca-pub-4180835694166255&nx=CLICK_X&ny=CLICK_Y&uap=UACH(platform)&uapv=UACH(platformVersion)&uaa=UACH(architecture)&uam=UACH(model)&uafv=UACH(uaFullVersion)&uab=UACH(bitness)&uaw=UACH(wow64)&uafvl=UACH(fullVersionList)&nb=9&adurl=https://pocztakwiatowa.pl%3Fgad_source%3D5%26gad_campaignid%3D23513686699%26gclid%3DEAIaIQobChMIxqDQjcvnkwMV4FHDBh227jXvEAEYASAAEgJWs_D_BwE,https://www.pocztakwiatowa.pl/?gad_source=5&gad_campaignid=23513686699&gclid=EAIaIQobChMIxqDQjcvnkwMV4FHDBh227jXvEAEYASAAEgJWs_D_BwE,yes,yes,yes,yes,yes
766,https://www.googleadservices.com/pagead/aclk?sa=L&ai=CfVnM2xfbad3cOpK7geAP_fre8QHnuZ60hgGIhs6CsRWJ2cGX9UUQASCczvN7YMfV_42EJqABsOXTkQPIAQapAkeZBpO2WHA-4AIAqAMByAPDBKoEzQJP0JnNgwwCmnlr6vWHQY6vgQwPoAjkj-Ryo7tWPLC-dIZGonboC_-uJPS9bLOqTuVdDiRZk32prEA1Vs2FgKsT4dRcvZy8ZgMSEPVLSBeUviy_0H_xG5p9zDCAf4R4dD1SKmkvylVbdilZeYvgLOVIsf6rPHyXPm_c9503NenVzNVso1VGUur3hW8_cQIGgJxCQpl_7yKwI928hMojKfnyMP3IxKWcud0AaTMFMVXkePd9E-W32JOtx-YmFnad7wwJcibysc98UnggazrqaeDCbMAB7Ofj8vbScHl75czosTr7C07F5hRLIlSKSQLprbqdLOMe4ofI4tX1iaA1eQkgG1DWW5u7lb7ol-03o9je3qT1By4JCsSyQXmVESOyYIPrU2v0fc6HAPSWa_eT6Qa6S9dzE2TqMwutyJKgpVcOMXNvmua_w1cKuMbHD_HABLy8iL2MBeAEAYgFo4HY8FLABQX6BQYIJRABGACgBjeAB7iarG6oB6fMsQKoB-LYsQKoB6a-G6gHzM6xAqgH89EbqAeW2BuoB6qbsQKoB47OG6gHk9gbqAfw4BuoB-6WsQKoB_6esQKoB6--sQKoB5rhsQKoB9m2sQKoB5oGqAf_nrECqAffn7ECqAf4wrECqAfi2LECqAfi2LECqAfi2LECqAfi2LECqAfi2LECqAfi2LECqAfi2LECqAfi2LECqAfi2LEC2AcBwAgC0gguCIBhEAEYHTIIioKAgICAgAg6DYBAgMCAgICAqIACqANIvf3BOljK577GteeTA_IIG2FkeC1zdWJzeW4tNzc2MDkzODMzNDQ0NTQxN4AKA5ALA5gLAcgLAaIMBUgBkAEBqg0CWkHIDQHiDRMIyoa_xrXnkwMVkl0ABh19vTce6g0TCNWPwMa155MDFZJdAAYdfb03HvANAogO____________AbAOkOWRgxjgEsOdzJL5kPTnR9gTC9AVAfAVurzKOfoVEjAwMDAwMDAxMDI5NTM3MDAwMpgWAcoWAgoA-BYBgBcBshcQGAEqCjUwMTEyNDg3MThQBroXAjgBqhgXCQAAAADAbgJBEgo1MDExMjQ4NzE4GAGyGAkSAq1RGDciAQHQGAHCGQIIAQ&ae=1&gclid=EAIaIQobChMInbbAxrXnkwMVkl0ABh19vTceEAEYASACEgJNi_D_BwE&num=1&cid=CAQS0gEABaugfeGGBzO2vH1tcgJ5N_jOkDlDu0qxm3sHg-KoMKspTBjV0_ffMp4hx5XZCBdbtRsYh0bRMBDgHHmxSYBhdcb0ffvMYrIZYjjR0d5uedKY4UeamXu5VIFENHqoy6zGuQthG1DFmlDEz3NGl7mWwCcEjWrFMW0JvhTPj0c66HsCtH_6yFUNKpOO0cZNLkwJU5fojZDs8iMxdUi492nQg6injyo2WZBxPg8BvmWoemqtpm4FVgaSEEGRP4Oo3KI4MHTIUUY_DmO0rni-CH8QlPYYAQ&sig=AOD64_3U1uPvaRncjIZpb19ADwPLzDXLOQ&ctype=5&client=ca-pub-2730263451308801&adurl=https://www.russells.co.za/steel-rose-ratten-queen-headboard-kronberg-oak%3Fgad_source%3D5%26gad_campaignid%3D22248030371%26gclid%3DEAIaIQobChMInbbAxrXnkwMVkl0ABh19vTceEAEYASACEgJNi_D_BwE,https://www.russells.co.za/steel-rose-ratten-queen-headboard-kronberg-oak?gad_source=5&gad_campaignid=22248030371&gclid=EAIaIQobChMInbbAxrXnkwMVkl0ABh19vTceEAEYASACEgJNi_D_BwE,yes,yes,yes,yes,yes
767,https://googleads.g.doubleclick.net/aclk?sa=l&ai=CY0UbHRHbadeDJsWKjeYPgp3vwQ-6quaZYcv-9eafCq_qor3AARABINrXxTlgx9X_jYQmoAGx9-DgA8gBBuACAKgDAcgDCqoEkgRP0FIWkgAMbH2adMTVZMtKy3WcGF6YgioKi0QeU0DQ16-luPZEpicZqz5a2BfHyUf53zENW3oXX6ii4Lzm68Ugsg0AimC4pxADOrsdG4WiTnGurpNNyqppco87yT45QMq79Vzw4sT6AIq9sMPKpseVo9TT7jHMvDMnZa0jet51fW_F3CdlFPOHrnm57pwNFGDyHBzD7PKxDDkwHOJlrAHfQ_7Uwl_Nez6_1dByZpocB74NiiVdNDUg67FSPLpe6RKVgfTtv6LJcEZM5ZETXY7kzfo-2x-NQgdKifCShL8NoE-H54wm2WmaCfRkbuiZgug5kDiAhokXzUqhWv_4zcllHLUmM9yG3LttGEUqvZVrQKo5L4dMmcqWvWVTLb6nkkjtbohL6ONl693__30B9xaXJlwrj5SpwALi9POhYv9bg4Du7XklMF4pSE3UE6M7kFi0A-Fb_Q2q2nqAiqaA4rOiMrYj2XFwT1U6PQtbPDv7Mu7SLCldPCM8NAjcBWucF7LDOminzHTa0ABcUKtC7bRQSA8l4jNt9d8lhU_oCPwaN_XVtj5kIw3RzKJponp4Yi7MLQxDE9DT0o0aVRQy6MjMmDAInkWzU_x57XR8KQslLLI7zX3oxsY--ZtvluIOw8cuPEk2d8vZERMG7gbVnItupbj7bXj_uoel0SQT9_nAm9YmY1lcOl3TffR4zNjceIPT7cAE-P_x1eEB4AQBiAX-kIWYBaAGLoAHt4ifH6gHp8yxAqgH4tixAqgHpr4bqAfMzrECqAfz0RuoB5bYG6gHqpuxAqgHjs4bqAeT2BuoB_DgG6gH7paxAqgH_p6xAqgHr76xAqgHmuGxAqgH1ckbqAfZtrECqAeaBqgH_56xAqgH35-xAqgH-MKxAqgH-8KxAtgHAdIILgiAYRABGB0yCIqCgICAgIAIOg2AQIDAgICAgKiAAqgDSL39wTpYqK2Zj6_nkwPyCBthZHgtc3Vic3luLTE2MTQ5MTM1OTg4NzU0OTaxCWcvTJyYNtT-gAoDmAsByAsBogwDkAEBqg0CWkHIDQHiDRMI49GZj6_nkwMVRUXDBh2Czjv46g0TCN7lmo-v55MDFUVFwwYdgs47-PANAogO____________AdgTDYgUAtAVAZgWAcoWAgoA-BYBgBcBshcQGAEqCjg0NjYxNTYzNTRQBroXAjgBqhgXCQAAAACgZPdAEgo4NDY2MTU2MzU0GAGyGAkSAu9OGC4iAQDQGAHCGQIIAQ&ae=1&gclid=EAIaIQobChMIl4apj6_nkwMVRUXDBh2Czjv4EAEYASAAEgKP4fD_BwE&num=1&cid=CAQS4wEABaugfQEnQNHouk_v8fBgpCzOv53y1k2wqAZZCwjfhaNYvyQT22cxs-qKTRl-dx7Uv32ynkPTkD_uthuO0mjYQ49StOa-RcptzkhSliGxnugBqQR8YmJboPAAouLIF80Wx1qZlzfdvK2IbpB5Ouj9kH-E-EGKTMDLPloeO05M8kW0rno1io3foVjMYcMgZLL6EWDpv3BBGGCP0WP6qX0jiWM-z6BgkBt7M99cm1B17-SNPFNJwqAoDrA6jgNNzVxtVHUzWCfUQmFdmb3fe0IEMfjmlUo15G7AorUlMenMLCjjQRgB&sig=AOD64_2nrTY7-_v4fMYvvR81KvkGcSeXwg&client=ca-pub-3605257360853185&rf=4&nb=19&adurl=https://thewealthyinvestor.net%3Fgad_source%3D5%26gad_campaignid%3D1392593022%26gclid%3DEAIaIQobChMIl4apj6_nkwMVRUXDBh2Czjv4EAEYASAAEgKP4fD_BwE,https://www.thewealthyinvestor.net/?gad_source=5,no,no,no,no,no
768,https://www.googleadservices.com/pagead/aclk?sa=L&ai=Cm-Ezhy7bacjONK2NjeYPv9PAUfC8paKFAevFj-q_FdzZHhABIKz8pwVgx9X_jYQmoAGv8rvsQsgBAakC9oLFHIsqBz7gAgCoAwHIAwiqBNMCT9BKppnA17NkEdcjsD6EG5m-wtlxIkU_zM2pgJDZGdulLwcJCQW5F0sMhUk2p_7JJGabLID5dKFXPFRdJBDxexQtvDjr46jyu-ZfApDNj77YVsCwNe9wg5RNeaemilFMcBGsnSZQ4qoa49ZNI2fxuv2UoVhg3a4Xo6KcT_XzqYAbN6RwgLb2mOnWFARqs-cdVvGBLcXsuPa0gdLozi8QUGwV-Uz04wPToj69CgLmhh28aPLqDh1sJ_h6-xg182r7dWthvlef7zxbo-siXpeq-ocom2Uf3gm6jWJ1RNa8dva254sTigousK1r5Z1hJhQ6nFQE-updWABvUS4exakqNDrxD_oFaExcJYbxqXpt_yfetvg4JP8Ga4_erfyCbNaywRdQ7FpwxRbUVsR4pdN6uYDZL3IpgjgITgmxgamylUeXn8is2RJfkpkcTkzcoTmnk_g0wASbrfeN0AXgBAGIBbfIm9tXoAYCgAevqozMHagHp8yxAqgH4tixAqgHpr4bqAfMzrECqAfz0RuoB5bYG6gHqpuxAqgHjs4bqAeT2BuoB_DgG6gH7paxAqgH_p6xAqgHr76xAqgHmuGxAqgH1ckbqAfZtrECqAfYtrECqAeaBqgH_56xAqgH35-xAqgH-MKxAqgH-8KxAtgHAdIILgiAYRABGB0yCIqCgICAgIAIOg2AQIDAgICAgKiAAqgDSL39wTpYuN_-lcvnkwOxCfD6VNPTYsl-gAoBmAsByAsBogwDkAEBqg0CWkHIDQHiDRMIwK7_lcvnkwMVrUbDBh2_KTAK6g0TCNn9gJbL55MDFa1GwwYdvykwCvANAogO____________AdgTDYgUBtAVAZgWAcoWAgoA-BYBgBcBshcQGAEqCjkyMjA1OTYxOTVQBroXBggBOAFIAaoYFwkAAAAAGJMbQRIKOTIyMDU5NjE5NRgBshgJEgKtURgCIgEA0BgBgBkDwhkCCAE&ae=1&gclid=EAIaIQobChMIiK6ClsvnkwMVrUbDBh2_KTAKEAEYASAAEgKHbPD_BwE&num=1&cid=CAQS0gEABaugfeCLz6nAKxza3QQNmKEHmMVVxvUJIVEKHflTn3VJOg51K2ydaUsyN5yvTBjacyHNtZNmP5nD_Iqt1tVAzCRh64lKCidi94gi_fRHYjycm3J-OzB7LtcBTzbzqTu5zXNDGbO_Yktmz26PU_rF8_SwO7HoPzNX7_xfBGsj7yYTOZOv3P_oy0KDJQb8quv44uFu4O-IfaNLugJq7uFnMLM7QFDg7DfUaSPRNZbKZjeeOVOX7HJkmtcAjMrAgRXb_L87NrA6RXjIEDx6yMxKauIYAQ&sig=AOD64_16FUWklRhRJS79AV3R-uVDgXC-cg&client=ca-pub-3793720534573472&rf=4&nb=2&adurl=https://briefcompany.net/en%3Fgbraid%3D0AAAABC2O-S83y4_u7_24ORtzJ-fweqIAv%26gad_source%3D5%26gad_campaignid%3D23545177143%26gclid%3DEAIaIQobChMIiK6ClsvnkwMVrUbDBh2_KTAKEAEYASAAEgKHbPD_BwE,https://briefcompany.net/en?gbraid=0AAAABC2O-S83y4_u7_24ORtzJ-fweqIAv&gad_source=5&gad_campaignid=23545177143&gclid=EAIaIQobChMIiK6ClsvnkwMVrUbDBh2_KTAKEAEYASAAEgKHbPD_BwE,,,,,
769,https://www.googleadservices.com/pagead/aclk?sa=L&ai=Cu2dDMdvaaa32B5ih3NMP-dvbcNnr7bWGAc2OydC0FaDvztqsDhABIMfFpSZgyYaAgIikgBCgAcPuuYE-yAEC4AIAqAMByAMIqgSUA0_Qi6zsdX3otPe4pXal-Vfc_Z6MSqSvz7vOfOdDECGqj8pamcOhr1SRe7L8MioxZNFy90HXJnX3vj1ftsPI_98UsdV62lxEULIVyyrp_FTSN5GtYCuvtJFdFrKFhfRCBXL-p9uFeXOWXx5I11HpIG6IabfeY27KiKGxkPKHSztXcg0ZAZdH1g_HiTxHY92y6y9zCAan9USRfwCG6KmV3wva5V6J--3sLsihK7W-3p_v-O44x0C5Lx7WRra-CZ8nPmAyie7DHSUh8ZD4gDNSq28fcNJCgCMVd_5KBRbjpoeqzephy8TVxP3rM6H2JlaKxDZJAIOov0toedlmAfGKOz7GfsKhJAQZEAWM0E1gyFrAOCDy8cV7euQoXdbn6NOtQtV_-_k6tdj-4E8MR9oD0dpg8OjTGl4IAXigVsgszOUjeodV_1j32avyYWzJLm0fmPRMwvJVAt_QMchY0kZUhkZnUCsPAJF3jewrkT9TUnnuZHdN770AczOp5jDn3NosRPtKRcudtWGMMVPpwq3M8NaV0UidwASovsHQ1QXgBAGIBem1lZJYoAYCgAfDporhGKgHp8yxAqgH4tixAqgHpr4bqAfMzrECqAfz0RuoB5bYG6gHqpuxAqgHjs4bqAeT2BuoB_DgG6gH7paxAqgH_p6xAqgHr76xAqgHmuGxAqgH1ckbqAfZtrECqAeaBqgH_56xAqgH35-xAqgH-MKxAqgH-8KxAtgHAdIIMAiAYRABGJ0BMgiKgoCAgICACDoOgECAwICAgICogAKogxBIvf3BOljxq-fY--aTA7EJItUlUoJMHKOACgOYCwHICwGiDAOQAQGqDQJVU8gNAeINEwji3OfY--aTAxWYEHcEHfntFg7qDRMI4Zjp2PvmkwMVmBB3BB357RYO8A0CiA7___________8B2BMM0BUBmBYByhYCCgD4FgGAFwGyFxAYASoKODM3NjM5NzA2NFAGuhcCOAGqGBcJAAAAALx2GkESCjgzNzYzOTcwNjQYAbIYCRIC4k4YAiIBANAYAegYAcIZAggB&ae=1&gclid=EAIaIQobChMI7dLp2PvmkwMVmBB3BB357RYOEAEYASAAEgJbNfD_BwE&num=1&cid=CAQS4wEABaugfeDa02pO-pqgeglJxdGxzStm3-5sbcUfJabnERKF9s2CXG9c61lpRanMuXtGrRc7u99ovx92WkZEh4B3jYktLCNGn7tMFksnVDzMqfyevkvGK5IjFmDskt_DT3_TSXdPvYVQD8xLFBlrN8GIZoiV1IYdaxV9R3sTnHRH_R6vrjAx7zQBA8EsrIIyM-crIhrbe3W2UogqOF1FeZIc0iGxBJODKr_6_xbHYHxodS_O0BnzYcnARyulHTNYdQuoC4WJausDlQGSw2JzCS_ynhivifUTIxWNfMJEYr7BEpBL2xgB&sig=AOD64_21grobKWp_7PsbmageVThyPIvbcA&client=ca-pub-7270302704377593&rf=5&nx=CLICK_X&ny=CLICK_Y&uap=UACH(platform)&uapv=UACH(platformVersion)&uaa=UACH(architecture)&uam=UACH(model)&uafv=UACH(uaFullVersion)&uab=UACH(bitness)&uaw=UACH(wow64)&uafvl=UACH(fullVersionList)&nb=2&adurl=https://liverdetoxchallenge.com/v2/liver-detox%3Futm_source%3Dgoogle%26utm_medium%3Ddisplay%26utm_campaign%3D23660419817%26adgroupid%3D194784550696%26utm_term%3D%26adpos%3D%26gc_id%3D23660419817%26h_ad_id%3D800561287609%26gad_source%3D5%26gad_campaignid%3D23660419817%26gclid%3DEAIaIQobChMI7dLp2PvmkwMVmBB3BB357RYOEAEYASAAEgJbNfD_BwE,https://liverdetoxchallenge.com/v2/liver-detox?utm_source=google&utm_medium=display&utm_campaign=23660419817&adgroupid=194784550696&utm_term=&adpos=&gc_id=23660419817&h_ad_id=800561287609&gad_source=5&gad_campaignid=23660419817&gclid=EAIaIQobChMI7dLp2PvmkwMVmBB3BB357RYOEAEYASAAEgJbNfD_BwE,,,,,
770,https://www.googleadservices.com/pagead/aclk?sa=L&ai=CuZgXEz3babqEAuyXjeYPmoXmuAql3piPhQGXivyChhLv66as9UEQASCg5YIkYMfV_42EJqAB1ca06QPIAQKpAnP2jashlrY-4AIAqAMByAMIqgTZAk_QLGOkMCT0u5aT2H_-eyEdB0MLF8HNE2rjTalGSq09gr-5jiW6x45UHOLVjnyZmKBNwkGUH_FH-Nf67ofLW68AQ18x5g1apgnw8IdxCyN6s54hUWdMrQmWKaKfKZZ4U1B6cdTV7ZmRMIjUF4A5LzHHtOzibImBt5qJzCGsJV2qw_2Bt7xf_dgs_2UaAKJGp5Skef4tOYHQTkWxkLIqY9O267Wc6R8_Q9xGIR17tty34nf0vGbbbjxZL4g2qtn-_BRPh_W6cqOgscTBKOiZOFF5GiXQpJp5tsQjC2wCYge2dJ_2WlgBakrJEQweuASF2Un2WVlTJHhgb9Qxu2e-8ZO8h_c_0OiiW0bLS5NrApaXgjg5BM7oZG9Xsxt8CGEQGWyCFIE4C4XPpFzzvxInhrekgnIu7exi8dhfmJNWE1o9A2aoawmrUlBMJrEC25glF46CA5sA9NbHYMAEtveW18IE4AQBiAXX0cTYTaAGAoAHk7nLFqgHp8yxAqgH4tixAqgHpr4bqAfMzrECqAfz0RuoB5bYG6gHqpuxAqgHjs4bqAeT2BuoB_DgG6gH7paxAqgH_p6xAqgHr76xAqgHmuGxAqgH1ckbqAfZtrECqAeaBqgH_56xAqgH35-xAqgH-MKxAqgH-8KxAtgHAdIILwiAYRABGJ0BMgiKgoCAgICACDoNgECAwICAgICogAKoA0i9_cE6WOGKqoXZ55MDsQmdBkfR9OSlf4AKA5gLAcgLAaIMA5ABAaoNAlpByA0B4g0TCNSzqoXZ55MDFexLwwYdmoIZp-oNEwiY2quF2eeTAxXsS8MGHZqCGafwDQKIDv___________wHYEw3QFQGYFgHKFgIKAPgWAYAXAbIXEBgBKgo5NTk3NDI1NDk0UAa6FwI4AaoYFwkAAAAAuLkCQRIKOTU5NzQyNTQ5NBgBshgJEgKDVRgCIgEA0BgBwhkCCAE&ae=1&gclid=EAIaIQobChMI-tmuhdnnkwMV7EvDBh2aghmnEAEYASAAEgKR5vD_BwE&num=1&cid=CAQS0QEABaugfcmYYj2Ddus35d9Q1_AFBmZVyoiHFYOAqd4i4SF5gOtpRsr6udB-SM40vEMn1D2THddC-VD7qNJwQR8Di54ftYUwf_yxV_zyHiMhuKWItgnphQDMleOt4ChBXjByVezkU34GpbTXqq6aJW9K4X2GmHzSGbkRMJ17t51IA9VimqBb9aeKxpglq5xU4t9Ux9HjoL-nTqCcEeMaXujTGp5STriJXpyeldwD_HcHc4nnm2ed-Jlco8-W6wrqPfPLjbSwhbfyXaGPHOhTAjOHChgB&sig=AOD64_215THXiaaJQP-9TQNZYmqYiNaQkg&client=ca-pub-2970406823702922&rf=5&nx=CLICK_X&ny=CLICK_Y&uap=UACH(platform)&uapv=UACH(platformVersion)&uaa=UACH(architecture)&uam=UACH(model)&uafv=UACH(uaFullVersion)&uab=UACH(bitness)&uaw=UACH(wow64)&uafvl=UACH(fullVersionList)&nb=2&adurl=https://istorage-uk.com/%3Fppc_keyword%3D%26gad_source%3D5%26gad_campaignid%3D20855204055%26gclid%3DEAIaIQobChMI-tmuhdnnkwMV7EvDBh2aghmnEAEYASAAEgKR5vD_BwE,https://istorage-uk.com/?ppc_keyword&gad_source=5&gad_campaignid=20855204055&gclid=EAIaIQobChMI-tmuhdnnkwMV7EvDBh2aghmnEAEYASAAEgKR5vD_BwE,,,,,
771,https://googleads.g.doubleclick.net/aclk?sa=l&ai=CkGjXWjnbabulOMafjeYPmcmEwAfLooejhgGerMPjzRXy2d_Hiw4QASDCiLkiYMfV_42EJqABv7eaokLIAQKpAhA1BGu2I4E-4AIAqAMByAMIqgS0A0_QVgvLJyOFCG3MSFvjbMTy8qLt-NNr47KGTVpD3MnJEpODg38kHb7bKtaFOoOkIdZevFZvIB2TWMVG_rFOBbXT8DczjXSrm9ZBeOiGJUtWnYez64hO4Plw0odsDrl9wSQ5gWEzrtBhy9ylKv397kWCZx2-PyLWfY0JDYH_46Q5HnFwo86AHNO61aqBdmGt3W3bH-KSCXz6mRXS3I429zV-PS-cGUJ9zVkyx2Oc0-_ftKa1YpWUxWclLvmfkLJ8xQZQpqMJNErQTgfIHlGWFiCoWMOU_uURDc5e7AmBcjseOnhMzJsQDZ73jaeB5W8B76SFR1fUEJRI8IGI3PWB_3Kj43ay86QixQdXy4dl9YXJjY3f-NUbg295GmnKPs_X502iMO-6BEokujcxXzY3smUzlkrZrZASjxzE89amOUWwcQoeC-OBCZ5gXwdAcEkazruO_ngqbyqcO4-IHdxpL3O5UAZn9w9mNb12hYDqhDGNAuH8vHHVQBhhGCoda5HNvUZWZUvQFieJT-i-au41unbD5rfmSRivb2zepaJwJafkUnbOrrWAeMKYOCKCylpiVLqh2zvABNDZhJTTBeAEAYgF56jA-FegBgKAB7_v6oEdqAenzLECqAfi2LECqAemvhuoB8zOsQKoB_PRG6gHltgbqAeqm7ECqAeOzhuoB5PYG6gH8OAbqAfulrECqAf-nrECqAevvrECqAea4bECqAfVyRuoB9m2sQKoB5oGqAf_nrECqAffn7ECqAf4wrECqAf7wrEC2AcB0gguCIBhEAEYHTIIioKAgICAgAg6DYBAgMCAgICAqIACqANIvf3BOli18qu_1eeTA_IIG2FkeC1zdWJzeW4tMzQ0ODM0MTg1MjkyOTI1M7EJP6lhWLzkpoSACgOYCwHICwGiDAOQAQGqDQJaQcgNAeINEwipr6y_1eeTAxXGT8MGHZkkAXjqDRMIieOtv9XnkwMVxk_DBh2ZJAF48A0CiA7___________8B2BMM0BUBmBYByhYCCgD4FgGAFwGyFxAYASoKNDgxMjExMzE1MVAGuhcCOAGqGBcJAAAAALgJGUESCjQ4MTIxMTMxNTEYAbIYCRICsFMYAiIBANAYAcIZAggB&ae=1&gclid=EAIaIQobChMIu7quv9XnkwMVxk_DBh2ZJAF4EAEYASAAEgLLR_D_BwE&num=1&cid=CAQS0QEABaugfbOhWX9htqM2LRlaBaG_CbXeEd4bNe5P76MUuy3MdVdPqRkYDFPEK-snIGb4IysIE1zheIFk-ksU51dA3Axb3ho7AIlo0WZtbqq1x-F4dhzE855o9vGebmF4sGdK5KrnupvTYxgTS5niDLJZyFrNh3bD6HylTOxFOvHOYa6tnPRwV2ONEDJj06D1R108LnB9spjq22QRC1DVezsd7NAPL8pEGqbfyrZkcP1Cc8AF994RFtHWRBX0pCRJRlm0cSkfU0a9cHFc_a18hkZzCxgB&sig=AOD64_2hYS4TBPto31vsg21RQlL_G5XZUw&client=ca-pub-5610521491184789&rf=5&nx=CLICK_X&ny=CLICK_Y&uap=UACH(platform)&uapv=UACH(platformVersion)&uaa=UACH(architecture)&uam=UACH(model)&uafv=UACH(uaFullVersion)&uab=UACH(bitness)&uaw=UACH(wow64)&uafvl=UACH(fullVersionList)&nb=2&adurl=https://www.arcaderevel.com/topromote%3Fgad_source%3D5%26gad_campaignid%3D23606596711%26gclid%3DEAIaIQobChMIu7quv9XnkwMVxk_DBh2ZJAF4EAEYASAAEgLLR_D_BwE,https://www.arcaderevel.com/topromote?gad_source=5&gad_campaignid=23606596711&gclid=EAIaIQobChMIu7quv9XnkwMVxk_DBh2ZJAF4EAEYASAAEgLLR_D_BwE,,,,,
772,https://www.googleadservices.com/pagead/aclk?sa=L&ai=C2NHc5iLbaZifIKO7geAPl7H8-AiTz732gwGcwoP_3hTyiLHGnQ4QASC-z4caYMfV_42EJqAButu2nkLIAQbgAgCoAwHIAwqqBNMCT9CKHzqNROR6tVzm5rb9Itzhg-8-xf6ESmMEZfS6ijvPutSuhADSM5z1vlx3UQ5swMBasVvX2Dhj6qXNe2mQ1w-wIU9A9MmnnIKOjKq04si9qCRFy6Q6IGphCeNcBaZfbT371PuQ7dTHT6v7wAsQqwCnSw2wBSRCO76WqtIiXmxmYBLB1MmjTwE8-B09qhzKV2RdjpG8Lh3an9VRVOgjRkS-UghG0qNqQ9kyoo6D2VVDdu2FXkjJmXP8LEJ_9dpsr0lgghlT0O2xaQvCL3nnfEt5ns0XYLkrgP2k43jV7TJ5wWjEmR-xbCB6zzg2Dg6D0xYdExqbat7y4rb94EQbWR1f0sV2-3Cal9B_aKNNpNEkhCXhnxfkCMUd3EqRGPEQmXkJOHp7pobP_gt0z-AYx18vkiDe1L65zRYDP6sWkC2MYJRSuIzlJqiIBH_9ixlXmficwASVgOemwQXgBAGIBYjuqPdWoAYugAe6k4f-HKgHp8yxAqgH4tixAqgHpr4bqAfMzrECqAfz0RuoB5bYG6gHqpuxAqgHjs4bqAeT2BuoB_DgG6gH7paxAqgH_p6xAqgHr76xAqgHmuGxAqgH1ckbqAfZtrECqAeaBqgH_56xAqgH35-xAqgH-MKxAqgH-8KxAtgHAdIILgiAYRABGB0yCIqCgICAgIAIOg2AQIDAgICAgKiAAqgDSL39wTpY5aWmisDnkwOxCfLHjVufW8ZYgAoDmAsByAsBogwDkAEBqg0CWkHIDQHiDRMI3NWmisDnkwMVo10ABh2XGB-P6g0TCOrsp4rA55MDFaNdAAYdlxgfj_ANAogO____________AbAO-JHu3hjYEwzQFQGYFgHKFgIKAPgWAYAXAbIXEBgBKgozODUyNjA3NDM4UAa6FwI4AaoYFwkAAAAAeA0JQRIKMzg1MjYwNzQzOBgBshgJEgLATxguIgEA0BgBwhkCCAE&ae=1&gclid=EAIaIQobChMImKqoisDnkwMVo10ABh2XGB-PEAEYASAAEgLChfD_BwE&num=1&cid=CAQS4wEABaugfVcU_x8UGdG4vNYz3gwh9Q03_-Q4nPCoFOd5OhFfjgVBmk9anSPqV9ZLY9zdJCxuxaYEQRBzyolynZTEldtfXSsGmeCCFtrNMzr3uMk4XHTZBhX8qTEeHZsEqOvXyBDaD60YqAiuX5JEQZV9NavcBZ6n1GfLLBYZ_WIH10CzGMjRbwqO3Z64lHFWQKP10am9IKMDbAtD7ePwKAXw8TpWW57J6hMHY_LM9UI0uZ8yKFKlc4x01dJWlwj9pmL6SYHWqHCifAnsSk3LT2kyh6CERLtAcKu2hhrSnWV6H2UWvxgB&sig=AOD64_1aNLKTKIu5IdvYsX6EX1OJT-qaAw&client=ca-pub-6453680425766689&rf=4&nb=0&adurl=https://www.galiforniaundies.com/%3Fgad_source%3D5%26gad_campaignid%3D23335679752%26gclid%3DEAIaIQobChMImKqoisDnkwMVo10ABh2XGB-PEAEYASAAEgLChfD_BwE,https://www.galiforniaundies.com/?gad_source=5&gad_campaignid=23335679752&gclid=EAIaIQobChMImKqoisDnkwMVo10ABh2XGB-PEAEYASAAEgLChfD_BwE,,,,,
773,https://adclick.g.doubleclick.net/pcs/click?xai=AKAOjst6T5g2mKsDd-2MPEEFxu8i-xe9OPSwuas_PQSMY6JR30AZtkG9GpTcs6josEHXcUBC1H6ipiJweUIqK95SaQG4mItkGJGjgMgFhuicEPwB11bKrbRreaGT2Zymq8SkTscFj3lH9bgWwhlSluaHnvfklYYtiIGVvs9kqT4siooj2bwqUHMGgfhGMhhZIE2oR0WJfveSdYHozD0ceH5lMKU8NsVyUjrgpQR42ofLBCR3MM0LrSxLpiJoX5etkKhTIZiMChlNUlnlpad8FjAq7zJ7-bpME2cYzHLrMxbLw550tdHBhIU_hVZHuh8vQCjPht_j2JwMzJzy1fF08w9wSHZWVkANDW-8nbdYoZShVn2XfmRaEz7rq8AyUpe96zjlUCiNXeYvL90bkI-7SCVRncAp0NdgxQKsV6ro29QZoRm4Y2XpQB8T9yOkGVFLeJqvH8OBlJoJ1ewae3qgkti0BonJh2g_XnVi4YxnyLQAaeqKWzvhsx1Fn85Qpaa8BgtrWfvKpRFblp_jdDw413JQWYtUuDIc0QzYShwbG_9xvOFTPyKW9I9RxLLSHjk-P8iw1WDdeytrFH6JbKSZT98j-B7WuNU89JYNikV_Fh6qnvq5m0R6WjHEb6zm_sO0Lm6K8GH_1cQ3YIHmFUp64ZNZtZ5ch_q-DVI1h5xm-c_oexCivcTyadqNgGL3kNpYwY2P0GoGvjXgC6dtf0sZbNTamtsohUq7mMCNGwWnHHDsJDq2c79dNr0bAXw5hqZioy1ltj9B7dosb2NEQoPX8eMhFZQucTee1d4MZKxzqQjJE5YH6iT1YkASprlgZrQs4byhEBlOqGeyVUmyTwMeXugH8zWbE2VWuQvrVL0k7l-quxTP8eTWI-ZKqNoiz40u9aABuNg3LUxwQ1vLkOHbc8UNeDGRyGYW_L5_fNAgAMj-RiiF0P1hS-kaPiPMGo3OPugXVPeJeSXQa6O_G78p9gLY6k3PopKUKApKFc2B5kUvUlRgGrIs2LwG8ibfvAiGUjbzCqmwFwb_uq_1ZXho-P8rrG8BB_gNrh_M0RF9v6S-IUcJzPdInfI_PMZPTII9zeAfV5YisckixQoWo_qZmKUToLfFVngyKIz1o7t69K_BzZne9R4eFmKhkjc6frCvhMSOWK_wsduhIqRcSnBagqqroEivXFUf2keSFWVWLfSWHMhcX1vVV2dGkNDDJ1KXI5hb6con9N1cNNwSvmmHDyrmMkfic1eG0LOOFOsvcmfCPoPPnqSZSjxO5cLfMmAAZI7uPnvPijB1jdN6AhiBxyNa9Ed1Q8jaibAqUFkMUBVTTrqu39Ejjq6iahgWwqhwJ0fXVF6u8IhKy1l9pFosAE_x7VqVhDheVb9h_lVlJkGf4SA4uyLDeDGbjO7bKYdXV9UNTRF-v2-knz0C594N4vbeHIcP6eCZzEMDZbxuLF-wrzrHgKTXnSvrNs7cUBOAo4UM_lc1P4tSLAPVegsBOwYKi_igPZlblbG8Yb-lZh7KzElZ6O90QS8l0nOSSwbzOoyisJb8nu0SChJrDbjV5aU3-BWc1-zhsmcq5KVoTQoiHrnA2LiWPIvkloOsoxzemD7ctB35xUJZhmchdTjCB1Zs6w1_nk3k4V2-BYzEB0ZdDquP19PTo0D0sFHsb0P2LvN82IAYYH1p_gM_USBMlqXwNTrAVtzv2suQtY2IJ9Isy_G1BJEhngEelB9WLZvtgimFgbIYZeUy_aQF43R9rV7CDzwzxDRnH-CJg-hJBnj9AF9NQ-Lb_mNBaa_UDiyi3KJZlZcCjts6nDHWi8KdTB2L1rTaQ9reP3OUY81P5dGQQmWOCD8S8cZrt-1F19eQLA_6HUVU2d9D6ZjPHFu0-QbCgjnkfP4PUKXv0_xiuydQmekm5bkGVkTV6iLM_IhqbF0uuS4iQ9Y7lprLiGyxqD8MpZqp7QrVXzYj-uHyQw1eIODY2Qg4dFU_r53w3F62rN1VS127zbBiAHiIoHfELIZzColXcm8oIYu3RgPALMatr5FpGH28lEnuEgdBKodYpFGwFzwvu9VbbTIxhsdbY1hV_EMwQA8wnMTU6zZtC_eFKU5LZ6FeDz5Dy-6wzbgwu3Z15FYilC5Jjz6XAz1gyB6TMvKkltqAIEyv8A8TVqOZfnpD1yzmfpdQv6BPg31fijr46-1CPjuzhMcnRJOoqVdbAlGDw7jT6onvAnem4nxYcnVvVUo4VSA&sai=AMfl-YTn41ToAXuN0vYNwl1SQDfN1PtHX3qlGEa-YKzxkBdIf1xU9dK7_815uluLFXdrqO6TCDIBvSZL6EnbvI5il6XTo5UX9cwS-3L2h7iOune1E2g4yemISO3_uoIEmOYGEC8yWaMwC2B0uHaqUs9LnHFZq34mQ4DConpWkThkUsrQBUn0_aGlqy9vaTtsjeA2PoEsXemB3LQcI5V0fjaoreZEFIJEwJYW_WnuyAvPxJkIxbYKE-w2qcCidPgBVeisZC9pTqteW31bv8NsIGQa9FQQeBBtOmvMeC9VwwHcUchr-K0XrwQm3epLzlqcEADZSknsn3w9J4_HUAwhb9lTfczp76fkaagrshHIGxClKiaJrkcclcetoeMVTpPRfErqYC2Q8rcHs503n9mhDwpzluTK5iFZq4OBjUiQKoHpYTNN811KEnDtlQmQEX-XFkPJ1hcRp47YjPdW5CMIHbk-mqNFQESM8VinloIzZt53lN4aNhtmEDkEhzPekU1WIHt3OMVnt5iN2Lammay9bC8WxqEgaUtdWPcegZn1gxSW0iKDQug_-LWMt1dRvy0Btekz32LM4y6CBErrpGWNIQm4zvZjnUzb7D3b1xx9nfxjqrez_J-ou22Cxx2m_UC5WVrAMjl3NKQGZanHHpsK-5L8U12_0F0PztURCKZkLFpBaD6VZ5tZJOoTeUqOe_TTtQjLSCGGYNnmLoD89hYGyA2oo9eARztXd60fMklMDlwMvIJdkeraohtgkqm46FfQXGkY2kIu5AvxdGe9gFs3RTGQj1mh-C1rozQ8_e5_dV5_Tn52eiqNXNqV3hGmHyo9IvyxaZnVh4rpom18Qdw_NUgz1iYTWGTyO8K2ybz2uBijwla6fypdUflItxwys5oAfHd6ppbAwUPmWlqE&sig=Cg0ArKJSzDSyrbPKdLqy&pr=97:0.1664958762886598&cry=1&fbs_aeid=%5Bgw_fbsaeid%5D&urlfix=1&adurl=https://www.absa.co.za/self-service/digital-banking-services/digital-ways-to-pay/absa-global-pay/%3Fgad_source%3D1%26gad_campaignid%3D23439588228%26gbraid%3D0aaaaacg7uv1c_a9zpsl_gwaxjpvhiaof5%26gclid%3Deaiaiqobchmir92b64oukwmvhzbqbh3rkdieeaayasaaegl1uvd_bwe%26cmpid%3DDMPR_15nrr%26dclid%3D%25edclid!,https://www.absa.co.za/self-service/digital-banking-services/digital-ways-to-pay/absa-global-pay/?gad_source=1&gad_campaignid=23439588228&gbraid=0aaaaacg7uv1c_a9zpsl_gwaxjpvhiaof5&gclid=eaiaiqobchmir92b64oukwmvhzbqbh3rkdieeaayasaaegl1uvd_bwe&cmpid=DMPR_15nrr&dclid=CLKwzcbI6pMDFS1aAAYdSR8ZLg&gclid=EAIaIQobChMIoKmO5rbnkwMVy5WsAh3SRBjlEAEYASAAEgJu8_D_BwE,yes,yes,yes,yes,yes
774,https://www.googleadservices.com/pagead/aclk?sa=L&ai=CWazpvBPbacndCqOygeAPs4PLiQiwnN-ohQGyyJ-LwhWEh67LlA4QASDCiLkiYMfV_42EJqABoJnv7gPIAQapAmD9s7Mhq7M-4AIAqAMByAMKqgTRAk_Q7lPHR-Ff0zlkF_ewAnMGuCePZCvAzOJS-x1j5q_q8IuDZiqXQVP8oTcaLGsg1rF1IrBLm3d7cMfh-Cj6vmTIPa5Bx6u7DV444CHjJXH19GPEJIOh8SiUKBcVnuvI4uhSx4cLThoiJnIfzZSO3_Ewkb7midSgKEzrSXBjZl1hrcxxSG73DNV63l6LDjJAf9IxOjkz8ctpn3dt584QA1VyEt0AW4L9o3ZkheHUXHvD9To4mNfU0gBuTdIwlWUMufYbjpcn8cFZxhxzmc3JS94w7t8DD_cenanWkLO6JChMhjRKQFNjBWpAdayEpDSvmw1oZmMUTt8LqLWAcrYFsp2VUWaft1Ve2a5nA685vDT9prhLoLz_WIEdrmn7l7SOg64MSgerQeMMpKneDTs1PU0QXLkZHihXALOyJ5ii1bRzoU6QWeMm4oHClzYCq5PCT4LABIXljbnPBeAEAYgFupHEbqAGN4AHyOaQEagHp8yxAqgH4tixAqgHpr4bqAfMzrECqAfz0RuoB5bYG6gHqpuxAqgHjs4bqAeT2BuoB_DgG6gH7paxAqgH_p6xAqgHr76xAqgHmuGxAqgH1ckbqAfZtrECqAeaBqgH_56xAqgH35-xAqgH-MKxAqgH-8KxAtgHAdIILgiAYRABGB0yCIqCgICAgIAIOg2AQIDAgICAgKiAAqgDSL39wTpYlbWFz7HnkwPyCBthZHgtc3Vic3luLTM0NDgzNDE4NTI5MjkyNTOxCSU56DeoDAHJgAoDmAsByAsBogwDkAEBqg0CWkHIDQHiDRMImoKGz7HnkwMVI1kABh2zwTKB6g0TCMnFh8-x55MDFSNZAAYds8EygfANAogO____________AdgTDIgUAdAVAZgWAcoWAgoA-BYBgBcBshcQGAEqCjQ4MTIxMTMxNTFQBroXAjgBqhgXCQAAAAAg7-ZAEgo0ODEyMTEzMTUxGAGyGAkSAuVrGDciAQDQGAHCGQIIAQ&ae=1&gclid=EAIaIQobChMIyauIz7HnkwMVI1kABh2zwTKBEAEYASAAEgJLWfD_BwE&num=1&cid=CAQS0QEABaugfTxjCaG703bIZIPYUsVC7F379YG5gVuiTZRXCv7T_9B2mMd2dY1g1NQD-up-g64Nt8uhn0fra6kw7q_iMIkGs4HUlMI2AUu-xXMUSpZsTR-gA__nXaUdcDJy6CP2XB9SFVMPON1wLxxoLSXmPbSNXxRiadHq9SibvVHXIvh-y4MxVObe_soPz817PhkWBkrSgfkhlsj8hJrcmcbhIDHyREzbyrzZLT1LH__R0Pqj7Qz_bI1OqAPCW0Mu3fUiiVPAcaKwm86fhG878kC0jRgB&sig=AOD64_0hU7hAVBesau_EDT761hkswo9vfg&client=ca-pub-5610521491184789&nx=CLICK_X&ny=CLICK_Y&uap=UACH(platform)&uapv=UACH(platformVersion)&uaa=UACH(architecture)&uam=UACH(model)&uafv=UACH(uaFullVersion)&uab=UACH(bitness)&uaw=UACH(wow64)&uafvl=UACH(fullVersionList)&nb=9&adurl=https://www.oknoplast.it/promozione-koncept-plus%3Fgad_source%3D5%26gad_campaignid%3D231803066%26gclid%3DEAIaIQobChMIyauIz7HnkwMVI1kABh2zwTKBEAEYASAAEgJLWfD_BwE,https://www.oknoplast.it/promozione-koncept-plus?gad_source=5&gad_campaignid=231803066&gclid=EAIaIQobChMIyauIz7HnkwMVI1kABh2zwTKBEAEYASAAEgJLWfD_BwE,no,no,no,no,no
775,https://www.googleadservices.com/pagead/aclk?sa=L&ai=CO5xgJijbafuFKNaA3NMP34GdiAjN-461Zp33nYqeEaua9LW9DhABIPCZzxlgx9X_jYQmoAGDyOveA8gBCeACAKgDAcgDCqoE4AJP0Otl-Oa-r5KNxeaD-zlwlOZX_izh74H5JVMbI7rjCmSLKDE7MtIg5CCmDG0CwkbtsKKmIqYqPO7n3TB_ZsgR7zUBB1sF4Z7brGA0tjl1vkU0bdlrpta2c39t9XcX8Cc4Wttp64FS3KIRsztV_vM-3cWjVB1iUHHmIQ6hiHp5_5zpoejDtvNDeu9rAFseLrJCz5YXqx-bc9CqN1eu5pvXO03KQifaw7QdwK6rGpVcA4zc9xMz-rBfddldtrul-zU0y9qXr8a1Wa59_HKNtokPhmEJd0didWRcm334NOlEzsb13XDnuJrHluLa31wFmHYGJmxyGRlLRROwwnSC65IxaHlVU4qtmF0S7Eb326y_ZNN_bxSbqshnKDxTp8-xpbzdToE8c3PHHGHNQAZQqTQpByNTNtasMhRVzdcx5tCVh2eSXZQiIihaAAp_lgdf-X7qNJVj8Q963-NahCH3JkjMwAToi7rN7APgBAGIBfT4_984oAYugAflt5QhqAenzLECqAfi2LECqAemvhuoB8zOsQKoB_PRG6gHltgbqAeqm7ECqAeOzhuoB5PYG6gH8OAbqAfulrECqAf-nrECqAevvrECqAea4bECqAfVyRuoB9m2sQKoB5oGqAf_nrECqAffn7ECqAf4wrECqAf7wrEC2AcA0gguCIBhEAEYHTIIioKAgICAgAg6DYBAgMCAgICAqIACqANIvf3BOljsrZ2LxeeTA7EJZZOvfkk_lZaACgOYCwHICwGADAGiDAOQAQGqDQJaQcgNAeINEwiW152LxeeTAxVWAHcEHd9AB4HqDRMIvOyei8XnkwMVVgB3BB3fQAeB8A0CiA7___________8BuBPkA9gTDYgUAdAVAZgWAcoWAgoA-BYBgBcBshcQGAEqCjEyMzMzMzY3NzBQBroXAjgBqhgXCQAAAADAwg5BEgoxMjMzMzM2NzcwGAGyGAkSApdYGC4iAQDQGAHCGQIIAQ&ae=1&gclid=EAIaIQobChMI-7Cfi8XnkwMVVgB3BB3fQAeBEAEYASAAEgJ6wvD_BwE&num=1&cid=CAQS0gEABaugfSUASzZhdQy6Xe-YjD6yChmc-gzY4XjhqFJN-dgN1vqfsA1jtn59-YMX8uxHid1u5gFzz5EcUzo026WePq-G6kjurd9RzrJ0pXfxWxmdXSkMTquWgrbFX_Seogg9exX57wieu8LstAMua43pWY236yNTjW04WSHmgJLw_YbNSHw2eCZwprxPMXPT3Bwh7u7t824xIPrae1Gq9Xau5fgPHlp8eBSXv8apg0zexVsKndBNqKqSkHKLCQuBcmlArvDM6rNCJq8VlxJ3lzIgEicYAQ&sig=AOD64_0H526qOfNUD8C-jQdW5RWyOeOFOg&client=ca-pub-9935970894247316&rf=4&nb=19&adurl=https://www.visualworkplaceinc.com/%3Fgad_source%3D5%26gad_campaignid%3D15233711220%26gclid%3DEAIaIQobChMI-7Cfi8XnkwMVVgB3BB3fQAeBEAEYASAAEgJ6wvD_BwE,https://www.visualworkplaceinc.com/?gad_source=5&gad_campaignid=15233711220&gclid=EAIaIQobChMI-7Cfi8XnkwMVVgB3BB3fQAeBEAEYASAAEgJ6wvD_BwE,,,,,
776,https://www.googleadservices.com/pagead/aclk?sa=L&ai=CB2aJcg_bafatNfeLjeYPn5H4gArt3vS3hgHAhsjdtxXAjbcBEAEg19idImDH1f-NhCagAa6QofoDyAEJ4AIAqAMByAMKqgSEA0_QTwFlPjLLnaLSu2XTfjz3HWz-ofSeD11UpDJNp855Nap-AYA-dvQd5nvZNi3IuKbinF0HXKOmvx_Wg5Bs0J4Pswz2cMiNqxoXUqQz-VTiJ9Y5ETf7dwUyN28SoNw0fefcTvoKzqYBjsljMsDNC_s1DA1a4AZvTVnDcoiq0bScprZUQ-s-UmG2Fzh5kI4d1HL2ymAEKr-_oPUJV9njtf2qpqpH1_vs5pNYax2GEQVOvOnn03jpMAXC-K0TAnqyq30VedyGj1NwVxxFRqtCHrvPc0qRsp_Ch-sCHEdflt5hSV1Jvs2fkzcqDNilZ4nDPBwQVjuAW6V6CkPylE42W84V380H2cleLlMi3NGfrERRbflMQflSdXdNDRSSgrZusBdMFXwgs3-J-E5CdgosaY7wDWeAZdzxQL9BctOxyb73Mvy04LSb70HR1WVLAAb7XgISNbo4NsswvfLlP9PpqXNmdHo2zC-p82rP_QIfc61wX8pRdFMpacqc6DMOnulbHedae9vABO26jorVBeAEAYgFv77f-lWgBi6AB-n13y6oB6fMsQKoB6a-G6gHzM6xAqgH89EbqAeW2BuoB6qbsQKoB47OG6gHk9gbqAfw4BuoB-6WsQKoB_6esQKoB6--sQKoB5rhsQKoB9XJG6gH2baxAqgHmgaoB_-esQKoB9-fsQKoB_jCsQKoB_vCsQLYBwDSCC8IgGEQARidATIIioKAgICAgAg6DYBAgMCAgICAqIACqANIvf3BOliQxOjDreeTA7EJ362QPIrflCWACgOYCwHICwGADAGqDQJaQcgNAeINEwjK7OjDreeTAxX3RcMGHZ8IHqDqDRMI-IHqw63nkwMV90XDBh2fCB6g8A0CiA7___________8BuBPkA9gTDtAVAcoWAgoA-BYBgBcBshcQGAEqCjEyNjkwMTAzNDhQBroXAjgBqhgXCQAAAABAiQhBEgoxMjY5MDEwMzQ4GAGyGAkSAq1RGC4iAQDQGAHoGAHCGQIIAQ&ae=1&gclid=EAIaIQobChMI9q7qw63nkwMV90XDBh2fCB6gEAEYASAAEgJil_D_BwE&num=1&cid=CAQS4wEABaugfUNSPsdIbkYYTazPE1MOFbOyR3vHlJMOIqPBpelh1CL0ojhorYOOx1urPuXagI-6yviw-MnTu4_EIcPWp2DyQBpJV-b_SZoJNtVwuTShNZlzqw29fsnCWDn35qVxESd0gVbzvXTmF4OT3uE1IgTh47kszEvNZdBuaBkvL2NV4JfmAyDms7pqML9O1L8pNOIbVlD1b7kTZnhkkPgsNQ4PCZ3ub__SWXeQAiidQbhGhrpwDymmo6GKoBhaC8KvcVhXUbUjjK1eXlktM-Xg5Pha8_HVBWkaeQNagGtCRtnCGRgB&sig=AOD64_21W2S7vnJK3OLECsLzJnFctdwb4g&client=ca-pub-8475685469544477&rf=4&nb=9&adurl=https://www.wayfair.com/daily-sales/charles-barkley%2527s-game-day-picks~e350180.html/%3Frefid%3DGX803124862056%26network%3Dd%26CID%3D23074430783%26adgroup%3D194636914029%26placement%3Dapnews.com%26crid%3D803124862056%26device%3Dc%26CrName%3Dgtm_charlesbarkley_gamedaycollage%26refid%3DGX803124862056-%26device%3Dc%26ptid%3D%26network%3Dd%26targetid%3Dkwd-0%26gad_source%3D5%26gad_campaignid%3D23074430783%26gclid%3DEAIaIQobChMI9q7qw63nkwMV90XDBh2fCB6gEAEYASAAEgJil_D_BwE,https://www.wayfair.com/curated/charles-barkley%2527s-game-day-picks~ev603172.html?refid=GX803124862056-&network=d&cid=23074430783&placement=apnews.com&crid=803124862056&device=c&ptid=&targetid=kwd-0&gclid=EAIaIQobChMI9q7qw63nkwMV90XDBh2fCB6gEAEYASAAEgJil_D_BwE,,,,,
777,https://www.googleadservices.com/pagead/aclk?sa=L&ai=CXLZaXCnbabThEp6Q3NMP97biqArIqKW3hQGV9M6nzBRkEAEgsIWdGmDH1f-NhCagAZjl05EDyAEJqQJHmQaTtlhwPuACAKgDAcgDywSqBMwCT9C0vT0DFhzI6R2_0MNezmRdrOnNq9OawrK_sBqBJX7hdSPOJTxOcTjYqUWiYQ7IjhiZKrz72neDFAwo6kBie6F4hJGG-EMxzN-LUfOLFQfZSORcUDkaNdh7BZH_7vY0HGZ557z3KuK-HWNgUDpVsuln6jfkLFIzQV593GqpTpcYDAjww4rpqiyjGTMCnSsMZQeJRDywKcrADfKIkfGj5SVO1SD2cpkqSHeE9xnuxT_eBq8-vr12J7k3Y3BPwELFi9KwJmfakSq2VBtnFMX-u2LyK1XB7cbG4FCovlDZgk9OBNDipqYuS7Nz-5V5CtkS80Z42XA96xxYJM9QYLrqsmNQHqMx-LKD0Pfpr-nrHMjUmkZ_rCIg3ZxDwNnpeRv_0TXQDDT76rYcy5Td-4kJPyWnD7XCdIGHE9Cl-CjljjRdmOcc8Dt68WNgWQzABKDHtNrMA-AEAYgFkZa0ly76BQYIJRABGACgBi6AB9CarG6oB6fMsQKoB-LYsQKoB6a-G6gHzM6xAqgH89EbqAeW2BuoB6qbsQKoB47OG6gHk9gbqAfw4BuoB-6WsQKoB_6esQKoB6--sQKoB5rhsQKoB9m2sQKoB5oGqAf_nrECqAffn7ECqAf4wrECqAfi2LECqAfi2LECqAfi2LEC2AcAwAgB0ggyCIDhgBAQARidATIIqoKAgICAgAg6DoDAA4CAhICAlK7gA6gHSL39wTpYk_7vnsbnkwOACgOQCwOYCwHICwGADAGiDAVIAZABAaoNAlpByA0B4g0TCMq28J7G55MDFR4IdwQdd5sYpeoNEwi7lfKexueTAxUeCHcEHXebGKXwDQKIDv___________wHYEw2IFAHQFQGYFgHKFgIKAPgWAYAXAbIXEBgBKgoyNDU5ODM3NjU3UAa6FwI4AaoYFwkAAAAAkKL9QBIKMjQ1OTgzNzY1NxgBshgJEgKtURguIgEA0BgBwhkCCAE&ae=1&gclid=EAIaIQobChMItP_ynsbnkwMVHgh3BB13mxilEAEYASABEgKPBfD_BwE&num=1&cid=CAQScQAFq6B9_9VHRbFpVuey34JJG8dHgB5qjrWYhYAIkbhTv3aTwZP4IhdaL4b1xSbgXGnGm_C5ubmGORfGs9zeGSQrddDDLd_LzBotRKQ1ttEXLhniQcwGw8TlMJ8lZOO4WUdSaJEgUhDwR8AYLt0g1UfVGAE&sig=AOD64_2nQ7xXeajdV2gl8o1ovviWJ2bnFA&client=ca-pub-6447179309296276&nb=9&adurl=https://www.sleepmasters.co.za/steel-rose-ratten-queen-headboard-kronberg-oak%3Fgad_source%3D5%26gad_campaignid%3D12397120273%26gclid%3DEAIaIQobChMItP_ynsbnkwMVHgh3BB13mxilEAEYASABEgKPBfD_BwE,https://www.sleepmasters.co.za/steel-rose-ratten-headboard#889=25366,no,no,no,no,no
778,https://www.googleadservices.com/pagead/aclk?sa=L&ai=CjnUThi7babvRFum1geAP2r-rsAeG__m0hgGtyJjYuxXf1KH92A8QASCtspoqYMfV_42EJqAB5dnOyijIAQmpAmD9s7Mhq7M-4AIAqAMByAMKqgSfAk_QXQpYkdbhZRGmiNkLJYxJA6-4ZqiLaTaiue208bds_hesCyAkoEGgw_tmWEKAfISCxNFAXx_huIKASTNiUrW0u5nxPAyQwXEMSWjT6qprC_tyk6UOILUVRP7PdkzyUYabUPgAfdhPum7PwtiB-vqHAsVuCkv0MxVLjSHTZqsWqSZnWBMcK1NJMFMYZD72LmK83mL09CxI36222rKOlG3QgePviYguwGZ5_-tDw7yyAX0NmY8e56Ld0gMLURg_jjNfwEK2cWVnWJkvHcTKpYHQ1p2n95lHhbrfN8uo5ZVOggcAeFokOgIXUXpClf9CXaqWyLJ3ZxkNj3ukhPgieS3Sd38TAUslifkTl_XUAezjGpOqKfcdqspAYbvnaUvbwATYwava3wXgBAGIBcC2qeVNoAYugAflkZ-qA6gHp8yxAqgHpr4bqAfMzrECqAfz0RuoB5bYG6gHqpuxAqgHjs4bqAeT2BuoB_DgG6gH7paxAqgH_p6xAqgHr76xAqgHmuGxAqgH1ckbqAfZtrECqAeaBqgH_56xAqgH35-xAqgH-MKxAqgH-8KxAtgHANIILgiAYRABGB0yCIqCgICAgIAIOg2AQIDAgICAgKiAAqgDSL39wTpY-5ullcvnkwOxCQwVeC3No9LhgAoDmAsByAsBgAwBqg0CWkHIDQHiDRMIt7yllcvnkwMV6VoABh3a3wp26g0TCJz4ppXL55MDFelaAAYd2t8KdvANAogO____________AbAO4LbY-BjYEwvQFQHKFgIKAPgWAYAXAbIXEBgBKgo0NTk3Nzc4MTIzUAa6FwI4AaoYFwkAAAAAlMkTQRIKNDU5Nzc3ODEyMxgBshgJEgLATxguIgEA0BgBwhkCCAE&ae=1&gclid=EAIaIQobChMIu6ynlcvnkwMV6VoABh3a3wp2EAEYASAAEgIp-_D_BwE&num=1&cid=CAQS4wEABaugfWLqNe3AUkhLY4gJkEjqU_Zjoa8Ybl9s6Y5aFfYGL8lz2T1YzalSi1e3WNdifT6m2DV7Rc6Fl7pOTrYo-uJ891agCoTyfQF82AoGwSO0zqAWFnnSZqHGt-8bZUfuPRIbXxXh6wIAhvoI-eYkET_tXRJhajc2sV3gkqbsLCi5N7ulJwV7KacaF1D_OmJwFWTYq0xMNayghALiur9aPy4ljQqSohUKlJJ1CoSGB10jjiCdRCAT4mLSiJQwP1tHCPvXUnGb3SDQH8qfi_IoK8lLeM3uyuXZhY-JLJL09HC7qBgB&sig=AOD64_1G8P_Nu4Q0XF-dtPP2JtLE2OF4lg&client=ca-pub-8864803855381259&rf=4&nb=9&adurl=https://www.boggi.com/pl_PL/special-price/%3Futm_source%3Dgoogle%26utm_medium%3Dcpc%26utm_campaign%3DPL-4.PMAX_PL%26gad_source%3D5%26gad_campaignid%3D20882021184%26gclid%3DEAIaIQobChMIu6ynlcvnkwMV6VoABh3a3wp2EAEYASAAEgIp-_D_BwE,https://www.boggi.com/pl_PL/special-price/?utm_source=google&utm_medium=cpc&utm_campaign=PL-4.PMAX_PL&gad_source=5&gad_campaignid=20882021184&gclid=EAIaIQobChMIu6ynlcvnkwMV6VoABh3a3wp2EAEYASAAEgIp-_D_BwE,,yes,yes,yes,yes
779,https://www.googleadservices.com/pagead/aclk?sa=L&ai=C8H-gRSLbabvwK4K0geAPpdncsAS8gvTxbo3km6v4ELCQHxABIPjIySBgx9X_jYQmoAHGkZ3mA8gBCakCYP2zsyGrsz7gAgCoAwHIAwqqBL8CT9BC6lPbmVaPfR5yK1cPsHiK7J3M5ZnKUjgupF68hAbdgFrBwySrjl7iTzh7PZRkp8VXaPzBDoTWexegjEUvvOr6nU8uboXL425l8DzraSv-LZwIeqFqDIHjY7tJucREauLkz9tE7aSaGrEuCIp_6LUJc-fIPa_bsuIdWypxM3br1IjZ1HIFnsB_MZeIVX4WJo5kt8th_hIACNFAK-YPA6QLSEhjo1ZaPy_NI_EDEnVTnKe5ACGTtg1LxeMU8JBsbtrJK1VwcZ9YSQ8V1y70ebCafzQf44fv--SUD-JUw6zkJDnE4zKEsQ4TCaZSTXtGWaDiGQmnTwdBdt_XEzzaXU0HjxS5W6OGvY-YOsONAFktxW6nSbqfh8lNkARWI8YIDBU6VoSioarTS6woeoCjaWDSVd114JeQwERfCG1w58AEiOzVy6EE4AQBiAW5yKedSaAGLoAHou7iGagHp8yxAqgHpr4bqAfMzrECqAfz0RuoB5bYG6gHqpuxAqgHjs4bqAeT2BuoB_DgG6gH7paxAqgH_p6xAqgHr76xAqgHmuGxAqgH1ckbqAfZtrECqAeaBqgH_56xAqgH35-xAqgH-MKxAqgH-8KxAtgHANIILgiAYRABGB0yCIqCgICAgIAIOg2AQIDAgICAgKiAAqgDSL39wTpY0NnNvb_nkwOxCb6It_P3nDJhgAoDmAsByAsBgAwBqg0CWkHIDQHiDRMI-6LOvb_nkwMVAloABh2lLBdG6g0TCJ3qz72_55MDFQJaAAYdpSwXRvANAogO____________AdgTDdAVAcoWAgoA-BYBgBcBshcQGAEqCjIxMzAwNDU4MThQBroXAjgBqhgXCQAAAACIxhpBEgoyMTMwMDQ1ODE4GAGyGAkSAqFPGC4iAQDQGAHCGQIIAQ&ae=1&gclid=EAIaIQobChMI-6bRvb_nkwMVAloABh2lLBdGEAEYASAAEgIUB_D_BwE&num=1&cid=CAQS0gEABaugfXwHtW7vOHBdU1gzlIRkmij0-fsaYhbJj8kIwX-FnIhUBdbC1czUzA1snabmNoRg3S_WhZsoy-e1p6cKUdpZSKjfZKizocZqoq_fgv_dHUz1S3yl-H-ZMVxM4TvhLs92Q38Nrfpim_IhpRmOckDzydP_qp5q0vCCllpqWsNVPil-rt3H0bVXy__rgxtdE6R7gIMQ8ZS73S2almYvBpXonnSBIKgSGlZCCtiflKhqYlQOomJgYeouIApIm34Do7-DC2W5tJrKuwXp2xUVaRUYAQ&sig=AOD64_297ayWjDDkAyY_Rys-CwWvbGsJFA&client=ca-pub-3622136098794040&rf=4&nb=9&adurl=https://www.bestslovakiatours.com/%3Fgad_source%3D5%26gad_campaignid%3D19657253945%26gclid%3DEAIaIQobChMI-6bRvb_nkwMVAloABh2lLBdGEAEYASAAEgIUB_D_BwE,https://www.bestslovakiatours.com/?gad_source=5&gad_campaignid=19657253945&gclid=EAIaIQobChMI-6bRvb_nkwMVAloABh2lLBdGEAEYASAAEgIUB_D_BwE,yes,yes,yes,yes,yes
780,https://www.googleadservices.com/pagead/aclk?sa=L&ai=CG6MKhhzbaaLYNIqR3NMPou6T4Q-z_oiwhgGdk8y60BWwkB8QASDj9rOqAWDH1f-NhCagAY-7g40DyAEJqQJHmQaTtlhwPuACAKgDAcgDywSqBMECT9BDFM97pQIvPEPxctZMPK-J_aHu94vaV0Dzm8cLsnJi-MSS1z8w7p-d-33qp6s7vo1Bwuy4sOh2dzfpg1sG0ihfqyDgnwcQ77p7BQ3KJurBq7pvVjIsCJxxE4pSanwXYSm-YFh0plsrWVMilexpaYHBV88F3vmnoGOO6S4155gLFV9TpFlNaxpN6hbLIa2bVa6gBnwNEzbK6-zUCNfMl9v8dMh3Y-gd__71cPqsvOZyY5HBEhEEjSa40fr1U6F_9xQbSQM5AVP1D1er6DeEHYXP6-FxmeXRC-2r_E9z2UdmQ6a5SWoNLUxZFwYseb6r-k74QKQqsCKIL0x3YaZd2ulAmujUL81RGpfBRyjZSBXZOE9VJAwkLlpclAdTseajORLgOSYkX48KKZCMWJb-u2gkcL94vXHC9U8PkGpFV56vwASv0p2MqAXgBAGIBcim2aJVwAUF-gUGCCUQARgAoAYugAfkw4S9A6gHp8yxAqgHpr4bqAfMzrECqAfz0RuoB5bYG6gHqpuxAqgHjs4bqAeT2BuoB_DgG6gH7paxAqgH_p6xAqgHr76xAqgHmuGxAqgH2baxAqgHmgaoB_-esQKoB9-fsQKoB_jCsQLYBwD6Bw1jb20uYmFzaC5wcm9kwAgC0gguCIBhEAEYHTIIioKAgICAgAg6DYBAgMCAgICAqIACqANIvf3BOljh56GAuueTA4AKAZALA5gLAcgLAYAMAaIMAkgBqg0CWkHIDQHiDRMIpo6igLrnkwMVigh3BB0i9yT86g0TCMOOo4C655MDFYoIdwQdIvck_PANAogO____________AeASv7riko2H8amtAdgTDdAVAfAV36fwjAL6FQ42MjY0MjlfMjg3NjQ3NMoWAgoA-BYBgBcBshcQGAEqCjY4NTgwNzgzODhQBroXAjgBqhgXCQAAAADA6PJAEgo2ODU4MDc4Mzg4GAGyGBAKBeq-5cIBEgL7UhguIgEA0BgB6BgBwhkCCAE&ae=1&gclid=EAIaIQobChMIorOjgLrnkwMVigh3BB0i9yT8EAEYASACEgJ-TPD_BwE&num=1&cid=CAQS5AEABaugfXZYwFADoAMjn8VwudY0JUiYhkVA08qrNVM5FE0cXozSGsdtRSOBlLaewE8EorvtXzf1Eub0DyPWGTLJkG5-qmjQi1Tlwu5Iw7hzBuKF48oqf2TAQj5mlZEbrAtJ7QsNZb23Mn44Gv3UwDels3dNPwtnaaSna6QBiQId9ovQ8Sbq1z6ILWTxCBwaNg8mLi4zD9rwWqy9PKb1yP3WL1Pi691nhrmm_YxMhL9045C0kzqsesnq1cOPm22X0yGQkAqPHpYNot2i8XoKsVG41_1T6d8w6Y3bBu6fBr0v_XLVFCoYAQ&sig=AOD64_0G17xkk_4YNJyHFtm7FJIZLzOM1Q&ctype=5&client=ca-pub-9378280564130997&nb=9&adurl=https://bash.com/mens-jeep-core-long-sleeve-black-puffer-jacket-190605acex0/p%3Fidsku%3D2876474%26utm_source%3Dgoogle%26utm_medium%3Dcpc%26utm_campaign%3DDISC_RU_Store_SneakerFactory_BF_Tactical_Own-Brand-APX_Aug2025%26utm_content%3D%26gad_source%3D5%26gad_campaignid%3D22889780040%26gclid%3DEAIaIQobChMIorOjgLrnkwMVigh3BB0i9yT8EAEYASACEgJ-TPD_BwE,https://bash.com/mens-jeep-core-long-sleeve-black-puffer-jacket-190605acex0/p?idsku=2876474&utm_source=google&utm_medium=cpc&utm_campaign=DISC_RU_Store_SneakerFactory_BF_Tactical_Own-Brand-APX_Aug2025&utm_content=&gad_source=5&gad_campaignid=22889780040&gclid=EAIaIQobChMIorOjgLrnkwMVigh3BB0i9yT8EAEYASACEgJ-TPD_BwE,,,,,
781,https://www.googleadservices.com/pagead/aclk?sa=L&ai=CPc4r5zDbaZCuC5SfjeYP086cwQuO1u7KhQGUs5799RXv06K9wAEQASDX2J0iYMfV_42EJqABsqr9hCnIAQngAgCoAwHIAwqqBKADT9CqyGiM1vz45yzqLUSBFsWVgfzDHZCp3FUABF_mUNxy-nQyUnM1YNzSH19aJxRIbGeCgY6sfVf_9Y9GomvF-v0mwwwRknaNN7buxYMJm_dqbEycuZrFBXMEiNzkWssdWFGIwpQTBHiEu2Xg3quEtQV80-3rsyEeMsZe--DfnYjc-k4AAKLbK8ixpe02FIg42EiLN_0hjazB5dxx9nvKKqIHgnL0fSuwRVbbeiFty7nVLK_FM5z-IH7Z8i98_3LTw93UOftCTtHPrsPkU3K291L5YNBeALwJ-SImsMOvtO62WREKwNBJZIFRiUAeGRpwplVsW5pAqPKS606dWuN5_s2czbHFXxNy6FuDdiXacp2Js72S03feciILPFeN-6gfLkhWqm55UGIBC_J8a1xt4PjU_knAGdp9Gwd_5pYbiXTxRWK_O9To9vf3oeOs8zmxfyeVedHa7nkmfXxOou6ZAvLtp4TKVbFig-R7GNPtr2C9dwR65ZIaWYQu2H3imXHDatCQMKXDSVWOwSJ5gQ4dfUcewxLU3jtc3EnIk_5Tv_LABKjB3tnTBeAEAYgF49aL9VegBi6AB7LizeQDqAenzLECqAemvhuoB8zOsQKoB_PRG6gHltgbqAeqm7ECqAeOzhuoB5PYG6gH8OAbqAfulrECqAf-nrECqAevvrECqAea4bECqAfVyRuoB9m2sQKoB5oGqAf_nrECqAffn7ECqAf4wrECqAf7wrEC2AcA0ggvCIBhEAEYnQEyCIqCgICAgIAIOg2AQIDAgICAgKiAAqgDSL39wTpYvLPMt83nkwOxCcDb7HbgtU1EgAoDmAsByAsBgAwBqg0CWkHIDQHiDRMIiNHMt83nkwMVlE_DBh1TJye46g0TCIaTzrfN55MDFZRPwwYdUycnuPANAogO____________AbAOyfXQ8Ri4E-QD2BML0BUByhYCCgD4FgGAFwGyFxAYASoKMTI2OTAxMDM0OFAGuhcCOAGqGBcJAAAAAECJCEESCjEyNjkwMTAzNDgYAbIYCRICk04YLiIBANAYAcIZAggB&ae=1&gclid=EAIaIQobChMI0L3Ot83nkwMVlE_DBh1TJye4EAEYASAAEgIp1_D_BwE&num=1&cid=CAQS5AEABaugfSwurFeKPl4JoxdTdvDktiDpmZ9p9htsM6D-NCNvCTQpbESiWh3Dq2SZeueo1DOfrK1Xg0g_eSB3R-jAiPx5xSY1PQfyN4SHyTJEoK8IldH2bSnxsSPLbzS4X3R3bBcoFAV1Xj7SbDDiKMhUHNUrf_4iCDw8xckhYUEV6-y0dz4fvfgKqrw7SntKwR3ckgF6f3nwU3qQMj7LAX0vfjHKy3sjiSsRYvBVQVCOEEP78cMuWcssc2KhBrqh9RGAnRf_u7bkxk9rh-XSSIeV8ikdim2ErW8etV_7krtxDl-RWoAYAQ&sig=AOD64_0CB4w7_GMb-q83i7WRD73xQaFvaQ&client=ca-pub-8475685469544477&rf=4&nb=9&adurl=https://www.silveradoresort.com/%3Fgad_source%3D5%26gad_campaignid%3D23599442787%26gclid%3DEAIaIQobChMI0L3Ot83nkwMVlE_DBh1TJye4EAEYASAAEgIp1_D_BwE,https://www.silveradoresort.com/?gad_source=5&gad_campaignid=23599442787&gclid=EAIaIQobChMI0L3Ot83nkwMVlE_DBh1TJye4EAEYASAAEgIp1_D_BwE,yes,yes,yes,yes,yes
782,https://www.googleadservices.com/pagead/aclk?sa=L&ai=Cg_KN-S3babiAG-bvjeYPn7auqAXFv6G2hQH5-rCIvBXvsajO2A4QASDT_4mgAWDH1f-NhCagAem15fRCyAEBqQJz9o2rIZa2PuACAKgDAcgDCqoElgNP0GQbMefikAKejP5P0htlPX4ZTv4OYu2PqrUZVjWKDE6uUBpGMRAXh3N7lRS8TaUwzHatyZKtGvWBlWeRzLPRAFTb6__xIWXf9w4stYWqXzDzdhMXFVhzNHoJijsHt_4HIXW39ND-nFohAmzyC27whBp4409cw28CNAEQxTxQAPiWk9Tzu_FqD0f0lVGEqzzgLdB-pUn572E9XvUZ12Ydh41SSCDQDKL_iYwFU41T0Z99ytHlU7L6440oC0AGYQlCg16BiXT2fM1IT9qaY1p19Y-IA7y8CEFzH0U-5kNfLBKOSyA7EKBpulH52viBAzr73_y0UWskFR012mK2xqAhi2ABy21NaO2odRTQMxhhH7MFcSHFzeGgkjozZXU07L7ry5yzG7il6dpziVFE6mUao_xrecSNsQSLyt1pDmm509xhRHZgkJAvJMqYZAZ3A91qJS-RVzrd4zBTxBw-z5guLSWfCenZ32ddl96JzYDVyIu2u_6pbL1WZ-6vrt9PkdDuUOR8LMAavgEX0GLGdSvIES3lUq8QwATqtr-h1gXgBAGIBf-zruhXoAZmgAfp7bXUHagHp8yxAqgHpr4bqAfMzrECqAfz0RuoB5bYG6gHqpuxAqgHjs4bqAeT2BuoB_DgG6gH7paxAqgH_p6xAqgHr76xAqgHmuGxAqgH1ckbqAfZtrECqAeaBqgH_56xAqgH35-xAqgH-MKxAqgH-8KxAtgHAdIILwiAYRABGJ0BMgiKgoCAgICACDoNgECAwICAgICogAKoA0i9_cE6WOz9i9LK55MDsQnYQHqp0mciX4AKA5gLAcgLAaoNAlpByA0B4g0TCMidjNLK55MDFeZ3wwYdH5sLVeoNEwjZuY3SyueTAxXmd8MGHR-bC1XwDQKIDv___________wHYEwrQFQHKFgIKAPgWAYAXAbIXEBgBKgo3NzI1MjAxOTE1UAa6FwI4AaoYFwkAAAAASMMSQRIKNzcyNTIwMTkxNRgBshgJEgLvThhmIgEA0BgBwhkCCAE&ae=1&gclid=EAIaIQobChMI-OCN0srnkwMV5nfDBh0fmwtVEAEYASAAEgL26PD_BwE&num=1&cid=CAQS4wEABaugfQAA3lVzu_y91CQRdQ6P2McVNwxvwogy3l6ltJ3FWcq_BxQ6_9XHLTPpUq5JQoK6jT24yFWtf7ctYKTUlCYau9LmZZcZ4ctvQmmxvsCQmlFBzbLGtMRWLD9ZN5YXGnj3wbPuPvIikSE4ZGZIQeNFul-sHatPTxwZnWbSNSd7Hd6SPNMt1WgC_SbAs_A9EjjH33FeMvYC0iIU2EFthjhIXdKXEuEBXRGvfLfzzsI-FvAJFYpAgJx3Qy79z41mLoNLNLpoZ7kJGei6LUZIK_l6jTKp87MMPmjOd90SXDSnbxgB&sig=AOD64_3iBopzXos25HLFh-da-oX4mKAEPQ&client=ca-pub-4322545682653075&rf=4&nb=1&adurl=https://theoregongroup.com/commodities/nickel/can-nickel-prices-hit-25000-in-2026/%3Fgad_source%3D5%26gad_campaignid%3D23572748799%26gclid%3DEAIaIQobChMI-OCN0srnkwMV5nfDBh0fmwtVEAEYASAAEgL26PD_BwE,https://theoregongroup.com/commodities/nickel/can-nickel-prices-hit-25000-in-2026/?gad_source=5&gad_campaignid=23572748799&gclid=EAIaIQobChMI-OCN0srnkwMV5nfDBh0fmwtVEAEYASAAEgL26PD_BwE,,,,,
783,https://www.googleadservices.com/pagead/aclk?sa=L&ai=CKVETNsHZaayFCLiJ3NMP_4qF2QLvwMX7e_6VpPXpErKC2dGKDhABIPjIySBgiYvEhPQToAHA05r5KMgBAqkCpM0kyQHCYD7gAgCoAwHIAwiqBNQCT9ABfgLuKYMw0_E10ui8duZIriem83BUcncKXKPgDNPwgIa93ZqC9M2w5S_ZEi0WQcOoBAm01FaTagqtlEVOnppIuM8LtlBf8N22OXk0heOxAyZF8hDzI8uBgcWM0CP26ZUmX-Yg_nEPZIvO8dkHzS-T8XFmTF3aF3jVtN6t2W3SJFELccBCPCg9fnYQDPC9nZ4BjeRS-JpnyPQkJKbsyFy29ppl4fPD4EMTZ9Ba0V0yISdsxVuXEh_s1pNcbhSiaRPegGuJ2uRzmb4576cN_9VhsR9ugfbyZ_lKiEOPrqq2nhXuC0UBteuYy6KUTedmCAg_TA7NjKN7DCQ_ljlMKAwfWxt83hNh5bhe3V6IsSmUZr_ZTKzU-BT3NkudnNjVmaL0ueaodfIJlulysGZFudyxmWnb3mMb2bE9ENephg_aswECoAun_NC5dhiXLWC2K8e33sAEmNu3ruoE4AQBiAWn8OOYUKAGAoAHwIvr2AOoB6fMsQKoB6a-G6gHzM6xAqgH89EbqAeW2BuoB6qbsQKoB47OG6gHk9gbqAfw4BuoB-6WsQKoB_6esQKoB6--sQKoB5rhsQKoB9XJG6gH2baxAqgHmgaoB_-esQKoB9-fsQKoB_jCsQKoB_vCsQLYBwHSCC4IgGEQARgdMgiKgoCAgICACDoNgECAwICAgICogAKoA0i9_cE6WJ7erOPu5JMDsQmnzXU4L2ftMYAKA5gLAcgLAaoNAkpQyA0B4g0TCNbHrePu5JMDFbgEdwQdf0UhK-oNEwjIu6_j7uSTAxW4BHcEHX9FISvwDQKIDv___________wHYEwPQFQHKFgIKAPgWAYAXAbIXEBgBKgoyMTMwMDQ1ODE4UAa6FwI4AaoYFwkAAAAAoATsQBIKMjEzMDA0NTgxOBgBshgJEgKRVBgCIgEA0BgBwhkCCAE&ae=1&gclid=EAIaIQobChMIrPiw4-7kkwMVuAR3BB1_RSErEAEYASAAEgIJkvD_BwE&num=1&cid=CAQS0QEABaugfWnra2KL8O4Cw6Nv9k44m4KVjb5bYcNGLyoFfQC9AUuNhK_Ikz_FkKLK2bfR-RR4xtZWmDYX1lAP2XQY_VbSOMvfakBjqzuKbn-Dd-UHuqI9mbtwQtv-bQrfsgp-vodV9_qwgc-nJSSekGfbG-4hWxRQPeqktm2V_1M8Xb5JG0dP_D7gzyM_5ZPza7osAYQZbmaBZQwsTSTnwwP9yPxOuJRGhxtbWULy7BhBrpuSU4tr8qEGNNouk97dst_Fj6mV4jKePc4JDGVw2CVGlxgB&sig=AOD64_1OUzlCF-c-YOi4_pIssIxzypJmUg&client=ca-pub-3622136098794040&rf=5&nx=CLICK_X&ny=CLICK_Y&uap=UACH(platform)&uapv=UACH(platformVersion)&uaa=UACH(architecture)&uam=UACH(model)&uafv=UACH(uaFullVersion)&uab=UACH(bitness)&uaw=UACH(wow64)&uafvl=UACH(fullVersionList)&nb=2&adurl=https://thesalilriverside.com/offers/%3Fgad_source%3D5%26gad_campaignid%3D21526804519%26gclid%3DEAIaIQobChMIrPiw4-7kkwMVuAR3BB1_RSErEAEYASAAEgIJkvD_BwE,https://thesalilriverside.com/offers/?gad_source=5&gad_campaignid=21526804519&gclid=EAIaIQobChMIrPiw4-7kkwMVuAR3BB1_RSErEAEYASAAEgIJkvD_BwE,yes,yes,yes,yes,yes
784,https://www.googleadservices.com/pagead/aclk?sa=L&ai=CqW1GxRnbadfnL_SZjeYPlu_HsQqUzpW4hgHVksr_jhGwkB8QASCL1bEgYMfV_42EJqABqPbmwwPIAQLgAgCoAwHIAwiqBL0CT9CRS5-hRAuYDXATwWxhkREvp5QmWZNjrhwontQtMkonvqwiGs5rDtoeo2F7UVr7Yz2RT1NwsnQcHwsszCm31Mr7_9uAh1QsTvvoi4J7_rTb4c6yv8UZcyPfMgrj_Xfr_Kgj5mOUW-HzPBDXdHNeng7w15hifCIVklSop3KCeAVuBCel_Qxc4hmHcQJr9-mkQhFGwQEXF7rJi6ZI1NtIzk8AhgyczptxsB64FrAl2kopMOyzbEwAO8RkHREkKyCr_KRRQ4b84arOrm7ddYX1XrkVbR3nMEzUGbnf8FOAAfsUJRMPyhNztwjVkpx14iEg_Amz9EKdLOXLSO06981_oK8iu8Y2-XeM9Sp-iqlI6hsc6dqA1xhgIIjx1pvZB-3CxMrrZLLICwqyYV_L-MbU53Vfcv6Ud-BHJ5TkWB3ABOHH1s6cBOAEAYgFyruwkEmgBgKAB8CJmTyoB6fMsQKoB6a-G6gHzM6xAqgH89EbqAeW2BuoB6qbsQKoB47OG6gHk9gbqAfw4BuoB-6WsQKoB_6esQKoB6--sQKoB5rhsQKoB9XJG6gH2baxAqgHmgaoB_-esQKoB9-fsQKoB_jCsQKoB_vCsQLYBwHSCC8IgGEQARidATIIioKAgICAgAg6DYBAgMCAgICAqIACqANIvf3BOljv0Iawt-eTA7EJAmFSDgOeSc6ACgOYCwHICwGqDQJaQcgNAeINEwiZ9Iawt-eTAxX0TMMGHZb3MabqDRMIm6iIsLfnkwMV9EzDBh2W9zGm8A0CiA7___________8B2BMN0BUByhYCCgD4FgGAFwGyFxAYASoKODk5MDQxMTkwNFAGuhcCOAGqGBcJAAAAAKq5IUESCjg5OTA0MTE5MDQYAbIYCRIC0U8YAiIBANAYAcIZAggB&ae=1&gclid=EAIaIQobChMIl96IsLfnkwMV9EzDBh2W9zGmEAEYASAAEgJBjvD_BwE&num=1&cid=CAQS0gEABaugfXEhjocgmvWB0Nq3SH9dnmV15Tr0d5IpODuF4vrtfJCDd_jdpr_y8qBFAEUO_C5uwRX9IkUKaRZC0neCZlpHQ_Ar89XpfaOZ-Y_q18GE0jwYabsiU5Ar3Fa29zcg2KBOuI7Iz0nkVPhB_gDFQwhlC5_Hd0W4rsrj4eshwle0rk0sp8Tv-qyYfIH64Orlgg-ZZ5dpUo8_M6Uf4XEQnqncaj5RpuG07Epsu13SUOIgjaLWQzOZ5H53KRRdSUa4Vx5HfiI3xWnZbLFHYg7X6HsYAQ&sig=AOD64_2VFfenpWMSUNAu3EhFIFJVzhNTZg&client=ca-pub-2378110306265632&rf=5&nx=CLICK_X&ny=CLICK_Y&uap=UACH(platform)&uapv=UACH(platformVersion)&uaa=UACH(architecture)&uam=UACH(model)&uafv=UACH(uaFullVersion)&uab=UACH(bitness)&uaw=UACH(wow64)&uafvl=UACH(fullVersionList)&nb=2&adurl=https://rislone.com/products/dpf-clean-diesel-dpf-exhaust-emissions-cleaner/%3Fgad_source%3D5%26gad_campaignid%3D19630136778%26gclid%3DEAIaIQobChMIl96IsLfnkwMV9EzDBh2W9zGmEAEYASAAEgJBjvD_BwE,https://rislone.com/products/dpf-clean-diesel-dpf-exhaust-emissions-cleaner/?gad_source=5&gad_campaignid=19630136778&gclid=EAIaIQobChMIl96IsLfnkwMV9EzDBh2W9zGmEAEYASAAEgJBjvD_BwE,,,,,
785,https://www.googleadservices.com/pagead/aclk?sa=L&ai=CDuI6Jh7bad_-H_O6geAP_6KRmQn56dKwhgGfueebyRXAjbcBEAEgvs-HGmDH1f-NhCagAe63rIIqyAEBqQJD4vLWJj6oPuACAKgDAcgDCqoE5gJP0EEwFcrYL7TCI7KNqHfRA0ukG-V5O5bZIGWM0karyQRxABuomAKkvlIjCgLHy2XRvsAw_R9BDFSiAglpq_iICQ3cf5wcZe4rLE66xN1W_xlgECsRMUDAKInhU0aXGkQ2MYguV150RDV4LmH1zPFmjnyVD34oyY1cfr0kjb9NKAc1XqQHl6RbV-OLND_P0gWMlokfjVapx8ZI3lY2rBD4Y8oHpxJp9jYYQwrIqtnlFsqJ-Yl78U3KxI00PKBY9EZpjp1RGVR43U93B4-UQsJL6_vff7CGWhIv9PNVgbLC20DHYC3LRkY8qPwrmpEXYZz1dXAcy07dsBYonf7wSyf_z6hCZeKrd3WcwZAclWliSk4luXdpZtZMoIn75euL6HCVXffFWe2Q73ekjqhhWw4Y0vZKvOZpVbSgFRsNwLIXKNIgEE8asSU6il-48OEeSzECVrauLIxLXok92UbKo4jWxenHS-eWwATQxtX25wXgBAGIBfrzorxXoAZmgAfu7_zhBKgHp8yxAqgH4tixAqgHpr4bqAfMzrECqAfz0RuoB5bYG6gHqpuxAqgHjs4bqAeT2BuoB_DgG6gH7paxAqgH_p6xAqgHr76xAqgHmuGxAqgH1ckbqAfZtrECqAeaBqgH_56xAqgH35-xAqgH-MKxAqgH-8KxAtgHAdIILgiAYRABGB0yCIqCgICAgIAIOg2AQIDAgICAgKiAAqgDSL39wTpYs5K7xrvnkwOxCSfLD8lcqYy5gAoDmAsByAsBogwDkAEBqg0CWkHIDQHiDRMIj8C7xrvnkwMVc10ABh1_USST6g0TCO_mvMa755MDFXNdAAYdf1Ekk_ANAogO____________AdgTDogUA9AVAZgWAcoWAgoA-BYBgBcBshcQGAEqCjM4NTI2MDc0MzhQBroXAjgBqhgXCQAAAACQmANBEgozODUyNjA3NDM4GAGyGAkSAvJOGGYiAQDQGAHCGQIIAQ&ae=1&gclid=EAIaIQobChMI36m9xrvnkwMVc10ABh1_USSTEAEYASAAEgLlgvD_BwE&num=1&cid=CAQS4wEABaugfWj_ZmT5acFDV3rBo680HU7ZZ4o4qWOzrx1u_7AggvjBhXWeEIov4ifjR2pYyiCoc4wyLuY18Msr4s5aTuNk37msM_2itytEsyjXAuU690lQtr9foky9ekmIozlYzrNolNn1Xqo7xDPu8g9aw9zEdLnX-Sbw1DFEaBCB8tBIJWOXuId-HGpTSg853XyS88wk4IcKf3L47JY3jX03Q7_PYQrVH5FMq9jipDtdnX2fUH5kNKotZiE3EzDabcXpisZpYmj1gULNOQtwY6x-CGT04xngZGFGtm6xKJNrUkPZ3BgB&sig=AOD64_31e7phHvz8RWIJuaqNEzvkfUnyfQ&client=ca-pub-6453680425766689&rf=4&nb=0&adurl=https://fiscal.ai/products/terminal-landing/%3Futm_term%3Dfinchat%26utm_campaign%3DTerminal%2BJanuary%2B12th%26utm_source%3Dadwords%26utm_medium%3Dppc%26hsa_acc%3D1953199000%26hsa_cam%3D23480285690%26hsa_grp%3D199696409424%26hsa_ad%3D796445230769%26hsa_src%3Dd%26hsa_tgt%3Dkwd-0%26hsa_kw%3Dfinchat%26hsa_mt%3D%26hsa_net%3Dadwords%26hsa_ver%3D3%26gad_source%3D5%26gad_campaignid%3D23480285690%26gclid%3DEAIaIQobChMI36m9xrvnkwMVc10ABh1_USSTEAEYASAAEgLlgvD_BwE,https://fiscal.ai/products/terminal-landing/?utm_term=finchat&utm_campaign=Terminal+January+12th&utm_source=adwords&utm_medium=ppc&hsa_acc=1953199000&hsa_cam=23480285690&hsa_grp=199696409424&hsa_ad=796445230769&hsa_src=d&hsa_tgt=kwd-0&hsa_kw=finchat&hsa_mt=&hsa_net=adwords&hsa_ver=3&gad_source=5&gad_campaignid=23480285690&gclid=EAIaIQobChMI36m9xrvnkwMVc10ABh1_USSTEAEYASAAEgLlgvD_BwE,,,,,
786,https://www.googleadservices.com/pagead/aclk?sa=L&ai=CAny0SiLbafrfAsmMjeYPreKsaJa6-qeGAeuw2rLYFcGEwPz6ARABILvjhyRgx9X_jYQmoAGlmYXmPcgBBuACAKgDAcgDCqoE-wJP0Az2hQYxuUhTazKpSz-MCnREQr2GRMYTmCHzA3b_Ete7i0BV4ykPIbblaoyGFxxdfBYYG5dx0N2g5-0ZhDgF6yFFWhZ-ITHojGgPEq5F53hq3k371m678Q-790PPnQFXxczH_uZUvNAJlrDwpyNDKZ4dvgPOFRdtoSMMnG7LiDmrvooxifbN8PsydJNsENg0vhZL8ozd661jsP39qdvvqfnw8vji8vr6Oe-jq0VCZgeugFC3BuxSTYViDakoknSS8qqxNe1L5H5peBXeO_RQ7GprSFP5piohX88FjUxH4DPqc9AVWPoikX0ksjFxZGErzMD8D_5yUvSzfg4F-mAp49E7uHjDc1YNynWP7lhPdtjUByuKLKQCSzT8H-CG78quXvitX39_RUZrJy-QkID5HmWJqykIjDM5zcDVbSug1llcrUuEtvGddet3OYngsM6EGFkzt1km18vRqB4R7_oin_6xTQZK0Cz9lQvujMUnCndqoSGcbpeOh9v_wASJzK-bwQXgBAGIBfzL9INWgAel0dXFGKgHp8yxAqgH4tixAqgHpr4bqAfMzrECqAfz0RuoB5bYG6gHqpuxAqgHjs4bqAeT2BuoB_DgG6gH7paxAqgH_p6xAqgHr76xAqgHmuGxAqgH1ckbqAfZtrECqAeaBqgH_56xAqgH35-xAqgH-MKxAqgH-8KxAtgHAdIILwiAYRABGB0yCIqCgICAgIAIOg6AQIDAgICAgKiAAqiDEEi9_cE6WOzI1r-_55MDsQlz3MXjcuJCGYAKA5gLAcgLAaIMA5ABAaoNAlpByA0B4g0TCKPr1r-_55MDFUlGwwYdLTELDeoNEwjp-de_v-eTAxVJRsMGHS0xCw3wDQKIDv___________wGwDp6KkNMY2BML0BUBmBYByhYCCgD4FgGAFwGyFxAYASoKNzQ1MTc4OTkwMFAGuhcCOAGqGBcJAAAAAMDfBEESCjc0NTE3ODk5MDAYAbIYCRICk1UYASIBANAYAegYAcIZAggB&ae=1&gclid=EAIaIQobChMI-qzZv7_nkwMVSUbDBh0tMQsNEAEYASAAEgKYo_D_BwE&num=1&cid=CAQS4wEABaugfV16XRCXepQkqOdX9E9RbNLTq0wJQRN0Jek0AW-jWbcS1PqDFiTSVt2wX4bxuFN5aWzZb5g5PcBa__kW1TeIrDtJ8XPYKUjalsN4OjhNa7-sCcN1hprgPphsMMPusem8mTh7PJKxtogG5lEnB86b3lMPC-b67b0JL5cDg_NUQaeW6jVgTYhd6e0u-BcAZ-7GSzeqs_BT-5x3ps_w-ZoLRhEu4SpDTw62gmnxs2zs4QjaX6TSgESVeLqKpSvKshe1UUmrQNUMsyJzqFSGLThAVDLNLAAQI930g6EgUSLCmxgB&sig=AOD64_0aT6itqPTM4J3RdM2cX4PEfAuxOQ&client=ca-pub-1301581561755234&rf=4&nb=0&adurl=https://www.switchbacktravel.com/best-ski-gloves-mittens%3Futm_source%3Dgoogle%26utm_medium%3Dh5d%26utm_campaign%3Dh_sb_00054%26gad_source%3D5%26gad_campaignid%3D23093650940%26gclid%3DEAIaIQobChMI-qzZv7_nkwMVSUbDBh0tMQsNEAEYASAAEgKYo_D_BwE,https://www.switchbacktravel.com/best-ski-gloves-mittens?utm_source=google&utm_medium=h5d&utm_campaign=h_sb_00054&gad_source=5&gad_campaignid=23093650940&gclid=EAIaIQobChMI-qzZv7_nkwMVSUbDBh0tMQsNEAEYASAAEgKYo_D_BwE,no,no,no,no,no
787,https://www.googleadservices.com/pagead/aclk?sa=L&ai=C-tkj6h_bab2MFbadjeYPvvOR6A3__Ki5hgGW_dSG5BXw2NTfjw4QASDCiLkiYMfV_42EJqABoNK4pSjIAQLgAgCoAwHIAwiqBN8CT9DPqbFWzVhEiFR3i4k3LT_loRByMKogzaUCO4hQJwwc07q99ZX8e5eIEm7MMiRABXKccii7SMkUzWm9STV5OKigdVDC42BqbZxYl58w17ob2ZpZMaSMsySyxFlKV-e_AiQu9jX3nB5bWaLLdwHF4WWvWqvxvDWrXOhD9O-bsF7v59WywMk0JJetQKa-AGG8CWHG6W2cMCgncKQbVwo4526qVee2hQNAMuBGtOX5QvY68FcDdHctF0sNLRNk423rryCAxmZRtv43VuflMB0lfqk_4nSizPcFJbD1DPW2h6WiwWKOrDHiw0jHGPoESqCDEbOrXmHYGxS5ddAgokFXlS3plHc0YpDRJW4Qn66kpWV6PtPw--v_5YnnsTxZoFT9yEXzHnO4rcgekVNcB_zdkLRIgwrW0Bv5j2TS6GbjATvYLHm2AoTloFbGMgjEP6RrmfvdQ3ybG4oQByuwQ9i1wATOo9OtrAXgBAGIBbX7zdFVoAYCgAegiomFA6gHp8yxAqgH4tixAqgHpr4bqAfMzrECqAfz0RuoB5bYG6gHqpuxAqgHjs4bqAeT2BuoB_DgG6gH7paxAqgH_p6xAqgHr76xAqgHmuGxAqgH1ckbqAfZtrECqAeaBqgH_56xAqgH35-xAqgH-MKxAqgH-8KxAtgHAdIILgiAYRABGB0yCIqCgICAgIAIOg2AQIDAgICAgKiAAqgDSL39wTpY3br0nb3nkwPyCBthZHgtc3Vic3luLTM0NDgzNDE4NTI5MjkyNTOxCfsFPPOOz0FTgAoDmAsByAsBogwDkAEBqg0CWkHIDQHiDRMIq-L0nb3nkwMVtk7DBh2-eQTd6g0TCMj09Z2955MDFbZOwwYdvnkE3fANAogO____________AdgTDdAVAZgWAcoWAgoA-BYBgBcBshcQGAEqCjQ4MTIxMTMxNTFQBroXAjgBqhgXCQAAAACQnghBEgo0ODEyMTEzMTUxGAGyGAkSApNOGAIiAQDQGAHCGQIIAQ&ae=1&gclid=EAIaIQobChMIvan2nb3nkwMVtk7DBh2-eQTdEAEYASAAEgIQufD_BwE&num=1&cid=CAQS0QEABaugfebLY-WBh6ryS2pc7gEt4bYhhqTIIRTLrUmW_nLK6Gt009kLXhzT8hc2W8IojA4HMIGCfFdmq5sIk0KMxPygK-XI8Rhqv3ll7qy66w6jMvBvxJkLVG63yT0Vi_AC1sEVldW66aQJloLHSE4B9cNcEw_PdTNOy1qk6JvixOc2y-YkZrw9uIo47pzoi1p8PGrxCoFes_niRvt7IwxCSuTztv5cRZY8b553a2EIGO6wVtUoHejoGDrOkwKHjHF5KtfkI8QSv4xaWNkiHLU8lxgB&sig=AOD64_0j7_u1S4JceLvko8QIKWBnBKJ4Rg&client=ca-pub-5610521491184789&rf=5&nx=CLICK_X&ny=CLICK_Y&uap=UACH(platform)&uapv=UACH(platformVersion)&uaa=UACH(architecture)&uam=UACH(model)&uafv=UACH(uaFullVersion)&uab=UACH(bitness)&uaw=UACH(wow64)&uafvl=UACH(fullVersionList)&nb=2&adurl=https://mattamyhomes.com/florida/sarasota-bradenton/promos/apr-2026%3Futm_source%3DGoogle%26utm_medium%3DDisplay%26utm_campaign%3Dgoogle_display_%7C_sales_promotion_%7C_div_-_swfl_sub_divisions_%7C_retargeting%26gad_source%3D5%26gad_campaignid%3D22988160437%26gclid%3DEAIaIQobChMIvan2nb3nkwMVtk7DBh2-eQTdEAEYASAAEgIQufD_BwE,https://mattamyhomes.com/florida/sarasota-bradenton/promos/apr-2026?utm_source=Google&utm_medium=Display&utm_campaign=google_display_|_sales_promotion_|_div_-_swfl_sub_divisions_|_retargeting&gad_source=5&gad_campaignid=22988160437&gclid=EAIaIQobChMIvan2nb3nkwMVtk7DBh2-eQTdEAEYASAAEgIQufD_BwE,yes,yes,yes,,yes
788,https://www.googleadservices.com/pagead/aclk?sa=L&ai=C-vc_MDbbaZ-kDeeejeYP-MfhYfeWm6GGAa2Tw4y3FdKe2X0QASDEqIAiYMfV_42EJqABqp3j7yjIAQLgAgCoAwHIAwiqBJADT9Br4szArSaxgTrYv2wzcoOL-AD9NqCp8Vfan13bFH3YrJCzqyQla_spiyT7QSmaCgvRyZ9LbfOGEk-H_VIHTEbhBb6zXJD-4qEjAN3T_7zCBjdqz_OyDfry3F7Spm2erX5pO5M-dX0SafiXqQxwEPXgjKzwx79bCubrjuxjthq9Anbo8iJ2Beo24v_rrJfpgelLAeewaS4hwJgrDu22XdKHF2bN1ShyuUAtvV29FqrhQNnSl5qH3iQqEhxsxFuN5sNs0kEy5EbQxYTrnO7kfQl4p2NfFB1SpE_kyHDlToFx2WF9Y0rBWSq5m702pJElHAUbZu_DCLuLY1zfR188oSc2dmCmUF5ZF9IbOkXuu23rGhpNyou0IHaIKnSlduZ3QhmkOvrHD2x9WdxL5t2hGt_DhaAVmf5F6zhYdV5EdMpuMAh3qEfOEVlJgQwRJe2Mt8hs-b51-YE1jgT_35wBdqKAu6s-zQicSopEPPYvqHv8NxkB1Al-WEaJicsC3tNYoWL9-OdmJL-kKOLeAZ9dGsAE9IbMl-cF4AQBiAWAt7WSWKAGAoAHqtWzzwOoB6fMsQKoB-LYsQKoB6a-G6gHzM6xAqgH89EbqAeW2BuoB6qbsQKoB47OG6gHk9gbqAfw4BuoB-6WsQKoB_6esQKoB6--sQKoB5rhsQKoB9XJG6gH2baxAqgHmgaoB_-esQKoB9-fsQKoB_jCsQKoB_vCsQLYBwHSCC4IgGEQARgdMgiKgoCAgICACDoNgECAwICAgICogAKoA0i9_cE6WNjS4rzS55MDsQmqOQMy5FjIAIAKA5gLAcgLAaIMA5ABAaoNAlpByA0B4g0TCK764rzS55MDFWdPwwYd-GM4DOoNEwjw2OS80ueTAxVnT8MGHfhjOAzwDQKIDv___________wHYEwLQFQGYFgHKFgIKAPgWAYAXAbIXEBgBKgo3OTQyNDU1MDUxUAa6FwI4AaoYFwkAAAAAuLYgQRIKNzk0MjQ1NTA1MRgBshgJEgKxXxgCIgEA0BgB6BgBwhkCCAE&ae=1&gclid=EAIaIQobChMIn_zkvNLnkwMVZ0_DBh34YzgMEAEYASAAEgJlePD_BwE&num=1&cid=CAQS5AEABaugfQYgAkyeARWOCsNMXWZdcstLUlyrz1obfnpRWIfxGNpe0bDWRXz8Csiqgp5O31j95Caz8Al95SoVSeA0vtq8kAPyp8c7pSkcw82mQBf0VdotmmpAbTc99LA2YwMo8e9bEBdvXdL3AKqbfFuUiLgw136YSaz2f-THRmmKZrHHR4bra3PnXW-X_XC_w74Z0JATfMdCAHlxSGgdHQeLmqPY18RV5UC6LiNAC8kzEOF7E2Ly_ZntaO46xipXRYYEuUw6NIqKxqrWfZAHTmQvaBtLBYbehBnV5MZhzbb3PAX1hLMYAQ&sig=AOD64_0abPe_gUw9sG6zjTmjbPeGzFBCxA&client=ca-pub-7208923277260888&rf=5&nx=CLICK_X&ny=CLICK_Y&uap=UACH(platform)&uapv=UACH(platformVersion)&uaa=UACH(architecture)&uam=UACH(model)&uafv=UACH(uaFullVersion)&uab=UACH(bitness)&uaw=UACH(wow64)&uafvl=UACH(fullVersionList)&nb=2&adurl=https://www.dex.siemens.com/ccrz__Cart%3FcartID%3D51d6c1df-430c-4d4b-af64-d34a3b19bb63%26portalUser%3D%26store%3D%26cclcl%3Den_US%26utm_campaign%3D2026-1-global-nxxe_2026%26utm_source%3Dgoogle%26utm_medium%3Ddisplay%26gad_source%3D5%26gad_campaignid%3D23660944256%26gclid%3DEAIaIQobChMIn_zkvNLnkwMVZ0_DBh34YzgMEAEYASAAEgJlePD_BwE,https://www.dex.siemens.com/ccrz__Cart?cartID=51d6c1df-430c-4d4b-af64-d34a3b19bb63&portalUser=&store=&cclcl=en_US&utm_campaign=2026-1-global-nxxe_2026&utm_source=google&utm_medium=display&gad_source=5&gad_campaignid=23660944256&gclid=EAIaIQobChMIn_zkvNLnkwMVZ0_DBh34YzgMEAEYASAAEgJlePD_BwE,no,no,no,yes,no
789,https://www.googleadservices.com/pagead/aclk?sa=L&ai=CRnyPfyzbab62NPfxjeYP4ofVwQqo1_2WhgG3toWRlBamkervBRABIL7Phxpgx9X_jYQmoAGWp8iuQsgBAqkCRUjJugsPWD7gAgCoAwHIAwiqBOQCT9BaEgtiWwW0FDN9JEwMyyG5196Swv9R3x5SwrGQ-i0wMBb4zxW4wSidNSiAMyb3J_jKtBaS13MIi-QJVtjwQV5Zq8B-Ao6k9zm-xKI_eHxRPafNvzBtCjpcDy3ararvVTOFyrz_C6NeAf1avOwJnkjV6GNp5b3cc7OdODDpMxh5N6kE_2rbD-UOcZa4KJqa6hF8Un0ynNo4TCatQff2bP6hu9LGJ94zyS2O4ajB794Ni2DEFp_4TA-aep-JvHDYTzCHB-dityNf67WC5iSE0b_N-hGQqH0U8jKJmO1u2Ajn9P_5y8jwNncjwbrvYgAgnC8dCFTm3vIQNDWn4kUffXI3gm3VeiDtC6pca_kg_AAl1jodfn4fObAXdLLRHmeCyT1Gon5Za6lnYs0ImG7xJkaHWARFUGYmITYBXEZ1rc_IY7bYWSb8tWZiqGvR34QqrjA_GJaJC6Qhjs5-0lNhEP-Be8PABPqQ4MbZBeAEAYgF_LuepVigBgKAB5bfmI4dqAenzLECqAemvhuoB8zOsQKoB_PRG6gHltgbqAeqm7ECqAeOzhuoB5PYG6gH8OAbqAfulrECqAf-nrECqAevvrECqAea4bECqAfVyRuoB9m2sQKoB5oGqAf_nrECqAffn7ECqAf4wrECqAf7wrEC2AcB0gguCIBhEAEYHTIIioKAgICAgAg6DYBAgMCAgICAqIACqANIvf3BOli4loaeyeeTA7EJefTxnppuepaACgOYCwHICwGqDQJaQcgNAeINEwjzuYaeyeeTAxX3eMMGHeJDNajqDRMI_MiHnsnnkwMV93jDBh3iQzWo8A0CiA7___________8B2BMN0BUByhYCCgD4FgGAFwGyFxAYASoKMzg1MjYwNzQzOFAGuhcCOAGqGBcJAAAAAMQXFkESCjM4NTI2MDc0MzgYAbIYCRICx04YAiIBANAYAcIZAggB&ae=1&gclid=EAIaIQobChMI_vGHnsnnkwMV93jDBh3iQzWoEAEYASAAEgJC7PD_BwE&num=1&cid=CAQS5AEABaugfWRnbr_yJh0CTEuVUOaruIagjEd5UYKmCxo-Ki5R4u5KER6uX3AqBZjeEAyEiuz2063RsAcERDQLqBSEKqOoDa6YTIv5TvZWDtv4VQWllB-NkTAkfvRjR4v0PultY68ADQEElGCgygfaY8k_U2UOcXIL3vekDo6mvLBvGtsvj39HKi-HnxLfPbNQW7A-OUByw08UVNBiX18WPsSN-ij0HEuVLyqSLNk5Urn1w5uN9QGF5y2_bmqhTS_znItXp2X8eXWEXNu_tcAF8TyoXYs5XpKmHFZJZNztxK91jV2Agv0YAQ&sig=AOD64_1frtr8XTwfT3iCSrfH_VR6Amy1zQ&client=ca-pub-6453680425766689&rf=5&nx=CLICK_X&ny=CLICK_Y&uap=UACH(platform)&uapv=UACH(platformVersion)&uaa=UACH(architecture)&uam=UACH(model)&uafv=UACH(uaFullVersion)&uab=UACH(bitness)&uaw=UACH(wow64)&uafvl=UACH(fullVersionList)&nb=2&adurl=https://lp.hermestclinic.com/%3Futm%3Dgdn%26utm_campaign%3DBanner_AD%26utm_term%3D%26matchtype%3D%26adposition%3D%26network%3Dd%26device%3Dc%26devicemodel%3D%26loc_interest_ms%3D21142%26loc_physical_ms%3D1028665%26gad_source%3D5%26gad_campaignid%3D23700413948%26gclid%3DEAIaIQobChMI_vGHnsnnkwMV93jDBh3iQzWoEAEYASAAEgJC7PD_BwE,https://lp.hermestclinic.com/?utm=gdn&utm_campaign=Banner_AD&utm_term=&matchtype=&adposition=&network=d&device=c&devicemodel=&loc_interest_ms=21142&loc_physical_ms=1028665&gad_source=5&gad_campaignid=23700413948&gclid=EAIaIQobChMI_vGHnsnnkwMV93jDBh3iQzWoEAEYASAAEgJC7PD_BwE,,,,,
790,https://www.googleadservices.com/pagead/aclk?sa=L&ai=ChjnpH0jaac_HI4yLjeYP-JrjKNzS4ZWGAcHqqsSjFaGm-PPQHRABINOx301gzaDvgKwDoAGUq5_-AsgBBqkCaFcdl2XQij7gAgCoAwHIAwqqBMsCT9CVHoImAW72PXG5icvoBtnpEyLbqPZ_TZyRoz7ERO4IlGOYooKFCXwDpJDHxljhOkJbfEv4bk1WTuabnN2f5h7e-FP48HrZEpN3pPSnZSKzdOf8p7uQkhMuMlxD9m_YfTrBBWrSs5mU0H47-1flu7xlgZFngADp9yTKFc4KG1GSwJV-3fKlAwvt7X7lzViAIZA2e0I0ozL7H1rqK79HsD_wThFGNlfS8PM52TdDhK61pssNAnvr_7o8uQae2jABwtUcJ9r-X4GwnRM9nW8i1M-y81kNRkKcKPkDTXH9JlIuvmb0vkN0RNUkXHFmDr5qBFzYi023qMRRzDR-EqNZuj4CdeakIkNll4OrwKm993EYm-5q2pmxF-V0M86ab421kQ5Jzi_KT0O5ag8lYTEpo0xBA2Z_eUKtQFdeprnhEC9zjP7VvPV0G8e108AEnuOuuvUE4AQBiAXMkq7fS6AGLoAH1NTggQGoB6fMsQKoB-LYsQKoB6a-G6gHzM6xAqgH89EbqAeW2BuoB6qbsQKoB47OG6gHk9gbqAfw4BuoB-6WsQKoB_6esQKoB6--sQKoB5rhsQKoB9XJG6gH2baxAqgHmgaoB_-esQKoB9-fsQKoB_jCsQKoB_vCsQLYBwHSCC4IgGEQARgdMgiKgoCAgICACDoNgECAwICAgICogAKoA0i9_cE6WPGtjbjv5ZMDsQku073XB9jKa4AKA5gLAcgLAaIMA5ABAaoNAkJSyA0B4g0TCIjUjbjv5ZMDFYxFwwYdeM0YBeoNEwi19o647-WTAxWMRcMGHXjNGAXwDQKIDv___________wGwDoHom6kY2BMM0BUBmBYByhYCCgD4FgGAFwGyFxAYASoKNDU0NzQwNzIyMFAGuhcCOAGqGBcJAAAAALgLGUESCjQ1NDc0MDcyMjAYAbIYCRICmFIYLiIBANAYAcIZAggB&ae=1&gclid=EAIaIQobChMIj9OPuO_lkwMVjEXDBh14zRgFEAEYASAAEgIM-PD_BwE&num=1&cid=CAQS5AEABaugffGrAb1QYU5nMzXw9bSP4Ft1uEVkHupsJEUDWroSQJyoTcs-Pd3rh9iXuxkXWlrOODbOCrwfF3azAuaGLw0pFIMEvU8hOWvXqts8pntdIHmNFlzFr8w4t12oDiqZhL5rcJ9zyLByFySo9q4tSfb5c3B9nVUrDByXo61SFFHS6-IEnNEy5m92uZAglKzHBpWdjBECaGokCOsLAZ3V1vp2nluQwtr3cZBo4t3NuookorGqDW1lEN4GJtAZUppHL3yE5vQ007s_yu646gwwuVwJiUfeakYrSrYlJ6nMVLePjxYYAQ&sig=AOD64_32Ld_XIMiwQmutGC-fQwCD8tYqbw&client=ca-pub-7732679874752919&rf=4&nb=19&adurl=https://doeamor.hospitaldeamor.com.br/stn/%3Futm_source%3Dgoogle_performance_max%26gad_source%3D5%26gad_campaignid%3D20332644684%26gclid%3DEAIaIQobChMIj9OPuO_lkwMVjEXDBh14zRgFEAEYASAAEgIM-PD_BwE,https://doeamor.hospitaldeamor.com.br/stn/?utm_source=google_performance_max&gad_source=5&gad_campaignid=20332644684&gclid=EAIaIQobChMIj9OPuO_lkwMVjEXDBh14zRgFEAEYASAAEgIM-PD_BwE,,,,,
791,https://www.googleadservices.com/pagead/aclk?sa=L&ai=CHa8WNCLbabeNLqOJjeYP7oKL0AWp3rGFgQG0kZ3vlBSjw5zLkA4QASCM95YmYMfV_42EJqAB-tPUh0DIAQngAgCoAwHIAwqqBJ8DT9CvTesutklZYR7xPrbRTSK32v5WEQwbWX9saWz1GL1HHYgDOqdi028vfmYH7H43Nhdopnkkvbpjme6BuP9Sg-YdzGPh3crqRPZbINmcI59mloIrSm_ywlIMX7aXQgDVcHf5fOcDJ6u2XASCmX0LxQLK1bfku2pPPvfuI3cfQuYaYCtaAH4uTvB0YZGUoKGrRSHIUfEjrrMoDlfm4ddnHgWVEDGovMPFQ_7MxOVDyTcL8ffoSAa_G3ZB89dUV9FdJ7TKHfIhLPcPGdf4m1jmh7Mi-argaVkRyBvOmW7jRRU74RC4LKJmiTVhbjteghRZTwq6xYbwuMXk-5s1f8FZQcYS7gzlhApLQtvCV57Khw63nEoL2cUN07GzEcBe9mpq3KKIGG8fj6xAoNCTqARZtYukf2vcoof7q392Bgvm-wNiFtIj0hD7fZCr4h_hZqAuWmR_kTBTWXrdR5hzJhDqWP1VptfruQznYCis4w_Vbt26HLE3EDS8Mosrp0AwgzQ4XPUDhzOuvqAlA6ATxjMWJbNuOyIiQFtkz8btQGuyucAEt5GMj6gF4AQBiAWM_6GUVaAGLoAH-oul5xqoB6fMsQKoB6a-G6gHzM6xAqgH89EbqAeW2BuoB6qbsQKoB47OG6gHk9gbqAfw4BuoB-6WsQKoB_6esQKoB6--sQKoB5rhsQKoB9XJG6gH2baxAqgHmgaoB_-esQKoB9-fsQKoB_jCsQKoB_vCsQLYBwDSCC4IgGEQARgdMgiKgoCAgICACDoNgECAwICAgICogAKoA0i9_cE6WKjLw7W_55MDsQljPlQcX63N0IAKA5gLAcgLAYAMAaoNAlpByA0B4g0TCKP-w7W_55MDFaNEwwYdbsECWuoNEwi7wMW1v-eTAxWjRMMGHW7BAlrwDQKIDv___________wGiE1QKNwgDQAFSCAoGEgQIARABaOXbprZHciESHyACKAE4AkCM_6GUVVgBaP7__________wGAAQGYAQMaGQoXY2EtcHViLTY1NTQzMzAwMTkzODQ4MDi4E-QD2BMN0BUByhYCCgD4FgGAFwGyFxAYASoKMTkwODc1NzM3OVAGuhcCOAGqGBcJAAAAAHCvDEESCjE5MDg3NTczNzkYAbIYCRICk04YLiIBANAYAcIZAggB&ae=1&gclid=EAIaIQobChMIt_fFtb_nkwMVo0TDBh1uwQJaEAEYASAAEgLq-PD_BwE&num=1&cid=CAQS0gEABaugfee7aEdZwNNiVPccV2nR-mJo3IBsK8P-UUTeNWJYTYVBH8iwWiCCFT7cLGuFon1nmrUYqPN0YOk-JxD48ZLMQbWQJNGk5fTw_2IgU-e49E1q4hNoJ2Z6rR60XCTomjBhYeTtPRZUwQtewWnk2rk_8e4I0LN-jmdOTZnQk0bNNb1LyMGcn-s2TEUJuYFr4C-XUUienu13aENoCNt-71Nglqne7fJXI5QWNJMeFk6Ct_sgNu1YJ9ZZvzgL0_tx49o8hYtAKsI5_Y5F2KuwU48YAQ&sig=AOD64_18byuDd8J34CWxjVLrx8NQKfVoCQ&client=ca-pub-6554330019384808&rf=4&nb=9&adurl=https://davoudpourteam.com/bal-harbour-surfside-bay-harbor-real-estate/%3Futm_source%3Dgoogle%26utm_medium%3Dcpc%26utm_campaign%3D22859513740%26adgroup%3D182567766199%26utm_campaign%3DContact_Surfside_%26_Bal_Harbour%26adgroup%3DAd_Group_1%26utm_term%3D%26network%3Dd%26gad_source%3D5%26gad_campaignid%3D22859513740%26gclid%3DEAIaIQobChMIt_fFtb_nkwMVo0TDBh1uwQJaEAEYASAAEgLq-PD_BwE,https://davoudpourteam.com/bal-harbour-surfside-bay-harbor-real-estate/?utm_source=google&utm_medium=cpc&utm_campaign=22859513740&adgroup=182567766199&utm_campaign=Contact_Surfside_&_Bal_Harbour&adgroup=Ad_Group_1&utm_term=&network=d&gad_source=5&gad_campaignid=22859513740&gclid=EAIaIQobChMIt_fFtb_nkwMVo0TDBh1uwQJaEAEYASAAEgLq-PD_BwE,,,,,
792,https://www.googleadservices.com/pagead/aclk?sa=L&ai=CQTRkCi_bacHZE_aBjeYPx6WuoQrA-tedfebn5aewEdzZHhABIOa0z5kBYMfV_42EJqAB-efm9gHIAQKpAgAZlYANgZI-4AIAqAMByAMIqgTnAk_QT7TVimSpNLttJNhTXp9pXdMYU6wRtgix0I9SuFINL3GwoC3gZ-yyCR21fdWgqetaOoKav5tDZ1i5sRnfrtbXPWSYWj4KvqQVuEoTyVGZmKbD9SsQIZ3d2on6z-rjRfTkRGSKSfOBnZwP5vjF2sQasBspWVx4c_NmHgm6Y25Jn7ZKFkvUCID4HCY7NVCAff5EMMoNSySMMQsujGgQGFCJ-kl3ndyYC7ribryrwqjTECymEjoeomQFTvmbYfkFkeayXdXD8Wn9ONj-IIfok6TNmIHgMu_poxjcGpYTU6sr0USYCTIQ7U49EA7danZ14MESxqLkefnwCbnTFu6EKOwcIL2x38Yy35McwyfvA_14OWdGhdofjTcGmMYtatFPqoDk-aYx0RlXynIX1iTVTml6VfYBw6hAulXvYikQyPBSP366bJPVReG5bjzyEmWJ3JsVcBTdYIRPGs4J7GEZ4ddOoAfpyfLRwASh64qVpgPgBAGIBbjwnM8qoAYCgAfvl5mJAqgHp8yxAqgHpr4bqAfMzrECqAfz0RuoB5bYG6gHqpuxAqgHjs4bqAeT2BuoB_DgG6gH7paxAqgH_p6xAqgHr76xAqgHmuGxAqgH1ckbqAfZtrECqAeaBqgH_56xAqgH35-xAqgH-MKxAqgH-8KxAtgHAdIILwiAYRABGJ0BMgiKgoCAgICACDoNgECAwICAgICogAKoA0i9_cE6WMH-mtTL55MDsQmcnW8kDkCoFoAKA5gLAcgLAaoNAlpByA0B4g0TCLKkm9TL55MDFfZAwwYdx5IrpOoNEwj2wZzUy-eTAxX2QMMGHceSK6TwDQKIDv___________wHYEw3QFQHKFgIKAPgWAYAXAbIXEBgBKgo1MTAzODc5NDgzUAa6FwI4AaoYFwkAAAAA4FcTQRIKNTEwMzg3OTQ4MxgBshgJEgLRTxgCIgEA0BgBwhkCCAE&ae=1&gclid=EAIaIQobChMIwYad1MvnkwMV9kDDBh3HkiukEAEYASAAEgLafPD_BwE&num=1&cid=CAQS0gEABaugfbfl9_4dVR-a-B9FIZqsDjmvF8yGWVG5OINz_em6Laxkb_0QYjndI4cP2CNM-7inKYmq35hpWdFwU_f54PL0abW5sOiAhlXo-QN9QcTmGVzchWfFzb-LcZD5HHy5eYOIkIrguVm0K2uOxzNm3Wa1yS0H4C6MUm_r5nzT8TQbwX5lHfZ1LIWDgT39p2cXP3K6K9BDkkue_YZLQ_90t7ll7dXXUZgefXr4N99Griscn1DF3HBr9jE3I9yeFH2EAXrJyVSm1LXDd1aZ7DaY0pYYAQ&sig=AOD64_39FJb1LwfQmvi7bGB-ydXSCGNcyQ&client=ca-pub-3677668629134422&rf=5&nx=CLICK_X&ny=CLICK_Y&uap=UACH(platform)&uapv=UACH(platformVersion)&uaa=UACH(architecture)&uam=UACH(model)&uafv=UACH(uaFullVersion)&uab=UACH(bitness)&uaw=UACH(wow64)&uafvl=UACH(fullVersionList)&nb=2&adurl=https://www.legum.pl/%3Fgad_source%3D5%26gad_campaignid%3D11440437304%26gclid%3DEAIaIQobChMIwYad1MvnkwMV9kDDBh3HkiukEAEYASAAEgLafPD_BwE,https://legum.pl/?gad_source=5&gad_campaignid=11440437304&gclid=EAIaIQobChMIwYad1MvnkwMV9kDDBh3HkiukEAEYASAAEgLafPD_BwE,yes,yes,yes,yes,yes
793,https://www.googleadservices.com/pagead/aclk?sa=L&ai=CEQ2Fqa7Zacj8CsyfjeYPju-jINyRyumEAda2vJ6GEbOQHxABIPeQnidgiYvEhPQToAGBkOu5KMgBAakCYP2zsyGrsz7gAgCoAwHIA8sEqgTXAk_QfHSAhNRL1T2CFQg8E5AuL_rhqK4sSZ4XgbmAKBLyPKNgG6LNtt49V3eCpwk0hNrKUxJqKrMdGe2II4t3i0LYgwG-te1XHqK49Lr8U-7TIXL8vtl6Qi1RgHx7YwHZ6kEZ4OPWPy1nbfPUnUBwLf9yTWuPWs9MbKe4W1yFFLQHOLwsuamOt2aEZ9Roi8xo0Wgy-QDHdLmYpj-65xt9IZWgS_w7YsQNdWzq6999xHr3sz28mzqej7lJNANg8bQ-3DVYBZL-EWi4r4-eRTXLhKtosLXh3FfeNPNWfbzjvm5PKWwtUfyu67fOCBw7YdCtxBKc21u2-s2vnkuCnL0LFBUGg1m5mye8RjPEsvLNBmCEz2G2iEongd-ZkJ-yqcbLTzQ9wnVbduczDEdJUnc7XJHE78pycFIki0CKqgT8C17U4Al9FkjgyuhRvH5gT37EvbIr3xpb2c3ABJqm94WpBOAEAYgFl-e-gkmAB4HIu5kDqAenzLECqAemvhuoB8zOsQKoB_PRG6gHltgbqAeqm7ECqAeOzhuoB5PYG6gH8OAbqAfulrECqAf-nrECqAevvrECqAea4bECqAfVyRuoB9m2sQKoB5oGqAf_nrECqAffn7ECqAf4wrECqAf7wrEC2AcB0ggvCIBhEAEYnQEyCIqCgICAgIAIOg2AQIDAgICAgKiAAqgDSL39wTpY35zyit3kkwOxCRFFy9GnL6hqgAoDmAsByAsBqg0CSlDIDQHiDRMIq7ryit3kkwMVzE_DBh2O9wgE6g0TCLXR84rd5JMDFcxPwwYdjvcIBPANAogO____________AdgTDYgUB9AVAcoWAgoA-BYBgBcBshcQGAEqCjYzMzkwNjQ3NTRQBqoYFwkBAAAA2BwPQRIKNjMzOTA2NDc1NBgBshgJEgKqUBgBIgEAwhkCCAE&ae=1&gclid=EAIaIQobChMIiPXzit3kkwMVzE_DBh2O9wgEEAEYASAAEgKd3_D_BwE&num=1&cid=CAQS4gEABaugfZj-g2C3YYuN3Y4WCbqcq1Es4Ur0SBHM6rq4hHa6CC5YTkdRYs71XCXbjUWoMqoPE_kocqfElaOit5yf8LyF0EL-UuW12nSHqMMDvIwRnnqhmvC20rB8YpEGlLwa9CHwbbmOAeIrotp25m6Td3FtuaM7TEzwJe0MEV-NSOi_qcM-ZqzbkqKnj4_25Fxf-lYtAWGA0g1ujVS6F4AfC-gapSHX1za8QBlTMrGp8XEuu4wGdKrhMcnPS-3K3_d5oeVeHVXdcdEfkXq06pJePtrMuRIbEJtjGcARAKvhFo0_GAE&sig=AOD64_1jeXm_irkTRERucP6fWsPVGYpbiQ&client=ca-pub-7779027078698074&rf=1&nb=0&adurl=https://www.antolini.com/en/%3Fgad_campaignid%3D19601011607%26gclid%3DEAIaIQobChMIiPXzit3kkwMVzE_DBh2O9wgEEAEYASAAEgKd3_D_BwE,https://www.antolini.com/en/?gad_campaignid=19601011607&gclid=EAIaIQobChMIiPXzit3kkwMVzE_DBh2O9wgEEAEYASAAEgKd3_D_BwE,yes,yes,yes,yes,yes
794,https://www.googleadservices.com/pagead/aclk?sa=L&ai=CdFTtdLnZafXTO8GjjeYP4d2DsAnAu9LxhQHalJK27xOzkB8QASDNno8YYImLxIT0E6ABz7XE1j3IAQGpAtc6aU-p9zo-4AIAqAMByAMKqgTYAk_Qs-cT4TZzzsx15VmrOcvrPinlOpuZDlAlYqO6CwDnNI9MS3TZHXnBLHxYmralXkZi6NNRh2pabTCHAWsyHx0eBP7dqcCqWLKzBVQZ1UM8VxyOf4C9Nox3jSicwXKW9bpMZWxgYO-IWLU98f_2eSjKuul62f_IdGxAKkLg1WxBkJ3mtXwgumhly2lIEKKoOGhbDJ_RTwKLaBP49cQQ69ochQQARfUMl70p08a3Lon8OWcSEcMoe2c8QynW6uAXVBThBuA14VYV9PU7A5_4mdR6yOw_1JzWo7v0u1ZFS6DghCj4heLtEPLF9WUlTGvEqUkh-cs_DV4r5g7qEZpXRjbKpf2ADN1PCFCZVT17vWVSt0A0Wq5u97Y8q3FEqpOGb3byzOgp_ysaPbOArCIZK4e6OeVbpy0lLgrwrWfyjVb3vVx8X7qgAqMzmcQuwhAe4C3_5BSC-sVFwATk7ITSkAXgBAGIBcvGyYFTgAfP7ZS2GKgHp8yxAqgH4tixAqgHpr4bqAfMzrECqAfz0RuoB5bYG6gHqpuxAqgHjs4bqAeT2BuoB_DgG6gH7paxAqgH_p6xAqgHr76xAqgHmuGxAqgH1ckbqAfZtrECqAeaBqgH_56xAqgH35-xAqgH-MKxAqgH-8KxAtgHAdIILgiAYRABGB0yCIqCgICAgIAIOg2AQIDAgICAgKiAAqgDSL39wTpYg9bisOfkkwOxCRd_x_2GLsGFgAoBmAsByAsBogwDkAEBqg0CSlDIDQHiDRMI9fvisOfkkwMVwVHDBh3h7gCW6g0TCLat5LDn5JMDFcFRwwYd4e4AlvANAogO____________AdgTA4gUAdAVAZgWAcoWAgoA-BYBgBcBshcQGAEqCjU2NzU4NTcwNjlQBroXAjgBqhgXCQAAAAAYZgRBEgo1Njc1ODU3MDY5GAGyGAkSAsBPGAEiAQDQGAHCGQIIAQ&ae=1&gclid=EAIaIQobChMI9d3ksOfkkwMVwVHDBh3h7gCWEAEYASAAEgKVyvD_BwE&num=1&cid=CAQS0QEABaugfRyoJhY93R0Ajz875GAfMG7lqU2OddWFSx8EPbbuXY3hqNGDawOkwYpUm5nLHwxfuMMV9asR_97_HOuZwOaKclpENbRVPiIUIkJ8Yw_Oc5PmoKe07W1QlwEgvUua9kpRKBVNblzjz9Y_uDwzPzP_3_ZL_TEDVN1qyEbPOjwMB4lEocjVIdgutWzFOmO9anx7_g1KigK4hJU7cWVKFgUat4DeUJqgMcW_SnBEQfaO7iPelkwrHwK_CSxBNzvyAKqXjyawbGppx8-T7U3x4hgB&sig=AOD64_16FUvZI-m-5UItk1FdSldDMpy2lw&client=ca-pub-4075694933314520&rf=4&nb=0&adurl=https://www.gallipoli.jp/mensfashion/albini%25e3%2582%25b9%25e3%2583%25bc%25e3%2583%2594%25e3%2583%259e%25e7%25b6%25bf%25e3%2583%2597%25e3%2583%25a9%25e3%2582%25a4%25e3%2583%25a0%25e3%2582%25b8%25e3%2583%25a3%25e3%2583%25bc%25e3%2582%25b8%25e3%2582%25b7%25e3%2583%25a3%25e3%2583%2584%25e3%2581%259d%25e3%2581%25ae%25e9%25ad%2585%25e5%258a%259b%25e3%2582%2592/%3Fgad_source%3D5%26gad_campaignid%3D22283445067%26gclid%3DEAIaIQobChMI9d3ksOfkkwMVwVHDBh3h7gCWEAEYASAAEgKVyvD_BwE,https://www.gallipoli.jp/mensfashion/albini%e3%82%b9%e3%83%bc%e3%83%94%e3%83%9e%e7%b6%bf%e3%83%97%e3%83%a9%e3%82%a4%e3%83%a0%e3%82%b8%e3%83%a3%e3%83%bc%e3%82%b8%e3%82%b7%e3%83%a3%e3%83%84%e3%81%9d%e3%81%ae%e9%ad%85%e5%8a%9b%e3%82%92/?gad_source=5&gad_campaignid=22283445067&gclid=EAIaIQobChMI9d3ksOfkkwMVwVHDBh3h7gCWEAEYASAAEgKVyvD_BwE,,,,,
795,https://www.googleadservices.com/pagead/aclk?sa=L&ai=C1U04ki_babD_HcKvgeAPo6SNgAnFhsf-gAGVh8iA_Qye4Pi0FhABILyW4RBgx9X_jYQmoAGtx6_QAsgBCeACAKgDAcgDCqoEwwJP0ByjVtFP5R9Ck8q49DyRXUf6aDrMa-klfLLWQaF-L1kqfSt4C5280vJf599Eg6_vM4N9mdBrQk1hp11MU0CKPYSbZvAW763bUHkV_0lNBnis32AgTw29DM8Vg6tGMCkAoUSIaX-xHpA6-TtpETGA9MtNMYMp6pPXPsa_W3XoPVAN_QnH7zb3oWVrqgm2jyBfsSG9wcF1lWp3BGeXB03-CB69gBqrtIKHNMsVHhFs7_YrxQOtmwx5ienYvOG5pcMuVJIv0QvsQpAua1G3Ux14r8okloPMH9bG7W5Nr3SWxBCK8ePgyxGCxpNDHYz3gTj44V5j_yoownscnAcfLweBrxJ93ofkATdLblj9VN4b8OjB0b98Kf15XdPAilXuz2A0XjXWiT3YTJWPOO5wLOUfcSViM5dTEJu7G_XEOZAzNhwaEsAEi5n02sgD4AQBiAWB98OgLaAGLoAHu7jQrwGoB6fMsQKoB6a-G6gHzM6xAqgH89EbqAeW2BuoB6qbsQKoB47OG6gHk9gbqAfw4BuoB-6WsQKoB_6esQKoB6--sQKoB5rhsQKoB9XJG6gH2baxAqgHmgaoB_-esQKoB9-fsQKoB_jCsQKoB_vCsQLYBwDSCDIIgOGAEBABGJ0BMgiqgoCAgICACDoOgMADgICEgICUruADqAdIvf3BOlis05GVzOeTA7EJY5GKFTpcAUSACgOKCuoBaHR0cHM6Ly9yZWFsdHlhZHMuY29tL3Ryay8xa2cvP3U9YUhSMGNITTZMeTkzZDNjdVluSnZiMnRtYVdWc1pIQnliM0JsY25ScFpYTXVZMjl0TDJWdUwyOTFjaTF3Y205d1pYSjBhV1Z6TDJobGNtbDBZV2RsTFhCc1lYcGhMVE14TXk4L2RYUnRYM052ZFhKalpUMVNaV0ZzZEhsQlpITW1kWFJ0WDIxbFpHbDFiVDFIYjI5bmJHVW1kWFJ0WDJOaGJYQmhhV2R1UFVkdmIyZHNaVjlFYVhOd2JHRjUmZ3VybD17bHB1cmx9mAsByAsB4AsBgAwBqg0CWkHIDQHiDRMI7P2RlcznkwMVwlcABh0jUgOQ6g0TCMfbk5XM55MDFcJXAAYdI1IDkPANAogO____________AbgT5APYEwOIFAPQFQHKFgIKAPgWAYAXAbIXEBgBKgo2NzMxODQwMjUwUAa6FwI4AaoYFwkAAAAAAWcwQRIKNjczMTg0MDI1MBgBshgJEgKTThguIgEA0BgBwhkCCAE&ae=1&gclid=EAIaIQobChMIsJCUlcznkwMVwlcABh0jUgOQEAEYASAAEgIqu_D_BwE&num=1&cid=CAQScAAFq6B95zdOFYYoyDds_qPWifnSwI81T0cO6hULj5ol7plGEpHT2jNg-XdsQS6ylIM6KiGjgpzhFCjlvksG9kMJ-CtrUsb3TFGaru_WOB8u565f_GicpHrIpTQArY0xYaxFV5UqhhsW2g_tdMF_UU0YAQ&sig=AOD64_1iF1K3CUt4RM8WirH_J5qozPXuPA&client=ca-pub-2012933198307164&rf=4&nb=9&adurl=https://www.brookfieldproperties.com/en/our-properties/heritage-plaza-313/%3Futm_source%3DRealtyAds%26utm_medium%3DGoogle%26utm_campaign%3DGoogle_Display%26gad_source%3D5%26gad_campaignid%3D12147817345%26gclid%3DEAIaIQobChMIsJCUlcznkwMVwlcABh0jUgOQEAEYASAAEgIqu_D_BwE,https://www.brookfieldproperties.com/en/our-properties/heritage-plaza-313/?utm_source=RealtyAds&utm_medium=Google&utm_campaign=Google_Display,no,no,no,no,no
796,https://www.googleadservices.com/pagead/aclk?sa=L&ai=CANbpOTXbafDHJbftjeYPt-bKuAq-uY3-hAHShtbikBWZ4-W0hAIQASCwhZ0aYMfV_42EJqABwYnirQHIAQmpAkeZBpO2WHA-4AIAqAMByAMKqgTlAk_QXwyL52pH6n1p1R1os4C2sQn8VqdwXPiWUNsrsL3MHV1whU1Dz2yzZrB3GR86XJx_Lh8sbvFIFloUUY6rgdWXj5ehXFQshbJNojq_b4Ipf7zKfBsLWh3KDYjfI54ZIyOU1LTgVvzbwehjtexcl0UHNkMo9prxx580hhh-eZZyfA8HkW7S0TBADuWPdCh-ywTt7awU5tOoDmIN6Vs2pJJKWbLVLx8dZyD9tPQlA9x9aTyjeB9Whr3XP5BcghLeYBk5rMBoamf4a3ndiKoNywcJhyL7siOwejbQ2HB3hrSPu8Wq_vNL3C417mF6_1SEH_PrRl2fzsxlwhRVJAXULARwXpZbqJYSwNrAMJuAX7bESMLKOIQa4RAKwp2sgjK-pT6I9DXOLfYBUoxve-IAh4v2sVlQGZKr1gjULWJr2wubhFAUi1pkZ82V6dwYAFotbaONH4AGUeI-GI5cz0Vr1i-w9TXz1sAExsTpjfMD4AQBiAWeofrGPqAGLoAHp_ad0gKoB6fMsQKoB-LYsQKoB6a-G6gHzM6xAqgH89EbqAeW2BuoB6qbsQKoB47OG6gHk9gbqAfw4BuoB-6WsQKoB_6esQKoB6--sQKoB5rhsQKoB9XJG6gH2baxAqgHmgaoB_-esQKoB9-fsQKoB_jCsQKoB_vCsQLYBwDSCDIIgOGAEBABGJ0BMgiqgoCAgICACDoOgMADgICEgICUruADqAdIvf3BOlj565bH0eeTA7EJxv3M0h_JTeeACgOYCwHICwGADAGiDAOQAQGqDQJaQcgNAeINEwi1pJfH0eeTAxW3dsMGHTezEqfqDRMI5-yYx9HnkwMVt3bDBh03sxKn8A0CiA7___________8B2BMN0BUBmBYByhYCCgD4FgGAFwGyFxAYASoKMjQ1OTgzNzY1N1AGuhcCOAGqGBcJAAAAADCA8EASCjI0NTk4Mzc2NTcYAbIYCRICwE8YLiIBANAYAcIZAggB&ae=1&gclid=EAIaIQobChMIsMiZx9HnkwMVt3bDBh03sxKnEAEYASAAEgLjsPD_BwE&num=1&cid=CAQSgwEABaugfU2oKjOnK_4tRvPG6f3XlAO3UU-Ojet-EYLaeZe6jscA5vZuy727IZIDLIncFXx9hwP6MLs_33fYB555kY_uveHrBL-CiRAF6hVyv3dpK-8YAFzF6I_cOrxUG5n_JJxQQPLv_DFfCy_015y6k0J2Mqe4Lo9-lCNBXk4KlP7yLBgB&sig=AOD64_33zonUwEfTX8XPF5Lj98qHIBBYTg&client=ca-pub-6447179309296276&rf=4&nb=9&adurl=https://kinda.co.za/collections/ss2025%3Futm_source%3Dgoogle%26utm_medium%3Dcpc%26utm_campaign%3DSmart_SS25_26%26gad_source%3D5%26gad_campaignid%3D16791802014%26gclid%3DEAIaIQobChMIsMiZx9HnkwMVt3bDBh03sxKnEAEYASAAEgLjsPD_BwE,https://kinda.co.za/collections/ss2025?utm_source=google&utm_medium=cpc&utm_campaign=Smart_SS25_26&gad_source=5&gad_campaignid=16791802014&gclid=EAIaIQobChMIsMiZx9HnkwMVt3bDBh03sxKnEAEYASAAEgLjsPD_BwE,,,,,
797,https://www.googleadservices.com/pagead/aclk?sa=L&ai=CbyzOaMTaaZWWKviygeAP4-HRsQqZyOrufui9sJzbDJX02r_NARABIM2ejxhgyYaAgIikgBCgAZXSl-YDyAEJqQJYFCOsZyhHPuACAKgDAcgDCqoEvgJP0DdU_RIIoOPPN1do9bjg0kHaGf2e4cb-ZXXtE4RrwchzR_SxJbcMp17xuvD4SbuBmkEoj1xGcwSfA11RpPc-49AaW3xWwn5gHscY9yWoJFHUA0mT14c5gIzcuWiG1dGKFiKBkmUmnpjyJBqn0iTksQ-GSTeNskK1pJvYMMph33NMYCjJc_8Nuu1FDiOSgJAeMsXcgA0GBu6gwXGYHbfRVUxpD67vEPn_IgZgsa5Y5RN7h8fVv0yw-1bNRY8H4KCXRqO-aXPi7yuKuE2pVvDNL297V7EyZ7ZxDovyN5-XRaTczI6hc1-SwpBvSZDx87c1zcFDgf1kDaAijN6jKqrAV1p5Uv5QGunNW4jo9fwLGBe-jyE_CnzhPG8h6mG4Ff8ThWD_VHSypHHIFi2f5RLOfoXCHYN0VUFm6oBEQ0XABMb_l7asA-AEAYgFwbKl9yygBi6AB9Ot6BmoB6fMsQKoB-LYsQKoB6a-G6gHzM6xAqgH89EbqAeW2BuoB6qbsQKoB47OG6gHk9gbqAfw4BuoB-6WsQKoB_6esQKoB6--sQKoB5rhsQKoB9XJG6gH2baxAqgHmgaoB_-esQKoB9-fsQKoB_jCsQKoB_vCsQLYBwDSCC8IgGEQARgdMgiKgoCAgICACDoOgECAwICAgICogAKogxBIvf3BOliQhdj75eaTA7EJWh6pfcX8AH6ACgGYCwHICwGADAGiDAOQAQGqDQJVU8gNAeINEwitotj75eaTAxV4WQAGHeNwNKbqDRMIxL3Z--XmkwMVeFkABh3jcDSm8A0CiA7___________8BuBPkA9gTDYgUBNAVAZgWAcoWAgoA-BYBgBcBshcQGAEqCjM3ODU3ODczMjFQBroXAjgBqhgXCQAAAACws_1AEgozNzg1Nzg3MzIxGAGyGAkSApNOGC4iAQDQGAHCGQIIAQ&ae=1&gclid=EAIaIQobChMIlerZ--XmkwMVeFkABh3jcDSmEAEYASAAEgIOOfD_BwE&num=1&cid=CAQS0QEABaugfbDTnDSmnoLel5fFnVsEBCexMnc70GRso6cukCL5xlr8ZcEe_7sbNk1Pumeb6wXW6lkDWSItLnRoJLMa_uSbQnL8Mtnfi7agMDXIvgDbedbO-1-dtaFKe24Hden743iSrSyMIp0gtXEdvhIsma5oOLlNTZxJSI6NELwDaxxZPSeD9ZtFsUYFv9EAIaVxrzMGFQCETRhD7orat7VEm1izp7dWlZQNAqWFmMgZe7e0-hF7O5FNh3hpnEWEA73DOIaVECUVhBaHqODj245YdxgB&sig=AOD64_1GOre5npAhcOB-FO4l_62202kGIw&client=ca-pub-4075694933314520&rf=4&nb=9&adurl=https://foreclosureindia.com/bank-auctions/chennai%3Futm_source%3Dgads%26utm_medium%3Ddisplay_cpm%26utm_campaign%3D12061333825%26utm_term%3D%26utm_content%3D491008128939%26gad_source%3D5%26gad_campaignid%3D12061333825%26gclid%3DEAIaIQobChMIlerZ--XmkwMVeFkABh3jcDSmEAEYASAAEgIOOfD_BwE,https://foreclosureindia.com/bank-auctions/chennai?utm_source=gads&utm_medium=display_cpm&utm_campaign=12061333825&utm_term=&utm_content=491008128939&gad_source=5&gad_campaignid=12061333825&gclid=EAIaIQobChMIlerZ--XmkwMVeFkABh3jcDSmEAEYASAAEgIOOfD_BwE,yes,yes,yes,yes,yes
798,https://www.googleadservices.com/pagead/aclk?sa=L&ai=ClFmbty3badWZNJ3sjeYPuuDl8QTymJeDhgHiieL1pRXc2R4QASCn9owaYMfV_42EJqABtafY7gLIAQKoAwHIA8kEqgS8Ak_QeMwuahjSz8uiwS2t8irz__HtJ5Et2Zwh-LjTQB1ZqTcXFsSe1MLhV2nbpH6NGWfdOa213BVCayFzb-DYw4A4aIzbEJ2pEj-d-GpbqrR6C-9SCPERX-4Qm6-6Rw4LqXRWgTrze5RevJYT3XoIgx6GrCWPB3M3Ey9eeutc_sIQG46611VASVEQzmGpI_FCAPnII3hJCDQnaTjg274_WfiNFu88Fi6SsBRH0O1-e6w-bWnqdE33Wq1WY6HJa98inZSZby5zahOoHAllEkCDdr-p4vYf7deBX1XkaRx3VE3bTF3uTxHpdCjMXX1DFfh34vvH0hjvWT0eix1HxBAQXAuuKUuyKzkuch4xyjs-bEYUi2wrN2EtfMjIlYa-ikFKBu-gVkB8Zt0lZbZlIIyfk_xUDDULus75nRVrUXzABJbq0PK7BYgFzbKpkVegBgKAB7PYp5EBqAenzLECqAemvhuoB8zOsQKoB_PRG6gHltgbqAeqm7ECqAeOzhuoB5PYG6gH8OAbqAfulrECqAf-nrECqAevvrECqAea4bECqAfVyRuoB9m2sQKoB5oGqAf_nrECqAffn7ECqAf4wrECqAf7wrEC2AcB0ggvCIBhEAEYnwMyCIqCgICAgIAIOg2AQIDAgICAgKiAAqgDSL39wTpY6rzqssrnkwOxCe4mpyaGEoglgAoBmAsByAsBqg0CWkHIDQHqDRMIyNTqssrnkwMVHXbDBh06cDlO8A0CiA4J2BMN0BUByhYCCgD4FgGAFwGyFxAYASoKMDA1NzkyOTg5NlAGuhcCOAGqGBcJAAAAAFCVB0ESCjAwNTc5Mjk4OTYYAbIYCRICsV8YAiIBANAYAegYAcIZAggB&ae=1&gclid=EAIaIQobChMIldHqssrnkwMVHXbDBh06cDlOEAEYASAAEgKQuPD_BwE&num=1&cid=CAQS0QEABaugfc6foGDH5CgTPi5Cqc2w5DWF-0QKyVY7XRz40EwRRNVLa8GUAUX_EpoqSZ9ZzI6IRV2Nes1QEkEGdeGMdKTGmzDUsLdYUY_XTuCjmm0UxynwtczllS_QTq91H4x8jz9fWlFUcEDc_K12l2w_6bcodlrsMlplQg_gNocD--PTfS01EvJdeRmCYMHLYB4MGiciHSYWNC7gj1qS7w8rXX756_7gRsDpKSLQfTwLzJoNCzxeVGrOYUYFG6z1UE8blbpsCW57yRNOlTxIfgX_mhgB&sig=AOD64_1zh38WGfNKIdp1cHAxt64UHT4emw&client=ca-pub-2107538958244175&rf=2&nb=2&adurl=https://www.algolia.com/industries/grocery%3Futm_source%3Dgdn%26utm_medium%3Ddisplay%26utm_campaign%3Dgdn_amer_grc_grc_tof_con_static_tier_1%26utm_content%3Dcustom_intent_kws_grocery%26utm_term%3Dlp_grocery_scale%26utm_region%3Damer%26utm_marketing_tactic%3Dcon%26utm_creative_format%3Dstatic%26utm_model%3Dcpc%26utm_camp_parent%3Dgrc%26utm_2nd_camp%3Dgrc_tof%26%26_bm%3D%26_bn%3Dd%26gad_source%3D5%26gad_campaignid%3D23390214477%26gclid%3DEAIaIQobChMIldHqssrnkwMVHXbDBh06cDlOEAEYASAAEgKQuPD_BwE,https://www.algolia.com/industries/grocery?utm_source=gdn&utm_medium=display&utm_campaign=gdn_amer_grc_grc_tof_con_static_tier_1&utm_content=custom_intent_kws_grocery&utm_term=lp_grocery_scale&utm_region=amer&utm_marketing_tactic=con&utm_creative_format=static&utm_model=cpc&utm_camp_parent=grc&utm_2nd_camp=grc_tof&&_bm=&_bn=d&gad_source=5&gad_campaignid=23390214477&gclid=EAIaIQobChMIldHqssrnkwMVHXbDBh06cDlOEAEYASAAEgKQuPD_BwE,yes,yes,yes,yes,yes
799,https://googleads.g.doubleclick.net/aclk?sa=l&ai=CTWyifi3badn_GeuCjeYPotXguQSrqp-7Taf-heaGAWQQASCn9owaYMfV_42EJqABqe_V1APIAQKoAwHIA8kEqgS9Ak_QTw8nIlQjsWsJ2llQb0MpDOflI0ozH6Op6njJ-I9NDU41CVQNJQcU9jBrnbd9q2QSlvW4rN18AnUkH0xp-2LSFz_edKD_JJVE5vK7ULeh4GwFfmakDZMskoVE9UD4ZB-zauo5bSJ_dtvRjp5D3zhPdNCU9zhpMHR20F_1puC5D5A9PVStRKk90Nou3GyJNz3TwV8UQLBNOff2DIab-q0v1fZz12HpOFRrW7oN-Pe6R97Ca_OL2VfWHTw_a1tYLeUjjyElV_LJ7fXAvH6txousQz5Vo8ofjG_Gjc4jZkPUt11FAU2IdIItoWxtPA_4E03nC0Y5xcINFVky9B4kX2HnYp1_3TkU6307oJhfVvM2RjmUr-PGigk3SFelML0xVJE8H4pO18P7Q2zEz4D07awXsgTEHDmLOLi8xNVKwATniLLkHIgF95ffTKAGAoAHv5CqK6gHp8yxAqgH4tixAqgHpr4bqAfMzrECqAfz0RuoB5bYG6gHqpuxAqgHjs4bqAeT2BuoB_DgG6gH7paxAqgH_p6xAqgHr76xAqgHmuGxAqgH1ckbqAfZtrECqAeaBqgH_56xAqgH35-xAqgH-MKxAqgH-8KxAqgHwsixAtgHAdIILwiAYRABGJ8DMgiKgoCAgICACDoNgECAwICAgICogAKoA0i9_cE6WNSduZfK55MDsQm1PabkL9FmFIAKAYoK4wFodHRwOi8vd3d3LnN3dHJhbnNtaXNzaW9ucy5jb20vP3V0bV9zb3VyY2U9R0RUTSZ1dG1fbWVkaXVtPVJUJnV0bV9jb250ZW50PTMzNngyODAmdXRtX2NhbXBhaWduPVNXVFJUJm1hdGNodHlwZT0mbmV0d29yaz1kJmt3PSZhZD0zNjE2Mjc3ODAxNSZzaXRldGFyZ2V0PXd3dy5wcm9rZXJhbGEuY29tJmFkcG9zaXRpb249Jm1vYmlsZT0mZ2FkX3NvdXJjZT01JmdhZF9jYW1wYWlnbmlkPTE2MDk0MzA5NZgLAcgLAeALAaIMA5ABAaoNAlpByA0B6g0TCKq6uZfK55MDFWtBwwYdoio4R_ANAogOCdgTDdAVAZgWAcoWAgoA-BYBgBcBshcQGAEqCjU2NDA0Mjc2NTdQBroXAjgBqhgXCQAAAADWWCJBEgo1NjQwNDI3NjU3GAGyGAkSAqhOGAIiAQDQGAHCGQIIAQ&ae=1&gclid=EAIaIQobChMI2ba5l8rnkwMVa0HDBh2iKjhHEAEYASAAEgIunfD_BwE&num=1&cid=CAQS0QEABaugfcU8_YYR5vFbD6Yf5LHHObBmg2N1IEYmTjeyjQ5SOaxqzcuwSmzhRO7zHBFT6DK5vssqF-iYDxFJ413fz2rfkjbieLfH0yr0jJ2gnmpO61wo9tSTxSBcIK_ioUqkmfqt7ZfR7HkaNoRmC-LQ2olMMZ9r75pbOxuGS3vK6yIHmRvSQBAVFTtp9jF8NHor-ZWyy7UNJJCvzwJ6Yt3A8cpb62ZAFIrVZN-sSpJKIOYv2TatZ25bv6bKLily2o_KDbbRJD6GS_hWxTGVCJ9jFhgB&sig=AOD64_0pJ1PDzoKeDB5crR8pqyZjaNk61w&client=ca-pub-2107538958244175&rf=2&nb=2&adurl=http://www.swtransmissions.com/%3Fgad_source%3D5%26gad_campaignid%3D160943095%26gclid%3DEAIaIQobChMI2ba5l8rnkwMVa0HDBh2iKjhHEAEYASAAEgIunfD_BwE,https://www.swtransmissions.com/?utm_source=GDTM&utm_medium=RT&utm_content=336x280&utm_campaign=SWTRT&matchtype=&network=d&kw=&ad=36162778015&sitetarget=www.prokerala.com&adposition=&mobile=&gad_source=5&gad_campaignid=160943095&gclid=EAIaIQobChMI2ba5l8rnkwMVa0HDBh2iKjhHEAEYASAAEgIunfD_BwE,,,,,
800,https://www.googleadservices.com/pagead/aclk?sa=L&ai=CGAAmo07aabDvC9qQ3NMP1JeemQq2ztqshgHV2ZignRWv7Kz52A8QASDhtrZPYM2g74CsA6ABx5XBvz7IAQngAgCoAwHIAwqqBNICT9DwRL8bQq0JgYUppkOwLzA2Z5hSXXupvilUnSo1UpUN2MTQ0pUDEsS1eoqX2UbPj7JrxWnq0zpCkvQMQzs-Nb-7FwoheZncXIQWiSHUQbOBfjFcJfKxOduOB2tAIil59g_3GZq2PTGV6Yp167JXlCMFhLBZ0kAseTiWez6xYEhFzO1eODy_cuBijgXrzVZsHTy0o6PIaV0ThSNbTg7_6ptR10Ke0SiCvIgzYByDyNOjYV2SQzNj-97jvP2bwPCQbYI6BcYqxh0L9f65TkLkOwUs--l90ZsH6axtROaHkFi0M_xsXOBKX4wqcuMNDeEZtC06UeLzdhnZlaBUJMSlPUm0m4-LNe-AxtSfteM2yPa2Hwck0_MYY5UBBpcUGTOmfOgJmfK2h-w7iHQr0cRBy9bSFAhfUWYTtrysE2zoq2CO6tsClk6w-rmNaZuv2eZCF1fABL7hvf6-BeAEAYgFxJ7F_FagBi6AB8fNkZ8ZqAenzLECqAfi2LECqAemvhuoB8zOsQKoB_PRG6gHltgbqAeqm7ECqAeOzhuoB5PYG6gH8OAbqAfulrECqAf-nrECqAevvrECqAea4bECqAfVyRuoB9m2sQKoB5oGqAf_nrECqAffn7ECqAf4wrECqAf7wrEC2AcA0ggyCIDhgBAQARidATIIqoKAgICAgAg6DoDAA4CAhICAlK7gA6gHSL39wTpYuOWg0_XlkwPyCBthZHgtc3Vic3luLTQ5MzUzODgwMjczOTU5MjSxCZa-WEcQc0BRgAoDmAsByAsBgAwBogwDkAEBqg0CQlLIDQHiDRMIkd2i0_XlkwMVWgh3BB3Uiyej6g0TCKnNpNP15ZMDFVoIdwQd1Isno_ANAogO____________AbAOqY6Y4BjYEwzQFQGYFgHKFgIKAPgWAYAXAbIXEBgBKgoyMTcyMDUzNTM4UAa6FwI4AaoYFwkAAAAAIK35QBIKMjE3MjA1MzUzOBgBshgJEgKATxguIgEA0BgBwhkCCAE&ae=1&gclid=EAIaIQobChMI8Mym0_XlkwMVWgh3BB3UiyejEAEYASAAEgKKRvD_BwE&num=1&cid=CAQScAAFq6B9M0X97A42Pviez9lg6-GTK3bk3sw_PT_ml2FsLT7mhJb6R1mcCbSnudtengOFFKlZLKvk2SJJOGKuA2KYyRMH2ENV4Laneby6i5TRrsPpvIHWHCVIj9X1oFhpMs2khwKL5U39R04dyhRs5c8YAQ&sig=AOD64_0750JvuGkhkJzQzlyb4CNArMa-Og&client=ca-pub-7747436378556651&rf=4&nb=9&adurl=https://notebooklm.google/%3Fgad_source%3D5%26gad_campaignid%3D23346630468%26gclid%3DEAIaIQobChMI8Mym0_XlkwMVWgh3BB3UiyejEAEYASAAEgKKRvD_BwE,https://notebooklm.google/?gad_source=5&gad_campaignid=23346630468&gclid=EAIaIQobChMI8Mym0_XlkwMVWgh3BB3UiyejEAEYASAAEgKKRvD_BwE,no,no,no,no,no
801,https://www.googleadservices.com/pagead/aclk?sa=L&ai=CyrEvFTrbadS4D7ftjeYPt-bKuArw2a6whgGr5tCLsBXaqvzmjg4QASDCiLkiYMfV_42EJqABzfuY7wPIAQngAgCoAwHIAwqqBN4CT9CQVgt55ThbdjH3zdoQwDeSHbYDjGLZn3pUov_l3XTCcUR8QA0fICeu6G3AoHU2koyh069IDZFtJuNOhcVXcGxmEK8poG7pWUQWWz6hAvipkoaL_70Q595voG8k3UXYIWUwWqGW5rmKHwh1Lv1_W5Urn1_vYZmmDktdHCdgjUnKgfQ97bKlKX4IoeHXbTbHOSDKvIH5QIw4bJGXFLkiKFINou5yCQH6QUTLjq3fn7ggK1HMfyu5osQzhrjHx32rsstZSIbbBGcPeFZEqvJuGEJyfk55NLtlog49z3Ec9qdDdak0FkAMY1AoSlgWImTSU-pmTi_eT9Bb35VtyK_lAwI4kZthjNK_cGCn8xhdtbuuN8udaR_wsRqCoEXlqcoBmnyZ5eCzpKkJOlVQPKS69YwMQH7LbgB0D1eB7A3QOxGbriHYaJn5-LGxc6YeV4XMyVBoaDwNKdhoqIjD5gXABKfh1_vGBeAEAYgFjp-j2lagBi6AB5uE5xCoB6fMsQKoB-LYsQKoB6a-G6gHzM6xAqgH89EbqAeW2BuoB6qbsQKoB47OG6gHk9gbqAfw4BuoB-6WsQKoB_6esQKoB6--sQKoB5rhsQKoB9XJG6gH2baxAqgHmgaoB_-esQKoB9-fsQKoB_jCsQKoB_vCsQLYBwDSCC4IgGEQARgdMgiKgoCAgICACDoNgECAwICAgICogAKoA0i9_cE6WO37mJjW55MD8ggbYWR4LXN1YnN5bi0zNDQ4MzQxODUyOTI5MjUzsQnzMBIS9lXwAYAKA5gLAcgLAYAMAaIMA5ABAaoNAlpByA0B4g0TCLCnmZjW55MDFbd2wwYdN7MSp-oNEwiCzZqY1ueTAxW3dsMGHTezEqfwDQKIDv___________wHYEw2IFATQFQGYFgHKFgIKAPgWAYAXAbIXEBgBKgo0ODEyMTEzMTUxUAa6FwI4AaoYFwkAAAAAQEYAQRIKNDgxMjExMzE1MRgBshgJEgKhTxguIgEA0BgB6BgBwhkCCAE&ae=1&gclid=EAIaIQobChMIlJebmNbnkwMVt3bDBh03sxKnEAEYASAAEgJvRfD_BwE&num=1&cid=CAQS0QEABaugfS-d2sEhIQV9S6chXmi84RSbvOWTpOrRXF_bPDGfR1NqiCGTvsgNaIB2ej8ga9nz18p46oGDdFLhp1EhZSMancsFKyvVIjBNkA68bwmPl7EwKeVcR3l7gWIFnIXLOGraPVehUH_BLbjR15_9kNbJc5jYsj7pqITp8M_W12_hqQKm5t9khCe45AYNA7cSOXbWdNUdTVFwRjNNvegKuiNrZs8NVzyLXrU0QGyf3t73Ij_F_z27iLNbX5Aqd0vEHlT0thz6xDVRfH0__krAMxgB&sig=AOD64_0Z8KUJAPfJ8xXqegbC4MZ8KBk_eA&client=ca-pub-5610521491184789&rf=4&nb=9&adurl=https://www.gct.com/trips/river-cruises/europe/holland-and-belgium-in-springtime%3Fomtr_sem%3Ddsp:dax:7458161%26jobcode%3D745-8161%26utm_source%3Dpaid%26utm_medium%3Ddisplay%26utm_campaign%3Dgccl%26utm_content%3DSHH-trip-remarketing-GDN%26omtr_sem%3D:Google:--:keywordid%3D:jobcode%3D%26gad_source%3D5%26gad_campaignid%3D23274770318%26gclid%3DEAIaIQobChMIlJebmNbnkwMVt3bDBh03sxKnEAEYASAAEgJvRfD_BwE,https://www.gct.com/trips/river-cruises/europe/holland-and-belgium-in-springtime?omtr_sem=dsp:dax:7458161&jobcode=745-8161&utm_source=paid&utm_medium=display&utm_campaign=gccl&utm_content=SHH-trip-remarketing-GDN&omtr_sem=:Google:--:keywordid=:jobcode=&gad_source=5&gad_campaignid=23274770318&gclid=EAIaIQobChMIlJebmNbnkwMVt3bDBh03sxKnEAEYASAAEgJvRfD_BwE,no,no,no,no,no
802,https://www.googleadservices.com/pagead/aclk?sa=L&ai=CpF10Nyfbac6rLKvdjeYPxZzloAT10MWLgQGkoPb_rxO-iqirlw4QASCS5skmYMfV_42EJqABsciDzSnIAQLgAgCoAwHIAwiqBKkCT9DFVO1uEVoyg1gIdzuJd6ysBaKeHy-FK-rINII3F6ihXWAyUAAWJ0VHIjv8gcI_mausBVnmLe9i21IEiYWdd4pATmjvCYC7-wAaERXxNBS6xS-P535Bts_ntabYjoikWVbEg3LkRW7Rbx2tidUwciYbx_sZGI-uF57PKquRIw126nPoPbJM-jZGCJpXrWvJzpw5v8WdDTNgPEYDcWcB_zb121cKZq2tjjsQ0WndicCZfS5HFd0QVczC7ylqdxZtRk4jPIUlbdo63jrQccTWPOgXj7TVHgwMEJhIMHEu_UI4XQfeR_CdOYdzxk1OuVlvTMStj3dG5OEZV9hfsFWjYax4AXZaa5NAZz8zaPP0ALq6KG9B8vRKn1ZuHwoCxCfaX9uMca6X1PgswAT2mJOxgQXgBAGIBe6C8I9RoAYCgAexgNSsBKgHp8yxAqgH4tixAqgHpr4bqAfMzrECqAfz0RuoB5bYG6gHqpuxAqgHjs4bqAeT2BuoB_DgG6gH7paxAqgH_p6xAqgHr76xAqgHmuGxAqgH1ckbqAfZtrECqAeaBqgH_56xAqgH35-xAqgH-MKxAqgH-8KxAtgHAdIILwiAYRABGJ0BMgiKgoCAgICACDoNgECAwICAgICogAKoA0i9_cE6WLGcppnE55MDsQlhhj3YDxCu7oAKA5gLAcgLAaIMA5ABAaoNAlpByA0B4g0TCMzFppnE55MDFatuwwYdRU4ZROoNEwj846eZxOeTAxWrbsMGHUVOGUTwDQKIDv___________wHYEwzQFQGYFgHKFgIKAPgWAYAXAbIXEBgBKgozMjYzNTg3NzE1UAa6FwI4AaoYFwkAAAAA4J8GQRIKMzI2MzU4NzcxNRgBshgJEgKkURgCIgEA0BgB6BgBwhkCCAE&ae=1&gclid=EAIaIQobChMIjqOomcTnkwMVq27DBh1FThlEEAEYASAAEgLJEvD_BwE&num=1&cid=CAQS0gEABaugfdKFjKm_nRbibEjx267HQwdtkJhvw6ks6QwHOnqt-Sf9vNNtaoqAGzla686vTOfj5QMpLIMA01JvZnZh_k7Sxlt2eINtin1f4nxH5cR8wEZQSXWWEz59mzGfeBcCpSGFllqXw79tS8XZL32HOHfn8E1KQAU1kGKsHSBlX5uwH8Oo-mEnoXkGENBdOaZregR1tuDxsvZMve0B97JgtssT__zP5pcFkGszOmErrOQqdvHLfhXa5V90BkQEtNyRaXwscJ8vfQxCF-uKKzmJHRMYAQ&sig=AOD64_0iiuPtLPoAVfUhSbNoYy64Uwzx_g&client=ca-pub-8162630360170543&rf=5&nx=CLICK_X&ny=CLICK_Y&uap=UACH(platform)&uapv=UACH(platformVersion)&uaa=UACH(architecture)&uam=UACH(model)&uafv=UACH(uaFullVersion)&uab=UACH(bitness)&uaw=UACH(wow64)&uafvl=UACH(fullVersionList)&nb=2&adurl=https://jetsono.com/garden/jetsono.php%3FaffId%3DH99BF5C2%26c1%3Dus_ban%26c2%3Dtech_rtg_300x250%26utm_campaign%3D%7Breplace%7D%26sub2%3D%26sub3%3D%26sub4%3D172170202230%26sub5%3D736336234513%26sub6%3D21776564590%26sub7%3Dc%26sub8%3D%26sub9%3Dd%26sub10%3Dwww.nzherald.co.nz%26utm_source%3DGoogle%26wbraid%3D%7Bwbraid%7D%26gbraid%3D%7Bgbraid%7D%26ref_id%3DEAIaIQobChMIjqOomcTnkwMVq27DBh1FThlEEAEYASAAEgLJEvD_BwE%26gad_source%3D5%26gad_campaignid%3D21776564590%26gclid%3DEAIaIQobChMIjqOomcTnkwMVq27DBh1FThlEEAEYASAAEgLJEvD_BwE,https://jetsono.com/garden/jetsono.php?affId=H99BF5C2&c1=us_ban&c2=tech_rtg_300x250&utm_campaign={replace}&sub2=&sub3=&sub4=172170202230&sub5=736336234513&sub6=21776564590&sub7=c&sub8=&sub9=d&sub10=www.nzherald.co.nz&utm_source=Google&wbraid=CjsKCQjw4ufOBhDpARIqAGosuVMPGVuS792VazodfWpdY8S2n1nVfDROcLfU7iq_QZKorxYp-VCLGgJnaA&gbraid=0AAAAApmg5DGhixlYsojTkhBUP78qmRZBc&ref_id=EAIaIQobChMIjqOomcTnkwMVq27DBh1FThlEEAEYASAAEgLJEvD_BwE&gad_source=5&gad_campaignid=21776564590&gclid=EAIaIQobChMIjqOomcTnkwMVq27DBh1FThlEEAEYASAAEgLJEvD_BwE,yes,yes,yes,yes,yes
803,https://www.googleadservices.com/pagead/aclk?sa=L&ai=CK4EiSCzbabKvHumKjeYP6-HBUZqd9O5iiJfU75gOtb_rlKIOEAEgjPeWJmDH1f-NhCagAbPdrLsByAEJ4AIAqAMByAMKqgTGAk_QO3dAsHwOg8a4qYygE0PLvSYeCRD3ldA8Nw_xvmI5olCzg37GYB0-aPp8MK3Bc56f_vpUNxIEo4tB7TKF6Ov3cU83zVXpWVuf419zWRl5idsAoOn3eGozq2vQiqDTtPGn9oLR6JJEsVgRXg7bJgW-aSBsuiGzeDh9bJe8JHRhQByiDFiw0c2HBGAKnv4m36hLoISOM37TNBsy3iQSHsM1RSME_uCLuaPRqwwL5i-cmBRPxwVVQcHu7n7VMIgeN8TsvkK2SJ4waz-AhSjf7auU0Jq4RvQNfJcVYLSIhqn1WuIC5WD20oIqAHK3BIOz7bVnzH3vq8RakH2q-zwN-MytBFFM6fYV8dzK_X20UqbJ98_LeWH0nygDAntxB_fHX3YMVpIYxEqTNRa5bQGa3bOAYmO0I_U4g9YXv5YNmAHli36fFX3UwASepvHQvgPgBAGIBYrR2YoxoAYugAe1otPEAqgHp8yxAqgHpr4bqAfMzrECqAfz0RuoB5bYG6gHqpuxAqgHjs4bqAeT2BuoB_DgG6gH7paxAqgH_p6xAqgHr76xAqgHmuGxAqgH1ckbqAfZtrECqAeaBqgH_56xAqgH35-xAqgH-MKxAqgH-8KxAtgHANIILgiAYRABGB0yCIqCgICAgIAIOg2AQIDAgICAgKiAAqgDSL39wTpYg_jSg8nnkwOxCQwgFR-Ds8P_gAoDmAsByAsBgAwBqg0CWkHIDQHiDRMI6ZzTg8nnkwMVaUXDBh3rcDAK6g0TCL3N1IPJ55MDFWlFwwYd63AwCvANAogO____________AbgT5APYEw2IFAXQFQHKFgIKAPgWAYAXAbIXEBgBKgoxOTA4NzU3Mzc5UAa6FwI4AaoYFwkAAAAAMCT7QBIKMTkwODc1NzM3ORgBshgJEgKTThguIgEA0BgBwhkCCAE&ae=1&gclid=EAIaIQobChMIsvPUg8nnkwMVaUXDBh3rcDAKEAEYASAAEgIeR_D_BwE&num=1&cid=CAQS0gEABaugfWItz7wtNrxG_3BZVl7o5KSs9ncwtaUOPRxfVF2sL4BsLexOqzoSnfRkjYVznT6j1b5tnVG4TaZGfryBPZ7d8E3TuoSnos5lp5Mf3dS_337Jc7IFcIDQf6BcKFE9FUYw81xtaNM6fBNinnBjJHj6PV_vwYrJmrkAYkFbrYfVy9qqJLv6fJDv2ZlrNdoOKYmXz8DblQXQgaFeOX3wU-YIMSMumnj-qL0CUROQKVPNxItq5HTNIHDyFIiqsCuhadmYvi489Kot2gJQ8CLvAtMYAQ&sig=AOD64_1aabFmcDyJwuohm9CPRtsyZglGbA&client=ca-pub-6554330019384808&rf=4&nb=9&adurl=https://hotspringsvillage.com/hot-springs-village-information/%3Fgad_source%3D5%26gad_campaignid%3D13175777418%26gclid%3DEAIaIQobChMIsvPUg8nnkwMVaUXDBh3rcDAKEAEYASAAEgIeR_D_BwE,https://hotspringsvillage.com/hot-springs-village-information/?gad_source=5&gad_campaignid=13175777418&gclid=EAIaIQobChMIsvPUg8nnkwMVaUXDBh3rcDAKEAEYASAAEgIeR_D_BwE,,,,,
804,https://www.googleadservices.com/pagead/aclk?sa=L&ai=CVCFyRSLbacL5K4K0geAPpdncsAS426_XhQHfzazZpRUKEAEgrPynBWDH1f-NhCagAe6dpOgCyAEJ4AIAqAMByANIqgTJAk_Q88Jcv6w3BtaNVV8vc2Z_o0GlBt3dB_aQOMSz2wZ11eWoSTRZgRHgx5nX-gJeFEYNuHivp721YAvcVvyB2HY2-wlIyBoqO9IiStlo7bL5Pot_LqIl_PnIINSvzLHdDBqi0EenluFP9Fu2eYaoKgs0Amo6QrLiE_hjqv3Ix6ACWZUm8O_V1hGyUTD-x-1PolRYwmr9aLlNQN-XafwpxW3LFGpiGdVkyoFGfIQ500piyN7weUv5ynIL6p0NdbAseshE1Rel4gLZU3wvpwKMXSINag2WaGe4uHz7GmFVpOxGVRIdoGWCv0jREaMPFIV2PPcLLwUqlmvNkR0OqbhXGufORFeSRV5sE0WCK_EiKVG8Tnm_Vm7SQeSsYB8NCmBsexqsRllMV4IrtWcBaFBZwgdbLsImQW0O4GAH9j519NZWmN0lK9h4Gc1XwASa4dKG0AXgBAGIBePHobRXoAYugAf64duXAagHp8yxAqgH4tixAqgHpr4bqAfMzrECqAfz0RuoB5bYG6gHqpuxAqgHjs4bqAeT2BuoB_DgG6gH7paxAqgH_p6xAqgHr76xAqgHmuGxAqgH1ckbqAfZtrECqAeaBqgH_56xAqgH35-xAqgH-MKxAqgH-8KxAtgHANIILgiAYRABGB0yCIqCgICAgIAIOg2AQIDAgICAgKiAAqgDSL39wTpY0NnNvb_nkwOxCUqbtvlS89bwgAoBmAsByAsBgAwBogwDkAEBqg0CWkHIDQHiDRMIgaPOvb_nkwMVAloABh2lLBdG6g0TCKPqz72_55MDFQJaAAYdpSwXRvANAogO____________AdgTCtAVAZgWAcoWAgoA-BYBgBcBshcQGAEqCjQxNTk4NDEyMDVQBroXAjgBqhgXCQAAAABwTPhAEgo0MTU5ODQxMjA1GAGyGAkSAuVrGC4iAQDQGAHCGQIIAQ&ae=1&gclid=EAIaIQobChMIgrDRvb_nkwMVAloABh2lLBdGEAEYASAAEgIluvD_BwE&num=1&cid=CAQS0gEABaugfXwHtW7vOHBdU1gzlIRkmij0-fsaYhbJj8kIwX-FnIhUBdbC1czUzA1snabmNoRg3S_WhZsoy-e1p6cKUdpZSKjfZKizocZqoq_fgv_dHUz1S3yl-H-ZMVxM4TvhLs92Q38Nrfpim_IhpRmOckDzydP_qp5q0vCCllpqWsNVPil-rt3H0bVXy__rgxtdE6R7gIMQ8ZS73S2almYvBpXonnSBIKgSGlZCCtiflKhqYlQOomJgYeouIApIm34Do7-DC2W5tJrKuwXp2xUVaRUYAQ&sig=AOD64_2ZRWFIudnxBJPScsVIVcvobxf-fA&client=ca-pub-3793720534573472&rf=1&nb=25&adurl=https://www.havco.com%3Futm_source%3Dgoogle%26utm_medium%3Ddisplay%26utm_campaign%3Dbh_rt%26gad_source%3D5%26gad_campaignid%3D23463486435%26gclid%3DEAIaIQobChMIgrDRvb_nkwMVAloABh2lLBdGEAEYASAAEgIluvD_BwE,https://www.havco.com/?utm_source=google&utm_medium=display&utm_campaign=bh_rt&gad_source=5&gad_campaignid=23463486435&gclid=EAIaIQobChMIgrDRvb_nkwMVAloABh2lLBdGEAEYASAAEgIluvD_BwE,,,,,
805,https://www.googleadservices.com/pagead/aclk?sa=L&ai=CzO4zhSjbaaTlDYvIgeAPveyP6A24oO_VcbrbwZbzE76K_4DUAhABIPCZzxlgx9X_jYQmoAHs65_9A8gBCeACAKgDAcgDCqoE4QJP0FjHthNt3Ie0bNjHdxtewZkJF-0E4ZzDZDCwTUKhLDJhpdDqtX-Gjkcvb0glDCXTn3Vkl1MyJ6Nh31uc9CRBDV7wf61mv6qn0x94nOhXIcMDIhWND-tKQcpUfYpU8ensG0u-nf-o1hYY9kSX7DpVa_UVzjLUdB9p7jUpG1hb-58Fc5vP9-tJau2byvS4NK1E8lEn7wrwRPZwFJrENc3MpwcO-gT_qBoAF4nvJualS5XUbBGdvskpVUc_xmNzdlvOEx-ABPE_XEOJY-G6tLwmBaTGU9QqbyrlIzkUGsxeihW2r9nfcwDVMFuffMmYKJuk_Dsygjok3grjEbmpC8x8rrIxU4kdRkpBfngbCvdsHtP8rl4coSfmyH8ukkYBHYrQ3tz3ez9mluqgqmkph2AqZJSf8zOR7rzdr43KRCD4MxLK0x1skpB_NVx7KWKKNLZ0az0NdhxinrZ9bU55LoBhksAE9fes-vcC4AQBiAWvuJfUJaAGLoAH_JPgAqgHp8yxAqgH4tixAqgHpr4bqAfMzrECqAfz0RuoB5bYG6gHqpuxAqgHjs4bqAeT2BuoB_DgG6gH7paxAqgH_p6xAqgHr76xAqgHmuGxAqgH1ckbqAfZtrECqAeaBqgH_56xAqgH35-xAqgH-MKxAqgH-8KxAtgHANIILgiAYRABGB0yCIqCgICAgIAIOg2AQIDAgICAgKiAAqgDSL39wTpY-LepuMXnkwOxCR93HOsyP7IogAoDmAsByAsBgAwBogwDkAEBqg0CWkHIDQHiDRMI0dupuMXnkwMVC2QABh099gPd6g0TCLmKq7jF55MDFQtkAAYdPfYD3fANAogO____________AaITVgo5CANAAVIICgYSBAgBEAFozdz6iUNyIxIhIAIoATgCQK-4l9QlWAFo_v__________AXACgAEBmAEDGhkKF2NhLXB1Yi05OTM1OTcwODk0MjQ3MzE2uBPkA9gTCtAVAZgWAcoWAgoA-BYBgBcBshcQGAEqCjEyMzMzMzY3NzBQBroXAjgBqhgXCQAAAADEdBtBEgoxMjMzMzM2NzcwGAGyGAkSAvZOGC4iAQDQGAHCGQIIAQ&ae=1&gclid=EAIaIQobChMI5LuruMXnkwMVC2QABh099gPdEAEYASAAEgLqTPD_BwE&num=1&cid=CAQS0gEABaugfaQib9DIgK55G0SDz62GdvbNcjYnK0FOF8UE--w1R8c_PCYL9zSEeGasiOR5vd2Aox-F4xPZ8CGFV54C--9Fxr0ErvRGnNJeBya2v2L5Prxt6rXHuqjUAIDT3MHJh3JgOEbjOJ5-l4GCmWDclXBf2OrQfw1-s8Crgta77JQF3bHAD5ZCsu7RV5jME8VbZd1kzUG9BGLumVD0BAM4TbLd6Y0HZl9HLQEzAbRuybnMGjyLhprwcf6K_2eXT9EAYB5EyVhzqiTUt53KUeTtxrsYAQ&sig=AOD64_178rIlfqxTo3KrQ8P0nou6yvno2A&client=ca-pub-9935970894247316&rf=4&nb=19&adurl=https://insurtecinc.com/%3Fgad_source%3D5%26gad_campaignid%3D10108656687%26gclid%3DEAIaIQobChMI5LuruMXnkwMVC2QABh099gPdEAEYASAAEgLqTPD_BwE,https://insurtecinc.com/?gad_source=5&gad_campaignid=10108656687&gclid=EAIaIQobChMI5LuruMXnkwMVC2QABh099gPdEAEYASAAEgLqTPD_BwE,,,,,
806,https://adclick.g.doubleclick.net/pcs/click?xai=AKAOjsvQuYQaThvy-4UXiIzfs_sUx89Fi6-gtyIlP15BidLvgnEcg4r6EAXaieFYAL6XiPKxdMzMoG1qlpVfHmwrUyQuPc3uqYw53K73goSk11o5rE7BoxXD2s2fvewLiwZO-kZG1zQroEFvSrL1MAuzODze2qX7Di1JSQLyqZDBMDCk4L1YkYxspF6PT1aRpKFrTgdYDkvSFY-3HtelFLXQwkLr7BZVb8ZfJzOoOEobeSHi-Qe9dhhvruSTf_JcpVTyrZ7yGytUebr-bzr9TepHDSNwdC-XIIyFFiGes9zlBT_WQAJlyxEpiAzq4dKAxL2L5lp2JSx_TQfayRvOWQ4EvmKUYm0_wy8C_PpM1Hl_FiqPL-dCpX05_8lHD5DrmSuc_qlOcSApoVdUqhwX3pJb&sai=AMfl-YRCNIO-K2nYfHglRiWTbnbzEvf_UpSRtgI22IubbOKrMsxH2rev6V_L3ugFA-KEylmjCm4i3NHF2Ee_hTw72ITqOOT09liNxr0m1EKDIBXafmFYR3ymLy-C44g9-HznKOZXuQ0Yqhtuf3mEtQca8pyNR8_91glx4e48Wi1suV3oqMedcOU9HtiwXqEu0RDNq0-HbyTHh0USEa9DboAwewlr2F0m_BqmTTbBszyskC5xdIEp1Hm9HhjGsxt-DaSl-CaJsdynJQxQ_ooGw0hejxd38uZngYDSXeEKs5vbHDU995VNzsYM1EH0-h97tGHG8BFzqm7Zrh8oqq7nNiwrZMUk-wJC_G47&sig=Cg0ArKJSzDn2vDw3_UkjEAE&fbs_aeid=%5Bgw_fbsaeid%5D&urlfix=1&adurl=https://ebikedays.de/e-bike-ist-trend-hype/?gad_source=1&gad_campaignid=23654470538&gclid=Cj0KCQjw9-PNBhDfARIsABHN6-0Mda4Cvu5HgKcmttuJ5WdXE33djmazLoelfF_tL3i6Wf-B8HJW0f0aAu3xEALw_wcB,https://ebikedays.de/e-bike-ist-trend-hype/?gad_source=1&gad_campaignid=23654470538&gclid=Cj0KCQjw9-PNBhDfARIsABHN6-0Mda4Cvu5HgKcmttuJ5WdXE33djmazLoelfF_tL3i6Wf-B8HJW0f0aAu3xEALw_wcB,yes,yes,yes,yes,yes
807,https://www.googleadservices.com/pagead/aclk?sa=L&ai=CHkTgTkLaaezXHsCOjeYP8oXgIJe8zLqFAZXj-IHTE67N3dXFARABIOG2tk9gzaDvgKwDoAH_46ioAsgBCakCaFcdl2XQij7gAgCoAwHIAwqqBOQCT9D-7OgLleoWpkgkGsbvas_E0nTRwcLxqGMZuk-00yk-kq-yTAYLRN7zdxv3LZhBpwkEe0zAbepWoXEMApWhW3Whz4DD5PQeN05SJREOVtdUnMm0oZltvaPKMGjslFzT2lVfq8kmbCGPr05STelbsSQeJNJF24h_ROlMGCtvyGTfcqdykNsqW5XnpCwl5UiS_mEdYJMyQLB_IhQiuzFntpjQFspdSWBjaDhax65WyaxpYqVtvUXuaW4dZ2woGr6Df5Qnx5CgYvp4lq-jBnOXf695-AWRN3To3wM_KnHWO5CsDYRoSUb0iJAMAQFnEnf9Ng917LRddYg83i605dK1GiDZw-PiK0x8HbE1gUHpsILp3imTNYhL4d9Jy2IOlhwicK7LnjhD99K8L2jrPSgtfq5x9pROFxqgiH9UsKXVf0nWsNmfW1KoocpPhLh8xATI02KzBvSSrL71hVcmwPQS_Agmvy_ABJrj2oCDA-AEAYgFxqPMzCagBi6AB-mb19cBqAenzLECqAfi2LECqAemvhuoB8zOsQKoB_PRG6gHltgbqAeqm7ECqAeOzhuoB5PYG6gH8OAbqAfulrECqAf-nrECqAevvrECqAea4bECqAfVyRuoB9m2sQKoB5oGqAf_nrECqAffn7ECqAf4wrECqAf7wrEC2AcA0ggyCIDhgBAQARidATIIqoKAgICAgAg6DoDAA4CAhICAlK7gA6gHSL39wTpYgfuF8unlkwPyCBthZHgtc3Vic3luLTQ5MzUzODgwMjczOTU5MjSxCfMtibtM2LjjgAoDmAsByAsBgAwBogwDkAEBqg0CQlLIDQHiDRMIge2G8unlkwMVQEfDBh3yAhgE6g0TCIHTiPLp5ZMDFUBHwwYd8gIYBPANAogO____________AdgTDdAVAZgWAcoWAgoA-BYBgBcBshcQGAEqCjIxNzIwNTM1MzhQBroXAjgBqhgXCQAAAABgNQBBEgoyMTcyMDUzNTM4GAGyGAkSAsdPGC4iAQDQGAHCGQIIAQ&ae=1&gclid=EAIaIQobChMI7LaJ8unlkwMVQEfDBh3yAhgEEAEYASAAEgKrk_D_BwE&num=1&cid=CAQScAAFq6B9Z7lHnlBcj52bZ8LV8Gw0j6DLc1XUA2WE-JvLlsSklljXOUVOU3ybRWto9Q9_mFzu1S_MghWlFpomV20-SJBj9-eGuVF4f2Nn4qYIB6fNtAOkRhNRDJVRIlr7JPdxld5Ll635SI_MTdxQVGQYAQ&sig=AOD64_1zwmyMu3jUf7wdGw0_oJdcnkpBdA&client=ca-pub-7747436378556651&rf=4&nb=9&adurl=https://www.motorhomeonline.com.br/%3Fgad_source%3D5%26gad_campaignid%3D10361180614%26gclid%3DEAIaIQobChMI7LaJ8unlkwMVQEfDBh3yAhgEEAEYASAAEgKrk_D_BwE,https://www.motorhomeonline.com.br/?gad_source=5&gad_campaignid=10361180614&gclid=EAIaIQobChMI7LaJ8unlkwMVQEfDBh3yAhgEEAEYASAAEgKrk_D_BwE,,,,,
808,https://www.googleadservices.com/pagead/aclk?sa=L&ai=Cj1eNuknbae_IEI_ejeYPuKPVkAmnsZ_nggGa58fx9RTc2R4QASCT2NIfYMfV_42EJqABh7C0_QLIAQOpAnP2jashlrY-4AIAqAMByAMIqgTVAk_QzqP95nR6789Cslz1Jjd5ngTLT0xU5QuEWeQEBrY4TOhcdQYxaqRg_ZVRacjhF7d7WwBBHw9nBtXMvMi3QWyprgC7Lee9IOBkrFJpjJjGf_nU03N0nklYpbN5nvf2bLrRnsqOrv3uAMZdKcc9VkmbkpG_4ous5BfIXSdQD7N6fWR7cOuPQ_R2s0iH4-LfP8z5JsV4by2wg4K73vTsI5fOxHX3etB1yDoN-AygrAzyeyaHXYiNEzb1gU4Ep3Q2TOE0lmTdUfk5UcHziHW5D6mhyCYEWeZyROZmXhdgwrzrvwecTKgTkG6oMU2DPsxWcRHbxLQIQkGj8VnMAXalD65or_8IGfE1CxBtqKUyKogGkGr99_ACjKW1maNZ5s_Mri8OiqKSOLIPnqKrF8aUZAA22d_iYm3h9UHM_J12l4IJl-GfCXdedB5_ioA6Pkg2uFfDmNfQwAS-h8C3qwXgBAGIBfHkkfZVoAYDgAfnkMyCAagHp8yxAqgHpr4bqAfMzrECqAfz0RuoB5bYG6gHqpuxAqgHjs4bqAeT2BuoB_DgG6gH7paxAqgH_p6xAqgHr76xAqgHmuGxAqgH1ckbqAfZtrECqAeaBqgH_56xAqgH35-xAqgH-MKxAqgH-8KxAtgHAdIILwiAYRABGJ0BMgiKgoCAgICACDoNgECAwICAgICogAKoA0i9_cE6WITX9o3l55MDsQkUYcwIRgZ0BIAKA5gLAcgLAaoNAlpByA0B4g0TCIyY943l55MDFQ9vwwYduFEVkuoNEwim4viN5eeTAxUPb8MGHbhRFZLwDQKIDv___________wHYEw3QFQHKFgIKAPgWAYAXAbIXEBgBKgo2MjEzMTIzMDI2UAa6FwI4AaoYFwkAAAAAJCUbQRIKNjIxMzEyMzAyNhgBshgJEgK7UBgDIgEA0BgBwhkCCAE&ae=1&gclid=EAIaIQobChMI7436jeXnkwMVD2_DBh24URWSEAEYASAAEgID9vD_BwE&num=1&cid=CAQS0QEABaugfcTp2jzVnIqF0CzfgCNSlY37P9OiO10sioXITj70bEba1F1DXwjFN58Y8QvyaYPmdnvjkoaF3nKMGnsZwKz47az-TmJYf2gRByh8cuTaRPGG1tD-cMXuGnuJncXF5-d-K5vCtR25tvOPNXw_HgGm-iAWGKu9ogIZ0smlByT5Ld9a3PdyDSBIEsjR_zpwE-cItCx5AnANBU6FG1aI73DHjzq79aAb8HX0D4B-u1x5al7CUBLXAEG__aJFqsOKE51H66ZsBuPQ-4kJIirv0RgB&sig=AOD64_2RoK9byoXFVWYtbwk24RJBvffQRg&client=ca-pub-2870152834215954&rf=5&nx=CLICK_X&ny=CLICK_Y&uap=UACH(platform)&uapv=UACH(platformVersion)&uaa=UACH(architecture)&uam=UACH(model)&uafv=UACH(uaFullVersion)&uab=UACH(bitness)&uaw=UACH(wow64)&uafvl=UACH(fullVersionList)&nb=2&adurl=https://www.asafe.com/en-gb/risk-reduction/barriers/%3Futm_term%3D%26utm_campaign%3DUK%2B-%2BEN%2B-%2BDisplay%2B-%2BNew%2BA-SAFE%2BRange%2B-%2BProspecting%26utm_source%3Dgoogle%26utm_medium%3Dcpc%26hsa_acc%3D8375819347%26hsa_cam%3D23064769137%26hsa_grp%3D183457809342%26hsa_ad%3D776910106487%26hsa_src%3Dd%26hsa_tgt%3D%26hsa_kw%3D%26hsa_mt%3D%26hsa_net%3Dadwords%26hsa_ver%3D3%26gad_source%3D5%26gad_campaignid%3D23064769137%26gclid%3DEAIaIQobChMI7436jeXnkwMVD2_DBh24URWSEAEYASAAEgID9vD_BwE,https://www.asafe.com/de-de/risikominimierung/barriere/?utm_term=&utm_campaign=UK+-+EN+-+Display+-+New+A-SAFE+Range+-+Prospecting&utm_source=google&utm_medium=cpc&hsa_acc=8375819347&hsa_cam=23064769137&hsa_grp=183457809342&hsa_ad=776910106487&hsa_src=d&hsa_tgt=&hsa_kw=&hsa_mt=&hsa_net=adwords&hsa_ver=3&gad_source=5&gad_campaignid=23064769137&gclid=EAIaIQobChMI7436jeXnkwMVD2_DBh24URWSEAEYASAAEgID9vD_BwE,yes,yes,yes,yes,yes
809,https://www.googleadservices.com/pagead/aclk?sa=L&ai=CfeHJXdLZaaapE5SOjeYP59DPmQrjhO2RhQG1gpmYsRWzkB8QASDmtM-ZAWCJi8SE9BOgAazFjd8DyAEJ4AIAqAMByAMKqgTIAk_QQhhdGUr2G9ribm0vWKmjK7t9Uo0QgHbrmZCx4CIwydwlX34e9BuqdxfqokJ5VsnOzkznAwt_i71a67rfnXtP_0ScKH2i3PyF4ErnluKVeybUugWXATaV01fiWbw8z9liJPppA8J3D5AQovjxGmvaVwyHFaEC4QOY_mzD0ec-prmc7ks0P-0vw7vVhqgVLrj-yLBJpydk0NilEj5C5CXxY6bIOWSoBZ-FvHuGtIXY6IZPMsbRLKON5dxGPsyrFR3hf9g_hdyJzLZo-aebxZlWbO6k1bqChBewBGyXmVNIeRt3QlrdduyvaVW3J8ibl4peCMxErEDD9JAD2VqpRhKITiumUpwdsNlOzJhBfFMkd1_RbYMq2V5bw2F4Me_3vZp7bwFW3L4pkXVLgg-vcnkDD5qOPTbBr4pwXRdj0L_qz06_WmZU4cvABMy0rsHLBeAEAYgF_qv5vFegBi6AB7y68iCoB6fMsQKoB-LYsQKoB6a-G6gHzM6xAqgH89EbqAeW2BuoB6qbsQKoB47OG6gHk9gbqAfw4BuoB-6WsQKoB_6esQKoB6--sQKoB5rhsQKoB9XJG6gH2baxAqgHmgaoB_-esQKoB9-fsQKoB_jCsQKoB_vCsQLYBwDSCC8IgGEQARidATIIioKAgICAgAg6DYBAgMCAgICAqIACqANIvf3BOljnjJ-R_-STA7EJhmqAU7WvBuCACgOYCwHICwGADAGiDAOQAQGqDQJKUMgNAeINEwjSqZ-R_-STAxUUR8MGHWfoM6PqDRMIhY-hkf_kkwMVFEfDBh1n6DOj8A0CiA7___________8BuBPkA9gTA9AVAZgWAcoWAgoA-BYBgBcBshcQGAEqCjUxMDM4Nzk0ODNQBroXAjgBqhgXCQAAAAApODFBEgo1MTAzODc5NDgzGAGyGAUYLiIBANAYAcIZAggB&ae=1&gclid=EAIaIQobChMI5suhkf_kkwMVFEfDBh1n6DOjEAEYASAAEgKG9PD_BwE&num=1&cid=CAQS0AEABaugfRYd6zrkTKipbuHmnF8AzIj2WXbTOzdybiy4-U4lc3eyoeFV3DrmDdM9iqajim_dLNl8jfPsNDZnV3EsQSzykeqJGqD0qfYriF1kDtPEjcekh7X2otPbuuH5gEBW9Kc6xgL9nbY87qa31qRD5EDTDvgdJnQ07lF_TjWB_pzYIHxIefZE_tiUBf9dqmCKFNJussGOSsrcIcGfEkDXHXhRpsR_mNCqpmI6lT3_0f8-dpiHiWXM7pd4l95v-rE52ePfN0ovTfxH-OSQRgqPGAE&sig=AOD64_2ee6XNLNyfMWr0pLpiK7JPxPOJYg&client=ca-pub-3677668629134422&rf=4&nb=9&adurl=https://kidsdiscover.com/kids-discover-online/%3Fgad_source%3D5%26gad_campaignid%3D23481701886%26gclid%3DEAIaIQobChMI5suhkf_kkwMVFEfDBh1n6DOjEAEYASAAEgKG9PD_BwE,https://kidsdiscover.com/kids-discover-online/?gad_source=5&gad_campaignid=23481701886&gclid=EAIaIQobChMI5suhkf_kkwMVFEfDBh1n6DOjEAEYASAAEgKG9PD_BwE,,,,,
810,https://www.googleadservices.com/pagead/aclk?sa=L&ai=CX5vxRBbbabWsD-GJjeYPzLbpsQr39d-6hgHzxvXVrQyLudvf2A4QASCLiIMoYMfV_42EJqABhtiy6gLIAQPgAgCoAwHIAwiqBKYCT9BV8iz6Diypm1vSmPES4NjJh8BCcl02wQ43J2BHXeNTAZyS1Qycp-3O9CnPEmQdqjGbfX0jcz2VKOYD89qcR8855IKj7yPRfppaVrzwTT5ZpcHJMVsHJ-rfu0oscT7UepejgQ1-a5nLrSSCcl6ZNRKoIIzLLOGMGOvW5QhG854RhTSWHXF-ezTjfLbwoR3GC_FT8sw-rgNRIZd9U-jsUrnPrt6WS3wC6dSr0iHct4tyzRhgr7WgObPfCsqf9sXfWC-hjoyRsAa0DoXMJ6oAW0KMRcJMvA5Ds6bBBogIzY0vrLtawbgmqkd6bGKXogcdyQMfv5EYznXSe279W03G6hgsIZ9uzoKkelFGApsrp1zARrd0NkelyuciyNso3zIdOvqgKIDTwAS9lufexgLgBAGIBezV_7wgoAYDgAfip82VAagHp8yxAqgH4tixAqgHpr4bqAfMzrECqAfz0RuoB5bYG6gHqpuxAqgHjs4bqAeT2BuoB_DgG6gH7paxAqgH_p6xAqgHr76xAqgHmuGxAqgH1ckbqAfZtrECqAeaBqgH_56xAqgH35-xAqgH-MKxAqgH-8KxAtgHAdIILwiAYRABGJ0BMgiKgoCAgICACDoNgECAwICAgICogAKoA0i9_cE6WKekiYS055MDsQnK_JUkssqVOIAKA5gLAcgLAaIMA5ABAaoNAlpByA0B4g0TCIjeiYS055MDFeFEwwYdTFs6puoNEwjG_YqEtOeTAxXhRMMGHUxbOqbwDQKIDv___________wHYEw7QFQGYFgHKFgIKAPgWAYAXAbIXEBgBKgo1OTM1NjE3NjY3UAa6FwI4AaoYFwkAAAAAqEkPQRIKNTkzNTYxNzY2NxgBshgJEgLBTxgDIgEA0BgBwhkCCAE&ae=1&gclid=EAIaIQobChMItd6LhLTnkwMV4UTDBh1MWzqmEAEYASAAEgKOYvD_BwE&num=1&cid=CAQS0QEABaugfZEuNsrnrOdGeJPuaMVODrZXVE6gQB95SapAA9jhd5WMyzgNJQ0a3f7ljQfIQLlvBWFOh8iSs2QeiGfLCKz5JLRNgNBnYogofFYZzxZ24RiuRa7MyevtyLeBYN_ojopVG7sRY27iTjw0VrQR6lM5RDG-_ORIkeKE1DFd2UikASVA2MCQUHoRs_st5cFqVq4C5C5KSheCqCPE_VxTx4rmiRPSMev48lItCuEbiL9las7ot-dK3EHxmqXPe9NTHqmdEr4_BsO9kgsUlheNCxgB&sig=AOD64_0Zy5L982SRIOwPnuk5QXliQOg0RQ&client=ca-pub-9172700587175332&rf=5&nx=CLICK_X&ny=CLICK_Y&uap=UACH(platform)&uapv=UACH(platformVersion)&uaa=UACH(architecture)&uam=UACH(model)&uafv=UACH(uaFullVersion)&uab=UACH(bitness)&uaw=UACH(wow64)&uafvl=UACH(fullVersionList)&nb=2&adurl=https://zebashoes.com/pages/why-zeba%3Fgad_source%3D5%26gad_campaignid%3D8717855468%26gclid%3DEAIaIQobChMItd6LhLTnkwMV4UTDBh1MWzqmEAEYASAAEgKOYvD_BwE,https://zebashoes.com/pages/why-zeba?gad_source=5&gad_campaignid=8717855468&gclid=EAIaIQobChMItd6LhLTnkwMV4UTDBh1MWzqmEAEYASAAEgKOYvD_BwE,,,,,
811,https://www.googleadservices.com/pagead/aclk?sa=L&ai=CJH90T0jbacqFFaWXgeAP3KSX0Q_J387qhQHyg6eo1BWhpvjz0B0QASCT2NIfYMfV_42EJqABjvyxpgHIAQmpAnP2jashlrY-4AIAqAMByAPLBKoEgANP0O78jmXN1SdARRrYqTCFoGLTsybkWQvNJzHTML7QLCoFKetW60hkltlc5z5PhSqO1LiJ-Xti-a6wfjRTydipRbaQHgqV3EMBFSwzV1rp1z2ASunb4a3L1xyCPxzoEy81ix_-k5Gya64Td0W-5Hvr-YSu95RYbyg3KZ7pWU6F2Z34pStK2Bu-RwWYz8huNswVYkU4mtKRQ6QstwEzfvs7RpRVMFguBtaiHE--MZYF13JBQBYJFEguYNUlnfSzzivkAnEYYyQ7YayIeIis-NP0_jegTnfA9muosMasrOAxPBy0ywOQLxG5UFheL4fdYibGibFJFfGwhrNK7yay87bSUh7K2rVm9m1cI9hcbMF-BFr1jy8TLG0aIHijkGWl66QDEHn7TZkXzap-51xI3oDI5nv1o4t1Z9q-pgUK5WGgP9WjKjX6oywdxT4aNLwFd_4jrNcqGpQKDV6wW7V6yQ-dbVr7BqWFCqvDjRkUI-uCRZFwCI1bgc9bOmwv_uuCaQjABJ-WtPfHBeAEAYgF78PCsFfABQX6BQYIJRABGACgBi6AB9qDztkCqAenzLECqAfi2LECqAemvhuoB8zOsQKoB_PRG6gHltgbqAeqm7ECqAeOzhuoB5PYG6gH8OAbqAfulrECqAf-nrECqAevvrECqAea4bECqAfZtrECqAeaBqgH_56xAqgH35-xAqgH-MKxAqgH4tixAqgH4tixAqgH4tixAtgHAMAIAdIILwiAYRABGJ0BMgiKgoCAgICACDoNgECAwICAgICogAKoA0i9_cE6WOLD7eDj55MDgAoDkAsDmAsByAsBgAwBogwFSAGQAQGqDQJaQcgNAeINEwiple7g4-eTAxWlSwAGHVzSJfrqDRMI8PPv4OPnkwMVpUsABh1c0iX68A0CiA7___________8BsA7cj6noGOASmuy_r--Z355v2BMM0BUB6RWTg21xo1KHMfAVqovTBPoVJ3Nob3BpZnlfR0JfOTcxMTA3NjAxNjQ3NF81MDU5NDE5NDk4MTIxMJgWAcoWAgoA-BYBgBcBshcQGAEqCjYyMTMxMjMwMjZQBroXAjgBqhgXCQAAAABAsRhBEgo2MjEzMTIzMDI2GAGyGAkSArtPGC4iAQDQGAHCGQIIAQ&ae=1&gclid=EAIaIQobChMIiuny4OPnkwMVpUsABh1c0iX6EAEYASABEgKto_D_BwE&num=1&cid=CAQS0QEABaugfanlI8Z7GQvXIvWB1dTDTiCaXatYd5nRkPRaX9TABkwlxC1aX87a409CJ-0gtcunrgfVaYbiz-wKTB1VlzsQB14PQ6Ix91coh1KBhHpv2yFGocKTjpttigCxXzYHGCRWeq1J3dX_ZaGh7qk_0lzDK4w6Frs6nYKXGqyQpzRkMvJHcbtU19jVxGpNtfH5G0NERMz4ApoQUWbBwnhL3ogqlx6jTnOO3G-x0at49tdsfHwOrxMco4m5NSpHkcCW2R23ac9JUMAcvemDsHQoiBgB&sig=AOD64_2fw5irZriya06CRxCMwtC9gWRsnQ&ctype=5&client=ca-pub-2870152834215954&nb=9&adurl=https://www.faberge.com/products/fluted-multicoloured-gemstone-eternity-ring-2319%3Fcurrency%3DGBP%26variant%3D50594194981210%26utm_source%3Dgoogle%26utm_medium%3Dcpc%26utm_campaign%3DGoogle%2520Shopping%26stkn%3D4a7fbf61a7ed%26tw_source%3Dgoogle%26tw_adid%3D%26tw_campaign%3D23455634042%26tw_kwdid%3D%26gad_source%3D5%26gad_campaignid%3D23455637999%26gclid%3DEAIaIQobChMIiuny4OPnkwMVpUsABh1c0iX6EAEYASABEgKto_D_BwE,https://www.faberge.com/products/eternity-ring-with-mixed-gemstones-2319?currency=GBP&gad_campaignid=23455637999&gad_source=5&gclid=EAIaIQobChMIiuny4OPnkwMVpUsABh1c0iX6EAEYASABEgKto_D_BwE&stkn=4a7fbf61a7ed&tw_adid=&tw_campaign=23455634042&tw_kwdid=&tw_source=google&utm_campaign=Google%20Shopping&utm_medium=cpc&utm_source=google&variant=50594194981210,,,,,
812,https://www.googleadservices.com/pagead/aclk?sa=L&ai=CNtg58MrZabOjHoODjeYPrqP9uAO32cORhgGoq7Oi8BWyr9H2hwEQASCFzOYxYImLxIT0E6AB4saUpkLIAQKpArp2jhIWF5Y-4AIAqAMByAMIqgS2A0_QhqMOWFSyU-oFbKPUBLTT8tVyZw35Q4NqEZh60VZAIYjHX1J_q83q9beTPP1zb56rx8Tu1PhUnMZTXP6EOPqdJRYMXIuvgbgMto6RPLAl8Nv1fP_aR66uqdOw6bjaM4A1tHsinfwCHN7vfhYfJkKEmo97Ni6SzbnvmbiRIRvZD25mtv-RhbrI_JpZ9RVjoFLNFGRI0r99a9Brgk5cTdkQi_kkQF-6Qo9KkEOqwcD-etdUFN0KfwZiCSwvN77gIpX4-sF3JfF09WnaItY4RMln2qj3DS9_t_nfYEt8HDeEA06OYm0FhfhZyygO3zdp_qO2Z2OiQ-XgTQf2ZRl8xxlO7FaVOwQrLRXTaTnCRp4MXF8Vo-Lb7KFsQZ9Db1eop8Xu3JHZEmZ5I1DbD24YJRe5ePlQJu6zeLWXa7x8JnmkHhPR6bV4_qoSr2RCion-p-siAuUzFbKdJCXPKwjTlK59nMVJFYfxuS88aEqkvr4gOc9oqasNCukBXFFdKbgjJlJTz-D_SqmafLl3-GB55ycgmSeFeQchIcF8QYNIYMl3xn9hx7B0GW_ajjbqRRmX28OMWrxTFsAEwLact-kF4AQBiAXct_uZWKAGAoAH4v7khR2oB6fMsQKoB6a-G6gHzM6xAqgH89EbqAeW2BuoB6qbsQKoB47OG6gHk9gbqAfw4BuoB-6WsQKoB_6esQKoB6--sQKoB5rhsQKoB9XJG6gH2baxAqgHmgaoB_-esQKoB9-fsQKoB_jCsQKoB_vCsQLYBwHSCC8IgGEQARidATIIioKAgICAgAg6DYBAgMCAgICAqIACqANIvf3BOljztO6G-OSTA7EJihft-BduPayACgOYCwHICwGqDQJKUMgNAeINEwih1e6G-OSTAxWDQcMGHa5RHzfqDRMIrJrwhvjkkwMVg0HDBh2uUR838A0CiA7___________8B2BMN0BUByhYCCgD4FgGAFwGyFxAYASoKMjAwMjk5MTQ4N1AGuhcCOAGqGBcJAAAAAEBI2EASCjIwMDI5OTE0ODcYAbIYCRICk04YAiIBANAYAcIZAggB&ae=1&gclid=EAIaIQobChMIs9vwhvjkkwMVg0HDBh2uUR83EAEYASAAEgKOS_D_BwE&num=1&cid=CAQS0QEABaugfZAgItOEBm6SY1RSfvoLWMuMpfHghkXlXlLGbXNRLUfeifIamOOMtb392GDE38fAL9ZQJGbVNsDl-pmH8nJeSmZ15mHNDW44bFRcv8dmBewxEZIz3J2fhlJSFOmfEzDNtoaJJXeITY1ibnFSBtL__kdRi004hSJAbwpAmTzNbUFUkAyj28j5LUNGxV6xTd9o5kXuJrgnsB-w3l-ki-CJTRIqHSzq4Oeb7Z0p2JOB8zFPpPVTr_OnTss3_NXfN0G6UlQ2xV7YCXjHm_LY0RgB&sig=AOD64_2ulKf3h-5t8mZ6omvY5aFiAWtoCQ&client=ca-pub-5616046187545019&rf=5&nx=CLICK_X&ny=CLICK_Y&uap=UACH(platform)&uapv=UACH(platformVersion)&uaa=UACH(architecture)&uam=UACH(model)&uafv=UACH(uaFullVersion)&uab=UACH(bitness)&uaw=UACH(wow64)&uafvl=UACH(fullVersionList)&nb=2&adurl=https://qsi5n.share.hsforms.com/2jKG-JTe3T4WtyFVe0soxvg%3Futm_campaign%3D29108055-AMIM-Towers%26utm_source%3Dgoogle%26utm_medium%3Dgoogleadsbanner%26utm_term%3Dgoogleadsbanner%26utm_content%3Dgoogleadsbanner%26utm_term%3D%26utm_campaign%3DDisplay-usa%2B-%2Buk%2B-%2Bcanada%2B-%2Baustralia%26utm_source%3Dadwords%26utm_medium%3Dppc%26hsa_acc%3D3635865358%26hsa_cam%3D23676771292%26hsa_grp%3D200100223808%26hsa_ad%3D801070407010%26hsa_src%3Dd%26hsa_tgt%3D%26hsa_kw%3D%26hsa_mt%3D%26hsa_net%3Dadwords%26hsa_ver%3D3%26gad_source%3D5%26gad_campaignid%3D23676771292%26gclid%3DEAIaIQobChMIs9vwhvjkkwMVg0HDBh2uUR83EAEYASAAEgKOS_D_BwE,https://qsi5n.share.hsforms.com/2jKG-JTe3T4WtyFVe0soxvg?utm_campaign=29108055-AMIM-Towers&utm_source=google&utm_medium=googleadsbanner&utm_term=googleadsbanner&utm_content=googleadsbanner&utm_term=&utm_campaign=Display-usa+-+uk+-+canada+-+australia&utm_source=adwords&utm_medium=ppc&hsa_acc=3635865358&hsa_cam=23676771292&hsa_grp=200100223808&hsa_ad=801070407010&hsa_src=d&hsa_tgt=&hsa_kw=&hsa_mt=&hsa_net=adwords&hsa_ver=3&gad_source=5&gad_campaignid=23676771292&gclid=EAIaIQobChMIs9vwhvjkkwMVg0HDBh2uUR83EAEYASAAEgKOS_D_BwE,,,,,
814,https://www.googleadservices.com/pagead/aclk?sa=L&ai=CZks6EBjbafKcOKC1geAPxI_kqAfcsoirhgG9_sL0uxWP9tHzpCYQASCb3IkiYMfV_42EJqAB4PKAvwHIAQngAgCoAwHIAwqqBKQET9AX9gCAAPnutjTdkUoQP36WqTCn27eNg10ZOpKJYc6lWrCouZUV3WCbKbITxo0RnzaSpafbN3VTPQV6SVKxcm7efwVZ6tLHb_WAqfGQom4D5TI7cHWtnffDWBtohHPN2T76uy2XwcvrFKgY_DNObNGRdjEuZaO2J6YH1ri3xBbop_6IKVqxbvZhs9VeuaQ3skcaqGHlQ6XwZqBK7IRVhoYRrT3_UVBhCyQbHU3TPFDloq1bg7SBsAigS4oZWMyFpe9Iq5aTXg8Zk6F0HeiQvA8Swe9d5P9q6kzUS3UmDVErnphGPCiR48Y1R9Ld0nacXD0tslu9SjD0Nz7CRE9qcFkEcfAFLTXVCucGSMUMd4-zfFg5-4fTIbdqPDrx-gg5ZdICQfZnKoo5OfWAegWvd_hM1-rVIjmLd5XKv2WLBp04AbKEo-XcOXuaUuySrBy78Ab1h02rGPlSIS8TlSnc8r2kZU9J64VI1arK4RtnlE7s4qWgNBk_dPiCPpxywhwwByCy3Nnvt0dHOTH3WFDdY0J1W_kK8v_Mg5Jqj-2NDfMmbo-ziI24HF6bjLcXoQ45k3EEi6Sjt3eTqL1IC8vuvmlXUOhz8sE2SiVh_kyHQgqpervDwmrcTje0hkALSTbc88b62dcu3VWgi6ypaNx2-3WM8sbhkAYXfobLRHlIkPnhjrQncN_A70AIw3A0GIgsV9t-3uXc5UP27HLkWIEpfkTeG2jABKy4g6H2BeAEAYgFrqvIs1igBi6AB4X75_cYqAenzLECqAemvhuoB8zOsQKoB_PRG6gHltgbqAeqm7ECqAeOzhuoB5PYG6gH8OAbqAfulrECqAf-nrECqAevvrECqAea4bECqAfVyRuoB9m2sQKoB5oGqAf_nrECqAffn7ECqAf4wrECqAf7wrEC2AcA0ggvCIBhEAEYnQEyCIqCgICAgIAIOg2AQIDAgICAgKiAAqgDSL39wTpYq_ve37XnkwOxCbQdMkeCzpFngAoDmAsByAsBgAwBqg0CWkHIDQHiDRMIspzf37XnkwMVoFoABh3EBxl16g0TCK234N-155MDFaBaAAYdxAcZdfANAogO____________AbAOi5Ki-Ri4E-QD2BML0BUByhYCCgD4FgGAFwGyFxAYASoKNDY3NjAyMTY2NFAGuhcCOAGqGBcJAAAAAICo-EASCjQ2NzYwMjE2NjQYAbIYCRIC02sYLiIBANAYAegYAcIZAggB&ae=1&gclid=EAIaIQobChMI8uTg37XnkwMVoFoABh3EBxl1EAEYASAAEgJwO_D_BwE&num=1&cid=CAQS0gEABaugfelgMYUk84TE8W0nALQEddooEi5DXgzc5Ji32ynu2ypJZ2N82MH0CB_PJVmMGEmbd4SqbVjjb2HlRQ9m8JF7pEDw-OyD7smUvicJuGvnWiEQ7znBzECn2dkcu-JBgLnyBCsb0DzSexPJfiv8gMwBqJ5WaGh08EvrCFi3TKR0N3QyAIWnhZ0Sfgd_WDJoau4C21AUW-YSy3RfzLwycwRPQ72htJVBZkPn3M20Nd8_HZqJ12XR3EdfEWVhXmIMqth0ZTGFCgb1DIkrZYrFcKsYAQ&sig=AOD64_1FchMUMxQ_r5azAsCbgo4CQkhprw&client=ca-pub-8241049497608997&rf=4&nb=9&adurl=https://delachat.com/land/sp/3c00b516%3Fpartner%3Dadw_delachat_woGDN%26campaignid%3D23730447484%26gclid%3DEAIaIQobChMI8uTg37XnkwMVoFoABh3EBxl1EAEYASAAEgJwO_D_BwE%26adgroupid%3D6696765707%26targetid%3D%26network%3Dx%26device%3Dc%26devicemodel%3D%26loc_int_ph%3D21176_1028665%26matchtype%3D%26target%3D%26keyword%3D%26creative%3D%26placement%3D%26campaign%3DAW_Delachat_USA-Tier1_All_PerfMax_pLTV_NewU_timon_Default_iOSDesktop45_NewCreo_06Apr%26group%3D%26banner_type%3D%26asset_type%3D%26gad_source%3D5%26gad_campaignid%3D23730460078%26gclid%3DEAIaIQobChMI8uTg37XnkwMVoFoABh3EBxl1EAEYASAAEgJwO_D_BwE,https://delachat.com/land/sp/3c00b516/?partner=adw_delachat_woGDN&campaignid=23730447484&gclid=EAIaIQobChMI8uTg37XnkwMVoFoABh3EBxl1EAEYASAAEgJwO_D_BwE&gclid=EAIaIQobChMI8uTg37XnkwMVoFoABh3EBxl1EAEYASAAEgJwO_D_BwE&adgroupid=6696765707&targetid=&network=x&device=c&devicemodel=&loc_int_ph=21176_1028665&matchtype=&target=&keyword=&creative=&placement=&campaign=AW_Delachat_USA-Tier1_All_PerfMax_pLTV_NewU_timon_Default_iOSDesktop45_NewCreo_06Apr&group=&banner_type=&asset_type=&gad_source=5&gad_campaignid=23730460078&id_visit_prev=04de9c4f-8b0f-405b-998d-c1c537683f8f#c3RlcDA=,yes,yes,yes,yes,yes
815,https://www.googleadservices.com/pagead/aclk?sa=L&ai=CNoP64RfbaaexIZyjjeYPjMfE4ATEjLO0gwGexoLw3xSm__OyrTQQASDHx58jYMfV_42EJqABlq2InQPIAQLgAgCoAwHIAwiqBLYCT9BljuWTp5BTV-S9qFOHBe21Ggnb-83HP16u5esg5sqAYNWzAZd8xvrLTHhPLK3sm1dvXKXxAt4u-HdP0LT-lNsAajYIA4ld9X_a0BUzJ0PBZDZFuiE9lHcfcEpyCAIP5nKAO6-YHSZgjIUxDPTL1vatk5Gbix3ebPKez_JtXSHCsOzuPxSrqUJsK3StzYPdmr06hYvFiIABv5xydX-AYe4Po6WNmswSKB5RCPrPsjkuLaLHd9a9eQKkhFo943XJb46-xOYsEnh6h45ce-_2ykl79b8v84aDGSnE_T-E2uUWknnS7CGwNe0o7ggG2eiLhb9CFY6UeX5O9A2yqR73NWJloiENLh6FMT-VnTO0L4s-usuBbMJUMNPQB8yCib3VCOeozsITa1JDFVvGpjLsC-rRGlHrFcAEmryCybgF4AQBiAXqn7HrVaAGAoAH0tL3YqgHp8yxAqgH4tixAqgHpr4bqAfMzrECqAfz0RuoB5bYG6gHqpuxAqgHjs4bqAeT2BuoB_DgG6gH7paxAqgH_p6xAqgHr76xAqgHmuGxAqgH1ckbqAfZtrECqAeaBqgH_56xAqgH35-xAqgH-MKxAqgH-8KxAtgHAdIILwiAYRABGJ0BMgiKgoCAgICACDoNgECAwICAgICogAKoA0i9_cE6WN-sk8m155MDsQkZ-S4uu48rqIAKA5gLAcgLAaIMA5ABAaoNAlpByA0B4g0TCNfOk8m155MDFZxRwwYdjCMRTOoNEwjr5pTJteeTAxWcUcMGHYwjEUzwDQKIDv___________wHYEw3QFQGYFgHKFgIKAPgWAYAXAbIXEBgBKgo1ODU1MTAyODI5UAa6FwI4AaoYFwkAAAAAOIgdQRIKNTg1NTEwMjgyORgBshgJEgK7UBgCIgEA0BgBwhkCCAE&ae=1&gclid=EAIaIQobChMI56WVybXnkwMVnFHDBh2MIxFMEAEYASAAEgLwCPD_BwE&num=1&cid=CAQS0gEABaugfWAouIGWCAXTi8xI_r5eGCgCT2PEtiBs510CbtLQ4TN5BLrlxNni_Q3lSjM5DxHadXVmIqs-uw-KLPliU17g2yHsyZHX8fFQ9UQXNllFz7UtdMBgjRiR-6Pm63rcsweFegjFIiS7UshPoxqY6ix0keDuoCYCGW30HhNIVDRyDBYBl8Hdr6FyU2tN3bbEnZy48nLowLLspyhH8JjG37UCcWn1ZjSxd_3a9ZRfSvpj4wHcctJW0WHffzWEG4KBCma_A18BbbfR8hu8yv027MgYAQ&sig=AOD64_20EstaDI-r73iBMs-hnj8KiTUnQA&client=ca-pub-1481019754184955&rf=5&nx=CLICK_X&ny=CLICK_Y&uap=UACH(platform)&uapv=UACH(platformVersion)&uaa=UACH(architecture)&uam=UACH(model)&uafv=UACH(uaFullVersion)&uab=UACH(bitness)&uaw=UACH(wow64)&uafvl=UACH(fullVersionList)&nb=2&adurl=https://www.pottersignal.com/fire/capabilities%3Fcontent%3Dcampus%26utm_source%3Dgoogle%26utm_medium%3Ddisplay%26utm_campaign%3Dcapabilities%26gad_source%3D5%26gad_campaignid%3D23042215914%26gclid%3DEAIaIQobChMI56WVybXnkwMVnFHDBh2MIxFMEAEYASAAEgLwCPD_BwE,https://www.pottersignal.com/fire/capabilities?content=campus&utm_source=google&utm_medium=display&utm_campaign=capabilities&gad_source=5&gad_campaignid=23042215914&gclid=EAIaIQobChMI56WVybXnkwMVnFHDBh2MIxFMEAEYASAAEgLwCPD_BwE,yes,yes,yes,yes,yes
816,https://googleads.g.doubleclick.net/aclk?sa=l&ai=CIEuOWjnbab6lOMafjeYPmcmEwAf__Ki5hgHe_tSG5BXol4bx3BMQASDCiLkiYMfV_42EJqABoNK4pSjIAQLgAgCoAwHIAwiqBKYDT9AUgHozDs80S3T2DeoWOYRGwIRuBjOY8YIHGxfsBw5xe95wBxx-BrV8iyq3nH-qsXLsf7Zk468TVFN6pDEQOP4uuRWAZ8Anz7z0-NEd3KU7CGT-NPmhwP4TRzPwVp8-o4T2aLHQeiJXNlUo50gcbLbOiw0aYkxOaVtHt2UjdoZOwp_6Zi-FgLGjDbPaPAAlORr3K1rxn9HG3yS9pTN3zOYYAjKFR65zZurbgNnM60cdhscl6CALurMNxwQnO0kc7iyqS6rEOR_hskAbe8hGM9FvMS5xXHb99jg3R_OysznwP_G8rRQOvCXyCw0cq90aJuE55hVHB8A0UgyzGTI2ommpmNjsXUQ2q4vP0m5cE90wZNEC7OfNhl1WoYWF4YcJy5QhtFRbs4J7uDGFcmPt5lUZjQvCdGh7KzCTewU7czrQXTpERHAW3_TqY8LrkG-hNNXWBR_VAlGfVM4Vp7hLf-GdCNKJGzUeHzPPJklwIEhP6za9SPKPS6T3rzeqiWNkbLSElgQknKksX_ilkrAxYsO0zQ5g4FHuNdm2I3Q6613elAJKFvzABM6j062sBeAEAYgFtfvN0VWgBgKAB6CKiYUDqAenzLECqAfi2LECqAemvhuoB8zOsQKoB_PRG6gHltgbqAeqm7ECqAeOzhuoB5PYG6gH8OAbqAfulrECqAf-nrECqAevvrECqAea4bECqAfVyRuoB9m2sQKoB5oGqAf_nrECqAffn7ECqAf4wrECqAf7wrEC2AcB0gguCIBhEAEYHTIIioKAgICAgAg6DYBAgMCAgICAqIACqANIvf3BOli18qu_1eeTA_IIG2FkeC1zdWJzeW4tMzQ0ODM0MTg1MjkyOTI1M7EJ-wU8847PQVOACgOYCwHICwGiDAOQAQGqDQJaQcgNAeINEwisr6y_1eeTAxXGT8MGHZkkAXjqDRMIjOOtv9XnkwMVxk_DBh2ZJAF48A0CiA7___________8B2BMN0BUBmBYByhYCCgD4FgGAFwGyFxAYASoKNDgxMjExMzE1MVAGuhcCOAGqGBcJAAAAAMgEAUESCjQ4MTIxMTMxNTEYAbIYCRICk04YAiIBANAYAcIZAggB&ae=1&gclid=EAIaIQobChMIvrquv9XnkwMVxk_DBh2ZJAF4EAEYASAAEgLbdvD_BwE&num=1&cid=CAQS0QEABaugfbOhWX9htqM2LRlaBaG_CbXeEd4bNe5P76MUuy3MdVdPqRkYDFPEK-snIGb4IysIE1zheIFk-ksU51dA3Axb3ho7AIlo0WZtbqq1x-F4dhzE855o9vGebmF4sGdK5KrnupvTYxgTS5niDLJZyFrNh3bD6HylTOxFOvHOYa6tnPRwV2ONEDJj06D1R108LnB9spjq22QRC1DVezsd7NAPL8pEGqbfyrZkcP1Cc8AF994RFtHWRBX0pCRJRlm0cSkfU0a9cHFc_a18hkZzCxgB&sig=AOD64_2UwoTfRC1W8br2Ehr-tg1WqeOL1A&client=ca-pub-5610521491184789&rf=5&nx=CLICK_X&ny=CLICK_Y&uap=UACH(platform)&uapv=UACH(platformVersion)&uaa=UACH(architecture)&uam=UACH(model)&uafv=UACH(uaFullVersion)&uab=UACH(bitness)&uaw=UACH(wow64)&uafvl=UACH(fullVersionList)&nb=2&adurl=https://mattamyhomes.com/florida/sarasota-bradenton/promos/apr-2026%3Futm_source%3DGoogle%26utm_medium%3DDisplay%26utm_campaign%3Dgoogle_display_%7C_sales_promotion_%7C_div_-_swfl_sub_divisions_%7C_retargeting%26gad_source%3D5%26gad_campaignid%3D22988160437%26gclid%3DEAIaIQobChMIvrquv9XnkwMVxk_DBh2ZJAF4EAEYASAAEgLbdvD_BwE,https://mattamyhomes.com/florida/sarasota-bradenton/promos/apr-2026?utm_source=Google&utm_medium=Display&utm_campaign=google_display_|_sales_promotion_|_div_-_swfl_sub_divisions_|_retargeting&gad_source=5&gad_campaignid=22988160437&gclid=EAIaIQobChMIvrquv9XnkwMVxk_DBh2ZJAF4EAEYASAAEgLbdvD_BwE,,yes,yes,yes,yes
817,https://www.googleadservices.com/pagead/aclk?sa=L&ai=CzzvL-CLbaYeWKeCWjeYPk66X-AmV1YXegQHVv_LNnxP6vdLy4SoQASDhqo4nYMfV_42EJqABr6bYoT7IAQngAgCoAwHIAwqqBKwCT9A77TmHhwaYDMUAAn5bd4GRsf5SH3AgRJ50sKM8P3_AYifgg07fPU7GELDW0z75eOOwJ49_w912nakE55XTU9fyxPKBv6yFfhPjl9bPOcndN0tXvPb8G6zYfSPaTSMUqZUX1YQO7xbXqPxZ9BfnwwKMCeFk_-l697Y_4xHlhq_cvp1sKafV4S55_5O28JCne3LprefGU2EZ4XeS2M4dG0h5delBeWxlLBMislaHwhcnxi7jwbP1bQWCey1TDvHVWikoSJ_-ckL5VfZwDIu_5gtmBxTQ-n81bhG7Zp7oXoS6_jet6hUHixEIXvqJ-UbxkCa0vLh513TS5ejPoI0rFBlYaXSvymmod7NHi30bCV1jtBd1C0DEt5bTbIRGMAVAqpPjupHrhJEeKoAowASAx9GohQXgBAGIBZ3Fj5lSoAYugAev3qiBGagHp8yxAqgH4tixAqgHpr4bqAfMzrECqAfz0RuoB5bYG6gHqpuxAqgHjs4bqAeT2BuoB_DgG6gH7paxAqgH_p6xAqgHr76xAqgHmuGxAqgH1ckbqAfZtrECqAeaBqgH_56xAqgH35-xAqgH-MKxAqgH-8KxAtgHANIILwiAYRABGJ0BMgiKgoCAgICACDoNgECAwICAgICogAKoA0i9_cE6WOWH-ZLA55MDsQkRa0GHenSoqoAKA5gLAcgLAYAMAaIMA5ABAaoNAlpByA0B4g0TCMvo-ZLA55MDFWBLwwYdE9cFn-oNEwiulvuSwOeTAxVgS8MGHRPXBZ_wDQKIDv___________wGwDqiCta8Y2BML0BUBmBYByhYCCgD4FgGAFwGyFxAYASoKNjE3MzA3MzU2OVAGuhcCOAGqGBcJAAAAAG5uI0ESCjYxNzMwNzM1NjkYAbIYCRICx04YLiIBANAYAcIZAggB&ae=1&gclid=EAIaIQobChMIh_L7ksDnkwMVYEvDBh0T1wWfEAEYASAAEgLh9vD_BwE&num=1&cid=CAQS4wEABaugfRnUXaMON1f536Y7RfE8r-QB-XIgqosexZKTgXIjd1WgnfJjqOiosFoEADj7YoXNqBG7Bp85EThforUazV9zoh3M68SnGBH3v64q70c5wFmdYVWoJfFGRGJD1tw24gPBj9s_Sx1xkIi2ZNL1Ya-mg9CzF8CMD7soGNFQuXth0jxFEVJqzWp05tL5NYEzoKb8tu9nyZ7RFI3slnP0va7IoCgS8CpNPGLCEEgTgWTK8hNHgQGkYslFIFKJYBatvbvUmqXLQUSCNxEci4CMv9Sf-EJFVVIhw-7B9mpE6LAGkhgB&sig=AOD64_0vuac4V4qc29rKMujPaCByjyB28w&client=ca-pub-1644806578912499&rf=4&nb=9&adurl=https://www.hairlaya.us/collections/genius-hybrid-wefts-2024%3Fgad_source%3D5%26gad_campaignid%3D22064390813%26gclid%3DEAIaIQobChMIh_L7ksDnkwMVYEvDBh0T1wWfEAEYASAAEgLh9vD_BwE,https://www.hairlaya.us/collections/genius-hybrid-wefts?gad_campaignid=22064390813&gad_source=5&gclid=EAIaIQobChMIh_L7ksDnkwMVYEvDBh0T1wWfEAEYASAAEgLh9vD_BwE,yes,no,no,no,no
818,https://www.googleadservices.com/pagead/aclk?sa=L&ai=Cx9HO0h_bae2-IZOWjeYPoIyYcPbeoNiFAeLd8eCWFbCQHxABIMSogCJgx9X_jYQmoAHHsaLZQMgBAakCR5kGk7ZYcD7gAgCoAwHIA8sEqgTrAk_Q-09pbPN3qF720CI0gQe_HOEqNVxeCtm--sAV7tWDnQ56PHVF6FQ4UbCHjiwE02nptbaEDD0xLRsnWSmSxTj7wZA5uTW8tw9hJ4AsM3ZCqLyGmSIGdafioNzTUJRH7dz5Eq7w_Cn1XcsvE1f6CI4uaflOj5yUj8q6vKTXadJomX2ApLKuZZTD7QyHzIhRkT8lUb9b_zXVDnjf1kdtK8JiLQfrQm9DYghUThBrFmgLRv1HK9EOzAg4-M3FhuhIxt8FzwKFwIwMhZSzB8R9IeUdwpCNhdc987i-Lrx9JjixzewF4ePgtWz-jZpuneVzaWEimeSdw5D4KIU3zVXvJOSoaYXW9BCCBRBK0ZrJWsw5Wqgtbz-a_zVQKcWzw1kOs7gmNmC9BaP9gj1IMg_YeNR8DcWur6mR_oscQSCw0eCjKIgjQ_VfO6ASeaBr40uUetZQvvQvyaEaO7Qwkj5AGgh0GUDapsIAZ3Q9m8AE7sK5-rsF4AQBiAX565ToVqAGLoAHx-nyuBuoB6fMsQKoB6a-G6gHzM6xAqgH89EbqAeW2BuoB6qbsQKoB47OG6gHk9gbqAfw4BuoB-6WsQKoB_6esQKoB6--sQKoB5rhsQKoB9XJG6gH2baxAqgHmgaoB_-esQKoB9-fsQKoB_jCsQKoB_vCsQLYBwHSCC4IgGEQARgdMgiKgoCAgICACDoNgECAwICAgICogAKoA0i9_cE6WNeWyJK955MDsQmcfqWkaAU5oYAKA5gLAcgLAaoNAlpByA0B4g0TCPK4yJK955MDFRNLwwYdIAYGDuoNEwjYxsmSveeTAxUTS8MGHSAGBg7wDQKIDv___________wHYEw2IFAHQFQHKFgIKAPgWAYAXAbIXEBgBKgo3OTQyNDU1MDUxUAa6FwI4AaoYFwkAAAAA4ucxQRIKNzk0MjQ1NTA1MRgBshgJEgLsThguIgEA0BgBwhkCCAE&ae=1&gclid=EAIaIQobChMI7e_Jkr3nkwMVE0vDBh0gBgYOEAEYASAAEgKHYvD_BwE&num=1&cid=CAQS5AEABaugfYL9RuGJ6RiOOHk6g560MpyckeZRkiCeBh17cI3VwuufJtFH-IqaZ2w0cxXtHZMvGjV8k75dn28pxSwxmwPjPG1Q8Oaq9r2PFElvDuwEMv1C71M551kx0HXGOIeQYsvIKoAunqJkSZrS93gjqn_f2LijOAgxNFhvxSEGV5n-yuW1TS-OqJbNiKXw6cVbjeCA1VNC0xiqpyg5EallqxrwBZSZOdQBGOIVLsdKcbL7PCR6tqz3jhrq2lBDKKP6aZNitAsaRAeDeNhzp6CQZlf1O6ypze-UGVmxM3EI2wD5xNwYAQ&sig=AOD64_2I4nZvYP_7bjuNG-sTr247HWGrRg&client=ca-pub-7208923277260888&rf=1&nb=19&adurl=https://fease.tech%3Fgad_source%3D5%26gad_campaignid%3D23303894521%26gclid%3DEAIaIQobChMI7e_Jkr3nkwMVE0vDBh0gBgYOEAEYASAAEgKHYvD_BwE,https://fease.tech/?gad_source=5&gad_campaignid=23303894521&gclid=EAIaIQobChMI7e_Jkr3nkwMVE0vDBh0gBgYOEAEYASAAEgKHYvD_BwE,,,,,
819,https://www.googleadservices.com/pagead/aclk?sa=L&ai=C5Sq_gS_babelD4KgjeYPzNOQgAjVnL68gwGKzLyyzgxkEAEgxZ60HWDH1f-NhCagAerrldQCyAEJqQIAGZWADYGSPuACAKgDAcgDCqoE6wJP0HNNFQxfuohU6v9wPritly0cTgh7qyNIoXPxOCByxFTTwF9Pdarg-s5eCNv5y_xaIQ1AoNAkgq10U8_9VejpM1xvL-lgmLfE5hv_-z7NVLM3dIcruyw40KOcXWkQPHw5nekUbrsHAwhJp6hN2f0x22JcMlJ-gP_uOZfvBOGh-4YBT60qKbi27wkAbrNUU0buu7F5MOkUru8KWZ_HzVphp0srtI1Bzr7mKAF_MezCoI6IgS_GrepI8xtYeGVXcKFXdYol1qdmoJm2R3DyXbUXW_0-Dvsn4nETOCVd4or5XR9pINlWpwWjBBTDY8LgJ5LiwJv4RQATGDdpJx8N8B-Ja6eMzaK5woUV80Bz83nIVtRGJXmiLGAq0_G07TvRv3kZhNPv4rtTq0gCtaEk4FXCvXXDTd-ycZG4HjHe6xrfVPG0wijqsMX2zyPha3eKYVm1isWcKgMH8_UsKDB3liL586SBRqVnc2hXg3TABJ6E75GiA-AEAYgFv6DToiqgBi6AB_6T6qsBqAenzLECqAfi2LECqAemvhuoB8zOsQKoB_PRG6gHltgbqAeqm7ECqAeOzhuoB5PYG6gH8OAbqAfulrECqAf-nrECqAevvrECqAea4bECqAfVyRuoB9m2sQKoB5oGqAf_nrECqAffn7ECqAf4wrECqAf7wrEC2AcA0gguCIBhEAEYHTIIioKAgICAgAg6DYBAgMCAgICAqIACqANIvf3BOliegvaMzOeTA7EJnZXg33p0nfCACgOYCwHICwGADAGiDAOQAQGqDQJaQcgNAeINEwiMofaMzOeTAxUCUMMGHcwpBIDqDRMI4MD3jMznkwMVAlDDBh3MKQSA8A0CiA7___________8BuBPkA9gTDdAVAZgWAcoWAgoA-BYBgBcBshcQGAEqCjI0NDk2NDAwNDFQBroXAjgBqhgXCQAAAABwEAZBEgoyNDQ5NjQwMDQxGAGyGAkSApFUGC4iAQDQGAHCGQIIAQ&ae=1&gclid=EAIaIQobChMI9-n3jMznkwMVAlDDBh3MKQSAEAEYASAAEgINyvD_BwE&num=1&cid=CAQS0gEABaugfRoOCBRSZac77MiG1MZE2y_Z47rpl8Bvw4gmo7QjDeBHXJ-qywhOZCgy9fVJCnj8zKLAFYpTNOFn-M7amzgmfkHCV9yNUD_sub3wPHugxV4r5IwHKg0jErwkOklGcIgd3D4SEzy0v55kKq1Gxt02sv_gXPAtIwDYFwHtQg-b2dGUUBCRZ-RkTUBMl2muLvzFrUb_KEBkviqsMk_4gZAP98gAf9YHYK9110ZL19SyRJfdBsVqdjEC1k7gjl8R48xP5eN64XGPYJeOOM3i-4YYAQ&sig=AOD64_3xFwExQsemFnF-iZIZc88_FM-z-A&client=ca-pub-4069693291391267&rf=4&nb=9&adurl=https://www.hoteldana.pl/de/tagespreis-flexibles-angebot%3Fgad_source%3D5%26gad_campaignid%3D11346956351%26gclid%3DEAIaIQobChMI9-n3jMznkwMVAlDDBh3MKQSAEAEYASAAEgINyvD_BwE,https://www.hoteldana.pl/de/tagespreis-flexibles-angebot?gad_source=5&gad_campaignid=11346956351&gclid=EAIaIQobChMI9-n3jMznkwMVAlDDBh3MKQSAEAEYASAAEgINyvD_BwE,yes,no,no,no,no
820,https://www.googleadservices.com/pagead/aclk?sa=L&ai=Cm7kN4zPbae_kFdLsjeYPxs7R2QT5mNPUhQGcmJiwxBTS4dLgsgEQASCs2bgiYMfV_42EJqABjNXZyQPIAQLgAgCoAwHIAwiqBNoDT9BdOL8IMPrtkscLP2bovagri5Xh7wPYhuaJgGGu7KszOE6pj5Vq8gqvSgSzFRb6nK2-BSGrPnq8V8YwMJRV-FldYRo8J87VweN8AE0-scrcEG4nTsPBKiK2b8ZOX2LyjtWPQtiAxIEMCbw2dUgOqMitTEgV3-N84pFAF8LA2OkGQD_tLu0Rw5l5H1lnyDzDPpc5kIFekGIic6zk7JbkyXo5uvkADgMbhjL4yHaShIYiN9hxV5Frg3XyOHoCsXN9CP-L9APV8ovhztq9PCNCBHDYiPUusOANzEk3mIh3B44fDduex2CzEFepVhVcGzfbBvMepEFwj_nik-fXDu7PZ8qGWadsQaEgvfaR8MuoZ0EZM8aCpIzAWQ5qd_qvEGWAxAhPzPoGuJUiby2tN4aq7pjxTv3dwsJm-0NzJEfVeKdS3NKTFvHjjmMkD0jXdN4nd2pZKyypBsI1I8l_zIZZKs8LxMk9vFVIKrIdJpiQtNICx3fi5RCj2juq0bFRzkdY3cZrB-jXCuPtiPDypTdShrQLJ9yzSfHqROYBXJOqHHA6mWngyf08uJiUneJpOqHVfJ_KOkWTSieU9QsoOvANVobaO8yl28S5YB5CF-NdGcXJcZtjs6I9k1EJwATj7uLGkQTgBAGIBaDNzq81oAYCgAfcqqY2qAenzLECqAfi2LECqAemvhuoB8zOsQKoB_PRG6gHltgbqAeqm7ECqAeOzhuoB5PYG6gH8OAbqAfulrECqAf-nrECqAevvrECqAea4bECqAfVyRuoB9m2sQKoB5oGqAf_nrECqAffn7ECqAf4wrECqAf7wrEC2AcB0ggvCIBhEAEYnQEyCIqCgICAgIAIOg2AQIDAgICAgKiAAqgDSL39wTpYnej8o9DnkwOxCXnMVy1IX9IQgAoDmAsByAsBogwDkAEBqg0CWkHIDQHiDRMIipD9o9DnkwMVUnbDBh1GZzRL6g0TCKup_qPQ55MDFVJ2wwYdRmc0S_ANAogO____________AdgTDdAVAZgWAcoWAgoA-BYBgBcBshcQGAEqCjU5MDU5ODMzNzVQBroXAjgBqhgXCQAAAAAQ8_lAEgo1OTA1OTgzMzc1GAGyGAkSAuhZGAIiAQDQGAHCGQIIAQ&ae=1&gclid=EAIaIQobChMIr-L_o9DnkwMVUnbDBh1GZzRLEAEYASAAEgIN-PD_BwE&num=1&cid=CAQS4wEABaugfaH7jjKdEj4TW5S-1igN5Tp_OxBocmOjgiGnFvzHdtptP8_wfyMLulPt1f8gwahgJMjxqvGtXs8s06wUiA9TC3Q0eSXyWaSn-r_xduTXS1cSz3TcCUvOMdvz_9RenE7j0f_XdUOcpqFtlDaYY9BLHdTpIXCt1-G_685CrMdjTMHpVntBDnyVrVKUdnTo_u7gEeeJruhmv6f0N_qloJWqqTeQMEf0R1FvbCYfhySfeWIvM0T4sDamYXslx3LPe2VKd2Lu_rpAoY3w9zKeVprNvMBAvMZWEg0xwuQfCY4raBgB&sig=AOD64_14tne3Wah3DDx-Y_nr6SCMPvKqPg&client=ca-pub-4180835694166255&rf=5&nx=CLICK_X&ny=CLICK_Y&uap=UACH(platform)&uapv=UACH(platformVersion)&uaa=UACH(architecture)&uam=UACH(model)&uafv=UACH(uaFullVersion)&uab=UACH(bitness)&uaw=UACH(wow64)&uafvl=UACH(fullVersionList)&nb=2&adurl=https://forum.maddiesfund.org/communityconversations%3Fgad_source%3D5%26gad_campaignid%3D14326933152%26gclid%3DEAIaIQobChMIr-L_o9DnkwMVUnbDBh1GZzRLEAEYASAAEgIN-PD_BwE,https://forum.maddiesfund.org/communityconversations?gad_source=5&gad_campaignid=14326933152&gclid=EAIaIQobChMIr-L_o9DnkwMVUnbDBh1GZzRLEAEYASAAEgIN-PD_BwE,,,,,
821,https://googleads.g.doubleclick.net/aclk?sa=l&ai=Clk8qCi_baYaQFMm0geAP093omAnA-tedfebn5aewEdzZHhABIOa0z5kBYMfV_42EJqAB-efm9gHIAQKpAgAZlYANgZI-4AIAqAMByAMIqgTnAk_QtoJvUprpsokdm8bDX__LTvdtJsh_HuadDRqO7HAZDjAIFrBY2h4JzHVMBw4TVrS9f1Tdqltt8ILpKHKQIRzvRjC-PyUNiyYEC6z6Jok38g1DbARYkeep_t5yMkuBcbGOPTO4b9kgNXrn-bHlw5U-ZXSztnfrVgGdRTd5x9dUIbJ_FhAj4xEwl46cNIdFupKG3D6100nrU-_l_xKjoUI-5o5otYSU20PEFcgcr1Xa6rAjoWG_gf6I1ayJQHOGUOze8bI6DaoqH7lzEq-SawwhTCpRr_1kkp0xeMTXxIEjGJleiTj2rJ56xIm0ugB5Do3ih8Zs_9D_GWFlF5URV_jm72CxzWZxRIlYIx0V0IJ0KR5szjzqDIB5cNbjXtL7BdIuFjtdtXiF7on4LCgKU9_WBU5Kyy5BM2sV_q99tB3SvtZ6CEgR9ANLI6gvbZT5y-xpdgjjnZmzVX8Ild1TVvfRRlxPrt2bwASh64qVpgPgBAGIBbjwnM8qoAYCgAfvl5mJAqgHp8yxAqgHpr4bqAfMzrECqAfz0RuoB5bYG6gHqpuxAqgHjs4bqAeT2BuoB_DgG6gH7paxAqgH_p6xAqgHr76xAqgHmuGxAqgH1ckbqAfZtrECqAeaBqgH_56xAqgH35-xAqgH-MKxAqgH-8KxAtgHAdIILwiAYRABGJ0BMgiKgoCAgICACDoNgECAwICAgICogAKoA0i9_cE6WJydm9TL55MDsQmcnW8kDkCoFoAKA5gLAcgLAaoNAlpByA0B4g0TCO68m9TL55MDFUlaAAYd0y4ak-oNEwjz_pzUy-eTAxVJWgAGHdMuGpPwDQKIDv___________wHYEw3QFQHKFgIKAPgWAYAXAbIXEBgBKgo1MTAzODc5NDgzUAa6FwI4AaoYFwkAAAAAwlshQRIKNTEwMzg3OTQ4MxgBshgJEgLRTxgCIgEA0BgBwhkCCAE&ae=1&gclid=EAIaIQobChMIhr2d1MvnkwMVSVoABh3TLhqTEAEYASAAEgKuyvD_BwE&num=1&cid=CAQS0gEABaugfYfPlZq98LF8cDLYEuydZhpC1OSv3eGrCJbtHQtFOFrrAIq5G9urB3_W9q0A0i9Mve3srz53eA7-oiCK0FQZTfg6Mns-2aA9U6C3nlPjHPxB9caaxRQ9RDDj0faIPwtpWjgHNmB07u7c9J7saXqqHENgF40xk4SLotbfJADmJQeYI6L5sKPXpOWmVrlnvedchQHTrJTxRmfO-wpwzWg0edMS3NQP_TRLyRdcEJu0or7WTSfyzDpdrLArSewENKUJ20zNbRPlR4SNFvV7myoYAQ&sig=AOD64_1gidRYlcFXJBIfiUsCbOjKsJB8Ig&client=ca-pub-3677668629134422&rf=5&nx=CLICK_X&ny=CLICK_Y&uap=UACH(platform)&uapv=UACH(platformVersion)&uaa=UACH(architecture)&uam=UACH(model)&uafv=UACH(uaFullVersion)&uab=UACH(bitness)&uaw=UACH(wow64)&uafvl=UACH(fullVersionList)&nb=2&adurl=https://www.legum.pl/%3Fgad_source%3D5%26gad_campaignid%3D11440437304%26gclid%3DEAIaIQobChMIhr2d1MvnkwMVSVoABh3TLhqTEAEYASAAEgKuyvD_BwE,https://legum.pl/?gad_source=5&gad_campaignid=11440437304&gclid=EAIaIQobChMIhr2d1MvnkwMVSVoABh3TLhqTEAEYASAAEgKuyvD_BwE,yes,yes,yes,yes,yes
822,https://www.googleadservices.com/pagead/aclk?sa=L&ai=CNaaBQyjbaY-vBYmBjeYPo5vuuQjcheywgQHl35XIuBC9qa6w3QsQASDmtM-ZAWDH1f-NhCagAeyxuLIByAEJ4AIAqAMByAMKqgTLAk_QzwEBGoqfxdVuzoDTbKVvBa3LDszvE9p5vl08OMUjwkAW35AvTz5LHUgMqt37Ij-NUBsD_n1Ol9CCZyaTfgHofSqtSOhK1Qt5QgMyF-Alf2C-wHkVLeUyPpYIy9WPCZlfXm17jzMxnWIYijcVgcAu7PN9ocDeW-IfW2OZikn_jOESmMdsqgw1ZlcL6IzM00_31GjPJ8dE8RcL0Rs7SQxUQwVgFZrZo7qwTw7CL9WP6acsFnQEOUY-feuOQFrMXoaHtuxvEarWQ701ZjvLyDA9S4l_ajywu7BEL_Pxg8wpo1Sfn9PrZYDDOcqw03MA8Rxb8vZIzD--joE-2oi5ZrOECQNrORVRX5rqKuKNSS9zGKYw-xRtxdc3nntiF1DBojwaAJ8xor6NgQrsq0nDRQQa21TdzE4k5Ny75tRJyQu8DP2P4sska6b3y4DABPTy_uOjBOAEAYgFpaCd5ESgBi6AB_zNx80CqAenzLECqAfi2LECqAemvhuoB8zOsQKoB_PRG6gHltgbqAeqm7ECqAeOzhuoB5PYG6gH8OAbqAfulrECqAf-nrECqAevvrECqAea4bECqAfVyRuoB9m2sQKoB5oGqAf_nrECqAffn7ECqAf4wrECqAf7wrEC2AcA0ggvCIBhEAEYnQEyCIqCgICAgIAIOg2AQIDAgICAgKiAAqgDSL39wTpYlsDkmMXnkwOxCRgMP4VCvwDjgAoDmAsByAsBgAwBogwDkAEBqg0CWkHIDQHiDRMI6_DkmMXnkwMViUDDBh2jjTuH6g0TCOiZ5pjF55MDFYlAwwYdo407h_ANAogO____________AdgTDYgUAtAVAZgWAcoWAgoA-BYBgBcBshcQGAEqCjUxMDM4Nzk0ODNQBroXAjgBqhgXCQAAAACwVhpBEgo1MTAzODc5NDgzGAGyGAkSAq1RGC4iAQDQGAHCGQIIAQ&ae=1&gclid=EAIaIQobChMIz9zmmMXnkwMViUDDBh2jjTuHEAEYASAAEgKyFfD_BwE&num=1&cid=CAQS0gEABaugfcWTwV5eXuZ8MLT1qQMPGfpOQl6U3FtzlQ9EzonyhL0ZrIEl0_1D6WBuEvHP8tKNrGFiBNBH0PZiCClhP1XxkYTWwAyO6NctsznZu5Ftc3N2OV_mtnkuDPv70hmZzVBVDGc0zi-wGarQ1dhSRuQEI7_35qpkLnv9nVfl2HAP8bgYfmXTDKnlJjpya6_d8O1QghoaV87-fVizbS7z7ejlFuo2hpkBsxXGDRmQ_FapzR3dFL0krMTT6xp-FblX8MmDZSe7LHPX-fbbB2a5ExcYAQ&sig=AOD64_0zst9rsg1yvQ9F3bHhzSCA6Yr9Qw&client=ca-pub-3677668629134422&rf=4&nb=9&adurl=https://bernhardt.com/%3Futm_term%3D%26utm_campaign%3DBernhardt%2BOrganic%2BRetargeting%26utm_source%3Dadwords%26utm_medium%3Dppc%26hsa_acc%3D9045698593%26hsa_cam%3D18463805477%26hsa_grp%3D147043891572%26hsa_ad%3D624862901476%26hsa_src%3Dd%26hsa_tgt%3D%26hsa_kw%3D%26hsa_mt%3D%26hsa_net%3Dadwords%26hsa_ver%3D3%26gad_source%3D5%26gad_campaignid%3D18463805477%26gclid%3DEAIaIQobChMIz9zmmMXnkwMViUDDBh2jjTuHEAEYASAAEgKyFfD_BwE,https://www.bernhardt.com/?utm_term=&utm_campaign=Bernhardt+Organic+Retargeting&utm_source=adwords&utm_medium=ppc&hsa_acc=9045698593&hsa_cam=18463805477&hsa_grp=147043891572&hsa_ad=624862901476&hsa_src=d&hsa_tgt=&hsa_kw=&hsa_mt=&hsa_net=adwords&hsa_ver=3&gad_source=5&gad_campaignid=18463805477&gclid=EAIaIQobChMIz9zmmMXnkwMViUDDBh2jjTuHEAEYASAAEgKyFfD_BwE,,,,,
823,https://www.googleadservices.com/pagead/aclk?sa=L&ai=CEG8ZVSXbadOgKsGjjeYP-6C50Q-SzOKvhgGEqobzzhWMwLWrrgEQASCFzOYxYMfV_42EJqABv5-wzSjIAQmpAmD9s7Mhq7M-4AIAqAMByAMKqgS2A0_QW9qO7LP4mUAknCTzk5OSJDrWdcbh14iFLYSXIUVf8W5B7FJltS9dXMbECHtDCj424z1VSGtLkwYCCPgHguMxkHZ9nQsTkZRrR_uKjUWA7eTABvloWi3ackHKBbcGhviXixIQ3zamq4EMrJb8wQ9mL_qPRDJyVZLk7Yi-RkBXMmeZh7ua7HbF44Buq8ej9dvx8cX4IvHj_Q7n8RXaqoAUqF1Q4xo5_Fye_eyTDkdT4yeLV9a9lKANn32N7ZiEyAe9SaYTTBzWpT7t3onWDKYHcaFxy96wIHu9RuCDm-7LpxYpgzChxOLAAyTZLbOuCUTSmehB_2_r8pGMwLe0EhSpfwfgUIaEqbHx9986VZndxP6cXkkWTx_DICPJDUyMRCG6edTx3iQIh9fv2rp1nYlFVFg1z9rQgebSfBSwVpQjadliK6QadE_jjzg2uSvtfGrPvaRXJDuXW7i_mUKqP5rWdQ46AUQCF6f4klbvvuThR0UQNsQK-uABbz9R2d9MzlshVKpg1pxUw1hq8ptO5JYAGhHrQcXqyEZZAwdrA090W2d8eed59ZfVuev3-Z6WsHcjIjDa18AEh5akwtIE4AQBiAXNsoPvTqAGLoAHv9eArQOoB6fMsQKoB-LYsQKoB6a-G6gHzM6xAqgH89EbqAeW2BuoB6qbsQKoB47OG6gHk9gbqAfw4BuoB-6WsQKoB_6esQKoB6--sQKoB5rhsQKoB9XJG6gH2baxAqgHmgaoB_-esQKoB9-fsQKoB_jCsQKoB_vCsQLYBwDSCC8IgGEQARidATIIioKAgICAgAg6DYBAgMCAgICAqIACqANIvf3BOlifybmzwueTA_IIG2FkeC1zdWJzeW4tMzAyMjAyNDA4MzcwNjAwMrEJD1-68ZlIOVCACgOYCwHICwGADAGiDAOQAQGqDQJaQcgNAeINEwj_6bmzwueTAxXBUcMGHXtQLvrqDRMIifq6s8LnkwMVwVHDBh17UC768A0CiA7___________8B2BMM0BUBmBYByhYCCgD4FgGAFwGyFxAYASoKMjAwMjk5MTQ4N1AGuhcCOAGqGBcJAAAAAIDG80ASCjIwMDI5OTE0ODcYAbIYCRICrVEYLiIBANAYAcIZAggB&ae=1&gclid=EAIaIQobChMIk5-7s8LnkwMVwVHDBh17UC76EAEYASAAEgJUIPD_BwE&num=1&cid=CAQS0QEABaugfQ8lW4kNYxiDUMb-QBmVq5EyESFoVb9YRuFKNhdkG0QRZpne9VnLSN2I-tC7ykzGXJi88DQcoxP_FDlWzIxQKTUJ9-hRVgQD4ANpS2sWwPAuU7uraeKWFqIQxahfcgblRVvCvM-Ie9HN8BzJz9xwJLraKJtuGkxt7V2imi_i0ODrl1lHt36MjFPcUnAEWI-vjRKCC_oFgjKu6VTb8WxepGF4LRALdQJNz07HzYcnQw6ALytx8VDt_KYQcjH7rz1Ior9ORd45ehtR1FcVYBgB&sig=AOD64_2Q5_oQymCWqE_R6pKlkLFsYtgieA&client=ca-pub-5616046187545019&rf=4&nb=9&adurl=https://consumersrate.com/articles/best-pillow%3Fl%3Den%26vndr%3Dderggsim%26subid3%3D21170805069%26subid%3D159589665543%26subid2%3D804870969519%26subid4%3Dmemory%2520foam%2520pillow%26subid3%3D21170805069%26gad_source%3D5%26gad_campaignid%3D21170805069%26gclid%3DEAIaIQobChMIk5-7s8LnkwMVwVHDBh17UC76EAEYASAAEgJUIPD_BwE,https://consumersrate.com/articles/best-pillow?l=en&vndr=derggsim&subid3=21170805069&subid=159589665543&subid2=804870969519&subid4=memory%20foam%20pillow&subid3=21170805069&gad_source=5&gad_campaignid=21170805069&gclid=EAIaIQobChMIk5-7s8LnkwMVwVHDBh17UC76EAEYASAAEgJUIPD_BwE,yes,yes,yes,yes,yes
824,https://www.googleadservices.com/pagead/aclk?sa=L&ai=CwYnvqxrbadj4INqOjeYP9Y7w4QTqtK-ohQGh_d-r3BSgpYDskAIQASCFr_MeYMfV_42EJqABtsq45APIAQHgAgCoAwHIAwqqBMYCT9DywOQMaprtYHasFvFKsECJLa9aM4VmB9aOPmus3m6lYVDAEVmZsXmzF_I_PvAFPlE4oTmrGOlZCvzcqomE3MWbkL7NaFUnKMPEjwN8x3bN8p0AtLXoGFgRazF9htJ3KDOFaytZXFm53HQOoB3-PSvHKL8M1oHdzOi6hCVhl4Mu4B5qveCjm4HlBjxcqRd-WN94cohnKtZhiZxMs6GVphFxvImFtsTspE7riI_KSQO_BVOL88YXHf7kqJgSHds4GSoVNgkv6jOlsKEa69YrJYat8a2PTADQHdscFdxmhvlBTYmqEj-Vc0Pc111Ulendb7QhTBxceXQjhlhmwyj2R2G4eEMBCkofmRQADjn5qbN8Fx4mqD3MXK34wpwoSQFMbSrzH-hF9VxWr055dh1kwKHlkXxEOPPES7b6Ei-CnsBZBPsDcSrABI7eroiqBeAEAYgF55SP6lSAB7K1xxuoB6fMsQKoB-LYsQKoB6a-G6gHzM6xAqgH89EbqAeW2BuoB6qbsQKoB47OG6gHk9gbqAfw4BuoB-6WsQKoB_6esQKoB6--sQKoB5rhsQKoB9XJG6gH2baxAqgHmgaoB_-esQKoB9-fsQKoB_jCsQKoB_vCsQLYBwHSCC4IgGEQARgdMgiKgoCAgICACDoNgECAwICAgICogAKoA0i9_cE6WMXVy52455MDsQm-LUEJGGfj5IAKA5gLAcgLAaIMA5ABAaoNAlpByA0B4g0TCPrIzJ2455MDFVpHwwYddQc8TOoNEwjPjs6duOeTAxVaR8MGHXUHPEzwDQKIDv___________wHYEw2IFALQFQGYFgHKFgIKAPgWAYAXAbIXEBgBKgo1NTAxODI5NTc4UAa6FwI4AaoYFwkAAAAACPoRQRIKNTUwMTgyOTU3OBgBshgJEgKqUBgBIgEA0BgBwhkCCAE&ae=1&gclid=EAIaIQobChMImPrPnbjnkwMVWkfDBh11BzxMEAEYASAAEgIBSvD_BwE&num=1&cid=CAQS9AEABaugfViubOXYj_KyB_xiEdEqWz6UdG4oEyF9XtDWxi9EMHhfRCoT57yf_hLDtC5QdWtaTpNtT167Wlr6f-1zjTLzoJhcrvx3jXxww2B6tBNG3zo-Yjnad1VL9TuC7gDJMQG-7rz2JgSmfPnfiPIh2PfbIECaZpzfIkocn1pFY8JvFJwMCpfUeW1wYmQ2lTHDeebt9p3Q6WW4x56VSh04gFJ23BZOC-9-8QJyk13aJMHmzKpoGWsfTyH1t32--lqZC9UEufwKOlXanxztwIDD_CbKsZ2PYEaE4oaQoHQJWDbEN0dNPTotWhAYUeYMdAO6wYyeGAE&sig=AOD64_3ZLCzmVTRCcdv6XB3B1-df4Uc_8w&client=ca-pub-6131228133143733&rf=4&nb=0&adurl=https://shop.pricespider.com/%3Fcampaignid%3DxA36NW367b_c27ebeca-aa48-4d77-b2d4-354321435568%26productid%3Dxm4obyuq6zev9_%26displaylanguage%3Den_US%26gad_source%3D5%26gad_campaignid%3D22771124839%26gclid%3DEAIaIQobChMImPrPnbjnkwMVWkfDBh11BzxMEAEYASAAEgIBSvD_BwE,https://shop.pricespider.com/?campaignid=xA36NW367b_c27ebeca-aa48-4d77-b2d4-354321435568&productid=xm4obyuq6zev9_&displaylanguage=en_US&gad_source=5&gad_campaignid=22771124839&gclid=EAIaIQobChMImPrPnbjnkwMVWkfDBh11BzxMEAEYASAAEgIBSvD_BwE,,,,,
825,https://adclick.g.doubleclick.net/aclk?sa=l&ai=CnTbB7hjbaeSNLNWH3NMPyq7nULrP4qqFAefW44zAFdLh0uCyARABIL7Phxpgx9X_jYQmoAG67K2yKcgBCakCYP2zsyGrsz7gAgCoAwHIAwqqBNQCT9B4ssuKO213c31AGmYR2NWUpDk-K-EIKUUuOOY9ElFewZcjMVS_f0zAkiU4DU7arWn6qCeLYbzB1Qr_2466B3hkhzArfn03J_LuCUG-kBlaJu3rQkV44ZwrGI-qyxC5GJuFUZODHSinn8ZwZim-PLmIE9rJOPhpxplADnWbaUOTf0jfqMew1cdIxcAzR4W97YWp3SPnjO2V0m8TGF1fIMBt56rk_ZTKuHEtBomzllKljJKoLiTJEg6no4x74ibmYLnz2StcXazLZvODfSFpaLs9XFkQvohCp5y8_fjJfDBAoGMy6910DsN6DBCcfsnwrHabe8CiVOnuS6nAI1iHPHhyAwbPiHOLl5TDhSw_TTHhTuuW3HBh_jy1nrRaFMvxTXFnmieM43ou_-HjPSujzZi1niOifHjJvVqKN3ivPixfSvs59T29HL61ksonve3pBw9rfMAE6MOolMQF4AQBiAWH442KSqAGLoAHuqT-kQSoB6fMsQKoB-LYsQKoB6a-G6gHzM6xAqgH89EbqAeW2BuoB6qbsQKoB47OG6gHk9gbqAfw4BuoB-6WsQKoB_6esQKoB6--sQKoB5rhsQKoB9XJG6gH2baxAqgHmgaoB_-esQKoB9-fsQKoB_jCsQKoB_vCsQLYBwDSCC4IgGEQARgdMgiKgoCAgICACDoNgECAwICAgICogAKoA0i9_cE6WIKDwMm255MDsQlrRxv5ApGaFYAKA5gLAcgLAYAMAaIMA5ABAaoNAlpByA0B4g0TCN6rwMm255MDFdUDdwQdStcZCuoNEwiQ68HJtueTAxXVA3cEHUrXGQrwDQKIDv___________wGwDsyets0Y2BML0BUBmBYByhYCCgD4FgGAFwGyFxAYASoKMzg1MjYwNzQzOFAGuhcCOAGqGBcJAAAAAOi9B0ESCjM4NTI2MDc0MzgYAbIYCRIC704YLiIBANAYAcIZAggB&ae=1&gclid=EAIaIQobChMI5LzCybbnkwMV1QN3BB1K1xkKEAEYASAAEgLGovD_BwE&num=1&cid=CAQS0QEABaugfbIitW7OShaP-O6BQ7RIwFeroBOjWV8c_E7LoWtR2rIdmwtaOxR_zmAKHWRPeWVSG-YjMWQowFA10fLO9KvlHVBoIbixDi0QSJ7XDNUjq6gLUDxVKCp1xBCc4UoRe8XI6EcumbsaIjK8IAk5nEDlQjoJA6pB9xU5xfHW-2X4L9YqERMymj6YimlZ3Gbu98xlR9CIJQ1PcK2nfm5hk516iwPS8qaq-fVzzJ-v9osUuzsx6r5u0YvlgIdFtRVBjxwh2LJtO2EZnlyC_T-0OhgB&sig=AOD64_0a8oAhBgqbkU_oVlzQNo7rNN8f5w&client=ca-pub-6453680425766689&rf=4&nb=9&adurl=https://invest.orocash.it/%3Fgad_source%3D5%26gad_campaignid%3D19885420935%26gclid%3DEAIaIQobChMI5LzCybbnkwMV1QN3BB1K1xkKEAEYASAAEgLGovD_BwE,https://invest.orocash.it/?gad_source=5&gad_campaignid=19885420935&gclid=EAIaIQobChMI5LzCybbnkwMV1QN3BB1K1xkKEAEYASAAEgLGovD_BwE,no,no,no,no,no
826,https://www.googleadservices.com/pagead/aclk?sa=L&ai=CjZIdii7baY63Nvq7geAPsIm0gAnIva2qgAGcp6nBvRP8wbWrrgEQASDNno8YYMfV_42EJqABjZ-0ngPIAQKpAgAZlYANgZI-4AIAqAMByAMIqgTAAk_QdndI-uBWWPVlHd8u88cg1HrE2THMEtYlgME56C1y0izTbMvag80_hFh8TazW_iRYSi9E_Op7EqXxddLfA6U-pRSnH4ZXt45xNQT1rZN_6PKWMYJbT_S-bU8GfnZkGm2c9-Dihyq4xCgTSkNKVrSooghQQpQIKHaBQAhyUS9g6jb1xvFhAT6a8YXUh7hTrKSLyuzo4rEd2NMEPIWAqkqjfq4jAyMS5RB7EP5NbMRcisuBsaplYFbQRSpDVg1KvmhcUbQ7d14WYJ22wQTB3GFYas_yRiNCU65v4tiLBwTBDjOZTuJ_CuiM4LIpmB_ED0zUKQ9jPRjQvPoxkyDgirpy_qhDZcuDakj_TQXtBuJI83jDTkfLeMEgGS3ySbvyq9JR-fjeiZOS01QGv3SK5td8nTqcg5aMkk-BxwcYga1RwATxyKzt9gHgBAGIBZOCzJUGoAYCgAfb4MthqAenzLECqAfi2LECqAemvhuoB8zOsQKoB_PRG6gHltgbqAeqm7ECqAeOzhuoB5PYG6gH8OAbqAfulrECqAf-nrECqAevvrECqAea4bECqAfVyRuoB9m2sQKoB5oGqAf_nrECqAffn7ECqAf4wrECqAf7wrEC2AcB0gguCIBhEAEYHTIIioKAgICAgAg6DYBAgMCAgICAqIACqANIvf3BOljut7mXy-eTA7EJzQ0v8KynmX-ACgGYCwHICwGiDAOQAQGqDQJaQcgNAeINEwiz1rmXy-eTAxX6XQAGHbAEDZDqDRMIh_m6l8vnkwMV-l0ABh2wBA2Q8A0CiA7___________8B2BMN0BUBmBYByhYCCgD4FgGAFwGyFxAYASoKOTkxMzExNTUxNlAGuhcCOAGqGBcJAAAAAET6EUESCjk5MTMxMTU1MTYYAbIYCRICh1QYAiIBANAYAcIZAggB&ae=1&gclid=EAIaIQobChMIjqS7l8vnkwMV-l0ABh2wBA2QEAEYASAAEgKMBfD_BwE&num=1&cid=CAQS0gEABaugfZR4XxbIErxoZuB8-r9Evp0J6rls5P80F9Fz0uh30W610GrRaHLs-9yvYCxIL2ZcIVRx6yTTzSK0IhKZdxERYjZ9FWRj9PBSfcaTX_Q0KT0rjQRhv63oZprwZ-Tuvfs-a-_XkKHYZRfnr13Z9oXWSbBs2xjeDMuKTZd_eDvuZCiTE8h-BJPx6R7lih_3OETEz8hB4toJp1tq4Xbx785BpBRBOBVaZU0mITUQO-bzOPpwWTdpGRqXSEDrRp9lnl4eZKoBkprtPONqOyhSKA4YAQ&sig=AOD64_0ef7GdEtzLF7FcVdmZNb25ycQnSg&client=ca-pub-4075694933314520&rf=5&nx=CLICK_X&ny=CLICK_Y&uap=UACH(platform)&uapv=UACH(platformVersion)&uaa=UACH(architecture)&uam=UACH(model)&uafv=UACH(uaFullVersion)&uab=UACH(bitness)&uaw=UACH(wow64)&uafvl=UACH(fullVersionList)&nb=2&adurl=https://berendowicz-kublin.pl/szkolenia-fryzjerskie/szkolenia/kurs-barberski-od-podstaw/%3Fgad_source%3D5%26gad_campaignid%3D1655898387%26gclid%3DEAIaIQobChMIjqS7l8vnkwMV-l0ABh2wBA2QEAEYASAAEgKMBfD_BwE,https://berendowicz-kublin.pl/szkolenia-fryzjerskie/szkolenia/kurs-barberski-od-podstaw/?gad_source=5&gad_campaignid=1655898387&gclid=EAIaIQobChMIjqS7l8vnkwMV-l0ABh2wBA2QEAEYASAAEgKMBfD_BwE,yes,yes,yes,yes,yes
827,https://www.googleadservices.com/pagead/aclk?sa=L&ai=CF7deSNbZacGVI4iUjeYPlbqIIbS02I9vstmF6NkN7ZSyhqk8EAEgo_7CH2CJi8SE9BOgAdeGpZ4DyAEJ4AIAqAMByAMKqgTHA0_QeKnN6w0J14CaZaYb6QYwUJU6wORISsbMGDvAmVL3oRobyUoJG4tIZvOVVKjmfKz_11aoKzEqOtEnE1-NKc0tIYYXv_pvwVYMRXTulxgK7ccJLt-a-qCDEQqeENdZh8LwQ7bOljVCl2m4r1yR857OHeXEYKeVBEUGD0Q_UkftY8mrmlXr0FzouSL4JgqQFed3fjfgGB3Hc7jg9iLrJPU_0Uw2aLrmWi80kTQcyj4_cuCdPA4No3qi-sWJTv-IQn5cM8EmV_ja_wgUI7ZbD9F_1NDH-Ieov0XNDTSNMB0vmPyJP_Bysu9TO0GDBhEikooXNAmDYG-CMOubAohf9a744yZ_7onjfzI8sjBzkKpUDojS9b_lDMDxBIfTFG56pGdmsIcmaY-sNNJmWDUoUp1GaFESv6kw5WJtO_P-cdVAghDS7WdeqeQHs2d1UCTBlktsfUGu--0j7Qc5R9KJYmznGrE0ODS0Gy_556uLUMoSX2B4xcvFrE-fQViOdOfIv7wlMzbQEKyk1wHeproJUk4IiewpLEBs1hZ32O8vNrm4upNjgEFm0T6qf7aKHYueiViAnC3AExWCeqowQJP73cS9PXOkPBpxwAS9za-F7gLgBAGIBcvsrtMjoAYugAeR-dphqAenzLECqAfi2LECqAemvhuoB8zOsQKoB_PRG6gHltgbqAeqm7ECqAeOzhuoB5PYG6gH8OAbqAfulrECqAf-nrECqAevvrECqAea4bECqAfVyRuoB9m2sQKoB5oGqAf_nrECqAffn7ECqAf4wrECqAf7wrEC2AcA0gguCIBhEAEYHTIIioKAgICAgAg6DYBAgMCAgICAqIACqANIvf3BOlj3qrnvguWTA7EJqcE0JIh9YYiACgOYCwHICwGADAGiDAOQAQGqDQJKUMgNAeINEwjkyrnvguWTAxUISsMGHRUdIgTqDRMIvKK774LlkwMVCErDBh0VHSIE8A0CiA7___________8BohNUCjcIA0ABUggKBhIECAEQAWi3oZb5RXIhEh8gAigBOAJAy-yu0yNYAWj-__________8BgAEBmAEDGhkKF2NhLXB1Yi0zODA1NDE2OTY2MDAxNzE0uBPkA9gTDYgUHNAVAZgWAcoWAgoA-BYBgBcBshcQGAEqCjY4MDk4MDU1ODhQBroXAjgBqhgXCQAAAABAguZAEgo2ODA5ODA1NTg4GAGyGAkSApNOGC4iAQDQGAHCGQIIAQ&ae=1&gclid=EAIaIQobChMIwdnT74LlkwMVCErDBh0VHSIEEAEYASAAEgICB_D_BwE&num=1&cid=CAQS0AEABaugfToXDLMDXVwbUb1uvdhT6MM1NDkje7zvHGRyw--7P2inO1UnRc4NefvFHtZvDJwq_VePk7VZH7Ikaw8AcUYrfPnM4mqhnPuiQFzD96000RonzxsGsN-ciw09pABDwtABYxuR_VsZjPZFm8GeIaB2C-F6-DmErpIISFOfdvuz35WDAJKfdmvKYmsgpcqHCanzsE0JYQCEqbJJtsLNeCQWjUptKnKZ-A5XEKjTOagMjVQSqyurmlJv74sRBRBTzqIijDSiMznr6b0Z8HnqGAE&sig=AOD64_259SjXAujZgdOyxV6Grrm0j1Vw8A&client=ca-pub-3805416966001714&rf=4&nb=19&adurl=https://www.vacationhomesofgalena.com/%3Fgad_source%3D5%26gad_campaignid%3D9570072139%26gclid%3DEAIaIQobChMIwdnT74LlkwMVCErDBh0VHSIEEAEYASAAEgICB_D_BwE,https://www.vacationhomesofgalena.com/?gad_source=5&gad_campaignid=9570072139&gclid=EAIaIQobChMIwdnT74LlkwMVCErDBh0VHSIEEAEYASAAEgICB_D_BwE,,,,,
828,https://www.googleadservices.com/pagead/aclk?sa=L&ai=C-6J9-x_baYnLM8-KjeYPr5SCgQ614rfvhQGI5qL4vhXAjbcBEAEg_-fIHmDH1f-NhCagAfPsgKVAyAEJqQJoVx2XZdCKPuACAKgDAcgDSKoE-AJP0Kl_cn6o5QYZYNaOFFloSgtVESTcclwDLB_Q6YySC5_P3eGXziCAwynL02jqaOHITvK_Afe1dLUNy2WhhS0oFwrLPq3n3H1Bc-zWv0KfRUtPGgIklRnjMPKh1EL7ECnUhYWIxFA5dWwwao2QK4tgW0IV-8IUMXIisOcfo_mX3LnX8uYOMTqZU4tOb1fRiZjzB6IDZZAZ9xort6Qc4NYbUVY2c3SSYMDGur2xI0VSq_dJwfgG7L5j-DfsHWnOdPrDlc6XdIDaoVoffnbJAVySsk5Tm1t_UXgN97Bg6V0u7Ri3TAgs1J7qTUBXy005eZ9TqKRh4cHfD18-A6_fTYAX36a7pSqgVBRB4vsmTtvHT2haazxlZQCqUuUXbLIiGNIt-rJZyLsFcXouHarYM7j_JsDgk8rOCBgtLw5V7lUavjfYdBapeSlu01p1w_RbxDrULkxeb6v0uSwaqiQ_tqUaBPZo93ef4p1-ZkcI5clweMW8G14JMnI2wAS8quCK4gXgBAGIBcbG3uxVoAYugAfzpNGEG6gHp8yxAqgH4tixAqgHpr4bqAfMzrECqAfz0RuoB5bYG6gHqpuxAqgHjs4bqAeT2BuoB_DgG6gH7paxAqgH_p6xAqgHr76xAqgHmuGxAqgH1ckbqAfZtrECqAeaBqgH_56xAqgH35-xAqgH-MKxAqgH-8KxAtgHANIILgiAYRABGB0yCIqCgICAgIAIOg2AQIDAgICAgKiAAqgDSL39wTpYxtCgpr3nkwOxCZrcKwgkBVx1gAoDmAsByAsBgAwBogwDkAEBqg0CWkHIDQHiDRMIyPCgpr3nkwMVT0XDBh0viiDg6g0TCNL_oaa955MDFU9FwwYdL4og4PANAogO____________AdgTDNAVAZgWAcoWAgoA-BYBgBcBshcQGAEqCjgzODczNjk0ODVQBroXAjgBqhgXCQAAAAB4dhVBEgo4Mzg3MzY5NDg1GAGyGAkSAoVUGC4iAQDQGAHCGQIIAQ&ae=1&gclid=EAIaIQobChMIybSipr3nkwMVT0XDBh0viiDgEAEYASAAEgJ7v_D_BwE&num=1&cid=CAQS5AEABaugfbmVE4vbIkiqdzY--Z6HyBk0btnyZmQOeeTr_3pn3umszAiuI76I5mU06p-Omxv-_C8Jr1w2bWOebz96Co6USl1FMRfPjZJNxp4dyxCJ6S2_2gGPi4idz2PcELufhepZCM8L6whUnrYeXihteRNiEwaioDL7A1ut5woSmyHP3hWTsGp8YaVrMRfuXwB2KrBhYL5kSGaKvNu1eMsnl1L3WRknILinPzT8ngFr2oI7ZYH2Wq1Fz7sjbjyYDUeN0QHOAywE1ajVIAl6MXKpheJ0ZyJIngWMJyG077MjeZ5bh5YYAQ&sig=AOD64_0Ww-xQIjCwMGSPLIkxZT6iH-OpUg&client=ca-pub-2192002536170159&rf=1&nb=25&adurl=https://woolen8wonders.com/p1-free-english-courses-usa/%3Futm_source%3Dadwords%26utm_medium%3Dwww.news18.com%26utm_term%3Dlearn%2520english%2520online%2520free%26utm_content%3D198127916348%26utm_campaign%3D23045055302%26gad_source%3D5%26gad_campaignid%3D23045055302%26gclid%3DEAIaIQobChMIybSipr3nkwMVT0XDBh0viiDgEAEYASAAEgJ7v_D_BwE,https://woolen8wonders.com/p1-free-english-courses-usa/?utm_source=adwords&utm_medium=www.news18.com&utm_term=learn%20english%20online%20free&utm_content=198127916348&utm_campaign=23045055302&gad_source=5&gad_campaignid=23045055302&gclid=EAIaIQobChMIybSipr3nkwMVT0XDBh0viiDgEAEYASAAEgJ7v_D_BwE,,,,,
829,https://www.googleadservices.com/pagead/aclk?sa=L&ai=CGj10oUHbaZmNDvXxjeYPuvqnoQS0l7GwhgHc4uKlpxTytYzxvgEQASCxxahPYMfV_42EJqAByMmrhT_IAQapAnP2jashlrY-4AIAqAMByAMKqgTGAk_QtLnHEZnz3mZDIWDB43avpMoSTx_ihu2G71rMStLwKiuIXK2TGq0XFkNLuB6nD171lB9xmbDvqr9ll2zq-SuYh0zXhG0AJmA70eqTajN8r1zhbOQbkGWIUArSStXo_9TWPVwHMjh4zk6NtrGgnWrpetgt4TuUykePOYOm_nulZvDrSQZWRQaqnNqMcmlefEoFqVoOjUZyMqDSm0EXCDvDkoRF1MexRCPf28iraKAqabu6NCcUbmIyTKnSbj8e6M3_SZlFo3wTuCx18Yr6VMM4e-z7RGs2a0S5eF3pQbyPMKJNepBDOT6IMCJxMoyKKGOxYeZE-vCHJhOGKniEcsKecKoReMnJl8Bxzi3MDVXwBMX59Mpd8fmxym7mVt9_y-xWnYVpdDHSyimKD5Usq5vyzMxMwzibOKxJnxc2qCOV0Cb4tjs3wASZ86L1rQXgBAGIBZvOxctVgAfIgfzkGagHp8yxAqgH4tixAqgHpr4bqAfMzrECqAfz0RuoB5bYG6gHqpuxAqgHjs4bqAeT2BuoB_DgG6gH7paxAqgH_p6xAqgHr76xAqgHmuGxAqgH1ckbqAfZtrECqAeaBqgH_56xAqgH35-xAqgH-MKxAqgH-8KxAtgHAdIILgiAYRABGB0yCIqCgICAgIAIOg2AQIDAgICAgKiAAqgDSL39wTpYypC4sd3nkwOxCdtER1jEN6fdgAoDmAsByAsBogwDkAEBqg0CWkHIDQHiDRMIqa24sd3nkwMV9XjDBh06_SlE6g0TCKbAubHd55MDFfV4wwYdOv0pRPANAogO____________AdgTDYgUAdAVAZgWAcoWAgoA-BYBgBcBshcQGAEqCjM5MjM1OTIyNDdQBroXAjgBqhgXCQAAAADbSjpBEgozOTIzNTkyMjQ3GAGyGAkSAutOGAEiAQDQGAHCGQIIAQ&ae=1&gclid=EAIaIQobChMI2eG5sd3nkwMV9XjDBh06_SlEEAEYASAAEgKkTfD_BwE&num=1&cid=CAQS0QEABaugfZFw7xEUvVcXOxkQ_5IM_ubXYyJCXlNS3lvHNco3I1QGHh5gWMX_XXLrv2httBWlz6P5NSVYOFbzrxO7BepsrR1FnbmxXH9aH_X5wwg0AYMRTL3SBR5LOAnkf3vbi2iJ8aAna65ZxfdaS7xApbcqdO1iJ6jk08lD6VzpZfTeMpqhDmKDjSX39dbwPdaLL7SL4qqFj-UgrVUww9QgZ7Z_hWoEj6Ee4n7keSsfDDWyOme_-zHCfINBrHEl6p3ajTwlkeb1ZiD0dgt2hZgz8xgB&sig=AOD64_3Cg1dhyQC7ZrhZcy4gWv7fIa_1cQ&client=ca-pub-5906247292784018&rf=4&nb=0&adurl=https://www.royalmarsden.nhs.uk/private-care/london-lno%3Futm_source%3Dgoogle%26utm_medium%3Dcpc%26utm_campaign%3D%7Bcampaignname%7D%26utm_content%3Dd%26utm_term%3D%26gad_source%3D5%26gad_campaignid%3D22975440667%26gclid%3DEAIaIQobChMI2eG5sd3nkwMV9XjDBh06_SlEEAEYASAAEgKkTfD_BwE,https://www.royalmarsden.nhs.uk/private-care/london-lno?utm_source=google&utm_medium=cpc&utm_campaign={campaignname}&utm_content=d&utm_term=&gad_source=5&gad_campaignid=22975440667&gclid=EAIaIQobChMI2eG5sd3nkwMV9XjDBh06_SlEEAEYASAAEgKkTfD_BwE,yes,yes,,yes,yes
830,https://www.googleadservices.com/pagead/aclk?sa=L&ai=CN21Py0HbaZzyF8CB3NMPtefEeM32kO2DAbih2MqgFMCNtwEQASD6qYoXYMfV_42EJqABuKyBoALIAQHgAgCoAwHIAwqqBOQCT9CQEVvnL8Cc2hXWoCvti2WOjs3Dqmp2C7E2muIeyf-WMjdvzBPkh7tEVNKp89zoRAzgk3tMBa0PcdmPoKWfV2nJCAAeoOwMqzfkH2w8NRg25D3mvFe53dnKNCFkVgK2KRNAcolX7GkbjtWfhBOVC206bPq9tMRYTIBnHjutFjGk6oO9el-psevW6UAsvI2HT0uuA6y1A0KWvcJGo6P1wbPPCESPpx7J58rNic4yvvRopAELBck6C5dZpcz298xjV46wH-oBtmX5BJRWpLbKLS7MP_WwuH4l1Au6e1MJU-5u603G24iiMOkkcDW5kzvi5LKlfmIWj-EbY-kifi0M7u6rj1dqBOTp7U5Q3x3bXybcC67k8476VVQJvXuWP8qOddnWPXgd3jrwWfCRQneCpdrYI7NEUW3krug8vy-zdMu_ZMtd_ev8BaMU9XWDGDjxY1o7Tknx3BPCLF1bqEdv8mO5C6zABKKbtbu2BeAEAYgF5crRlVWgBmaAB7DT_t8BqAenzLECqAfi2LECqAemvhuoB8zOsQKoB_PRG6gHltgbqAeqm7ECqAeOzhuoB5PYG6gH8OAbqAfulrECqAf-nrECqAevvrECqAea4bECqAfVyRuoB9m2sQKoB5oGqAf_nrECqAffn7ECqAf4wrECqAf7wrEC2AcB0ggvCIBhEAEYnQEyCIqCgICAgIAIOg2AQIDAgICAgKiAAqgDSL39wTpYmY7Fxd3nkwOxCXD2kC1SCpYXgAoDmAsByAsBogwDkAEBqg0CWkHIDQHiDRMIprzFxd3nkwMVwAB3BB21MxEP6g0TCITVxsXd55MDFcAAdwQdtTMRD_ANAogO____________AdgTCogUAdAVAZgWAcoWAgoA-BYBgBcBshcQGAEqCjkzMzI3OTI5MDZQBroXAjgBqhgXCQAAAABskRNBEgo5MzMyNzkyOTA2GAGyGAkSAoBPGGYiAQDQGAHCGQIIAQ&ae=1&gclid=EAIaIQobChMI3IPHxd3nkwMVwAB3BB21MxEPEAEYASAAEgKcb_D_BwE&num=1&cid=CAQS0QEABaugfTCeQEKQO2M49vshBTm3UqFWEYoOmBdr8v7pjG00ZEoViaAYrrYX5QwxjywuU-_-xBhYd5eX8XJyrHCRytu6UdNwfA9LXZdL-Qf3CGzz05WYr1xC-BsgkvMsNwDvyz6J3oRLp3Am_jVvEIvCoaGZaI5tCJCz2M-g4XuahFlF3fChMVFWbsKGrRR2shRz3OUYWB4wLh5x3plMMxD7Th_16ax4mhJh-_u5Gle60M4-IN6iHFdagvX7mxohQqT-47m-xVzadDoqtZ-h7ixjbBgB&sig=AOD64_0cqFf0t3zQldEASZkHGrsJSFbyKg&client=ca-pub-5405132603504384&rf=4&nb=0&adurl=https://celadonbooks.com/best-offer-wins-marisa-kashino-googlesearch/%3Futm_term%3D%26utm_campaign%3D%26utm_source%3Dadwords%26utm_medium%3Dppc%26hsa_acc%3D6353856733%26hsa_cam%3D22862390629%26hsa_grp%3D186418810274%26hsa_ad%3D767452257104%26hsa_src%3Dd%26hsa_tgt%3Dkwd-0%26hsa_kw%3D%26hsa_mt%3D%26hsa_net%3Dadwords%26hsa_ver%3D3%26gad_source%3D5%26gad_campaignid%3D22862390629%26gclid%3DEAIaIQobChMI3IPHxd3nkwMVwAB3BB21MxEPEAEYASAAEgKcb_D_BwE,https://celadonbooks.com/best-offer-wins-marisa-kashino-googlesearch/?utm_term=&utm_campaign=&utm_source=adwords&utm_medium=ppc&hsa_acc=6353856733&hsa_cam=22862390629&hsa_grp=186418810274&hsa_ad=767452257104&hsa_src=d&hsa_tgt=kwd-0&hsa_kw=&hsa_mt=&hsa_net=adwords&hsa_ver=3&gad_source=5&gad_campaignid=22862390629&gclid=EAIaIQobChMI3IPHxd3nkwMVwAB3BB21MxEPEAEYASAAEgKcb_D_BwE,yes,yes,yes,yes,yes
831,https://www.googleadservices.com/pagead/aclk?sa=L&ai=C-E_epy_baZzNE7CQjeYPzb7S0QS866L8hQGK4OyRixS7jIOsxwEQASCj_sIfYMfV_42EJqABv9CrjwPIAQKpAgAZlYANgZI-4AIAqAMByAMIqgSRA0_QtuM6ZadfzxTAUqZpMkh8HGExMYACijEByRoaYHpaNwIVWmb6jjZaiSy9KgVhosJ5q-RE0Rh7Ki2z0OHMGX4Fv0wA9aB_KlvIgwbdWdfCZMgLy1AMFlkY8-ncCl5h_AOcYawQkjdZMREFi_qirsHwNvlAtCmor_FT84mjfeymfxuBh6qP0pDkohillA5UhcFhLn5E0xzT27MFCpldtLJoJdOqCj10vBA4OW1nJvAMna3SNp2tapkDPtjAoPDnS3dOsYjhuNuQuBF0qWOETGB1n0SKjNWLyB1T--2spyHguWSc4x717uFoZS3bcn6Cdq4bYk_g3kYRgcHjA4m_2fbHznLAy81O2BvJfuyoA6NiF33pl5XVxLtB4AZWkjJNKIRc_tk2QIHYU9sIxr7Asu-XfDJZxytRJFSnPRGp0-JjLYI0E_sz-XkYRx6Ip4optqhJIa34D32iuxzAoHAVIng2Nk1Ny-b-N0k7tki2qG2i8TEM8p84jAeFWwEV6U8O37C_KW8uyoBqz2iGe4igeqKswAS8jYD1sAXgBAGIBfjim8pVoAYCgAepr9RwqAenzLECqAemvhuoB8zOsQKoB_PRG6gHltgbqAeqm7ECqAeOzhuoB5PYG6gH8OAbqAfulrECqAf-nrECqAevvrECqAea4bECqAfVyRuoB9m2sQKoB5oGqAf_nrECqAffn7ECqAf4wrECqAf7wrEC2AcB0gguCIBhEAEYHTIIioKAgICAgAg6DYBAgMCAgICAqIACqANIvf3BOli8zaiezOeTA7EJHYkQLt2DFdSACgOYCwHICwGqDQJaQcgNAeINEwiY7aiezOeTAxUwSMMGHU2fNErqDRMIrJeqnsznkwMVMEjDBh1NnzRK8A0CiA7___________8B2BMO0BUByhYCCgD4FgGAFwGyFxAYASoKNjgwOTgwNTU4OFAGuhcCOAGqGBcJAAAAAOi-AUESCjY4MDk4MDU1ODgYAbIYBRgCIgEA0BgBwhkCCAE&ae=1&gclid=EAIaIQobChMI3LyLn8znkwMVMEjDBh1NnzRKEAEYASAAEgL6TvD_BwE&num=1&cid=CAQS0QEABaugfek8HFL-j8U1V2Mv_PPOyi2-LbCf9369Ovh5cEokOfBfuN1FUkE4YPFuIq6gWKss4T6atW5V5K7gYDVTVzF3YX-2M-9tSOShHXGcdNTu7dRu-eAIxJfgJcuqdigL7koz9r0QitF2OtHKJ_YtetbHFh26qDFJQRQ2hc6bCwu5q9QvF80YYKneGWpc6R6uuvI5AC2vV1ZEowzPjt5cID6SlZMKxdXiZSil1i4T12FNEzkqVAQr9xaSav740ZJnnJpJRg8fo4Hqt3IcZaaIaxgB&sig=AOD64_2qNd8BAVDm8otj2DvLC9s_ZtEnEQ&client=ca-pub-3805416966001714&rf=5&nx=CLICK_X&ny=CLICK_Y&uap=UACH(platform)&uapv=UACH(platformVersion)&uaa=UACH(architecture)&uam=UACH(model)&uafv=UACH(uaFullVersion)&uab=UACH(bitness)&uaw=UACH(wow64)&uafvl=UACH(fullVersionList)&nb=2&adurl=https://www.terramar.pl/transport-morski/%3Fgad_source%3D5%26gad_campaignid%3D22972658040%26gclid%3DEAIaIQobChMI3LyLn8znkwMVMEjDBh1NnzRKEAEYASAAEgL6TvD_BwE,https://www.terramar.pl/transport-morski/?gad_source=5&gad_campaignid=22972658040&gclid=EAIaIQobChMI3LyLn8znkwMVMEjDBh1NnzRKEAEYASAAEgL6TvD_BwE,no,no,no,no,no
832,https://www.googleadservices.com/pagead/aclk?sa=L&ai=CVRElojPbaeyqJd7xjeYP4uz1sQqBp5qlhgHV8Nq2lRXWlYnejg4QASCS5skmYMfV_42EJqAB5-WhmyjIAQngAgCoAwHIAwqqBLQCT9CCKMPBmr19bXGCoqlGCE8JwNJZlh1qPQY071j--GXnWCtnkEHMCWSjJ0sc1d-KsfSLrRnnGVlKJRGasflJwtRo_U5k35Z2troye9eVmPmQ2StzhDkywztMUpQixpxB4R-uQdWSChec4z9mHFWlz6GsaQBBM2Uat6aX9Z6oGyI-tA4Ex6cu1Bd-mWqJbXnaZHtBHXHkuIGLPvkPQCEQITpYAPkZlUgm3a3YYMV0wDc5QeFPIohTWXX0iT9Rb0CmDScB8rDZWqxAWBwLc3JPiAtZZ-O9H1_ovFvJ4bPW00wDTtw-vXDb_Xc0XepsOkCqyAvhzpAuu1YMrHYPkNqJd-qoMJaBL7R5UfkhWe9xwjP0hf8EOBJdo9jilDGhOQ9Eeg1haiBBwNcAP0xN1mZ7dgEOrgrABJXj9YTCBeAEAYgFju6ej1egBi6AB-ed8voCqAenzLECqAfi2LECqAemvhuoB8zOsQKoB_PRG6gHltgbqAeqm7ECqAeOzhuoB5PYG6gH8OAbqAfulrECqAf-nrECqAevvrECqAea4bECqAfVyRuoB9m2sQKoB5oGqAf_nrECqAffn7ECqAf4wrECqAf7wrEC2AcA0ggvCIBhEAEYnQEyCIqCgICAgIAIOg2AQIDAgICAgKiAAqgDSL39wTpY6p2NhdDnkwOxCdK3i0IFTKMggAoDmAsByAsBgAwBogwDkAEBqg0CWkHIDQHiDRMI-c-NhdDnkwMV3njDBh1idj2m6g0TCMqoj4XQ55MDFd54wwYdYnY9pvANAogO____________AbAOj-u25RjYEwvQFQGYFgHKFgIKAPgWAYAXAbIXEBgBKgo3MTQ3ODI2MDc0UAa6FwI4AaoYFwkAAAAAAHsSQRIKNzE0NzgyNjA3NBgBshgJEgK5TxguIgEA0BgBwhkCCAE&ae=1&gclid=EAIaIQobChMI7IOQhdDnkwMV3njDBh1idj2mEAEYASAAEgIxWvD_BwE&num=1&cid=CAQS0QEABaugfXpm5w84U7cfBhWSOyuPumR8kGCnezNM6ED0Q0jTD09QwbdsUOkUU-CmL7oLS8jSyTxnQAO6C3Emix9QwzPG9Ic80CHPgHp33_so62mA1XTiP464eXxwUaQ-6UClxyW-PoWr9-OxWSmOwmPrpCrzOJR-s8jytHRh0vUKg_BaFR9XJTdcqWsewGlhH-ExYEQsnHwv2mI7XX7JKRf8OPwWyTTucjGibMwLoRIi28e3adxo0XsioI375MY1SLZb_OW8z2Rq4ZtG0muQeplisBgB&sig=AOD64_1yhp4sO3X7QeyIF-fZZ9k4H-YXwg&client=ca-pub-8162630360170543&rf=4&nb=9&adurl=https://spiceworldinc.com/recipe/easy-weeknight-chili/%3Fgad_source%3D5%26gad_campaignid%3D23385847566%26gclid%3DEAIaIQobChMI7IOQhdDnkwMV3njDBh1idj2mEAEYASAAEgIxWvD_BwE,https://spiceworldinc.com/recipe/easy-weeknight-chili/?gad_source=5&gad_campaignid=23385847566&gclid=EAIaIQobChMI7IOQhdDnkwMV3njDBh1idj2mEAEYASAAEgIxWvD_BwE,,,,,
833,https://www.googleadservices.com/pagead/aclk?sa=L&ai=CrORrkSLbaayUMpG7geAP6rzM2AHUkcT0hQG3gPe_sBWhpvjz0B0QASD4yMkgYMfV_42EJqAByOejxSjIAQLgAgCoAwHIAwiqBMADT9C_dxvBR__a9FDn0VgxmkOCtI6UIqqaaGwqRDYbRkKLoJZW1BpI_Se_QJZUi50rBIrc12jEHyQTESCzzoeOC6VfMWW9UyC036r2wAors2YpEVrSDnefMaNvnvxzQK0AMWxSrYGwJhUvkeWu5-ELgnW2y1GrZYK9k-RI8C2NuTkgsNOmXNnic5fQtVdsrL4ipTOLgy2eQHGKShKpuFoCRAQhnhuHeE622aBzzUA-xcr5-SdTnbAF_FLvB0YCkTGozflp8OmTLOKDXMOTfUJH-sXEQ_DNt3lUB1l0jHu2ymyg5FTimyIBjBaUqffQKZs6di_1Fs9H5DmbaXkEKR3zOdRnE76iiO8lnEcsJV2suKgMy8b6JU2cGKFKWT62UNfXEaUadz7sjfLJPLplKcgcLV4mN3F6bmrfCi7FUJ8zRxECO0sD0h6tcnikvYgqgEXonl6klsDxVsWlOx5Srj7yCFIJKuXdGM8RClUiRX5vKALh2FgJCMlatXLUDHIbeguywRzmkr1ERP3IWDYPZewMJeWJXsxV8l6akfqUv2RbkrmraxLMgk1mgpQUkSblou8_7BtWASPQSf77Cx1YMRVgjMAEs-DbytIF4AQBiAWDyvKOWKAGAoAHyJ_0pAOoB6fMsQKoB6a-G6gHzM6xAqgH89EbqAeW2BuoB6qbsQKoB47OG6gHk9gbqAfw4BuoB-6WsQKoB_6esQKoB6--sQKoB5rhsQKoB9XJG6gH2baxAqgHmgaoB_-esQKoB9-fsQKoB_jCsQKoB_vCsQLYBwHSCC4IgGEQARgdMgiKgoCAgICACDoNgECAwICAgICogAKoA0i9_cE6WMXL8-G_55MDsQmvFSnOP3jT1YAKA5gLAcgLAaoNAlpByA0B4g0TCLyY9OG_55MDFZFdAAYdah4TG-oNEwjluvXhv-eTAxWRXQAGHWoeExvwDQKIDv___________wHYEw7QFQHKFgIKAPgWAYAXAbIXEBgBKgoyMTMwMDQ1ODE4UAa6FwI4AaoYFwkAAAAA8GoFQRIKMjEzMDA0NTgxOBgBshgJEgKwUxgCIgEA0BgBwhkCCAE&ae=1&gclid=EAIaIQobChMI7KD24b_nkwMVkV0ABh1qHhMbEAEYASAAEgJBTPD_BwE&num=1&cid=CAQS5AEABaugfQ8QnL4-p_DHnWdPa8HQL8ye-uKjaWvGVnb52YMo2aRVQWUz7osHA6a3-6iqcteWh6h1dkHzUgF7qAHjuz7vy3pXTVS--q1TsdnPwyAh97QiK0fsZHAsSNEomMrvjKGH7PxNTrMfwFJvAGGWJ4ieMDmjOE4CUUFaWWlzx7Y7-cZozjRZtLzhRDdtkjVHXXJXIcgB5-4hs3aHq79cknh9vWmb1gOPkTyHEFG0NDAF9qsDKVzprwNy44r78jFhvgtdIxlIAklvlDi_Ofvd3_N_JHa7TODrWxJztx1b3JMpXcEYAQ&sig=AOD64_0fi87G9-cGNYe4Sdm0rm8In47TEQ&client=ca-pub-3622136098794040&rf=5&nx=CLICK_X&ny=CLICK_Y&uap=UACH(platform)&uapv=UACH(platformVersion)&uaa=UACH(architecture)&uam=UACH(model)&uafv=UACH(uaFullVersion)&uab=UACH(bitness)&uaw=UACH(wow64)&uafvl=UACH(fullVersionList)&nb=2&adurl=https://physgun.com/games/rust-server-hosting/%3Futm_source%3Dgoogle%26utm_medium%3Ddisplay%26utm_campaign%3Drust_server_hosting_display%26utm_content%3D23653557507-193967091763-800499094213%26gad_source%3D5%26gad_campaignid%3D23653557507%26gclid%3DEAIaIQobChMI7KD24b_nkwMVkV0ABh1qHhMbEAEYASAAEgJBTPD_BwE,https://physgun.com/games/rust-server-hosting/?utm_source=google&utm_medium=display&utm_campaign=rust_server_hosting_display&utm_content=23653557507-193967091763-800499094213&gad_source=5&gad_campaignid=23653557507&gclid=EAIaIQobChMI7KD24b_nkwMVkV0ABh1qHhMbEAEYASAAEgJBTPD_BwE,,,,,
834,https://www.googleadservices.com/pagead/aclk?sa=L&ai=COsrMYxTbaYPiH96AjeYPqfztqAqwhuKZhgGCq9Xl0hWg6bvB9AoQASDCiLkiYMfV_42EJqABlLqkokLIAQKpAhA1BGu2I4E-4AIAqAMByAMIqgSEA0_Qag8kiDsvA-KOCYcQe8YVNhzkZFAdC_NJPTsIrCG0Cf-Hz7Xg374eDe5Tezm50BBVpDBy3G74RUlt9M9w3o8iGP2mnCZPE-3Pa0pDR8oqCeiHgCxHrrYkLRe46Zy_IKrOJGtSZy0gmD3v3X8-3X889HlIVnNWUeZZG_Hb6iZ0QLWAyJyiBQJZZDC_wJufv94UwgTUKAwsJAUSuWcm4oGL0VX8bjfyL9TGj2fUdfg9BOV3ACEesRZE1HfR2-YOB6C7OF94mlfkj-cbli3e4H724K51b2_AQ3SyAR03OPuecdjpXfdt-0Msnw9ykBtt4IriAEessJl58NT0B7rjT8e6QZnJHylLPDSO-3phEKVM4gi7-q318ZJxRWkUX6bHajark9Na1hBKVdbg0hNhX6nBX5w3JGtCL1x2c_8MYIH1uBcp5NB-_JmU0OJL3v-Dez7i8DFy3FQMZsGRzJDRDJFHYOXDqGvQ4ZJYnHvyMTWBT0PYSyRa_jFfZUMwEIlIdNC3eZrABLqB0evTBeAEAYgFmsHP01egBgKAB42RlJsdqAenzLECqAemvhuoB8zOsQKoB_PRG6gHltgbqAeqm7ECqAeOzhuoB5PYG6gH8OAbqAfulrECqAf-nrECqAevvrECqAea4bECqAfVyRuoB9m2sQKoB5oGqAf_nrECqAffn7ECqAf4wrECqAf7wrEC2AcB0gguCIBhEAEYHTIIioKAgICAgAg6DYBAgMCAgICAqIACqANIvf3BOliUpuuesueTA_IIG2FkeC1zdWJzeW4tMzQ0ODM0MTg1MjkyOTI1M7EJP6lhWLzkpoSACgOYCwHICwGqDQJaQcgNAeINEwiD_uuesueTAxVeQMMGHSl-G6XqDRMI4abtnrLnkwMVXkDDBh0pfhul8A0CiA7___________8B2BMM0BUByhYCCgD4FgGAFwGyFxAYASoKNDgxMjExMzE1MVAGuhcCOAGqGBcJAAAAAHDy9EASCjQ4MTIxMTMxNTEYAbIYCRICsFMYAiIBANAYAcIZAggB&ae=1&gclid=EAIaIQobChMIw5_unrLnkwMVXkDDBh0pfhulEAEYASAAEgKXO_D_BwE&num=1&cid=CAQS0QEABaugfXovMJoo8DJcjvfudVLoKrWQwPMGJgzwaEcKM-xR0UcduQI8xWuEhKO23ULMwLzgvSKn3044HxOMDNaGaHbtLLOyoDiXYBdaUeQqB2wRU2qbVZ9ysjIgFdg1Z8-pG2-NBJLQeqOLtq4ceUevO7m2eDFeKLxNcPja76Ci58evnlSm40h-4BATUL77T_xUVKXO9XLxs7CBpgZYq1ikk9xlcP0if9PBGerfsJrxygaR6XYS_XtLKVH37m2BPc-bDjjuN4YVd1Lsorxhg9kZuRgB&sig=AOD64_0CpwYPFMK9t8k-NizZH17yimTt7w&client=ca-pub-5610521491184789&rf=5&nx=CLICK_X&ny=CLICK_Y&uap=UACH(platform)&uapv=UACH(platformVersion)&uaa=UACH(architecture)&uam=UACH(model)&uafv=UACH(uaFullVersion)&uab=UACH(bitness)&uaw=UACH(wow64)&uafvl=UACH(fullVersionList)&nb=2&adurl=https://www.arcaderevel.com/topromote%3Fgad_source%3D5%26gad_campaignid%3D23529250970%26gclid%3DEAIaIQobChMIw5_unrLnkwMVXkDDBh0pfhulEAEYASAAEgKXO_D_BwE,https://www.arcaderevel.com/topromote?gad_source=5&gad_campaignid=23529250970&gclid=EAIaIQobChMIw5_unrLnkwMVXkDDBh0pfhulEAEYASAAEgKXO_D_BwE,,,,,
835,https://www.googleadservices.com/pagead/aclk?sa=L&ai=CXtlu-TjbabrHC5KMjeYP6YjcyQTCv_nDhQH6_bT6sxXT47qSkg4QASDCiLkiYMfV_42EJqAB5-OKn0LIAQKpAhA1BGu2I4E-4AIAqAMByAMIqgTSAk_QeLqh5Y0lFFDLYBaF4CISLoCcojftk7EjesPxQl55PpKxHUHcdSyYkl6ZmLqsw2z9BdJof9qLc6vaak76CS7634MBdFghX0JqgWLl1jd8iX6h28oqREKkOF0PTDNwALp9qNFTVw-lewTW76Aihur38WbzCUlKMkPVMYHneW0RuHI8OmYORtvxXzTJnCpXSK4qjaXaYzrhJigX8WydkSjpDInANma_gnDaPCAETSPBt8J8-u8mAFxWBJLSzT7-oD-qxYyBnS-8ear4txEvfKPAjBiyMweacCDE1zjm9yjRHCojECU-grAX35v3x8888ib7nyLclMOzY_yhqYZ8T_sZ7PCtTvVTPUMly0_dKnw2EvMk280tiGYbLc1_OmWwVctVZbKaolxaJq2HtDcd1bVR63xJG-2x7LBMreuyGl6Q0VSQEIE9laYJDdaiJP_D8aFrwATSvpLYsQXgBAGIBbqqkvtWoAYCgAfF6eqBHagHp8yxAqgHpr4bqAfMzrECqAfz0RuoB5bYG6gHqpuxAqgHjs4bqAeT2BuoB_DgG6gH7paxAqgH_p6xAqgHr76xAqgHmuGxAqgH1ckbqAfZtrECqAeaBqgH_56xAqgH35-xAqgH-MKxAqgH-8KxAtgHAdIILgiAYRABGB0yCIqCgICAgIAIOg2AQIDAgICAgKiAAqgDSL39wTpYo_7ekNXnkwPyCBthZHgtc3Vic3luLTM0NDgzNDE4NTI5MjkyNTOxCU0BntZDuA0KgAoDmAsByAsBqg0CWkHIDQHiDRMIpKnfkNXnkwMVEkbDBh1pBDdJ6g0TCO_m4JDV55MDFRJGwwYdaQQ3SfANAogO____________AdgTDNAVAcoWAgoA-BYBgBcBshcQGAEqCjQ4MTIxMTMxNTFQBroXAjgBqhgXCf_____fTP9AEgo0ODEyMTEzMTUxGAGyGAkSArBTGAIiAQDQGAHCGQIIAQ&ae=1&gclid=EAIaIQobChMI-qfhkNXnkwMVEkbDBh1pBDdJEAEYASAAEgI4QvD_BwE&num=1&cid=CAQS0QEABaugfRQMBT2Ok6es8L1pl_N9ks8f2H405PnqkN4gcCrm2FGFLGxUQgwWUAKrnMwEv0_ZqPfPlMRFNiqZ4Xc_7InHpHPcL00y4UC9bRPxZgoHhdqA38A1sDPMuHdDUSzKcJziz3abwz1YPKTxaFx9gLHF6DDTbQXqfxX1aESIhDI_AmkDzaApBSTR7qnFd_baivF-KIwwxCBmSsHpUXFw701K_IgCwynDoVbQRETbVW8E2b5AcU273d_wf2zXI9E9kILFbN0yxb6h-pECepZe6BgB&sig=AOD64_3Wwiqja7TJxSi4ofTKZ7acUJqjrA&client=ca-pub-5610521491184789&rf=5&nx=CLICK_X&ny=CLICK_Y&uap=UACH(platform)&uapv=UACH(platformVersion)&uaa=UACH(architecture)&uam=UACH(model)&uafv=UACH(uaFullVersion)&uab=UACH(bitness)&uaw=UACH(wow64)&uafvl=UACH(fullVersionList)&nb=2&adurl=https://www.ieasygame.com/extension%3Fgad_source%3D5%26gad_campaignid%3D23343699258%26gclid%3DEAIaIQobChMI-qfhkNXnkwMVEkbDBh1pBDdJEAEYASAAEgI4QvD_BwE,https://www.ieasygame.com/extension?gad_source=5&gad_campaignid=23343699258&gclid=EAIaIQobChMI-qfhkNXnkwMVEkbDBh1pBDdJEAEYASAAEgI4QvD_BwE,yes,yes,yes,yes,yes
836,https://www.googleadservices.com/pagead/aclk?sa=L&ai=C3p0l_KzZaacP2pLc0w_z-ZOZCq37qe1v4Ze-0YsJjZKyxugSEAEglLmoIWCJi8SE9BOgAYPE4OsCyAECqQJg_bOzIauzPuACAKgDAcgDCKoEpQNP0Bu89pyTmezYW9iuTBKhrmM2yp4q55YZv2JCC5DdRQaHUtFwT5j4c7baBmC-Cai2V76sQkb0WtTms3UEbaN8-pljp38Qn4W87Tou_FAO8liVlMvO4o6LT-D5jjEUhnnfg1hQGJ7J3qTjzQGc-LpGFyqaWXSIfoYM0NsaTzKQGvCGV1VCKYa9lS0Bobd3Er-NgGBw-TfoiZEroA-nSnc5txVHWNeN_3f5_ESPXHxbseL0fBbOV8fAR0ha5xFIQCpEC_8eDZ8rtg4oJ6hdX4lU0SDOmrP_8oiLse-4gTrMFpujC-oJGv_MBIXUyTe1q0uvK_bB1mxAr5lFD_SQ9tpNurx6wac72PyP1glxmfmUU0gYulaBLNiztGLb9FG02YkV9Oni_mY04l_EFQ4do0YvgPk-FPgtBvFcQP001sAOheRU7_GYybhGXtSEl-EUnKp9V4oCHk3ZeB7mAN-0A-K4ghtQN-rysLWY8Y8NQgcvSKxUoUxVesG9BopIyYBGpeO-sb7IiPvyyhYK5R7XfmeM_dV0X3dXeBBwm4DZ_WDBURmL1ARswASXmp_L-gHgBAGIBenOmbAGoAYCgAflu5-UAagHp8yxAqgH4tixAqgHpr4bqAfMzrECqAfz0RuoB5bYG6gHqpuxAqgHjs4bqAeT2BuoB_DgG6gH7paxAqgH_p6xAqgHr76xAqgHmuGxAqgH1ckbqAfZtrECqAeaBqgH_56xAqgH35-xAqgH-MKxAqgH-8KxAtgHAdIIMgiA4YAQEAEYnQEyCKqCgICAgIAIOg6AwAOAgISAgJSO4AOoB0i9_cE6WKjsnb7b5JMDsQkT1bSBww4dd4AKA5gLAcgLAaIMA5ABAaoNAkpQyA0B4g0TCO6nnr7b5JMDFVoJdwQd8_wko-oNEwjx3p--2-STAxVaCXcEHfP8JKPwDQKIDv___________wHYEwLQFQGYFgHKFgIKAPgWAYAXAbIXEBgBKgo2NzA0NTIxNjA2UAa6FwI4AaoYFwkAAAAAUL4MQRIKNjcwNDUyMTYwNhgBshgJEgL6UxgCIgEA0BgBwhkCCAE&ae=1&gclid=EAIaIQobChMIp_2gvtvkkwMVWgl3BB3z_CSjEAEYASAAEgLgcvD_BwE&num=1&cid=CAQSggEABaugfTbrD7j_S9ieAQi-onelQfgJ6Xh11IsJxBtx3t-bRdvUMnWFPQ2OIOT4giOsE67qw89yoYcqiXoVO3WmFswYEwpNL8K0-OzTV3_23Ki5RxcBVVGNFipZOlGOkki47uiOQTAsshYf5uNWNXjBnWhH97ZFpV5ofGzqIMuJYHvhGAE&sig=AOD64_23ohKlrGxDh7UHps5bEEzUgLHBqQ&client=ca-pub-4649506106662644&rf=5&nx=CLICK_X&ny=CLICK_Y&uap=UACH(platform)&uapv=UACH(platformVersion)&uaa=UACH(architecture)&uam=UACH(model)&uafv=UACH(uaFullVersion)&uab=UACH(bitness)&uaw=UACH(wow64)&uafvl=UACH(fullVersionList)&nb=2&adurl=https://www.baufinex.de/%3Fgad_source%3D5%26gad_campaignid%3D1711695721%26gclid%3DEAIaIQobChMIp_2gvtvkkwMVWgl3BB3z_CSjEAEYASAAEgLgcvD_BwE,https://www.baufinex.de/?gad_source=5&gad_campaignid=1711695721&gclid=EAIaIQobChMIp_2gvtvkkwMVWgl3BB3z_CSjEAEYASAAEgLgcvD_BwE,,,,,
837,https://www.googleadservices.com/pagead/aclk?sa=L&ai=CotJqytzZaZvaG4iV3NMPhe7p4QaB49COhQGn45HTjBXitYi0AxABILvjhyRgiYvEhPQToAGMhfvBA8gBAeACAKgDAcgDCqoE6wJP0OKY2wCpiyW2n0wKobc1qeYh93E7Z-OWHGbx8K_fRhS7Y6aEAtP6evUmhx6mbPOWdajkdxglycmOHmb1bmpcCZ8EstSQ6DNTLNxYfJS_kMvfHEKfudnyw-smpGgDGhmP6gNnQz9Ke2dqGW5WRfNsAb6RGr1jAzEsEvYKg_QJjrGmHDVaUTTCrSIuUUruvhuVKKzCoqFOT72SHjil7DS3aqmqElmQbMJGO4PK3meiFYr-f7UzmSvAnk0bOJR_LagvbmI0bJwSclna8YZ_5wKUFfUD1xs96rJX0FFZaG9cGKhqTEIutpDNt9XPk4rC3gDp4-2_wf7rE9twW6Wye34NOnc_bw24hwQyjGgQ1R4OgWodPHJyQIAl408OrGEsC4eE7xThQk_Fa6YmGO-YsmbCogMNRkfmBo5qGwPqoppZ3R39cbhUslcQEX2LooifsRo9Gp5wsoABV7PaTyKLAI5POthFRwfj8fPvJpXABOzBy-jMBeAEAYgFmbT8-1WAB9z6hD6oB6fMsQKoB6a-G6gHzM6xAqgH89EbqAeW2BuoB6qbsQKoB47OG6gHk9gbqAfw4BuoB-6WsQKoB_6esQKoB6--sQKoB5rhsQKoB9XJG6gH2baxAqgHmgaoB_-esQKoB9-fsQKoB_jCsQKoB_vCsQLYBwHSCC8IgGEQARgdMgiKgoCAgICACDoOgECAwICAgICogAKogxBIvf3BOliW3_2JieWTA7EJoC539s4k3LqACgOYCwHICwGqDQJKUMgNAeINEwj_lf6JieWTAxWICncEHQV3OmzqDRMIxOX_iYnlkwMViAp3BB0Fdzps8A0CiA7___________8B2BMDiBQF0BUByhYCCgD4FgGAFwGyFxAYASoKNzQ1MTc4OTkwMFAGuhcCOAGqGBcJAAAAAIQdFkESCjc0NTE3ODk5MDAYAbIYCRICi1QYASIBANAYAcIZAggB&ae=1&gclid=EAIaIQobChMIm-eAionlkwMViAp3BB0FdzpsEAEYASAAEgL-NPD_BwE&num=1&cid=CAQS4gEABaugfS30XKQcamLZsccr2yaznkj_HB0LUtup89phiEnHYkETadGVg8ed0emmgomJHZcidZHSSTcSuRl8IX38a4cbI80p8kfaB_trBiRa9WN2HCIwz_4c37iDKIDdQQoe66qfBUXDNe8sGYIeKeuOeRz_DVv8K5yc2icgaOKyLfPRQoxLAK7rX2l0emt4Ia0moD4xXXCRDBuoT29nSlQ3omDizzIJkLLdGs1Y0TkKc3ePmH26JcxczNYEk13-Jl8qPBkvC7P29URmRt82hTKw0wrPWQ5U_3JnLdbXdkNOMR6pGAE&sig=AOD64_17IMmYzdPSrmfVZbBYGQSM8J5PpA&client=ca-pub-1301581561755234&rf=4&nb=19&adurl=https://topworkplaces.com/participate-2026/%3Futm_source%3Dgoogle%26utm_medium%3Dcpc%26utm_campaign%3DTWP-Partner-Domains%26utm_term%3D%26gad_source%3D5%26gad_campaignid%3D23077001753%26gclid%3DEAIaIQobChMIm-eAionlkwMViAp3BB0FdzpsEAEYASAAEgL-NPD_BwE,https://topworkplaces.com/participate-2026/?utm_source=google&utm_medium=cpc&utm_campaign=TWP-Partner-Domains&utm_term=&gad_source=5&gad_campaignid=23077001753&gclid=EAIaIQobChMIm-eAionlkwMViAp3BB0FdzpsEAEYASAAEgL-NPD_BwE,yes,yes,yes,yes,yes
838,https://www.googleadservices.com/pagead/aclk?sa=L&ai=Cn2YM2yvbaY_ALqagjeYPqqzU8A-Puf6chgHokfCGjxTLw_r-gUYQASDCiLkiYMfV_42EJqABlJrxyCrIAQLgAgCoAwHIAwiqBNQCT9A0g-TmN_0MTVTLI3Sf-Y3cTD__kTQwmEIbDlZwQWEzTjVDhLRlT3F0djDesKFtOPncy7O2AdRZKCfzs4efIpQ7bfO43LnS0kYuBEMFsOyqQH5tUjjw7OyajIR1XVQcd6uGsT0BC3iXlQdEFyDSYc1-a6nzogdOPM6KtniwgYH2vln6zdA7aFxTSQuoPMOwKtazRhYxy4YV6eHmthMr7n_gL_33D65cS40fByOEELkTB2XmdpjOUkYpCc5jm3pePXchRz_GgmopBdSCmuL8zAeJCZSBqTYmh2HwRyUHmrqWgVmGdOACGxDA9XsiOgwrT1RtFFF2LOkBNww5ZFYqH4kaN90gGq4T8he4Gd1nRuaC55OlCUaHHoZ-x-FYpjJd0fUpDHPakWHdwxBPsO29vL6jyTc5u9JDPKfUIYh0LqqjG2QxdHIQtwyt43CghyCoMUGXYcAEm4eyqpAF4AQBiAXd_b7KUaAGAoAHlNLBqAWoB6fMsQKoB6a-G6gHzM6xAqgH89EbqAeW2BuoB6qbsQKoB47OG6gHk9gbqAfw4BuoB-6WsQKoB_6esQKoB6--sQKoB5rhsQKoB9XJG6gH2baxAqgHmgaoB_-esQKoB9-fsQKoB_jCsQKoB_vCsQLYBwHSCC4IgGEQARgdMgiKgoCAgICACDoNgECAwICAgICogAKoA0i9_cE6WOGI5s_I55MD8ggbYWR4LXN1YnN5bi0zNDQ4MzQxODUyOTI5MjUzsQlqPKbTQSZETIAKA5gLAcgLAaoNAlpByA0B4g0TCODA5s_I55MDFSZQwwYdKhYV_uoNEwi72efPyOeTAxUmUMMGHSoWFf7wDQKIDv___________wHYEwzQFQHKFgIKAPgWAYAXAbIXEBgBKgo0ODEyMTEzMTUxUAa6FwI4AaoYFwkAAAAAYHD9QBIKNDgxMjExMzE1MRgBshgJEgKwUxgCIgEA0BgBwhkCCAE&ae=1&gclid=EAIaIQobChMIz5noz8jnkwMVJlDDBh0qFhX-EAEYASAAEgKLK_D_BwE&num=1&cid=CAQS0gEABaugffSbgNB-xEm0wZzp6lTmWYRxlKuSLqbYp8DMpSc6AclDE2YEMilYh_L0lkutMdbkPyyli536bL0-kV1W_a6i4LnZjdAxttuYh2cmehe_KOf82fsOH1_13LgayZniPKnzb7A7wocQBhdnlAN-aPLXBkC5MP4GH8T2CU736hiYwymZnc39nFhy8fB9Ihf1glFzhnqKmIv6seG81I1c-VFX7_-Rla9Qbr8cVkymN6v_lDJGTBkY98ojkYraxFZlq0VQgn0t8T9KN4mx3jykzb4YAQ&sig=AOD64_0ki95oJBDQV6kIv3WBEHqyW_-itQ&client=ca-pub-5610521491184789&rf=5&nx=CLICK_X&ny=CLICK_Y&uap=UACH(platform)&uapv=UACH(platformVersion)&uaa=UACH(architecture)&uam=UACH(model)&uafv=UACH(uaFullVersion)&uab=UACH(bitness)&uaw=UACH(wow64)&uafvl=UACH(fullVersionList)&nb=2&adurl=https://www.fruitshappy.com/kid-games.html%3Fsource%3Dwww.hurriyet.com.tr%26gad_source%3D5%26gad_campaignid%3D21899493085%26gclid%3DEAIaIQobChMIz5noz8jnkwMVJlDDBh0qFhX-EAEYASAAEgKLK_D_BwE,https://www.fruitshappy.com/kid-games.html?source=www.hurriyet.com.tr&gad_source=5&gad_campaignid=21899493085&gclid=EAIaIQobChMIz5noz8jnkwMVJlDDBh0qFhX-EAEYASAAEgKLK_D_BwE,yes,yes,yes,yes,yes
839,https://www.googleadservices.com/pagead/aclk?sa=L&ai=CnFtKrSPbadrMN_KbjeYP5r_r4QSwt8SpgwGuv-itkxXAjbcBEAEg0_-JoAFgx9X_jYQmoAHlm93vAsgBAeACAKgDAcgDCqoEjwNP0KFScuXG4oOYMU7GCIEIXardXPTlVSXcsvrt9gqLnpppKuf6xvrIOv8Gpeu5MBSGQR83KuLNHLbtkrNOgd3Y9CdO0LMhCtAqAJcMhSvDLQMZviJ-Ole7T9mfeM4C-6MfqZghpjyE0T-wVWuyyba7p7aiRndzS7ItqLMe2CtPGs9HMWK-LKKlXyx0LXXxUmGBI29VfTKnPAY0K7cy4WZroV9JQmguCosq2cm6DPITDZdNyE8022y-S6fruvTq5blSTTnN9a-6_2GEk7U3083b4Hz6IozymNRTTjac3BBSwdBL9mECy8dMXQColBBsU3saYju5jOlOTgvvu4kvBZDjrhZTsCopWJwn_IlaeI30f5N4cQkEghg-g42cvN4pdEjLCoJG5asW12_87wRc0qYHP5v8OChzL9muFqtqpido4dVV8sms8X91neBtQ_4lxhDFXWE1jrF3cUskulrNJvJacEdAO3DL6RClsSkxm-3-Kf3X75gzHgrOONyvt8bYZ07xxDrjDRGP5Se3DZvzcfbABKCii9vGBeAEAYgFoZrsxlagBmaAB4PkopABqAenzLECqAemvhuoB8zOsQKoB_PRG6gHltgbqAeqm7ECqAeOzhuoB5PYG6gH8OAbqAfulrECqAf-nrECqAevvrECqAea4bECqAfVyRuoB9m2sQKoB5oGqAf_nrECqAffn7ECqAf4wrECqAf7wrEC2AcB0ggvCIBhEAEYnQEyCIqCgICAgIAIOg2AQIDAgICAgKiAAqgDSL39wTpYgsCv6cDnkwOxCWTCXMKe_q2KgAoDmAsByAsBqg0CWkHIDQHiDRMIguOv6cDnkwMV8k3DBh3m3zpM6g0TCJG1senA55MDFfJNwwYd5t86TPANAogO____________AdgTCtAVAcoWAgoA-BYBgBcBshcQGAEqCjc3MjUyMDE5MTVQBroXAjgBqhgXCQAAAADAcwRBEgo3NzI1MjAxOTE1GAGyGAkSAu9OGGYiAQDQGAHCGQIIAQ&ae=1&gclid=EAIaIQobChMImtex6cDnkwMV8k3DBh3m3zpMEAEYASAAEgLSQ_D_BwE&num=1&cid=CAQS0QEABaugfVECAlH8fAL23FgJxZ0i5zaAii82SaRPTQ5DYtnDGORdPyh5N_NjImDYhVbxwwts6TR0gBCiR5gQJl19cMQ4AxRz8i2YiCR6pzqwANyGmfhUW-uyK3C6gfSKMwVZglCZhGKCwIykIGFWvV5IljFRIn1J18P0CtZeP2v5JRGwIH0meYCpb2w2OmbMo8s3JmXSgggHUfDPAZgkfqimEMP5g6Zpxbr09FOVZOkh_va6JjqXMEspHBHmfQfSDaCm6nN52G94_u6UxzGyeUfytBgB&sig=AOD64_3Jyr3jnGKNNVMgIoAKbiWbNREEMg&client=ca-pub-4322545682653075&rf=4&nb=1&adurl=https://cioninvestments.com/%3Futm_source%3Dgoogle%26utm_medium%3Dpaid_search%26utm_campaign%3Dcmds_nov2025_traffic%26utm_term%3Dprivate_infrastructure%26gad_source%3D5%26gad_campaignid%3D23234022689%26gclid%3DEAIaIQobChMImtex6cDnkwMV8k3DBh3m3zpMEAEYASAAEgLSQ_D_BwE,https://cioninvestments.com/?utm_source=google&utm_medium=paid_search&utm_campaign=cmds_nov2025_traffic&utm_term=private_infrastructure&gad_source=5&gad_campaignid=23234022689&gclid=EAIaIQobChMImtex6cDnkwMV8k3DBh3m3zpMEAEYASAAEgLSQ_D_BwE,yes,yes,yes,yes,yes
840,https://www.googleadservices.com/pagead/aclk?sa=L&ai=CrHVYKhzbad_jA6aijeYPgbi4yAWVhMizgAG0k9LmvxTwjIDskAIQASC_8MQeYMfV_42EJqABpeOz3j7IAQPgAgCoAwHIAwiqBJEDT9BmzikqXYXozT7Oh-7x6YoNJCbJ57BfZsFS0FmONZFtiID1vvQx0-hvlL24OPioQErdYC6Z_sKZc4GojH_5ilV89dpgr8sEykWMI1KtLzoQSXIKeitcH1ieOjZywTtdJCV2JerjxPLdWXLChAarbuf6IXYvtX9mvF9NcJzykWDhL0TayGFAN2-XYKuslQbxkwTgFHD12yN8p9sPObxprW8d2AF7p9_1lRSK5DFy270tsk51X0_3a8Cid7Mdz8waVJnbkNEpzypJglWa21EhQ8OcMVDP9s5_LuTqmmsH8ts9u4kk2YVjVTQsvq8e8v5Mr01F-RnbyBYCZj3Ae0JblvMpdsYP-m5P0z2ryr4GJ1Ez6sxOOb3iw6mYqTGeVzOGoA3f8iOlw6kvMlYoAdVPmyVe9gG4zMJH4TB-awSgwAnbn2rWD0ksuUFNwASxAyQFUfACUXIsskvqCs9Q8r38qrVxYKgXbVlTJ27xlrGQSWpxwr_42TuI0N1Q2q8U-itYNHfxEbVT1GX9rjQXpalqE_HABKKsv7ajBeAEAYgF24eI2lSgBgOAB6WbhL4ZqAenzLECqAfi2LECqAemvhuoB8zOsQKoB_PRG6gHltgbqAeqm7ECqAeOzhuoB5PYG6gH8OAbqAfulrECqAf-nrECqAevvrECqAea4bECqAfVyRuoB9m2sQKoB5oGqAf_nrECqAffn7ECqAf4wrECqAf7wrEC2AcB0ggvCIBhEAEYnQEyCIqCgICAgIAIOg2AQIDAgICAgKiAAqgDSL39wTpY7rGB1LnnkwOxCb-DX5ZTiNMcgAoDigriAWh0dHBzOi8vbW9uaXRvci5jbGlja2NlYXNlLmNvbS90cmFja2VyL3RyYWNrZXIuYXNweD9pZD1WcU1LRU0yNnpEWVVTZyZhZHBvcz0mbG9jcGhpc2ljYWw9MTAyODY2NSZsb2NpbnRlcmVzdD0yMTE0MiZhZGdycD0xODEzMDgyMTY4NjYma3c9Jm53PWQmdXJsPXtscHVybH0mY3BuPTIyNzM3NDU0MDQzJmRldmljZT1jJmNjcHR1cmw9cmVzcG9uc2V0ZW50cy5jb20mcGw9d3d3LmV4cHJlc3MuY28udWuYCwHICwHgCwGiDAOQAQGqDQJaQcgNAeINEwiz04HUueeTAxUmUcMGHQEcDlnqDRMI__-C1LnnkwMVJlHDBh0BHA5Z8A0CiA7___________8B2BMO0BUBmBYByhYCCgD4FgGAFwGyFxAYASoKNzQ0NTA4NjkwNlAGuhcCOAGqGBcJAAAAAEAw80ASCjc0NDUwODY5MDYYAbIYCRICgU8YAyIBANAYAegYAcIZAggB&ae=1&gclid=EAIaIQobChMI36CD1LnnkwMVJlHDBh0BHA5ZEAEYASAAEgJTTvD_BwE&num=1&cid=CAQS0gEABaugfX5JXfw4UQe8sDwDkeiAJLmP-57UKVoY-_JKNO289oNyQYmRW1SpfvbKqMva2BWmkJ5mPGsQy14hX5wg9ZcIYfHpLErpw6BgL0LjqRNuC7pq-QF5DoPgfc8Ek-e99YnK8Cke3Ee7jl-sfxgsWxWeHiOqikHIbtfOjLwoEvCGX8IUvwWfEVYg4aOzfQktls9bpjjnC7q3HJbJXCUHI0R3zcuD8JjbEVLEIja4-qcxhctR5DzBjCkB_QxaEAiebY8Z2ZO20qSPD_ywlgE2D5MYAQ&sig=AOD64_0rqN9JL-FANVBnJWSHe6NE_wQ6ug&client=ca-pub-2048723688233790&rf=5&nx=CLICK_X&ny=CLICK_Y&uap=UACH(platform)&uapv=UACH(platformVersion)&uaa=UACH(architecture)&uam=UACH(model)&uafv=UACH(uaFullVersion)&uab=UACH(bitness)&uaw=UACH(wow64)&uafvl=UACH(fullVersionList)&nb=2&adurl=https://responsetents.com/%3Futm_source%3Dgoogle%26utm_medium%3Dcpc%26utm_campaign%3DDisplayBanners%26utm_agid%3D181308216866%26utm_keyword%3D%26utm_creative%3D761218419321%26utm_device%3Dc%26utm_placement%3Dwww.express.co.uk%26network%3Dd%26querystring%3D%7Bquerystring%7D%26location%3D1028665%26gad_source%3D5%26gad_campaignid%3D22737454043%26gclid%3DEAIaIQobChMI36CD1LnnkwMVJlHDBh0BHA5ZEAEYASAAEgJTTvD_BwE,https://responsetents.com/?utm_source=google&utm_medium=cpc&utm_campaign=DisplayBanners&utm_agid=181308216866&utm_keyword&utm_creative=761218419321&utm_device=c&utm_placement=www.express.co.uk&network=d&querystring=%7Bquerystring%7D&location=1028665&gad_source=5&gad_campaignid=22737454043&gclid=EAIaIQobChMI36CD1LnnkwMVJlHDBh0BHA5ZEAEYASAAEgJTTvD_BwE,yes,yes,yes,yes,yes
841,https://www.googleadservices.com/pagead/aclk?sa=L&ai=CslV4TQ3bacicDNaO3NMPtYqccIi5tp2GAceTrYzGFa3K_d8FEAEgvs-HGmDH1f-NhCagAerZhYxDyAEBqQL5HBDJQqeDPuACAKgDAcgDywSqBM8CT9CroC6Lh0T8qQUetI1rvTkPZpBbGKS16a-YOypCGMWyrGiMzKyT2XAhdzlhkxTE7GPfBmm3dNovDfpisjN8ahL8pVvPx0B-V6z2C5NMDQrlPEqVy5yNVFoBSp9E_LW_zBGlW9UKzKIhKUDzNC7s8zvFDVln13Mi05CI4xbf_k89QWq8UI-EmF4ND8q6TJTh3zHun7LifIEQAMeLuLpP4kCcORrO9KR_qxaYHre6LoX0r05J1USNJ8jGFSUjuYz3q0Pe815Xoumd0bnt8QdtNGVqmUjYj4p7Cm-x958cPzbrKY6GW4r_s0_CONmnTyLdYnvHnT5qp2HUU1-Ih-T0MjIcwm0V67btO9nM8GkRnzeAuAS_vsNqfxTPPDKmkctMwhm1bicK2bGu86s-YODKqfwFMDTa6TvFjtnJ5X7jEhi6gFNfqrYam4ENA7fSsX3ABNCT4IjqBeAEAYgFvdrZnViAB-qR1usdqAenzLECqAemvhuoB8zOsQKoB_PRG6gHltgbqAeqm7ECqAeOzhuoB5PYG6gH8OAbqAfulrECqAf-nrECqAevvrECqAea4bECqAfVyRuoB9m2sQKoB5oGqAf_nrECqAffn7ECqAf4wrECqAf7wrEC2AcB0gguCIBhEAEYHTIIioKAgICAgAg6DYBAgMCAgICAqIACqANIvf3BOljiqdu9q-eTA7EJfQLRusSiDeaACgOYCwHICwGqDQJaQcgNAeINEwir0tu9q-eTAxVWB3cEHTUFBw7qDRMIjc3cvavnkwMVVgd3BB01BQcO8A0CiA7___________8B2BMCiBQC0BUByhYCCgD4FgGAFwGyFxAYASoKMzg1MjYwNzQzOFAGuhcCOAGqGBcJAAAAAKtDNkESCjM4NTI2MDc0MzgYAbIYCRICi08YASIBANAYAcIZAggB&ae=1&gclid=EAIaIQobChMIiPfcvavnkwMVVgd3BB01BQcOEAEYASAAEgIbXfD_BwE&num=1&cid=CAQS0gEABaugfVn_MgMazGviKFYzSKj8-UA7GwBR0u84o3WLmMcFEHkxX1lN1SKAL3dyHLm4O5TzaEJh9TMxGfEtM_ArbvMBfRXE5ZARXqwDgWT_ZJTHgZzHjxq60uNHcg7PjE2h5uMR9mgmT6kb0fEfl-RCm7NHJOcL_ezRcpx4HOR9puL0q6e0wGFwdZ3J18CYDTUGnaF29AZ6zP2ZO9MaeBnNpTNzHyPIsuT8ses26WOuX9d9uxU7mFFrTcKfNvyZPoKjPEYNdA61wESD1-dIWR3g-rsYAQ&sig=AOD64_16IWy-f02uMQOcx3W4vhg0i7YKzg&client=ca-pub-6453680425766689&rf=1&nb=19&adurl=https://xformertech.com/pilates-equipment/%3Fgad_source%3D5%26gad_campaignid%3D23684607293%26gclid%3DEAIaIQobChMIiPfcvavnkwMVVgd3BB01BQcOEAEYASAAEgIbXfD_BwE,https://xformertech.com/pilates-equipment/?gad_source=5&gad_campaignid=23684607293&gclid=EAIaIQobChMIiPfcvavnkwMVVgd3BB01BQcOEAEYASAAEgIbXfD_BwE,,,,,
842,https://www.googleadservices.com/pagead/aclk?sa=L&ai=CKvkZ0xnbacTpO9iNjeYP7Yr0YIutrpd-ldGbmfkUhqze88YDEAEgo_7CH2DH1f-NhCagAbGEg-oDyAEBqQJD4vLWJj6oPuACAKgDAcgDCqoEygJP0Ba1TLK1EpU9GYf2OYsebY569fxUhp4FGjarU39_E1quOt_1iPciU8ySExv0xbII5tHUr3SwaBBFTMnRiYm2dvCMSe7tYc96f6F2QHl1VvlzuBkSSZmqIZ2Uuq2opUAAZLo2P05VMFJ1nJcmne7pHY6oOtArAdLwgQUVnedVJhZIgCvDVUB2R7U-RCKlMwuAASMwR-8aaMo6VxnniDSd81ynPaNyf75BxlgnfAbxO_m2xG7UhnNu0aid75q3CYeKGxSb8ijV2rWp6cJI7EdpBDNPnL-_WasYA35G2siuD3GOMoNrvq-Jf1g97jI8Bc2jQxbmFZGs1S13QBPaPRW_5uY5_60hRwpD-Cyay82AUxse8XniWsiiPKZb9PTm0lkuz2eFYpDE99M69UL6dt1r9Pe5fbuQK4uSbps6xdM0VeKLrQK2RThOXFzABN_hirjJAeAEAYgF-q2N_ASgBmaAB7f7_BWoB6fMsQKoB-LYsQKoB6a-G6gHzM6xAqgH89EbqAeW2BuoB6qbsQKoB47OG6gHk9gbqAfw4BuoB-6WsQKoB_6esQKoB6--sQKoB5rhsQKoB9XJG6gH2baxAqgHmgaoB_-esQKoB9-fsQKoB_jCsQKoB_vCsQKoB8LIsQLYBwHSCC4IgGEQARgdMgiKgoCAgICACDoNgECAwICAgICogAKoA0i9_cE6WInihra355MDsQkn0-T9hMh5ZIAKA4oKQmh0dHA6Ly93d3cudGFub250aGVydW4uY29tLz9nYWRfc291cmNlPTUmZ2FkX2NhbXBhaWduaWQ9MTMzNDAwNzU0NpgLAcgLAeALAaIMA5ABAaoNAlpByA0B4g0TCLuFh7a355MDFdhGwwYdbQUdDOoNEwj8jYi2t-eTAxXYRsMGHW0FHQzwDQKIDv___________wHYEwrQFQGYFgHKFgIKAPgWAYAXAbIXEBgBKgo2ODA5ODA1NTg4UAa6FwI4AaoYFwkAAAAAgLz0QBIKNjgwOTgwNTU4OBgBshgJEgLAThhmIgEA0BgBwhkCCAE&ae=1&gclid=EAIaIQobChMIhJ_rtrfnkwMV2EbDBh1tBR0MEAEYASAAEgI1dvD_BwE&num=1&cid=CAQS0QEABaugfcYar1k9pP9GENGCHBEx4A2FhdB0Fpto2P9aXhfMo2srahNLb3Ks6TM8E_2_1gG5xtXF43ogcFTIpUYV_LynSo0JtOizC7zV-NaCsZlxXq7AktXvHuMEwsLSkmbGPZOolK2j4TaqPKA0w7w9LmRvcEm5ps-89kPm72-g7pxskGLKqlTeByBJK28HDGrr6m-U6kzJyK58KcA_B5TG9Igiqh9DR1IIVjJtBy1qVAI6VcNr0rR0I_Wx6lf0zqWUglW8gZFOeGKUZHMoHDV4zxgB&sig=AOD64_3unzClZ1l_p9xNuSgPKGKfa0mi3A&client=ca-pub-3805416966001714&rf=4&nb=0&adurl=https://www.tanontherun.com/%3Fgad_source%3D5%26gad_campaignid%3D1334007546%26gclid%3DEAIaIQobChMIhJ_rtrfnkwMV2EbDBh1tBR0MEAEYASAAEgI1dvD_BwE,https://www.tanontherun.com/?gad_source=5&gad_campaignid=1334007546&gclid=EAIaIQobChMIhJ_rtrfnkwMV2EbDBh1tBR0MEAEYASAAEgI1dvD_BwE,,,,,
843,https://www.googleadservices.com/pagead/aclk?sa=L&ai=CPCbtuz3baeePGef4geAPupm6wA2Hn5uehgGdivW1rBXZs4-wtkYQASDU_LceYMfV_42EJqAB9Yi6rQLIAQmpAnP2jashlrY-4AIAqAMByAMKqgTVAk_QPH9MKP3w6t5tPEwt_KKU6iihvqc0IuM1Rh6gKejAH4WrdtSPN0pkQSrol03p-p_RHiJeHRKG8Efwraf4lF8rMVJ9KyT-mO3ZJu_N9RX1tmQwJVcEH5tNY0nJjy4hoPLF4z-702NRgcZ3kBu51m0HKEo_LZuy4o3-0r-6J_XLXctMLImV_DvftNvsW2mFYTUu87JdxEpUVxhsaDtDZ6QJCVT8M0pnlYseSN0Hkw3at9AmCec3400Xf_OcrB6-hOHHy9cHAehhXAsG4YJ3PoNY0vjWgfANi_FKVXB9oCMRGFYNvBnNpIDW0HXBasxBDCszcbWUzJZ8nIPdRpx-PqR52uwo_gri2e_L1MJQ6EV7Su6E_UrM4ToulvXpf0mtkvmEMRQrOh_TqS4M8-XScXFH3gH3vTCKQc1jsF_CLJTLn3qXVSPCbUbylYc7m8_Zp889qG_zwASByuzbuQXgBAGIBdKZub9VoAYugAfz9sXSAagHp8yxAqgH4tixAqgHpr4bqAfMzrECqAfz0RuoB5bYG6gHqpuxAqgHjs4bqAeT2BuoB_DgG6gH7paxAqgH_p6xAqgHr76xAqgHmuGxAqgH1ckbqAfZtrECqAeaBqgH_56xAqgH35-xAqgH-MKxAqgH-8KxAtgHANIILgiAYRABGB0yCIqCgICAgIAIOg2AQIDAgICAgKiAAqgDSL39wTpYibrR1dnnkwOxCaBV9FtYwIc9gAoDmAsByAsBgAwBogwDkAEBqg0CWkHIDQHiDRMI-evR1dnnkwMVZ3wABh26jA7Y6g0TCOqQ09XZ55MDFWd8AAYduowO2PANAogO____________AbAO25L6zRi4E-QD2BML0BUBmBYByhYCCgD4FgGAFwGyFxAYASoKMjkzMTQ2NjI1MFAGuhcCOAGqGBcJAAAAANDj9EASCjI5MzE0NjYyNTAYAbIYCRIClFgYLiIBAdAYAcIZAggB&ae=1&gclid=EAIaIQobChMIp9nT1dnnkwMVZ3wABh26jA7YEAEYASAAEgJJL_D_BwE&num=1&cid=CAQS4wEABaugfS6z9jgs60GEyGDWe-tGefk_Kz5JNbJBT32bglOwC1ViQmtAQ4OOzXEXVD752Vi7UYpLgwEXAQLDt7S_S_-WY3h85I72khWwzv1f6tHFb4G-RbtZSU81Sq3v0fVqjO15Bg12-VGSlEuuG8NeaXAVw0hLRPuZ3ezeLGQv1PHsZApKgz1XvOEvU_A1o-i4o9zZV4SHB3nhc0wSS5jpVP_DkrP6EVIYN2Bz80J7jQ8EcK6a3Tvpu0zog5huJjL0XlXLrRToFTEhPJfWlEGakg3YqehBbtkIThSh9den91rPohgB&sig=AOD64_3NC1F0_PgfJ5q--gEeG9xJvXtugQ&client=ca-pub-4613881071217662&rf=4&nb=9&adurl=https://www.routledge.com/Spons-Architects-and-Builders-Price-Book-2026/AECOM/p/book/9781041079354%3Fgad_source%3D5%26gad_campaignid%3D22950071506%26gclid%3DEAIaIQobChMIp9nT1dnnkwMVZ3wABh26jA7YEAEYASAAEgJJL_D_BwE,https://www.routledge.com/Spons-Architects-and-Builders-Price-Book-2026/AECOM/p/book/9781041079354?gad_source=5&gad_campaignid=22950071506&gclid=EAIaIQobChMIp9nT1dnnkwMVZ3wABh26jA7YEAEYASAAEgJJL_D_BwE,,,,,
844,https://www.googleadservices.com/pagead/aclk?sa=L&ai=C9iwNIzDbaYaZN6mR3NMPke2KgAqRmfibhgGP34S_nBCsmM6Y_g4QASD6qYoXYMfV_42EJqAB9vjo7APIAQngAgCoAwHIAwqqBPECT9DstekF0xpU07bXoC_O5JQRlblfyPhvLE3BxCW-rY8xU3QpFAY7ZhnItsE2H8qbqtEjBn9jiTZdKvxkhgnHw5GacQBxVRRKh8905OOP-3VL2ymqp1414Lt-EkWeVKE1UQM3_FPm2loalSP_ZIib42PBWJ-ygv977kMUYW3qttxRzUgFJJnrYdN8pbqK3yf0C_NLexQUmQCinQ0xBc10iKPTUej7VXXgsDKPwPJQJAqFlJBd2HPTxOh1Hru03fxxAtlCroGqMr6JyzPghsTLlGIfCO47_6mqI_KY1GXjhCWBr1K3cwxvMISpFp-8r9C2VKG1RNGCi7MfHnBY41LkWJrhrC4hZhXIq3FEmQK39WSuj0oMu6SL-tEEexJcdpHV_bUaA3fIxXZqSADWbK7vCpVJ1qGzcfvfHk-XSvE3pOqtt1OTc_AOXfXMvzmP7nOG7x41g32lWJ4hjnIj_cslyVgL2tciErQnq-K1ZUy4F2lcwASC1KzeE-AEAYgFmtq4M6AGLoAH8oaXE6gHp8yxAqgH4tixAqgHpr4bqAfMzrECqAfz0RuoB5bYG6gHqpuxAqgHjs4bqAeT2BuoB_DgG6gH7paxAqgH_p6xAqgHr76xAqgHmuGxAqgH1ckbqAfZtrECqAeaBqgH_56xAqgH35-xAqgH-MKxAqgH-8KxAtgHANIILwiAYRABGJ0BMgiKgoCAgICACDoNgECAwICAgICogAKoA0i9_cE6WKKovdrM55MDsQk8W_n53RUnF4AKA5gLAcgLAYAMAaIMA5ABAaoNAlpByA0B4g0TCKbPvdrM55MDFakIdwQdkbYCoOoNEwjdgb_azOeTAxWpCHcEHZG2AqDwDQKIDv___________wGiE1MKNggDQAFSCAoGEgQIARABaJri5948ciASHiACKAE4AkCa2rgzWAFo_v__________AYABAZgBAxoZChdjYS1wdWItNTQwNTEzMjYwMzUwNDM4NLgT5APYEw2IFAbQFQGYFgHKFgIKAPgWAYAXAbIXEBgBKgo5MzMyNzkyOTA2UAa6FwI4AaoYFwkAAAAA4LIJQRIKOTMzMjc5MjkwNhgBshgJEgKYaRguIgEA0BgBwhkCCAE&ae=1&gclid=EAIaIQobChMIxra_2sznkwMVqQh3BB2RtgKgEAEYASAAEgKS8fD_BwE&num=1&cid=CAQS0QEABaugfeuoGYy1vfCErYBHpJ9yD4sXxTugQYxvN0UJixl6pGvZ5QBC9LsWqwJ_r3UnjVrEowNGJW2HCGOtiMBY2UrKGyWncYkMpngXJkx0fh5hsteXAmBXCYnF-iWpShW9vVUUCzi3cHn2eYJwgnQ4HJdIO31UZwAtQOwNFa0IoM6neDKWz3USJlIanIjYpo99CemRo6ULKYBdOL02Q8JWRlZU0fODEvrMrJYmDsgpOue61faUFjSg9UNaMWCp_qwFx3HDxBstPLaibUAjDdYv7RgB&sig=AOD64_3zlZQ4Z-O6dr4ZD6flYQWDwEI9fQ&client=ca-pub-5405132603504384&rf=4&nb=9&adurl=https://www.elitetest.com/%3Fgad_source%3D5%26gad_campaignid%3D107883802%26gclid%3DEAIaIQobChMIxra_2sznkwMVqQh3BB2RtgKgEAEYASAAEgKS8fD_BwE,https://www.elitetest.com/?gad_source=5&gad_campaignid=107883802&gclid=EAIaIQobChMIxra_2sznkwMVqQh3BB2RtgKgEAEYASAAEgKS8fD_BwE,,,,,
845,https://www.googleadservices.com/pagead/aclk?sa=L&ai=CtS3AxvzZaYC-Iq3wjeYPg7KIYfP15ZGCAcz5q8mpE-jfiKetTBABILCFnRpgpbiagJwBoAGgl4jeA8gBCakC81LWnZ-zpz7gAgCoAwHIA8sEqgTJAk_Q-_1y25WnCE_foFzYXgnNz9-h9Iy4L-SoDddkUAOu0lkph7rZHSNQq5AUefoo9SThKEhmcodBfXIfU0wLwjScMpdlRs_evtNL1BUVFfEcfa-aW2prxKiWNPhRJ7aQAP_7F6LX6zXWqX60UoegV4hmb1ypaThPB2qeoZdc0bK9OR6Z1L8LNJQ27NuHtGTfic011w9OjcGsS32CUQwTkSkbHS15qqjbli4SyvitHHSQkMLVP2pIGwkrmHFgoH9oskpl12n_CcUgVRMagDutnbX_iao1b-9EvVUUbjeOYNvYYyxMqb6j-HR5MyqIackHeuBzGx_DygPOhE-j1-3UHvi_YjdZNLbjwI1gb1ksCNcFRBpsdiiGSzYTVtbllUavYhLxL5csB5ORvFFvDtlEXkC0ITszwd1116ChcF4Li62sQ-VZW-Vufx7DwATFzti8_wTgBAGIBb-B6IRSwAUF-gUGCCUQARgAoAYugAfI6PchqAenzLECqAfi2LECqAemvhuoB8zOsQKoB_PRG6gHltgbqAeqm7ECqAeOzhuoB5PYG6gH8OAbqAfulrECqAf-nrECqAevvrECqAea4bECqAfZtrECqAeaBqgH_56xAqgH35-xAqgH-MKxAqgH4tixAqgH4tixAqgH4tixAtgHAMAIAdIIMgiA4YAQEAEYnQEyCKqCgICAgIAIOg6AwAOAgISAgJSu4AOoB0i9_cE6WL-ssMqn5ZMDgAoDkAsDmAsByAsBgAwBogwFSAGQAQGqDQJBVcgNAeINEwjY47DKp-WTAxUteMMGHQMZIgzqDRMI_LyyyqflkwMVLXjDBh0DGSIM8A0CiA7___________8BsA7V6vGEGOASubH7h-Kq69WKAdgTC9AVAekV94WLrE-jAIrwFdqQmDX6FQlUUkE5MERHQzmYFgHKFgIKAPgWAYAXAbIXEBgBKgoyNDU5ODM3NjU3UAa6FwI4AaoYFwkAAAAA6CwBQRIKMjQ1OTgzNzY1NxgBshgJEgKqURguIgEB0BgBwhkCCAE&ae=1&gclid=EAIaIQobChMIgLmzyqflkwMVLXjDBh0DGSIMEAEYASABEgIppfD_BwE&num=1&cid=CAQSggEABaugfSzKyiCdt8d5OTZp_KjfKd_laexX6JAxDVbJ53IZwKnT9ezbRssY0AjbXXb4B68A-9U9NqYLo0XTChYS-Kua3c6wf3HGuokvmnx5ADC1O9SInAOun_n5LDz1qHX62XzI7cYFomHH-V7ZC2e79SLTg-4a7Xw0BCOoLnodA0NRGAE&sig=AOD64_1P90o5DTDrckorba1sebd7v9Gv6Q&ctype=5&client=ca-pub-6447179309296276&nb=9&adurl=https://www.winnings.com.au/p/smeg-90cm-dolce-gabbana-divina-cucina-freestanding-dual-fuel-ovenstove-tra90dgc9%3Forigin%3Dproduct-search%26kwd%3D%26gad_source%3D5%26gad_campaignid%3D22021800127%26gclid%3DEAIaIQobChMIgLmzyqflkwMVLXjDBh0DGSIMEAEYASABEgIppfD_BwE,https://www.winnings.com.au/p/smeg-90cm-dolce-gabbana-divina-cucina-freestanding-dual-fuel-ovenstove-tra90dgc9?origin=product-search&kwd=&gad_source=5&gad_campaignid=22021800127&gclid=EAIaIQobChMIgLmzyqflkwMVLXjDBh0DGSIMEAEYASABEgIppfD_BwE,,,,,
846,https://www.googleadservices.com/pagead/aclk?sa=L&ai=CsAFp90DaaeXLFOyo7OsPt8zH8QaSkZKkhgHX0-z-tBWN5tq_zQEQASD84akZYM2g74CsA6AB_uWg_ynIAQmpAmhXHZdl0Io-qAMByAPLBKoEswJP0BIvq06gWn7QFvmVZ4wZdbkfAdqBgudVFXNSKRZYAj1Ztk9kKuyMTSTqiF7R9a_bl6xYQbTCgfNf6WpGN1xQxh9uK4C2QJrl_253SpYMbjZfREi7lzlXKXDZXWC5_IfC8Z64N1qgwGnuZMEBajcBs2IBfchdfI4wDP_dXICd-VrfdQxFM_HwKepQYlrX1a-lXBSLO8vKoPeOitw_vJXXAtm2zbxuXPnvpr8aEYI2Sf4NvRf3O5hGWylL_nULHSGX4rU9S42IP0HV6OC4Ib51SFZPsn8GnZDKtHBBYm0SUb1Mn3gZoD5Dkle9Chghx-206bw5vXJUaSMq9YUl8kMIwWl1VT4C60fJ1ImTImGe1zN_M8GpdYuNh6BWAU5ge8AnlV4js26tWdO6mk3PUxD6s1SVwAS3xL-E0QWIBeukht9XoAYugAf-nfHeBKgHp8yxAqgHpr4bqAfMzrECqAfz0RuoB5bYG6gHqpuxAqgHjs4bqAeT2BuoB_DgG6gH7paxAqgH_p6xAqgHr76xAqgHmuGxAqgH1ckbqAfZtrECqAeaBqgH_56xAqgH35-xAqgH-MKxAqgH-8KxAtgHANIILwiAYRABGJ8DMgiKgoCAgICACDoNgECAwICAgICogAKoA0i9_cE6WMuKt87o5ZMDsQk9nUDdxn9gFoAKAZgLAcgLAYAMAaoNAkJSyA0B6g0TCLWquM7o5ZMDFWwUewcdN-YxbvANAogOCdgTA4gUAtAVAcoWAgoA-BYBgBcBshcQGAEqCjEyMTYxMTgwMTBQBroXAjgBqhgXCQAAAAAA7PNAEgoxMjE2MTE4MDEwGAGyGAkSAotUGC4iAQDQGAHCGQIIAQ&ae=1&gclid=EAIaIQobChMIpaO4zujlkwMVbBR7Bx035jFuEAEYASAAEgIiD_D_BwE&num=1&cid=CAQS0gEABaugfSR_5tuI46QPRsabM_ltG1sycgdopV26n7SYrO6NbVQOYD-iIkdU6RyzYnTE1zQ0tF-pl0B6V44JYZp1iTlGIdSFcu-USkwFuxdb598_UgMMzN6k2-K6Ha07AOwaKuATapq0miGzoEB5rG2bCqyJlwS0EWjZDAUOYspVUUdAQbK3V7EMcXCggsmH9p6Y1jNk2PWoBR-leIgvBwd8Dg0TQ1tqPtY2zI2GRQSd9MX4KgusS93MpCy-L0K17cW3zdeNdrxAIx6H4wcRBh528t8YAQ&sig=AOD64_0Igb6uBjeKTLt0O4kEsmvboK9_-w&client=ca-pub-7694956726795277&rf=1&nb=9&adurl=https://www.ateneubaraodemaua.com.br/%3Fgad_source%3D5%26gad_campaignid%3D23553217131%26gclid%3DEAIaIQobChMIpaO4zujlkwMVbBR7Bx035jFuEAEYASAAEgIiD_D_BwE,https://www.ateneubaraodemaua.com.br/?gad_source=5&gad_campaignid=23553217131&gclid=EAIaIQobChMIpaO4zujlkwMVbBR7Bx035jFuEAEYASAAEgIiD_D_BwE,,,,,
847,https://www.googleadservices.com/pagead/aclk?sa=L&ai=Cv1EF5hTbaeDuH-mdjeYP9MnImQndlP6ShgGkltGghxShpvjz0B0QASC-z4caYMfV_42EJqABr--v_ALIAQngAgCoAwHIA8sEqgT4Ak_QyabOKC7-cxj42Yd-knw_MGwGLi86orO_7nVfNnoB9xZJ0whABgBcbXycXkkpWRAufRQHIOOa-g8kDxwmmyIvTSq95G20Egl69vgw0hQ5IeC_afsCzXoYdM0NQ5a3QiJjFn8ys9EAKwlLO8YAfHhyCJu8EKCua0IpL5_-Hq5xu1b0LUFlIwgvPqsrAlPH2erRUtaX0SjUOx78Ot5bE2QJ_TWCqlXWmIr6j5fdFSgfl0vBVIBoode9NZfk7f_9WIH0bqtm3jvtBvBk167OyAnsRQ3u_3HAgbFrt2h2iuvynsEIc24nuYXOrd9hPmpFbSDiTuCjjuJYzg3tx4GEEZzCWz7D_GR5qsDpWI_Pa6vmb29Cx7yjb8-VmWonFK6gKC1k7rJUeiBB_uzHROluaA2wRaB6onaVtQIjQp268gtQG3CpKkm0xW_hdqbfWMhvxNPd-OISq3nUhslw_sc8cDM_SSm6IgzfEHLHaen4KdAhlZ2c8k5S7azABMu9qt2mBeAEAYgF3unM_1HABQX6BQYIJRABGACgBi6AB7mQ0IMBqAenzLECqAemvhuoB8zOsQKoB_PRG6gHltgbqAeqm7ECqAeOzhuoB5PYG6gH8OAbqAfulrECqAf-nrECqAevvrECqAea4bECqAfZtrECqAeaBqgH_56xAqgH35-xAqgH-MKxAtgHAMAIAdIILgiAYRABGB0yCIqCgICAgIAIOg2AQIDAgICAgKiAAqgDSL39wTpY9pSo3bLnkwOACgOQCwOYCwHICwGADAGiDAJIAaoNAlpByA0B4g0TCIK8qN2y55MDFelOwwYd9CQyk-oNEwjIz6ndsueTAxXpTsMGHfQkMpPwDQKIDv___________wGwDryexcYY4BL0-_jSl7Sn34IB2BML0BUB6RVdSGt4FgOn8vAV3ovK_gH6FSdzaG9waWZ5X0VOXzg5NjYyODUwMDA5MjlfNDY1NTY1MTA1NTIyODnKFgIKAPgWAYAXAbIXEBgBKgozODUyNjA3NDM4UAa6FwI4AaoYFwkAAAAA4OUAQRIKMzg1MjYwNzQzOBgBshgJEgK3XBguIgEA0BgB6BgBwhkCCAE&ae=1&gclid=EAIaIQobChMI4Pmp3bLnkwMV6U7DBh30JDKTEAEYASABEgI1APD_BwE&num=1&cid=CAQS5AEABaugffWqNuaYPLCLu0TjPKhsrjF8DCbXY5x4Z5tG1pPtQp6NGAt1VNuQkHvoLyG7SDuKN5Tah91doeWe_jvvA0ZGn-2t4jDewdX8wOIiziAA89GMnIHfnJgzzGsD_YQLYq-3Duq-ty-B47ZDVvn9MSeG3BSnx_N_dlJ7D3-cMGBhTRhOagxVFjTwQJxtv73nS2ayjlwGU8uOocpoIAmPCfBM-bBhl0pbAcnPatowt0xHvv66VP2-9eCtqGht3TQkZNQRLDc4v2k7fnTQWR8PEOiMMr770E-q2BnlgQizOI3SyfIYAQ&sig=AOD64_16-ZheASwnVI79fJiG0s8Mrp5fqA&ctype=5&client=ca-pub-6453680425766689&nb=9&adurl=https://store.blackview.hk/products/w80-pro-price%3Fvariant%3D46556510552289%26gad_source%3D5%26gad_campaignid%3D22010868958%26gclid%3DEAIaIQobChMI4Pmp3bLnkwMV6U7DBh30JDKTEAEYASABEgI1APD_BwE,https://store.blackview.hk/products/w80-pro-price?variant=46556510552289&gad_source=5&gad_campaignid=22010868958&gclid=EAIaIQobChMI4Pmp3bLnkwMV6U7DBh30JDKTEAEYASABEgI1APD_BwE,yes,yes,yes,yes,yes
848,https://www.googleadservices.com/pagead/aclk?sa=L&ai=CV319LDDbaeCCAaKb3NMP25GzoAjX26ythgHqqM-CrBKwkB8QASDHnIMkYMfV_42EJqAB0IOM8QLIAQngAgCoAwHIA8sEqgS0Ak_QGsqIXorJ3KFidkv0a7cNB4xMbg_U-tem5jmX06WK3HrstVyJUs8ee-HKtN5Tm1ctXH_qu1c1mPtz8HGL_w9HUAlykvbPzcDnC7jYTI0_uopK-yCWOaoECynWBuSmYkCDPtCk1g-NcUdSohKBtcTBhtXpOegIMpeqsT8NpMhk7OP3qGWRv3wf4yBUeYn_8NCSASKjWpFZ8lPVk4OQ-sbnVMdP33Xh2RW282AN3cwP71aF0nRKfPC3Q1CoErMsx9P0R-9RqtQBXv4yetzswZm5KOSkGpPOqKjz5WF8YUE-hlW_kwyn7Us2ITxpFJrAsDkVeedE_NDuiUtKPjpxSgj6wUfqxwkGojz1sKTM8ETqek3qM6DzpdE6TQe8QQQfCAnPZZPheOfka1nh00420ihFXwqOwATJg6XhyATgBAGIBerzg6xN-gUGCCUQARgAoAYugAeY_POOAagHp8yxAqgH4tixAqgHpr4bqAfMzrECqAfz0RuoB5bYG6gHqpuxAqgHjs4bqAeT2BuoB_DgG6gH7paxAqgH_p6xAqgHr76xAqgHmuGxAqgH2baxAqgHmgaoB_-esQKoB9-fsQKoB_jCsQKoB-LYsQKoB-LYsQKoB-LYsQKoB-LYsQLYBwDACAHSCC4IgGEQARgdMgiKgoCAgICACDoNgECAwICAgICogAKoA0i9_cE6WKzvrN7M55MD8ggbYWR4LXN1YnN5bi00NTQxNTM0Njk2MTUxNTkwgAoDkAsDmAsByAsBgAwBogwFSAGQAQGqDQJaQcgNAeINEwjNjq3ezOeTAxWiDXcEHdvIDITqDRMIlKuu3sznkwMVog13BB3byAyE8A0CiA7___________8B2BMNiBQT0BUBmBYByhYCCgD4FgGAFwGyFxAYASoKNzEzNjE2ODk4MlAGuhcCOAGqGBcJAAAAAIg6AkESCjcxMzYxNjg5ODIYAbIYCRICqlAYLiIBANAYAcIZAggB&ae=1&gclid=EAIaIQobChMI4Miu3sznkwMVog13BB3byAyEEAEYASABEgK8R_D_BwE&num=1&cid=CAQS0QEABaugfdO57i-tK_ld-xHJt0VDbcNORa5pvLWBP-09Hwpq3ms6JeIg0A-cmF5e2sn96pNFLIYfTnwAQ9Huggq6kP1-cMxk9XtOd6pbMXo-dcortcHVRmOQTzUq9ryEvdHUWzwj6miX8WvSSNyZk3z9qbwSxuZQQAsd_L-Z6tNgo50M37ISltuladdO10qJPGAbEU197fDLDJr3rNHdnJFtLnCCpH0j043zWWx1lTjJKhd65OphSUpKb3KV2yBKH8rk0pTDipVqkXI5Z8x7x2ybShgB&sig=AOD64_0W-7sdm_zrQjUD5Txcnqb29uDh8Q&client=ca-pub-3533864070776314&nb=9&adurl=https://bid.integritysales.com/ui/auctions/153201/23191600/%3Futm_source%3Dgoogle%26utm_medium%3Dcpc%26utm_campaign%3D20761868778%26utm_term%3D%26utm_content%3D156970336713%26gad_source%3D5%26gad_campaignid%3D20761868778%26gclid%3DEAIaIQobChMI4Miu3sznkwMVog13BB3byAyEEAEYASABEgK8R_D_BwE,https://bid.integritysales.com/ui/auctions/153201/23191600/?utm_source=google&utm_medium=cpc&utm_campaign=20761868778&utm_term=&utm_content=156970336713&gad_source=5&gad_campaignid=20761868778&gclid=EAIaIQobChMI4Miu3sznkwMVog13BB3byAyEEAEYASABEgK8R_D_BwE,,,,,
849,https://www.googleadservices.com/pagead/aclk?sa=L&ai=CeaiBCCzbafOZK92a3NMPydaiyA-Pta_VftHomO7UFaGm-PPQHRABIOjkthNgx9X_jYQmoAG1g8G8A8gBCeACAKgDAcgDywSqBLYCT9Baw3vetbgK9ZKlPzvIb1SJzDVIW8jHPsDt3auaWuYy91ftvPzdiAkftIstCqK5oYelJIow2bZzRUxhbI9kBrfLCk4VNF7qRLybXZ56TDb9mMf_FrH3zoyVaHGwzAsiFfkgmJVf5Hq2bHkHWeF1Fo3gxZG3bKxTSwwPPF-bsr-p8WaLtUhr8DN-gURHuhMK_vgRZGQl6XybCqKwgvMl8hkpSrmRH4S2cX6YGLVbC-55tYT1OCN19QLwfQTqj_wjgP6scSxhDFCmf9CJVRbzEQ35Grek49i-8PV55gF9lB3kpB5Sl1_MNg9L1iFvfQ60-61sO0rNrI-zL3WA4yyasVehbo9v755aOu3xp8LolaB7U9p_pzIgXMNXN1C5PX6023KEnd167fjK9BuxApdLrPG4XpylusAEyZGp26QF4AQBiAWm-ILOU8AFBfoFBgglEAEYAKAGLoAHs_y-Q6gHp8yxAqgH4tixAqgHpr4bqAfMzrECqAfz0RuoB5bYG6gHqpuxAqgHjs4bqAeT2BuoB_DgG6gH7paxAqgH_p6xAqgHr76xAqgHmuGxAqgH2baxAqgHmgaoB_-esQKoB9-fsQKoB_jCsQKoB-LYsQKoB-LYsQKoB-LYsQLYBwDACAHSCC8IgGEQARidATIIioKAgICAgAg6DYBAgMCAgICAqIACqANIvf3BOliDvp3lyOeTA4AKA5ALA5gLAcgLAYAMAaIMBUgBkAEBqg0CWkHIDQHiDRMIwOWd5cjnkwMVXQ13BB1Jqwj56g0TCK2Bn-XI55MDFV0NdwQdSasI-fANAogO____________AbAOr4GUvBjgEuq596uoqePqkwHYEwvQFQHwFdGv5Tf6FSdzaG9waWZ5X1VTXzg2NTA4Nzk4NjA5ODlfNDU0ODM1NTA1NDAwMjmYFgHKFgIKAPgWAYAXAbIXEBgBKgo4MTgwNDI0NDc3UAa6FwI4AaoYFwkAAAAAoJIkQRIKODE4MDQyNDQ3NxgBshgJEgK7TxguIgEA0BgBwhkCCAE&ae=1&gclid=EAIaIQobChMI872f5cjnkwMVXQ13BB1Jqwj5EAEYASABEgJ4lvD_BwE&num=1&cid=CAQShwIABaugfSc-hGtqrF3PQ8yiwd1bh5vivotemfHQDJrQu43RuFU-x09r-jw5VJxKOGPYCzyIo98y8oLp9oCZ2kbqlIjOnBqnx6EWc_TgjKokr1xZRr90ESFWlz1OLEchr4-8lUGc7t2y-2_R3IKfUgUTdkktuP3RdKjTZM4k1NGGOxyFueKoCuPu8Puo5Tcl5UJVBtzxErqJND-ef_BlIBHgIMntCOH4u6IT94F9jO9wwuy3GNV3w8xi2Rzck6nxD5uCBKT4P7yZTiIZmE-BSIIAqvuHwBPYWBQ3KY5M5WTZr3JMUq86AmwAtz3IpYbs39Yp00JaocuFBqe5UyIUypIhJcTrUhVLTRgB&sig=AOD64_3bckLjcnIrRMWDpuYo8KtZ5GlAVg&ctype=5&client=ca-pub-9922974912311690&nb=9&adurl=https://www.shopsunroom.com/products/cassiopee-one-piece-swimsuit-1%3Fvariant%3D45483550540029%26country%3DUS%26currency%3DUSD%26utm_medium%3Dproduct_sync%26utm_source%3Dgoogle%26utm_content%3Dsag_organic%26utm_campaign%3Dsag_organic%26gad_source%3D5%26gad_campaignid%3D22443768870%26gclid%3DEAIaIQobChMI872f5cjnkwMVXQ13BB1Jqwj5EAEYASABEgJ4lvD_BwE,https://www.shopsunroom.com/products/cassiopee-one-piece-swimsuit-1?variant=45483550540029&country=US&currency=USD&utm_medium=product_sync&utm_source=google&utm_content=sag_organic&utm_campaign=sag_organic&gad_source=5&gad_campaignid=22443768870&gclid=EAIaIQobChMI872f5cjnkwMVXQ13BB1Jqwj5EAEYASABEgJ4lvD_BwE,yes,yes,yes,yes,yes
850,https://www.googleadservices.com/pagead/aclk?sa=L&ai=C2oDBmT3badSjB4eajeYP2Mu-0ASJg-KthQHT1cLF7A_88oSpyw8QASDo5LYTYMfV_42EJqABqKvVkgPIAQmpAnP2jashlrY-4AIAqAMByAMKqgT1Ak_Qvm_4scJZoywN7j7ZOO8QJN9a8j9UaVxPV8z4qkuXO6uwStmDlW6yJYhArbUlE4vPMeBj-0wxYAw9JeP052S3Hnv46LW1bxkgx2W2p8L8V2HKTYILe4lLHgHB5PkrM-HIzdsXE1QuTptWEAZWk29R1yTqdkEmsHly76RnrEJu94w9vRFXEmwyTLiwh-IgnoPjGRZDyqxfkLcSWfveu-0rn_MXDqk-11aiQYoNus3eywOW8CaeiXWWlshovDSBsNH_EDjkl3S2dXj38GRsdy9Fwh12CRmNCs6KfyjSqMhKWvmyxXVZ3TypRUKe1CkhzPryYskle4t9LZccm8vgpadyS0CKSIIseN9ZoGazpJORhZwCF-u3g7UHWY85lLMys2WseyI3NXjmRj5qkO3C3wpV1Q7A2JyLIRpWt0C589qe0w62NLXnGFOIBMG3OHT76toPdB-8ogABiIyOMkXf_IZSQNXIciZlqEGfRLIzP9F4UB9DERbABJP0vZP-A-AEAYgFsM3kq0CgBi6AB8DUqm2oB6fMsQKoB-LYsQKoB6a-G6gHzM6xAqgH89EbqAeW2BuoB6qbsQKoB47OG6gHk9gbqAfw4BuoB-6WsQKoB_6esQKoB6--sQKoB5rhsQKoB9XJG6gH2baxAqgHmgaoB_-esQKoB9-fsQKoB_jCsQKoB_vCsQLYBwDSCC8IgGEQARidATIIioKAgICAgAg6DYBAgMCAgICAqIACqANIvf3BOljFw6TF2eeTA7EJT1iEQTy4xGKACgOKCuABaHR0cHM6Ly9tb25pdG9yLmNsaWNrY2Vhc2UuY29tL3RyYWNrZXIvdHJhY2tlci5hc3B4P2lkPXpFR3JVY1NUakYzMzhrJmFkcG9zPSZsb2NwaGlzaWNhbD0xMDI4NjY1JmxvY2ludGVyZXN0PTEwMDY4ODYmYWRncnA9MTM2OTQyOTQyNzM5Jmt3PSZudz1kJnVybD17bHB1cmx9JmNwbj0xNzI3MTY5NTAyNCZkZXZpY2U9YyZjY3B0dXJsPW9wdGltYS1lY3QuY29tJnBsPXd3dy50aGVzdW4uY28udWuYCwHICwHgCwGADAGiDAOQAQGqDQJaQcgNAeINEwjy7qTF2eeTAxUHTcMGHdilD0rqDRMI7ZOmxdnnkwMVB03DBh3YpQ9K8A0CiA7___________8BuBPkA9gTDIgUCdAVAZgWAcoWAgoA-BYBgBcBshcQGAEqCjcyNjk1MTA0NzRQBroXAjgBqhgXCQAAAACsfhBBEgo3MjY5NTEwNDc0GAGyGAkSAqpQGC4iAQDQGAHCGQIIAQ&ae=1&gclid=EAIaIQobChMIlNSmxdnnkwMVB03DBh3YpQ9KEAEYASAAEgLMw_D_BwE&num=1&cid=CAQS4wEABaugfY3bf_IuWQi2tgBuoBzqEh6JjQOJYLJGTqvlooQhz76BdwLLRSDalSY0Cn79XEZszoS2kyeEdFxqBfpMTIRTr1IrVbUORZFr9OxC4GQIVWcYlaJFUzchwyu8IG9HqbgzQ5G1VeGJ9oCobSJ3FnRsxL5xfQ66zzAujRhNqU9j_isOQ2QIugXdq3BG0tw7YB2Pc2jPr15beg3KNBdvDQmAlqw2SOgxDSHCRb8rMC7DeDQ7VJvvFRMAznDZAUDYchzCU1h0wDNhvVnN7BEyndCcegrFOm7aKEqzu5t40tLReBgB&sig=AOD64_2dSUkyIXkRrEE3W45DWjH4tAeeoA&client=ca-pub-9922974912311690&rf=4&nb=9&adurl=https://www.optima-ect.com/become-an-electrician%3Fgad_source%3D5%26gad_campaignid%3D17271695024%26gclid%3DEAIaIQobChMIlNSmxdnnkwMVB03DBh3YpQ9KEAEYASAAEgLMw_D_BwE,https://www.optima-ect.com/become-an-electrician?gad_source=5&gad_campaignid=17271695024&gclid=EAIaIQobChMIlNSmxdnnkwMVB03DBh3YpQ9KEAEYASAAEgLMw_D_BwE&gclid=EAIaIQobChMIlNSmxdnnkwMVB03DBh3YpQ9KEAEYASAAEgLMw_D_BwE,yes,yes,yes,yes,yes
851,https://www.googleadservices.com/pagead/aclk?sa=L&ai=Ctf1zeiDbae_xNb2OjeYPs_anqQq3mrGxhgGwlq2a7RWChrWF7wgQASCbqIc3YMfV_42EJqABiJG5sijIAQLgAgCoAwHIAwiqBLQDT9BAXZUHE6lW22plvhcBjOJVlQrbxLhqbGoDqI0npQyLanZ29zbOUWZSubtgqYnB0F4AoGaGO3PMt8sUfqE9afKzzlGUN2aDrASvwQ9cPtHZbe_3ILzEtIc96fOfRG7zLoRSuuDlg65R1Rw3VesAbwyAJwbqCIDFcu_59V6p-bia9NIUFrhMF9lrOLbWeZsS9JTTaox51nWbiRQrmDQk7kVBmt9lR6KZNYbt6e1KZnBah--30sQ9gH1S8UIPXWhq9q19dOI01xWFu2UtdF2-bOO9dYbXqbwWKzmbN_vfvbAhw1ndSr_puw2do0LMgpbaK8mLjF4VSki0tXXqP8SNfRwA00sg38ZU8BPKwUOYWE5EpXZN6xnnZ869oYoBuG8azkATLDAEAAASASW0g3HhEobXqffBNn59U0hi9WirpzcR6cP3OvjxnXVYNDU3ebzQtmQ6S0-yYkXpU5-7tZJL_IBfm2kTR3FC73vZs9Qe68qHIeftzBm18aLw5YWSKq1hPw1sdIJ9eVSL6I1bSe9_JKeAg7MVM-qnZq36Ws_H9ve82SEU_dXRJYO6PssbG0opdD5fiMAEx6jAvJgF4AQBiAWtzp-CU6AGAoAHiMmJkgOoB6fMsQKoB-LYsQKoB6a-G6gHzM6xAqgH89EbqAeW2BuoB6qbsQKoB47OG6gHk9gbqAfw4BuoB-6WsQKoB_6esQKoB6--sQKoB5rhsQKoB9XJG6gH2baxAqgHmgaoB_-esQKoB9-fsQKoB_jCsQKoB_vCsQLYBwHSCC8IgGEQARidATIIioKAgICAgAg6DYBAgMCAgICAqIACqANIvf3BOliYm-riveeTA7EJBTLge8A3VcGACgOYCwHICwGiDAOQAQGqDQJaQcgNAeINEwjVweriveeTAxU9R8MGHTP7KaXqDRMIyuvr4r3nkwMVPUfDBh0z-yml8A0CiA7___________8B2BMK0BUBmBYByhYCCgD4FgGAFwGyFxAYASoKNDE5NjAwMzM0M1AGuhcCOAGqGBcJAAAAALj4A0ESCjQxOTYwMDMzNDMYAbIYCRICk04YAiIBANAYAegYAcIZAggB&ae=1&gclid=EAIaIQobChMI75bs4r3nkwMVPUfDBh0z-ymlEAEYASAAEgIIRvD_BwE&num=1&cid=CAQS0QEABaugfZyYC6wiewfWBtplU1oFz_j-Y2AXS3nBZvOjdkeHdkXPGMK6iMKWtKQ2cPMcBY05QolPrhHIOEMPspQtOGFngch8IrSj8JSawUSoDwS33QclyXzo0Sis3MnIU-5y616T1dZ38h5dIkZIozsxGrDE1je7aLAVsaS8TtuD3DqxsFbxLoyD1Y1ejo7r8Yesj9JnomzL5hAG9iVs8aww8VMvn1lZLwOtTerGsqsH5gL1S20LnNtuqS77uYsLVBa8qNSIfuU-CjzsYNcT_sErphgB&sig=AOD64_1jsJVn9HwpzKrk6QHhrrgSpkpYog&client=ca-pub-9636953777155876&rf=5&nx=CLICK_X&ny=CLICK_Y&uap=UACH(platform)&uapv=UACH(platformVersion)&uaa=UACH(architecture)&uam=UACH(model)&uafv=UACH(uaFullVersion)&uab=UACH(bitness)&uaw=UACH(wow64)&uafvl=UACH(fullVersionList)&nb=2&adurl=https://gothampoint.com/%3Fgad_source%3D5%26gad_campaignid%3D22284855085%26gclid%3DEAIaIQobChMI75bs4r3nkwMVPUfDBh0z-ymlEAEYASAAEgIIRvD_BwE,https://gothampoint.com/?gad_source=5&gad_campaignid=22284855085&gclid=EAIaIQobChMI75bs4r3nkwMVPUfDBh0z-ymlEAEYASAAEgIIRvD_BwE,,,,,
852,https://www.googleadservices.com/pagead/aclk?sa=L&ai=CCK_ubQ_bacvGFqLyjeYP2s2nsQrHo_m6hgHMgPbtvBWwkB8QASDX2J0iYMfV_42EJqABqPqc0gPIAQLgAgCoAwHIAwiqBIwDT9CCXNwI5dRT6Msdev3nZ6qUdRLb6cCvFTReIjxUzLb35IdMTWxu_k30ISLbdwiLaSXp8-3Eg8-gxr7NhrLL6tJwVHFiNDL1z6_2S21IbsdMgO2stQJ05HUrkYUOuevrSIO14I3NKRnYl2fFBYsov6bHZfKqytKG2viEUgz_bIw8lMf7P7m88kkHsz3MizGYG1-9BOAH_pDvdm3JTv0YR3KljveZH_fs9okzyU6Y7id0PLCn6S710XxKSL-0iWr5792UkxK5lr7mdr8-JFVLEs4brW_dPERtL1Y6xJyHyXHJUnrF-VUWWyg9Ru67brhRgdRBUgeVrP3a5fyW6MTnTYksq5kZiKE8mez_eAQ4YA--EJn8D0o601ZX5PNoYIynT2rMV4ARH6MWQv6ewITkxeIRIuOtJbJOPGOJXJWICJvvL94komuGyayaCFPIzOJjGuCheBvCIfpUyHHiNgRT3X-Ed0zXYhSG6QRuOyBYUKPZyvmhS9GOJ6gfRSea6cKcXdkFuopSQkrVt2gVwATA8rKz5QXgBAGIBYHKz8ZXoAYCgAef7ISOA6gHp8yxAqgHpr4bqAfMzrECqAfz0RuoB5bYG6gHqpuxAqgHjs4bqAeT2BuoB_DgG6gH7paxAqgH_p6xAqgHr76xAqgHmuGxAqgH1ckbqAeaBqgH_56xAqgH35-xAqgH-MKxAqgH-8KxAtgHAdIILwiAYRABGJ0BMgiKgoCAgICACDoNgECAwICAgICogAKoA0i9_cE6WKn9l8Gt55MDsQlbZ-Y2uFecM4AKA5gLAcgLAaoNAlpByA0B4g0TCJ6dmMGt55MDFSJ5wwYd2uYppuoNEwiB_pnBreeTAxUiecMGHdrmKabwDQKIDv___________wHYEw3QFQHKFgIKAPgWAYAXAbIXEBgBKgoxMjY5MDEwMzQ4UAa6FwI4AaoYFwkAAAAAbBQUQRIKMTI2OTAxMDM0OBgBshgJEgKRVBgCIgEA0BgB6BgBwhkCCAE&ae=1&gclid=EAIaIQobChMIi7Gawa3nkwMVInnDBh3a5immEAEYASAAEgLpTvD_BwE&num=1&cid=CAQS4wEABaugfWKGIcykodDy85rsM-9GYo5JtDuPUNnRrNIf_vXFkjXZzvnCjPtuILxBxqQaaazhEHunmW8BIU6fM16taNSKP262VNd1ULGAGNxQl-89fYiJmYuV5fE8V--a7Gyo6G7GVPR--vSOGkl5RaFnnCSxWj4ZMEYZ-981ajQJMo_Z83xTH8wQC3KVY4swuGjLiD194hEJuIpqiuKMKpIhcbUL-7TgxOKFbiMZu-AvOf5HslctkzxuuAcR_2iApHBJUDK55BeKAiush3I9VAB74JAp743rAS_2kPNQPtJo_CpFjRgB&sig=AOD64_2FHsygoCaHCBsltXhtnbi5pUvA3w&client=ca-pub-8475685469544477&rf=5&nx=CLICK_X&ny=CLICK_Y&uap=UACH(platform)&uapv=UACH(platformVersion)&uaa=UACH(architecture)&uam=UACH(model)&uafv=UACH(uaFullVersion)&uab=UACH(bitness)&uaw=UACH(wow64)&uafvl=UACH(fullVersionList)&nb=2&adurl=https://www.hyatt.com/park-hyatt/en-US/sanpa-park-hyatt-aviara-resort%3Fgad_source%3D5%26gad_campaignid%3D23501989121%26gclid%3DEAIaIQobChMIi7Gawa3nkwMVInnDBh3a5immEAEYASAAEgLpTvD_BwE,https://www.hyatt.com/park-hyatt/en-US/sanpa-park-hyatt-aviara-resort?gad_source=5&gad_campaignid=23501989121&gclid=EAIaIQobChMIi7Gawa3nkwMVInnDBh3a5immEAEYASAAEgLpTvD_BwE,yes,yes,,yes,
853,https://www.googleadservices.com/pagead/aclk?sa=L&ai=C4XpfBzfbacGHKN-OjeYPzJHxmQT3x5X5hAHkuLTRpxXs_bPqlA4QASDa8Y4MYMfV_42EJqABzJv5kwHIAQHgAgCoAwHIAwqqBNsCT9CWAWFWgss2S3rBwKuljq8qwqoPMMT2wv34N6Aus5e8NreCLWUyPQgX8jOeAaXfy8YEuX1IphLpLFbCyufCFS3-622AlSTMHmqnlJbr_3rYVkP2xYTINdPRVGaXuBY6oH4qecZL7gs-q3bgNRjdzBam0MdHqSRlPaVe2CgXEAOLT1kOaJxXwJD0tgFh2UySixc4qdOl7ZXpzeVAIgt2Dqz_GQ-e7OD-AoKMNw5OSYWoc4WpvZ4DBr8h6uCi2dzQ3v_Xm7CmcYcpej9MOXgHK0scUIB3ILsBmOPilB6KMY8cfMJaL3Pvd_ZyaqkVjU5P0Nhn2MqmZ-MkLZMq0dR49REymOd9PuwdDjYnL8KJw42OHr0LfQhmaLxB5Znydyc1HlcG2Ui9TogikYrXODVzNoWvFd-iXPG4O7fiiksf_5FMgyasaDNSNdSz3N-KGeLWLeOPpHTMU_D90P_ABNSq8qHfBeAEAYgFuMyExVegBmaAB5zkhuwCqAenzLECqAfi2LECqAemvhuoB8zOsQKoB_PRG6gHltgbqAeqm7ECqAeOzhuoB5PYG6gH8OAbqAfulrECqAf-nrECqAevvrECqAea4bECqAfVyRuoB9m2sQKoB5oGqAf_nrECqAffn7ECqAf4wrECqAf7wrEC2AcB0gguCIBhEAEYHTIIioKAgICAgAg6DYBAgMCAgICAqIACqANIvf3BOlj6lMCj0-eTA7EJLwIUuiek1tGACgGYCwHICwGiDAOQAQGqDQJaQcgNAeINEwi3zcCj0-eTAxVfR8MGHcxIPEPqDRMI2uzBo9PnkwMVX0fDBh3MSDxD8A0CiA7___________8B2BMK0BUBmBYByhYCCgD4FgGAFwGyFxAYASoKODg0MzEyNTIzNVAGuhcCOAGqGBcJAAAAAIDk8EASCjg4NDMxMjUyMzUYAbIYCRIC704YZiIBANAYAcIZAggB&ae=1&gclid=EAIaIQobChMIgafCo9PnkwMVX0fDBh3MSDxDEAEYASAAEgKNevD_BwE&num=1&cid=CAQS4wEABaugfYzpbvj4gU9oraz9PGvLDQRkFdiPtIbxppnPG_vWyzqqOKze-v9vR2RzoqEaMwrPAjeToW_ahLzwf5w_EuB78rg1xSk4cGfoUsU3fNAUFmawgw4j4gpPNtw57TPE_JBDWoVCY6Nz_52omlGOi63wK4g6gj6fK6MRsd0NWCEln48PczoElgCDCSYamYDD77yCAwpI2o3xK9ul4yKywIx1GDZtFIDXKsJ77IagcjPPTS_Z-KiIB1lUqXofefIMJeEI-c6QlbOEdkhGPP4bH6yEWpLdXGel5Uzm_KWgBZnVohgB&sig=AOD64_0leYbTyiAPqp_074K2eUtxeMjIGg&client=ca-pub-9783515403541006&rf=4&nb=0&adurl=https://www.harborcapital.com/etf/hger/%3Futm_source%3DGoogle%26utm_medium%3DSEM%26utm_campaign%3DIn-House%2BSEM%2BEvergreen%2BH3%2BQ1%2B2026%26utm_content%3DHGER%2BSEM%2BQ1%2B2026%26gad_source%3D5%26gad_campaignid%3D23498663480%26gclid%3DEAIaIQobChMIgafCo9PnkwMVX0fDBh3MSDxDEAEYASAAEgKNevD_BwE,https://www.harborcapital.com/etf/hger/?utm_source=Google&utm_medium=SEM&utm_campaign=In-House+SEM+Evergreen+H3+Q1+2026&utm_content=HGER+SEM+Q1+2026&gad_source=5&gad_campaignid=23498663480&gclid=EAIaIQobChMIgafCo9PnkwMVX0fDBh3MSDxDEAEYASAAEgKNevD_BwE,,,,,
854,https://www.googleadservices.com/pagead/aclk?sa=L&ai=CSljEBzDbaYWOB-H9ovUPwr2x0AT-4OiShgHP5eS4nxXfxbudujoQASDwi9EcYMfV_42EJqABxa_erynIAQngAgCoAwHIA0iqBLICT9ApYc9HelF9999NVwMnsNaZJwKetmp21iC1XKeBOBwf98qGoVBkZxw46_sgkKQP9LJdIdMGT00s6TG7kwxAKHZr9KKTXkXzc1JGcE2ryxM_5XKxBhai8h6epq7_coTE6u_qKWwI9UR1aFn_Y7IhR9QclNMFBI3DcBILH_6ri9l9u3cCLrvJuSaJE1XWhxV3gK_efFSzBV6vdF0zavbdUU_irO9p_OnlvfFwBE9PtsbN-eNSia0Ki14Ms4EKqApNVMKx1Ao9hsRBmMXNbSM3cOSccQZHC1fh02SPIZHVtEv_R5g9ZPnishVOOOHbh61W-2NQOIb7BKpk10y4s4oEcAwDNG0deQAHhTq2LBz0ZTFlBP5UrULO75I5fWIt4-uBUX0x_dzDpF5Hlc-o_7AHsd4xwASw4ozKwATgBAGIBeDT1q1KoAYugAfF566PBKgHp8yxAqgH4tixAqgHpr4bqAfMzrECqAfz0RuoB5bYG6gHqpuxAqgHjs4bqAeT2BuoB_DgG6gH7paxAqgH_p6xAqgHr76xAqgHmuGxAqgH1ckbqAfZtrECqAeaBqgH_56xAqgH35-xAqgH-MKxAqgH-8KxAtgHANIILwiAYRABGJ0BMgiKgoCAgICACDoNgECAwICAgICogAKoA0i9_cE6WOWz4MzM55MDsQmgdeNgNPdUV4AKA5gLAcgLAYAMAaIMA5ABAaoNAlpByA0B4g0TCMrh4MzM55MDFeG-qAgdwl4MSuoNEwjS_uHMzOeTAxXhvqgIHcJeDErwDQKIDv___________wHYEw3QFQGYFgHKFgIKAPgWAYAXAbIXEBgBKgo4NDYyMDcyMjkxUAa6FwI4AaoYFwkAAAAAYLTnQBIKODQ2MjA3MjI5MRgBshgJEgKTThguIgEA0BgBwhkCCAE&ae=1&gclid=EAIaIQobChMIxa3izMznkwMV4b6oCB3CXgxKEAEYASAAEgIk6_D_BwE&num=1&cid=CAQS0gEABaugfbSSgv50BeJcJRdo_R9j_rpGGaVXtgKE_9v7NQQsj5Mt-y-vXDzNYonnX6Ht4PWR8It6z5xBTnlCt3_fz25FUBGUlK3Lzz8zdQ_6Pw_fWeSnpa9f8lT2N5MoL14TMO2ODpK2M96dpUiQQThY69RJv9_4fdTJNPA7QpMHjeM5gs_KmK4DXD3SPaDIkLnmR1qhlDRYnKK5MluamSIxaUdlEItUFJmu5bUl5dgMcYFFC_e9AAzIOMRIpZy5yJJfPl8s9gVoFJyUNIAFBe0Y1l8YAQ&sig=AOD64_1Q6pcnuvZOfrO9ELdCp9i9wfhI_Q&client=ca-pub-3379277712429187&rf=1&nb=25&adurl=https://evergreen-texas.com/%3Fgad_source%3D5%26gad_campaignid%3D19960015328%26gclid%3DEAIaIQobChMIxa3izMznkwMV4b6oCB3CXgxKEAEYASAAEgIk6_D_BwE,https://evergreen-texas.com/?gad_source=5&gad_campaignid=19960015328&gclid=EAIaIQobChMIxa3izMznkwMV4b6oCB3CXgxKEAEYASAAEgIk6_D_BwE,,,,,
855,https://www.googleadservices.com/pagead/aclk?sa=L&ai=CjIMA-TjbabfHC5KMjeYP6YjcyQTJ2LvLhAH_29DHkxak5_LtlQIQASDCiLkiYMfV_42EJqABrdz1_QPIAQngAgCoAwHIAwqqBNQCT9Dgelh0z_FBVG8EoMheZgfT5JUMN4rY3xqOFp_yxqf0aq10XA4oQVgAfw0G31QNUrqxqYUKFqsBM8BedAuR-lOWL--rtlwknv50hj-cqCrvGA6jfIWRQCsMuaomceMgKFufgrVjCq-YrDAWnwX2njYZOXJJ7ncwOHhOmhWZLOanbIxCmGctAAINMd5VORWSq4XHbCyQlXJxo1h_K_gyVNRwM7oz6hep5bbP9CpMTYrqgBhif_jFI-TSnaU1CUan0xvb5aJQvMbfCaYWtSeDde7WHhvsc1G9WLwjBO67e0HffgUTV0xTXimomhrZsHLQ19zvsyGG0P6K3qb4VeGJh0B_yKgEpudINY2mx8fbgw4zsg9L4z3cHECh-NYJotma4RzOdikovGFh2ENlKiPfWXN7MQSZWndFQ_uY5dr_roqXfc9i-5TjHcwTT62QY2__xpvg_8AEytmDsM4F4AQBiAX72aOpV6AGLoAHu6OKAqgHp8yxAqgH4tixAqgHpr4bqAfMzrECqAfz0RuoB5bYG6gHqpuxAqgHjs4bqAeT2BuoB_DgG6gH7paxAqgH_p6xAqgHr76xAqgHmuGxAqgH1ckbqAfZtrECqAeaBqgH_56xAqgH35-xAqgH-MKxAqgH-8KxAtgHANIILgiAYRABGB0yCIqCgICAgIAIOg2AQIDAgICAgKiAAqgDSL39wTpYo_7ekNXnkwPyCBthZHgtc3Vic3luLTM0NDgzNDE4NTI5MjkyNTOxCR_3hm2r5zQ9gAoDigrhAWh0dHBzOi8vbW9uaXRvci5jbGlja2NlYXNlLmNvbS90cmFja2VyL3RyYWNrZXIuYXNweD9pZD0zVVJoYUdTeTF5eHpKRSZhZHBvcz0mbG9jcGhpc2ljYWw9MTAyODY2NSZsb2NpbnRlcmVzdD0yMTE0MiZhZGdycD0xOTI4MzczODEzMjIma3c9Jm53PWQmdXJsPXtscHVybH0mY3BuPTIzNDQwNDUyODU5JmRldmljZT1jJmNjcHR1cmw9Ymx1ZW1hbnRpcy5jb20mcGw9d3d3Lmh1cnJpeWV0LmNvbS50cpgLAcgLAeALAYAMAaIMA5ABAaoNAlpByA0B4g0TCKKp35DV55MDFRJGwwYdaQQ3SeoNEwjt5uCQ1eeTAxUSRsMGHWkEN0nwDQKIDv___________wHYEw2IFALQFQGYFgHKFgIKAPgWAYAXAbIXEBgBKgo0ODEyMTEzMTUxUAa6FwI4AaoYFwkAAAAAiFYVQRIKNDgxMjExMzE1MRgBshgJEgKkZhguIgEA0BgB6BgBwhkCCAE&ae=1&gclid=EAIaIQobChMI96fhkNXnkwMVEkbDBh1pBDdJEAEYASAAEgIiMfD_BwE&num=1&cid=CAQS0QEABaugfRQMBT2Ok6es8L1pl_N9ks8f2H405PnqkN4gcCrm2FGFLGxUQgwWUAKrnMwEv0_ZqPfPlMRFNiqZ4Xc_7InHpHPcL00y4UC9bRPxZgoHhdqA38A1sDPMuHdDUSzKcJziz3abwz1YPKTxaFx9gLHF6DDTbQXqfxX1aESIhDI_AmkDzaApBSTR7qnFd_baivF-KIwwxCBmSsHpUXFw701K_IgCwynDoVbQRETbVW8E2b5AcU273d_wf2zXI9E9kILFbN0yxb6h-pECepZe6BgB&sig=AOD64_1Vax-K9srQxDHPeFszG-QGvgTFOg&client=ca-pub-5610521491184789&rf=4&nb=9&adurl=https://www.bluemantis.com/blue-mantis-protect/%3Futm_source%3Dgoogle%26utm_medium%3Dpaid-display%26utm_campaign%3Dbmp_ad1%26gad_source%3D5%26gad_campaignid%3D23440452859%26gclid%3DEAIaIQobChMI96fhkNXnkwMVEkbDBh1pBDdJEAEYASAAEgIiMfD_BwE,https://www.bluemantis.com/blue-mantis-protect/?utm_source=google&utm_medium=paid-display&utm_campaign=bmp_ad1&gad_source=5&gad_campaignid=23440452859&gclid=EAIaIQobChMI96fhkNXnkwMVEkbDBh1pBDdJEAEYASAAEgIiMfD_BwE&gclid=EAIaIQobChMI96fhkNXnkwMVEkbDBh1pBDdJEAEYASAAEgIiMfD_BwE,yes,yes,yes,yes,
856,https://www.googleadservices.com/pagead/aclk?sa=L&ai=CmdRmhxfbafrgFo-b3NMPlqCRgQmJhse7hQHigsLR5RPRy-_Mkw4QASCtspoqYMfV_42EJqABitP7jgPIAQmpAnkEC5vDAn0-4AIAqAMByAMKqgSfAk_Qu5Mf7VzjJVbg1WRQdO2Mtvr1ryWD7xzYvtbIX29eSKFMCNg5OJxVoxNRFQ9IUi_ZgEttv_mo-DUd3br3PFYVB20A6s4mOl-5Hx1ETfcatvL6A0ityyfRjO0d7P289sZHcpvRbRlty35GuoDfEGFQorCioDB_FxkhAkhK525PAXpnViAAEGy9BnDETzL-J_XtyXYdvIvmiRVtd6FFfjL2hlPR35VcbUjSHL5EUWB6JJMdombC_lQXMXpXfByhC5srMMgkzKyWYzMPR4tORXgpn5dTmL_532b1kla2zPGSgwHBaf6kgByqaJ2TZr7zhe2wdBLbg3WAJAhZ0FewRaXIvoym1sdJ8Rw2tTanVRlONFKIzbVjtsUWAVKhHk2fwASdwK7ZiQXgBAGIBe6slNRSoAYugAferIRxqAenzLECqAfi2LECqAemvhuoB8zOsQKoB_PRG6gHltgbqAeqm7ECqAeOzhuoB5PYG6gH8OAbqAfulrECqAf-nrECqAevvrECqAea4bECqAfVyRuoB9m2sQKoB5oGqAf_nrECqAffn7ECqAf4wrECqAf7wrEC2AcA0gguCIBhEAEYHTIIioKAgICAgAg6DYBAgMCAgICAqIACqANIvf3BOljy05OeteeTA7EJRLAJMOIAle6ACgOYCwHICwGADAGiDAOQAQGqDQJaQcgNAeINEwi2gJSeteeTAxWPDXcEHRZQJJDqDRMI-I2VnrXnkwMVjw13BB0WUCSQ8A0CiA7___________8BuBPkA9gTDYgUBtAVAZgWAcoWAgoA-BYBgBcBshcQGAEqCjQ1OTc3NzgxMjNQBroXAjgBqhgXCQAAAABITANBEgo0NTk3Nzc4MTIzGAGyGAkSAoBUGC4iAQDQGAHoGAHCGQIIAQ&ae=1&gclid=EAIaIQobChMIusCVnrXnkwMVjw13BB0WUCSQEAEYASAAEgJHAfD_BwE&num=1&cid=CAQS4wEABaugfXVEDSx-Yp49qI-E_8_nHmYjII-Fp14HF7ElWtDDESPeLRhai56LXDKxohD8gxyEboJ3xfrElmo57JGdQ-Eqlk4vbinTqkyMFloEgvnODP_gghX2-PXff2676DfJGDiTnvWzv9ERttI9k_dbPfOuD33F_qPbuVGfRvLh_bvgRYXxUwIWPkpWIP9ZJGb4zEs3e8xXmX8oAbPjR9-xk5PJwL1o7Lmfd_tEdvkW2TE41BP3pPYoPh5OHjOsTLuWz3g0iiKAg4RLHXHj3zcx-zThGC6GEc6bJWRZxjm-NGob3RgB&sig=AOD64_2iP9Wc9WEUJiBKdJ3ZWvb6xomAGw&client=ca-pub-8864803855381259&rf=4&nb=9&adurl=https://sanalabs.com/products/sana-learn/%3Futm_term%3D%26utm_campaign%3DRetargeting-Learn%26utm_source%3Dadwords%26utm_medium%3Dppc%26hsa_acc%3D4334994313%26hsa_cam%3D22188201582%26hsa_grp%3D174402019357%26hsa_ad%3D731664947257%26hsa_src%3Dd%26hsa_tgt%3D%26hsa_kw%3D%26hsa_mt%3D%26hsa_net%3Dadwords%26hsa_ver%3D3%26gad_source%3D5%26gad_campaignid%3D22188201582%26gclid%3DEAIaIQobChMIusCVnrXnkwMVjw13BB0WUCSQEAEYASAAEgJHAfD_BwE,https://sanalabs.com/products/sana-learn/?utm_term=&utm_campaign=Retargeting-Learn&utm_source=adwords&utm_medium=ppc&hsa_acc=4334994313&hsa_cam=22188201582&hsa_grp=174402019357&hsa_ad=731664947257&hsa_src=d&hsa_tgt=&hsa_kw=&hsa_mt=&hsa_net=adwords&hsa_ver=3&gad_source=5&gad_campaignid=22188201582&gclid=EAIaIQobChMIusCVnrXnkwMVjw13BB0WUCSQEAEYASAAEgJHAfD_BwE,yes,yes,yes,yes,yes
857,https://www.googleadservices.com/pagead/aclk?sa=L&ai=CsPcWiy7baaTTCpOB3NMPyf_0kQn7t7aKebeKpcSHFpu9ibiMDhABIK2ymipgx9X_jYQmoAH1hbTiAsgBCakCABmVgA2Bkj7gAgCoAwHIAwqqBKwCT9CzsyySG8e3VUR63sB6Ap-i0lG-q4bTff2gcVKridRck8qSnK5vB6rj2QgVldCp9zEq82mqJwiOXECWu1dusFzgibfmi9QNjSc3OosdA9ft4SgqPEkfESC_bYX0ccnDkTtUXtpmwYS9jjc3B6wsMjk2Ho43MSK576xrOR6BW9uhuISgNNv1bHUzdkatM__VBNdqnnBpt9pkEbK4eDvep1LHXJAREbpEvgz3WU4yrZHmhWLQywsSLmjrZZiSzTXT06Wwn6kVjRd1YfMhmIQ30eM6a2wGPgE8RQRAdHEcNkuiOd-GM9CsPpcWF4ARFNr89uGCBekl0u7aGy9MWIqkfwH6jhnydgxYvq61FOjWnlf3IDc2oAx753sYB1QynylcvPxIJYEvqdCt8hvQwATz5464wwPgBAGIBfr3qoEwoAYugAfz-cudAagHp8yxAqgH4tixAqgHpr4bqAfMzrECqAfz0RuoB5bYG6gHqpuxAqgHjs4bqAeT2BuoB_DgG6gH7paxAqgH_p6xAqgHr76xAqgHmuGxAqgH1ckbqAfZtrECqAeaBqgH_56xAqgH35-xAqgH-MKxAqgH-8KxAtgHANIILgiAYRABGB0yCIqCgICAgIAIOg2AQIDAgICAgKiAAqgDSL39wTpYnsDKl8vnkwOxCZZfCmq3zZBJgAoDmAsByAsBgAwBogwDkAEBqg0CWkHIDQHiDRMI9ebKl8vnkwMVkwB3BB3JPz2S6g0TCLOZzJfL55MDFZMAdwQdyT89kvANAogO____________AdgTDdAVAZgWAcoWAgoA-BYBgBcBshcQGAEqCjQ1OTc3NzgxMjNQBroXAjgBqhgXCQAAAADgMvBAEgo0NTk3Nzc4MTIzGAGyGAkSAsBPGC4iAQDQGAHCGQIIAQ&ae=1&gclid=EAIaIQobChMI5MTMl8vnkwMVkwB3BB3JPz2SEAEYASAAEgI9j_D_BwE&num=1&cid=CAQS4wEABaugfTsfY3_XWLfpc8ijEBbyjbehNvV5cGNKK81vOjMs_nAessoJYOnT5X364PVSCBNAhfye68RI6Gm1x0g0CRSUKLEnZppJNpAlHp-y2hOXYOOH58PKQAPwMakGlsjca6k1Zd3WKvgwMtMhnYEmhVGUZbABjbXtc8zWAMk76xb2ey49gjw_7nUEFtg-mFLIhJFt8NE7VV7SYfbUK8x3g5s3_W0X6rlzMObyVz2vX1RoAmJRazBOW5roOF-T95xbjcCn4qJyjok8WYgSM79ZIoTuwZI4ImWio5E_X4yxqIf3yBgB&sig=AOD64_1YZjpAf3NUizktbnb7AJTF25vTqw&client=ca-pub-8864803855381259&rf=4&nb=9&adurl=https://www.sote.pl/ai%3Fhash%3Dd3e5f46763f55998fd3d4ae63bf794fa%26gad_source%3D5%26gad_campaignid%3D12887702522%26gclid%3DEAIaIQobChMI5MTMl8vnkwMVkwB3BB3JPz2SEAEYASAAEgI9j_D_BwE,https://www.sote.pl/ai?hash=d3e5f46763f55998fd3d4ae63bf794fa&gad_source=5&gad_campaignid=12887702522&gclid=EAIaIQobChMI5MTMl8vnkwMVkwB3BB3JPz2SEAEYASAAEgI9j_D_BwE,yes,yes,yes,yes,yes
858,https://googleads.g.doubleclick.net/aclk?sa=l&ai=CpLXKtBnbaaOtLPGTjeYPn8XG6QW6z-KqhQG_1uOMwBX6tIzxvgEQASCGiOacAWDH1f-NhCagAbrsrbIpyAEGqQJg_bOzIauzPuACAKgDAcgDCqoEvQNP0LCQHyhee8cKu1wHnZ7mBoA92Tlipml_EUycvlDmsq3YyhDsD_iL4kIb-JHV-c5Dqlf1dxuJDHI6VUB6HeEqQ-lWU_B0E9pRZqxq9p3sGru-JL9P9g6ZAfbN88Md1lKmcpf6ugh2gRmph8j1nD8eeGEoBeTkRWkuN-LvNR7vBtwXqCf8VHPrZ3dvyuWKPK3wxe06uPP0tgspuPO_KrbLhTi2-bxnUZHOGsolvc87YD9eHtW7epW8Jqw__G3_SsKMdM3r2dW5aEyDBYSIVLNNOBHA8g1T6pifvMXGgJYgwDaMWDaGWmCbdD3XCRXfCp9xXK0mQRTCUvY3V3yRXHSiYmXDMG30ppKJTlViro5RC7aclc5jABHJ-VZWUhjQBSUxr9i8D_1Io2iEjvEBtgzhMp3qnbqAoFGE-wmiY38wn9sak3oKWFDOOQrxWmgffJTmQX7ld6j3eHzEOs45DeWcR7tibRsFxEZ1sZz3-5RSffgEVO2bDonN0US2RM3V_QAy5EU878nYE9wWC2bqZe_RCNN051p9xnlO95IeaZa5CerPMfSkDDI0Hhig7Ey8K6fkT1cPjzg5dYPN9HVjwASOouSq0wXgBAGIBYfjjYpKoAYugAe6pP6RBKgHp8yxAqgH4tixAqgHpr4bqAfMzrECqAfz0RuoB5bYG6gHqpuxAqgHjs4bqAeT2BuoB_DgG6gH7paxAqgH_p6xAqgHr76xAqgHmuGxAqgH1ckbqAfZtrECqAeaBqgH_56xAqgH35-xAqgH-MKxAqgH-8KxAtgHAdIILwiAYRABGJ0BMgiKgoCAgICACDoNgECAwICAgICogAKoA0i9_cE6WKz59ae355MDsQlrRxv5ApGaFYAKA5gLAcgLAaIMA5ABAaoNAlpByA0B4g0TCO6g9qe355MDFfFJwwYdn6IxXeoNEwjJsPent-eTAxXxScMGHZ-iMV3wDQKIDv___________wGwDqqire4Y2BML0BUBmBYByhYCCgD4FgGAFwGyFxAYASoKNjc5NzU4MTAxMlAGuhcCOAGqGBcJAAAAAKB5GEESCjY3OTc1ODEwMTIYAbIYCRIC704YLiIBANAYAcIZAggB&ae=1&gclid=EAIaIQobChMIo9f3p7fnkwMV8UnDBh2fojFdEAEYASAAEgLvbfD_BwE&num=1&cid=CAQS0gEABaugfSieqOt2-tbEcHmFpN3aqW3WQr6aWQ3_wsIl6cEknb5vBSrAnKkIdqxNJI70RcEx-0WCqWxJn-XH31M4WHX71DAQok7bFq4gQvmNh1CQK786JEToyF1Sd5sYlcIqHJTd4hqVwirz9nWN2P_3pOWz1Wp5uWDv4nbfCxGdlmEZPCyotoj-Wp-ByNx_881Cow-Dknj7VELE6AUqfTmE34CS3owj0JNnOYI8gaDw8qt08BrGEE8gLJAX48_P5npAJqjj5MRRNqgxqewHG57aVDIYAQ&sig=AOD64_0He7auJIG0ViF70TOeFiN4LcCSNg&client=ca-pub-8466440498224020&rf=4&nb=19&adurl=https://invest.orocash.it/%3Fgad_source%3D5%26gad_campaignid%3D19885420935%26gclid%3DEAIaIQobChMIo9f3p7fnkwMV8UnDBh2fojFdEAEYASAAEgLvbfD_BwE,https://invest.orocash.it/?gad_source=5&gad_campaignid=19885420935&gclid=EAIaIQobChMIo9f3p7fnkwMV8UnDBh2fojFdEAEYASAAEgLvbfD_BwE,no,no,no,no,no
859,https://www.googleadservices.com/pagead/aclk?sa=L&ai=C5v0fIDPbaY77Hdub3NMPwZSRwQX6qe-jhgGRm9q-qhWOge3IgyoQASCb3IkiYMfV_42EJqABgsWWugLIAQngAgCoAwHIAwqqBLYCT9BYMZ_7hkUJQMNTFSGIXNRrzkiJMAx24d7ucwCDzxz0J62Fs-5h0puW_aEeSnXJbjU08Syf70WTyNmTj0wbqxcGDS-Nloi0m38i2UDb2t0P7AZLXafZrBp0e3ZSpWYjTsTBE3goW41z1ym0vtAZAS4XdI3kCe2ik92pCKXonms7pAk5k8QpC41uWrPHa-gxAtv-vlmN8UAL-ASfWmmYAKDlCpugp6wQlw07zwBlZ4ZNmd20ZQSrVKo0h2nsA68X02jqWECVOp3iYbbSUALhmh8Xarfeu64SLyFte8C68cyFzDofgFlC-2potPDfh3H5OPjzQokvd3eDVbNc5xjGDrx-Y9M_Li1V0sreQLT5SiLN7bB5dxFbhIDhKNMQMUgucfFsw8jjQRsK4G9N4yg3i7RDj-l1wsAE8uaXs98F4AQBiAXdpcuUWKAGLoAH5rrpxQGoB6fMsQKoB6a-G6gHzM6xAqgH89EbqAeW2BuoB6qbsQKoB47OG6gHk9gbqAfw4BuoB-6WsQKoB_6esQKoB6--sQKoB5rhsQKoB9XJG6gH2baxAqgHmgaoB_-esQKoB9-fsQKoB_jCsQKoB_vCsQLYBwDSCC8IgGEQARidATIIioKAgICAgAg6DYBAgMCAgICAqIACqANIvf3BOliY-YfHz-eTA7EJbovRQ8KoneuACgOYCwHICwGADAGqDQJaQcgNAeINEwjYm4jHz-eTAxXbDXcEHUFKJFjqDRMI3dGJx8_nkwMV2w13BB1BSiRY8A0CiA7___________8BsA6_8L31GNgTC9AVAcoWAgoA-BYBgBcBshcQGAEqCjQ2NzYwMjE2NjRQBroXAjgBqhgXCQAAAABwtwJBEgo0Njc2MDIxNjY0GAGyGAkSAq1RGC4iAQDQGAHCGQIIAQ&ae=1&gclid=EAIaIQobChMIjouKx8_nkwMV2w13BB1BSiRYEAEYASAAEgKjPPD_BwE&num=1&cid=CAQS0gEABaugfa0MmuOqxsjqu79v6af4sYjaWXPqYaxswYR8L0T_0hJhxybnvC3rsXY3cJtxFWTkww_PlkjWBjg0svjMUr3hir7_yH_SubBpj5B3Hkg503zcoOfy9H5TIclFx9S9it42CzJ85IosG579JUuKR1-ZFx2HyQV7VhtBvhT7qGtkxhoOXjnJaj4JFclupWHJJe2gMMa6uf5bDyT6Wa38-9-8boZw16K8mW63BJP69uXjSWmjUlqf_USUyiAuUGTyLO-t2E_2aBkViObKtWLRKMsYAQ&sig=AOD64_24QtR9cXHpXdyVJeoOLDa6NfDRZg&client=ca-pub-8241049497608997&rf=4&nb=9&adurl=https://www.prairieguesthouse.com/%3Fgad_source%3D5%26gad_campaignid%3D23665496797%26gclid%3DEAIaIQobChMIjouKx8_nkwMV2w13BB1BSiRYEAEYASAAEgKjPPD_BwE,https://www.prairieguesthouse.com/?gad_source=5&gad_campaignid=23665496797&gclid=EAIaIQobChMIjouKx8_nkwMV2w13BB1BSiRYEAEYASAAEgKjPPD_BwE,,,,,
860,https://www.googleadservices.com/pagead/aclk?sa=L&ai=Clt9S7NTZaZDhHriejeYPsJqZAe-zmJOGAd7bzqrcFeup_8WTRxABIMKIuSJgiYvEhPQToAGFuI3xAsgBAuACAKgDAcgDCKoE3AJP0OV4wybH0tStl7gN4Zh8fHwQ0aQpzkeEb-baOidaGfhP2N4QqXVapPjBaB5lMt_a0x4vht-L_w71WJoMyOWh_osoW67q3Kwr9p1taxWvWuvElJ5vHIktcZJUEkTISbfejPltaLC1i27ltiVwPPWkvnWL-ZsMsvJYzX9s2ODbEtmO8MNkvXJsJeMZrnJZmRM4XB4sUS8lbEbMUzdXmuF8lZjv4hCRseibd48rey2ES7rBK3fK1lpC6AQgkCGG7C75IWvLeoJDwAU0i8l7b6q-L1RghEmOsbkqO29Ij92IfvExm8Y84WW2owbqpZcdlSKErQc7dXg-apuurYvtz0CUnZHVzJ5mAZqIW3CRxylrm0oQgC3uqvaFD1EDygY9fBEo7RuBAsmn2AGGTPRgzzJnAwGkkgH8BefTRDCWVBUfaU9E2b4NjnHS1_jvlHUtjk9axN9NAmARD2buDRDABP6K1ufjBeAEAYgFmoiZpVigBgKAB-PH8o4BqAenzLECqAfi2LECqAemvhuoB8zOsQKoB_PRG6gHltgbqAeqm7ECqAeOzhuoB5PYG6gH8OAbqAfulrECqAf-nrECqAevvrECqAea4bECqAfVyRuoB9m2sQKoB5oGqAf_nrECqAffn7ECqAf4wrECqAf7wrEC2AcB0gguCIBhEAEYHTIIioKAgICAgAg6DYBAgMCAgICAqIACqANIvf3BOlid19TJgeWTA_IIG2FkeC1zdWJzeW4tMzQ0ODM0MTg1MjkyOTI1M7EJt0ZziJc-ViuACgOYCwHICwGiDAOQAQGqDQJKUMgNAeINEwjf9dTJgeWTAxU4T8MGHTBNJgDqDRMIhdvWyYHlkwMVOE_DBh0wTSYA8A0CiA7___________8B2BMD0BUBmBYByhYCCgD4FgGAFwGyFxAYASoKNDgxMjExMzE1MVAGuhcCOAGqGBcJAAAAAFAr80ASCjQ4MTIxMTMxNTEYAbIYCRICwlEYAiIBANAYAQ&ae=1&gclid=EAIaIQobChMIkIfXyYHlkwMVOE_DBh0wTSYAEAEYASAAEgLoc_D_BwE&num=1&cid=CAQS0QEABaugfSedBVrHKhZ7ORYwB9wnUv2gPSW0KOXyZMRBIZS15yORJ9W3DJ0wzkZPXa-Fmk_Fw7HZeq29_7c5Lawz7u2_RUwoG5F_xxkNXTlr6KOjXSavU2S4ZTa0bTJ3f9KHGv5hU5LLI2tWx2fiJiwJu6tboKpFOUcGQ5jShzzBX7lmYU9hioL-79mbazqGtnrgrxTTh7a92zt9tzaCT0jSJOr44yZ1N55TDSV9fUsw-fN3_fS8h5hzYm4u0jC6Ewhmb5cI7izmzuOpIbn9nE_BLxgB&sig=AOD64_1UnCNAyWIgQZ6z9qs0ukE3r-Ti0w&client=ca-pub-5610521491184789&rf=5&nx=CLICK_X&ny=CLICK_Y&uap=UACH(platform)&uapv=UACH(platformVersion)&uaa=UACH(architecture)&uam=UACH(model)&uafv=UACH(uaFullVersion)&uab=UACH(bitness)&uaw=UACH(wow64)&uafvl=UACH(fullVersionList)&nb=2&adurl=https://www.sugar.org/sugar/real-sugar/%3Fgad_source%3D5,https://www.sugar.org/sugar/real-sugar/?gad_source=5,,,,,
861,https://www.googleadservices.com/pagead/aclk?sa=L&ai=CEbe4MTvbaf7oM7aR3NMP3ZePsQT29uC0hgGSo5CanhWbzr6ksUYQASCLiIMoYMfV_42EJqABwuuR-gLIAQmpAkeZBpO2WHA-4AIAqAMByAPLBKoEpgJP0JaqdnZ5hhM-oKQuVhK5390lH86YI0Hpb2YDJQZ9PrMWIxmYGETXQg7F57OLm4K4Dq8sAJOTlmt1oaPQ5gx6jQ-yARhv8rjOPU5PRQ2fY9713NsSahCOUDlZubDaDOVuz-MjB0dlEh6RBIzO1khjjXwSe_F3bgJJ7jDJgbafQ6bTLls6zBx5Njn8oLLHuZa9i7fWpd8cE6GsfWLIlRWSwd__1M7svPb_KOOEz32AeJpIgUj3boJcOUci3F_yb4YQSkWgqZk-bBVtXjB-Uc__mFZcVtHtYyZXR3xAK6ZJ6zk-hUTweImkngWU1qpXKYtVQDWL_c9IITHX8xGjfKCR_-Y3muhawLhtSqZreZ3wXHhUhRIM8homB8bwMKYa8YPyBmxzxjXABK6x5N_GBeAEAYgFyaeb_FbABQX6BQYIJRABGACgBi6AB6aU7oUBqAenzLECqAfi2LECqAemvhuoB8zOsQKoB_PRG6gHltgbqAeqm7ECqAeOzhuoB5PYG6gH8OAbqAfulrECqAf-nrECqAevvrECqAea4bECqAfZtrECqAeaBqgH_56xAqgH35-xAqgH-MKxAqgH4tixAqgH4tixAqgH4tixAtgHAMAIAdIILwiAYRABGJ0BMgiKgoCAgICACDoNgECAwICAgICogAKoA0i9_cE6WIji8p_X55MDgAoDkAsDmAsByAsBgAwBogwFSAGQAQGqDQJaQcgNAeINEwiiqvOf1-eTAxW2CHcEHd3LI0bqDRMI3OP0n9fnkwMVtgh3BB3dyyNG8A0CiA7___________8BsA7SteHfGOASodGl4fTwr_TIAdgTC9AVAfAVjevYQfoVEjAwMDAwMDAxMDMwMzM0MjAwMZgWAcoWAgoA-BYBgBcBshcQGAEqCjU5MzU2MTc2NjdQBroXAjgBqhgXCQAAAACI4QVBEgo1OTM1NjE3NjY3GAGyGAkSAq1RGC4iAQHQGAHCGQIIAQ&ae=1&gclid=EAIaIQobChMIvsX1n9fnkwMVtgh3BB3dyyNGEAEYASABEgJYlfD_BwE&num=1&cid=CAQS0gEABaugfTTSbdMk0EWN__18pKjRGQWg8MAAHcIf00AsauOoIGJ38CFgK7FpT8SjT6C1dGrlpZl-NwUfTE4CL0V7pkvEeFmadJj_9V17guDb-B7xqwpcyxOkDVly5l40Hd_WeaSYvCBNiOdVmRUTqlCPzAlyXh1Rx5ru_ngev3vS2o-ywsFbSocV9yQFFUh4TytftZC9oGduisXXPnKEV6jpb9h0UT7e-oCmP0cBaY_lvLqIbjgMxAvqTfyDVS0iehXKmeQ3CIrM5uFLpbVJTOpz6S8YAQ&sig=AOD64_19AGW9K3SHPfAGz0sHLSUlf9NJZw&ctype=5&client=ca-pub-9172700587175332&nb=9&adurl=https://www.rochester.co.za/kylie-3-piece-leather-daybed-hazel%3Fgad_source%3D5%26gad_campaignid%3D23345943497%26gclid%3DEAIaIQobChMIvsX1n9fnkwMVtgh3BB3dyyNGEAEYASABEgJYlfD_BwE,https://www.rochester.co.za/kylie-3-piece-leather-daybed-hazel?gad_source=5&gad_campaignid=23345943497&gclid=EAIaIQobChMIvsX1n9fnkwMVtgh3BB3dyyNGEAEYASABEgJYlfD_BwE,yes,yes,yes,yes,yes
862,https://googleads.g.doubleclick.net/aclk?sa=l&ai=Ch0CvqS_baf_5KOeLjeYP4byu-AT7t7aKeZ_LwbqEFZ-kjvroDhABIL_wxB5gx9X_jYQmoAH1hbTiAsgBBqkCABmVgA2Bkj7gAgCoAwHIAwqqBLoCT9BAHWQD_9l0twVVOEIksa3fPA3Rg25KMpzu7gJTP08aUDw58drwlAPxlSXdRIySureRKh2_g0bMpcoKiY0WLlyVtP1dUd37NXZC06kyVbatLjVjQq8TAVoGIKy8eZsd8vR8RQ6nfyM3vMb2QTzeiUEJaPfVJ_-_znKjpjAJGgZsDQUPjXIsA5xM61iijzxJCZo36vuA9q9fhcPSpbbZVDSP8mLHHm_iEPKBhrFabWJq6SuUnlrVZ7oIneCNgki7IrXk7j--d5KNQFWOqVgYhKescCdkpQJiw6xn7hJRZY8d8ifhLtUz382sqy8SBCWyt3cqGc2yMhi5Vhzhi7kOSIz5vajXR1U5CLM5zK45njFxKlRC-ppTHOCsiPNMeXKTxppAo0g2gKDOOYjjNXNswoTkxfaITA7SjabABPPnjrjDA-AEAYgF-veqgTCgBi6AB_P5y50BqAenzLECqAfi2LECqAemvhuoB8zOsQKoB_PRG6gHltgbqAeqm7ECqAeOzhuoB5PYG6gH8OAbqAfulrECqAf-nrECqAevvrECqAea4bECqAfVyRuoB9m2sQKoB5oGqAf_nrECqAffn7ECqAf4wrECqAf7wrEC2AcB0ggvCIBhEAEYnQEyCIqCgICAgIAIOg2AQIDAgICAgKiAAqgDSL39wTpYy7GYoMznkwOxCZZfCmq3zZBJgAoDmAsByAsBogwDkAEBqg0CWkHIDQHiDRMIhNWYoMznkwMV50XDBh1hngtP6g0TCJ2bmqDM55MDFedFwwYdYZ4LT_ANAogO____________AdgTDYgUAdAVAZgWAcoWAgoA-BYBgBcBshcQGAEqCjQ5MTcwMTgxMDJQBroXAjgBqhgXCQAAAABgKABBEgo0OTE3MDE4MTAyGAGyGAkSAuhZGC4iAQDQGAHCGQIIAQ&ae=1&gclid=EAIaIQobChMIv_KaoMznkwMV50XDBh1hngtPEAEYASAAEgKJy_D_BwE&num=1&cid=CAQS4wEABaugfZtrCLwBZ6P_g5xki8B696RBaCQV8vD0NZglw7kPF_wOl_tKJQUInsQDw67DGerd6zXZSrGNrtNW1nlIxv9avq3IsrDuTgcLKm7Yq2HrC0nrybCo4BwFGzO1-Rks-qaTdlQfcSEDOcdyqOy6jUVZOBNp7MDQLzu7MPpoxGFrzq0KhS9q1ln8DXrweRvx8uxuuPPKjaELaQhrUA1QXfM0ZBzgG67_OkepgIy_8vcifZ_VowrpXpDvQGKhzVKDF-4fHnLmuOn6VZj8C-iz3ODWrBWe8GckVvUepzXn3Km2txgB&sig=AOD64_2lTafvQWYnV10aOo3QXsrQq9cmWw&client=ca-pub-2048723688233790&rf=4&nb=19&adurl=https://www.sote.pl/ai%3Fhash%3Dd3e5f46763f55998fd3d4ae63bf794fa%26gad_source%3D5%26gad_campaignid%3D12887702522%26gclid%3DEAIaIQobChMIv_KaoMznkwMV50XDBh1hngtPEAEYASAAEgKJy_D_BwE,https://www.sote.pl/ai?hash=d3e5f46763f55998fd3d4ae63bf794fa&gad_source=5&gad_campaignid=12887702522&gclid=EAIaIQobChMIv_KaoMznkwMV50XDBh1hngtPEAEYASAAEgKJy_D_BwE,yes,yes,yes,yes,yes
863,https://www.googleadservices.com/pagead/aclk?sa=L&ai=Cy1osTh_baayBAsiJ3NMPzrGH4QW6quaZYcv-9eafCq_qor3AARABIOjkthNgx9X_jYQmoAGx9-DgA8gBCeACAKgDAcgDCqoEtAJP0APy9PD3IxFnKlEq4v5gBEWL1GaEkpqfdZp4pcaNvr3L3dFKmSI0yi_l9RHnAzrXRYl2wwbyxq1yxd60k9OlNvs3M7HrMrPOOp7Dl1GIKuxYn1TIlifPh8ginabJ3XYkYXRwqxW5WTP1LKov4MhTNM0oK4Eh-LfEgGauGysbPTMt3fIu4ZInb4_1cWIdstdDUESJY8s2DdVp-pb2A4jSZnung5MSti6Kc_DTVtyPEGSFeWQSHKSs-s8t0CeM4Qg10iUTn5rGPRSnJkunV41ycacXbiq-Gyg9LmX0P56bMjP-o-qjWlYGBRmzOMek2ka21VzfDXIBeX66LUqL9SOQi7tHlLr6vYBowLhrni1kRwmysPTXNyC2ZaUucdaK4G5UTGtKjMgLXVak2yrxyGzoUrUkrsAE-P_x1eEB4AQBiAX-kIWYBaAGLoAHt4ifH6gHp8yxAqgH4tixAqgHpr4bqAfMzrECqAfz0RuoB5bYG6gHqpuxAqgHjs4bqAeT2BuoB_DgG6gH7paxAqgH_p6xAqgHr76xAqgHmuGxAqgH1ckbqAfZtrECqAeaBqgH_56xAqgH35-xAqgH-MKxAqgH-8KxAtgHANIILwiAYRABGJ0BMgiKgoCAgICACDoNgECAwICAgICogAKoA0i9_cE6WIfpr9O855MDsQlnL0ycmDbU_oAKA5gLAcgLAYAMAaIMA5ABAaoNAlpByA0B4g0TCI-RsNO855MDFcgEdwQdztghXOoNEwjfq7HTvOeTAxXIBHcEHc7YIVzwDQKIDv___________wHYEw2IFALQFQGYFgHKFgIKAPgWAYAXAbIXEBgBKgo4MTgwNDI0NDc3UAa6FwI4AaoYFwkAAAAAAFYqQRIKODE4MDQyNDQ3NxgBshgJEgLvThguIgEA0BgBwhkCCAE&ae=1&gclid=EAIaIQobChMIrOCx07znkwMVyAR3BB3O2CFcEAEYASAAEgJpr_D_BwE&num=1&cid=CAQS4wEABaugfb4VCaJ7B1x__pDBHhQHGaHJQwcQ4Dxw08orN_Pin-NcgiagK2LPaAth7jc6PdNE3fponEODW3GRwi1H8-r1l8MCzGjAagjkxvmVJO1SIM7M8YEbN2o7X3xRhe5NV6w_mwSkPhQ1bSLxiuOE8mklnKNsnYKV4NZu4NGWv0Im37qFruiPFkCHQq1fN7AoexYGfFOxbEN3HsbyCNV8NIVzzzUj7Rj_6n23tob050nFo9KNaHXT-8CYUbp58cvbdieOr43OzE5WgbQ9ZIvRYu1Qwu9389Sm-vAO-UvxXvLQtRgB&sig=AOD64_1m1MOgh9FN_IBLl7DBzrnejq9_sg&client=ca-pub-9922974912311690&rf=4&nb=9&adurl=https://thewealthyinvestor.net%3Fgad_source%3D5%26gad_campaignid%3D1392593022%26gclid%3DEAIaIQobChMIrOCx07znkwMVyAR3BB3O2CFcEAEYASAAEgJpr_D_BwE,https://www.thewealthyinvestor.net/?gad_source=5,no,no,no,no,no
864,https://www.googleadservices.com/pagead/aclk?sa=L&ai=Cm69jUa7ZaZj5De-MjeYPo4Sz0Aad4fKwhgHniPu8xBSQ7PPriBsQASDyqukoYImLxIT0E6AB4em0yz3IAQKpAhA1BGu2I4E-4AIAqAMByAMIqgS0Ak_QjhqgMtVKuh9m_V9IpME-1txgR3KNavnZ9gRkqLCXs5FYE3yARMnll2ZEInW-yuUqgNWQHAZTeP4j5hDiUvMKqvv72qfzW2wrSp4LpLwXeeWWN2GNHvYtDvYpDwLTgwBGtqpZvrO9zSyEXEjgNSEiBvNJQKUN28GKEbhnTBxaSMtQ2dh6eSzY2DdK_IV4crw-7Hkb5TCdTbCsTS2cEQY7CxmQz9B4kYMNKVZNySGizMbc2bZ-D0TZpS-i0Q36cGkNNCb-lrBOOUlRpX3ncDO-gj_RrpPz8VLccPUvKlqCX7Zdx2GkrTcsgL09PJaM35YLdsH8U_o9vCvtFd3EFKxzbq_cq4-g1rVoMJKiepGpF1e9_s6il3u2G60YtqvExUkT1s0naIi4fHHv6xGqVa5_6yHYwAThydaCpQXgBAGIBeu99NVToAYCgAfhoYWrGKgHp8yxAqgH4tixAqgHpr4bqAfMzrECqAfz0RuoB5bYG6gHqpuxAqgHjs4bqAeT2BuoB_DgG6gH7paxAqgH_p6xAqgHr76xAqgHmuGxAqgH1ckbqAfZtrECqAeaBqgH_56xAqgH35-xAqgH-MKxAqgH-8KxAtgHAdIIMgiA4YAQEAEYnQEyCKqCgICAgIAIOg6AwAOAgISAgJSu4AOoB0i9_cE6WIm0-eDc5JMDsQl2OpyMgrj3yoAKA5gLAcgLAaIMA5ABAaoNAkpQyA0B4g0TCLnx-eDc5JMDFW9GwwYdI8IMauoNEwiDq_vg3OSTAxVvRsMGHSPCDGrwDQKIDv___________wHYEwzQFQGYFgHKFgIKAPgWAYAXAbIXEBgBKgo0OTI4MzEzMzk2UAa6FwI4AaoYFwkAAAAAQAbiQBIKNDkyODMxMzM5NhgBshgJEgKwUxgCIgEA0BgBwhkCCAE&ae=1&gclid=EAIaIQobChMI2OX74NzkkwMVb0bDBh0jwgxqEAEYASAAEgKsuvD_BwE&num=1&cid=CAQScAAFq6B9p3aDEUjT966nhxBRro3vhFP0Sq0jPBbeKRKs_BppnEtKB473Zm5j0c0uyaRqSuAyjUF8sp4qR8uBtlRoo-klxIfDGxcCnQl7NzqnnByh9TE5psQXdrUnUIenLtpBQi34rp0KxIu-ERCvjf0YAQ&sig=AOD64_0O5PKY_2_Qdl4NzwE6ZDfgH05oBA&client=ca-pub-8750086020675820&rf=5&nx=CLICK_X&ny=CLICK_Y&uap=UACH(platform)&uapv=UACH(platformVersion)&uaa=UACH(architecture)&uam=UACH(model)&uafv=UACH(uaFullVersion)&uab=UACH(bitness)&uaw=UACH(wow64)&uafvl=UACH(fullVersionList)&nb=2&adurl=https://www.gametacts.com/hot_game.html%3Fgad_source%3D5%26gad_campaignid%3D22460309227%26gclid%3DEAIaIQobChMI2OX74NzkkwMVb0bDBh0jwgxqEAEYASAAEgKsuvD_BwE,https://www.gametacts.com/hot_game.html?gad_source=5&gad_campaignid=22460309227&gclid=EAIaIQobChMI2OX74NzkkwMVb0bDBh0jwgxqEAEYASAAEgKsuvD_BwE,yes,yes,yes,yes,yes
865,https://www.googleadservices.com/pagead/aclk?sa=L&ai=CTu_VnybbaZjbEbSUjeYPkIqYmArFnOWkhgHS3I3o_xT0wrWrrgEQASD6qYoXYMfV_42EJqABuofI-QPIAQngAgCoAwHIAwqqBIIDT9Bx2ZfiIxct4I1Tfgih5DvKlsTBi90EyGDe0_WdpiRV1CLPl9oD3ofFeCrO04o01KT9Ke4-5Hc7k_eDgSaxeiWzhuGO6Pv7luxMQuxzI1wIE3_ma2CRgbtZ0WMM1gvSbfk0CPNSmY4aJ8ISIFUu_-Ts84IMD3SwsghpgL1yNe2keI6Zz-0oQ2nW340yrpEpeRJijkXohXw8fcInSCrzIlbjDV7-dXwk7OobpsV9QByrqsZHvG0L2DJMgLz-JILFhyjnWTwf2-AJs4ijO943NW39NcU9r66ZIAtkrA_xBq4s6y0e7CjMmd5NEdCpJXcS0PmX6I3TQEM3SQODtsS8ABTOgxQi1tCdaZpfFUVjrhwY3f6gCH2rJKnq8zq_2oqD2u6JOo5Ja4Z7Ua9sxuPt40P_x9Ne0H9Gruv6IsvnRFkltvK5gvZnP-wLQRFpQ3MmHUR0vq6DU4NYjVRgwHTeflKgXU1IrJi6awwKAwC86f7aZz06WiRABUiZrf6Atq_WILfABMnIouXjBeAEAYgF84LirVigBi6AB674twaoB6fMsQKoB-LYsQKoB6a-G6gHzM6xAqgH89EbqAeW2BuoB6qbsQKoB47OG6gHk9gbqAfw4BuoB-6WsQKoB_6esQKoB6--sQKoB5rhsQKoB9XJG6gH2baxAqgHmgaoB_-esQKoB9-fsQKoB_jCsQKoB_vCsQLYBwDSCC8IgGEQARidATIIioKAgICAgAg6DYBAgMCAgICAqIACqANIvf3BOlifsc7Qw-eTA7EJp7xa469lK2KACgOYCwHICwGADAGiDAOQAQGqDQJaQcgNAeINEwiB3M7Qw-eTAxU0SsMGHRAFBqPqDRMIw_bP0MPnkwMVNErDBh0QBQaj8A0CiA7___________8BuBPkA9gTDogUAdAVAZgWAcoWAgoA-BYBgBcBshcQGAEqCjkzMzI3OTI5MDZQBroXAjgBqhgXCQAAAABg5OxAEgo5MzMyNzkyOTA2GAGyGAUYLiIBANAYAegYAcIZAggB&ae=1&gclid=EAIaIQobChMI2KbQ0MPnkwMVNErDBh0QBQajEAEYASAAEgJVnfD_BwE&num=1&cid=CAQS0QEABaugfWXaIV1EOxiZDnm9Zav0p_t1Jw5fcCAsIa_AgMTufEZB3ogAZMIc1f81txjvh9Uc_RA8N1iLhGmkdVZC6nCuOB1H3q5NHgyklgg4C7psrTQiCb_Pegm0UILNpciOL39C2W7KOb1m_vnkRSjg742DfrZstlVjcUKiwDBVYH1yLvVq2o_dTLBmR5v86svDsJ7-u8bUW5MzMMTPiJvHtuo6t2kP4XAxAb7PAks3zKBfjzSnpVjvJi423ICiFD_POhMyUNV0n129Y2UGA-NKuhgB&sig=AOD64_2PP2PSktG9zKOPbRN-8OtrkOKwlQ&client=ca-pub-5405132603504384&rf=4&nb=9&adurl=https://www.frontlineeducation.com/for-the-work-ahead/%3Futm_id%3Dh-hr-hc250223-ht260186%26utm_source%3Dgoogle%26utm_medium%3Dcpc%26utm_content%3Dg-0%26utm_term%3Dlanding-page-display-ad-%26utm_campaign%3Ddia-go-hr-hc250223-ht260186%26utm_source%3Dgoogle%26utm_medium%3Dcpc%26utm_campaign%3D23718297971%26utm_content%3D198586180681%26utm_term%3D%26device%3Dc%26placement%3Dnymag.com%26_bt%3D803635815755%26_bm%3D%26_bn%3Dd%26gad_source%3D5%26gad_campaignid%3D23718297971%26gclid%3DEAIaIQobChMI2KbQ0MPnkwMVNErDBh0QBQajEAEYASAAEgJVnfD_BwE,https://www.frontlineeducation.com/for-the-work-ahead/?utm_id=h-hr-hc250223-ht260186&utm_source=google&utm_medium=cpc&utm_content=g-0&utm_term=landing-page-display-ad-&utm_campaign=dia-go-hr-hc250223-ht260186&utm_source=google&utm_medium=cpc&utm_campaign=23718297971&utm_content=198586180681&utm_term=&device=c&placement=nymag.com&_bt=803635815755&_bm=&_bn=d&gad_source=5&gad_campaignid=23718297971&gclid=EAIaIQobChMI2KbQ0MPnkwMVNErDBh0QBQajEAEYASAAEgJVnfD_BwE,yes,yes,yes,yes,yes
866,https://www.googleadservices.com/pagead/aclk?sa=L&ai=C5f0PqC7bafz_J82AjeYPiImLeKbX9NyEAeX07KuMEZSywp6WOhABIKP-wh9gx9X_jYQmoAGCq_mUKcgBCakCABmVgA2Bkj7gAgCoAwHIAwqqBMYCT9ByysPuOfnQjW14I0q0uVF8y_wLiQMpt90Bpf780sTFd9WL6ME1_C2ffvk0Z8cJBtBglAQOytMO-rAfqSpWJ5FQJZbX_F9QgN0PDZLBvziherrvO2fc9BsaESIVdZtxFoSiNCgaiQvWxer24f-AyVS-0HjkENftjxewQWukdmvfRNZlAoiWlUeK5WC-sKDxyZZuR6XV7rqBB3y4us7LJuy-xw55n8tA_Go7cDDF-1B2Z9EYy8mzcrI-RajL7w1JGi-WadipOTcytWHz8KLLCiwhfixPPZ00FCwjWyFEQFOGGcoW24CGEJllR7BEEvgVKHt2ix9dXLHKm3hiIBdfSzuFS75b7kDDXDGqtDN2dr76GGT-is5g_gN2tyYQxCXJMrlMjMM00TOrwkHbB7JVqzK2O6sghqs62lb82TVgz9SMjHfjKvPABNT5xJa5BOAEAYgFn-S7lEqgBi6AB4LjyfQDqAenzLECqAemvhuoB8zOsQKoB_PRG6gHltgbqAeqm7ECqAeOzhuoB5PYG6gH8OAbqAfulrECqAf-nrECqAevvrECqAea4bECqAfVyRuoB9m2sQKoB5oGqAf_nrECqAffn7ECqAf4wrECqAf7wrEC2AcA0gguCIBhEAEYHTIIioKAgICAgAg6DYBAgMCAgICAqIACqANIvf3BOli73dGly-eTA7EJHpDlUQP43MaACgOYCwHICwGADAGqDQJaQcgNAeINEwjIidKly-eTAxVNQMMGHYjEAg_qDRMIysLTpcvnkwMVTUDDBh2IxAIP8A0CiA7___________8B2BMNiBQI0BUByhYCCgD4FgGAFwGyFxAYASoKNjgwOTgwNTU4OFAGuhcCOAGqGBcJAAAAAMCe_kASCjY4MDk4MDU1ODgYAbIYCRICk04YLiIBANAYAcIZAggB&ae=1&gclid=EAIaIQobChMI_PPTpcvnkwMVTUDDBh2IxAIPEAEYASAAEgKGXfD_BwE&num=1&cid=CAQS9AEABaugfTNnM1FxshWsg-8MjsCQ6mPt0a4zmv9rT5TqZp6ZEHJtikEg9fWwNWdtflC7wcyKy_2hU6PBNBx2-B1ssZ0BZNGJTibRFMuZ80TroqNg1Njv8CLj8vnRzvQvGs8XuC96cpQ3bM7NWIKU3cHqfJp3Xe37fN2yyfmuZsdqfEtBe-n3d9Hq2Y3n_bO7RcBB0zYFRyHDX7d3HhM9ZQJtu1rYJiP6PuS-lkLkJsfRjaYpTzLEpsqE9Zqb4An-LsWXcojSZh63pK2riCALfIiP6b7sR8XrxkhGTi7IKK8OMA87qXQ3PgQstSA7uBTe94gjkJSiGAE&sig=AOD64_3mLKrWFH1zjNTrDPH9BFcLYfiGHg&client=ca-pub-3805416966001714&rf=4&nb=9&adurl=https://nickelgrzybowo.com/%3Futm_source%3Dgoogle%26utm_medium%3Dcpc%26utm_campaign%3D19907146271%26utm_content%3D152787041492%26utm_term%3D%26gad_source%3D5%26gad_campaignid%3D19907146271%26gclid%3DEAIaIQobChMI_PPTpcvnkwMVTUDDBh2IxAIPEAEYASAAEgKGXfD_BwE,https://nickelgrzybowo.com/?utm_source=google&utm_medium=cpc&utm_campaign=19907146271&utm_content=152787041492&utm_term&gad_source=5&gad_campaignid=19907146271&gclid=EAIaIQobChMI_PPTpcvnkwMVTUDDBh2IxAIPEAEYASAAEgKGXfD_BwE,yes,,yes,yes,yes
867,https://adclick.g.doubleclick.net/aclk?sa=l&ai=CpXFVHRPbadG0J8iVjeYP0sCLKZ309bmGAeHNwMm-FbCQHxABIIePiyRgx9X_jYQmoAHd88DgPcgBCakCaFcdl2XQij7gAgCoAwHIA8sEqgS7Ak_QEVeQvNMglCWtAtCXrIo3NJJSDkf_LEiS-JzCUMZKoAA7RnBONL_LRCL04xSBffrAZv_mcq-BL27eHwayKrJ5h7YbaTqtN24441ciMeVuXthV5gXruUs4gw-8_6Q1mwSYxqDhPGbDIkbGpmfPhPg7SXBXZ7uY7EzRaAIq8l_mFmlMwUAazn8AsmX5pC-WXnofGDLK1fLr6hwDCvpZ1MOFwhphW80q4mGju9L_oijRg8h84HEMU6cgKpIJWuYi9hB_r0M9jzM0TQcJsZo9K-V2AbInCF7ALUblTVUtrJqML3uHdyZGe5rZLXEDqth_6-9hykb0lp3isZAGDXj9LLlcrQKnJEoW0PlXskAxscOZ_usuQvK220llEvKFgXsEVB5LJdhP_3B7MoCzY9Z09os2afVX0eBUQd28_cAEgJGw7eEF4AQBiAW_z__IV6AGLoAH3auRwBioB6fMsQKoB-LYsQKoB6a-G6gHzM6xAqgH89EbqAeW2BuoB6qbsQKoB47OG6gHk9gbqAfw4BuoB-6WsQKoB_6esQKoB6--sQKoB5rhsQKoB9XJG6gH2baxAqgHmgaoB_-esQKoB9-fsQKoB_jCsQKoB_vCsQLYBwDSCDIIkeGAUBABGJ0BMgiri4CAoICACjoOgIABgICAgICUruADqAdIvf3BOljKyq2DseeTA7EJwFWZf7OzjXeACgOYCwHICwGADAGiDAOQAQGqDQJaQcgNAeINEwiehK6DseeTAxXISsMGHVLgIgXqDRMI_56ug7HnkwMVyErDBh1S4CIF8A0CiA7___________8B2BML0BUBmBYByhYCCgD4FgGAFwGyFxAYASoKMjE1NzM3MDgyMlAGuhcCOAGqGBcJAAAAAFgkA0ESCjIxNTczNzA4MjIYAbIYCRICwU8YLiIBANAYAcIZAggB&ae=1&gclid=EAIaIQobChMIkbe8g7HnkwMVyErDBh1S4CIFEAEYASAAEgJSNPD_BwE&num=1&sig=AOD64_1uFyx-pmRwaeD9nMrt668kOPo0-w&client=ca-pub-3428031914463355&rf=1&nb=9&adurl=https://wolfbluestore.com/products/matteo-luxury-leather-mens-sneakers%3Fgad_source%3D5%26gad_campaignid%3D23506970559%26gclid%3DEAIaIQobChMIkbe8g7HnkwMVyErDBh1S4CIFEAEYASAAEgJSNPD_BwE,https://wolfbluestore.com/en-de/products/matteo-luxury-leather-mens-sneakers?gad_campaignid=23506970559&gad_source=5&gclid=EAIaIQobChMIkbe8g7HnkwMVyErDBh1S4CIFEAEYASAAEgJSNPD_BwE,yes,yes,yes,yes,yes
868,https://www.googleadservices.com/pagead/aclk?sa=L&ai=CsjJBNBPbad_ZDf-UjeYP2biU4QTOnKrDgQGJ57Kv8BS705vfgkAQASCn2cwjYMfV_42EJqAButazzgLIAQapAmD9s7Mhq7M-4AIAqAMByAPLBKoE5wJP0MnG39mUkhOqNB36grrCa7o4-75DJUk7eIYhicMPa4v6m5RpwGrpIVb7be3Qn--aRL3YkzyZ-Br1fb-eAIS6T3kCRGpDQhNVM3g9tsgU3f_UZ__E7k3o7g8nI3a-QupOscmIfRWWrOFiYZzIYiyBdreBshoJlY8jaGRPPuantMxEFzxiltRp4hTFXepkc-vAv2FPi5ywIZnRuJ1SQ_zTslAQT9GAYsuH6JmEk4KZLe0Mm0hh7oqajyiGDjsW6ozbNfrZsF0WZzecxyvapi-4RUHKK95GF7ZvjQ69c0g4pKScdZOkcpI8ab0sHHqswdNalUZt55o075VPcnMv2xy7PUyjGvPJ2pgYAht-2b89izy-dJsUVAIhe7q8h9o6O570GEBQy_qsziGDZozolBMJ3ZSoZHpaGlvhxpGqlpa9jQl9BtkbUY3DA7ZAEv0Epj_QLw2mJSc66py4xG2dzxDbQr-iBZVXvMAE28HDna4F4AQBiAXZyJO_VaAGN4AHrqnMsQGoB6fMsQKoB-LYsQKoB6a-G6gHzM6xAqgH89EbqAeW2BuoB6qbsQKoB47OG6gHk9gbqAfw4BuoB-6WsQKoB_6esQKoB6--sQKoB5rhsQKoB9XJG6gH2baxAqgHmgaoB_-esQKoB9-fsQKoB_jCsQKoB_vCsQLYBwHSCC8IgGEQARidATIIioKAgICAgAg6DYBAgMCAgICAqIACqANIvf3BOlit5ZyOseeTA7EJKkeyfyYBp1mACgOYCwHICwGiDAOQAQGqDQJaQcgNAeINEwj5jp2OseeTAxV_SsMGHVkcJUzqDRMIjICejrHnkwMVf0rDBh1ZHCVM8A0CiA7___________8B2BMO0BUBmBYByhYCCgD4FgGAFwGyFxAYASoKNTA3NTU3MzU0M1AGuhcCOAGqGBcJAAAAADDEDEESCjUwNzU1NzM1NDMYAbIYCRICqlAYNyIBANAYAcIZAggB&ae=1&gclid=EAIaIQobChMI38OejrHnkwMVf0rDBh1ZHCVMEAEYASAAEgL-wvD_BwE&num=1&cid=CAQS4wEABaugfR8GLFfY3dV7YgQqp1Csa8SOierQTpobnVEiQX8gC7DkGzzd0_0e8lhMXq2FeDzpltNtUJJst3cn13C7V6c3YYyETZvo5Ste01tVEkcQ7QBqqFAiHypFBbOlQjerZU348h2kSj3CC1Z8JjTnKnPEr-q7vtxOItL_8W8A83U1MoB409L_nVVSAPQq5v84dTB_Ri_bHc1QGLKTPv7LqmQUtmyvKQAR25K6swXDdmCZ2-erSrV4ii2OFtXCpqVusfnsS4h3_dppxLv4gukCO2b8r0prhJcJNu2WSnACiI_xvBgB&sig=AOD64_1P7YkC2WWshVqv498w0jufIipWbw&client=ca-pub-3933051677849271&rf=1&nb=9&adurl=https://www.aco.it/prodotti/sistemi-di-attenuazione-e-infiltrazione/aco-stormbrixx%3Fgad_source%3D5%26gad_campaignid%3D22949454937%26gclid%3DEAIaIQobChMI38OejrHnkwMVf0rDBh1ZHCVMEAEYASAAEgL-wvD_BwE,https://www.aco.it/prodotti/sistemi-di-attenuazione-e-infiltrazione/aco-stormbrixx?gad_source=5&gad_campaignid=22949454937&gclid=EAIaIQobChMI38OejrHnkwMVf0rDBh1ZHCVMEAEYASAAEgL-wvD_BwE,no,no,no,no,no
869,https://www.googleadservices.com/pagead/aclk?sa=L&ai=CjueWDhbbafrZAevzjeYPpLO8sQmezeKyhgG82JL8uhXB-9He3DIQASCOy9ciYMfV_42EJqAB5PiL4wPIAQHgAgCoAwHIAwqqBNACT9DtiHB8F0STnGZqGoYSq7GEtxIREP54XDPrHDOs8aQxGmvOFjd-Y0YgzbI5Ey9dOQ3JYIZGxG-5VYdLhOn_Z8FJ_YTKeBW-1B-d-HEJdyicrgd02OXPIK9L-U_yNAtvOZK5qXWCViTn6rk0gdIEOH1Do7cfRISUz_kbakQA_DI2BPBYk2k-gSv2l09Gt_LsreIQik-AAJgpQBRRaGcjeIMDzjuZiJm1CuhaLgeJu3eMqwW8JW8QuOmElfBFWr5HFS92qHQi4IUKNlXPpKgDxqGmEbOBEHFRtlRCQHzeTauHQlY3cM57GLfra7u3Z-QSI0QXgZFBxA570d2ro0mZ2TDgKufOjVyf_e9418iB5ez9dmiEj-SdYRGszvYRXTSPSSuyzbr_oWfBrSjDZ1-722YY7GfFlgph2lLPFwhWNCifFcwwqgP31FKUULsmfSeIwATpzMeH3QXgBAGIBajiyIhYgAeV64OcBKgHp8yxAqgHpr4bqAfMzrECqAfz0RuoB5bYG6gHqpuxAqgHjs4bqAeT2BuoB_DgG6gH7paxAqgH_p6xAqgHr76xAqgHmuGxAqgH1ckbqAfZtrECqAeaBqgH_56xAqgH35-xAqgH-MKxAqgH-8KxAtgHAdIILwiAYRABGJ0BMgiKgoCAgICACDoNgECAwICAgICogAKoA0i9_cE6WPX9m-qz55MDsQkEmnXs01YSQYAKA4oK0QFodHRwczovL3BpeGVsLmV2ZXJlc3R0ZWNoLm5ldC8zNjUyL2NxP2V2X3NpZD0zJmV2X2xuPSZldl9seD0mZXZfY3J4PSZldl9tdD0mZXZfbj14JmV2X2x0eD0mZXZfcGw9JmV2X3Bvcz0mZXZfZHZjPWMmZXZfZHZtPSZldl9waHk9MTAyODY2NSZldl9sb2M9MTAwMjI1NCZldl9jeD0yMzYzNTYyNTcyMyZldl9heD0mZXZfZWZpZD17Z2NsaWR9Okc6cyZ1cmw9e2xwdXJsfZgLAcgLAeALAaoNAlpByA0B4g0TCLGqnOqz55MDFet5wwYdpBkvluoNEwjg053qs-eTAxXrecMGHaQZL5bwDQKIDv___________wGwDqrl6fMY2BMM0BUByhYCCgD4FgGAFwGyFxAYASoKNTExMzM3NTk5MFAGuhcCOAGqGBcJAAAAAEwMGEESCjUxMTMzNzU5OTAYAbIYCRICtlAYASIBANAYAegYAcIZAggB&ae=1&gclid=EAIaIQobChMI-pie6rPnkwMV63nDBh2kGS-WEAEYASAAEgJD5vD_BwE&num=1&cid=CAQS0gEABaugfad_AmVbU-ECoW0vyirkcbYoQg8xoaIakV9aUNO_2OHrRjgMTeLjxvTdWLfzpzBeUmO13AGOy6tVqxvOl3kr7eon8vfKYllKdD7sskdoKAz45oQRRr33o2p4yMk3BsmWKvGnEftBHHfTPLgg4XGv6zdMF9m6yAWk-nXfKAmbj-hPx4uJdRJLRgA61mbgpL8eNekzEE35QXJy-qKLct4G3AATkKk6xyNZFz1pq-kBf-UTl7z9GgUPEZE_iTl_yZmLHo4E_gn0ptGLoTQQW5MYAQ&sig=AOD64_0PxI_1GsNk89ih5VSFOnVMEYxp5Q&client=ca-pub-7301355741158821&rf=4&nb=0&adurl=https://www.thermofisher.com/us/en/home/biotech.html%3Fcid%3D0ds_gdn_27022026_O3IPFD%26ef_id%3DEAIaIQobChMI-pie6rPnkwMV63nDBh2kGS-WEAEYASAAEgJD5vD_BwE:G:s%26s_kwcid%3DAL!3652!3!!!!x!!!23635625723!%26gad_source%3D5%26gad_campaignid%3D23640289576%26gclid%3DEAIaIQobChMI-pie6rPnkwMV63nDBh2kGS-WEAEYASAAEgJD5vD_BwE,https://www.thermofisher.com/de/de/home/biotech.html?cid=0ds_gdn_27022026_O3IPFD&ef_id=EAIaIQobChMI-pie6rPnkwMV63nDBh2kGS-WEAEYASAAEgJD5vD_BwE:G:s&s_kwcid=AL!3652!3!!!!x!!!23635625723!&gad_source=5&gad_campaignid=23640289576&gclid=EAIaIQobChMI-pie6rPnkwMV63nDBh2kGS-WEAEYASAAEgJD5vD_BwE,no,no,no,no,no
870,https://www.googleadservices.com/pagead/aclk?sa=L&ai=Cwga6iUHbaaiABc-HjeYPqJSG8QnA-LWbhgGstKq_3BXX7_WU8UMQASDenax1YMfV_42EJqABkqPdhgPIAQOpAnP2jashlrY-qAMByAPJBKoEhwJP0HCCPd-IvWeR219YGGaqXexO57lz96LVETmuCxydVAD4WSUZO9cm6UGpVqZvgHDim_NbbSkKIOtDC5mk4W34_O_DKFxntMGS5cxwLVrMw4GLi77V3o-H1ReVxDqP62TQWMcUT3qKr5MLv_Ie07acD2QogDuX755nGvlar8yZD4qXybR6_aHxtc3n73jgbnE7cgrIABoUZEVZ2vnDmaorKdQKyfGlpgqz1x3wRQE67xFryBZSMYxH2A76GtXZDEb6m12VJJKdOj6JGb1spjPenfBSXhR08LOSfoog1fOMIh9gxo_dheFGZnQ82g99TuHsGyL8LVqFtpagKhZs_CnEAyeDzf2HG8AE1MbYpukFiAXzivOnWKAGA4AH1tyieagHp8yxAqgH4tixAqgHpr4bqAfMzrECqAfz0RuoB5bYG6gHqpuxAqgHjs4bqAeT2BuoB_DgG6gH7paxAqgH_p6xAqgHr76xAqgHmuGxAqgH1ckbqAfZtrECqAeaBqgH_56xAqgH35-xAqgH-MKxAqgH-8KxAtgHAdIILwiAYRABGN0BMgiKgoCAgICACDoNgECAwICAgICogAKoA0i9_cE6WI7S96Xd55MDsQkuHdy0S2tvXYAKA5gLAcgLAaIMA5ABAaoNAlpByA0B6g0TCPXr96Xd55MDFc9DwwYdKIohnvANAogOBdgTDdAVAZgWAcoWAgoA-BYBgBcBshcQGAEqCjc5MjY3Mzc3NzJQBroXAjgBqhgXCQAAAAAQixNBEgo3OTI2NzM3NzcyGAGyGAkSAqNSGAMiAQDQGAHCGQIIAQ&ae=1&gclid=EAIaIQobChMI6Oj3pd3nkwMVz0PDBh0oiiGeEAEYASAAEgIWKPD_BwE&num=1&cid=CAQS0QEABaugfWfTfMGkpuwU144mDWyueOnzJpZizvzNcG-4jtnlwjF3fzrCKPm4Fi7NGdhn-39IwPqaor4SP0o6jX9e-qT28UwmbqvssHuRIbbzFkHOwHRvI-RgIxbJjt8FsoMGq55dMuMG7K6VPK7eK2hhZfzBwKvm6TxaE4VuOJG6iI8vOSAzknpJBGYs7-lJNBa6ZVbXY-f9d_H-FV5fj-sNozPV9Cjf2UNu6Fj2zGau1cfAuH7t8g3iNoJDaFQ2jJt-_0SjcQ_6GManHT5GfaWrGxgB&sig=AOD64_0sH0ooHf84tSKGus2hKFKdHcODCQ&client=ca-pub-7209808242714184&rf=2&nb=2&adurl=https://www.acuitus.co.uk/selling/%3Fgad%3D0526-c4l-ga-disp-gen%26gad_source%3D5%26gad_campaignid%3D23705994611%26gclid%3DEAIaIQobChMI6Oj3pd3nkwMVz0PDBh0oiiGeEAEYASAAEgIWKPD_BwE,https://www.acuitus.co.uk/selling/?gad=0526-c4l-ga-disp-gen&gad_source=5&gad_campaignid=23705994611&gclid=EAIaIQobChMI6Oj3pd3nkwMVz0PDBh0oiiGeEAEYASAAEgIWKPD_BwE,,,,,
871,https://www.googleadservices.com/pagead/aclk?sa=L&ai=CFmbXSuzaaebyB_6ugeAP3L_omQqby-eYe6mp_PPxEr_hHhABILn5jClgyYaAgNCk5A-gAf_p5tEDyAEGqQJz9o2rIZa2PuACAKgDAcgDCqoEtwJP0A95Uz_amRsTfsCu_lAPUhCJHb0oBfJqwCdjYijRymhPKEF1juhNKk-r60dIkHksIAPZppv6Oe3_S6C9Cmanajvfb2bHsAToRIaWdYPTzSBcU17A5GUp_hgZpKisk8V0C9XNN-kMPR12ahNXTb0AeAO-SysEGAHGjsnB6xUlKv4-EsM63V6luFcNGuTEHz83aOkLPkv0VAoz2n3YsH5jMAqWShadm9EqZ3gVAkncAVctQwl3tACs-zBZl7A2Ttel5Uck5cGV2pg9gjBqC_fj3T-Y3NuiTz9Nus9-MKLNf36295XPwxjhxSyCQDa2oHthiMRyiudARGjRLJwp-tR5gt8RLdhHGAQEwBSl0U_SRBT2nUA-08gjG073WWY5zJnhXvMMOmL50Xhrc3t5Sj-MpL7mShm41cAEvpHcwvsE4AQBiAXYjem7UaAGN4AH6ZWZLqgHp8yxAqgH4tixAqgHpr4bqAfMzrECqAfz0RuoB5bYG6gHqpuxAqgHjs4bqAeT2BuoB_DgG6gH7paxAqgH_p6xAqgHr76xAqgHmuGxAqgH1ckbqAfZtrECqAeaBqgH_56xAqgH35-xAqgH-MKxAqgH-8KxAtgHAdIILwiAYRABGB0yCIqCgICAgIAIOg6AQIDAgICAgKiAAqiDEEi9_cE6WJ-utf-L55MDsQndGEByJEfWCIAKA5gLAcgLAaIMA5ABAaoNAlVTyA0B4g0TCMDwtf-L55MDFX5XAAYd3B86o-oNEwjkqrf_i-eTAxV-VwAGHdwfOqPwDQKIDv___________wHYEwOIFAHQFQGYFgHKFgIKAPgWAYAXAbIXEBgBKgozNDE0MzgzODQ3UAa6FwI4AaoYFwkAAAAAqN0MQRIKMzQxNDM4Mzg0NxgBshgJEgL9Thg3IgEA0BgBwhkCCAE&ae=1&gclid=EAIaIQobChMI5r_4_4vnkwMVflcABh3cHzqjEAEYASAAEgJ8A_D_BwE&num=1&cid=CAQS0gEABaugfQH8_cCU1hamk8HtQYhI3-AHk6-Y8Qnl7-NjReZ3tI8AoqM1iMs9bX3wyahoz3CS_FECAcurxxfKKRlYP-VOyH3OISZIcXx0AN6L6BDNCnSlTx9m4XxeySNrSwZqJ_2j0GPTtFWMhe4wlwOWrFStzAGle7A2LB_Yzyq-5V31rqp00Xo6BlE_xVgOEBCJmcAbESdJ_2dOnVRATUueBDm4WxQCXLKZA5YwzlCzu8fYDBzENZuC-_66m-Vp3nLanc46EN7geKKto4yvSkwRNwAYAQ&sig=AOD64_30BxTXz9gY1FBHSa0C-IZ3bSBQ0A&client=ca-pub-5539691492742074&nx=CLICK_X&ny=CLICK_Y&uap=UACH(platform)&uapv=UACH(platformVersion)&uaa=UACH(architecture)&uam=UACH(model)&uafv=UACH(uaFullVersion)&uab=UACH(bitness)&uaw=UACH(wow64)&uafvl=UACH(fullVersionList)&nb=9&adurl=https://blackstaramps.com/fly/%3Futm_term%3D%26utm_campaign%3D%26utm_source%3Dadwords%26utm_medium%3Dppc%26hsa_acc%3D2590524339%26hsa_cam%3D21868725976%26hsa_grp%3D170596436158%26hsa_ad%3D719475095908%26hsa_src%3Dd%26hsa_tgt%3D%26hsa_kw%3D%26hsa_mt%3D%26hsa_net%3Dadwords%26hsa_ver%3D3%26gad_source%3D5%26gad_campaignid%3D21868725976%26gclid%3DEAIaIQobChMI5r_4_4vnkwMVflcABh3cHzqjEAEYASAAEgJ8A_D_BwE,https://blackstaramps.com/fly/?utm_term=&utm_campaign=&utm_source=adwords&utm_medium=ppc&hsa_acc=2590524339&hsa_cam=21868725976&hsa_grp=170596436158&hsa_ad=719475095908&hsa_src=d&hsa_tgt=&hsa_kw=&hsa_mt=&hsa_net=adwords&hsa_ver=3&gad_source=5&gad_campaignid=21868725976&gclid=EAIaIQobChMI5r_4_4vnkwMVflcABh3cHzqjEAEYASAAEgJ8A_D_BwE,yes,yes,yes,yes,yes
872,https://www.googleadservices.com/pagead/aclk?sa=L&ai=C8iN0GBrbaf6mOumZjeYPr7bfWPON45V8jf6aoaYM3NkeEAEgrNm4ImDH1f-NhCagAf3q8PkDyAEG4AIAqAMByAMKqgS6Ak_QcsZtsvcgXs4wrqDuHa0DKcoeKmf_6rMKsX_yyUzNOizbbw5pQXbHrzn7rIzGeZfvRKbwANGQH_eErT2s0cXdTGwkQwrdbw84ZKRo-oBk7L5rb7zwJOr77rX5Vywqja1Zw8OY3C1NjJEYEP5NXEhMyd2FsR0RGv-JKTkZFKKn6a9MuwhANd2Iq-YKzz_u2naudCJId84Owh4uHO-HkISYzqKCsr9pRAT4WpROaFfA8Qst31kACUjem1R9APu_cpNUq6Z-EFX3ePB8f5Phn39O4-uBoBtgW7bzia_w96PuKeHOXzGatxYczm8TXWEMJwh5sR24L4Xwpth7JwqiQgp_9vlIcc-9NBd0XeMwlaJl3C8n0AfbRhD25nOWzlY5P_WJWMBVzm1b7Jgk8VmYs_1_N8i8FFt782OewATf-L6GpQPgBAGIBdTBoespoAY3gAfrlI8GqAenzLECqAfi2LECqAemvhuoB8zOsQKoB_PRG6gHltgbqAeqm7ECqAeOzhuoB5PYG6gH8OAbqAfulrECqAf-nrECqAevvrECqAea4bECqAfVyRuoB9m2sQKoB5oGqAf_nrECqAffn7ECqAf4wrECqAf7wrEC2AcB0ggvCIBhEAEYnQEyCIqCgICAgIAIOg2AQIDAgICAgKiAAqgDSL39wTpYl7bb17fnkwOxCY7PiH6EVIHXgAoDmAsByAsBogwDkAEBqg0CWkHIDQHiDRMI9ebb17fnkwMV6UzDBh0v2xcL6g0TCL3o3Ne355MDFelMwwYdL9sXC_ANAogO____________AdgTDYgUAtAVAZgWAcoWAgoA-BYBgBcBshcQGAEqCjUzNDQxOTg3NDhQBroXAjgBqhgXCQAAAACk3BZBEgo1MzQ0MTk4NzQ4GAGyGAkSAq1RGDciAQDQGAHCGQIIAQ&ae=1&gclid=EAIaIQobChMI_pLd17fnkwMV6UzDBh0v2xcLEAEYASAAEgKpfPD_BwE&num=1&cid=CAQS5AEABaugfURdnFlFpYgXl6KilyFg0_A0Xo-JL-ynQYkd__FnYuVN_7z4Cqdtrkn5Kz-E46153YQuBMttPJHYwYSHBZCBpO1tmfeIC_wLOI0sTVsoNwUhhmAyPgQaR5_U2b0grtZAHrX6xUtQMx28BWKyumVQxU7QwiAwczvcRdMPQoh5pnb6E1XORxMjOu4ljUUXLNR-eR5qXuIwKk_-dp0UO9fpS2AceSFV5nNsEb0Lx9hPSxMGuisGIcheXW2Jsht44x7jsPxRbStvW7f1zbIRAnn1OFCNPqingCJV2DtdzUpqlw4YAQ&sig=AOD64_1UYO-8-GH9yR9Ou7MiORvFMmYmag&client=ca-pub-4180835694166255&nx=CLICK_X&ny=CLICK_Y&uap=UACH(platform)&uapv=UACH(platformVersion)&uaa=UACH(architecture)&uam=UACH(model)&uafv=UACH(uaFullVersion)&uab=UACH(bitness)&uaw=UACH(wow64)&uafvl=UACH(fullVersionList)&nb=9&adurl=https://www.schoolfix.com/%3Fgad_source%3D5%26gad_campaignid%3D11230798036%26gclid%3DEAIaIQobChMI_pLd17fnkwMV6UzDBh0v2xcLEAEYASAAEgKpfPD_BwE,https://www.schoolfix.com/?gad_source=5&gad_campaignid=11230798036&gclid=EAIaIQobChMI_pLd17fnkwMV6UzDBh0v2xcLEAEYASAAEgKpfPD_BwE,yes,yes,yes,,yes
873,https://www.googleadservices.com/pagead/aclk?sa=L&ai=Ctt4p-TjbabXPHuqVjeYP6ISrWJGq9_yFAdTJ36uTFe_Tor3AARABIMKIuSJgx9X_jYQmoAGblvyQQ8gBBuACAKgDAcgDCqoE0gJP0Gm5OFP_29BTXCbmAUcuPLfWAfgIiJJtKfkwnyQV-3z42J1x0W8jwVNux4U9AAHW5jh5aNc0eaQLrU5_llcBXtLZ7ML86uVp9Hzq_ZfwFADOY-Bnu7dxwpFZMsvkNfZBM7ANlYakEtHeJi2UUaTe5nCY2i2-HaNHu3A8suT7wb6b363TNfCAYKdKWPVM9bddNhV8FQYUzMqcZQ_bJugbYSZ2v00ACpdKTc_vU358dTpbA4ykaoeCBYNAf5vZmDOyAQIFjOhhN7CEebYDuTxft9VCU4Nax33LrAjbUWGbqEowOw7s_EkrDLKMnII4ucr8ZNThuAkC5qYsuYgPAwmZG1lpjybFZN5vrq1ThOLqmcn11hN36yYkMVzh6vCD-Iv0xcd_7wymzowk2mA25eywLUM6_8On3dHMe-g_YX1G2hOzuI_w4GOaQLROeWjnyvPA5MAE0MWZoekF4AQBiAWP87GTWKAGN4AHm87M8B2oB6fMsQKoB6a-G6gHzM6xAqgH89EbqAeW2BuoB6qbsQKoB47OG6gHk9gbqAfw4BuoB-6WsQKoB_6esQKoB6--sQKoB5rhsQKoB9XJG6gH2baxAqgHmgaoB_-esQKoB9-fsQKoB_jCsQKoB_vCsQLYBwHSCC4IgGEQARgdMgiKgoCAgICACDoNgECAwICAgICogAKoA0i9_cE6WJKa8ZDV55MD8ggbYWR4LXN1YnN5bi0zNDQ4MzQxODUyOTI5MjUzsQnHT_GNDLo0JIAKA5gLAcgLAaoNAlpByA0B4g0TCIH08ZDV55MDFepKwwYdaMIKC-oNEwiiwvOQ1eeTAxXqSsMGHWjCCgvwDQKIDv___________wGwDovQ_vUY2BML0BUByhYCCgD4FgGAFwGyFxAYASoKNDgxMjExMzE1MVAGuhcCOAGqGBcJAAAAAMD92kASCjQ4MTIxMTMxNTEYAbIYCRICoU8YNyIBANAYAcIZAggB&ae=1&gclid=EAIaIQobChMI9a_0kNXnkwMV6krDBh1owgoLEAEYASAAEgJQGvD_BwE&num=1&cid=CAQS0QEABaugfYPLSj9YBK_SDujK33In2_yO8QcQpH8yNrwMOP2wGyWMOMyaVDCxmZHmTNHfIIBqviV_l3sTjUB_aNyEA_sJ4lwZB-p2nv9eOAnCW0Su4zIIAnL9VKJ75-p8H0R7NQaDHNP91fDVKfWjikqOz5OxoacaGsqVp3Y0JtkgK0LBaz3RUgPvBlz5DwIk2dqp1OLbJsvZS3C-3La3AbIy_TfD3oP_-47715gWmH2mWietGhP6xEcQXdWmhBiuRRlUHKdD5eoDFxPMAgkisEIk5RgB&sig=AOD64_1aIR2744wa52RAVchd5ILX4OT9Iw&client=ca-pub-5610521491184789&nx=CLICK_X&ny=CLICK_Y&uap=UACH(platform)&uapv=UACH(platformVersion)&uaa=UACH(architecture)&uam=UACH(model)&uafv=UACH(uaFullVersion)&uab=UACH(bitness)&uaw=UACH(wow64)&uafvl=UACH(fullVersionList)&nb=9&adurl=https://www.peaceandplenty.com/%3Futm_source%3Dgoogle%26utm_medium%3Dorganic%26utm_campaign%3Dbusiness_listing%26gad_source%3D5%26gad_campaignid%3D23662983567%26gclid%3DEAIaIQobChMI9a_0kNXnkwMV6krDBh1owgoLEAEYASAAEgJQGvD_BwE,https://www.peaceandplenty.com/?utm_source=google&utm_medium=organic&utm_campaign=business_listing&gad_source=5&gad_campaignid=23662983567&gclid=EAIaIQobChMI9a_0kNXnkwMV6krDBh1owgoLEAEYASAAEgJQGvD_BwE,,,,,
874,https://www.googleadservices.com/pagead/aclk?sa=L&ai=CB8ouBCnbaeuPHOiWjeYP_OWYgQyz1-S6hgGW5O3UvBXCu4zxvgEQASDa18U5YMfV_42EJqAB4dTFjynIAQngAgCoAwHIAwqqBNMCT9BsvyuZEMahHZ4zsbnuljL42Et9jKJ07Dh4R5lTi46Ryn8g1gmi5rQV_vcobskoKJPAK_I6-8Ozk9EcmusqnRzrtxpxVLrHvZxreFEdke2N1QbjcqSGtQW_YwpyLiMbmoSC4aoEdA8IEFP3dSQGYmZHe2JVRFn5NvA4bTxA6sFyLJDrZrZ6OmIPm_pA4BU2nqVxFDc42ZlcZL6pp4v70YOYEyrmJ6PSi7BovEW2H-0XxjxKsDlu7-D5iC6DzjD8ux9ImgwxeCvmoN61U1T7P4X-t8hRT5PpsZX99wMtKuWg_nTvOu3v9VZFR6EFjYfG5AWuGi_-bGcKUazKyjzGGcTOFelm7JyrjjV4q4cMh7o5lV0E4VMVl6eGZuthepBml7dTU4wtg7u_7vdiyBbux7T0_me8ymho3GBz-2T44usn7uWw00y4pjbM8rOeALT_74cAwASPrKCu5AXgBAGIBZrT561YoAYugAfhjJbvA6gHp8yxAqgH4tixAqgHpr4bqAfMzrECqAfz0RuoB5bYG6gHqpuxAqgHjs4bqAeT2BuoB_DgG6gH7paxAqgH_p6xAqgHr76xAqgHmuGxAqgH1ckbqAfZtrECqAeaBqgH_56xAqgH35-xAqgH-MKxAqgH-8KxAtgHANIILgiAYRABGB0yCIqCgICAgIAIOg2AQIDAgICAgKiAAqgDSL39wTpYn8b_9MXnkwPyCBthZHgtc3Vic3luLTE2MTQ5MTM1OTg4NzU0OTaxCa21BuP3NvFggAoDmAsByAsBgAwBogwDkAEBqg0CWkHIDQHiDRMIsff_9MXnkwMVaEvDBh38MibA6g0TCO_7gPXF55MDFWhLwwYd_DImwPANAogO____________AbAOvZv3-Bi4E-QD2BMM0BUBmBYByhYCCgD4FgGAFwGyFxAYASoKODQ2NjE1NjM1NFAGuhcCOAGqGBcJAAAAAJD29UASCjg0NjYxNTYzNTQYAbIYCRICgE8YLiIBANAYAcIZAggB&ae=1&gclid=EAIaIQobChMI66GB9cXnkwMVaEvDBh38MibAEAEYASAAEgKYmPD_BwE&num=1&cid=CAQS5AEABaugfd9XjZWanuFlwMOk8sxZ2EdzVrjPcutBizdPgvVg1bcA_aLsuc_0A7pWsZIVPpzFUdosSHEAdtnDCHzTrFHwwilN9WcGdTwUIj3W6nN0aBP24P0L1gpQMyjaCZh9C448SINfCq_fcKfcrzY4nZUJJdzqz4qKx5vIZWTYCHPll7Zg6oFUTGJ9YrmqOnWK_zkurfxMqJL5cy9XVmqRYzkhNPJ9DjBMKeknahlHzZEcW2TfOs8M_l-ogh3HlGre-CEMhm5XIaKD3RVJFxQZdusaVpFeJFjwFiE5VsIQXjPaGCkYAQ&sig=AOD64_0yX335fVOeAzdRndRHu4S7pMHcYA&client=ca-pub-3605257360853185&rf=4&nb=9&adurl=https://www.thefp.com/subscribe%3Futm_source%3Dgoogle%26utm_medium%3Dpaid-search%26utm_campaign%3Dpmax%26utm_adgroup%3D1%26utm_term%3D%26utm_matchtype%3D%26wm_source%3Dgoogle%26wm_medium%3Dads%26wm_ad_id%3D%26wm_adgroup_id%3D%26gad_source%3D5%26gad_campaignid%3D23718390170%26gclid%3DEAIaIQobChMI66GB9cXnkwMVaEvDBh38MibAEAEYASAAEgKYmPD_BwE,https://www.thefp.com/subscribe?utm_source=google&utm_medium=paid-search&utm_campaign=pmax&utm_adgroup=1&utm_term=&utm_matchtype=&wm_source=google&wm_medium=ads&wm_ad_id=&wm_adgroup_id=&gad_source=5&gad_campaignid=23718390170&gclid=EAIaIQobChMI66GB9cXnkwMVaEvDBh38MibAEAEYASAAEgKYmPD_BwE,,,,,
