id_csv,gg_ads_url,advertiser_url,run_1,run_2,run_3,run_4,run_5
1086,"https://googleads.g.doubleclick.net/aclk?sa=l&ai=C6UVG1Svfab_KBtW4geAPn6STkQekgYyehgHSuvDn_RS6hvXCwQEQASC-z4caYJXikIKgB6ABvZyB7gPIAQKpAnqKRZfsx7M-4AIAqAMByAMIqgTGAk_Q1tu8B239RAXd45rSXSweJtaqolRWLcgmb-47z4GPRJjIhMoMxO7gqftA1FxYsS62Hqui7X2PBea79067MVVfzcTplBgBsjOaDnwfYmB1ttGLaIuPQHCNjXTIuLwz83vmWr3fM2afrZlczSp8AWzDcvNW_i91rocz0ndy8o9movBQpmNi5Ivkp_wXTvgF1Qr28hsn7PZngvie8aNAfbWSNNLgPkhYICt1drWFK8dq1TUjzGRqCnsPfqKIfmA7ke4NbYTjurr-rePhzjpNORrE0DAKfZUZDy09LijWBCKp55BTbBUHLIMwLdboufGI1KpAQIk0lC2FRrN9vlPILQNXBJqXZlQBmd30my8Ws6_ldi9a7ZyRdd7GIxyypUmUorqspYFdi903h19qGTt7D9345kgebPQhIvObH6R6lvNJ5-4WsN03wAS5_Yra0wXgBAGIBcnwm6lYoAYCgAefrOQRqAenzLECqAemvhuoB8zOsQKoB_PRG6gHltgbqAeqm7ECqAeOzhuoB5PYG6gH8OAbqAfulrECqAf-nrECqAevvrECqAea4bECqAfVyRuoB9m2sQKoB5oGqAf_nrECqAffn7ECqAf4wrECqAf7wrEC2AcB0ggwCJHhgFAQARidATIIq4uAgKCAgAo6DACAgICAgJSoiAKoA0i9_cE6WJa30JSZ75MDsQkomvtHDAmw-oAKA4oK_wFodHRwczovL2Nkbi5hZHNkZWZlbmRlci5jb20vVHJhY2tJdD90aWQ9MTAyNjcwOTRDNjU5OFBQQyZhZGZhY2M9Y2RiMGExYjMtZWE1Zi01NDNjLTljYjMtOTc3YTQ5ZTI3N2M2JmFkZnR0PTEmaF9leHQ9MDowOjIzNzA4NzYwMTM3OjE5NDI2Nzc1ODI2NTo6JmFsb2NwPTkxOTg4MjQmYWxvY2k9JmFwbGE9d3d3LmxpdmVtaW50LmNvbSZhZGV2PSZkZXY9YyZhZmVlPSZhZGlkPTgwMzAyMjU0MzA4MiZhZGZuZXQ9ZCZoY191cmw9e2VzY2FwZWRscHVybH2YCwHICwHgCwGqDQJERcgNAeINEwj08NCUme-TAxVVXAAGHR_SJHLqDRMI3p7RlJnvkwMVVVwABh0f0iRy8A0CiA7___________8B2BMD0BUByhYCCgD4FgGAFwGyFxAYASoKMzg1MjYwNzQzOFAGuhcCOAGqGBcJAAAAAECg_UASCjM4NTI2MDc0MzgYAbIYCRICr1MYAiIBANAYAcIZAggB&ae=1&gclid=EAIaIQobChMI_4jSlJnvkwMVVVwABh0f0iRyEAEYASAAEgIhAPD_BwE&num=1&sig=AOD64_3x-Yzamd4rRdxeNZz4sD6ug7DpIw&client=ca-pub-6453680425766689&rf=5&nx=CLICK_X&ny=CLICK_Y&uap=UACH(platform)&uapv=UACH(platformVersion)&uaa=UACH(architecture)&uam=UACH(model)&uafv=UACH(uaFullVersion)&uab=UACH(bitness)&uaw=UACH(wow64)&uafvl=UACH(fullVersionList)&nb=2&adurl=https://www.alternate.de/listing.xhtml%3FarticleId%3D100151665,100151750,100151765,100151825,100151832,100151836,100151841%26partner%3Dgoadwodisp%26campaign%3D1712175336%26adgroup%3D62366715730//Banner%26campaignCode%3DSTREICHP_OFFPAGE%26adffus%3D8040a8d1%26apla%3Dwww.livemint.com%26h_ext%3D0:0:23708760137:194267758265::%26gad_source%3D5%26gad_campaignid%3D23708760137%26gclid%3DEAIaIQobChMI_4jSlJnvkwMVVVwABh0f0iRyEAEYASAAEgIhAPD_BwE","https://www.alternate.de/listing.xhtml?articleId=100151665,100151750,100151765,100151825,100151832,100151836,100151841&partner=goadwodisp&campaign=1712175336&adgroup=62366715730//Banner/&campaignCode=STREICHP_OFFPAGE&adffus=8040a8d1&apla=www.livemint.com&h_ext=0:0:23708760137:194267758265::&gad_source=5&gad_campaignid=23708760137&gclid=EAIaIQobChMI_4jSlJnvkwMVVVwABh0f0iRyEAEYASAAEgIhAPD_BwE",no,no,no,no,no
987,https://www.googleadservices.com/pagead/aclk?sa=L&ai=C93BeRUzgaaDlEY-mjeYPyv-rwAP0nri2hgG74YjuuhWhpvjz0B0QASDa18U5YMfV_42EJqABloCu7ULIAQmpArXWL8QdIoE-4AIAqAMByAPLBKoE2wJP0InfFvBBu_DCFkBZOQofVaDJg_OOLm1xt5WMR6U4xCVTfQ-KIAIKjphlCmlVHHAGfb4HysKpX6ht4nJnr9nFHYFzLrX9aU8VwhnaFA65I7pKQAu8wwrXoZFuxNWo7OjabVy23mYTAGMn1xsmxvl-oJON5q6u2tz2EucuWzrxVU8BMLKJdzO-6myAU5OlcUhxSj6azIpsoMgWS3sTm4iNB-AZzMAnJgRthg2NuCaKG8lMfhNLWz1MqPc7Nmi8LyZF0EjhDQwp-cRRZAaXJIDK0IHzwzC4U6cyfAeb-e7t00_BYN_ogBCscSV_AqAT95ob49O_pu0_-hESWSNbUByQohncB3_ajLAtBrdq3pLRQLP7EJYBkmmnFpiEQvIdm2xe0o5mloRNT26H7zYo91rbfPUMGIuM17_KNnDfIAbSb7oZn7DdnlbBG7qITMfjQKiBLRY8Od9AmS1nR8AE0pik-cEF4AQBiAWGnLSRWMAFBfoFBgglEAEYAKAGLoAHlrj-zB2oB6fMsQKoB6a-G6gHzM6xAqgH89EbqAeW2BuoB6qbsQKoB47OG6gHk9gbqAfw4BuoB-6WsQKoB_6esQKoB6--sQKoB5rhsQKoB9m2sQKoB5oGqAf_nrECqAffn7ECqAf4wrEC2AcAwAgB0gguCIBhEAEYHTIIioKAgICAgAg6DYBAgMCAgICAqIACqANIvf3BOljo_66erPGTA_IIG2FkeC1zdWJzeW4tMTYxNDkxMzU5ODg3NTQ5NoAKA5ALA5gLAcgLAYAMAaIMAkgBqg0CWkHIDQHiDRMI0bSvnqzxkwMVD1PDBh3K_wo46g0TCM_TsJ6s8ZMDFQ9TwwYdyv8KOPANAogO____________AbAOr8Ct9RjgErypzKHI0-uM4gHYEwzQFQHpFXLmWVeeF63F8BXnmvCjFfoVCGdsYV8yNTc5yhYCCgD4FgGAFwGyFxAYASoKODQ2NjE1NjM1NFAGuhcCOAGqGBcJAAAAAHCd-EASCjg0NjYxNTYzNTQYAbIYCRICqk4YLiIBANAYAcIZAggB&ae=1&gclid=EAIaIQobChMI4JuxnqzxkwMVD1PDBh3K_wo4EAEYASABEgKMOPD_BwE&num=1&cid=CAQS4gEABaugfexIUPoZhUamjhtHriGgUDdwkbghHSqLBha2K2B-yFQvdnVbxiiwyXqyJaZ2VUBqT0pYJTXgio_8nrNcS6EbDkQ6NqArFuWhUcsJ2FqpXKB6mn67PyKWIy7V_4jzkaz6nRSCDuXRFKBUbNJQ1gXliIhFkcwW29C1kRG7Mn2RPV3priFr2dkeDdjTuKlM84g85okaa96PW1JbYoIUs_gnGtYsbysBl9mULKnaHMzNayzJy56uXKztyuoRqpzzCJTDlLhiP9s-PlxEQYcAQ5INgeF6WJqlXUErIPH_ID2NGAE&sig=AOD64_3zXbavVqLxr3wjYApWY63tguhC9Q&ctype=5&client=ca-pub-3605257360853185&nb=9&adurl=https://www.radiatorcooler.com/tktm-125-200-250-300-sx-exc-mxc-xc-w-1998-2007/%3Fgad_source%3D5%26gad_campaignid%3D23658827270%26gclid%3DEAIaIQobChMI4JuxnqzxkwMVD1PDBh3K_wo4EAEYASABEgKMOPD_BwE,https://www.radiatorcooler.com/tktm-125-200-250-300-sx-exc-mxc-xc-w-1998-2007/?gad_source=5&gad_campaignid=23658827270&gclid=EAIaIQobChMI4JuxnqzxkwMVD1PDBh3K_wo4EAEYASABEgKMOPD_BwE,,,,,
887,https://www.googleadservices.com/pagead/aclk?sa=L&ai=CMreaC_HeaY3uF4ahjeYP-4rXwAHohO2hhgGcoIvV0xTc2R4QASDmtM-ZAWCJA6ABj62OsEHIAQmpAuvhUl8j46c-4AIAqAMByAMKqgTcAk_Qeyb5fZ1ubOkJbQ4-crnIoZtaPYjCCWniewmq-DlHBYtYESfuUMyGkQhUyhpS8dhei30gM2_Ksqazu_IDL0IMjGqJPsgFuxxKStrVIZfU6XzLWUfCGjM4mdgZmgCG97TZR7z3E5vuN4CSBgxVIp9SzkMbWg9g7qwkyj0zLJfQDNzrUrCM8LzPGnVkSKtcD62tZjX6usIYfF-sTP6sXkTn7pwlF8iFxuCnpYi2dCvGj8Mt3shRYaJzJrSrpbDF7ZOfWw7X_JGR62P-cz6cHfJbZbtxmo8HpgBaw7bx8UyQN_b3CC2egeVlGNoJUTEB3KAjEhAZcbVCR7k2B2fi97VuO0twn0uTKp8fKnUWaqPqflWVD4YXhDi68BiEXBX-CEn2I1O4u389xq7pomQViQPaAIkfMrFcGugy-v97RBUjBox0j3FQ-1f2fPHgEzIYCFBNtXfvBdT2wYq6nsAE9Zmwu6cF4AQBiAXA8pzlVaAGLoAHj-XejxyoB6fMsQKoB6a-G6gHzM6xAqgH89EbqAeW2BuoB6qbsQKoB47OG6gHk9gbqAfw4BuoB-6WsQKoB_6esQKoB6--sQKoB5rhsQKoB9XJG6gH2baxAqgHmgaoB_-esQKoB9-fsQKoB_jCsQKoB_vCsQLYBwDSCC8IgGEQARidATIIioKAgICAgAg6DYBAgMCAgICAqIACqANIvf3BOliv8a2M4e6TA7EJsixfGdqstByACgOYCwHICwGADAGqDQJKUMgNAeINEwiokK6M4e6TAxWGUMMGHXvFFRjqDRMI2OKvjOHukwMVhlDDBh17xRUY8A0CiA7___________8B2BMNiBQE0BUByhYCCgD4FgGAFwGyFxAYASoKNTEwMzg3OTQ4M1AGuhcCOAGqGBcJAAAAAHDFBkESCjUxMDM4Nzk0ODMYAbIYCRICvFAYLiIBANAYAegYAcIZAggB&ae=1&gclid=EAIaIQobChMIzZ-wjOHukwMVhlDDBh17xRUYEAEYASAAEgKTHPD_BwE&num=1&cid=CAQS0QEABaugfSgSMhkhI9VAz__TJLPvsIRIeqE2Y7_G92lmN_4Hv3mo5-4mXQrrzB53TbzyI0crNAWPzXFHDVVkBopBbEBE_X_ZYX8RpRusIREV5bjWRYm5vpQ6qqHl3EZ9sQ5RRxUIIJ4T5J-G8eAnR0FfKg39riJs9nuCWNKfjLCwyznru1eFSxg5FBzyDsv6fmcduPLQhTMdkBOV0ouHrXK6Z9szmzsWdvVe-Rsy3slDx-uUyAGDF7bYB5sl3KQ4X26wYHhIkG1b47jvnnT_uKu5ZhgB&sig=AOD64_2gr7ypHBqtR2jFiH_ujcQeVLddXg&client=ca-pub-3677668629134422&rf=4&nb=9&adurl=https://www.rewardgateway.com/au/resource/your-people-planner-2026%3Futm_term%3D%26utm_campaign%3DFY-26-AU-Google-Ads-Remarketing%26utm_source%3Dadwords%26utm_medium%3Dppc%26hsa_acc%3D5720672591%26hsa_cam%3D23029299520%26hsa_grp%3D182392196341%26hsa_ad%3D783915597568%26hsa_src%3Dd%26hsa_tgt%3Dkwd-0%26hsa_kw%3D%26hsa_mt%3D%26hsa_net%3Dadwords%26hsa_ver%3D3%26gad_source%3D5%26gad_campaignid%3D23029299520%26gclid%3DEAIaIQobChMIzZ-wjOHukwMVhlDDBh17xRUYEAEYASAAEgKTHPD_BwE,https://www.rewardgateway.com/au/resource/your-people-planner-2026?utm_term=&utm_campaign=FY-26-AU-Google-Ads-Remarketing&utm_source=adwords&utm_medium=ppc&hsa_acc=5720672591&hsa_cam=23029299520&hsa_grp=182392196341&hsa_ad=783915597568&hsa_src=d&hsa_tgt=kwd-0&hsa_kw=&hsa_mt=&hsa_net=adwords&hsa_ver=3&gad_source=5&gad_campaignid=23029299520&gclid=EAIaIQobChMIzZ-wjOHukwMVhlDDBh17xRUYEAEYASAAEgKTHPD_BwE,yes,yes,yes,,
1140,https://www.googleadservices.com/pagead/aclk?sa=L&ai=CK5DNc0PgabrgFMiMjeYP2pzlqQeDu_urhgHupdnBlRCm-uOHtSUQASC744ckYMfV_42EJqABmaWQtwHIAQKpAnVB4KpNzbM-4AIAqAMByAMIqgTPAk_QD_uoXN0uTQnA3Xcb13b5t6EIX20fIxn6YqNQGhQJfbjZjY90fdE3nLUfY72fK4QZt8j-G6Omkq3b9lzn_nTntbEuc8x9xb-iJqOoPD52f0lALow5JWcee_tRVEAxC-sGrzpnveC-627wCnRxNLGvn5QUA06sDFyLXwpYoyLxv6ooh15ZOolslHHfFvdUjhFcvrwq1jRgLHW9kNHE2gAXz9FZo0yx1dEmuzDZBqHz1svbFZu5kLPOs1KpznZN_tGgq0e2BHoN6NP0xjTg2d0i0e6rmOBnomK_y20bCqk2nr8EC7RSw-EqG-cQ4al69seRNFk0WDb2jo4yM06qAgF82s3oOeoV9Jzyh13xLO2i-uVOc-KSOleDXbPBZT5o37GQcRvk7OGXxYl1setMQHw_AM9HP8Y9Gk7dcFbMl73x1l0hT7fdghCaSStJR7UHwATdkueOyAPgBAGIBfDG0fEwoAYCgAfP2u_IAqgHp8yxAqgH4tixAqgHpr4bqAfMzrECqAfz0RuoB5bYG6gHqpuxAqgHjs4bqAeT2BuoB_DgG6gH7paxAqgH_p6xAqgHr76xAqgHmuGxAqgH1ckbqAfZtrECqAeaBqgH_56xAqgH35-xAqgH-MKxAqgH-8KxAtgHAdIILwiAYRABGB0yCIqCgICAgIAIOg6AQIDAgICAgKiAAqiDEEi9_cE6WLzz1-mj8ZMDsQkss9L4UntNcIAKA5gLAcgLAaIMA5ABAaoNAlpByA0B4g0TCICs2Omj8ZMDFUhGwwYdWk45deoNEwiXytnpo_GTAxVIRsMGHVpOOXXwDQKIDv___________wHYEwzQFQGYFgHKFgIKAPgWAYAXAbIXEBgBKgo3NDUxNzg5OTAwUAa6FwI4AaoYFwkAAAAADPUcQRIKNzQ1MTc4OTkwMBgBshgJEgKYXxgCIgEA0BgBwhkCCAE&ae=1&gclid=EAIaIQobChMI-uXa6aPxkwMVSEbDBh1aTjl1EAEYASAAEgIt9PD_BwE&num=1&cid=CAQS4wEABaugfaK2V1QqO1UBEGrIKFoUY4MaCFCtUE6T_9xk303Go7mycDYJQNvgRXXHwJQbUl4rU_yDpX8JEIeVbWBkJzB1X17QKAO0lZwORYQkDl8H-GKc-GvTLIVM32I46KZy3EiRi4jSOZyerl-Lut_oHu_-91WuBm0r9qiZtA4bqViyRtnYh6UKqB6goML_UnaHT5TBp0r2Wv151WzLSK9RZv03q-XgWpqJlbM76C2tG1zzAlFCWW9k11k5V-VbuQWfeL7y6Ba6IzhDkKCIFzUd_XIlb8P0zaDRQEyBPm-zMWJZIBgB&sig=AOD64_1xJr7T1-cTv9G5WoSAIBPALPpQMA&client=ca-pub-1301581561755234&rf=5&nx=CLICK_X&ny=CLICK_Y&uap=UACH(platform)&uapv=UACH(platformVersion)&uaa=UACH(architecture)&uam=UACH(model)&uafv=UACH(uaFullVersion)&uab=UACH(bitness)&uaw=UACH(wow64)&uafvl=UACH(fullVersionList)&nb=2&adurl=https://www.2j-antennas.com/%3Futm_source%3Dgoogle%26utm_medium%3Dcpc%26utm_campaign%3DObsah_banner_vl.publikum%2520podle%2520konkurence%26utm_id%3D13123216240%26gad_source%3D5%26gad_campaignid%3D13123216240%26gclid%3DEAIaIQobChMI-uXa6aPxkwMVSEbDBh1aTjl1EAEYASAAEgIt9PD_BwE,https://www.2j-antennas.com/?utm_source=google&utm_medium=cpc&utm_campaign=Obsah_banner_vl.publikum%20podle%20konkurence&utm_id=13123216240&gad_source=5&gad_campaignid=13123216240&gclid=EAIaIQobChMI-uXa6aPxkwMVSEbDBh1aTjl1EAEYASAAEgIt9PD_BwE,no,no,no,no,no
1073,https://googleads.g.doubleclick.net/aclk?sa=l&ai=C6MVDUrffafisFpm9geAPypvioAOE64a-hgHCor-G0hWtvP2Qlg4QASDNno8YYJsDoAHs4JjjQMgBAakC5PSYfonFsz7gAgCoAwHIAwqqBMsCT9CvWnB92sHMex3VqtW0Rzk_kIGB-j6oD8UyG4cvljd6owT_Cc7Pqd709HiDVjTREo3ZKXa3IZCE56D5m3ifINqbA-o6z1RF_lnnesqmyMYznMVrNtFWIHCGlecb8UH5kDTQH5ApAGiGcMHuvKQgvC0BSddE27WJcA-LzRRlj8ZzsAM_XtPHIHnM02YWORAonAaOhF0y9tvDgnO1vk-lzCH7tFeOsw0aIuvSJt3ZgJ6YSTEZ_6fzMOKHr0WtwwOT9xhxSh6zrQpe_GfJg26SJzgX0ZhvNt3SVw00Mm1F8nDpdTbMJgraUlChimYQOIYfduQ6LBe5M8s-9qFLMpaDX0quARi6p9ZhV4fbCy1PDljcR6-oGZI13w3ddR7GtBKKZkIOUnCJ_g66qaGo1lez0BWR9rRKQ6-O6EukjoClAOvMyXQJMwG8FC4tVsAE4eW9-94F4AQBiAX2__aXWIAH7JjpwhuoB6fMsQKoB6a-G6gHzM6xAqgH89EbqAeW2BuoB6qbsQKoB47OG6gHk9gbqAfw4BuoB-6WsQKoB_6esQKoB6--sQKoB5rhsQKoB9XJG6gH2baxAqgHmgaoB_-esQKoB9-fsQKoB_jCsQKoB_vCsQLYBwHSCC4IgGEQARgdMgiKgoCAgICACDoNgECAwICAgICogAKoA0i9_cE6WPS0kJie8JMDsQn02DQ72g9LNIAKAZgLAcgLAaoNAktSyA0B4g0TCILZkJie8JMDFZleAAYdyo0YNOoNEwj175GYnvCTAxWZXgAGHcqNGDTwDQKIDv___________wHYEwKIFAHQFQHKFgIKAPgWAYAXAbIXEBgBKgoyMzA0NDM1ODQ4UAa6FwI4AaoYFwkAAAAAAGD6QBIKMjMwNDQzNTg0OBgBshgJEgKTVRgBIgEA0BgBwhkCCAE&ae=1&gclid=EAIaIQobChMI-J2SmJ7wkwMVmV4ABh3KjRg0EAEYASAAEgIMyfD_BwE&num=1&cid=CAQS0AEABaugfXKefe95SJFq9E5MhG035ChwcaB3S8kKkjKkD6JDJG6e_i0vholCUeLh2LG4gsV4sUG5RPHoDieIjhwbR8YMEF_qrTS1LAPEvm2ephE-9mEymUUL7pL7AFGllME9MqkJ4ZRrmqQ_McdU_ZAXxK_PC_XJaAZti9y5kQMQ8usGkUw4XQe-YuXizc2fyHOH-IKVr-ZnGkSqGnMvnFZh1ImuFF_rRzNydaIC-mm-aEKLeqlLdZCTEampVnjJ_c-xiwTsdfeTllFoc4bDQq_IGAE&sig=AOD64_0b55Bj1FoDe0TBXL-iVOguK04Q9g&client=ca-pub-4075694933314520&rf=4&nb=2&adurl=https://zaniadevice.com/%3Fgad_source%3D5%26gad_campaignid%3D23672504310%26gclid%3DEAIaIQobChMI-J2SmJ7wkwMVmV4ABh3KjRg0EAEYASAAEgIMyfD_BwE,https://zaniadevice.com/?gad_source=5&gad_campaignid=23672504310&gclid=EAIaIQobChMI-J2SmJ7wkwMVmV4ABh3KjRg0EAEYASAAEgIMyfD_BwE,yes,yes,yes,yes,yes
928,https://googleads.g.doubleclick.net/aclk?sa=l&ai=CyiAXC9_eaaHWEoPtjeYPlLSCqQa_87y_hgH5iu7tyBWmvtmLjA4QASCL1bEgYKWAgICcAaABh7Lj2gPIAQOpAoGXlio96ac-4AIAqAMByAMIqgTlAk_Qw10MbMU9RnkYIyr55W9JKG_Hid8A1RmOLIfTrXL_bHD2H6Dm9arfcB0p47psmQ30MROPhm2IztPGXwXtztZEqy-VmX5_6qpPZJPzeHf-5E0wAYGPk9mLzdrrHZzRUDxuG0VxXyhcEgqAOfQG6ZTMfEASM1daI09BWoEQwtj9NnxO7E1ni09kzVkO-A7tMat0TkC2ta56o2T2ZglUMdJPeRp5mw96_kyzy2RwTeANoFT3grLp8-D-SGcFsFcTv6dbPnIqmTEAawG6GDouMIHpBznw4W8Ema5yqTQomFuZsvbOGMCt2pgOMJ_tMS6Ki8DMGKgdF95maWzJSDqop0QkvICwbcBpS9MNqho6nf_KP6psGeDJ5kwXt_ccrokd7REPcCii4wKPUfoEcsE0v6xCPiyort-CBS2CmTij1D-B2Y7qBqINiZqutNkmOJRSK0R308YfC4Cet--DQ19W2LewawVE4cAE2eLdqJAF4AQBiAWBlp6TUqAGA4AH4c2cJagHp8yxAqgHpr4bqAfMzrECqAfz0RuoB5bYG6gHqpuxAqgHjs4bqAeT2BuoB_DgG6gH7paxAqgH_p6xAqgHr76xAqgHmuGxAqgH1ckbqAfZtrECqAeaBqgH_56xAqgH35-xAqgH-MKxAqgH-8KxAtgHAdIIMAiB4YBAEAEYnQEyCIuKgICAgIAKOgwAgMCAgICAqIACqANIvf3BOliL94f3z-6TA7EJS8AY9_s5nEyACgOYCwHICwGqDQJBVcgNAeINEwi7poj3z-6TAxWDdsMGHRSaIGXqDRMIwcuI98_ukwMVg3bDBh0UmiBl8A0CiA7___________8B2BMK0BUByhYCCgD4FgGAFwGyFxAYASoKNzI4NzQ4NTkwMlAGuhcCOAGqGBcJAAAAALCE8UASCjcyODc0ODU5MDIYAbIYCRICrVEYAyIBANAYAegYAcIZAggB&ae=1&gclid=EAIaIQobChMI4YeJ98_ukwMVg3bDBh0UmiBlEAEYASAAEgJrvvD_BwE&num=1&sig=AOD64_3Z9zd2YFLkIHU49oUgAWd5__iUgQ&client=ca-pub-2378110306265632&rf=5&nx=CLICK_X&ny=CLICK_Y&uap=UACH(platform)&uapv=UACH(platformVersion)&uaa=UACH(architecture)&uam=UACH(model)&uafv=UACH(uaFullVersion)&uab=UACH(bitness)&uaw=UACH(wow64)&uafvl=UACH(fullVersionList)&nb=2&adurl=https://www.cocorepublic.com.au/collections/lawson-fenning/%3Futm_term%3D%26utm_campaign%3DAU%2B%257C%2BStandard%2BDisplay%2B%257C%2BAutumn%2BSale%2B2022%2B%257C%2BProspecting%26utm_source%3Dadwords%26utm_medium%3Dppc%26hsa_acc%3D8201982823%26hsa_cam%3D22052047617%26hsa_grp%3D176179081561%26hsa_ad%3D795085118608%26hsa_src%3Dd%26hsa_tgt%3D%26hsa_kw%3D%26hsa_mt%3D%26hsa_net%3Dadwords%26hsa_ver%3D3%26gad_source%3D5%26gad_campaignid%3D22052047617%26gclid%3DEAIaIQobChMI4YeJ98_ukwMVg3bDBh0UmiBlEAEYASAAEgJrvvD_BwE,https://www.cocorepublic.com.au/collections/lawson-fenning/?utm_term=&utm_campaign=AU+%7C+Standard+Display+%7C+Autumn+Sale+2022+%7C+Prospecting&utm_source=adwords&utm_medium=ppc&hsa_acc=8201982823&hsa_cam=22052047617&hsa_grp=176179081561&hsa_ad=795085118608&hsa_src=d&hsa_tgt=&hsa_kw=&hsa_mt=&hsa_net=adwords&hsa_ver=3&gad_source=5&gad_campaignid=22052047617&gclid=EAIaIQobChMI4YeJ98_ukwMVg3bDBh0UmiBlEAEYASAAEgJrvvD_BwE,,,,,
1014,https://www.googleadservices.com/pagead/aclk?sa=L&ai=CJ71nQdPeaZumKp-ijeYPjK-AwA6Ls9azhgGxo86q4RWopJ-pkQ4QASDHnIMkYKW4moCcAaABs7fR5SrIAQKpAoGXlio96ac-4AIAqAMByAMIqgS1Ak_Qv5GMd-zX1qeuRGVLNBJlzRq_YvoJw0J_T_C0BQDkSiHbUkjdXCkkruxKUjWwCTePzFLbvNxriFNlzAb4fCFGYtmZ06O0k0Fdo2TRnE3HvV9wE88MLnWiL9vZeAMRZgyF3V112KqwoPt8WSegsEekmIh8zFayzd2epx09gnQdJ6_m89MKjIbJyMpzpePi-bjQ5Y-oXaDWB8PmJwa9ZLyarino0yf3QVsKRoUJ-YL81nWhkK_wL39MiJK0fApt_SRU-0y83QcZEoh_FNqD33BYkKa6H0Zm4MxwYSDprrae8rBFS6QSWpwowmXaHbx46vox54z3Y3YEx6_6sY7OyU-hrucEIoRNJyw5IJGSsT0gKvOQ97ykXoAsi-kbnfkek9qU_W_JnoEnQ39Tt0vg8vTf2DQn7cAEoNKxwusF4AQBiAX8vLurWKAGAoAHs--hxQWoB6fMsQKoB6a-G6gHzM6xAqgH89EbqAeW2BuoB6qbsQKoB47OG6gHk9gbqAfw4BuoB-6WsQKoB_6esQKoB6--sQKoB5rhsQKoB9XJG6gH2baxAqgHmgaoB_-esQKoB9-fsQKoB_jCsQKoB_vCsQLYBwHSCC4IgGEQARgdMgiKgoCAgICACDoNgECAwICAgICogAKoA0i9_cE6WIrdktjE7pMD8ggbYWR4LXN1YnN5bi00NTQxNTM0Njk2MTUxNTkwsQmJvriHlCzln4AKA5gLAcgLAaoNAkFVyA0B4g0TCNmAk9jE7pMDFR9RwwYdjBcA6OoNEwiVrJTYxO6TAxUfUcMGHYwXAOjwDQKIDv___________wHYEwLQFQHKFgIKAPgWAYAXAbIXEBgBKgo3MTM2MTY4OTgyUAa6FwI4AaoYFwkAAAAA-FwCQRIKNzEzNjE2ODk4MhgBshgJEgKoThgCIgEA0BgBwhkCCAE&ae=1&gclid=EAIaIQobChMI28qU2MTukwMVH1HDBh2MFwDoEAEYASAAEgLVd_D_BwE&num=1&cid=CAQS0gEABaugfYreXiPDXtzuQngjMymsgPV5-_TZAnGWyqAiy_nzqOWIVVzWj5D8kjc6TtB9XmFA_S5Le6YPzj21qSJngHSnXFveHUTZNQz1_cD7XYPY7beUgkbYFiPM-E9GFpj4O0pO5BHsov6Z_yu1iFihVVzOkfZNwUPOQLaOB_KOfovh5CHd5bdVpQRUjUjel-4vi2HnH8fUy6nPf3F7dSmQvNLB6Tj8NITM_Wq4lBRbtMjIaZlL3oyvVQOAS3lLLHFEVE1cgeogbYhlEHbzIcHfZFQYAQ&sig=AOD64_2iU8dGv1xUqVKvidXd9YEgdcE4qA&client=ca-pub-3533864070776314&rf=5&nx=CLICK_X&ny=CLICK_Y&uap=UACH(platform)&uapv=UACH(platformVersion)&uaa=UACH(architecture)&uam=UACH(model)&uafv=UACH(uaFullVersion)&uab=UACH(bitness)&uaw=UACH(wow64)&uafvl=UACH(fullVersionList)&nb=2&adurl=https://evdealergroup-byd.com.au/offers%3Futm_source%3DGOOGLE%26utm_medium%3DGDN%26utm_campaign%3D1.88%2525%2Bcampaign%2B%26gad_source%3D5%26gad_campaignid%3D23713472124%26gclid%3DEAIaIQobChMI28qU2MTukwMVH1HDBh2MFwDoEAEYASAAEgLVd_D_BwE,https://evdealergroup-byd.com.au/offers?utm_source=GOOGLE&utm_medium=GDN&utm_campaign=1.88%25+campaign+&gad_source=5&gad_campaignid=23713472124&gclid=EAIaIQobChMI28qU2MTukwMVH1HDBh2MFwDoEAEYASAAEgLVd_D_BwE,yes,,,,
1003,https://www.googleadservices.com/pagead/aclk?sa=L&ai=CH7Nn-0DgafSANtWL3NMPjeLu4QKM5565hgGLt6yC0BXM2vaY_g4QASDCiLkiYMfV_42EJqABvKmkyD7IAQLgAgCoAwHIAwiqBN8CT9AkhMp3PH_0TtGYJUgMIidRok3mKjAPehfw7pbd_2zxdHJFcQ9UVJHmzBzaHM4P_7muqxdu9Li9fYB71FMVkgB3rWZA9nTUgFdjkRMCAZKAwAONFJdvMGWm737v3TXLaE2tW5r3PUzr7weqLcBfG1GpBwhZ9QfTs4exYnJenVfrvm5hU066_5ZD1LKbVpApxHsiRW40P9oWJhSl-lHI_C_1qdBk0l4AnTBDIaX4RYGC9PX8lwThTNTCGsfu2ZAzOa3YSrMDcAsQDqjAw9hoH28wWD4GMljMaoZdt_Yqi7sVlelMy8GTb28JRsh93Oi1OkklUaFxsLGJNlzyG0LnQbXomZ7FCuabQZLKjuVtmm9ustNZcHVNlcvDcx_msAqI6SiCAB4saD39ql4njXeztEdI8NkxMJ0KJdz5LSr5GMO3ngtUownXc2JmWY2D-e-rFBLXg5Bd124RYl1Yc10-wAS-t5292AXgBAGIBdyHqZxYoAYCgAe84fSnGagHp8yxAqgHpr4bqAfMzrECqAfz0RuoB5bYG6gHqpuxAqgHjs4bqAeT2BuoB_DgG6gH7paxAqgH_p6xAqgHr76xAqgHmuGxAqgH1ckbqAfZtrECqAeaBqgH_56xAqgH35-xAqgH-MKxAqgH-8KxAtgHAdIILgiAYRABGB0yCIqCgICAgIAIOg2AQIDAgICAgKiAAqgDSL39wTpYwJvLvKHxkwPyCBthZHgtc3Vic3luLTM0NDgzNDE4NTI5MjkyNTOxCdtUqch7CSn-gAoDmAsByAsBqg0CWkHIDQHiDRMI7sfLvKHxkwMV1QV3BB0NsTss6g0TCPTYzLyh8ZMDFdUFdwQdDbE7LPANAogO____________AdgTDdAVAcoWAgoA-BYBgBcBshcQGAEqCjQ4MTIxMTMxNTFQBroXAjgBqhgXCQAAAAB8Kx1BEgo0ODEyMTEzMTUxGAGyGAkSAuhOGAIiAQDQGAHoGAHCGQIIAQ&ae=1&gclid=EAIaIQobChMItOrNvKHxkwMV1QV3BB0NsTssEAEYASAAEgJNPPD_BwE&num=1&cid=CAQS0QEABaugfYxQQPLZsq5uovLvtRcDrumImYZDzvJQK9leFxiu97TzfNvGPreZd6LEiyOeIgrZ3exToINeL9E0h78Xv7OXhqcS1I-7M3G1aESXknSmV2rNvFuB5aXcy_pdNMjp_J0UTfy2tduE_xEt3byGAX-6dBPpqN0x3lr-3EShqvgtQcfMLA297rJLoqX3UhLIhit_KOdBHV20VhtEvA6JpyZmOXe7InDReFMPK7Lh63vPM7VA7eKR46b4uMZEjwG0zZPaCuSlkg2b6UQ75A3igRgB&sig=AOD64_2fTFuSMgIROEUdlr0bX1Be2eL5vA&client=ca-pub-5610521491184789&rf=5&nx=CLICK_X&ny=CLICK_Y&uap=UACH(platform)&uapv=UACH(platformVersion)&uaa=UACH(architecture)&uam=UACH(model)&uafv=UACH(uaFullVersion)&uab=UACH(bitness)&uaw=UACH(wow64)&uafvl=UACH(fullVersionList)&nb=2&adurl=https://www.frontrowmd.com/%3Futm_source%3Dgoogle%26utm_medium%3Dcpc%26utm_campaign%3DFrontrowMD%2520%7C%2520Display%2520Remarketing%26utm_content%3DRemarketing%2520%7C%2520All%2520Visitors%26gad_source%3D5%26gad_campaignid%3D23681713116%26gclid%3DEAIaIQobChMItOrNvKHxkwMV1QV3BB0NsTssEAEYASAAEgJNPPD_BwE,https://www.frontrowmd.com/?utm_source=google&utm_medium=cpc&utm_campaign=FrontrowMD%20|%20Display%20Remarketing&utm_content=Remarketing%20|%20All%20Visitors&gad_source=5&gad_campaignid=23681713116&gclid=EAIaIQobChMItOrNvKHxkwMV1QV3BB0NsTssEAEYASAAEgJNPPD_BwE,,,,,
1118,https://googleads.g.doubleclick.net/aclk?sa=l&ai=CUjLVgCffaZaDJLOKjeYPkKiGEMaP372GAZmcj53GFbCQHxABIN_xoHJgleKQgqAHoAGOpdSvKsgBAakCruyS5tHIsz7gAgCoAwHIA8sEqgT5Ak_Qj2Vnz65XsgE4d5SYJ5A8Ru3uX-qY09_WHD6zz04fjjMcIC3d9D14f5KpSm3EiWXUlsw9QyqJBAbHgVsB2g7bRwS1Avu-IEMyJNarC7APQH9XSKxiOUJOvTbrnfZF1ZiHeXCjg7r-a16WFZnecNLExwkOG7u-RCIjoVxR06nRvzLrEDb0h7sON9cOwoi3iqxG8p1UlJ0O34dVLEwkawX7GWyPCvLGXbZ5qbpVEBXEANrNt7F9W73wC4yLSHFtrSqlsmpFiEt2-HDY3QuBzFIQVLlm5o99hbB3d4qldH2UpcBzlGiFvc7ERlo6oFfqAxxlY0TI0bsNx_z96spE8US5vP11pKz0VmgKebjKBkTaA2iyUg-o1EmKF5JZ3IiCps9yRgyd9VCj8VA236W9Un2WqgODyqD6GFWuYQDs8OqfLQZZu3qe-V5BA7rcQ-r5Bz7uNoF3pbVNPVW0-dMt3YjCijA0rBTIjH15oXEGJO3ZnjZJF_Fl65FvwATL0IamzgXgBAGIBbLU2bdToAYugAeO3aSPBagHp8yxAqgH4tixAqgHpr4bqAfMzrECqAfz0RuoB5bYG6gHqpuxAqgHjs4bqAeT2BuoB_DgG6gH7paxAqgH_p6xAqgHr76xAqgHmuGxAqgH1ckbqAfZtrECqAeaBqgH_56xAqgH35-xAqgH-MKxAqgH-8KxAtgHAdIIMAiR4YBQEAEYnQEyCKuLgICggIAKOgwAgICAgICUqIgCqANIvf3BOli42oaEle-TA7EJ3WzILUZn9tCACgOYCwHICwGiDAOQAQGqDQJERcgNAeINEwiWgoeEle-TAxUzRcMGHRCUAQLqDRMIqZ2HhJXvkwMVM0XDBh0QlAEC8A0CiA7___________8B2BMM0BUBmBYByhYCCgD4FgGAFwGyFxAYASoKODIwMTA2NTAxM1AGuhcCOAGqGBcJAAAAAKicE0ESCjgyMDEwNjUwMTMYAbIYCRIC-VQYLiIBANAYAcIZAggB&ae=1&gclid=EAIaIQobChMIlsOHhJXvkwMVM0XDBh0QlAECEAEYASAAEgKVC_D_BwE&num=1&sig=AOD64_1rt1G6YdMpBZeBW7KloCwoV-o6jg&client=ca-pub-4026473803077671&rf=1&nb=19&adurl=https://gratis-produkttests.info/99475x1/%3Fgad_source%3D5%26gad_campaignid%3D22396955186%26gclid%3DEAIaIQobChMIlsOHhJXvkwMVM0XDBh0QlAECEAEYASAAEgKVC_D_BwE,https://gratis-produkttests.info/99475x1/?gad_source=5&gad_campaignid=22396955186&gclid=EAIaIQobChMIlsOHhJXvkwMVM0XDBh0QlAECEAEYASAAEgKVC_D_BwE,yes,yes,yes,,
960,https://www.googleadservices.com/pagead/aclk?sa=L&ai=C2Hto5E3gaZ-8B8OLjeYPnaSg0Q6gkaXChgHhmYec6RW46Kj44RMQASDH6_YeYMfV_42EJqABoZXy7QLIAQmpAnVB4KpNzbM-4AIAqAMByAMKqgSvAk_Q5eqsKXHmog3CSyNqLZJXYArsALq5YWlUCLuucH2fRxDxahVOfmA7d6SZgbNDgKaRdUOqq5uwM6ypTFpq93Xl3fq432-gOO78J2qjKIoue2UGZp1ZpqyAwQndWc96ImE-zuLFzhqEKGqBtJN_WrXQe3c5C5TpMgOh2nUdZ9qTq9PWljZ7W8JIwy7pZFUp9QBGwJFkHkAYSg6a6u8duz1rG-fDSZoBZqJBUymeEuKkKLes5ayLuZHEyBYXAjq7l_F2FkpLK86XpjfgPcg8-M9hlxtz355cEJfIgqehBpR3O3ASK_D017OV21GdH0QWTA0NQ6plHKdD93qzx2Hz2qm2ib-SjlCj5XiA3m6NynqptvhIfzikVBdrYY3dmAv6qrnjTjqXSUrTkyL6yVzRNcAE0J_O19gF4AQBiAWG_pivWKAGLoAHx-qNkgGoB6fMsQKoB-LYsQKoB6a-G6gHzM6xAqgH89EbqAeW2BuoB6qbsQKoB47OG6gHk9gbqAfw4BuoB-6WsQKoB_6esQKoB6--sQKoB5rhsQKoB9XJG6gH2baxAqgHmgaoB_-esQKoB9-fsQKoB_jCsQKoB_vCsQLYBwDSCC8IgGEQARidATIIioKAgICAgAg6DYBAgMCAgICAqIACqANIvf3BOljR2ZbkrfGTA7EJDzBtBw9OjuGACgOYCwHICwGADAGiDAOQAQGqDQJaQcgNAeINEwi5hpfkrfGTAxXDRcMGHR0SKOrqDRMI65GY5K3xkwMVw0XDBh0dEijq8A0CiA7___________8B2BMN0BUBmBYByhYCCgD4FgGAFwGyFxAYASoKMjAzMTQzOTc4NVAGuhcCOAGqGBcJAAAAADgHGUESCjIwMzE0Mzk3ODUYAbIYCRICi08YLiIBANAYAegYAcIZAggB&ae=1&gclid=EAIaIQobChMIn76Y5K3xkwMVw0XDBh0dEijqEAEYASAAEgKScfD_BwE&num=1&cid=CAQS4QEABaugfUBsT13qT0zFe16IcInO4n1xfmSWiDeWXeVEEMYO8QhqbLRRPp3GRNEpxJxyb106wHBHdjzAE8HK9548hRUe8EvQfeuDnWIMsdMyfu2cK730lhqDZe5KlvIBTxuvhvT3o44MlkNh9WSzTZj5KB_I53ofzGUNikrLYDQDYU3qK3FaREhdzuQbnmrK_sxdZeKDfXyNXOLQlj7ZeSm7rYwBGtUvLC1diElEbdbW41b_j78KBH8EHcF7_LDxkoa_augCuwJX0Myl0SAoflq6d5tQSalzFISSnp98zakZnCEYAQ&sig=AOD64_0rGTUgIKDBWeEU8Gy162EIeo5b1Q&client=ca-pub-8188431425509997&rf=4&nb=9&adurl=https://quiz.betterme.world/de/first-page-generated%3Fflow%3D2160%26utm_source%3Dgoogle%26utm_medium%3Dcpc%26utm_campaign%3Ddisp_recurring_f2160_cid23721295622/512%26utm_content%3D803711605591%26utm_term%3D%26gad_source%3D5%26gad_campaignid%3D23721295622%26gclid%3DEAIaIQobChMIn76Y5K3xkwMVw0XDBh0dEijqEAEYASAAEgKScfD_BwE,https://quiz.betterme.world/de/generated-questionary-brand-palette?flow=2160,,,,,
1031,https://www.googleadservices.com/pagead/aclk?sa=L&ai=CexNDdtbeacCfK76R3NMP34iPgAr_4pbshQHji7bstRWryoCU5EcQASCs2bgiYKW4moCcAaAB_Ouy3ALIAQapAoGXlio96ac-4AIAqAMByAMKqgTQA0_Qd94EhRoVMJm3WTfRwNOD-u9s8L5RwJNINwkBeeYVhr_2qFp2fMCdyLiqRCWkm9slf5no-BTZMMGHcGfosHrkYuGftab6v3sQ3hVFzpGm6KNpba9-xW-KrLz0A7gBKIcnRVdy1sHDq8WWezvKpNsmh2X8kWuYRgSTTubu4gRCqMWENMOyJfjHWW-kctJ4N5a3NcS83XwLHYhzdQhYy5oL9YKZ5Y_ZkTCvJyuAcfeQKz4ifsyMtMvMWtv7wIizBy4eX0bbEYRE-79XiTgRjL7VmwBBgmOxhd_GreI6KPSKsxTBjtVNK8TcVMyBGkl69nbJwk5-uFSuhFC4Ah3nebbZm0KTmv_DXH_71Vn1o35Ld3C5OR88qiSfEpWvgedaWKs8dUvN56HRmvCwvdLjD87m-2AtIRkPFtcUL1ki0G7-zABj3rL8TNKsVE-FyDMzf2OKNwazQVn5G4dLHwRjz76-1A5HvhL4eSTDKObRX_i0zY1uYztgDCCa-gSMQHuaMW0qnoqdaKre9lpeP7PkOAoneYZh73qLlUC28jpMqpv9U-sNzC_RqJxeKv_PVhqNBYPvUyPZ-auHiJpfobJwYZFDJaoyRsDAb1qUlpiUAiENwASFsPj_xAXgBAGIBdGmnuxXoAY3gAfsk82jAagHp8yxAqgH4tixAqgHpr4bqAfMzrECqAfz0RuoB5bYG6gHqpuxAqgHjs4bqAeT2BuoB_DgG6gH7paxAqgH_p6xAqgHr76xAqgHmuGxAqgH1ckbqAfZtrECqAeaBqgH_56xAqgH35-xAqgH-MKxAqgH-8KxAtgHAdIILwiAYRABGJ0BMgiKgoCAgICACDoNgECAwICAgICogAKoA0i9_cE6WOCN0d_H7pMDsQl8ue4uJbFtiIAKA5gLAcgLAaIMA5ABAaoNAkFVyA0B4g0TCJ_E0d_H7pMDFb4IdwQdX8QDoOoNEwjH-9Lfx-6TAxW-CHcEHV_EA6DwDQKIDv___________wHYEwPQFQGYFgHKFgIKAPgWAYAXAbIXEBgBKgo0NDI5MjUwMTc3UAa6FwI4AaoYFwkAAAAAgKj4QBIKNDQyOTI1MDE3NxgBshgJEgKTThg3IgEA0BgBwhkCCAE&ae=1&gclid=EAIaIQobChMIwLLT38fukwMVvgh3BB1fxAOgEAEYASAAEgK5ofD_BwE&num=1&cid=CAQS5AEABaugfYigTGx4jlCYr7FMLNucH_asLYSthvs_RmhxOVOySgOhjIZpqFt43B0v60rohT4ih6Gfx2nZ7sRcnLjdKD0ThB0oCA9_ixw8_Z0pJwecG2jslFKAqNvTAvCg8VWj7oiK2PfVlVr6_GfbmZEv99ioaPjK0r3CyKpmtdENOx7DQU097bZv6o0l_EG6NjwwLhh06lo-mYg8q39scTnkMMFSX37_nZZ38yoezQHYSVTukzJ_P9fHad3iqGo6Cia1ENstQEkZCLTh3rWajqbtPfDkS2vT66vqWWvapFu1zZrhZ0AYAQ&sig=AOD64_22Ktsf_Bi3D1Gy0lmGk4KhSY9PYA&client=ca-pub-4180835694166255&nx=CLICK_X&ny=CLICK_Y&uap=UACH(platform)&uapv=UACH(platformVersion)&uaa=UACH(architecture)&uam=UACH(model)&uafv=UACH(uaFullVersion)&uab=UACH(bitness)&uaw=UACH(wow64)&uafvl=UACH(fullVersionList)&nb=9&adurl=https://www.phonehomes.com.au/%3Fgad_source%3D5%26gad_campaignid%3D23580873553%26gclid%3DEAIaIQobChMIwLLT38fukwMVvgh3BB1fxAOgEAEYASAAEgK5ofD_BwE,https://www.phonehomes.com.au/?gad_source=5&gad_campaignid=23580873553&gclid=EAIaIQobChMIwLLT38fukwMVvgh3BB1fxAOgEAEYASAAEgK5ofD_BwE,,,,,
1097,https://www.googleadservices.com/pagead/aclk?sa=L&ai=CrA-_uGzgaeTYKoeijeYPgZf4kAj_7ZWrhgGmiNijjhWe88Gyig4QASDenax1YMfV_42EJqABxuKThT_IAQKpAnhgNKkTJIE-4AIAqAMByAMIqgTCAk_QUE60fJRMINJF0F48kgDToMsxvuW3Wx1Jv7FwEjQ-Xynbv1ijBoOPwRmthSapLnJN5fzPIGMT2-id2BhmJyXxi-szinZlsBeRsp87tjHq2Y1JssA57MCEwOtItD8X-p9hE9wuQ5z2P2mS_LxZjZ3fHgj70Olkz1MZ-sYAP4pkcon5Nlqu1Z9ZS-8eslAI83mtqCt01eGkyGZWXemPL6ZCWbJcwWxSHAk9jc0TbKKhtSLWDbixJIvk_cFkGG_2O5j1oYjQhWgYZZ2_fjGPaTB2RzXdq324nqUe7lJuHLbOIKDNF0BQufziZQUITCfiy7oS39fW385g0XLEBgpfZd5Ydy2CJkNDx6PehYaxPH05vR3sI9RdO7KTW5f1ZnXy-MMKnrMfl4qcPUOBT-6k5-5PV0w7aSA3596aSu8YEnCU7ePABJmfyqvJBeAEAYgFva7M_1agBgKAB8aa5OQZqAenzLECqAemvhuoB8zOsQKoB_PRG6gHltgbqAeqm7ECqAeOzhuoB5PYG6gH8OAbqAfulrECqAf-nrECqAevvrECqAea4bECqAfVyRuoB9m2sQKoB5oGqAf_nrECqAffn7ECqAf4wrECqAf7wrEC2AcB0gguCIBhEAEYHTIIioKAgICAgAg6DYBAgMCAgICAqIACqANIvf3BOljcvNOXy_GTA7EJyjmcS4IelKOACgOYCwHICwGqDQJaQcgNAeINEwi_2tOXy_GTAxUHUcMGHYELHoLqDRMIvvXUl8vxkwMVB1HDBh2BCx6C8A0CiA7___________8B2BMM0BUByhYCCgD4FgGAFwGyFxAYASoKMjg5Mzc1NzE1MlAGuhcCOAGqGBcJAAAAAICK_UASCjI4OTM3NTcxNTIYAbIYCRICsFMYAiIBANAYAcIZAggB&ae=1&gclid=EAIaIQobChMI5JTVl8vxkwMVB1HDBh2BCx6CEAEYASAAEgIXBvD_BwE&num=1&cid=CAQS0QEABaugfYX6jL_5F2PhJlJqRrWlU4urwKiZzsD4IVSToNEPx9FeNZUnTCkFHzSb00QPxdtlJkNnNWuRuyiSj--sL0DUH7nUc1R1oW5Wbpy7IxT8Jv0XRHJVe-iKm14JqVTNpCIldyKP7_jQKNdfwQcCBAiEYMJWrAhQD56NZdqkNpHp0CRx745vPa62HQzTO33SMt7ELyb4nTHDBuolTKDveiNWF5tAlfIfLGgjX9aCApHCuJvlF1GsgZukjRI_3_ykq4g2A5pETv4OHuME8xoqTxgB&sig=AOD64_3JZuIUE88h2N4qK13_L2SoRgFxsQ&client=ca-pub-7209808242714184&rf=5&nx=CLICK_X&ny=CLICK_Y&uap=UACH(platform)&uapv=UACH(platformVersion)&uaa=UACH(architecture)&uam=UACH(model)&uafv=UACH(uaFullVersion)&uab=UACH(bitness)&uaw=UACH(wow64)&uafvl=UACH(fullVersionList)&nb=2&adurl=https://www.eviogame.com/td.html%3Fgad_source%3D5%26gad_campaignid%3D23353038653%26gclid%3DEAIaIQobChMI5JTVl8vxkwMVB1HDBh2BCx6CEAEYASAAEgIXBvD_BwE,https://www.eviogame.com/td.html?gad_source=5&gad_campaignid=23353038653&gclid=EAIaIQobChMI5JTVl8vxkwMVB1HDBh2BCx6CEAEYASAAEgIXBvD_BwE,yes,yes,yes,yes,yes
982,https://www.googleadservices.com/pagead/aclk?sa=L&ai=Cylt6n-Heae6vCb6A3NMP36TAiAeJwpvAhgGg_5y2vxXc2R4QASDFnrQdYKW4moCcAaABlePe20LIAQngAgCoAwHIAwqqBMACT9CzFOkB3qU-_d8efQkgAqtHEI1ArLIGFkcRN6L_vIbnQDHlCKJAQO56qrneE7GJ1_Ou3rcmzTQQ56o0hjMaLgf8PfVxPWghQvU-tmYGbMPoToSt7n2mt_p1bZTEIZfM-D0oR6Bg3vT8eXAg-KGjpPYYwLw1YBJWpLuWBW8BDD-616vXkH43VUJwSjEyTnIbyu5S_2OtPxg0mc-ZB6b15t_lLt7J7t3OBjCL8Uu_6DWfJjsEzS3sZE9G-GYnjjgm79H8pKb8eKpxGpNzxjgYlDeUr5Y4QuAYQTSeTaJuG69up5iYVyG2kLhdmHqaEpoyLauujgDp_l_dlzciEwkXsWFjOQs_GCZdgjVCUBUVW3fdJmyzUjmdS9sF-qfpYIRg2kbYsW9eqH_jo1iefUO2s_WSw-8UZgxtlkkSUYJLdtvABL_CyonTBeAEAYgFwsO1u1igBi6AB5Wbr7sdqAenzLECqAemvhuoB8zOsQKoB_PRG6gHltgbqAeqm7ECqAeOzhuoB5PYG6gH8OAbqAfulrECqAf-nrECqAevvrECqAea4bECqAfVyRuoB9m2sQKoB5oGqAf_nrECqAffn7ECqAf4wrECqAf7wrEC2AcA0gguCIBhEAEYHTIIioKAgICAgAg6DYBAgMCAgICAqIACqANIvf3BOljDgdmx0u6TA7EJfbJbK0ad03GACgOYCwHICwGADAGqDQJBVcgNAeINEwjPpdmx0u6TAxU-AHcEHV8SEHHqDRMIg9HasdLukwMVPgB3BB1fEhBx8A0CiA7___________8B2BMC0BUByhYCCgD4FgGAFwGyFxAYASoKMjQ0OTY0MDA0MVAGuhcCOAGqGBcJAAAAACrtJ0ESCjI0NDk2NDAwNDEYAbIYCRIC704YLiIBANAYAcIZAggB&ae=1&gclid=EAIaIQobChMIrvvasdLukwMVPgB3BB1fEhBxEAEYASAAEgK0U_D_BwE&num=1&cid=CAQS0QEABaugfahTLMR7MpcuUWsU5THQaFhcPbibWb3ZB13MYDQpxpkQvBulBtmK8E2YbPW6eHpLRWK_4wnFfFy8uigAiYOV7HGeX09xc-jnFNY_qnPu91l-W0tluDjOuG1M89RPOLja7toQzZXz6eQePE652exPhftXcJMiQfYHJMZPUwswu71jRDr2KkwATaaRj-utcfI32j5cmBCzRlHpgiAcP-paNQ1gV5Mk2CrGctsTCE5zQQ6pX5Juq40iU0NsEAaChdmdLBGhY1jRULB9VxxdNxgB&sig=AOD64_0etMRbnK4Tffm6eZB7L0SDfBsOQg&client=ca-pub-4069693291391267&rf=4&nb=9&adurl=https://accenrosol.com/%3Fcampaignid%3D23746929090%26gclid%3DEAIaIQobChMIrvvasdLukwMVPgB3BB1fEhBxEAEYASAAEgK0U_D_BwE%26wbraid%3D%7Bwbraid%7D%26utm_source%3Dgoogle%26adgroupid%3D194098929983%26creative%3D805301392997%26network%3Dd%26device%3Dc%26placement%3Dwww.manoramaonline.com%26campaign%3Daccenrosol%26creo%3Daus1%26gad_source%3D5%26gad_campaignid%3D23746929090%26gclid%3DEAIaIQobChMIrvvasdLukwMVPgB3BB1fEhBxEAEYASAAEgK0U_D_BwE,https://accenrosol.com/?campaignid=23746929090&gclid=EAIaIQobChMIrvvasdLukwMVPgB3BB1fEhBxEAEYASAAEgK0U_D_BwE&wbraid=CjsKCQjwy_fOBhC-ARIqAELzLvxUL4R1CTueCTGqb0KQaRceKubKHD14T3mBdaZJtJribafCs1u8GgJ1yw&utm_source=google&adgroupid=194098929983&creative=805301392997&network=d&device=c&placement=www.manoramaonline.com&campaign=accenrosol&creo=aus1&gad_source=5&gad_campaignid=23746929090&gclid=EAIaIQobChMIrvvasdLukwMVPgB3BB1fEhBxEAEYASAAEgK0U_D_BwE,yes,yes,,,
1216,https://www.googleadservices.com/pagead/aclk?sa=L&ai=Cgxhpl97eaf_mBMyZjeYPu8KviAro8ZHXhQH-h7CX0BXTyariiw4QASC744ckYKW4moCcAaABkt3fzz3IAQKpAoGXlio96ac-4AIAqAMByAMIqgTqAk_Qq7-bQgFZskcIzuzd4v4gjKRrU_g7Mgu-cUAGuAVbywML5p9CG2TMRQEyN9vEYIwz9WtuLmnq2QbYDVh5A9IJKsfgEDwn3K9oud2MiW9oNgqW1W4aVzZcnOak1pYta8E_yvg40QezHtcTAZjGYMqRkhqsargcKWP-S06PI61Ep0698SdzCk3nB9mUO1sxhWPqdrWakEMjQLPU4tbSHdDv6vTeqDhAfJLXKNSfcvt5mdhnrpMOqfwH1I2UCF5s7kO4W38hx-FCCqa53ENyqLxHdr4z0iaohIYTYJQzIFJN3Qycs7vzXhF1ix2Yp_wQz6q1uYA01EUw7FnuqANm4HGeCiYpVI9YB6XTUXWzxPv9GVyFA90F4F0lHUsvP1WpucZbA_M_GYiMSY5FLe2iMHIqQzX1rQmsZm5SJhnQOnqwQ0hE91JdtbKLRo7lJTIg8MPYsoKa2gMOxK_FlL-_O8S2PGjPM9AqyK0ewATpmZTU1gXgBAGIBZ72wcZXoAYCgAeSlbCvGKgHp8yxAqgHpr4bqAfMzrECqAfz0RuoB5bYG6gHqpuxAqgHjs4bqAeT2BuoB_DgG6gH7paxAqgH_p6xAqgHr76xAqgHmuGxAqgH1ckbqAfZtrECqAeaBqgH_56xAqgH35-xAqgH-MKxAqgH-8KxAtgHAdIILwiAYRABGB0yCIqCgICAgIAIOg6AQIDAgICAgKiAAqiDEEi9_cE6WNPp0L_P7pMDsQkvvEkboJDW3YAKA5gLAcgLAaoNAkFVyA0B4g0TCO6L0b_P7pMDFcxMwwYdO-ELoeoNEwjxutK_z-6TAxXMTMMGHTvhC6HwDQKIDv___________wHYEwPQFQHKFgIKAPgWAYAXAbIXEBgBKgo3NDUxNzg5OTAwUAa6FwI4AaoYFwkAAAAAWLgXQRIKNzQ1MTc4OTkwMBgBshgJEgKqUBgCIgEA0BgBwhkCCAE&ae=1&gclid=EAIaIQobChMIv47Tv8_ukwMVzEzDBh074QuhEAEYASAAEgIV2_D_BwE&num=1&cid=CAQS4wEABaugfTUbULkZjNTQhww6GYdD3QBNdF27Y9_iauHlB3CwdPzKjWQ948VUboGUS4heQ6mqzfckUm1CLDgI4ytV4fzAA4QWzKmAXjYQvVvnQeIFeYMmFjLUrP2iiUEc5BrgLPzM6ZrAwvRtaf95_mKAH7K-kEm_Kg78gUM7_FJInyvcxVUpMnmI7dMTFkdhnug5dMuhdXFbsDVh6icli9Bte33fDd2bEykl-g_h6n7S5OaB9Sn8tCaG0H_Fhmgo7v6NV6d9jjiAt5gygcnsft3Xz6P9k7mcQvpmjJvRFqx2D1vcyBgB&sig=AOD64_2VffpJ9gSQAIuy8iPbZNJIFTG3hQ&client=ca-pub-1301581561755234&rf=5&nx=CLICK_X&ny=CLICK_Y&uap=UACH(platform)&uapv=UACH(platformVersion)&uaa=UACH(architecture)&uam=UACH(model)&uafv=UACH(uaFullVersion)&uab=UACH(bitness)&uaw=UACH(wow64)&uafvl=UACH(fullVersionList)&nb=2&adurl=https://www.theultimaterenewable.com.au/%3Fgad_source%3D5%26gad_campaignid%3D23501765406%26gclid%3DEAIaIQobChMIv47Tv8_ukwMVzEzDBh074QuhEAEYASAAEgIV2_D_BwE,https://www.theultimaterenewable.com.au/?gad_source=5&gad_campaignid=23501765406&gclid=EAIaIQobChMIv47Tv8_ukwMVzEzDBh074QuhEAEYASAAEgIV2_D_BwE,,,,,
1102,https://www.googleadservices.com/pagead/aclk?sa=L&ai=CChuPnD7gad7TF7ihjeYPh_26yA76qL6lfaTV6NfUFYOMnZKpQRABIPqpihdgx9X_jYQmoAH43rTgA8gBAuACAKgDAcgDCKoEqwJP0CSKC_3Ckr0um8TkE0XboZ4a226c2Wkawd3CaYSf5b4iAK38UkmRcukbkCt9D7BOta3XWmLA38CyO6PW38f9xICgu2_ntDOEx7dbjvdQbSVCKlSToZ2hkwg9H7KICinW0WOjZVwqB19ZGxXm58dRIuy8LXGXXFUB3XZmOtbrLwtSSz4LOU8BaEkZ56ETGyIhhwxQvlVoB4JlUfZcThLY1PwFD78s1D49ZpMS5pMtnUnXJHq7yM9yx4teqtvpxYt9MtzMXF2idZRkgynkdWdgqe7jZF-6En6UnPrfnCqH3bItJ2qFFKfCtgb9aw4mDvzYJKESPFURljquSE-dFQyv8xH2GsUGBpWhRQmLc-E1XM2jX8SIhRQecBpzXYHuF5Qdr8Wll81TZ0PnXMAE2cnfqY0F4AQBiAWD3u_HUqAGAoAH8KDLH6gHp8yxAqgHpr4bqAfMzrECqAfz0RuoB5bYG6gHqpuxAqgHjs4bqAeT2BuoB_DgG6gH7paxAqgH_p6xAqgHr76xAqgHmuGxAqgH1ckbqAfZtrECqAeaBqgH_56xAqgH35-xAqgH-MKxAqgH-8KxAtgHAdIILwiAYRABGJ0BMgiKgoCAgICACDoNgECAwICAgICogAKoA0i9_cE6WMHD9Zqf8ZMDsQk4PxmKI-vK3oAKA5gLAcgLAaoNAlpByA0B4g0TCJ_m9Zqf8ZMDFbhQwwYdh74O6eoNEwio7Paan_GTAxW4UMMGHYe-DunwDQKIDv___________wHYEw3QFQHKFgIKAPgWAYAXAbIXEBgBKgo5MzMyNzkyOTA2UAa6FwI4AaoYFwkAAAAAgIfkQBIKOTMzMjc5MjkwNhgBshgJEgKRVBgCIgEA0BgBwhkCCAE&ae=1&gclid=EAIaIQobChMI3pH3mp_xkwMVuFDDBh2Hvg7pEAEYASAAEgLFoPD_BwE&num=1&cid=CAQS0AEABaugfTm45o2gvGTEDVNIy2gKUCMN82ldq-2mh9RMuFOzGKtP_qo-sO-U_8BzWwMi060w9Sy4-n3ehologcKeo-v18Q2AQFYGCPxzgfF6JFBLaWMNb2I7b9_M0jgPb0_oBV5fn_jAJXcWaRAg4KO7sc7Yy3yyIzx8-16tLafsmQrIfrb9krEfNsdnFiBpZaZtyDTIuxTG2YOjKdmrUjjlnRFEGp-0GU-E2Nm8DP7wXagd_yBdxxRqbRlvO4Zzdwl7y536ScGVR8BN1TwQXhKsGAE&sig=AOD64_28mmbQsm2jRnyG7xQ4Wvl6FafrOA&client=ca-pub-5405132603504384&rf=5&nx=CLICK_X&ny=CLICK_Y&uap=UACH(platform)&uapv=UACH(platformVersion)&uaa=UACH(architecture)&uam=UACH(model)&uafv=UACH(uaFullVersion)&uab=UACH(bitness)&uaw=UACH(wow64)&uafvl=UACH(fullVersionList)&nb=2&adurl=https://www.plazahotelcasino.com/hotel-packages/viva-26-package/%3Futm_source%3Dgoogle%26utm_medium%3Dcpc%26utm_term%3D%26mkwid%3Dc_dc%26pcrid%3D789615466246%26plc%3Dwww.vox.com%26pkw%3D%26pmt%3D%26cvosrc%3Dppc.google.%26utm_campaign%3D%26utm_adgroup%3D%26gad_source%3D5%26gad_campaignid%3D22162435843%26gclid%3DEAIaIQobChMI3pH3mp_xkwMVuFDDBh2Hvg7pEAEYASAAEgLFoPD_BwE,https://www.plazahotelcasino.com/hotel-packages/viva-26-package/?utm_source=google&utm_medium=cpc&utm_term=&mkwid=c_dc&pcrid=789615466246&plc=www.vox.com&pkw=&pmt=&cvosrc=ppc.google.&utm_campaign=&utm_adgroup=&gad_source=5&gad_campaignid=22162435843&gclid=EAIaIQobChMI3pH3mp_xkwMVuFDDBh2Hvg7pEAEYASAAEgLFoPD_BwE,,,,,
1075,https://www.googleadservices.com/pagead/aclk?sa=L&ai=CDNgnpWngaa2YCfmMjeYP-eGu2A6YjurLhQH1hNW9nRXYgvrG2Q4QASDU_LceYMfV_42EJqABsJqz4SnIAQmpArRriMTlroM-4AIAqAMByAMKqgSXAk_QrWUaV1tj1z-XsehcRxNwayZMrQrR7nC6PvP9DqBix5WFFes47mPU0WYpNPQsvIZHR4YZkkihK5PdBsuOHt5N8wLTZ0DtZ4VIxNe6eFeYzNQ56Is1BVtbmNDOl4t1vW4mOzxQUxwnzTar9IwAEEK9RzlaeBI8T6Q76Y7aFH1KCU3HXVCl7B4tmsnccH5artCdrfbKFHfwf3Ba2W6VJ-NkshKv8pJHjo89HX2c88KP7XEN9TgpN0GEG7SXDdijBz6UtwUvpc7WTHPHnCCdwAV28vKxmUL1bZD_rpDW4iQQj5LlNc1vSgz7jHZqPcmOzY4fGX6ZqqtlMazlB0YnWQXkRmz0uF1dyE5Xv5z8YAeoi6pbE3XhOcAEsNyH8uMF4AQBiAW1j9q5V6AGLoAHsNKDwQSoB6fMsQKoB-LYsQKoB6a-G6gHzM6xAqgH89EbqAeW2BuoB6qbsQKoB47OG6gHk9gbqAfw4BuoB-6WsQKoB_6esQKoB6--sQKoB5rhsQKoB9XJG6gH2baxAqgH2LaxAqgHmgaoB_-esQKoB9-fsQKoB_jCsQKoB_vCsQLYBwDSCC4IgGEQARgdMgiKgoCAgICACDoNgECAwICAgICogAKoA0i9_cE6WPigj6DI8ZMDsQnJn7dr7Y8fW4AKA5gLAcgLAYAMAaIMA5ABAaoNAlpByA0B4g0TCI_Dj6DI8ZMDFXlGwwYd-bAL6-oNEwjO2JCgyPGTAxV5RsMGHfmwC-vwDQKIDv___________wGwDrzxpugYuBPkA9gTDNAVAZgWAcoWAgoA-BYBgBcBshcQGAEqCjI5MzE0NjYyNTBQBroXBggBOAFIAaoYFwkAAAAAgJkYQRIKMjkzMTQ2NjI1MBgBshgJEgK-UBguIgEA0BgBgBkDwhkCCAE&ae=1&gclid=EAIaIQobChMI7f6QoMjxkwMVeUbDBh35sAvrEAEYASAAEgLzQfD_BwE&num=1&cid=CAQS4wEABaugfcX6z_GYv0TS32rIDitxJSfAleQKEYHAlGKfwkweKD_zws96cWBMLcQINMYAY874M-GF1KjEKCNzKmv8Dtr0FyW9Y5qpmf8ul56Repe258LObRUa-cDHdwwFYbzy3a9V4nvEUYMZgP-JT0FiCBDPhCbNBZfRo9YjwAZHwTvjRzjxTpk2_jLLd0M_WyMAJMZr0cR69IzZJ0vOcjZ_A8yTgEDuLH5NtueMwdk3zSPwJ08qorzj9bz18ZeWBKiGy11vLTRZnV9D8Ho3lb8POhMLWW9higrRbBdpcy_KdnnHSRgB&sig=AOD64_2XEi8civxTr2UulRZBAUNQvx9dLA&client=ca-pub-4613881071217662&rf=4&nb=9&adurl=https://www.ledman.com/product/gm-series%3Fgbraid%3D0AAAAApwszTA37XZKnKG4x-RxRjomoo8mI%26gad_source%3D5%26gad_campaignid%3D23474898869%26gclid%3DEAIaIQobChMI7f6QoMjxkwMVeUbDBh35sAvrEAEYASAAEgLzQfD_BwE,https://www.ledman.com/product/gm-series?gbraid=0AAAAApwszTA37XZKnKG4x-RxRjomoo8mI&gad_source=5&gad_campaignid=23474898869&gclid=EAIaIQobChMI7f6QoMjxkwMVeUbDBh35sAvrEAEYASAAEgLzQfD_BwE,yes,yes,yes,yes,yes
1005,https://www.googleadservices.com/pagead/aclk?sa=L&ai=CpfwLhKvfacG7FNGljeYP__2ImQrM-Muzc-Trxve4E-mt9ZS4AhABIPjIySBgmwOgAaq29u4CyAEJ4AIAqAMByAMKqgTJAk_QxP3RSf4NR1DMSlgy0OXHddufD9nRZdDZfTTsKKCjhKn7NbUsRciUaWx7X0dRCpYrYKcewM5tfKUPFGopgubBsO3t0xoQiLeK6RWF8pwJfI7EfaQH_jvQ25YNrbRnrXmZUH32qRuj8mvZ731wmArpwpexHzQitKtntrBnZOwMEWAyanaJKwCeyC-DV_uytvV3kpDVYoVTmYgX6oG4zHIHrztzQh4FYe5Rx4IPQ0FHXdsnuaAxVKYY5ks3BAKpxOZGJufbcN_5NE2bqbHpsSPdGnfHK8nr0EcGkX-dG5vKoPpnt5PpFL_dTTbrGpBhk8eAg_GUzimvKUftSinhZkC04wVMchJot-T43zqRk5ry6WNMqEd_n7dbKfOHnP_2yUhaDuGaMSvAn2__QOnh4dwuJE80yAIHdxX0Eo2n3jLOxoXi3Q6QsXQ6wASWqszN7gHgBAGIBcq_9Z4GoAYugAe-yYmRAagHp8yxAqgH4tixAqgHpr4bqAfMzrECqAfz0RuoB5bYG6gHqpuxAqgHjs4bqAeT2BuoB_DgG6gH7paxAqgH_p6xAqgHr76xAqgHmuGxAqgH1ckbqAfZtrECqAeaBqgH_56xAqgH35-xAqgH-MKxAqgH-8KxAtgHANIILgiAYRABGB0yCIqCgICAgIAIOg2AQIDAgICAgKiAAqgDSL39wTpYiY6L95LwkwOxCXJ-QslIA8skgAoDmAsByAsBgAwBogwDkAEBqg0CS1LIDQHiDRMIydGM95LwkwMV0VLDBh3_PiKj6g0TCOOrjveS8JMDFdFSwwYd_z4io_ANAogO____________AaITVgo5CANAAVIICgYSBAgBEAFom6bq3DRyIxIhIAIoATgCQMq_9Z4GWAFo_v__________AXACgAEBmAEDGhkKF2NhLXB1Yi0zNjIyMTM2MDk4Nzk0MDQwuBPkA9gTCtAVAZgWAcoWAgoA-BYBgBcBshcQGAEqCjIxMzAwNDU4MThQBroXAjgBqhgXCQAAAACAEflAEgoyMTMwMDQ1ODE4GAGyGAkSAqFPGC4iAQDQGAHCGQIIAQ&ae=1&gclid=EAIaIQobChMIwY2Q95LwkwMV0VLDBh3_PiKjEAEYASAAEgId9vD_BwE&num=1&cid=CAQS0AEABaugfYg99QZ4cD1EEZLDiuu3-Xk9-itnGZedEi_XInRM-YUxplG3Aw8MV3RdzwnO6K0Vr6pYkgyIiyKILZFUXZ9vGKEn0A6UhbZvAB7Xpzq49wTxtyarKMsAZ3D1V3TPRFnu5P2z_d1etQW18YLq1SsUKI9ZEfDiHg6wxK30mpCuosNL_q0iOr7k3dGaVPDjQj_H0L-yH-SIctb7sGJ4rzavryeUKGutghITu1MFyZasQd38gUnlQWwfXmh-tGEnQBcaYVFLi31AkJPkb4rUGAE&sig=AOD64_3FwW1B1yOzdJLceNa6hVduszgWuA&client=ca-pub-3622136098794040&rf=4&nb=9&adurl=https://www.empressevents.com/%3Fgad_source%3D5%26gad_campaignid%3D1675452362%26gclid%3DEAIaIQobChMIwY2Q95LwkwMV0VLDBh3_PiKjEAEYASAAEgId9vD_BwE,https://www.empressevents.com/?gad_source=5&gad_campaignid=1675452362&gclid=EAIaIQobChMIwY2Q95LwkwMV0VLDBh3_PiKjEAEYASAAEgId9vD_BwE,,,,,
1193,https://www.googleadservices.com/pagead/aclk?sa=L&ai=CtEI1wUPfaYznHeyZjeYP7PaPwQ_x0c6hhgGokdbo_BXc2R4QASCbqIc3YJXikIKgB6ABxeqZuQLIAQmpAnzZXHukxLM-4AIAqAMByAMKqgTAA0_QaT4RqysdTWGS2CSaS53-bsTyEY-HnONJENPzgFha3QTMaW8WGHnAAvvGChBwmVsblDnXHHl4nqjVYuwZvsmMZEAN_d7-eyWxXI3XCFIRAK5VK9LVSD5vouDjQ4KBAw9gqtTa-Da9h8aazZvI1EalTs9kJO4fSWA-NqPhPbow2445rIMqV1bYvnaZX91zcTluwcutXfugP_fCmnzLUtBoIa0mv9wfxsKOjnpV7JxGJ7eIgaC7cYBxid15WE5pJkHWqjFn7qiUuhxt_2oeNy87kS4aY-4AxuzcCz2Ctfdnhw42DXOA-gI9Q9O3PQaM5sQAWEXtgSb466QJSok3jiuuGao4qlPQRequXW_FfLri4yQEkLhVqjRRWG9FwDHay3kVU8qrtx5sY34BkQ6q4zjbSjBSWWYEsXYl93KX7uGmmG28xByjZuomEybRkTJEVgKbP3jZqKFod2SoY8tlt_B_gassqS8YIgIIF1PMcITSMl0GEOipiQHSnFOkooGMy7VvoHVgys7EhOGK8LyZ0qILn7qS0PLn27C3fkCUAfaFt_3MrjLedfdfDk2kVeAc77_PEPq6vtIYWb8rIRCmsAXABOqmnu_hBeAEAYgFiODSrVigBi6AB6OV5sYBqAenzLECqAfi2LECqAemvhuoB8zOsQKoB_PRG6gHltgbqAeqm7ECqAeOzhuoB5PYG6gH8OAbqAfulrECqAf-nrECqAevvrECqAea4bECqAfVyRuoB9m2sQKoB5oGqAeYxbECqAf_nrECqAffn7ECqAf4wrEC2AcAwAgB0ggyCIDhgBAQARidATIIqoKAgICAgAg6DoDAA4CAhICAlKiIAqgHSL39wTpYqfr6_K_vkwOACgOYCwHICwHaCwsIHxCux8Gg-wYYAIAMAaIMA5ABAaoNAkRFyA0B4g0TCLa2-_yv75MDFexMwwYdbPsj-OoNEwikk_z8r--TAxXsTMMGHWz7I_iIDv___________wHYEwPQFQGYFgHKFgIKAPgWAYAXAbIXEBgBKgo0MTk2MDAzMzQzUAa6FwI4AaoYFwkAAAAAtOIWQRIKNDE5NjAwMzM0MxgBshgJEgLtThguIgEA0BgBwhkCCAE&gclid=EAIaIQobChMIzMv8_K_vkwMV7EzDBh1s-yP4EAEYASABEgJ_6vD_BwE&num=1&cid=CAQSbwAFq6B97Df7-RQ0hR0uy4fpsnGEaGq31rsnTbeom_r04CDcIu9nQ7mOSqDtudYby4KHK168QOiwsXgchJLwrP97f9IHjPCj5fPMa3lOtU5PQsKOtaM7tKUVrwN3jGrD-qhpwSbEhS5nvrqEJz9uMBgB&sig=AOD64_3rCzwKIyBr1TydgQoP2ecNosBAvQ&nb=6&adurl=https://www.commerzbank.de/kontakt/%3Fgad_source%3D5%26gad_campaignid%3D23718047752,https://www.commerzbank.de/kontakt/?gad_source=5&gad_campaignid=23718047752&gclid=EAIaIQobChMIzMv8_K_vkwMV7EzDBh1s-yP4EAEYASABEgJ_6vD_BwE,no,no,no,no,no
1134,https://googleads.g.doubleclick.net/aclk?sa=l&ai=Cw5gO7OXeaZXUGcnejeYP4fa_kAr9tI-KYJK67Pf4E9ve2r7BHRABILSjzSJgiQOgAbPK3J0DyAECqQKBl5YqPemnPuACAKgDAcgDCKoEuwJP0NB9XOmTgvI-Is0cpEXy_otTb_VLalafiDqD4bYsDk__OhK6UE9zM2KPcyjdfodv5mQAHhMCWzUxqT6SoconYOtHoE0bX_P8qCsqNIISjc2wGvWm7udCMb12T_OiOjTsRaGf5OXkpqR_sau63-SuaAtOKsOlOQ8QpN3r0qLAK_me_VPwb2DEoWoVUkNB-gY74Hl1b-L-crDFG4gsPeVYUlJcfJY8arr_Mjy1H8nWYo-9AAt1WVGZOmesoc4VQ7--OhRQ6tnx95XPPanxar3H7Fe7uyP15rqAg-NKODGefEBR5GjtyufRu9ejTtgkf-_q3JtpWYFljRVgpnukpFWUxd6vQguIzklgz8EtZ6uUy4x00raEifEmnwmai9wyR4XCTPZ-V4JHnjgfiK1zgzZ8NhK9v2SZ8uOS9sjABNiH9OOtA-AEAYgFh_OoliugBgKAB7W1o2KoB6fMsQKoB6a-G6gHzM6xAqgH89EbqAeW2BuoB6qbsQKoB47OG6gHk9gbqAfw4BuoB-6WsQKoB_6esQKoB6--sQKoB5rhsQKoB9XJG6gH2baxAqgHmgaoB_-esQKoB9-fsQKoB_jCsQKoB_vCsQLYBwHSCC4IgGEQARgdMgiKgoCAgICACDoNgECAwICAgICogAKoA0i9_cE6WMTz6L7W7pMDsQmUlXUNKFCBgIAKAZgLAcgLAaoNAkpQyA0B4g0TCISU6b7W7pMDFUlvwwYdYfsPouoNEwiY2eq-1u6TAxVJb8MGHWH7D6LwDQKIDv___________wHYEwPQFQHKFgIKAPgWAYAXAbIXEBgBKgoxMjA1MzgxMDEzUAaqGBcJAAAAAACk-UASCjEyMDUzODEwMTMYAbIYCRIC604YAiIBAMIZAggB&ae=1&gclid=EAIaIQobChMIlfrqvtbukwMVSW_DBh1h-w-iEAEYASAAEgLo1vD_BwE&num=1&cid=CAQS0gEABaugfeP2Tc0U0XAa2DzMH7zsXJkkViiC64cqk9xUqUIfUHRCYWy1hBGtkmabOWndUaG35o9l0xXD-tNxZGLQUsRof0PFiqeWJ885Z2SBT5WW4xdTOARLoD1G4h94ntkWmsHC3bQHFs0LNr0k7qSqjz5am_ZXoTiJUfBKVmyic0U_dM96E8JGpqIkat6vDHhJpuRgz5x4nq5IouSGqvmrq54dLiLfI7u588WjMLmgh-CkLMRCaS3Pzt4TuIhGLnhOgulXR3iPmDLnEPEml0txfTEYAQ&sig=AOD64_2Vb-FGRAT6wTmI52QiMev-NYdeig&client=ca-pub-2334602378211593&rf=5&nx=CLICK_X&ny=CLICK_Y&uap=UACH(platform)&uapv=UACH(platformVersion)&uaa=UACH(architecture)&uam=UACH(model)&uafv=UACH(uaFullVersion)&uab=UACH(bitness)&uaw=UACH(wow64)&uafvl=UACH(fullVersionList)&nb=2&adurl=https://www.oranaonline.com.au/our-services/%3Fgad_campaignid%3D11589532039%26gclid%3DEAIaIQobChMIlfrqvtbukwMVSW_DBh1h-w-iEAEYASAAEgLo1vD_BwE,https://www.oranaonline.com.au/our-services/?gad_campaignid=11589532039&gclid=EAIaIQobChMIlfrqvtbukwMVSW_DBh1h-w-iEAEYASAAEgLo1vD_BwE,,,,,
1099,https://googleads.g.doubleclick.net/aclk?sa=l&ai=C328ETVXgaYTeCLeVjeYPv56Q4A-tqeTrhAHQ6biwnxWhpvjz0B0QASDo5LYTYMfV_42EJqAB4pi09CnIAQapAqFRm_NnzLM-4AIAqAMByAMKqgSsAk_Q4DoMJyD5eKJuHgnOPdVV5TLQmiD-LISfI52ljkR6Ntw67CVUJgeI7XmHIZVcpqUfgTH1JN-GnJrrrywMorVh7X98jHwXJen4OjuIrYGVIeUAcji2ZYzZiNZrrn0uSBifJEkEarHZIdghEBU2KaTKDv8GtmAvhKdFIKQBISHhfV8E7u7VUx95X6KyushqZz-VbF4zMmJQx5Gu56pteObFrxCd9TrcFSO6J-vZ3j9WLkwuqIdt7wTusjQbmSpK3DegJ17OMJNYLzCAN11ygET1JgtRLuR9d4wfv-FUOheIoLyQbkoq4eCL4MXwOK8UWAO4PsMtcdaOHAQqwkGutXIcjkd-uSDZrbTfBu-8peRcYXRGlFnwmV7yKFMkn8wvKV_gzAI5BUVEOX9Hr8AEz8Pw4roF4AQBiAXH1dOiVaAGN4AH4tCE1ASoB6fMsQKoB-LYsQKoB6a-G6gHzM6xAqgH89EbqAeW2BuoB6qbsQKoB47OG6gHk9gbqAfw4BuoB-6WsQKoB_6esQKoB6--sQKoB5rhsQKoB9XJG6gH2baxAqgHmgaoB_-esQKoB9-fsQKoB_jCsQKoB_vCsQLYBwHSCC8IgGEQARidATIIioKAgICAgAg6DYBAgMCAgICAqIACqANIvf3BOlidx9_stPGTA7EJYoXRLSTjjkCACgOYCwHICwGiDAOQAQGqDQJaQcgNAeINEwjp9t_stPGTAxW3SsMGHT8PBPzqDRMI0YLh7LTxkwMVt0rDBh0_DwT88A0CiA7___________8BsA6xqpbMGNgTC9AVAZgWAcoWAgoA-BYBgBcBshcQGAEqCjcyNjk1MTA0NzRQBroXAjgBqhgXCQAAAADW1yVBEgo3MjY5NTEwNDc0GAGyGAkSAq1RGDciAQDQGAHCGQIIAQ&ae=1&gclid=EAIaIQobChMIxLjh7LTxkwMVt0rDBh0_DwT8EAEYASAAEgJ8-_D_BwE&num=1&cid=CAQS4gEABaugfQ4bLTrx_NQplq7LICNa2RXwAmo-iWX0ms0f1-StB6vLclwcROKR6lXg3LuSD_u1GV9xRCOTAHoPY7H4TIqwd2NkEg344T2I4ZpbWtEBkPi6cWDjaPUoyGV5qWTJvEXjy7ps3Q3zdiYUezHV4wpUMCKy60UC1aweY0bRi_OqUkrWFDYZbeDMAtx2MpgD6sGZr7IS9tTSJDSzw2HrzdUp56aSl28czRxHei1Ky0TPi-pocBQG1lzTrn9u3Cue3tYyOflGkELziefpYGgkARkIA7_fvEq0aMfUttUOita9GAE&sig=AOD64_0T_Ji47qJFc-0zG2kAFOy-ArahhQ&client=ca-pub-9922974912311690&nx=CLICK_X&ny=CLICK_Y&uap=UACH(platform)&uapv=UACH(platformVersion)&uaa=UACH(architecture)&uam=UACH(model)&uafv=UACH(uaFullVersion)&uab=UACH(bitness)&uaw=UACH(wow64)&uafvl=UACH(fullVersionList)&nb=9&adurl=https://woodupp.co.za/%3Fgad_source%3D%7Bgad_source%7D%26gad_campaignid%3D22889679996%26gclid%3DEAIaIQobChMIxLjh7LTxkwMVt0rDBh0_DwT8EAEYASAAEgJ8-_D_BwE%26utm_source%3Dgoogle%26utm_medium%3Dcpc%26utm_content%3D%26ss_gc%3DEAIaIQobChMIxLjh7LTxkwMVt0rDBh0_DwT8EAEYASAAEgJ8-_D_BwE%26utm_term%3D%26utm_campaign%3D%255BZA%255D%2B/%2Bb2c%2B/%2Bakupanel%2B/%2Bconversion%2B/%2Bpmax%26utm_source%3Dadwords%26utm_medium%3Dppc%26hsa_acc%3D3069567246%26hsa_cam%3D22889679996%26hsa_grp%3D%26hsa_ad%3D%26hsa_src%3Dx%26hsa_tgt%3D%26hsa_kw%3D%26hsa_mt%3D%26hsa_net%3Dadwords%26hsa_ver%3D3%26gad_source%3D5%26gad_campaignid%3D22889687751%26gclid%3DEAIaIQobChMIxLjh7LTxkwMVt0rDBh0_DwT8EAEYASAAEgJ8-_D_BwE,https://woodupp.co.za/?gad_source=5&gad_campaignid=22889687751&gclid=EAIaIQobChMIxLjh7LTxkwMVt0rDBh0_DwT8EAEYASAAEgJ8-_D_BwE&utm_source=adwords&utm_medium=ppc&utm_content&ss_gc=EAIaIQobChMIxLjh7LTxkwMVt0rDBh0_DwT8EAEYASAAEgJ8-_D_BwE&utm_term&utm_campaign=%5BZA%5D%20%2F%20b2c%20%2F%20akupanel%20%2F%20conversion%20%2F%20pmax&hsa_acc=3069567246&hsa_cam=22889679996&hsa_grp&hsa_ad&hsa_src=x&hsa_tgt&hsa_kw&hsa_mt&hsa_net=adwords&hsa_ver=3,yes,yes,yes,yes,yes
1096,https://www.googleadservices.com/pagead/aclk?sa=L&ai=CUoH38lPgacucFfmYjeYPq9SdyA7Gj7y6hgGLg-66yxW_i4eU5w8QASCj_sIfYMfV_42EJqABzOe65ynIAQHgAgCoAwHIAwiqBNkCT9D3ReZKE7zJLvfE4P4IiBjyho-F8clsWwt-PWFJy-YaMm1UqmYWNM4lpBJAtXlQqzorSF3VVj4iORdznqZm5xxquPxgSGSpmq1M10BtoTllE6QnXiKY6OsrQqsPpMv65my7kQgmzkciadcHaYRhQQ1jlb9Rw8LByxRHQpm5k97-sUsCvh5FkwJU6J0yvF5rAA_zuI_aP1AEEwYQmLvoC0MemudRBiJgFAxxBzzzLDOKLaxj7nu4R96k_iayFPrWiasBHxd7PZSlvgxE2ToT_Tzq0Xx0s0fCPRgYYvL6TGsaQ6BRC5Bxvx5xOMCwLqD-Zq_IBe3D-HyJv4J_UmAh40zqX0p-_YZR7ark9cewl3N6V_SEKW3v9jE3w3jFxLoDUMHkJSBkyU2P-Ma8y8hHD8xia2IFcaCGw9z6cv8bcWbMAOxlS78OKuAH5ug2sEFcly41k6DcoIzxwATJtsKi1gXgBAGIBa75-vBXoAYCgAfMn4vHBKgHp8yxAqgHpr4bqAfMzrECqAfz0RuoB5bYG6gHqpuxAqgHjs4bqAeT2BuoB_DgG6gH7paxAqgH_p6xAqgHr76xAqgHmuGxAqgH1ckbqAfZtrECqAeaBqgH_56xAqgH35-xAqgH-MKxAqgH-8KxAtgHAdIILgiAYRABGB0yCIqCgICAgIAIOg2AQIDAgICAgKiAAqgDSL39wTpYsKCMx7PxkwOxCcq21GvqsTgsgAoDmAsByAsBqg0CWkHIDQHiDRMIxsCMx7PxkwMVeUzDBh0ragfp6g0TCKHDjcez8ZMDFXlMwwYdK2oH6fANAogO____________AdgTDNAVAcoWAgoA-BYBgBcBshcQGAEqCjY4MDk4MDU1ODhQBroXAjgBqhgXCQAAAACQyQFBEgo2ODA5ODA1NTg4GAGyGAUYAiIBANAYAegYAcIZAggB&ae=1&gclid=EAIaIQobChMIy92yx7PxkwMVeUzDBh0ragfpEAEYASAAEgJUnfD_BwE&num=1&cid=CAQSzwEABaugfcLZw4UZQsyaSTEz8Nyc-pXzytyR3hg5r2uPl5YCxMNuSllUbR0Hh3bKN-jrCwZmvcBgiZpB5-yJuaCd_xc-lOicS8G8O6Q_4rZWqq57szK-36rwLbt8BTFG8tXKOINYfLFaiQQurCJgz3xV_wVJvi816BNUt3EQTp-rxxJrPxz3bW5HBo-KrKt4s9y85aGr4YLT0XiNpRmlycnoAqvpNhX0ZOIrjUU2eis8rwYvbo7ImeOmhOrK12S_gkIDhiVoI-WFpDP_AqMdvcYYAQ&sig=AOD64_0qZ1nyhbgWq669mbnw8wW569u_YA&client=ca-pub-3805416966001714&rf=4&nb=2&adurl=https://mydeals365.com/ollie-s/%3Fgad_source%3D5%26gad_campaignid%3D23590780078%26gclid%3DEAIaIQobChMIy92yx7PxkwMVeUzDBh0ragfpEAEYASAAEgJUnfD_BwE,https://mydeals365.com/ollie-s/?gad_source=5&gad_campaignid=23590780078&gclid=EAIaIQobChMIy92yx7PxkwMVeUzDBh0ragfpEAEYASAAEgJUnfD_BwE,,,,,
880,https://www.googleadservices.com/pagead/aclk?sa=L&ai=C_1hW-2PgaeKjAp2J3NMP0q-C2Q6j3cD0frnT8ciJFNzZHhABINrXxTlgx9X_jYQmoAHy5NKLPsgBCakCtGuIxOWugz7gAgCoAwHIAwqqBI8DT9CdGtXK2D9dJQVn9E8dvyVNKe-hNw1Rj3SdxHCpM2OnywqLZnt221xT2LbpbFZ0n9Iu-X7_8iF0JqoN7QhrPJon2xfVJsdtuZCWYFJAyN64eZ32Nk6OdpBq0zmiDPJvLybXs7_1ocy74y6Wj-oHJyMjxRgq4VBawl2YsY9e66aHVWChEny0QsQcYt06Pu_R35K0hD3n8ie_dLCZ-49S7BClC-TtqEH7UpgtGLPpe1rQs9LBIpzy_9a_pK_CJpSTZ7HOdMMnC6BmnAU-iwAMX9hvm76ZHzuvC75VTP88mk1ESyvw5t82rumXh-MIZJM1_WpfyNv_OuZLvwjsvhjIq-idfiUyoz9kTtaB9K9rA1r2ndht3X8QWAKkLemgCBQLE1L2rN3mEKCJKUHkJa0KSCKhmqIqKCABPkn-jMf55q8OV-YSKLWX0uiZyggrfNPPQPdysRQL_AV_YDPy4P8ASEstjYW1Fsf4hU04GL26PgWPfVuYaeNIvotQg67g_6WqjyG8BUkFBKSGVAd4rnABwATFuvX9kQXgBAGIBcHLo6RToAYugAfynKPrGKgHp8yxAqgH4tixAqgHpr4bqAfMzrECqAfz0RuoB5bYG6gHqpuxAqgHjs4bqAeT2BuoB_DgG6gH7paxAqgH_p6xAqgHr76xAqgHmuGxAqgH1ckbqAfZtrECqAeaBqgH_56xAqgH35-xAqgH-MKxAqgH-8KxAtgHANIILgiAYRABGB0yCIqCgICAgIAIOg2AQIDAgICAgKiAAqgDSL39wTpYysXT7MLxkwPyCBthZHgtc3Vic3luLTE2MTQ5MTM1OTg4NzU0OTaxCQ6Fk-3rLVjjgAoDmAsByAsBgAwBogwDkAEBqg0CWkHIDQHiDRMI3uTT7MLxkwMVnQR3BB3SlyDr6g0TCLjr1OzC8ZMDFZ0EdwQd0pcg6_ANAogO____________AbgT5APYEw3QFQGYFgHKFgIKAPgWAYAXAbIXEBgBKgo4NDY2MTU2MzU0UAa6FwI4AaoYFwkAAAAA8NryQBIKODQ2NjE1NjM1NBgBshgJEgKqUBguIgEA0BgBwhkCCAE&ae=1&gclid=EAIaIQobChMIoo3V7MLxkwMVnQR3BB3SlyDrEAEYASAAEgLII_D_BwE&num=1&cid=CAQS4gEABaugfcQvsXXH9tzvw-7gv1wb9a7bZpJpyBuv1o5RxNEDX4reTz6LuFR1Mx_75r_j9JW1PXEqmr72b_wVjsVfqHHUNRAo8V1Ib2NhzCRy4xaybZ_rQ5auJMQIvmZrySvTTJWNc5abhtkwWGnKGe9a70eeyVb_h-qY3eFEpEWDy8W_HLUS1xBsvmnlipiUERcCxqD-Hox34blWR8zvo3tcNTT6DeliZd6coVrMRdlfldC1KxwP_X_8rHHcGKloN2Jn07ufnNE9_epvfI-mjIgTukuY-f2cEac0YCsals0OPODZGAE&sig=AOD64_3XuZJqDF8oSfDcJW_kkndv-qE50A&client=ca-pub-3605257360853185&rf=4&nb=9&adurl=https://www.sunwardmining.com/product/%3Futm_source%3Dgoogle%26utm_medium%3Dcpc%26utm_campaign%3D%7Bcampaignname%7D%26utm_id%3D22356223425%26utm_term%3D%26utm_content%3D740312687503%26matchtype%3D%26device%3Dc%26network%3Dd%26adgroupid%3D176626163013%26adid%3D740312687503%26placement%3Dwww.aljazeera.com%26targetid%3D%26gad_source%3D5%26gad_campaignid%3D22356223425%26gclid%3DEAIaIQobChMIoo3V7MLxkwMVnQR3BB3SlyDrEAEYASAAEgLII_D_BwE,https://www.sunwardmining.com/product/?utm_source=google&utm_medium=cpc&utm_campaign={campaignname}&utm_id=22356223425&utm_term=&utm_content=740312687503&matchtype=&device=c&network=d&adgroupid=176626163013&adid=740312687503&placement=www.aljazeera.com&targetid=&gad_source=5&gad_campaignid=22356223425&gclid=EAIaIQobChMIoo3V7MLxkwMVnQR3BB3SlyDrEAEYASAAEgLII_D_BwE,yes,yes,yes,,
1030,https://www.googleadservices.com/pagead/aclk?sa=L&ai=C1q8BnErgaentCPiCjeYPuem9sQKc08SuhgGryrOR2xXc2R4QASCn2cwjYMfV_42EJqABoMDomT7IAQKpAgF4TqeRCjs-4AIAqAMByAMIqgS8Ak_QsQt5WO8ucJdNrhyF_lhOMlR_VlCgQTw2hya2lz11_bdwuJrfjemgRnf8TCIL0NvDYWjgnTyTzmllEocKv8EfYC9DScQ3pEYHxcTkQawJBV80qAwfF6FJ9A37-pe_9s0DPyJDUH8oMwcL-pm06rNsoyxpYKF9OMRYg8G13WbyUn-CbDfYZVvpX88sPn6b3OWWmxTLrbM9YNZsY8M15kTTeYL5hQP7ugdpElkM1_iz-oZbBfyHRHF6RKPe8KOkEo0kUWkGy6IfHW-z6VvwSVLnSh0AyQLbyowJ8V11cEQqua2KYFc2xZtEm0YVYKCiVQxIMV7OmtPJUIc37D2hEnaO5XaKuKZglAkrOuy4y6lbyRywGXxWppGSIYa8yufphqNe5OAcgUbJjRACP7zX42KLU76RQQRW1mm6yx3ABLX66cLLBeAEAYgFj6KwtVigBgKAB6D4uPkYqAenzLECqAfi2LECqAemvhuoB8zOsQKoB_PRG6gHltgbqAeqm7ECqAeOzhuoB5PYG6gH8OAbqAfulrECqAf-nrECqAevvrECqAea4bECqAfVyRuoB9m2sQKoB5oGqAf_nrECqAffn7ECqAf4wrECqAf7wrEC2AcB0ggvCIBhEAEYnQEyCIqCgICAgIAIOg2AQIDAgICAgKiAAqgDSL39wTpY5b3S06rxkwOxCd3x1p_qcTHPgAoDmAsByAsBogwDkAEBqg0CWkHIDQHiDRMI7ujS06rxkwMVeEHDBh25dC8m6g0TCMnm09Oq8ZMDFXhBwwYduXQvJvANAogO____________AdgTAtAVAZgWAcoWAgoA-BYBgBcBshcQGAEqCjUwNzU1NzM1NDNQBroXAjgBqhgXCQAAAABsbiRBEgo1MDc1NTczNTQzGAGyGAkSAoBPGAIiAQDQGAHoGAHCGQIIAQ&ae=1&gclid=EAIaIQobChMI6avU06rxkwMVeEHDBh25dC8mEAEYASAAEgLL3_D_BwE&num=1&cid=CAQS4gEABaugfZWK7A0apXCd_K8sjyYYT58mvSlocXZ56J8pu_2j76xXRy8gZdqwEs0uHYTqns7ARUIdpZ_6IRFdVd58pZWzkMhSyMmNfTW7v_LBTZvAjVCtYQwRiIhLkqTdA10iAyqevBhD-NCA74WwGgeZ9C8zV5IqqTEr3KAACWy2PItwOztf4CWzOoZxaDNgF51r31SF8IkQpAAlMcXTNa7eW0K9Ebf6dsWiPDa-xPvgAJbvJrg0drjKjr1ppxipwYVydwiwGKVpUxHI9RTHmYl5KGkH34LqZSBUJTkrIVbZN8zwGAE&sig=AOD64_2aLds9UjSFt8f__PbUuC5QB7jhaA&client=ca-pub-3933051677849271&rf=5&nx=CLICK_X&ny=CLICK_Y&uap=UACH(platform)&uapv=UACH(platformVersion)&uaa=UACH(architecture)&uam=UACH(model)&uafv=UACH(uaFullVersion)&uab=UACH(bitness)&uaw=UACH(wow64)&uafvl=UACH(fullVersionList)&nb=2&adurl=https://dengekibunko.jp/product/322507000708.html%3Futm_source%3Dgdn%26utm_medium%3Dbanner%26utm_content%3Dnoukinseijo_n_600_d01%26utm_campaign%3Dnoukinseijo_n%26gad_source%3D5%26gad_campaignid%3D23734259983%26gclid%3DEAIaIQobChMI6avU06rxkwMVeEHDBh25dC8mEAEYASAAEgLL3_D_BwE,https://dengekibunko.jp/product/322507000708.html?utm_source=gdn&utm_medium=banner&utm_content=noukinseijo_n_600_d01&utm_campaign=noukinseijo_n&gad_source=5&gad_campaignid=23734259983&gclid=EAIaIQobChMI6avU06rxkwMVeEHDBh25dC8mEAEYASAAEgLL3_D_BwE,,,,,
1122,https://www.googleadservices.com/pagead/aclk?sa=L&ai=CR_1bsfbeaZa7OaLBgeAPm4nq0A_KoIG2hgGW0-KMtxXl0d7B2DIQASDejvAmYIkDoAG-y7bgAsgBBqkCWahcOAsJOz7gAgCoAwHIA8sEqgTTA0_Qt7GRMlHM35JgCaVyAsYDZKvAMsRWmCkGgUw89FHHe2olqj3UJK6T4e6ljFhwUHIUzWTDEbkXQf2sLdgqr1l_LAt8jJhSG8xnDk8A-p0ZBWG60eSbMFXng3iSLK41Lk81KVuKT8dezFAriyQ1D0a8ZL0DcoOffQY1yIMipPljcuSsXEdjzOPQGvi6yo0ImHVPICa2ER7Vd-QMnqORnJeM-PqS1-rcVmdKF1X0yHMoLp0cr8SgjuzNiHlUO0sqOdrPZMqmp8yfoYqg3XtxnCvaPyl-qU4lxf0e42RCPTrdVb-Ezb9fNzMxnhaHF3FsjeDWkTlHhcxIV6qCLgFII1IsTU4TRPArkYwLBI5Sm7U7Kac5P7JVuDznMeaPUQ32w9-23uZqdqcfyhxQGwkBrc7QaDzSGR9q72BFfvXfH5O0-Fa0mKYUzyWwaKSdHPpnmnfGQPmrh6dvGI0N5zoMZmN8XLqwPbEPJVas-_vNrAZ0E2keY2LWUIPQ3a4FbERzYONeThayV-6pTyWySAhW8Vp4qsItGkZdjDlgFNngVAxS9Okxq-sQ5b14sX5Myoa5zO01KqZ3chANh2J4Q1of5Wg4MKEuzZJ_R4D0ZDvLlN3h2VLpwAS71KrO9ATgBAGIBfXG3KdRoAY3gAeqtMmfAagHp8yxAqgH4tixAqgHpr4bqAfMzrECqAfz0RuoB5bYG6gHqpuxAqgHjs4bqAeT2BuoB_DgG6gH7paxAqgH_p6xAqgHr76xAqgHmuGxAqgH1ckbqAfZtrECqAeaBqgH_56xAqgH35-xAqgH-MKxAqgH-8KxAtgHAdIIMgiA4YAQEAEYnQEyCKqCgICAgIAIOg6AwAOAgISAgJSO4AOoB0i9_cE6WPXAj77m7pMD8ggbYWR4LXN1YnN5bi05NTY2MzU0OTM4MzE1NDI3sQk4_moC_PoPqYAKA5gLAcgLAaIMA5ABAaoNAkpQyA0B4g0TCP6SkL7m7pMDFaJgAAYdm4Qa-uoNEwiZgJK-5u6TAxWiYAAGHZuEGvrwDQKIDv___________wGwDuOa_aYY2BMM0BUBmBYByhYCCgD4FgGAFwGyFxAYASoKODg2OTY2MTU5NVAGuhcCOAGqGBcJAAAAAOi3BUESCjg4Njk2NjE1OTUYAbIYCRICi1QYNyIBANAYAegYAcIZAggB&ae=1&gclid=EAIaIQobChMI1teSvubukwMVomAABh2bhBr6EAEYASAAEgIfs_D_BwE&num=1&cid=CAQSgwEABaugfSKdMn-f7SSbre_cQ1eFljH-Lt_JFSRB8a1fDshlqJUHI8u5rjDySR1Z8elCfKdVJyj1vbvYVXkdFlPduu7NjSvhtHyH3g4CJEa8FxmO0hjscs5GQkQKaPEwlpnu9ZqYyqM3_JpSPnMnwQ6B4ufoYtlcCdeh8M5Gju5oTIDkLhgB&sig=AOD64_27grAx287tg4yGca1bp6vIFWXGrA&client=ca-pub-2058194454775629&rf=1&nb=9&adurl=https://www.recurrent.jp/%3Fgad_source%3D5%26gad_campaignid%3D21826577269%26gclid%3DEAIaIQobChMI1teSvubukwMVomAABh2bhBr6EAEYASAAEgIfs_D_BwE,https://www.recurrent.jp/?gad_source=5&gad_campaignid=21826577269&gclid=EAIaIQobChMI1teSvubukwMVomAABh2bhBr6EAEYASAAEgIfs_D_BwE,,,,,
1029,https://www.googleadservices.com/pagead/aclk?sa=L&ai=CdIg2M97eaZiZFs2AjeYPqrzw6Q7givmyhQGPxfWzxg7c2R4QASDavNY4YKW4moCcAaABl5DhvwPIAQngAgCoAwHIAwqqBNYCT9BLxDNTgblE5237lM3vuW8pLKGHTHHFf8ZROCLaeQOqiKnop6aXGanB6XF6hMNayE7G5K2NN8E1KXJzFecL5qjo0v3v2KEpJzzEg0Jhqoc0UEWkC7jh6ucq_QCFVRHW0GNUpNLDHaTwFjGcBdmHpfl19ZCFwkDQAuPymxHsCbbLEJdUC6mZs-Pp91-bQPXageIYP4jg24j8Phj92dh9fWMhLHSK-IOAZftSwf74al1gltkdvJ4WvY0_FR1azYIo1YoRHLGYZGKkm3mOZE6MM_KyP5a49tbqZvbpbtT-xP-hqGDvgbbLC7SUQ5gnwf3k--3ygLsWhD8NIeF8Oe8tPOk9BcDb0y1HLjQxmbzAv3qz_xC9ztFM6gi7R7ObMvEAz_2jwdPNrR2A__IDndaL9kCPq-v6DjSiyf-K0dMSuyV11KzAZtmgxhjpsdrz48Z3ODJecX_zwATz_bKmauAEAYgF45OBnAGgBi6AB_uQvUKoB6fMsQKoB6a-G6gHzM6xAqgH89EbqAeW2BuoB6qbsQKoB47OG6gHk9gbqAfw4BuoB-6WsQKoB_6esQKoB6--sQKoB5rhsQKoB9XJG6gH2baxAqgHmgaoB_-esQKoB9-fsQKoB_jCsQKoB_vCsQLYBwDSCDIIgOGAEBABGJ0BMgiqgoCAgICACDoOgMADgICEgICUruADqAdIvf3BOlinuYqQz-6TA7EJ0-IhQsVgApSACgOYCwHICwGADAGqDQJBVcgNAeINEwii6oqQz-6TAxVNQMMGHSoePO3qDRMI-MWMkM_ukwMVTUDDBh0qHjzt8A0CiA7___________8B2BMMiBQK0BUByhYCCgD4FgGAFwGyFxAYASoKNDA1NDI1Njc1OFAGuhcCOAGqGBcJAAAAACgQCEESCjQwNTQyNTY3NTgYAbIYCRIClU8YLiIBANAYAegYAcIZAggB&ae=1&gclid=EAIaIQobChMI2P6MkM_ukwMVTUDDBh0qHjztEAEYASAAEgLaCfD_BwE&num=1&cid=CAQSggEABaugfVZ18EQaupcC7CoGWjDmvrfORyhCmYTD7RUq_Mnrd4rnrGahmXTdoJ3j27c7Bwc3cIae1NBZ7PH0MoWM_T-2hWB3VDhoJmdCGHJw68yP2fMjrx5fyN3VE8Z9cU8tkCFh4AHWgY2etEulYvHwIXbJVbiKsdTFsAoAfyhHrQe2GAE&sig=AOD64_2H_5ga8EoMr9p9mEfnx04bx8TA1A&client=ca-pub-9273264035880389&rf=4&nb=9&adurl=https://www.myheritage.com/search-records%3Flang%3DEN%26utm_source%3Dppc_google%26utm_medium%3Dcpc%26utm_campaign%3Dmh_gdn_au_en_des_sup_dsk_marriage-divorce%26utm_content%3D542527560697%26utm_term%3D%26tr_camp_id%3D327174627%26tr_ad_group%3Dmarriage_records_text%26tr_ag_id%3D28534685427%26tr_placement%3Dwww.lemonde.fr%26tr_device%3Dc%26tr_account%3D628-372-1079%26keyword%3D%26tr_size%3D%26gad_source%3D5%26gad_campaignid%3D327174627%26gclid%3DEAIaIQobChMI2P6MkM_ukwMVTUDDBh0qHjztEAEYASAAEgLaCfD_BwE,https://www.myheritage.com/search-records?utm_source=ppc_google&utm_medium=cpc&utm_campaign=mh_gdn_au_en_des_sup_dsk_marriage-divorce&utm_content=542527560697&utm_term=&tr_camp_id=327174627&tr_ad_group=marriage_records_text&tr_ag_id=28534685427&tr_placement=www.lemonde.fr&tr_device=c&tr_account=628-372-1079&keyword=&tr_size=&gad_source=5&gad_campaignid=327174627&mh_session_id=djFfUmtJZUdzcGRXRVNuLzRWQ3JWQnpkUjUzbTF3ZjMrZ1pmSFFBbytJLy9SNWFDdmM3NGdWTldwazlJNUM1M1NtK3p3RDNkUG5WR1ZMOTJTYklSbXM2Q1E9PQ%3D%3D,no,no,no,no,no
936,https://adclick.g.doubleclick.net/aclk?sa=l&ai=CIIaZj9zeaY70F7bwjeYP15r0iAmfkf_AhgGLhJfZ0RWhpvjz0B0QASCHj4skYKWAgICcAaABn7_F5T3IAQmpAoGXlio96ac-4AIAqAMByAPLBKoE1wJP0G3UD-XsvtV4vyd7N5G6ojs-MimQE_j777yHN-2pnFx5QcwMc7n4i5rsNAOCWZlPe6f4zYDtKXOoQZKkmxVJqV1JFcwFnPZM4S6nGRA1w75Vj7__l-EvTc_tpCQ_Q66SDGvGo82DnuNeo23HGdxpEE4oG_o19mHR_mTSEcWpIhcEdRNdIPL0FSdxAaMNbJXngDZdRjMhes3IxaZ7crJdb-QWSgbKMrmNLtDojrMa76ivJybRhQBoPvWp1HDPh0dIm9TByJ91-LNnrjHOCxhC4WHCsThG2xNGH_gpSFFEGqsIhLlLSOOTsqOcGkbIPJIR-9CFXtfdvXeZCxhvaGnqm75hOyYG2Y2pIQ3LQpT-NlMaaOvNgzYQKGn9X3UGU0PZOq34B9llaLfWvS3BlaiLSEeVaOWI546jUHja__HZ4A-WVQt_AYLfajTAC0XsgxgL34Pc1isDwATcu6nf1wXgBAGIBaC_1ZlYwAUF-gUGCCUQARgAoAYugAef95XFGKgHp8yxAqgH4tixAqgHpr4bqAfMzrECqAfz0RuoB5bYG6gHqpuxAqgHjs4bqAeT2BuoB_DgG6gH7paxAqgH_p6xAqgHr76xAqgHmuGxAqgH2baxAqgHmgaoB_-esQKoB9-fsQKoB_jCsQKoB-LYsQKoB-LYsQKoB-LYsQLYBwDACAHSCDIIkeGAUBABGJ0BMgiri4CAoICACjoOgIABgICAgICUruADqAdIvf3BOlj99erHze6TA4AKA5ALA5gLAcgLAYAMAaIMBUgBkAEBqg0CQVXIDQHiDRMIj7Prx83ukwMVNnjDBh1XDR2R6g0TCIHH68fN7pMDFTZ4wwYdVw0dkfANAogO____________AbAO9tTl9hjgEveylbXi4c-rVNgTC9AVAfAVqZuaghT6FSdzaG9waWZ5X0FVXzk3NzcyNDQ4MzIwNDJfNTAxNzA3OTkyMjcxNziYFgHKFgIKAPgWAYAXAbIXEBgBKgoyMTU3MzcwODIyUAa6FwI4AaoYFwkAAAAAQFz-QBIKMjE1NzM3MDgyMhgBshgJEgKtVRguIgEA0BgBwhkCCAE&ae=1&gclid=EAIaIQobChMIzvfrx83ukwMVNnjDBh1XDR2REAEYASABEgK26fD_BwE&num=1&sig=AOD64_1_jctr5Eym24eiTqJbIgfdYfGuxw&ctype=5&client=ca-pub-3428031914463355&nb=9&adurl=https://thehoursbetween.com/products/long-sleeve-sleep-pant-grn-blu-wht-stripe-set%3Fvariant%3D50170799227178%26country%3DAU%26currency%3DAUD%26utm_medium%3Dproduct_sync%26utm_source%3Dgoogle%26utm_content%3Dsag_organic%26utm_campaign%3Dsag_organic%26utm_source%3Dgoogle%26utm_medium%3Dpmax%26utm_campaign%3Dhenry-always-on%26gad_source%3D5%26gad_campaignid%3D23676149664%26gclid%3DEAIaIQobChMIzvfrx83ukwMVNnjDBh1XDR2REAEYASABEgK26fD_BwE,https://thehoursbetween.com/products/long-sleeve-sleep-pant-grn-blu-wht-stripe-set?variant=50170799227178&country=AU&currency=AUD&utm_medium=product_sync&utm_source=google&utm_content=sag_organic&utm_campaign=sag_organic&utm_source=google&utm_medium=pmax&utm_campaign=henry-always-on&gad_source=5&gad_campaignid=23676149664&gclid=EAIaIQobChMIzvfrx83ukwMVNnjDBh1XDR2REAEYASABEgK26fD_BwE,,,,,
1089,https://googleads.g.doubleclick.net/aclk?sa=l&ai=CScMAzDPfaZ2aCc-ZjeYPuPaA0Afkqdy2hgGkhdbHjxaY04H52xMQASCHj4skYJXikIKgB6ABle3r4CjIAQGpAnzZXHukxLM-4AIAqAMByAMKqgTNAk_Qim-mfPjgiKPsswK7hxTZNmaxgLVXJhNi6tKtk5SDfZtfNPRwuREvBl77ZAxSXa82D6rbw0uoGOJGoUWr4gBuk_RcIsXwmRg4wo56LRxqbI66DPuWFEFmog_0um3mg5uo33WYBeKWObkcl7GoAwbzcTTDkE1c9x0s8lwNPWRCkJ8pCjZZuwvuyY_RPUsHHlxXWSlXvB8Qg8Pz8mjUx4CAnaPJDVKROPQqR-UW-bhN4oBBo0TJ0Rz1iUKqMrYoH571T0vsY5zfBz7ZDfoawgXb7Ok55W42ICvuOfBQLRMPc3gSou9PLfApcQtd5HTB3Zt-Wq0IZYQQnwZQCVxVJ3X7rHulBXq39jbxvimJ1cv3rwpeqPOt6GzRY5KA5SsZrOs0Uflq1mJJIivOZxbVXHd_aSNoBtfgCKdDr8xNxH4xvsnrJ0EuGobRaqN5-sAErYbyhacF4AQBiAWV-8D1VIAHlaW8wAOoB6fMsQKoB6a-G6gHzM6xAqgH89EbqAeW2BuoB6qbsQKoB47OG6gHk9gbqAfw4BuoB-6WsQKoB_6esQKoB6--sQKoB5rhsQKoB9XJG6gH2baxAqgHmgaoB_-esQKoB9-fsQKoB_jCsQKoB_vCsQLYBwHSCDIIkeGAUBABGJ0BMgiri4CAoICACjoOgIABgICAgICUqIgCqAdIvf3BOli_xfbgoO-TA7EJlEJiBKhqkL2ACgOYCwHICwGqDQJERcgNAeINEwjQ8vbgoO-TAxXPTMMGHTg7AHrqDRMIt4j34KDvkwMVz0zDBh04OwB68A0CiA7___________8B2BMM0BUByhYCCgD4FgGAFwGyFxAYASoKMjE1NzM3MDgyMlAGuhcCOAGqGBcJAAAAAKDD8UASCjIxNTczNzA4MjIYAbIYCRICkVQYASIBANAYAcIZAggB&ae=1&gclid=EAIaIQobChMInbD34KDvkwMVz0zDBh04OwB6EAEYASAAEgLMsfD_BwE&num=1&sig=AOD64_2zRWsG7Zwihtzob5X-3CEnlfxFHw&client=ca-pub-3428031914463355&rf=4&nb=0&adurl=https://meetreet.com/de/deutschland/schwarzwald%3Futm_source%3Dpaid%26utm_campaign%3Drsa%26utm_medium%3Dcpc%26utm_term%3D%26utm_campaign%3D%26utm_source%3Dadwords%26utm_medium%3Dppc%26hsa_acc%3D8033852874%26hsa_cam%3D22795009429%26hsa_grp%3D182280028973%26hsa_ad%3D805408801661%26hsa_src%3Dd%26hsa_tgt%3D%26hsa_kw%3D%26hsa_mt%3D%26hsa_net%3Dadwords%26hsa_ver%3D3%26gad_source%3D5%26gad_campaignid%3D22795009429%26gclid%3DEAIaIQobChMInbD34KDvkwMVz0zDBh04OwB6EAEYASAAEgLMsfD_BwE,https://meetreet.com/de/deutschland/schwarzwald?utm_source=paid&utm_source=adwords&utm_campaign=rsa&utm_campaign=&utm_medium=cpc&utm_medium=ppc&utm_term=&hsa_acc=8033852874&hsa_cam=22795009429&hsa_grp=182280028973&hsa_ad=805408801661&hsa_src=d&hsa_tgt=&hsa_kw=&hsa_mt=&hsa_net=adwords&hsa_ver=3&gad_source=5&gad_campaignid=22795009429&gclid=EAIaIQobChMInbD34KDvkwMVz0zDBh04OwB6EAEYASAAEgLMsfD_BwE,no,no,no,no,no
974,https://www.googleadservices.com/pagead/aclk?sa=L&ai=CNUQcskDgac3mNKTwjeYP8vCWoQWf5P_Zc8aiyI76EdPagdOmDhABIPqpihdgx9X_jYQmoAGZ443WA8gBAuACAKgDAcgDCKoEtAJP0CZ2NSmt7WsPiGwq9WRVXX9B3l_hkPOCyuZrFUngWrCE19Y1bhr57i6VqFGNUTrrdskpamAcIxwqwMlPJaP4qpjKFxNAhgkFLxJSR1DHuFl5JkXIxih6h7qkhPI35GYLArXU0Ebg5Xko4SBNMX8ec8Ajxg6cQHTKu7wJplIa294mF9KsmPx4lkhgtaSRXEB2GXDDPm6tdgJLIqFsLrGm7tONGYHYAhIYVTLl_pZx7UPdrQ7D7Iw5S7m3mAstaelosJ-WPi1G4_C-1CfktamF1siSAZaH01nShO4BfOZcE5hnN9P2o77-t8ir6FBaiCYhOmm2A9ysrZeQ-K98Bykh6PgFbZxLgludh7d_hzJtW3ncs3w0aguboQDg3eGwaXPSdH4m48V6Q1i_ed6kHc5id0wKO8AE5fzK97QE4AQBiAW8uMeFTaAGAoAHz5zyKagHp8yxAqgH4tixAqgHpr4bqAfMzrECqAfz0RuoB5bYG6gHqpuxAqgHjs4bqAeT2BuoB_DgG6gH7paxAqgH_p6xAqgHr76xAqgHmuGxAqgH1ckbqAfZtrECqAeaBqgH_56xAqgH35-xAqgH-MKxAqgH-8KxAtgHAdIILwiAYRABGJ0BMgiKgoCAgICACDoNgECAwICAgICogAKoA0i9_cE6WMWj45mh8ZMDsQnx9xRs6xFhNYAKA5gLAcgLAaIMA5ABAaoNAlpByA0B4g0TCKHM45mh8ZMDFSR4wwYdcrglVOoNEwjh1eSZofGTAxUkeMMGHXK4JVTwDQKIDv___________wHYEw7QFQGYFgHKFgIKAPgWAYAXAbIXEBgBKgo5MzMyNzkyOTA2UAa6FwI4AaoYFwkAAAAAiNkAQRIKOTMzMjc5MjkwNhgBshgJEgKtURgCIgEA0BgB6BgBwhkCCAE&ae=1&gclid=EAIaIQobChMIzYflmaHxkwMVJHjDBh1yuCVUEAEYASAAEgJYrPD_BwE&num=1&cid=CAQS0AEABaugfRdvAKCKvHzr7G5WpfwusvVNap4Bys4TjI5-THOANBy_0hFZ66gQQmX6IFakl-3FNsjNeDHQhJ6yVE8vJ1f52M9uWuPtHaXCsF2O1tnOkGAzzxbWxo2uaF9Z8hZjJdztRfyec2oxfEindD278tyWieimCuT8CGoO6jl4PAJh9v1eIrFlo4w9hlAW_CAXsnKzgRwFOtSqfpsvBKMcxYHyzYgvgBJ13H8u9nCgR8eOVJZR2o28lC2TvDNvXYLMrmF80jKPYMayrjE8r6D0GAE&sig=AOD64_1eAZW3KWWVvo_7x0nQhG2UUa236Q&client=ca-pub-5405132603504384&rf=5&nx=CLICK_X&ny=CLICK_Y&uap=UACH(platform)&uapv=UACH(platformVersion)&uaa=UACH(architecture)&uam=UACH(model)&uafv=UACH(uaFullVersion)&uab=UACH(bitness)&uaw=UACH(wow64)&uafvl=UACH(fullVersionList)&nb=2&adurl=https://smithsystem.com/%3Fgad_source%3D5%26gad_campaignid%3D20681186364%26gclid%3DEAIaIQobChMIzYflmaHxkwMVJHjDBh1yuCVUEAEYASAAEgJYrPD_BwE,https://smithsystem.com/?gad_source=5&gad_campaignid=20681186364&gclid=EAIaIQobChMIzYflmaHxkwMVJHjDBh1yuCVUEAEYASAAEgJYrPD_BwE,,,,,
1136,https://googleads.g.doubleclick.net/aclk?sa=l&ai=CXNalqN7eafC6D4ubjeYPiOTpoQPh36rBhgGZu47NjxGri9XNzwgQASCQgfMlYKWAgICcAaAB_f-eqCnIAQKpAoGXlio96ac-4AIAqAMByAMIqgS-Ak_QLbja1svEBdEz_ElikzPj2c7HrLgUno5YVtg3_kmfDnfTAv_kTlJDWoYv9XLxniSZb_3b2Swij3dUOPQtPpBPYvhPHuA974Dsdg92-4ZyEa-iYwaslZxpLFBVPfnfOecMbQuN41Z30zlU_AA0vhSNxYL2XSyUCYpLlqcqDHr7l_KqOhCFazsJxX2j98_hKTn-lWiNdSxfdnVTa19Wolc3KpjJkIEDgWM2YhsKv7BUr97hzHT1KLN-9hrsval0qpNrpawMFs4i6DoQe66jwvdb_1JD24U5e6EVEDaduTKlNC484LAFJp-glVR40I3OVNUR9CNI_45QmESBu-vHTXmIhrmr3a71Kv34RFAa2sgZwLK4euCKguXu2-Ws9bGGVWcMIqKjnvbHY4TfDD0U7HpqiUBM9ndYeJfTOVAIe8AEjpeA_6IE4AQBiAX-iMGcSaAGAoAH_bfvhwSoB6fMsQKoB6a-G6gHzM6xAqgH89EbqAeW2BuoB6qbsQKoB47OG6gHk9gbqAfw4BuoB-6WsQKoB_6esQKoB6--sQKoB5rhsQKoB9XJG6gH2baxAqgHmgaoB_-esQKoB9-fsQKoB_jCsQKoB_vCsQLYBwHSCDIIkeGAUBABGJ0BMgiri4CAoICACjoOgIAFgICAgICUruADqAdIvf3BOljG1OrHz-6TA7EJ2ubF_Y7xchqACgOKClBodHRwOi8vc2FhbmRudGZyZWVtYXNvbnMucnRyay5jb20uYXUvP3NjaWQ9MzUzNzAxJnB1Yl9jcl9pZD0yNjIzOTcyJmZ1cmw9e2xwdXJsfZgLAcgLAeALAaoNAkFVyA0B4g0TCID86sfP7pMDFYtNwwYdCHI6NOoNEwjxkevHz-6TAxWLTcMGHQhyOjTwDQKIDv___________wHYEwPQFQHKFgIKAPgWAYAXAbIXEBgBKgozNTg1NzExMTc2UAa6FwI4AaoYFwkAAAAAQCbuQBIKMzU4NTcxMTE3NhgBshgFGAIiAQDQGAHoGAHCGQIIAQ&ae=1&gclid=EAIaIQobChMI8K7rx8_ukwMVi03DBh0Icjo0EAEYASAAEgJgUfD_BwE&num=1&sig=AOD64_0KcUZhAvF9Ckun1P0erjJmtJA_eQ&client=ca-pub-9040680041623400&rf=5&nx=CLICK_X&ny=CLICK_Y&uap=UACH(platform)&uapv=UACH(platformVersion)&uaa=UACH(architecture)&uam=UACH(model)&uafv=UACH(uaFullVersion)&uab=UACH(bitness)&uaw=UACH(wow64)&uafvl=UACH(fullVersionList)&nb=2&adurl=https://www.santfreemasons.org.au/become-a-freemason%3Futm_source%3DRL%26utm_medium%3DDisplay%26utm_campaign%3DFreemasonsSouthernAustralia%26gad_source%3D5%26gad_campaignid%3D19655574654%26gclid%3DEAIaIQobChMI8K7rx8_ukwMVi03DBh0Icjo0EAEYASAAEgJgUfD_BwE,https://santfreemasons.org.au/become-a-freemason/?utm_source=RL&utm_medium=Display&utm_campaign=FreemasonsSouthernAustralia&cid=611128&furl=https%3A%2F%2Fwww.santfreemasons.org.au%2Fbecome-a-freemason%3Futm_source%3DRL%26utm_medium%3DDisplay%26utm_campaign%3DFreemasonsSouthernAustralia%26gad_source%3D5%26gad_campaignid%3D19655574654%26gclid%3DEAIaIQobChMI8K7rx8_ukwMVi03DBh0Icjo0EAEYASAAEgJgUfD_BwE&gclid=EAIaIQobChMI8K7rx8_ukwMVi03DBh0Icjo0EAEYASAAEgJgUfD_BwE&pub_cr_id=2623972&scid=353701&tc=177634772905914,,,,,
1100,https://www.googleadservices.com/pagead/aclk?sa=L&ai=CG4_2WFfeaZ_NA4zgjeYPiuab8Ard4oehhgGh1PHY1xXXltyJ4TIQASCGiOacAWCJi8SE9BOgAYOer-IqyAEJqQLyr1lCGAw7PuACAKgDAcgDCqoE4gJP0CUck0EsmEQtwz4bgeEY5a_TY-eoN6MOntTIRrqaq2-M_uZG8wc0EarFm5_9F69hvaroNnLXwioJn39B2M9W-VoBmZrzYQ-u8lVgDVmnonL-SK243VvICxuONf_77UDG7bqfgYbfZ9XhTqgRsH2SmzlqYAOsuI0vQiIL3E4IES332nFV7biCAPx2bLjzspD_ADuzFle9deqDBTD7p9PPJiYrren_FvPcFOXrdI4vpys0flo5QPT4YevrEDENGg8Ek1qPSQB-BY6HwJ-XyP2g0opZTYlQVgS8Mq06iVcN1IW3nzjJaS9FjBBWX28PJueCY91wlpe-xwLYxgkM2J-s3lL6O2EaQJ11q6Q8IbcmJ73L0vEheK7WjxOhf0BmKL5Gw-VRKU_tjQONEOjhk_7MNIqr5wv2_OgS_TOIG5MViOPhAxlKgDLbbx-2WvGiu-tPbflgCmLaBhOtYo0tS_z1GqfABNvUtvKvBeAEAYgFjeu8u1WgBi6AB4PW_8EFqAenzLECqAfi2LECqAemvhuoB8zOsQKoB_PRG6gHltgbqAeqm7ECqAeOzhuoB5PYG6gH8OAbqAfulrECqAf-nrECqAevvrECqAea4bECqAfVyRuoB9m2sQKoB5oGqAf_nrECqAffn7ECqAf4wrECqAf7wrEC2AcA0ggyCIDhgBAQARidATIIqoKAgICAgAg6DoDAA4CAhICAlK7gA6gHSL39wTpYkfmKws7tkwOxCTwSQ0OLFrLrgAoDmAsByAsBgAwBogwDkAEBqg0CSlDIDQHiDRMIsq2Lws7tkwMVDHDDBh0K8wau6g0TCN2gjcLO7ZMDFQxwwwYdCvMGrvANAogO____________AbAOzOvXzRjYEwzQFQGYFgHKFgIKAPgWAYAXAbIXEBgBKgo2Nzk3NTgxMDEyUAa6FwI4AaoYFwkAAAAAwN72QBIKNjc5NzU4MTAxMhgBshgJEgKATxguIgEA0BgBwhkCCAE&ae=1&gclid=EAIaIQobChMIn9mNws7tkwMVDHDDBh0K8wauEAEYASAAEgI8C_D_BwE&num=1&cid=CAQScQAFq6B9Zv3CMQ7Ff93NOedRnoevneyKu7zdBktKM37qh7LMqnGfZRrgGJU3b6BI4ZDHK2RgnkbMwHkylGmaXEqYUjC_nkHmBCY6-onABssCHaWlATGtYRkMscxE3iTN0Fh8GZCGAknh0zWpdT5ovqwaGAE&sig=AOD64_1vJla8W4-ALrJUjz79EwktZmgRQg&client=ca-pub-8466440498224020&rf=4&nb=9&adurl=https://hybrid.airz.co.jp/%3Futm_source%3Dgoogle%26utm_medium%3Dcpc%26utm_campaign%3Dp-max%26gad_source%3D5%26gad_campaignid%3D22941742477%26gclid%3DEAIaIQobChMIn9mNws7tkwMVDHDDBh0K8wauEAEYASAAEgI8C_D_BwE,https://hybrid.airz.co.jp/?utm_source=google&utm_medium=cpc&utm_campaign=p-max&gad_source=5&gad_campaignid=22941742477&gclid=EAIaIQobChMIn9mNws7tkwMVDHDDBh0K8wauEAEYASAAEgI8C_D_BwE,,,,,
922,https://googleads.g.doubleclick.net/aclk?sa=l&ai=CdG7fgbzfafLjG4_vjeYPotj1iAevr8y4hgGHiNWimxSwkB8QASC1s5enAWCbA6ABusTKmQHIAQHgAgCoAwHIA8sEqgTvAk_Qkp2f7DCdQM0GCqCDwTGDYiPT-1CuK7tY8ynzODi4xY13luLU2_EdunBsy6ovs9_pVCWtfPg0mihWu65fCpkdzFSmFBw8CbFRzDlFZLf1_qeXdE8qLxI6XLSOiQM-iQO6WzCvsF201yQIkgce251B_wwTB7byyFtJwxMdongVHIkATz_SNiBLofm1vTdzPVJLB_BAvzWGQ8j1IS_0UWf_WFihRlA0ojyPxtmS01e8uniGgWqBh6nvK_kd5UERzsT2kQB5p7JKEo-0cyfP7Y210FEpNea5yCkkcGOyj71eCX0vVCOYbEc0_F9JkR692B-ycZATw6bAY6xA7DdGrUZwSpZax8AHsAdFv6x3-6wAOUdoMj05cpHumstWQU6cgWam9r7Y0kACKbt0myAgh1whK3YASjSP1EEZjBBc9KKRYti4XjNmCGkVL_93lbOjh0mzKQcLdhiArkoTcsoCqHIKpFj6twvT3bUNoUenUQPABKKe5uukBeAEAYgF8ruCnFSgBi6AB667teYCqAenzLECqAfi2LECqAemvhuoB8zOsQKoB_PRG6gHltgbqAeqm7ECqAeOzhuoB5PYG6gH8OAbqAfulrECqAf-nrECqAevvrECqAea4bECqAfVyRuoB9m2sQKoB5oGqAf_nrECqAffn7ECqAf4wrECqAf7wrEC2AcB0ggyCJHhgFAQARidATIIq4uAgKCAgAo6DoCAAYCAgICAlK7gA6gHSL39wTpYkt74kKPwkwOxCX6KPfrDF1R_gAoDmAsByAsBogwDkAEBqg0CS1LIDQHiDRMI7YL5kKPwkwMVj3fDBh0ibB1x6g0TCNyP-ZCj8JMDFY93wwYdImwdcfANAogO____________AdgTCogUAtAVAZgWAcoWAgoA-BYBgBcBshcQGAEqCjgwODkzOTkxMTFQBroXAjgBqhgXCQAAAADA4P5AEgo4MDg5Mzk5MTExGAGyGA4KA_-7ExICg1UYLiIBANAYAegYAcIZAggB&ae=1&gclid=EAIaIQobChMIsqj5kKPwkwMVj3fDBh0ibB1xEAEYASAAEgL05PD_BwE&num=1&sig=AOD64_0C_nE0dsmgG3WhJOCozp4W3h5FTg&client=ca-pub-3400636089340699&rf=1&nb=19&adurl=https://coreweave.com/products/nvidia-blackwell%3Futm_term%3D%26utm_campaign%3DMDF_Blackwell_DemandGen_20250527%26utm_source%3Dadwords%26utm_medium%3Dppc%26hsa_acc%3D4573072347%26hsa_cam%3D22607338994%26hsa_grp%3D181688438562%26hsa_ad%3D754851838742%26hsa_src%3D%26hsa_tgt%3D%26hsa_kw%3D%26hsa_mt%3D%26hsa_net%3Dadwords%26hsa_ver%3D3%26gad_source%3D5%26gad_campaignid%3D22607338994%26gclid%3DEAIaIQobChMIsqj5kKPwkwMVj3fDBh0ibB1xEAEYASAAEgL05PD_BwE,https://coreweave.com/products/nvidia-blackwell?utm_term=&utm_campaign=MDF_Blackwell_DemandGen_20250527&utm_source=adwords&utm_medium=ppc&hsa_acc=4573072347&hsa_cam=22607338994&hsa_grp=181688438562&hsa_ad=754851838742&hsa_src=&hsa_tgt=&hsa_kw=&hsa_mt=&hsa_net=adwords&hsa_ver=3&gad_source=5&gad_campaignid=22607338994&gclid=EAIaIQobChMIsqj5kKPwkwMVj3fDBh0ibB1xEAEYASAAEgL05PD_BwE,yes,,,,
1230,https://www.googleadservices.com/pagead/aclk?sa=L&ai=CXMuspVLgabe0M5OA3NMPqov9kAfQ--HChgHQiPeQ8xSjy-bakA4QASC-z4caYMfV_42EJqABi4i-8UDIAQLgAgCoAwHIAwiqBNECT9DcELK2Qw8vo64qz8oM4YIgk4j123FtWEotv8sBIlVKPUqUup3-nRXLMhs6BEic7uLCrbJLCn7GjZJmO6WtUvEGmpdYVypva99X7r8MYQelWCTeSdDh7Q4U59keSLOqVdG6BR2wQUoEotE5cpXsKdOEZShRUQz7uD7tK1f9ax-ls2O-Se67N6wf5r3bhesE6d0HHsmwPGLws25xrY5fAeZ3xhwEAPTKjM-yRYFKMnr0QdYePQEwR3ujF95H7ChUiGwwG7fFJK89x6eyPomXBqPHFvtTC0XDN8wVQG1C8XtENRI6YHRnCGqQvl8jVI2_Nqy1I1WRK1raqH39VAmE1lA73UYKw011TrXfx1w0xNBd54Mf-GRs6nqvGFWkkJmPMCNm7jRbl7IbDhcIqs3dFy3JEjQDmDabRkhfXduSVnYZAf9hhXwSU6kctrR7_DT-YsAE2LXml88F4AQBiAX2zoaSV6AGAoAHi8CO0RuoB6fMsQKoB-LYsQKoB6a-G6gHzM6xAqgH89EbqAeW2BuoB6qbsQKoB47OG6gHk9gbqAfw4BuoB-6WsQKoB_6esQKoB6--sQKoB5rhsQKoB9XJG6gH2baxAqgHmgaoB_-esQKoB9-fsQKoB_jCsQKoB_vCsQLYBwHSCC4IgGEQARgdMgiKgoCAgICACDoNgECAwICAgICogAKoA0i9_cE6WPeO6qiy8ZMDsQmoGTWxWCwJp4AKA5gLAcgLAaIMA5ABAaoNAlpByA0B4g0TCJa56qiy8ZMDFRMAdwQdqkUfcuoNEwi44euosvGTAxUTAHcEHapFH3LwDQKIDv___________wHYEwvQFQGYFgHKFgIKAPgWAYAXAbIXEBgBKgozODUyNjA3NDM4UAa6FwI4AaoYFwkAAAAA0Mn5QBIKMzg1MjYwNzQzOBgBshgJEgKwUxgCIgEA0BgBwhkCCAE&ae=1&gclid=EAIaIQobChMI95rsqLLxkwMVEwB3BB2qRR9yEAEYASAAEgIT7_D_BwE&num=1&cid=CAQS4gEABaugfedt6eQIQbrOjT_2KIpKiKqG_hLeBdk5hY7qu4VBzXYbFxLdoLCHX2t6h8W8g_DOiRcd2sg44pITOFkiev44JAi0rNv7qxDbqQWwv-3bzQsxzOIF5fTFYeWIhAgZzzmegViUKduCnE3wWznTIYbxqTApvxlcVLKT4ZZv_uH-7ysbsqC2SixcHZo86Esvl0fl4bQ2Z4E9xdH7elGMkc0uEEFzaXILy8K9Nfh9Iyz206fYbf5DGXaqOPJtjGGBXT6MbTKo2vhqHzfYrdVemafer0Yj_l0xonGOagnltqx0GAE&sig=AOD64_3wHkHjVxu8WYIxLtZHL6wQAacJdg&client=ca-pub-6453680425766689&rf=5&nx=CLICK_X&ny=CLICK_Y&uap=UACH(platform)&uapv=UACH(platformVersion)&uaa=UACH(architecture)&uam=UACH(model)&uafv=UACH(uaFullVersion)&uab=UACH(bitness)&uaw=UACH(wow64)&uafvl=UACH(fullVersionList)&nb=2&adurl=https://letsgonerd.com/en/cow-long-rec-domine-roblox/%3Futm_source%3Dadwords%26utm_medium%3Dwww.livehindustan.com%26utm_term%3D%26utm_content%3D193055005400%26utm_campaign%3D23391741814%26gad_source%3D5%26gad_campaignid%3D23391741814%26gclid%3DEAIaIQobChMI95rsqLLxkwMVEwB3BB2qRR9yEAEYASAAEgIT7_D_BwE,https://letsgonerd.com/en/cow-long-rec-domine-roblox/?utm_source=adwords&utm_medium=www.livehindustan.com&utm_term=&utm_content=193055005400&utm_campaign=23391741814&gad_source=5&gad_campaignid=23391741814&gclid=EAIaIQobChMI95rsqLLxkwMVEwB3BB2qRR9yEAEYASAAEgIT7_D_BwE,,,,,
1095,https://www.googleadservices.com/pagead/aclk?sa=L&ai=C_ZgmJdDeaYiyMMqYjeYPxtzLQamxraOGAb7n7raqFays4caUDhABINysryBgpbiagJwBoAGdpqzGAsgBCakC6-FSXyPjpz6oAwHIA8sEqgSNAk_QYQCKIUpkAnLIQ0M0BJiCyrhGCCsqjcPXHwleQ1MRoia-25zFBtE5qFS869vjTxUHQVHrN6rLp-sV4xrCqj-DpD8FKHsCVFAmv4cJHyrKR_lKrGRhX9bsKWcUcac_n8t1AEsl3qEhx7wtELS-Iuq7U975kpXiShxblmv_SrTuC_JK4OZsUgXUfKktdGhWaye03c6K4YhhSf3EHuIzGzATe88xUWXoMtee4AjzZyl_le8E0zpQ4x07cJiDtOPPEtqPr4NznYNXzQ_Uu2pGWRtk0iS8GJAZSvluKTF4XpGIoo7DpkLv0s0FZxyqx3Fi2lgTLr7eNgVYkxI7sa6qKlIBoG22b-XGZ7NKYlAFwAS9u5WJ6wSIBZmE785QoAYugAfL2dO5AagHp8yxAqgHpr4bqAfMzrECqAfz0RuoB5bYG6gHqpuxAqgHjs4bqAeT2BuoB_DgG6gH7paxAqgH_p6xAqgHr76xAqgHmuGxAqgH1ckbqAfZtrECqAeaBqgH_56xAqgH35-xAqgH-MKxAqgH-8KxAtgHANIILwiAYRABGJ8DMgiKgoCAgICACDoNgECAwICAgICogAKoA0i9_cE6WOy50tzB7pMDsQnBHIoFLf-Tq4AKAZgLAcgLAYAMAZgMopLU5uoEqg0CQVXIDQHqDRMI3N3S3MHukwMVSkzDBh1G7jII8A0CiA4JsA7J5ZaiGLgTgwTYEw7QFQHKFgIKAPgWAYAXAbIXEBgBKgo4NDkwNzkxMzk4UAa6FwI4AaoYFwkAAAAAAOzzQBIKODQ5MDc5MTM5OBgBshgJEgKtURguIgEA0BgBwhkCCAE&ae=1&gclid=EAIaIQobChMIyNjS3MHukwMVSkzDBh1G7jIIEAEYASAAEgIkX_D_BwE&num=1&cid=CAQS0gEABaugfQAE-g-1ZpoD8u1jmMmO7rJ2vxeEl9ZSpVveqEZ_L2Zggdks5XjD0v7KyUNNInGOREHxyge6PqGDbHHQfmMYksiUUHN5vbIVul7S3WQdlZryztwl7NydNjceqiekz8AiGoND0pM5E6D3zn4QYypwnZpklcTG88cadS00l4WTizDPC9uHe_aOYrTQGKFiGx2zG_7bher_cbLakVHO8lafx3jkAHvpOfs0us21X6-hXs9gzky6NmWsrdFL2SBnmFivau1D5cm1fiDdbvSD78QYAQ&sig=AOD64_2zr8L5bu9UoEsSpuUUWvGTd9NQrA&client=ca-pub-1919012362442653&rf=1&nb=12&adurl=https://www.boconcept.com/en-au/new-kollektion/%3Futm_source%3DGoogle%26utm_medium%3DCross-network%26utm_campaign%3DPmax-Local-Conversion%26gad_source%3D5%26gad_campaignid%3D21640233497%26gclid%3DEAIaIQobChMIyNjS3MHukwMVSkzDBh1G7jIIEAEYASAAEgIkX_D_BwE,https://www.boconcept.com/en-au/new-kollektion/?utm_source=Google&utm_medium=Cross-network&utm_campaign=Pmax-Local-Conversion&gad_source=5&gad_campaignid=21640233497&gclid=EAIaIQobChMIyNjS3MHukwMVSkzDBh1G7jIIEAEYASAAEgIkX_D_BwE,yes,yes,yes,yes,yes
943,https://www.googleadservices.com/pagead/aclk?sa=L&ai=CumExNFfgacjvKtaA3NMPgLuKkA_U6PjEhgHIofuLvhKA5PHpjw4QASDCiLkiYMfV_42EJqABicW4sALIAQmpArXWL8QdIoE-4AIAqAMByAPLBKoE2AJP0MG6wW9En4rJNRNbcXDnhYHmwnqxiwb03C2wkXzLV5PoB5Or6pRMgZP4JAmDn1tTr_mfNMf8oikm7qthDPoGhL3Ew7Kf-PNybo02ejesYs87UrU6P8L6c_37XmTH5S5TcgcOWXaDl9x9rWXjHe2xa5rEGQwbkjbICQWBBKsCA6VwXwbRCSd_7vG_NI_S3Oylc_IvQ0wF3Cxt2C_rC73LDNj-8nUXzVUlGNgk5JZUwX5O80eR361HGblvnLSo4hBwpPokpv8RBzFYKtGkuO6HIaf5IaXe-lwPJ8MkS8ADmuGRFkj6cP7RMVvTNQcb-fL4bG2v_ZaZIT2AAPkm0R-72bSw2AdDJXZnG2QAAdXih7yEqX_PsAHKBuEDpbGZ1USKejERM2k1nZyxdf3T2o3s2ORelsN4Op1WscCmuqWFo5ePFdrffEa_r0NrTWEWQWjeO4WFzvFxJsAEwejO1sME4AQBiAXx5u-JTfoFBgglEAEYAKAGLoAH37rHzwGoB6fMsQKoB6a-G6gHzM6xAqgH89EbqAeW2BuoB6qbsQKoB47OG6gHk9gbqAfw4BuoB-6WsQKoB_6esQKoB6--sQKoB5rhsQKoB9m2sQKoB5oGqAf_nrECqAffn7ECqAf4wrEC2AcAwAgB0gguCIBhEAEYHTIIioKAgICAgAg6DYBAgMCAgICAqIACqANIvf3BOljbwJ3VtvGTA_IIG2FkeC1zdWJzeW4tMzQ0ODM0MTg1MjkyOTI1M4AKA5ALA5gLAcgLAYAMAaIMAkgBqg0CWkHIDQHiDRMI2fed1bbxkwMVVgB3BB2AnQLy6g0TCIuOn9W28ZMDFVYAdwQdgJ0C8vANAogO____________AdgTDNAVAcoWAgoA-BYBgBcBshcQGAEqCjQ4MTIxMTMxNTFQBroXAjgBqhgXCQAAAACMxRFBEgo0ODEyMTEzMTUxGAGyGAkSArBTGC4iAQDQGAHCGQIIAQ&ae=1&gclid=EAIaIQobChMIyNmf1bbxkwMVVgB3BB2AnQLyEAEYASABEgLR0_D_BwE&num=1&cid=CAQS0QEABaugfdYd9wTcdUp_Sc-0Kj45j-LKlj6_tTJyu6DmFFkKuMorvHGiuAJuuYvQCywCgubMqT1a0Fjw8g8qgOsHnaXcKli4t6mCxObauMlAi5AdPmmnFQSDGAUeNfuyHkarvE03N76YFd4ywiSO2n_Eum5N9DlUa1ahOBZiCFTQQjtxu2RiIEokTGYjDzJOrxXvXRwopcmY0FoGPx4yblY1dPQP-RIwgCDeVVCnJHYxExi50kGy8-yfc-Behv88QinKeTW7vlfsvCl3GqWAfeTaHRgB&sig=AOD64_3Fi8b3D1RQPU7XwKK-2TfdKxyOig&client=ca-pub-5610521491184789&nb=9&adurl=https://www.h5gamestreet.com/kidsC-games.html%3Fgad_source%3D5%26gad_campaignid%3D20690236273%26gclid%3DEAIaIQobChMIyNmf1bbxkwMVVgB3BB2AnQLyEAEYASABEgLR0_D_BwE,https://www.h5gamestreet.com/kidsC-games.html?gad_source=5&gad_campaignid=20690236273&gclid=EAIaIQobChMIyNmf1bbxkwMVVgB3BB2AnQLyEAEYASABEgLR0_D_BwE,yes,,,,
894,https://www.googleadservices.com/pagead/aclk?sa=L&ai=C70gmzN7eaefjCImfjeYPqbnMoQWs1d-fhgHI9c7njRTI0rGG0wEQASC744ckYKW4moCcAaABlJ_96wHIAQapAoGXlio96ac-4AIAqAMByAMKqgTBAk_QJX7_H158vRGskH4o25_uKAVEXf6bmJqpkcyK4UtMwFG_cni34FlqjWGp37mvS6Vy2L9IfNpPwDMOVYasdMjrYGH8l2QZn_ZeHjR2zaZXw2-BNKcgE-YTN0L8PoA5Fqz25EOtTbwNW9WRWSQLAa58k1PGR0HAHaj-lwFq4M11LFPoa7hcJgFmtImB0VSVUrcZMQsMo40e96TXjz4mxXCT4udK73IP8UDZu0Izh4mJR-2acNH73iGfNPNXXHVkJgoxjD1mL36ej3eKgI95_cBwylLxGQrsNPjzJ7UIDDxJzJP6Y6P5h5obwS4e8R-8LeY8iLpUwLLspFLw3UF9nusXV0OAFWnwhg1_KmDkFx-ZA9sZCrMoY3ssG1DIO0QsiPm24WJxeoXXfVh1eSzG8gD2u2HhHwWsp-LMO0L9alRowsAE0Jf607gF4AQBiAWJmbScVKAGN4AH1OCClAKoB6fMsQKoB6a-G6gHzM6xAqgH89EbqAeW2BuoB6qbsQKoB47OG6gHk9gbqAfw4BuoB-6WsQKoB_6esQKoB6--sQKoB5rhsQKoB9XJG6gH2baxAqgHmgaoB_-esQKoB9-fsQKoB_jCsQKoB_vCsQLYBwHSCC8IgGEQARgdMgiKgoCAgICACDoOgECAwICAgICogAKogxBIvf3BOliw6PfYz-6TA7EJk8bcmGFzjKyACgOYCwHICwGqDQJBVcgNAeINEwjwlPjYz-6TAxWJT8MGHakcM1TqDRMI_L352M_ukwMViU_DBh2pHDNU8A0CiA7___________8B2BMNiBQB0BUByhYCCgD4FgGAFwGyFxAYASoKNzQ1MTc4OTkwMFAGuhcCOAGqGBcJAAAAAGD7EkESCjc0NTE3ODk5MDAYAbIYCRICqlAYNyIBANAYAcIZAggB&ae=1&gclid=EAIaIQobChMI5_n52M_ukwMViU_DBh2pHDNUEAEYASAAEgI_sfD_BwE&num=1&cid=CAQS5AEABaugfXn74_RuzZuO5W1DUxYo3SzQB2AETPH1789k_tBdpZKl7Y6Q1uPrY3rgKyT4mPAVxwQKI3ZTenihAgSvz3zIKGKRPxzICoYk5ttvHL6ZqobftKY8etx8BzvNtz2-hMK8rXzJ_3SaFzzQ7paI9t5GyAra4FimEB7BC8au6MUkR0hKYWKcZtfEzfknAWaLdCy4fq4F9yeTfgYd8OVTzpg2CyYMYZerZUBr_TU-S865R58qR372nzESUsyz0Q7qR9hz6yZ5UTpdReXdFkA9aTOwkK7g2L1MnLcHYXZUqPAvD4oYAQ&sig=AOD64_3j2VnCP2rQ7_u2UTb66Fgikb_q-A&client=ca-pub-1301581561755234&nx=CLICK_X&ny=CLICK_Y&uap=UACH(platform)&uapv=UACH(platformVersion)&uaa=UACH(architecture)&uam=UACH(model)&uafv=UACH(uaFullVersion)&uab=UACH(bitness)&uaw=UACH(wow64)&uafvl=UACH(fullVersionList)&nb=9&adurl=https://nylex.com.au/collections/garden-hoses%3Fgad_source%3D5%26gad_campaignid%3D22608153737%26gclid%3DEAIaIQobChMI5_n52M_ukwMViU_DBh2pHDNUEAEYASAAEgI_sfD_BwE,https://nylex.com.au/collections/garden-hoses?gad_source=5&gad_campaignid=22608153737&gclid=EAIaIQobChMI5_n52M_ukwMViU_DBh2pHDNUEAEYASAAEgI_sfD_BwE,,,,,
1208,https://www.googleadservices.com/pagead/aclk?sa=L&ai=CHwV62DTfafOlJuKAjeYPioShmQTGj9-9hgGZnI-dxhWwkB8QASC8luEQYJXikIKgB6ABjqXUryrIAQmpAnzZXHukxLM-4AIAqAMByAPLBKoE-AJP0AetNkq8dNPz9i9Rh6w6XyPjaMh0VQEUYzSDzKCbSRKjKnGnSywmvPyoBvgHoGxkvrVRFcrEjA8Bwsn1lXYITZTBWWW5iNvHQ4HtI6CvIeseAMIvf3oNlKtVSyAN3DqtLziz-isObWGM-ZdeJb6Zl9RWfpwedSGfto95tQiMvfvcTuZCEHEvj8rZFB11ktnZWxWZKz-1A33JYRkidEk1C_HY9sinnZQablnN2FXTkBWeWUwuH0tIF4Wp3RsLuE0OakpPE_skQXd7Mlh78uJCGXlZu3MQ3PJSc6kkp4pBnqe7Q5zVi6okNuZ55Z2V6hHZuBe4oeBIeRNo_brDka-aWLSUAxQHfgxl02srDl0eXppgeBzQilT4utguCfSZy4lGwjYoQAPTw3WjoIoTpJx47fyF_H_PSDt0fuXrADmgeh-I0mBPmj9zWBqpq3rBpUT7cL_R28pi9DRiPss6JKMr1RBhBzzkeVnVBwmFkW8JUt6lE4HI_Q46wATL0IamzgXgBAGIBbLU2bdToAYugAeO3aSPBagHp8yxAqgH4tixAqgHpr4bqAfMzrECqAfz0RuoB5bYG6gHqpuxAqgHjs4bqAeT2BuoB_DgG6gH7paxAqgH_p6xAqgHr76xAqgHmuGxAqgH1ckbqAfZtrECqAeaBqgH_56xAqgH35-xAqgH-MKxAqgH-8KxAtgHANIIMgiA4YAQEAEYnQEyCKqCgICAgIAIOg6AwAOAgISAgJSoiAKoB0i9_cE6WKOk-OCh75MDsQndbMgtRmf20IAKA5gLAcgLAYAMAaIMDyoKCgiO37ECleKxApABAaoNAkRFyA0B4g0TCI7l-OCh75MDFWJAwwYdCkIoQ-oNEwiPw_ngoe-TAxViQMMGHQpCKEPwDQKIDv___________wHYEwzQFQGYFgHKFgIKAPgWAYAXAbIXEBgBKgo2NzMxODQwMjUwUAa6FwI4AaoYFwkAAAAAgKj4QBIKNjczMTg0MDI1MBgBshgJEgL5VBguIgEA0BgBwhkCCAE&ae=1&gclid=EAIaIQobChMI8_H54KHvkwMVYkDDBh0KQihDEAEYASAAEgJl_fD_BwE&num=1&cid=CAQScAAFq6B94VFTtfkifujgjEnpB9AgCJ3DeaEwqzEeBew3Q-Nl2r0ZSHYQVSR2b75hY-nceednPbz3SHtR9iHnnjY5MtTKZZ38AqeU-AfDmQehRBwXBiBgzrsYjyOpM7i3u3PsajhEz8tpUUIuja_XfjAYAQ&sig=AOD64_1inLHwZsLG9XX4BgKEsz0UytXafQ&client=ca-pub-2012933198307164&rf=1&nb=9&adurl=https://gratis-produkttests.info/99475x1/%3Fgad_source%3D5%26gad_campaignid%3D22396955186%26gclid%3DEAIaIQobChMI8_H54KHvkwMVYkDDBh0KQihDEAEYASAAEgJl_fD_BwE,https://gratis-produkttests.info/99475x1/?gad_source=5&gad_campaignid=22396955186&gclid=EAIaIQobChMI8_H54KHvkwMVYkDDBh0KQihDEAEYASAAEgJl_fD_BwE,yes,yes,,,
1083,https://www.googleadservices.com/pagead/aclk?sa=L&ai=CZ9KnEa_faYbRBubdjeYPkJCe6Ay5l7W-hgGZrMO9oBXOstGUjA4QASCb3IkiYJsDoAHw0ayCKsgBAuACAKgDAcgDCKoElARP0LHzayd2Wg__KHvwaq3kzgOMU_gSIFEyFHItNqjYrQVnUAKR4O9qdGCPU4KAwM6q9Qwm8sJ5P02M01ZFovsgmMK0qYVoyW4qF8AGRDYSxyubItbabAqXoHWnCj74qmzId8KvNxTndxH6KRbZHfuRqnLX7OGU8Ely538W887hPoquEyJlyiecgfEivl2sZJ04eTIDTB-Tf9J98Ub4hqYYctpA7UTZ0DtMEiGXcd4DLUKT3FSsT-DhK6_tXwPzpLOkAPYz6vkDVDiVHFjttHimucZH9vc6HxHZ6yPAMDtSMDKzS2wrdw2X9wRbXhF_gL80qO2cAmER1Tr-BXyNl5BfXud1OzicZZUyniO8zYAaNGNE3n-UcisPOVxf34Xo47siSuXG-mqI-5dCMYL46DiNTSAURaQ9fjhTMfiAEanOM6oaP9N3DQO7YyMlFxO2XqQ82E5KoDpk1xFtxsg8khyTmIgJxvkjMAbPj82RYTJ29AP3Rsy1XhNcknRot5mx0QaPEEs3E17bn5SvTEfPFxpShYUrbtW_GEp2DGwnITlO6QlZdvHDE9X92cCcRplTP1CW-6AETXMJglYKud6irzMk7ceh42nv4nnNcqIjjL9erNIP3LKg6oCJC5k0cPdCnXE9TN7wxs6o68XK1BPZjnmZ8sLREEgvK9IqpS6bOwKjWnWiVZi8xXULDejux4q-_9s9cT65wASXi_yS4wXgBAGIBejU_YdMoAYCgAfwif3hBKgHp8yxAqgH4tixAqgHpr4bqAfMzrECqAfz0RuoB5bYG6gHqpuxAqgHjs4bqAeT2BuoB_DgG6gH7paxAqgH_p6xAqgHr76xAqgHmuGxAqgH1ckbqAfZtrECqAeaBqgH_56xAqgH35-xAqgH-MKxAqgH-8KxAtgHAdIILwiAYRABGJ0BMgiKgoCAgICACDoNgECAwICAgICogAKoA0i9_cE6WML9uKiW8JMDsQnd9pNtMsycAYAKA5gLAcgLAaIMA5ABAaoNAktSyA0B4g0TCMmjuaiW8JMDFeZuwwYdEIgHzeoNEwiG1LqolvCTAxXmbsMGHRCIB83wDQKIDv___________wHYEwPQFQGYFgHKFgIKAPgWAYAXAbIXEBgBKgo0Njc2MDIxNjY0UAa6FwI4AaoYFwkAAAAAwPn7QBIKNDY3NjAyMTY2NBgBshgJEgL_aBgCIgEA0BgBwhkCCAE&ae=1&gclid=EAIaIQobChMIxp27qJbwkwMV5m7DBh0QiAfNEAEYASAAEgL1fvD_BwE&num=1&cid=CAQS0AEABaugfdwhCABEEj6QHrfAozueP1UFMGdrWKKvG9BYDwNBbcVVG94Hm4TNpGnCgGO0VLQ5eI4mQ8FyMPZgWnos5tlR8IWB4bRDQJnYXTywF3HpYJimw-yMLB-PfML74MD9SYv7SQwbasHWp8GF2KokE6c5W79R89jI892NvfLsCTyBtqdLCM2FH9DWAHldfr39deJF_WNUAZ03Bzkv9utqli4_ULtmCWJqBGKDk-39ZSGA6KfLDDnVcwuEheFFq4FKQoAqvtzqPRIo50P_ATgVGAE&sig=AOD64_2T9OAOg7sM42fyiRQFKFS5hGKB8w&client=ca-pub-8241049497608997&rf=5&nx=CLICK_X&ny=CLICK_Y&uap=UACH(platform)&uapv=UACH(platformVersion)&uaa=UACH(architecture)&uam=UACH(model)&uafv=UACH(uaFullVersion)&uab=UACH(bitness)&uaw=UACH(wow64)&uafvl=UACH(fullVersionList)&nb=2&adurl=https://taogroup.com/venues/marquee-dayclub-las-vegas/beatport-fridays/%3Fgad_source%3D5%26gad_campaignid%3D20417833576%26gclid%3DEAIaIQobChMIxp27qJbwkwMV5m7DBh0QiAfNEAEYASAAEgL1fvD_BwE,https://taogroup.com/venues/marquee-dayclub-las-vegas/beatport-fridays/?gad_source=5&gad_campaignid=20417833576&gclid=EAIaIQobChMIxp27qJbwkwMV5m7DBh0QiAfNEAEYASAAEgL1fvD_BwE,,,,,
923,https://adclick.g.doubleclick.net/aclk?sa=l&ai=CxggGbNjeaZmiHLqbjeYPzpDHiAmBhIWMhAH8xp7igxLc2R4QASCczvN7YKW4moCcAaAB-PP_7ALIAQmpAkwqNe8B8Kc-4AIAqAMByAMKqgTcAk_QFwnIQguL4fjMpqTNOVgR48DgxXAaidRiCVjK5Wp334zXauh4Zq9jaimPI0yjqUg3ON8ny3i2HmP64ugUDqnZdarHsjn-Un8L-KqWSBBhJfDI8zvWTYKLlfdT8hTMj9P3BCTwb3CF9L-zIRT_LOmk5Sli458QgsripSITpWY1qJIjidvJIjDXfuZVuNfLo8ywVDHQy_kkKtfuj7UzXE8-q5ei9up649rmeDuGjXIqGqDCxKLqRT332P5rFCDvlaOs6vwPrjdwBuVxnJTRLI7fVsxC10sJ0eCnbVlRfmY3h6Ft4X3Ld3YmHETghbtBPh2VvQWkgjigivR8TBSeNwzMjrLKIr8-A6ydD2ico71Bx41m9LqkoCbV6AyaZ2DB2lLbiSjIU_PU9wTLCjGP9hOfVGtdRUUkm3LtWDEb_hIJTFkxqFN2EZUzl1iGZdRtyWgwqK8erqWDoqzQlMAEkcLBtOED4AQBiAWVy9bxOKAGLoAH8IuAkwGoB6fMsQKoB-LYsQKoB6a-G6gHzM6xAqgH89EbqAeW2BuoB6qbsQKoB47OG6gHk9gbqAfw4BuoB-6WsQKoB_6esQKoB6--sQKoB5rhsQKoB9XJG6gH2baxAqgHmgaoB_-esQKoB9-fsQKoB_jCsQKoB_vCsQLYBwDSCC4IgGEQARgdMgiKgoCAgICACDoNgECAwICAgICogAKoA0i9_cE6WMiH8s7J7pMD8ggbYWR4LXN1YnN5bi03NzYwOTM4MzM0NDQ1NDE3sQlMjt-FAfAZZ4AKA5gLAcgLAYAMAaIMA5ABAaoNAkFVyA0B4g0TCKqp8s7J7pMDFbpNwwYdTsgRkeoNEwjB6fPOye6TAxW6TcMGHU7IEZHwDQKIDv___________wHYEw2IFAPQFQGYFgHKFgIKAPgWAYAXAbIXEBgBKgo1MDExMjQ4NzE4UAa6FwI4AaoYFwkAAAAAgGUFQRIKNTAxMTI0ODcxOBgBshgJEgL2ahguIgEA0BgBwhkCCAE&ae=1&gclid=EAIaIQobChMImYj0zsnukwMVuk3DBh1OyBGREAEYASAAEgKVMvD_BwE&num=1&cid=CAQS0QEABaugfdEHiXRpw5DuRjYvcDgIeaTXyuf4_xoT2uRmAt7VnAfout6_myfIMfTOhbWyLM8LLfNixHOPxNM7CQykvhx7E3YIEWiZtJFPGIqdxWN7nWj_4EB75dMUMQdWyhwqd298LR9nFnzGJgxH91VxuJFtInXQrTgAen5zRMGkQhfz4pIeFIDmAmW7AuycDbXMRmRzUlvxkEgot0OIm3ZQSkgnACPxXm4er49mRcLXUtekwpYVSWRc-AR5gOveHBxuJaMQhpbbhhKsYx9f4HEh0RgB&sig=AOD64_0D0zHT--LI-xZXfKzdef7AIgZXug&client=ca-pub-2730263451308801&rf=4&nb=9&adurl=https://www.dvalert.org.au/%3Fgad_source%3D5%26gad_campaignid%3D15270782357%26gclid%3DEAIaIQobChMImYj0zsnukwMVuk3DBh1OyBGREAEYASAAEgKVMvD_BwE,https://www.dvalert.org.au/?gad_source=5&gad_campaignid=15270782357&gclid=EAIaIQobChMImYj0zsnukwMVuk3DBh1OyBGREAEYASAAEgKVMvD_BwE,,,,,
1092,https://www.googleadservices.com/pagead/aclk?sa=L&ai=CLGTX52ngaZDXFsKvgeAPga-p6AqI7IbQhAHFx7WFuBOwkB8QASD6qYoXYMfV_42EJqABsL_skgPIAQLgAgCoAwHIAwiqBMACT9CvseI3aZGCrRoEmp5poJI0Z2VNMC6jcgcu11n-4Uj5cVsEE-EbZyKqoJyNld2tVp9xixh4-EuJ0kS38G15Z86sNIQ-LtFK7YAQKu45Aq53BRDh-ap7repGxfv6p090dUdM2hcP4R05uIqiB_NMt_4JWc-eQpiOvPE3Nzmre2fAD3jo4pf9ycTaJSlNyBlZ6_lt15hBC1fkxIV81dk1RuKntDJOy8lGrhiUvOCQ2Mu98Xli59cPNLx96EFxwp_UwDwgTeX_yTlfmdKErOHTxmOlNQ9nXcDw6Jalu7zxzOtx0K3EqqjXF33n8WnPFQvY8GHSSwr-yXRfs-riErMUFDnERNFTakFR6Q6zvspx3PFDybUI0JkLdYLxKMGvfGTl8u_1KBEcyYz0v94hZ1xl9ljIeESFL2CQe5JIutKTKezABO-Hj7KCBeAEAYgFhL_UrlKgBgKAB7jAk22oB6fMsQKoB-LYsQKoB6a-G6gHzM6xAqgH89EbqAeW2BuoB6qbsQKoB47OG6gHk9gbqAfw4BuoB-6WsQKoB_6esQKoB6--sQKoB5rhsQKoB9XJG6gH2baxAqgHmgaoB_-esQKoB9-fsQKoB_jCsQKoB_vCsQLYBwHSCC8IgGEQARidATIIioKAgICAgAg6DYBAgMCAgICAqIACqANIvf3BOli249i_yPGTA7EJFinKypSt_nuACgOYCwHICwGiDAOQAQGqDQJaQcgNAeINEwi3h9m_yPGTAxXCVwAGHYFXCq3qDRMImLPav8jxkwMVwlcABh2BVwqt8A0CiA7___________8BohNUCjcIA0ABUggKBhIECAEQAWiu2ozBR3IhEh8gAigBOAJAhL_UrlJYAWj-__________8BgAEBmAEDGhkKF2NhLXB1Yi01NDA1MTMyNjAzNTA0Mzg02BMN0BUBmBYByhYCCgD4FgGAFwGyFxAYASoKOTMzMjc5MjkwNlAGuhcCOAGqGBcJAAAAAAC_BkESCjkzMzI3OTI5MDYYAbIYCRICmGkYAiIBANAYAcIZAggB&ae=1&gclid=EAIaIQobChMI0Obav8jxkwMVwlcABh2BVwqtEAEYASAAEgJXkfD_BwE&num=1&cid=CAQS0AEABaugfUDOASEQznIzUfrMn7NaBf8whOU8qp31_ToVO_5Dm3oqVBSQ0mkHqZiGw4UJijzxAxfjutTYnBYDSTHBQAJM5LikUATzmsCQcP_CPGnJe5Evosqek24G7J-VbOeC1c9uKq0HW1yzM-rIq-DHWZ72SmcpKZNTqKpVFHAv_j10hotWU7-ho0jSGdDmSYPNAgVM7Bo_sZCfIYruDstFdoj7DBRtWdxPibMumoqgQbJpJOBjtIRYnyQTLN-oRQziYgH4Bqpo_jaTk9xFV5XCGAE&sig=AOD64_0J6Uvq0lAfhtj1l5UcyEqkEYZLQw&client=ca-pub-5405132603504384&rf=5&nx=CLICK_X&ny=CLICK_Y&uap=UACH(platform)&uapv=UACH(platformVersion)&uaa=UACH(architecture)&uam=UACH(model)&uafv=UACH(uaFullVersion)&uab=UACH(bitness)&uaw=UACH(wow64)&uafvl=UACH(fullVersionList)&nb=2&adurl=https://imaschelling.us/%3Fgad_source%3D5%26gad_campaignid%3D22109560708%26gclid%3DEAIaIQobChMI0Obav8jxkwMVwlcABh2BVwqtEAEYASAAEgJXkfD_BwE,https://imaschelling.us/?gad_source=5&gad_campaignid=22109560708&gclid=EAIaIQobChMI0Obav8jxkwMVwlcABh2BVwqtEAEYASAAEgJXkfD_BwE,yes,yes,yes,yes,yes
1243,https://www.googleadservices.com/pagead/aclk?sa=L&ai=C5BHszUfgadq5DqSSjeYP5r-f0Q-Fze7AhgHXt6PZ2BXYgqvepUcQASDFnrQdYMfV_42EJqAB4PKAvwHIAQngAgCoAwHIAwqqBPECT9DXyJ4c61JdKSWEyCzrQTb270WEuAZKZ9wiBbfi9G2JO0Zll40Qv6NN36OwcqN8t2ovxGVY3orwTFY8q1X7Km0X_B2d3dn4H59dZKV70yfWe2RGHmPqjdh_SihFHzwHFnhbsAX2SNo_HvBibe46vKR7XSBu-0mfTauEhc9E0FdbJkYj5s28xq-nE7Qlg2sWc-8RoNxE3YsxFSf2eyyfuTySGv5nP-X8q_t9WOOla9DggOVtBowATtzwADMEm_sC8cW-o50k5C_D-qiaXTvRt-Ctwr0VHjnslVPyzBnPay64Gb1olZU4u6VMGvtgUm39tSM1rupte6nrMqxeoXyRnnNhwdfuq5IDleXA68lQpNxRdQXMYuDdjsf73YFWKXcJlSjxenbvd0shr__xqLcoJxGZfYvjoD97aYe32J4Wf45evh1kyuVFOqA3Dp4rgS9N9ZI88YkvRnpQx-GNgGmbv_Mm-ZdHXYsSl1Ku57MHcq6ZwATAmdWO2gXgBAGIBaidjr9YoAYugAeEm9fsGKgHp8yxAqgHpr4bqAfMzrECqAfz0RuoB5bYG6gHqpuxAqgHjs4bqAeT2BuoB_DgG6gH7paxAqgH_p6xAqgHr76xAqgHmuGxAqgH1ckbqAfZtrECqAeaBqgH_56xAqgH35-xAqgH-MKxAqgH-8KxAtgHANIILgiAYRABGB0yCIqCgICAgIAIOg2AQIDAgICAgKiAAqgDSL39wTpYlv7r_KfxkwOxCYe4kMkUrGlwgAoDmAsByAsBgAwBqg0CWkHIDQHiDRMI9KHs_KfxkwMVJEnDBh3m3yf66g0TCIyt7fyn8ZMDFSRJwwYd5t8n-vANAogO____________AbAOi_WD-xi4E-QD2BML0BUByhYCCgD4FgGAFwGyFxAYASoKMjQ0OTY0MDA0MVAGuhcCOAGqGBcJAAAAAMDXFUESCjI0NDk2NDAwNDEYAbIYCRIC6FkYLiIBAdAYAegYAcIZAggB&ae=1&gclid=EAIaIQobChMImtTt_KfxkwMVJEnDBh3m3yf6EAEYASAAEgJIxfD_BwE&num=1&cid=CAQS0AEABaugfYK7yJZMyB9JqS1jvffUDFRLNwOqLmyzTqVkan0RA-zpElxJ-WmxTrYNBSl5wrlegkJTOKHkAJs26Yo25vBdUQYVMYTGrvGAnLAY9x8uefUXdpNJq0eK5U5cxVxGgP5p2v05cZ7lcvEiuYdvZtXIG2nkP3HFofJy3XMgAZf87eJRZoYogAy7dR_3p6s0C8OSYiXearXs4xn22cbjLzdOI7JFHmA7Gzg7xRi9diCG6Xo2VesxfaBCnlyG11C82IIS_t9cAl5Z9JFo5UeeGAE&sig=AOD64_0p-69t8OQecVdPoqn_8FOKW8jAHQ&client=ca-pub-4069693291391267&rf=4&nb=9&adurl=https://bestdates.com/land/sp/8e04bfb1%3Fpartner%3Dadw_bestdates_ua2%26campaignid%3D23754647999%26gclid%3DEAIaIQobChMImtTt_KfxkwMVJEnDBh3m3yf6EAEYASAAEgJIxfD_BwE%26adgroupid%3D6700464779%26targetid%3D%26network%3Dx%26device%3Dc%26devicemodel%3D%26loc_int_ph%3D21142_1028665%26matchtype%3D%26target%3D%26keyword%3D%26creative%3D%26placement%3D%26campaign%3DAW_Bestdates_Worldwide_All_PerfMax_pLTV_NewU_golf_Default_segmb55_include_15Appr%26group%3D%26banner_type%3D%26asset_type%3D%26gad_source%3D5%26gad_campaignid%3D23754673832%26gclid%3DEAIaIQobChMImtTt_KfxkwMVJEnDBh3m3yf6EAEYASAAEgJIxfD_BwE,https://bestdates.com/land/sp/8e04bfb1/?partner=adw_bestdates_ua2&campaignid=23754647999&gclid=EAIaIQobChMImtTt_KfxkwMVJEnDBh3m3yf6EAEYASAAEgJIxfD_BwE&gclid=EAIaIQobChMImtTt_KfxkwMVJEnDBh3m3yf6EAEYASAAEgJIxfD_BwE&adgroupid=6700464779&targetid=&network=x&device=c&devicemodel=&loc_int_ph=21142_1028665&matchtype=&target=&keyword=&creative=&placement=&campaign=AW_Bestdates_Worldwide_All_PerfMax_pLTV_NewU_golf_Default_segmb55_include_15Appr&group=&banner_type=&asset_type=&gad_source=5&gad_campaignid=23754673832&id_visit_prev=72f5d1e1-8e1e-459e-b89a-c2a0c41b691d#c3RlcDA=,yes,yes,yes,yes,yes
1060,https://www.googleadservices.com/pagead/aclk?sa=L&ai=CkOlkoXjfabS3Cf2d3NMPzLWSuAONysyshgGxnb6ijhW2kB8QASCHrp-mAWDNwNCPrAOgAevzgoYDyAEBqQLqHvTJpueKPuACAKgDAcgDywSqBOICT9CpvuIazxprtaYeNl7PcMRZYUGKmNmjfUKV9v4IpmjcjRs5-vlSvWIfYwajFmCzUIwtHFg69fF5ZzPuxIxsWd8E6pPRo_Nr5mDFdIxtBzGsWllJschJMNaFVtZkHVjTGJ59ywgauhfCseqsD8tliAJMSdGwabgEQKWt7TbNd_IzBCeJpDqmOsIOhXL4fMXznvXAcouTG5W_Fo2NaL-nVpxO-QeTEF0HHqsNzIgoDYK490B15pBi5gqweU4vg-v5dsqpk1ujdwam7wAeZg_ZCBNG7Y9U4U4OoEZ3Fo2IZBQQkStAAfjyFa6vpA3RIzOZqqOyJcMVfZ82V9q8xWElj6rZ7u11rTiQQzbIciqx74yRqYzXmG3vwLA6_i9F2TdH9lcju_49M-LAtGJd3T3iDOo0_P2I9aDbuWuSd6fcOPvVHZUvYzwDG_JTQNnl9bA0_Qtl93vL5Pm-jyIka4Y03rz6wASLoamCzgXgBAGIBf3wg5xWgAf9i_15qAenzLECqAemvhuoB8zOsQKoB_PRG6gHltgbqAeqm7ECqAeOzhuoB5PYG6gH8OAbqAfulrECqAf-nrECqAevvrECqAea4bECqAfVyRuoB9m2sQKoB5oGqAf_nrECqAffn7ECqAf4wrECqAf7wrEC2AcB0ggvCIBhEAEYnQEyCIqCgICAgIAIOg2AQIDAgICAgKiAAqgDSL39wTpY2q-hs-LvkwOxCa2ZRtOYFpUHgAoDmAsByAsBqg0CQlLIDQHiDRMIodWhs-LvkwMV_Q53BB3MmgQ36g0TCJLjorPi75MDFf0OdwQdzJoEN_ANAogO____________AdgTDYgUAdAVAcoWAgoA-BYBgBcBshcQGAEqCjMzMDAxMTU2MzNQBroXAjgBqhgXCQAAAADg5uhAEgozMzAwMTE1NjMzGAGyGAkSAq1RGAEiAQDQGAHCGQIIAQ&ae=1&gclid=EAIaIQobChMI9Iuks-LvkwMV_Q53BB3MmgQ3EAEYASAAEgKYGPD_BwE&num=1&cid=CAQS0AEABaugffV_RMrPR4XjSWyVJ7AuunGUR6QbBdaPbgOU5MDafc2vkom6rf98L8vAlgibK_3-jSu4HbB7sBP7m3VdvIthEkl1fMGWtRFqTfLgObi1Ex1WgpJNOteZ1NChEi84g9eUY_be7BdRSXyDDZXuY6_p7PhKaN-uYjVvKq4Ixiu_0kXPP3NOQtD0ZrvCKlrZmdAjBlpKhDSbHX1IPiHMGNSB-wJXLrOoZj5XwzG5YxUGQwq5JnotpI1w80pGOOfclKP70WKHV-qO2qjap4jwGAE&sig=AOD64_2yF3KbWqIM97fzgDPTgpMFbEUBag&client=ca-pub-1277376307232638&rf=1&nb=0&adurl=https://www.rupolomoveis.com.br/%3Fgad_source%3D5%26gad_campaignid%3D23144233085%26gclid%3DEAIaIQobChMI9Iuks-LvkwMV_Q53BB3MmgQ3EAEYASAAEgKYGPD_BwE,https://www.rupolomoveis.com.br/?gad_source=5&gad_campaignid=23144233085&gclid=EAIaIQobChMI9Iuks-LvkwMV_Q53BB3MmgQ3EAEYASAAEgKYGPD_BwE,,,,,
901,https://www.googleadservices.com/pagead/aclk?sa=L&ai=CYdr0cmXgac6lOOqwgeAPzonL-A768rjeeYPOkq-aE8fwuOHcEBABINOx301gx9X_jYQmoAGTkai_AcgBCeACAKgDAcgDSKoEzQJP0E0k5xbtUCUVgP9ZJ3WgPDVdb6xW1AZKIS0gGtuMbAIT7viSfZIuVWwfGSISZsHXK3qoXBy-aSHXotWAKifYWfpBUrOtzbhygPvX-TF_Nb6wwy9jE7Fued3MTVoTTS4NgZAjiX5ajoARWas3S3Rlgd1EWFbc5Zkkxq0vIH3McFiSfNCCQnaGUqLpk5UWyYuyBxJu9Sx6Z81ZKxoTZ9oUuQKZz9HGJnxPw10-hzzGnazLQWiq7MhlegxKQHBVH7FUHRMCuOckmozCz4viJ7fNVMBYSF-l-P0DdHQeXxSn5aY9tnA_8Vmq6-kCwn-l-Nwpz5q9nFkNT8NOazx_MWVN-MNlcGwxha-MNaTK-OPdtXT5j2ZCKIDmXfpLxN8x3Sn3mux9HuUsuDLNiR8Kc9CnA9JwL6--1W6QIV4Wpf9xzue1G_fJmfSpwHY8j_rABK-j4vvsBOAEAYgFuJvPwVCgBi6AB9Xu18ACqAenzLECqAfi2LECqAemvhuoB8zOsQKoB_PRG6gHltgbqAeqm7ECqAeOzhuoB5PYG6gH8OAbqAfulrECqAf-nrECqAevvrECqAea4bECqAfVyRuoB9m2sQKoB5oGqAf_nrECqAffn7ECqAf4wrECqAf7wrEC2AcA0gguCIBhEAEYHTIIioKAgICAgAg6DYBAgMCAgICAqIACqANIvf3BOljbx8afxPGTA7EJ6ypUSdpDVtSACgOYCwHICwGADAGiDAOQAQGqDQJaQcgNAeINEwiCj8efxPGTAxVqWAAGHc7EEu_qDRMIuKzIn8TxkwMValgABh3OxBLv8A0CiA7___________8BohNLCi4IA0ABUggKBhIECAEQAXIeEhwgAigBOAJAuJvPwVBYAWj-__________8BmAEDGhkKF2NhLXB1Yi03NzMyNjc5ODc0NzUyOTE52BMN0BUBmBYByhYCCgD4FgGAFwGyFxAYASoKNDU0NzQwNzIyMFAGuhcCOAGqGBcJAAAAAKhKB0ESCjQ1NDc0MDcyMjAYAbIYCRICt1AYLiIBANAYAcIZAggB&ae=1&gclid=EAIaIQobChMIzqbzn8TxkwMValgABh3OxBLvEAEYASAAEgLU4PD_BwE&num=1&cid=CAQS4gEABaugfQqh79u33l3U4YzUUZHy6gHS5Jwh_v4ayhfQs7eeePrnSuPwtEKvoKDJYMQcvrAkl2rRVd52RMtRWrix0aOPWgZdspm-6yu9oRvSjPF4OK77XkFznoS8gCvrLqTFH008bkJOpCOx3MEuAg38xIKYnjN5EDEROTT9q2RxJgsUEWcQB5k9JVFqJmuD_5G6BjmTHeExjdDiJkqWUzILMdZIYelHc-_QUb5XvnwneelxUIdbX3N3s9NTJm0zWdJashwEya052D13V7nsvWx4Fwpsadq9_UD05FQzz7gQPl9QGAE&sig=AOD64_3QnLGIavip5_timVqlq-iTxTxvzQ&client=ca-pub-7732679874752919&rf=1&nb=25&adurl=https://efactor3.com/%3Futm_medium%3DGoogleAds%26utm_campaign%3DGoogleAds_Remarketing_Generic%26utm_term%3D%26utm_source%3Dadwords%26hsa_acc%3D4457173943%26hsa_cam%3D21612449208%26hsa_grp%3D166689542575%26hsa_ad%3D710496670033%26hsa_src%3Dd%26hsa_tgt%3D%26hsa_kw%3D%26hsa_mt%3D%26hsa_net%3Dadwords%26hsa_ver%3D3%26gad_source%3D5%26gad_campaignid%3D21612449208%26gclid%3DEAIaIQobChMIzqbzn8TxkwMValgABh3OxBLvEAEYASAAEgLU4PD_BwE,https://efactor3.com/?utm_medium=GoogleAds&utm_campaign=GoogleAds_Remarketing_Generic&utm_term&utm_source=adwords&hsa_acc=4457173943&hsa_cam=21612449208&hsa_grp=166689542575&hsa_ad=710496670033&hsa_src=d&hsa_tgt&hsa_kw&hsa_mt&hsa_net=adwords&hsa_ver=3&gad_source=5&gad_campaignid=21612449208&gclid=EAIaIQobChMIzqbzn8TxkwMValgABh3OxBLvEAEYASAAEgLU4PD_BwE,,,,yes,
1194,https://www.googleadservices.com/pagead/aclk?sa=L&ai=Cv2RypTbfaYOcMdW3geAPjrLHKc_Gx7yGAZHc5IeZFamw3-awRxABIJS5qCFgleKQgqAHoAGk8pb0A8gBBqkCfNlce6TEsz7gAgCoAwHIAwqqBLwCT9CSoyY_hj63FS5usjk6jtUHS5RqRT8unwZh2b03eMhEdehEwDLXsuG-RH44IsOVoORGEATFabJEczs8AvxWuwjkQvmE7f-D-Y5cZr2qMA77xWFrW20larWPUuzpsDIVxn2CQvuz28TOSJUaGLMvHXIfclqD3ev0tMzItC-tea0odNGlPiIbkCh4UB4NNAcuJgmwX6IZ71nzjuRB6MldP6ZmAsV8c9E_g2JdOzQI1VUAsr-oGL8xVac9Syh9n7BBLDe4M27XB5yCAGdhXAR7Rvr6dYUd5K7D2Hc_jvA4oxM_-y8WuojHY_HVOgZzO0N2rLwwae7B5MN77JRs_eq-6bcq4feVYirz8SrQrDfOReGW03rx1bvBym8l0x_WIsTWJmS6jrYfu0n8vS9STlP-huOeJAbGSvT_gIvptMAE8tXs0cUF4AQBiAWG9K7aVqAGN4AHxI3pC6gHp8yxAqgHpr4bqAfMzrECqAfz0RuoB5bYG6gHqpuxAqgHjs4bqAeT2BuoB_DgG6gH7paxAqgH_p6xAqgHr76xAqgHmuGxAqgH1ckbqAfZtrECqAeaBqgH_56xAqgH35-xAqgH-MKxAqgH-8KxAtgHAdIIMgiA4YAQEAEYnQEyCKqCgICAgIAIOg6AwAOAgISAgJSIiAKoB0i9_cE6WPOn7Lyj75MDsQlFSOrqu2nhjYAKA5gLAcgLAaoNAkRFyA0B4g0TCNLe7Lyj75MDFdVbAAYdDtkxBeoNEwiEqu28o--TAxXVWwAGHQ7ZMQXwDQKIDv___________wHYEw7QFQHKFgIKAPgWAYAXAbIXEBgBKgo2NzA0NTIxNjA2UAa6FwI4AaoYFwkAAAAAjlUjQRIKNjcwNDUyMTYwNhgBshgJEgKBTxg3IgEA0BgB6BgBwhkCCAE&ae=1&gclid=EAIaIQobChMIw4LuvKPvkwMV1VsABh0O2TEFEAEYASAAEgJPmfD_BwE&num=1&cid=CAQSgwEABaugfQ6GPOSSxStvFFHB1ehckvYLqhfyoyrwY7sHOvK1y56P3vi0YpZZidhtX18tn7A69f_ZKsv-xo2EPqdWvHNZlELfDKn0uqOn25h2pnY2RNu7E7tGofWbZVzGst2aUP7P93XyAWDnFFCOdON3lKPAGpJoCMNCwIoeKuRWL2RrmxgB&sig=AOD64_3ShCIAG1v5rOQ8S9J7Ts8TRExVVw&client=ca-pub-4649506106662644&nx=CLICK_X&ny=CLICK_Y&uap=UACH(platform)&uapv=UACH(platformVersion)&uaa=UACH(architecture)&uam=UACH(model)&uafv=UACH(uaFullVersion)&uab=UACH(bitness)&uaw=UACH(wow64)&uafvl=UACH(fullVersionList)&nb=9&adurl=https://www.duratent.de/faltpavillons/%3Fgad_source%3D5%26gad_campaignid%3D23274961414%26gclid%3DEAIaIQobChMIw4LuvKPvkwMV1VsABh0O2TEFEAEYASAAEgJPmfD_BwE,https://www.duratent.de/faltpavillons/?gad_source=5&gad_campaignid=23274961414&gclid=EAIaIQobChMIw4LuvKPvkwMV1VsABh0O2TEFEAEYASAAEgJPmfD_BwE,no,no,no,no,no
926,https://www.googleadservices.com/pagead/aclk?sa=L&ai=C3vI370bgafvwI5OAjeYP8bKlEbahhpGFAfz2zpqGEtzZHhABIM2ejxhgx9X_jYQmoAH41NP3A8gBCakCsl9T4gfEtj7gAgCoAwHIA0iqBMICT9CNWWZ_nbYu3o1gZs5ott_p7kegkVq5c3CFbkHTa4c8ZsTf4MSDcsddxJ9j7RzwYwCfV8cDUJKds_I8GNw779cKPcoqIX2MA2ZMCBAOKbr5YLE988zTqpOfhog80Y-zQK7MBrNJX8NiVklFMU4zsYsnWLJ5NrU1lvN7TkweFcFeg3ygqEVGgayLRICRW9YziO73YNZh0MyR8HLBhaMDBhCbI9YuY6tKjnCbZmi1paVlzWbWi1auYgcGmOI2m9AEG3nzPQgCvrJ1VkPZFQfQASHN3AYflfBoX75HyoKWo-xE7RKPTyoXeQZ-6aG3F1zRPAF9QQrjm_YAKRC6LmFriHpDKH4t3judALu9N6mlYP8l6k3OTuCU1oMlcHNv2XNjzuCY0R9FelEnIiM-W1TXJ0JjxQcG9IjzWwwzXfSrFrngsMAE0vHcjNkE4AQBiAWkyqaGI6AGLoAH8KqsCKgHp8yxAqgHpr4bqAfMzrECqAfz0RuoB5bYG6gHqpuxAqgHjs4bqAeT2BuoB_DgG6gH7paxAqgH_p6xAqgHr76xAqgHmuGxAqgH1ckbqAfZtrECqAeaBqgH_56xAqgH35-xAqgH-MKxAqgH-8KxAtgHANIILgiAYRABGB0yCIqCgICAgIAIOg2AQIDAgICAgKiAAqgDSL39wTpYgsSTk6fxkwOxCeckfM3IkuwMgAoBigrCAWh0dHBzOi8vbW9uaXRvci5sdW5pby5haS92My4wL3RlbXBsYXRlP2FjY2lkPTE0NDU3JnVybGRlY29kZT0xJmt3PSZtdD0mbnc9ZCZjcG49OTQwODQ1NTk3MiZkZXZpPWMmZGV2bT0mbG9jcD0xMDI4NjY1JmxvY2k9MTAwNjg4NiZwbD13d3cubWFub3JhbWFvbmxpbmUuY29tJmNyPTY4OTQ2NjQ1OTUxOCZhZHA9JnNhZHQ9JnVybD17bHB1cmx9mAsByAsB4AsBgAwBqg0CWkHIDQHiDRMIk-eTk6fxkwMVE0DDBh1xWSkC6g0TCJv1lJOn8ZMDFRNAwwYdcVkpAvANAogO____________AdgTCtAVAcoWAgoA-BYBgBcBshcQGAEqCjExMjUwNjIwMjJQBroXAjgBqhgXCQAAAAA4FBtBEgoxMTI1MDYyMDIyGAGyGAkSAoZUGC4iAQDQGAHCGQIIAQ&ae=1&gclid=EAIaIQobChMIu6SVk6fxkwMVE0DDBh1xWSkCEAEYASAAEgKyCfD_BwE&num=1&cid=CAQS0AEABaugfeRBvXKahlq1DsIv9YusYM5dl-ZIec2x9ch45jcXdmDAOfyi9C_sjenHNAenU4vbD0LBRkB-4h6-M77GoynVNFaNKS_cm2PQ4xP07jHbvtx0FsH2XQqiff9ue2CMtargClKWBfnDL1rvegpEqjY4tHqDxblmDkOLNp66VHQOJrRsVJx9VV_GQScz-1LEl_JpeDQiRaPv9NRtQcVFLW1seLPqFaA9gyd1teEXdudXMeSsTTIipRUtUt4I5uotXIE31H5ov_3-uhmaSWeSGAE&sig=AOD64_1EUAFiyJ-35ZGHEE-Nv9-N4pjIRg&client=ca-pub-4075694933314520&rf=1&nb=25&adurl=https://www.firstintuition.co.uk/programmes/acca/%3Fgad_source%3D5%26gad_campaignid%3D9408455972%26gclid%3DEAIaIQobChMIu6SVk6fxkwMVE0DDBh1xWSkCEAEYASAAEgKyCfD_BwE,https://www.firstintuition.co.uk/programmes/acca/?gad_source=5&gad_campaignid=9408455972&gclid=EAIaIQobChMIu6SVk6fxkwMVE0DDBh1xWSkCEAEYASAAEgKyCfD_BwE&gclid=EAIaIQobChMIu6SVk6fxkwMVE0DDBh1xWSkCEAEYASAAEgKyCfD_BwE,,,,,
1090,https://www.googleadservices.com/pagead/aclk?sa=L&ai=CF5Dty-_eaZGRI9nvjeYP8bHdqATK6aOUgAGuiJ2-tBTa_8SNsxAQASDHx58jYIkDoAHts9-JA8gBAakCgZeWKj3ppz7gAgCoAwHIAwiqBLQCT9DmzjzUV22DrG5Q4nHK2rlBYpNU_c2NQxbEIP53J_p61ZetPKyxCoOzGVVedrF449iJAbJpnuKYtBlzY7tixpyGS-q8MnmPcc5hYOjaaZfqsTPsg9g9WhbYDkZpp2w1N2ENbfubowjVIdXlARMouXStP201Attg8GLzszU4XgTcQ2v9a3mzeXh2sB-7HDRYqpvAMTpAl9y8H8_2RJUmzYiTH_VEnStUIndpGVPWu-ZwAywqMzOc4zBzzJ3R9n5wvhTo-2uoaV6jW-UcroH_zqU8Jpywxq5Hhgg0CU1Oq3lNOvlzKiZlMG89Wf5U53QEdxXJlNrIFt3HsPknqL3lAIQYLmlKB0uwo7a97TIq3el31QzGsf1GvMaO7SSs5ksR3ofbEP3-iWkiq5GChILAnIb33hnABOyEtvGsBeAEAYgFgIySo1WgBgKAB_vLoHaoB6fMsQKoB-LYsQKoB6a-G6gHzM6xAqgH89EbqAeW2BuoB6qbsQKoB47OG6gHk9gbqAfw4BuoB-6WsQKoB_6esQKoB6--sQKoB5rhsQKoB9XJG6gH2baxAqgHmgaoB_-esQKoB9-fsQKoB_jCsQKoB_vCsQLYBwHSCC8IgGEQARidATIIioKAgICAgAg6DYBAgMCAgICAqIACqANIvf3BOljBle7z3-6TA7EJaz51M5gXsluACgOKCtcBaHR0cHM6Ly9zdXBhZ2FzLnJ0cmsuY29tLmF1Lz9zY2lkPTM3Mzk0OCZwdWJfY3JfaWQ9Mjc3NzMwMyZmdXJsPXtscHVybH0mcmxfcmVkaXI9aHR0cHMlM0ElMkYlMkZ3d3cuc3VwYWdhcy5jb20uYXUlMkZjYXRlZ29yaWVzJTJGX21lZGljYWwtZ2FzZXMmcmxfcmVkaXI9aHR0cHMlM0ElMkYlMkZ3d3cuc3VwYWdhcy5jb20uYXUlMkZjYXRlZ29yaWVzJTJGX21lZGljYWwtZ2FzZXOYCwHICwHgCwGiDAOQAQGqDQJKUMgNAeINEwjJs-7z3-6TAxXZd8MGHfFYF0XqDRMI8u7v89_ukwMV2XfDBh3xWBdF8A0CiA7___________8B2BMDiBQB0BUBmBYByhYCCgD4FgGAFwGyFxAYASoKNTg1NTEwMjgyOVAGuhcCOAGqGBcJAAAAACw5LUESCjU4NTUxMDI4MjkYAbIYCRICkk8YAiIBANAYAegYAcIZAggB&ae=1&gclid=EAIaIQobChMI0aLw89_ukwMV2XfDBh3xWBdFEAEYASAAEgI9gvD_BwE&num=1&cid=CAQS0gEABaugfSML3wGsSRf-BOZ4wBQsFLOweuKPeuk3gV2c_31tyqLGjhC1dbWjRjnAPfpqGmHoC5Pj0_muFnFsZ9rKrZoAjp1NDXOwdYroOFrQo6NA0vMw7HpQlK6ZORTBRf0vAckPmDNTzWlBELINjnPB_Z5oysvv4vov6nYUjDRnZqTTAd6RvRbvWRmRm_wYN7YhIrOuQDhGIlvFtxXNeu-yQvgtEViDauOn7z2W6u_qr9UP_tnDP4jNKWCU5383Fr2xqZQ2_CYSSfFstpEHleENtg0YAQ&sig=AOD64_3CBUZiIpYjR-V4Mnwru9T6_LQF2Q&client=ca-pub-1481019754184955&rf=4&nb=2&adurl=https://www.supagas.com.au/categories/_medical-gases%3Futm_source%3DRL%26utm_medium%3DDisplay%26utm_campaign%3DMedicalNewSouthWales%26cid%3D587374%26scid%3D373948%26gad_source%3D5%26gad_campaignid%3D22890710528%26gclid%3DEAIaIQobChMI0aLw89_ukwMV2XfDBh3xWBdFEAEYASAAEgI9gvD_BwE,https://www.supagas.com.au/categories/_medical-gases?utm_source=RL&utm_medium=Display&utm_campaign=MedicalNewSouthWales&cid=609814&furl=https%3A%2F%2Fwww.supagas.com.au%2Fcategories%2F_medical-gases%3Futm_source%3DRL%26utm_medium%3DDisplay%26utm_campaign%3DMedicalNewSouthWales%26cid%3D587374%26scid%3D373948%26gad_source%3D5%26gad_campaignid%3D22890710528%26gclid%3DEAIaIQobChMI0aLw89_ukwMV2XfDBh3xWBdFEAEYASAAEgI9gvD_BwE&gclid=EAIaIQobChMI0aLw89_ukwMV2XfDBh3xWBdFEAEYASAAEgI9gvD_BwE&pub_cr_id=2777303&scid=373948&tc=177635366324513,,yes,yes,yes,yes
898,https://www.googleadservices.com/pagead/aclk?sa=L&ai=Cd2N40mPeabmCKsvejeYPsNKfqQbI55i9hgHctvis3hW_4R4QASDE8qQ5YImLxIT0E6AB_6uEjQPIAQmpAnpFoHHJCjs-4AIAqAMByAMKqgTIAk_Q3QaDPLL8LaUljOdFEoCew6e4_3sOe3ncKeGsrAgWRI7MJbxpOvFo-IXKVnjuWRFb4mn4oY2bszhJTW2cCxkOrohFcD8-8q0_uuW-aaQ6rfIXeku6Q_ti8MGYr_aS8oavD9hGypouTt8CgrSq1os-cWN2GFYsuumsKT5M6Obua6gxQkli_wjBuuNvEVB6pnWIO_6zOnpMOVbJiXGESHWahXJQ6fkj2zyY6e2NFpDazJLXIcjLnaH7TRQoxXb1OY6pL6ZjuHtNp4KdMteMJxMOD5V__3W6dkjNrJkzXBkHYfhg_Api8_3kFdxinIXN-BBkRCsZmKoFYA9ONutRm7LSvpsFR5_daVK90APD3vuc1HGe9QevSV7G7XkKIENtoGvbjBbJscV7JQKuC1YYSypQEvaRS7s_pMNRLIgumiqJhXi3c_ByyrnABLfdteXXBeAEAYgFucbDsFigBi6AB-nT-3KoB6fMsQKoB-LYsQKoB6a-G6gHzM6xAqgH89EbqAeW2BuoB6qbsQKoB47OG6gHk9gbqAfw4BuoB-6WsQKoB_6esQKoB6--sQKoB5rhsQKoB9XJG6gH2baxAqgHmgaoB_-esQKoB9-fsQKoB_jCsQKoB_vCsQLYBwDSCDIIgOGAEBABGJ0BMgiqgoCAgICACDoOgMADgICEgICUruADqAdIvf3BOljuz7O12u2TA7EJnGoRYXgEjPGACgOYCwHICwGADAGiDAOQAQGqDQJKUMgNAeINEwjCgbS12u2TAxVLb8MGHTDpJ2XqDRMI-O-1tdrtkwMVS2_DBh0w6Sdl8A0CiA7___________8B2BMNiBQC0BUBmBYByhYCCgD4FgGAFwGyFxAYASoKMTcwMDQyNjk3NlAGuhcCOAGqGBcJAAAAAPAK_UASCjE3MDA0MjY5NzYYAbIYCRIC41kYLiIBANAYAegYAcIZAggB&ae=1&gclid=EAIaIQobChMIubO2tdrtkwMVS2_DBh0w6SdlEAEYASAAEgKlu_D_BwE&num=1&cid=CAQScAAFq6B9vbzVjkRN1eCi-VyCTWdR7xpxLN5cQibzqTEgYMWBkHcZ15UqGqr6LWOiif1YTMP29A4_RZxqN2DMHmPV9UQ-HB7tFfF6wS4mn_WWDDfsLSv__w3SmxTAOkwIlYhYeGUx0juA7xlmLFQPk10YAQ&sig=AOD64_23AFOF2XEWpaN_jOFfeDfxVXzlgQ&client=ca-pub-9508825025323605&rf=4&nb=9&adurl=https://mvno.freebit.com/iot-lp/%3Fmid%3D6193119954468864%26ad%3D2LFJXxNlJKI%26kbp1%3D23724090169%26kbp2%3D195365269175%26kbp3%3D803622802294%26mm%3D_%26saf_src%3Dgoogle_d%26saf_pt%3Dwww.leparisien.fr%26saf_kw%3D%26saf_dv%3D%26saf_cam%3D23724090169%26saf_grp%3D195365269175%26saf_ad%3D803622802294%26saf_acc%3D2629910488%26saf_cam_tp%3Ddisplay%26gad_source%3D5%26gad_campaignid%3D23724090169%26gclid%3DEAIaIQobChMIubO2tdrtkwMVS2_DBh0w6SdlEAEYASAAEgKlu_D_BwE,https://mvno.freebit.com/iot-lp/?mid=6193119954468864&ad=2LFJXxNlJKI&kbp1=23724090169&kbp2=195365269175&kbp3=803622802294&mm=_&saf_src=google_d&saf_pt=www.leparisien.fr&saf_kw=&saf_dv=&saf_cam=23724090169&saf_grp=195365269175&saf_ad=803622802294&saf_acc=2629910488&saf_cam_tp=display&gad_source=5&gad_campaignid=23724090169&gclid=EAIaIQobChMIubO2tdrtkwMVS2_DBh0w6SdlEAEYASAAEgKlu_D_BwE,,,,,
1246,https://www.googleadservices.com/pagead/aclk?sa=L&ai=CeIyCvGHgaY--ApSxgeAPzsnOoAOouMT3ggG2rPOHtAv5pqz8kw4QASDenax1YMfV_42EJqAB847j1QPIAQHgAgCoAwHIA8MEqgTOAk_QWUNQ6JGyXIhf7XJ87rZ0PEE3vQ_2BR9dqIHzERcCnPyXSKid1ODOAviZKF7c7NnZZrNt4fU8O0Dj9wftU-lnP0TRN_TJDROca5dG3IX8mPv-Ra9IkPMCN6AbhqKlCjmQM3gtJBKqUmgyLvEuo0f-_Py8gvUiCBuwF9LfkHe7wSkrYa6pqXTYlOrbwOI2Kvm6UGgegnOLhzcuks_-ZwIkpxO72K2vRQBtzaUOPPYqDOoANUv4S6IONYUy9x_JU-0syVmjsJCAJyyANC36u_6nqQYly3cIAED_Y9WhSGMVTiGSvjb_HKAWJoMpm9eavHT0-GMePgkPRpaQDAI8T3f3ejcq4PSfwaWjy_ILTEej7NR65wYu2Cxe8Q49Q9HtPtsjGCq7p5bFGOrGDQievRLmZT5hoarM0nC0il4c7ZRe6nUKSva-5zgkqi8aBa3ABIaPkujpAuAEAYgF8dDAtiSgBlGAB_XwnCqoB6fMsQKoB6a-G6gHzM6xAqgH89EbqAeW2BuoB6qbsQKoB47OG6gHk9gbqAfw4BuoB-6WsQKoB_6esQKoB6--sQKoB5rhsQKoB9XJG6gH2baxAqgHmgaoB_-esQKoB9-fsQKoB_jCsQKoB_vCsQLYBwHSCC4IgGEQARgdMgiKgoCAgICACDoNgECAwICAgICogAKoA0i9_cE6WMe4rdrA8ZMDsQnkEX6Y6FpmQoAKA5gLAcgLAaoNAlpByA0B4g0TCKDardrA8ZMDFZRYAAYdzqQTNOoNEwjd3K7awPGTAxWUWAAGHc6kEzTwDQKIDv___________wHYEwyIFAHQFQHKFgIKAPgWAYAXAbIXEBgBKgoyODkzNzU3MTUyUAa6FwI4AaoYFwkAAAAAYN_6QBIKMjg5Mzc1NzE1MhgBshgJEgLeTxhRIgEA0BgBwhkCCAE&ae=1&gclid=EAIaIQobChMIj4y-2sDxkwMVlFgABh3OpBM0EAEYASAAEgKqo_D_BwE&num=1&cid=CAQS0QEABaugfRDlx68gMmHAcHfT6z6tbMyYCn5lQtMCa4quv0KjO2MwJcS-_Q_A5pRE6zX61LKyO0MNhwNB-xtuAj40VJn6oo6OXt9neTCu7clgf3nEF8CaERwPZq0oSBOtibQTkoWXAIXV38ejv7RVxwQ2MqGeEVL9jQHFb0mXR3pbtvXO0ptETIvBcFiTwj9u14OI5QbSNyXC0Adt07OtuoUso1dYjtcIx-fsjilre0Z9DVgpvGow3jo6tpQ5mqbFuyGaMiG64ry09e4M_EYlamj5ghgB&sig=AOD64_0gPdRQWdDDNaBseRdtMyG3m18S2Q&client=ca-pub-7209808242714184&adurl=https://www.velgenwheels.com/collections/forged-series%3Fgad_source%3D5%26gad_campaignid%3D9777981553%26gclid%3DEAIaIQobChMIj4y-2sDxkwMVlFgABh3OpBM0EAEYASAAEgKqo_D_BwE,https://www.velgenwheels.com/collections/forged-series?gad_source=5&gad_campaignid=9777981553&gclid=EAIaIQobChMIj4y-2sDxkwMVlFgABh3OpBM0EAEYASAAEgKqo_D_BwE,,,,,
1112,https://www.googleadservices.com/pagead/aclk?sa=L&ai=CJPRk_1feaaXkMK-AjeYPxpv0yAGdy-COhgHM29OdgxawkB8QASD6qYoXYImLxIT0E6AB_KLNiQPIAQmpAmGJpaSwBDs-4AIAqAMByAPLBKoE8wJP0ChQl8w0Xm_FevRMmcmNMaE6AHjre1W9mWlk9N7L4MHt8uNnugelsJTtbaHRFHGJmh-l9LV3Qx_E6_Mv-ADWwv4zDJAUaIqPeAgggPx_6Swx2snwuezyxqp0T-E16qiFwvUxJ2Qv45EhahEcGUV384Cl60KsNQF-a6GtPGOhl8vN0sU93KV-e0tJXOAOBrWmrD57ti00Xi43FjDKvRUDwrhSYhv4C-WdeHcKcOmbDB-Shtq6dRlgdsoFCldpB_w3nBWnXQIXdeUUEPVa4mhyzFUsvafHyfeECm8PYLUlj7HOSjyHl2Tt-F5ioqsiz_u7KN1omHKdfbwfdshQoMTU3DnLPLiwVmi6rYWdGefy_8E5VZY4BNTsZPEpdizfxHzUtiQuLosN-1VzOpYeYcW2moCNR2de77mhWt-YEStd5lhz7ogNMqPl-xDHqwdPc7WlqfjMDD9xJ1O1jtXiJIJaAAIhh_jZ2f0mbxX2p9YtBtsg2sAEtNKZwegF4AQBiAXq7KeiWKAGLoAH7NyydqgHp8yxAqgHpr4bqAfMzrECqAfz0RuoB5bYG6gHqpuxAqgHjs4bqAeT2BuoB_DgG6gH7paxAqgH_p6xAqgHr76xAqgHmuGxAqgH1ckbqAfZtrECqAeaBqgH_56xAqgH35-xAqgH-MKxAqgH-8KxAtgHANIILwiAYRABGJ0BMgiKgoCAgICACDoNgECAwICAgICogAKoA0i9_cE6WIjliJLP7ZMDsQldy0K4Dooxh4AKA5gLAcgLAYAMAaoNAkpQyA0B4g0TCOOUiZLP7ZMDFS9AwwYdxg0dGeoNEwjbmYuSz-2TAxUvQMMGHcYNHRnwDQKIDv___________wHYEw3QFQHKFgIKAPgWAYAXAbIXEBgBKgo5MzMyNzkyOTA2UAa6FwI4AaoYFwkAAAAAgE3fQBIKOTMzMjc5MjkwNhgBshgJEgKxXxguIgEA0BgB6BgBwhkCCAE&ae=1&gclid=EAIaIQobChMI5d-Lks_tkwMVL0DDBh3GDR0ZEAEYASAAEgIH0vD_BwE&num=1&cid=CAQS0QEABaugfSTFUKyZGfQ8MfZGNQ3gkYAxHJt1bmdm2mQFhTXiShaEx_MRnA-vdgmvC3ZifhlqDqlmUg6VtsGyFW64_codg_oINnotemOl8YFUKBVXazZCDXpmi0wyxPTLutFl6S-dhguQqzmNCqXKzoqE2POsVbu566MOkNCcV93VAuqIegkkztaUeoPcxGs9v2rr5t4eeC4WjGuW4BgF9WmUvuI7LxLzOpYE4kVh_KPV51YmUTmHCoCJKW_EWaTm_usjDqsrq74vim7qS-CATc8FkRgB&sig=AOD64_0Dzyb-G28Mk-85psXJTXk33VFD8w&client=ca-pub-5405132603504384&rf=1&nb=9&adurl=https://kartie-cloud.jp/karte/%3Futm_source%3Ddisplay%26utm_medium%3Dpaid%26utm_campaign%3D2508-A04%26gad_source%3D5%26gad_campaignid%3D23694276202%26gclid%3DEAIaIQobChMI5d-Lks_tkwMVL0DDBh3GDR0ZEAEYASAAEgIH0vD_BwE,https://kartie-cloud.jp/karte/?utm_source=display&utm_medium=paid&utm_campaign=2508-A04&gad_source=5&gad_campaignid=23694276202&gclid=EAIaIQobChMI5d-Lks_tkwMVL0DDBh3GDR0ZEAEYASAAEgIH0vD_BwE,,,,,
981,https://www.googleadservices.com/pagead/aclk?sa=L&ai=CHTcTx0fgac7rDfSA3NMP69SJsQar15fjhAHQhYmjoxXc2R4QASCj_sIfYMfV_42EJqAB1fSuowPIAQKpAowlgW3Pl3w-4AIAqAMByAMIqgTaAk_QryK3L1Dx0QLJwH4FPJyBsg_tN4gwZd3WrnkTb0v26UoX8yJXfRRqOuMXQPgep9s4zsj6tqvuOju8ecdWQpSLbWFFsLKixBZaoQzeWaDyy5P6SxrRNWQG0I6lNrovnu0Oz6pClRcb0WCy_712Vh6-WKUp0i5X9q7iDuao1YNN8au8cIwo0nzwBWayeTpnBStl8Tw-LSW-uBxDoNN1LeNItrPHvL7aCSJpkjE5GaFsNu3mMTjy5gLEcV7Mtw2hWUlpLHzgnJuIFz9nCvsTh_r0-B05iY4GVBTm7LAKQ-Fmuus7J_n3PZzdYWzIOTTq3GkDQw-zXBfLxmvXp9cxTV0MjvzLN2o9GswTY-d0irohbA2pI4uFY9JxigSXy47JWK7Zmuzn2yB5_CjWag2m0fkJgl6Mw6X35DMu3506dVWT4pXIWVdoRXUF4meTg_MB2URez1GXseG-8fLABMTdju7pBeAEAYgFgvzJtlegBgKAB5OL0VyoB6fMsQKoB6a-G6gHzM6xAqgH89EbqAeW2BuoB6qbsQKoB47OG6gHk9gbqAfw4BuoB-6WsQKoB_6esQKoB6--sQKoB5rhsQKoB9XJG6gH2baxAqgHmgaoB_-esQKoB9-fsQKoB_jCsQKoB_vCsQLYBwHSCC4IgGEQARgdMgiKgoCAgICACDoNgECAwICAgICogAKoA0i9_cE6WMvq5_mn8ZMDsQk76m044zaSh4AKA5gLAcgLAaoNAlpByA0B4g0TCIKM6Pmn8ZMDFXQAdwQda2oiZuoNEwjUken5p_GTAxV0AHcEHWtqImbwDQKIDv___________wHYEw3QFQHKFgIKAPgWAYAXAbIXEBgBKgo2ODA5ODA1NTg4UAa6FwI4AaoYFwkAAAAAxIoVQRIKNjgwOTgwNTU4OBgBshgJEgLwWRgCIgEA0BgB6BgBwhkCCAE&ae=1&gclid=EAIaIQobChMIjuv--afxkwMVdAB3BB1raiJmEAEYASAAEgL4-_D_BwE&num=1&cid=CAQSzwEABaugfUDSYu7b6EApPj6Ih5t6x34rHrdNV0EqQ1Sikp7mbjfog_qZiqvk7aP5h7N7uOOY5puNGRX1CDS4vKmkMUM522QHy4rgIq0fr7y1ZtMQC4ceRzU-54_yVEKwAhXE-Ix8OM13gGMN3eUlYk6sOvh4SS6F_Pc5KtuDzhNNmFB9aHWam-i_dnA7H8tcud2wG-eyA7JUwR5VXXRD6Kkb5e2x_oxGzmz8-E_LVBRJDtz3gtgTLzctZmSwJcO6rr9gXgcAwZdaACEy1K6yoCgYAQ&sig=AOD64_2zF8dGo9tFkvDTqfZd20kDl4xyvw&client=ca-pub-3805416966001714&rf=5&nx=CLICK_X&ny=CLICK_Y&uap=UACH(platform)&uapv=UACH(platformVersion)&uaa=UACH(architecture)&uam=UACH(model)&uafv=UACH(uaFullVersion)&uab=UACH(bitness)&uaw=UACH(wow64)&uafvl=UACH(fullVersionList)&nb=2&adurl=https://servebolt.com/%3Futm_source%3Dgoogle.com%26utm_medium%3Dppc%26utm_campaign%3Dweb_hosting%26utm_term%3D%26utm_campaign%3DDisplay%2BWordPress%2Band%2BWooCommerce%26utm_source%3Dadwords%26utm_medium%3Dppc%26hsa_acc%3D6201825095%26hsa_cam%3D23468342786%26hsa_grp%3D200215342788%26hsa_ad%3D797717263102%26hsa_src%3Dd%26hsa_tgt%3Dkwd-0%26hsa_kw%3D%26hsa_mt%3D%26hsa_net%3Dadwords%26hsa_ver%3D3%26gad_source%3D5%26gad_campaignid%3D23468342786%26gclid%3DEAIaIQobChMIjuv--afxkwMVdAB3BB1raiJmEAEYASAAEgL4-_D_BwE,https://servebolt.com/?utm_source=adwords&utm_medium=ppc&utm_campaign=Display%20WordPress%20and%20WooCommerce&utm_term&hsa_acc=6201825095&hsa_cam=23468342786&hsa_grp=200215342788&hsa_ad=797717263102&hsa_src=d&hsa_tgt=kwd-0&hsa_kw&hsa_mt&hsa_net=adwords&hsa_ver=3&gad_source=5&gad_campaignid=23468342786&gclid=EAIaIQobChMIjuv--afxkwMVdAB3BB1raiJmEAEYASAAEgL4-_D_BwE,,,,,
1209,https://www.googleadservices.com/pagead/aclk?sa=L&ai=CA-TJvWDgacLBDJ-XjeYPrK_64A7glZylhgGgpN7z6BXP_riSoUcQASCT2NIfYMfV_42EJqAB1P_L8kHIAQLgAgCoAwHIAwiqBL8CT9A1vC7K0T9cs2T-6CWnDnf8wlohIE93LwkyjkkuRjz1Zb9-bmyNF4Z6QjhjEckXP27Wt7bzJIcIHrPvKw9-Ro7dH3vB6RAGad3zDUTW6pkz6HY6QZX9YkeWllmFLwFOv_cVqngT-f-KdxDpUSWs47lUPA30IpLbPWV7pt-ELqDYar4zM5kHAnbZIn-oDXYukntwh1oWgFjHGS1cFxlivL6LZozbCrJr8SSnK4s22mWxieqXaKVxqg1ybMl4yu7Oo7IpMbNg_7KHiyNVXgeaWoDET_fjCxPLJjegF2idxqF28BXPDuzWpD8ROKCATKh82nggkf_331mq63Z187IrTA6yeig8gXk51TuD4ET8mTS_YMXbMQ0RLGhvWihv5LrcLA3inrGf2kmNDqjLQTJllccnV-iMnhNARVgqtkFbFsAEspabqsMF4AQBiAWP0ticWKAGAoAH1Lec0hyoB6fMsQKoB-LYsQKoB6a-G6gHzM6xAqgH89EbqAeW2BuoB6qbsQKoB47OG6gHk9gbqAfw4BuoB-6WsQKoB_6esQKoB6--sQKoB5rhsQKoB9XJG6gH2baxAqgHmgaoB_-esQKoB9-fsQKoB_jCsQKoB_vCsQLYBwHSCC8IgGEQARidATIIioKAgICAgAg6DYBAgMCAgICAqIACqANIvf3BOlj8kPrgv_GTA7EJDL_alwxZfryACgOYCwHICwGiDAOQAQGqDQJaQcgNAeINEwjdtPrgv_GTAxWfS8MGHayXHuzqDRMI3OX74L_xkwMVn0vDBh2slx7s8A0CiA7___________8B2BMK0BUBmBYByhYCCgD4FgGAFwGyFxAYASoKNjIxMzEyMzAyNlAGuhcCOAGqGBcJAAAAAJBs_0ASCjYyMTMxMjMwMjYYAbIYCRIClVoYAiIBANAYAegYAcIZAggB&ae=1&gclid=EAIaIQobChMIgpT84L_xkwMVn0vDBh2slx7sEAEYASAAEgKVdvD_BwE&num=1&cid=CAQS0QEABaugfRxsYsRZVCKW37Vd3ei6ap9gPW7rNHX4bsiwlbxilpKHI6qU6fNIfvf3A7GxZwn3vi-aewkXf7hhLEqFC5kGKlcCkKB-XDPD8A2pFnHSXg-YwG8IBuIntxAR2KPSrHjpE-PYYRm8yP_Qc-Z6kZWps15CyvS5cYinsovZh75WjlJF7vQ3Rgj8HPFPNaUBv7oyGjb42ZQAivaPJEFMn0fwV5adLhaLHRQXzXDvh-TmRpp4b0N5EMuJqiooixUsz6nL6GL1-0X_n5a_S3n2wBgB&sig=AOD64_0ipR7GrCx5lCBEaEc_0JPTZa6JQg&client=ca-pub-2870152834215954&rf=5&nx=CLICK_X&ny=CLICK_Y&uap=UACH(platform)&uapv=UACH(platformVersion)&uaa=UACH(architecture)&uam=UACH(model)&uafv=UACH(uaFullVersion)&uab=UACH(bitness)&uaw=UACH(wow64)&uafvl=UACH(fullVersionList)&nb=2&adurl=https://bullbbq.com/%3Fgad_source%3D5%26gad_campaignid%3D23682492687%26gclid%3DEAIaIQobChMIgpT84L_xkwMVn0vDBh2slx7sEAEYASAAEgKVdvD_BwE,https://bullbbq.com/?gad_source=5&gad_campaignid=23682492687&gclid=EAIaIQobChMIgpT84L_xkwMVn0vDBh2slx7sEAEYASAAEgKVdvD_BwE,,,,,
977,https://www.googleadservices.com/pagead/aclk?sa=L&ai=CQiSXh0jgaZKFCqyVjeYP-KHksAS8iKO1hgHUv9nJzRWT3Lbhjg4QASCj_sIfYMfV_42EJqAB_7Tzmj7IAQngAgCoAwHIAwqqBM0CT9Ar1XtiFSQvz4bpKZ_5iX1NDPUhKnmByFMgg6bU4JtwlKiEKqttUbNak_1jfykAsj-_VSxO7Y5lRo2U9a_r0xFqWqj3tGSw_OasTerwqjCnNmr-WsJ3-Kz2DjXut0XE7Ej18-urVXHciKT_NfaDvp4gCGSMwpfGqmtuLpA32n7oCZ9jZkNbmWPUJDFMHg_oWr1bN7CkAg3qFlPvVCpD3wJYVcxacttYD4gYIkM0hDzS4iCMboGUAXxi0r6FidpVJ9FKRhinqyxqwqFeRQANGzvh4xGBJeNEks36TgyVTeboCdnl2TfZUdjdIlYFWSuOkgwi5XUO4ynOhtorZlzmFQFZgD7alU44XNRmXlJzgeEi_5Gf8ge4S2L4bGbas9I-VThc5aAVvw2mTjGC3jUYOuV10lLVbUBGVFGY1hCxw_PoZfS7vNhzucBxTxSCwATE96uO2gXgBAGIBcGGsrVYoAYugAf_7MP6GKgHp8yxAqgH4tixAqgHpr4bqAfMzrECqAfz0RuoB5bYG6gHqpuxAqgHjs4bqAeT2BuoB_DgG6gH7paxAqgH_p6xAqgHr76xAqgHmuGxAqgH1ckbqAfZtrECqAeaBqgH_56xAqgH35-xAqgH-MKxAqgH-8KxAtgHANIILgiAYRABGB0yCIqCgICAgIAIOg2AQIDAgICAgKiAAqgDSL39wTpY-4TE1KjxkwOxCQtzPDRw1VYQgAoDmAsByAsBgAwBogwDkAEBqg0CWkHIDQHiDRMI_qrE1KjxkwMVrErDBh34EBlG6g0TCNy_xdSo8ZMDFaxKwwYd-BAZRvANAogO____________AbgT5APYEw3QFQGYFgHKFgIKAPgWAYAXAbIXEBgBKgo2ODA5ODA1NTg4UAa6FwI4AaoYFwkAAAAAsHfzQBIKNjgwOTgwNTU4OBgBshgJEgK7TxguIgEA0BgBwhkCCAE&ae=1&gclid=EAIaIQobChMI0uTB1ajxkwMVrErDBh34EBlGEAEYASAAEgJ_zPD_BwE&num=1&cid=CAQSzwEABaugfY8_CBi8akl3xY665VFadERrFpYn1W2pyzpWnoJhKmZIZFkmVjNzkEPSiZVc7jegbCz5nBGVN98-jTgJ1nLBL0Oa53ZrFX8__PjUuuwoby7M454pydx3IYJhH_90UlXJ6svfgobDgUfZGli6HQIoeD03Q57F66xdsu51oSxyJ33esMAZ0klxVGX6M1A06h-Z9p-mxa9S30HpKvRVtBL0JXOaCR71rIzUjP7-UAABWej8C4oQIYTq5cRlJ3lAPL5_HYPDpOqfVI7m07EYAQ&sig=AOD64_2TLi7rQxVXN4BatQSwGvahsTBfqA&client=ca-pub-3805416966001714&rf=4&nb=9&adurl=https://robinhooddiamonds.com/collections/engagement-ring-settings%3Fmetal%3D14K-White-Gold%26gad_source%3D5%26gad_campaignid%3D23734289217%26gclid%3DEAIaIQobChMI0uTB1ajxkwMVrErDBh34EBlGEAEYASAAEgJ_zPD_BwE,https://robinhooddiamonds.com/collections/engagement-ring-settings?metal=14K-White-Gold&gad_source=5&gad_campaignid=23734289217&gclid=EAIaIQobChMI0uTB1ajxkwMVrErDBh34EBlGEAEYASAAEgJ_zPD_BwE,,,,,
910,https://www.googleadservices.com/pagead/aclk?sa=L&ai=CNB2_1k3gacTENY6AjeYPrb_58Az6r9KwhQGU5_nKkhWtl9a8ixAQASCtieJ7YMfV_42EJqABg63d0QPIAQOpArJfU-IHxLY-4AIAqAMByAPJBKoEhANP0BVV5WaEX_KDaFprswQpcYbuCcTbTnGeBXHFgFZZM1H_4AJlx3XJhY6ic0XpzjwP4Tgx0HNy5TIohYoFzS8qawfrFJcDbbVoZkH5RQpJGO_Mo1Kjgfm8XgBFjsWual9aKTe7QkFTlyYuv1XQc7zOaj5Lrin_O-twEMKiIDfjIZW2LrPdg7D0jIermiRmir0x99wDnorri56GpWvlepfyIkhAjAv1lTuD2fq7A2t4DC2a5OERk9cmPSYnZWNbvIvkHX5j8b7OyiYhxc8Vi2xs_MsBVJXqMPb2h8UdzNH9FVgbeM_iezafIpr0SCY-p8Ji6fP986xQqK-tj_ZL9pAamQU7Kp2AvjZaZDry0wIKl98nrnGkPHgU67myjdg3Wg7xRYgr3KMlO3r6llMNU0K2-0zkQUgZrPcjqIOdzZ3W5K_Cygz8-I3-STiZeOx7D8_Rbm16EiHPoFtsO_Jn0gvls9HXmH4ViST6ZQmmpJKC_DwVke1aktpjxfwAo_PuEqAPuXPbwAT-wsHO0wXgBAGIBf7grOZXoAYDgAfl0qIuqAenzLECqAfi2LECqAemvhuoB8zOsQKoB_PRG6gHltgbqAeqm7ECqAeOzhuoB5PYG6gH8OAbqAfulrECqAf-nrECqAevvrECqAea4bECqAfVyRuoB9m2sQKoB5oGqAf_nrECqAffn7ECqAf4wrECqAf7wrEC2AcB0gguCIBhEAEYHTIIioKAgICAgAg6DYBAgMCAgICAqIACqANIvf3BOljvqu7drfGTA7EJetn0ykRvwbOACgOYCwHICwGiDAOQAQGqDQJaQcgNAeINEwj-1-7drfGTAxUOQMMGHa1fHs7qDRMI5-Lv3a3xkwMVDkDDBh2tXx7O8A0CiA7___________8B2BMN0BUBmBYByhYCCgD4FgGAFwGyFxAYASoKNjcyNDI1NDgyMlAGuhcCOAGqGBcJAAAAACBdLUESCjY3MjQyNTQ4MjIYAbIYCRIC9moYAyIBANAYAcIZAggB&ae=1&gclid=EAIaIQobChMIxIfw3a3xkwMVDkDDBh2tXx7OEAEYASAAEgKKePD_BwE&num=1&cid=CAQS4gEABaugfQbFAsQv7Naz-HpnPTlZStXeIruYVYSsHWcaNDb-75LwTrqnmZuUkZkivBrrQ1xhlQdNPXRocDURysqTMdLNd40RFGFJbVLnKosGllj6X7rfytaqVGx5zrAwnFmdlhuz8MA-me7CU0WRcU9VX5cxFGT8nkLSHQ8b9du0sZ5h2FbraJz3D9qjwsJseF9jcsRJ6NVTfTJoW2ofPCjKepxtYJWjc3PeN-jonRsSla9Jx58btH9SZEoZdPzpIYpm5DB1tIB0JesThgn_M-W04wORn0NW-kVICL8xs5164rvoGAE&sig=AOD64_27ru1oaw5_oDnoo0ZHRY-nVOxDsg&client=ca-pub-5066399099591175&rf=1&nb=49&adurl=https://www.careyolsen.com/%3Futm_source%3Dgoogle%26utm_medium%3Dcpc%26utm_campaign%3Dus-group%26gad_source%3D5%26gad_campaignid%3D23568527486%26gclid%3DEAIaIQobChMIxIfw3a3xkwMVDkDDBh2tXx7OEAEYASAAEgKKePD_BwE,https://www.careyolsen.com/?utm_source=google&utm_medium=cpc&utm_campaign=us-group&gad_source=5&gad_campaignid=23568527486&gclid=EAIaIQobChMIxIfw3a3xkwMVDkDDBh2tXx7OEAEYASAAEgKKePD_BwE,no,,,,
1109,https://adclick.g.doubleclick.net/aclk?sa=l&ai=C_okTnFfgaZT_OZG7geAPyMzHkQPB5ZqlhgGRg-Cu3xWLwaO4rwMQASDmtM-ZAWDH1YSOnCagAcHyoPYCyAEJqQJ-B4Q8CGVwPuACAKgDAcgDCqoE7gJP0F0MPpeP5EP0Dqme1cdGTB6ISe07_gjr_0d7Gzp8KVF4dH4Noyr0nNwwZpNiXuj_bOrccUUz7xWtMf2RhJF-VFjIIJMKygUMFOm9ODarx5FeBxuxwHxuXQf3i9wWExJqJkzdGl7Xur1F82elvAF21cA0aJUgJJPMlr8kq2Lq9KAAhEI7FU74m-uYDhxmgS2T61WDR7ZYr94v7BPOku_GzKb4ybK4GHLQ77TjSyjCchoHZmTnoXmmH_pY1XaztvYVKlSw-ux2MPMJiAglZLeBnTvWHcsBCxFl71s6zmSprnP3yM1NLPsY88lRHgMBuehsvP_9gkSuBbSodJfTFFv7Dnm63YvQTEk6KO9M-kxt6cFElvcOyF_rRJfacZDbVHM37-FB5xhnmwSNXzop4pN0OfVw-QdbC9X6SiHD1kyZiXm0NYrqz9yZdYK6m5Kc5FSg2EaPOibX1ob5U737uRY5VyeR6e580hO01ukUKafABOP4jPLhBeAEAYgF9Iq1q1igBi6AB6eN34kBqAenzLECqAfi2LECqAemvhuoB8zOsQKoB_PRG6gHltgbqAeqm7ECqAeOzhuoB5PYG6gH8OAbqAfulrECqAf-nrECqAevvrECqAea4bECqAfVyRuoB9m2sQKoB5oGqAf_nrECqAffn7ECqAf4wrECqAf7wrEC2AcA0ggyCIHhgGAQARidATIIy4qAgICAgAo6DoCABIDAgICAgKiAAqgDSL39wTpYr5v5hrfxkwOxCXkCJ9apDs-OgAoDmAsByAsBgAwBogwDkAEBqg0CWkHIDQHiDRMI-875hrfxkwMVkV0ABh1I5jEy6g0TCObw-Ya38ZMDFZFdAAYdSOYxMvANAogO____________AbgT5APYEw3QFQGYFgHKFgIKAPgWAYAXAbIXEBgBKgo1MTAzODc5NDgzUAa6FwI4AaoYFwkAAAAA3OcTQRIKNTEwMzg3OTQ4MxgBshgJEgKoThguIgEA0BgBwhkCCAE&ae=1&gclid=EAIaIQobChMIlL36hrfxkwMVkV0ABh1I5jEyEAEYASAAEgIb4PD_BwE&num=1&sig=AOD64_30ZBBOMtwAsICREgB8u6oiRSIJSw&client=ca-pub-3677668629134422&rf=4&nb=9&adurl=https://ganelec.co.za/products/g-cart-2-seater-unlifted%3Fgad_source%3D5%26gad_campaignid%3D23713367412%26gclid%3DEAIaIQobChMIlL36hrfxkwMVkV0ABh1I5jEyEAEYASAAEgIb4PD_BwE,https://ganelec.co.za/products/g-cart-2-seater-unlifted?gad_source=5&gad_campaignid=23713367412&gclid=EAIaIQobChMIlL36hrfxkwMVkV0ABh1I5jEyEAEYASAAEgIb4PD_BwE,,,,,
875,https://www.googleadservices.com/pagead/aclk?sa=L&ai=Cvx8K9dbeaYeFGfyLjeYPr924mAiGktKVf6eahfjhE8f43Zi6ARABILCFnRpgpbiagJwBoAGjuN2eKMgBCakCgZeWKj3ppz7gAgCoAwHIAwqqBNcCT9D6Pz1oIcEw9tgg3snsCzhmbRyyaq92sJbN8OM3ZUW1mdzZ7WCaRBY6wabMKqJQ_3lv-_mz7Px6qRiv0WlzBo3rCahEP-cbakC59yEkIE8f-H1ioV5RwjUTIEUrlAuWxOl8LL5Yqn0J_DuQQdTlh2iOyojcC5LwVVGyUR39Am1iapf9Ef5qmOr3YrPSittdQqY5eO73eppj5B5S5c9i2mZZfaGfJCCT8vv0qbZrYopTVcA89-f-idPuIki4N3pDzNWgy77KHYryTl_F7r9ol9MR1qIAbJG1PohGPe65-IWtYQC6HIhUj5vIo7-9wm66GueMWf3HcjmT66Ze4NpXV4CSJVSXfqWjIfhFp-LMvnYmNBdPXppd-1iJny5pDEc_ZguvCVS_9Sh5izYLFc8sF0cb7l-jPVVtW7araV9Lu0zRwLVRnLshnIX0CBOQTn1s8biylOlUTsAEkIiRxOsD4AQBiAWSkMDFOKAGLoAHo_Ct_gKoB6fMsQKoB-LYsQKoB6a-G6gHzM6xAqgH89EbqAeW2BuoB6qbsQKoB47OG6gHk9gbqAfw4BuoB-6WsQKoB_6esQKoB6--sQKoB5rhsQKoB9XJG6gH2baxAqgHmgaoB_-esQKoB9-fsQKoB_jCsQKoB_vCsQKoB8LIsQLYBwDSCDIIgOGAEBABGJ0BMgiqgoCAgICACDoOgMADgICEgICUruADqAdIvf3BOlic6YWcyO6TA7EJaBEhW6mE8ISACgOKCkVodHRwOi8vd3d3LnNpbHZlcmx5bnguY29tLmF1Lz9nYWRfc291cmNlPTUmZ2FkX2NhbXBhaWduaWQ9MTUxNzgxMzk2NjaYCwHICwHgCwGADAGiDAOQAQGqDQJBVcgNAeINEwjPq4acyO6TAxX8RcMGHa8uDoPqDRMIh_qHnMjukwMV_EXDBh2vLg6D8A0CiA7___________8B2BMN0BUBmBYByhYCCgD4FgGAFwGyFxAYASoKMjQ1OTgzNzY1N1AGuhcCOAGqGBcJAAAAAMhPA0ESCjI0NTk4Mzc2NTcYAbIYCRICrVEYLiIBANAYAcIZAggB&ae=1&gclid=EAIaIQobChMIx9OInMjukwMV_EXDBh2vLg6DEAEYASAAEgK2-vD_BwE&num=1&cid=CAQScQAFq6B9eDABqCk2CoidoYIwKISJRtkLO9F0Z2OGrtRBguBEIgxB052W-_MZqpDb1o_0pF4fBar7_b8tSrg-rwRy-QGQKGiQVClVAY_d9khxlASI2r4gDYMXGDyLPfEMzIQYwOlr72AlRtXG5OdYOO5OGAE&sig=AOD64_15lqnu8IX15PHbYMXuFf3tuN9mGQ&client=ca-pub-6447179309296276&rf=4&nb=9&adurl=https://silverlynx.com.au/%3Fgad_source%3D5%26gad_campaignid%3D15178139666%26gclid%3DEAIaIQobChMIx9OInMjukwMV_EXDBh2vLg6DEAEYASAAEgK2-vD_BwE,https://silverlynx.com.au/?gad_source=5&gad_campaignid=15178139666&gclid=EAIaIQobChMIx9OInMjukwMV_EXDBh2vLg6DEAEYASAAEgK2-vD_BwE,,,,,
1249,https://www.googleadservices.com/pagead/aclk?sa=L&ai=CUqg1QDTfaYWdPJ2J3NMP0q-C2Q7_9NaghgHl06rSwhTa2R4QASC8luEQYJXikIKgB6ABjPiylgPIAQmpAnzZXHukxLM-4AIAqAMByAMKqgTMAk_QxgGOcOjjbkmwrRZHj_-Pg7J3u6Ixe-vimbNj3HlK1tTWiKHRjgic0h2qYMo9rWU1nZxUvA1Z1dTfjgeZUhivE8pZIL71ryDr726czFBbb2T-AgtIMkUV7c8mxMeqdwloTWHQMuqGHYVxZ_X-OdpMi7NB4OPrd7DgcJqbuazXmIG1DgPmPA9OWsP5N88Fo2Ce6mDD4bUtCl6QYbV-iOdyltajovDbonSnSOo_xSlPSAA-iXwmod5J4mtwUWwULxe1TA-mLu2SzimGAYHVhd7855Sd6E0rGyLnEZ_YHN7zxaqcJEwoAKvEbdm6dJ1G_DZzbKdeq1j4kHhAc9wPZH4HhxWIdeUon-RXYF4HND1fKGhUp5V-1qO1yhs7bRfqNS-PZAkyv1mP5XjoHfr-JBGWLkx4f4gd7hSdcfJNv1bLI8EbfJIsGrKTtkmQwATYvPiC9gTgBAGIBdOCqJhRoAYugAfch81pqAenzLECqAemvhuoB8zOsQKoB_PRG6gHltgbqAeqm7ECqAeOzhuoB5PYG6gH8OAbqAfulrECqAf-nrECqAevvrECqAea4bECqAfVyRuoB9m2sQKoB5oGqAf_nrECqAffn7ECqAf4wrECqAf7wrEC2AcA0ggyCIDhgBAQARidATIIqoKAgICAgAg6DoDAA4CAhICAlKiIAqgHSL39wTpYisvQmKHvkwOxCfl6OPTG9sJ3gAoDmAsByAsBgAwBogwMKgoKCI7fsQKV4rECqg0CREXIDQHiDRMI7JLRmKHvkwMVnQR3BB3SlyDr6g0TCPP10Zih75MDFZ0EdwQd0pcg6_ANAogO____________AbgT5APYEwOIFAPQFQHKFgIKAPgWAYAXAbIXEBgBKgo2NzMxODQwMjUwUAa6FwI4AaoYFwkAAAAANL8UQRIKNjczMTg0MDI1MBgBshgJEgL4VBguIgEA0BgBwhkCCAE&ae=1&gclid=EAIaIQobChMIhb3SmKHvkwMVnQR3BB3SlyDrEAEYASAAEgIa2fD_BwE&num=1&cid=CAQScAAFq6B9DpA9UlcX9k9SsxMihSQ5lU1aLQIBiNqLSagsO-7NQjonL5YBgNG8FoUXkHf9jbQDLnMjAKc43mLGAdXLBMex7O0uAXDIJf0Lflt4JKajOdf6DLo1iykIbfl0qsy2u7z7pyvbRauOa1X2QygYAQ&sig=AOD64_2S_ZGFvp2IpJausHxR97ceY6vQ1Q&client=ca-pub-2012933198307164&rf=4&nb=9&adurl=https://go-e.com/de-de/produkte/go-e-charger-pro%3Fgad_source%3D5%26gad_campaignid%3D21794259283%26gclid%3DEAIaIQobChMIhb3SmKHvkwMVnQR3BB3SlyDrEAEYASAAEgIa2fD_BwE,https://go-e.com/de-de/produkte/go-e-charger-pro?gad_source=5&gad_campaignid=21794259283&gclid=EAIaIQobChMIhb3SmKHvkwMVnQR3BB3SlyDrEAEYASAAEgIa2fD_BwE,,,,,
1201,https://googleads.g.doubleclick.net/aclk?sa=l&ai=CErWmBqHfadqrHZyB4dkP__6TqASJoPHAhgHbv-StuRW2kB8QASCS4pxKYJsDoAGTifS5A8gBAqgDAcgDyQSqBPYBT9ByrlIGrHgMl4Ui_6vPbTMbUWoXCvenc2JdFKG_NCDzxfi9GJ6n_aa7MPckHDdqF4N161IQeYli6QKiFyG71Gx51w4fWYv-K1IU3hvA9miUeXmvEJEnM2adBwhcEtJjj7fvY9TFihNGkHiH8JIgmhK1BvZEA48cuRdpvRXycSOsLCmRURj1M4vkh6yBOiRWJGQhGlgehdj8hkO8H22nisrMojcnITcuf0GEaiwwm0I2jTgSG9fT0hQV9di1sKkwHm-CjGvUnqUsAsUCJOVhJ4Fmt_M88uFvvjEKC-W9zf6gbRfFmSvYJeHowhkotRVlzNhi55aywASl78X-1wOIBeTbnss2oAYCgAfV9otGqAenzLECqAfi2LECqAemvhuoB8zOsQKoB_PRG6gHltgbqAeqm7ECqAeOzhuoB5PYG6gH8OAbqAfulrECqAf-nrECqAevvrECqAea4bECqAfVyRuoB9m2sQKoB5oGqAf_nrECqAffn7ECqAf4wrECqAf7wrEC2AcB0ggvCIBhEAEYnwMyCIqCgICAgIAIOg2AQIDAgICAgKiAAqgDSL39wTpYlaSz9ojwkwOxCei--0u7qNX4gAoBmAsByAsBogwDkAEBqg0CS1LIDQHqDRMI4M-09ojwkwMVnEA4BR1__wRF8A0CiA4JohNUCjcIA0ABUggKBhIECAEQAWjuhr2QRXIhEh8gAigBOAJA5NueyzZYAWj-__________8BgAEBmAEDGhkKF2NhLXB1Yi0xMjE1MjQ4NjUxOTU5MzQx2BMK0BUBmBYByhYCCgD4FgGAFwGyFxAYASoKMjMzMTIxMzMxM1AGuhcCOAGqGBcJAAAAAMIyOkESCjIzMzEyMTMzMTMYAbIYCRICwlwYAiIBANAYAegYAcIZAggB&ae=1&gclid=EAIaIQobChMI2sa09ojwkwMVnEA4BR1__wRFEAEYASAAEgIDQfD_BwE&num=1&cid=CAQS0AEABaugfcmL_7VegzK6zXSrI8YBS1ud8LCDtGNR1ZXM0091oXHp3fx1sZW-pn9GQMBhehVdGIqhbCLbZ8FFFDAH3CrZY28FiANGaQ5cxvOXorBWst1rjJvPCfgS1hjhm0kzQTlbeXbZ3WfUqQcg9t_AiYRaZ-QKOdFZuZsBJnoaSPBFqaMeLNuVq3QCobYfconx_sfc_u8A84hX-FojzWYBFCxZUiBpxT1ypqZcU3hZd2npJFvYmZUPCneGGV_xxMa1YbSYTiYdqSx3tPAKqmX7GAE&sig=AOD64_0ziLl_HnU5lgkWWsLxlwASafwgrg&client=ca-pub-1215248651959341&rf=2&nb=2&adurl=https://www.costcopaymentprocessing.com/pricing/special-offer.html%3Fecid%3DDS_60327%26gad_source%3D5%26gad_campaignid%3D14653304292%26gclid%3DEAIaIQobChMI2sa09ojwkwMVnEA4BR1__wRFEAEYASAAEgIDQfD_BwE,https://www.costcopaymentprocessing.com/pricing/special-offer.html?ecid=DS_60327&gad_source=5&gad_campaignid=14653304292&gclid=EAIaIQobChMI2sa09ojwkwMVnEA4BR1__wRFEAEYASAAEgIDQfD_BwE,,,,,
1226,https://www.googleadservices.com/pagead/aclk?sa=L&ai=CjAcUxk7gae3oFoqYjeYPruOOoAOuppX9hQGSgKe3xhXAi--CpCYQASC5-YwpYMfV_42EJqABsYLHuijIAQngAgCoAwHIAwqqBN4CT9AXVkqKTY4O_jbW9mawZFKUlYvbDoMzyuh_Bc3BhbfCuGwi0KlwkKjD6GSWnTK__H90Evn3WM20B-7QG0wITMXuiu20iu5HJWDGlSyqtKrC6Zdi9p0fBRQJwkNNW9Bl39gIg4Y7ewyTNeZENfpQ1DbX_Zw6VTFXOW3PZwjYqi0pLLGRec3N4ujKZwhNB8azIzW7yIO7flqdHg72nn7t1lq_FqhMcqCUp5zQ23P_nY5f7ImJHSL48WWmFLmxwdAjwB8PD_BIqZds6rBRAXD1gz7mxhBzZMWG8CRAK8AqLwiSZTs7l2mH-xdQlIQa8vFECsC8QnThiyFeS4yl_CogyTC37kid1YWdI_4DFCu9LUkFjRdr_bAVRYbzslVoA6AYUPUB1unCpOIb-BfATPLyWx0_NvNj7EXxSJ97exudIflnhPTtd2kJbbNxfPx7Q2kmMDfW2BYGJKxP_krVrC3ABKPmmKXfBeAEAYgFvqCvt1egBi6AB7G6l5oDqAenzLECqAemvhuoB8zOsQKoB_PRG6gHltgbqAeqm7ECqAeOzhuoB5PYG6gH8OAbqAfulrECqAf-nrECqAevvrECqAea4bECqAfVyRuoB9m2sQKoB5oGqAf_nrECqAffn7ECqAf4wrECqAf7wrEC2AcA0gguCIBhEAEYHTIIioKAgICAgAg6DYBAgMCAgICAqIACqANIvf3BOlianIjQrvGTA7EJa2hkVr4DzzOACgOYCwHICwGADAGqDQJaQcgNAeINEwilvIjQrvGTAxUKTMMGHa6xAzTqDRMI272J0K7xkwMVCkzDBh2usQM08A0CiA7___________8BsA7b5uLnGLgT5APYEwvQFQHKFgIKAPgWAYAXAbIXEBgBKgozNDE0MzgzODQ3UAa6FwI4AaoYFwkAAAAACG8BQRIKMzQxNDM4Mzg0NxgBshgJEgKrThguIgEA0BgBwhkCCAE&ae=1&gclid=EAIaIQobChMI7eOJ0K7xkwMVCkzDBh2usQM0EAEYASAAEgLmvfD_BwE&num=1&cid=CAQS0QEABaugfZrZ-IfRWFTLbT3lctX44H7-NwpyJlfU3Fni9v3X0BOKdAQmrMwlL17N4tme5tjMHECETQV35A-cuB2RM-_pB_pJzHn6ALG10_87ZrPmPs4IZiP6RDdJs-RE1T-QdoRaombSlu1j3z591M_2t40u1lk5e3G7Y2KwM30vbmiopMms_EHTkg6R7qAzYm8nXFAbXcjRcTCZXP-8_jZ5WxPGA_zlcW_lVDoCBs57ACdgkEbT7Djw9RsuoR1yHicHhkgxGgDKUxqXkLAAN4S02hgB&sig=AOD64_2flHk8X-4ADII6pQMPeIPKatlk5w&client=ca-pub-5539691492742074&rf=4&nb=9&adurl=https://boattripspuntacana.com/%3Futm_source%3Dgoogle%26utm_medium%3Dcpc%26utm_campaign%3D23465349317%26utm_term%3D%26utm_content%3D%26gad_source%3D5%26gad_campaignid%3D23470002238%26gclid%3DEAIaIQobChMI7eOJ0K7xkwMVCkzDBh2usQM0EAEYASAAEgLmvfD_BwE,https://boattripspuntacana.com/?utm_source=google&utm_medium=cpc&utm_campaign=23465349317&utm_term=&utm_content=&gad_source=5&gad_campaignid=23470002238&gclid=EAIaIQobChMI7eOJ0K7xkwMVCkzDBh2usQM0EAEYASAAEgLmvfD_BwE,,,,,
1198,https://www.googleadservices.com/pagead/aclk?sa=L&ai=CmzjsiynfabyUNuiejeYP0OX28A6Gss2whgHj6u322hWyuLa7qg4QASCbqIc3YJXikIKgB6ABrPez2QLIAQngAgCoAwHIA8sEqgTOA0_Q986Ygx2eQlbkQakukKGspbjtTz5DkFdv64c29xGJHva5fD63xw7D5VqsxSAkQVB9nzJ332ia3TOiehDC3cDxgTNHT5EDgMveiClGqlssLIXGDTYGsGi_84sU7gTs1oAFrjlXryCr-p-YpmTbij9lAxMDg0PlBI5i5XE0nAZW_bbUITEQOaFDj2oPBU_x3fq6o45uHBvv1t6OXZaaaN6ahGkRYelAtLByfBRyWWHRdUyWv33qfTN7eB_vBm3Mkf1vkE2Da2r2GR35GUGoUTmd_VbDSvNZ-v1n9zaAG0vS21ixc_BUJSSTlk9dh2Ivbdqabgq5ERN3WZQF0tly5FkNcv4DwsZuHM3Y8PplJgBTMqU80FNwVwE01iIJzqOOOkmygKTIn8UmhW52vwCn84IW-Aup60zyYYEHDQQg6t_2etPHJOuBxfFxlXA5zFdwNt-ZaiKWfcSiLO9jt4M4f3cq2Qr_g7c5F8-SsLn2DtUNyyElWuBiExhrGs9oMH8J-5NBg_YD0RE0LyHfwCabY1H9n6tPf3ob_XktRGxws6J7u3amIEluxZB8Tj_4cc-gMXD1TKF80Gms2PvFKeaBnZqyTufX_-4Mpl3V_HdtDsAE2aXJ480F4AQBiAWH1pWoWKAGLoAHvIjMpgGoB6fMsQKoB-LYsQKoB6a-G6gHzM6xAqgH89EbqAeW2BuoB6qbsQKoB47OG6gHk9gbqAfw4BuoB-6WsQKoB_6esQKoB6--sQKoB5rhsQKoB9XJG6gH2baxAqgHmgaoB_-esQKoB9-fsQKoB_jCsQKoB_vCsQLYBwDSCDIIkOGAUBABGJ0BMgirg4CAgICACjoOgMADgICEgICUqIgCqAdIvf3BOlif3cn9lu-TA7EJZSZ9y31OD7eACgOYCwHICwGADAGiDAOQAQGqDQJERcgNAeINEwjylMr9lu-TAxVoT8MGHdCyHe7qDRMIt8fK_ZbvkwMVaE_DBh3Qsh3u8A0CiA7___________8BuBPkA9gTDdAVAZgWAcoWAgoA-BYBgBcBshcQGAEqCjQxOTYwMDMzNDNQBroXAjgBqhgXCQAAAAAImRBBEgo0MTk2MDAzMzQzGAGyGAkSAsBPGC4iAQDQGAHCGQIIAQ&ae=1&gclid=EAIaIQobChMI_IXL_ZbvkwMVaE_DBh3Qsh3uEAEYASAAEgI-K_D_BwE&num=1&cid=CAQScAAFq6B959Kll7tiQasu18d3vURUHTA2905VuWyCRKONuKXinjem6_5SBTC0WNE3vKIA5xnLdmnS-YH_xZOrMLcu4ZfY9rmN69DPpK8cS34ZCePE2gsvaVe-seWm9P4TL7_LOml1wk_czqq0B6ohNp0YAQ&sig=AOD64_0a2do_l7md9dFdwHUVIbyKCX7zLw&client=ca-pub-9636953777155876&rf=1&nb=19&adurl=https://shouldercurede.findconsumerguide.com%3Futm_source%3Dgoogle%26utm_medium%3D%26utm_id%3D23706561287%26utm_content%3D192677040857%26utm_term%3D%26creativeId%3D804164673056%26gclid%3DEAIaIQobChMI_IXL_ZbvkwMVaE_DBh3Qsh3uEAEYASAAEgI-K_D_BwE%26gad_source%3D5%26gad_campaignid%3D23706561287%26gclid%3DEAIaIQobChMI_IXL_ZbvkwMVaE_DBh3Qsh3uEAEYASAAEgI-K_D_BwE,https://shouldercurede.findconsumerguide.com/?utm_source=google&utm_medium=&utm_id=23706561287&utm_content=192677040857&utm_term=&creativeId=804164673056&gclid=EAIaIQobChMI_IXL_ZbvkwMVaE_DBh3Qsh3uEAEYASAAEgI-K_D_BwE&gad_source=5&gad_campaignid=23706561287&gclid=EAIaIQobChMI_IXL_ZbvkwMVaE_DBh3Qsh3uEAEYASAAEgI-K_D_BwE,,,,,
952,https://www.googleadservices.com/pagead/aclk?sa=L&ai=CXMA3P5_faeqOF86XjeYPneHm6AGeva7DhgHlwNr52xXV05jwjCQQASCL1bEgYJsDoAHtgumHA8gBAuACAKgDAcgDCKoEswNP0GVLTtkjVda21dEGqSbgbOxtSg4VzjaHhpLUxnNlf8jlwQUZ4fSBsWHXmTHh6yaMG6LqyrLqfCBAgQCC2_h2cbWwwiOxaoJyG5zSo4o7nqz35arcuw3XLPv2kZZMQAhIyX_1cXkhOVyjcdQKe54XB2OT5tIwZVUashjn3A9qg5g_M2VWZoYXr-Sq4565SlWXxoEsr0ySYRAqasAi0v0rBmnmpE69DituG_HAiydzBA4Dj5XnAG_i2KSbMDSVNA8sYIc7Rkg6PcCFycivpLX79eXqbD5RU4TjQ2xVtZMNcc5uNBb1VQZalhpgkBSPbnHN6XvthUwMDJ_uLdcqWVFNLFiqWops2W5p7wVDvjkv4-1KlvEUgYPhdYAvsVtGqvzb9dnbWJ6qN0tmnxd-s1xhnSHcau1GSnzQZ86NWSg4YE-Rgb4Xxu3nwdsq8iEGu2YOYSSa8sihHweOrJcC95AKa6N2cL1_try7ZyCcWgW3M6sJ4w_980kjvPO1W4SK3rKpaX2zI3qDuZCh60yZvEYxnOgQmlC5E_X004y4P2JUA-V8Xb5gze3b-JD8HlkKDaFTm6LABPaUrpbTBeAEAYgFo8r4vligBgKAB_v8lnioB6fMsQKoB6a-G6gHzM6xAqgH89EbqAeW2BuoB6qbsQKoB47OG6gHk9gbqAfw4BuoB-6WsQKoB_6esQKoB6--sQKoB5rhsQKoB9XJG6gH2baxAqgHmgaoB_-esQKoB9-fsQKoB_jCsQKoB_vCsQLYBwHSCC8IgGEQARidATIIioKAgICAgAg6DYBAgMCAgICAqIACqANIvf3BOli5mrGdh_CTA7EJy2I0pg-m9qWACgOYCwHICwGqDQJLUsgNAeINEwiN77Gdh_CTAxXOS8MGHZ2wGR3qDRMIoPGynYfwkwMVzkvDBh2dsBkd8A0CiA7___________8B2BMD0BUByhYCCgD4FgGAFwGyFxAYASoKODk5MDQxMTkwNFAGuhcCOAGqGBcJAAAAAKjHCkESCjg5OTA0MTE5MDQYAbIYCRIC_U4YAiIBANAYAcIZAggB&ae=1&gclid=EAIaIQobChMIqqqznYfwkwMVzkvDBh2dsBkdEAEYASAAEgIdmfD_BwE&num=1&cid=CAQS0QEABaugfU3huAZAD868dOJ0jsXMDDAmPz7hNd4dS6ZDTvw7wB6VbTm4vHkGdnRxIoprETAGJLMtjV-Ildctl5g-KSeJcoEb5tmN71TloR4f4msbwXdDYt4FKme_twkG5eAcQyk1tRa82Bt9KjUWphnnX-3EmYcvVEygRf4Xa0IEFG4XKI6TD82qRna_mqNh21Wb_vlgRnTP6_nfdv4qXXoDVy_AfQbKY0EG2j_l3uhP0BQLVM_qY28Ry5iz0XaSQivxOVatT6je6zdsCLPOcBBguRgB&sig=AOD64_2mb8TF1GPtwaQKnsjWh4Dsj9D6uw&client=ca-pub-2378110306265632&rf=5&nx=CLICK_X&ny=CLICK_Y&uap=UACH(platform)&uapv=UACH(platformVersion)&uaa=UACH(architecture)&uam=UACH(model)&uafv=UACH(uaFullVersion)&uab=UACH(bitness)&uaw=UACH(wow64)&uafvl=UACH(fullVersionList)&nb=2&adurl=https://www.illenium.com/%3Fgad_source%3D5%26gad_campaignid%3D23754319139%26gclid%3DEAIaIQobChMIqqqznYfwkwMVzkvDBh2dsBkdEAEYASAAEgIdmfD_BwE,https://www.illenium.com/?gad_source=5&gad_campaignid=23754319139&gclid=EAIaIQobChMIqqqznYfwkwMVzkvDBh2dsBkdEAEYASAAEgIdmfD_BwE,,,,,
1219,https://www.googleadservices.com/pagead/aclk?sa=L&ai=CD8VID2HgaZnkKceP3NMP3Zv0KPuwjdyCAarWrpXfDMCNtwEQASCT2NIfYMfV_42EJqAB7JfY9APIAQHgAgCoAwHIAwqqBNcCT9CslLARjSNy4bFxPMp_t5oi8p8OQRfYHfBmbkb3uy1Z9xwCuKfRZMzjYkZN70wnWZt96zQBb0YJVwOBdamyLj3xziISH09x8M0h11VcOjEnYPvx-uUTpHhrukQlJNVYxDVQINB-bgPfvlexSsAYof9mZRYtdbuKYxCIldiWC20x403oWP5xUGk_-xq0lh_8QwSnWetANSxGgiOeclMCvea1OM4GOzdFzoGZ-4e9WKyw2cDUTXJIOFXvzOoUY3dABQXe6nsJYS5x-UspU0LruGuejaffvJw4bkZ41fn3AAMh78fWEalbjt5sC1acTB4V9MmgyDy8i0ubFTZMVt786latLgvFyOP1Md9vQNiyZp8JLOZfPXcmDRi76aBmhxa9cILKojM2RnYkrpPUy-71_v1HGw3bdzu6jMrTRWEiBsT7gQQjhSGfbrEdZ98bsfnbhzi0YnrrgcAEjqqMwYEB4AQBiAWo-cDTAqAGUYAH_OenC6gHp8yxAqgH4tixAqgHpr4bqAfMzrECqAfz0RuoB5bYG6gHqpuxAqgHjs4bqAeT2BuoB_DgG6gH7paxAqgH_p6xAqgHr76xAqgHmuGxAqgH1ckbqAfZtrECqAeaBqgH_56xAqgH35-xAqgH-MKxAqgH-8KxAtgHAdIILwiAYRABGJ0BMgiKgoCAgICACDoNgECAwICAgICogAKoA0i9_cE6WMKdoojA8ZMDsQkmJKdYjpP61YAKA5gLAcgLAaIMA5ABAaoNAlpByA0B4g0TCP7moojA8ZMDFccHdwQd3Q0dBeoNEwjdq6SIwPGTAxXHB3cEHd0NHQXwDQKIDv___________wHYEw3QFQGYFgHKFgIKAPgWAYAXAbIXEBgBKgo2MjEzMTIzMDI2UAa6FwI4AaoYFwkAAAAAGE8ZQRIKNjIxMzEyMzAyNhgBshgJEgKATxhRIgEA0BgBwhkCCAE&ae=1&gclid=EAIaIQobChMI2aemiMDxkwMVxwd3BB3dDR0FEAEYASAAEgLdS_D_BwE&num=1&cid=CAQS0QEABaugfXwfUrn44DhN0qe6J7na9zZonmwICgaI9NwgF4518gajgkrQ6jJX4xz6LbX4h9wCzvrE50zNpcMeKBMPIqckHZxExRzVt-1mRz-oc35jMuqIcCzQ3dPjucfrelVcAPLGg-Er5pglI-NMS3IduJjy1PQAQHrSJ02hN0oZUC6L_I0IIAWLGKdG-akHS8NCkYWbA5G74eP27Z-2bOILbCBLpRks4K_2yWenM0XSxKkss1Im0zrSHmZhWqH1qYlT0wBbj7zvsxm6YDScFHlnmxgB&sig=AOD64_3sqzvTLuGImw8RpM5URpeKashYSA&client=ca-pub-2870152834215954&nx=CLICK_X&ny=CLICK_Y&uap=UACH(platform)&uapv=UACH(platformVersion)&uaa=UACH(architecture)&uam=UACH(model)&uafv=UACH(uaFullVersion)&uab=UACH(bitness)&uaw=UACH(wow64)&uafvl=UACH(fullVersionList)&nb=9&adurl=https://www.bookadrenaline.com%3Fgad_source%3D5%26gad_campaignid%3D711998632%26gclid%3DEAIaIQobChMI2aemiMDxkwMVxwd3BB3dDR0FEAEYASAAEgLdS_D_BwE,https://bookadrenaline.com/?gad_source=5&gad_campaignid=711998632&gclid=EAIaIQobChMI2aemiMDxkwMVxwd3BB3dDR0FEAEYASAAEgLdS_D_BwE,,,,,
986,https://www.googleadservices.com/pagead/aclk?sa=L&ai=CJc-tUkjgaaHDJLqbjeYPp6Df-AO2zfSkhgG9q9OSzhKRh9zdlw4QASD6qYoXYMfV_42EJqAB_-7plwPIAQLgAgCoAwHIAwiqBL0CT9CH8HGy1ck6fTGASSKRIk5N7rWNYkEOftD0eJ6X-lKzILjmQaeYstRdQb1Frpz2vIMZ0tDgMVO1OGseSsEDYASuz34hF5s_N0BGDZ-xtelf3iMgWHpIg3Hf-aUtmkhxysXyrFkIoayqUT274r9W8FNA92hIqgMXUFdJB0P4eARRyFpTIYKxmeaSG1p7FeHJqvbZIIXRw_sSdGaws6gwOi_1bQ9eWEcjJ7RSQR9DVAky9VAqmMNbWArDojfSFmlTW-tNwhNkaSe4_hcJu4Z3zYt4smnC5y2s1A_vuhXFwLW9mjqTCDgIBzWBHPtIW3ciu4oO2SyNvEo7Fj1KTvacWAQ5flTX70KYL13YDp3ct0LzN3YadQuE8dtcf5Og_1WTbIxdURPWbd-ekwfCmINmvgnMq9Se7sLhSAj1Y2_ABNK9s73oBOAEAYgF8PHi4E-gBgKAB-mQlmioB6fMsQKoB-LYsQKoB6a-G6gHzM6xAqgH89EbqAeW2BuoB6qbsQKoB47OG6gHk9gbqAfw4BuoB-6WsQKoB_6esQKoB6--sQKoB5rhsQKoB9XJG6gH2baxAqgHmgaoB_-esQKoB9-fsQKoB_jCsQKoB_vCsQLYBwHSCC8IgGEQARidATIIioKAgICAgAg6DYBAgMCAgICAqIACqANIvf3BOlj30Le8qPGTA7EJSqXOKRpbpTqACgOYCwHICwGiDAOQAQGqDQJaQcgNAeINEwjU9be8qPGTAxW6TcMGHSfQFz_qDRMI74W5vKjxkwMVuk3DBh0n0Bc_8A0CiA7___________8B2BMM0BUBmBYByhYCCgD4FgGAFwGyFxAYASoKOTMzMjc5MjkwNlAGqhgXCQAAAADgButAEgo5MzMyNzkyOTA2GAGyGAkSAp1lGAIiAQDoGAHCGQIIAQ&ae=1&gclid=EAIaIQobChMIobS5vKjxkwMVuk3DBh0n0Bc_EAEYASAAEgJljfD_BwE&num=1&cid=CAQS0QEABaugfVniOz7ft8w6oA0smru0fI811U6ytwmiDUseRouHpFsijTAUn_GWgtjvZ-MVpUaHbbfUoQuyqpxNlm0Q76A5BKgGYCLGGQPFkqbDDkNHbqaq4xVNH6ai-bRSuZt4yrYT459t3KuFjTMP9l_1x8MYq-hQIicdRChYuteBtTGwDbYVt6UqtKopQ0PyrBJBb2zlHyfgirAEuZK7jC0R_NWlPTtt9R1IY3hG879ZA_TDDrjAd0-QnGa30-uCf-NIxNBj9SXmgmlDAVBFvweYBBgB&sig=AOD64_1h_F2PDKODRGAX28JGapc07xAJsw&client=ca-pub-5405132603504384&rf=5&nx=CLICK_X&ny=CLICK_Y&uap=UACH(platform)&uapv=UACH(platformVersion)&uaa=UACH(architecture)&uam=UACH(model)&uafv=UACH(uaFullVersion)&uab=UACH(bitness)&uaw=UACH(wow64)&uafvl=UACH(fullVersionList)&nb=2&adurl=https://www.carzing.com/get-financed%3Futm_source%3Dgoogle%26utm_medium%3Dcpc%26utm_campaign%3D21409347824%26utm_content%3D703676193798%26utm_term%3D%26gad_campaignid%3D21409347824%26gclid%3DEAIaIQobChMIobS5vKjxkwMVuk3DBh0n0Bc_EAEYASAAEgJljfD_BwE,https://www.carzing.com/get-financed?utm_source=google&utm_medium=cpc&utm_campaign=21409347824&utm_content=703676193798&utm_term=&gad_campaignid=21409347824&gclid=EAIaIQobChMIobS5vKjxkwMVuk3DBh0n0Bc_EAEYASAAEgJljfD_BwE,,,,,
1244,https://www.googleadservices.com/pagead/aclk?sa=L&ai=CMgwo7VfgaciZIdT1jeYP55TNyQnxvqS_eZSyy9LXEeugqvuPDhABINP_iaABYMfV_42EJqAB_MXgywPIAQKpAqeLjGnkZ3A-4AIAqAMByAMIqgTxAk_QTcqv-p8b4bO-KMDKbkbPcVUYcoAh677pvZMXZgQQflstRhEOZNQ_qno-m5nv1Q9op04HAVFprOlz0iN6O9snfk9f1XHaP14_hvAMbgsmNUZmnIg3ZfL1uEk5ETWDqzEV66l1W2QPGu-OEjuSi4I8UM9WCwAvGPIT2Sfvs9-HpMwkb4l0pyHllixThIJAbmBMKEVd8Kzj6WxqCh1g604g6ZEfL8LTQ4SH4uQLPbOQquMmob9upnbs1jcsyZ0GqDrq1ghqkL24w_BAZ5cDFzzxNRWfKIguCfkL77g-F5z2KbphzRgy5fb5wMU4542o3u8-61rNAuGDMFqnILyYfczAAHvwEiYwRBvlY9_25I8FBF4JgXpd7BAs86j3Hb4cPQHN_22jnI8gksSi4UXDL6MrsoPGXdf7M1N64ordWkvgWNQTUFGpYdjmOM7uN1yfAPCtcYCYS0ZYvSh6EZeka2U6rPk9UT6eiF5FZ4ihxliRf8AEw-nQ_NQE4AQBiAW1vt70TKAGAoAH7LmfNKgHp8yxAqgHpr4bqAfMzrECqAfz0RuoB5bYG6gHqpuxAqgHjs4bqAeT2BuoB_DgG6gH7paxAqgH_p6xAqgHr76xAqgHmuGxAqgH1ckbqAfZtrECqAeaBqgH_56xAqgH35-xAqgH-MKxAqgH-8KxAtgHAdIILwiAYRABGJ0BMgiKgoCAgICACDoNgECAwICAgICogAKoA0i9_cE6WLjPr6238ZMDsQmglHEFjWzxHIAKA5gLAcgLAaoNAlpByA0B4g0TCK_0r6238ZMDFdR6wwYdZ0ozmeoNEwjZlrGtt_GTAxXUesMGHWdKM5nwDQKIDv___________wHYEwrQFQHKFgIKAPgWAYAXAbIXEBgBKgo3NzI1MjAxOTE1UAa6FwI4AaoYFwkAAAAABA8QQRIKNzcyNTIwMTkxNRgBshgJEgLFaBgCIgEA0BgBwhkCCAE&ae=1&gclid=EAIaIQobChMIiMSxrbfxkwMV1HrDBh1nSjOZEAEYASAAEgLIBPD_BwE&num=1&cid=CAQS4gEABaugfWAIuhZpaY9-vZwFIWWKKpfZvgL87B-CW9scywr0ageAnIGDlTqg43crqCKUQ8cCnIy7q2PHrg9dDC2ND593h2oEShkf4n1Y-V4l59D3sWU4AMzjhd0kVOlHLpLz1-MjUMfsCvJ8UsxBePrmgmGlp4sM1zCJ-BYwYG5oStixWLgN6M6HAlf-AGYF7-jOjtprfQOQnvCXiIoFcQS5RJSG5Z8R0hS-CccHMaXy59I6INjdB8eBbInWtrHZJfqNvD3LKsDPtAf-JDy9_ScJ21NiWNc9h0TNPzLOW92IWY81GAE&sig=AOD64_3yPNTZn0AnFRzmgCDBMepch8HrTw&client=ca-pub-4322545682653075&rf=5&nx=CLICK_X&ny=CLICK_Y&uap=UACH(platform)&uapv=UACH(platformVersion)&uaa=UACH(architecture)&uam=UACH(model)&uafv=UACH(uaFullVersion)&uab=UACH(bitness)&uaw=UACH(wow64)&uafvl=UACH(fullVersionList)&nb=2&adurl=https://www.dax.co.za/product-category/gifts/lanyards/lanyards-lanyards/%3Fgad_source%3D5%26gad_campaignid%3D20645912373%26gclid%3DEAIaIQobChMIiMSxrbfxkwMV1HrDBh1nSjOZEAEYASAAEgLIBPD_BwE,https://www.dax.co.za/product-category/gifts/lanyards/lanyards-lanyards/?gad_source=5&gad_campaignid=20645912373&gclid=EAIaIQobChMIiMSxrbfxkwMV1HrDBh1nSjOZEAEYASAAEgLIBPD_BwE,,,,,
912,https://www.googleadservices.com/pagead/aclk?sa=L&ai=C_QFpx0Hgac3iCqDfjeYPisvUgAmUvcrZgQHg54LEiBWk37WXxToQASDMka4iYMfV_42EJqABw_74zgPIAQngAgCoAwHIAwqqBKsCT9DiYH_mhrB7cXhjdZIKLZt4IuXZ1WYEbn4VZ5Ipxcsqp9T6HvIwNXv4whZpg8rn39Uag_SkDHbOx4l9OrCfoBsO9YAG9oge2vFsbE0Z1zbCHSLcXVW9KVatzQEoNs4xeZaGnWz8PjyXTEDA_Tbi9Dub7oMBHO3vCVJjondwLuQ7RivmiC2qJVgLrcBruu1x65zdATG9xfStDSz36Np7IhIDur8gwa653abOx4Bahhk3gNATk7JP-SgUdHIb3lZyIEsIxUOD16_ZzLGOlEw5XIUdivWV0dSvnr3EeRUPBpHsw9CW1nS_l3CYvzBtuadoxBJUIrNvTQyBIq9fiHutVDt-T9QXycNk0BO-gTXTCSz9h4gKOLnDYFCTncW1Nh2cj1Ui7tx_tlfRts7ABJvT-7CzBeAEAYgFleqdylWgBi6AB6WBhzGoB6fMsQKoB-LYsQKoB6a-G6gHzM6xAqgH89EbqAeW2BuoB6qbsQKoB47OG6gHk9gbqAfw4BuoB-6WsQKoB_6esQKoB6--sQKoB5rhsQKoB9XJG6gH2baxAqgHmgaoB_-esQKoB9-fsQKoB_jCsQKoB_vCsQLYBwDSCC4IgGEQARgdMgiKgoCAgICACDoNgECAwICAgICogAKoA0i9_cE6WJ2LxJ2i8ZMDsQlRJN1sMjqNJIAKA5gLAcgLAYAMAaIMA5ABAaoNAlpByA0B4g0TCO2xxJ2i8ZMDFaBvwwYdiiUVkOoNEwiptsWdovGTAxWgb8MGHYolFZDwDQKIDv___________wGiE0sKLggDQAFSCAoGEgQIARABch4SHCACKAE4AkCV6p3KVVgBaP7__________wGYAQMaGQoXY2EtcHViLTE5OTE2Nzk2MjQzMzEzNjm4E-QD2BMN0BUBmBYByhYCCgD4FgGAFwGyFxAYASoKOTc2MTM0ODczMFAGuhcCOAGqGBcJAAAAAGBJ8UASCjk3NjEzNDg3MzAYAbIYCRICk04YLiIBANAYAcIZAggB&ae=1&gclid=EAIaIQobChMIjeLFnaLxkwMVoG_DBh2KJRWQEAEYASAAEgKt6vD_BwE&num=1&cid=CAQS0AEABaugfTEZ5jYtxLRAGoe626lwxRlP-2TgW1wPxtp53DFia9RGsJrR77whclEWNwT0IYXwzNE_iYoxCn-9lXXNYpD0ymZoTVNa3fW0OuVlr_vSwlTckkIgaWK4LK7Ju8jQmZPUVW0UsuO5whHrhpnsG22f9-RIHzZrNcbVZD7YIANZX-gKr1SccL26iqyWUYgKHeRwab-aMY53vzbYJ10KKsam6fGEVILj08C3xSux9Z-FMFtvne3UkHuhXPh_xJfNzGaUyVRxQFnoj44SlwLPGAE&sig=AOD64_31PjLYrRZ9nLszTqpsBFsIOMJp5Q&client=ca-pub-1991679624331369&rf=4&nb=9&adurl=https://bartosgroup.com/%3Fgad_source%3D5%26gad_campaignid%3D22972691733%26gclid%3DEAIaIQobChMIjeLFnaLxkwMVoG_DBh2KJRWQEAEYASAAEgKt6vD_BwE,https://bartosgroup.com/?gad_source=5&gad_campaignid=22972691733&gclid=EAIaIQobChMIjeLFnaLxkwMVoG_DBh2KJRWQEAEYASAAEgKt6vD_BwE,,,,,
1062,https://adclick.g.doubleclick.net/aclk?sa=l&ai=C9qOvROPeaezOAqOJ4dkP5YDQ4Q-grZ2fhgGYlL2wrxXc2R4QASCS4pxKYKW4moCcAaABk-u8xgPIAQmpAgfN2MWowbY-qAMByAPLBKoEjQJP0KBaxVEhOfWytyED6IxgKS4hqkSsXsjVMoIyimVq6hhaTbna16ywl5f48VHG6gvk25BIb0vuWAGnCrRl8tCKV09TiAvR49KUiQZ7BWltTHtvY4h4pDkXj83qx4cDTdZv3RO1fn0qEflZglUKsMlXEaAddt8OIYir0bUdGj-WjaUP7mBNC5w8cusxnex-WXB-qtAw_gwt-0hQep0d937U7WfUtLzx3FpTGjHeNSPbVgcB10wjsrWuS4JEcMVutu2-Ou9i-Rw1B-zlOiX20LStq98kCiBK3swVrP0C8DB4F98w7CWL2zD5di1bmqEAkqds2l-tKT1dmpSoVH46OL5S9t5l_AYkjOmW4vYV1MAEvZbgo8YFiAXTz9f7V6AGLoAH1ZTDOagHp8yxAqgH4tixAqgHpr4bqAfMzrECqAfz0RuoB5bYG6gHqpuxAqgHjs4bqAeT2BuoB_DgG6gH7paxAqgH_p6xAqgHr76xAqgHmuGxAqgH1ckbqAfZtrECqAeaBqgH_56xAqgH35-xAqgH-MKxAqgH-8KxAtgHANIILwiAYRABGJ8DMgiKgoCAgICACDoNgECAwICAgICogAKoA0i9_cE6WKHosvrT7pMDsQmsLRBSHtDNEIAKAYoK1wFodHRwczovL21vbml0b3IuY2xpY2tjZWFzZS5jb20vdHJhY2tlci90cmFja2VyLmFzcHg_aWQ9TmxqU1JPdlhUQXJkeDImYWRwb3M9JmxvY3BoaXNpY2FsPTEwMDA0MjImbG9jaW50ZXJlc3Q9JmFkZ3JwPTE5MDY2NDE0OTgyMSZrdz0mbnc9ZCZ1cmw9e2xwdXJsfSZjcG49MjM2MTMyNjk5NzEmZGV2aWNlPWMmY2NwdHVybD1taW5pbmcuc2FuZHZpayZwbD13ZWF0aGVybmV3cy5qcJgLAcgLAeALAYAMAaIMA5ABAaoNAkFVyA0B6g0TCL6HtPrT7pMDFaNEOAUdZQA0_PANAogOCbgT5APYEwPQFQGYFgHKFgIKAPgWAYAXAbIXEBgBKgo0ODI5NzYzMzg4UAa6FwI4AaoYFwkAAAAAAOzzQBIKNDgyOTc2MzM4OBgBshgJEgKYaRguIgEA0BgBwhkCCAE&ae=1&gclid=EAIaIQobChMI7IC0-tPukwMVo0Q4BR1lADT8EAEYASAAEgK6HfD_BwE&num=1&cid=CAQS9AEABaugfb8_WkLvISSIy5dRn9E5RqHVLQiHKskS0WaI4gED65nz5CzdFx30EcuS1Z7cRgOJqrzjZSgMi_gjEtq3eOjcyGUQ0KVDx8psS_OppgT5IhLLSxWItKY-gsAv3P80gxG-P0OuGnMpZl8HT1DgZkKqorQGypfxeJ1XG5Nl3WKwE-Yyp2McwUny44_neVT4jYGc3hcRypK3wGaJo1WMK_cw6JMcsB9dLeR8KErPUjGPLZjvhhKCY7Iik8Oze7MA9RREc-eDVqeswsPwD1zJeoRtVIr_744-GBXwGXxVUd5a4zoKWbs-KDuGrM3L3lT-gpY6GAE&sig=AOD64_2Tmmjs2GRmQBM4KHKCoy-GYXvYGw&client=ca-pub-1215248651959341&rf=1&nb=8&adurl=https://www.mining.sandvik/en/services/rock-tools-services/resharpening-equipment/%3Fcreative%3D801010909184%26keyword%3D%26matchtype%3D%26network%3Dd%26device%3Dc%26utm_source%3Dgoogle%26utm_medium%3Dcpc%26utm_campaign%3DADM_-_Resharpening_Display-Prospecting%26utm_term%3D%26utm_content%3D801010909184%26gclid%3DEAIaIQobChMI7IC0-tPukwMVo0Q4BR1lADT8EAEYASAAEgK6HfD_BwE%26gad_source%3D5%26gad_campaignid%3D23613269971%26gclid%3DEAIaIQobChMI7IC0-tPukwMVo0Q4BR1lADT8EAEYASAAEgK6HfD_BwE,https://www.mining.sandvik/en/services/rock-tools-services/resharpening-equipment/?creative=801010909184&keyword=&matchtype=&network=d&device=c&utm_source=google&utm_medium=cpc&utm_campaign=ADM_-_Resharpening_Display-Prospecting&utm_term=&utm_content=801010909184&gclid=EAIaIQobChMI7IC0-tPukwMVo0Q4BR1lADT8EAEYASAAEgK6HfD_BwE&gad_source=5&gad_campaignid=23613269971&gclid=EAIaIQobChMI7IC0-tPukwMVo0Q4BR1lADT8EAEYASAAEgK6HfD_BwE&gclid=EAIaIQobChMI7IC0-tPukwMVo0Q4BR1lADT8EAEYASAAEgK6HfD_BwE,yes,,,,
1153,https://www.googleadservices.com/pagead/aclk?sa=L&ai=COflg-FTgaaT5JZPsjeYPp4muqATn5aebf-nAwvOCFc-42-DhGhABIKzZuCJgx9X_jYQmoAHH9PXAA8gBAuACAKgDAcgDCKoE0AJP0NZvCDjfD2laeMESmwk0noxK2yh_X5sQEtnIP86NwMi2tQBIgEQFdACfFY-k84VsE4W0MZvt0e_E37FQ7Ofy80gykJWGnRu8VhhbDNEiW5ZDfWryJEgUN5jUtr47Pk2WwEB6lGjGwxJ2VqTR5LtMlpGDDq61q44hvZHNwA-ttbQPfyc2rHt3HlDz8T3MPfTQt2lBkkSqwIHWt4ZDKMiPpD5eg1S78YZyslYkvNEkhrZrjxI2E39Cv5drefRT2Mq5nf5gyg6sbvX30TvxrQN5QAos62rAOSNw_tGJf_l3i8_CCRQ3ljA4PEl89EtMsLvz4pB8vVnabf1cJVWnuQzGy5iPHiRST9ry9AUSbzXFRKykZQzAoWsdQxFSeV5ogjiTiOgcHbuANyy34ezYsoN8ep3IvVMzZIRdglkKU_6qpQaxbUw0d3oMGsDytS33c7fABPu247ayBeAEAYgF886tmk6gBgKAB6GLij-oB6fMsQKoB-LYsQKoB6a-G6gHzM6xAqgH89EbqAeW2BuoB6qbsQKoB47OG6gHk9gbqAfw4BuoB-6WsQKoB_6esQKoB6--sQKoB5rhsQKoB9XJG6gH2baxAqgHmgaoB_-esQKoB9-fsQKoB_jCsQKoB_vCsQLYBwHSCC8IgGEQARidATIIioKAgICAgAg6DYBAgMCAgICAqIACqANIvf3BOliI6LjEtPGTA7EJL1wuMDxuXL-ACgOYCwHICwGiDAOQAQGqDQJaQcgNAeINEwjvkrnEtPGTAxUTdsMGHaeEC0XqDRMIzqi6xLTxkwMVE3bDBh2nhAtF8A0CiA7___________8B2BMN0BUBmBYByhYCCgD4FgGAFwGyFxAYASoKNDQyOTI1MDE3N1AGuhcCOAGqGBcJAAAAAGBr9EASCjQ0MjkyNTAxNzcYAbIYCRICzmEYAiIBANAYAcIZAggB&ae=1&gclid=EAIaIQobChMIpNW6xLTxkwMVE3bDBh2nhAtFEAEYASAAEgII_PD_BwE&num=1&cid=CAQS4gEABaugfakBTtmrlJU6JjMcPEJT4VbeLKmdvvWdyFAk3DdOixAJvLazYp7s-dmmx6-MAYTPW4g6D7uxug5_zQveqk79rVoZ-sdJP_Ayq0V_KQ086ZczzvC46TRUiMU4Gx74506_f7k6ixMxlbcVvKic4v4czFqqZZyo57PON1aT9XA1ipFvFLZAX5zRO1Hz-xnVOrZKiOUwR6G5ZTAlaf3mGIeenqugizdirU0rDTIMiRnRsOdvgjbpT6mxul4tEiz3X-mHijhoFzs44m2JBHx3NN_9OnF5awawpYsyIQ_lqLmXGAE&sig=AOD64_1z5GsHFP3jnVhtFPu5rwPMoKqq1Q&client=ca-pub-4180835694166255&rf=5&nx=CLICK_X&ny=CLICK_Y&uap=UACH(platform)&uapv=UACH(platformVersion)&uaa=UACH(architecture)&uam=UACH(model)&uafv=UACH(uaFullVersion)&uab=UACH(bitness)&uaw=UACH(wow64)&uafvl=UACH(fullVersionList)&nb=2&adurl=https://www.stryker.com/us/en/endoscopy/products/1788-platform.html%3Futm_source%3Dgoogle%26utm_medium%3Ddisplay%26utm_campaign%3D1788%26utm_content%3D1788_platform%26gad_source%3D5%26gad_campaignid%3D20993238899%26gclid%3DEAIaIQobChMIpNW6xLTxkwMVE3bDBh2nhAtFEAEYASAAEgII_PD_BwE,https://www.stryker.com/us/en/endoscopy/products/1788-platform.html?utm_source=google&utm_medium=display&utm_campaign=1788&utm_content=1788_platform&gad_source=5&gad_campaignid=20993238899&gclid=EAIaIQobChMIpNW6xLTxkwMVE3bDBh2nhAtFEAEYASAAEgII_PD_BwE,,,,,
885,https://www.googleadservices.com/pagead/aclk?sa=L&ai=ChcNXx2DeadGHMtzxjeYP9YGNgQq49P-0hgGEq4e5jBa_4R4QASCM95YmYImLxIT0E6ABhoOUij7IAQmpAmGJpaSwBDs-4AIAqAMByAMKqgTgAk_QYAproZ5EnEgvm7bJpY_AIXnpFbp1eV-QcyYpiZQ9uIUiDxIyDCPz-RBG8_HJvg7CmR6-vK7lUnzhydTHkvg41y1jsQYpRbNic9DTSkTxB3tpQ8F6hkAtzz98oQnAF7Mr0Iojv_WphAbe9sKDUzUqghpjALBsG4_C99SF_a4pB-P_FylW4M41prYL8bbL7YOkxZFtqrCgqiBGXrBkekuv_uJD1Xo6-Z_IJAE9SbO5pRthbUZgPU91GO9zuaxdIQvKveVIWFDZUJt0-jocklEAEBxPpvn9tROAJQHxiDLl2OapYsFRSxSSnJvZ6mDx75os3qS1tnf_WDkWGEuoea5nPj3y8l56RGh0RrPLkwcypY0eeM9eXDvNqiocxxOZaBwQ8z2STfCvE433F_-8XBHYcposKvAiVw3SWnT69HXPxvptVvYafzc7fGDtHM0TxnFqGcEL6J9jh_WenzN-gXfABOCd76LsBeAEAYgFyujFuVigBi6AB4a75OkYqAenzLECqAfi2LECqAemvhuoB8zOsQKoB_PRG6gHltgbqAeqm7ECqAeOzhuoB5PYG6gH8OAbqAfulrECqAf-nrECqAevvrECqAea4bECqAfVyRuoB9m2sQKoB5oGqAf_nrECqAffn7ECqAf4wrECqAf7wrEC2AcA0gguCIBhEAEYHTIIioKAgICAgAg6DYBAgMCAgICAqIACqANIvf3BOljMmIHC1-2TA7EJGwBThTssQE2ACgOYCwHICwGADAGiDAOQAQGqDQJKUMgNAeINEwiDgoLC1-2TAxXceMMGHfVAI6DqDRMIjM-DwtftkwMV3HjDBh31QCOg8A0CiA7___________8BuBPkA9gTDNAVAZgWAcoWAgoA-BYBgBcBshcQGAEqCjE5MDg3NTczNzlQBroXAjgBqhgXCQAAAACA7etAEgoxOTA4NzU3Mzc5GAGyGAkSArBTGC4iAQDQGAHCGQIIAQ&ae=1&gclid=EAIaIQobChMIkYeEwtftkwMV3HjDBh31QCOgEAEYASAAEgLcMfD_BwE&num=1&cid=CAQS0QEABaugfUmslikC6oN2dXxouDIAe26lNdrofOLSXyZMeXUSLCBvHS8P25fRDfeYEnmA_qnuFwMxj5LdMWANvlJyevBCDDvRSMn1f4ZfMaDze4Apd9khlhy69GakXbZ76tbRGD7_OTZox5lj-7u2K1-w_5rxJGwcv4Q7cek2JquzuUO1egVml3hfAZdtSkp7o-HxVHGvoCYpYw4c8oNh44NLe4ZIiuMYbIFGPAmddlrQ8nMPSBTQ3lJHjfCsMLk6FvReLVV5z3EQq7wdkVwWJS_3uRgB&sig=AOD64_0jtVuF5mIAGx_qRfuCLpM_K3VMew&client=ca-pub-6554330019384808&rf=4&nb=9&adurl=https://faaast-penguin.com/ja/ad-lp/%3Fgad_source%3D5%26gad_campaignid%3D23743001674%26gclid%3DEAIaIQobChMIkYeEwtftkwMV3HjDBh31QCOgEAEYASAAEgLcMfD_BwE,https://faaast-penguin.com/ja/ad-lp/?gad_source=5&gad_campaignid=23743001674&gclid=EAIaIQobChMIkYeEwtftkwMV3HjDBh31QCOgEAEYASAAEgLcMfD_BwE,,,,,
935,https://www.googleadservices.com/pagead/aclk?sa=L&ai=CqCU-CE7gaZDFDcHms8IP_L_tOKqDr4SFAZH1l76aE_2C7JqSDhABIKf2jBpgx9X_jYQmoAGKoobNAsgBCagDAcgDywSqBOcCT9C71Geu0ijqzG9BXK-ZHY_DzgncJAFv50QbCo4tzleTh4l8YsdO6bQZ2WQA9jm_BV3xwKFA-fwd9ivaoJs3QUYBPJPSvmxbavs5CouIGdhOcjKeCZo2Z0z8MHDw1686zTQFGP9bPVi7oylX0mBUqjhcRUceI2VWzA11_k2PhdYSCEw4hBVS5K4bxu727lAKYEsyEGHVrOjJB8tOs9ZrGt2JlZpCy1Yg9GsqroPjnr80M7_T_69yoekZQcrc7EwTM3o-2RxXuYqVHikaR5xgAZYR34WYlZwUo4y59oH0qJ8mh3SI6yeYKi52DXOkMCHAXLYxNKE7ZPyq-8qMji5Pi721_Jvm3BS3O8r8UAYEJfzTxLvaPioeFfKcMOsnVjQuBwzAyBmd7DUqvRtOycGKzFpKzj7i7FrC-V8je1A0zvYu8omn56ESvRU7aD8rz1h4oJKwdNBzMWBvYFMafyYOQV6XJD7NE-PABJPThuqbBYgFw-_iu1KgBi6AB97d-bIBqAenzLECqAfi2LECqAemvhuoB8zOsQKoB_PRG6gHltgbqAeqm7ECqAeOzhuoB5PYG6gH8OAbqAfulrECqAf-nrECqAevvrECqAea4bECqAfVyRuoB9m2sQKoB5oGqAf_nrECqAffn7ECqAf4wrECqAf7wrEC2AcA0ggvCIBhEAEYnwMyCIqCgICAgIAIOg2AQIDAgICAgKiAAqgDSL39wTpYttOy9a3xkwOxCcmPtJej1R2NgAoBmAsByAsBgAwBogwDkAEBqg0CWkHIDQHqDRMI5e2z9a3xkwMVQfNMAh38XxsH8A0CiA4JuBPkA9gTDdAVAZgWAcoWAgoA-BYBgBcBshcQGAEqCjAwNTc5Mjk4OTZQBroXAjgBqhgXCQAAAABYagFBEgowMDU3OTI5ODk2GAGyGAkSApFUGC4iAQDQGAHCGQIIAQ&ae=1&gclid=EAIaIQobChMIkOmz9a3xkwMVQfNMAh38XxsHEAEYASAAEgJV2_D_BwE&num=1&cid=CAQS0QEABaugfc61j7RX9IVgm6L7VRbBKWgaUMEjXkRCtU72dN1iDKSHfSsyzb4_JxXvU7YfjOd-_jb8OfRlujEwTpgYYMoZ-zqzjkeTQ5WF0_e-cpetiNoZUMUVXvsIVoFQtGTBKBRd5ZVfBC8v8TUf0KSaLW3BDwQ4d9Z6HbFOf3MYDsS4R3Dy7ygoWX3OYYT3nDG2eXnF2v5LuHB112Won2itwRc-ZWfrZolEPSOm9zW8lF6pZeErveRCQtb6XW7CNij8CvlYbZrAiLnDWdr02sCF9xgB&sig=AOD64_29TP8hXr2Uz1y5VhaTwXV5ukDwtA&client=ca-pub-2107538958244175&rf=1&nb=9&adurl=https://www.harithavillas.com/%3Fgad_source%3D5%26gad_campaignid%3D22137059267%26gclid%3DEAIaIQobChMIkOmz9a3xkwMVQfNMAh38XxsHEAEYASAAEgJV2_D_BwE,https://www.harithavillas.com/?gad_source=5&gad_campaignid=22137059267&gclid=EAIaIQobChMIkOmz9a3xkwMVQfNMAh38XxsHEAEYASAAEgJV2_D_BwE,,,,,
893,https://googleads.g.doubleclick.net/aclk?sa=l&ai=CNaw49CffaZfxPInsjeYPqLO7qATt8NbRhAH2mc_aghSo2ojAqUYQASCHj4skYJXikIKgB6AByNHV1wPIAQOpAoHmgMOcyrM-4AIAqAMByAMIqgS9Ak_QC5IncZ0rNgMj7Of2yaSdI4sm_hSeOo_mjKKKa6MXo2gg_oGiihQGZvWo53_Ou95TpYs2KyeShusnocxLNa3jzFNngd5b9dN2LwN8alyJsK40XQKv3Cbz-2JkSyhjiHpSmdqbGxNkHiJImzhDjLEDU6J7F_jAXsjH9EZtRaoBoJAZGQMYviaoJi-eMMgP_BM8xTVYZjel74jTo9SvPf4LXzKgklI-Pc-LHyRzQkAe9KEpNBcwCRiI5PdQojAzU3Hlf6IH_0BqsKYcXAiQYNg44V6EZ7HtirFPhi2sLaY85LDZfSwYKXT5BjZtXmfpVZ6Nt7mAOC37fdtSkNcs2e5op1U11ULOlZ_IQjymlgBaOn7eBBJT5F8Jl-8bzzqPV9bixFPjv_wsGskwFGjqxUkXSeGOSNJE2CucORilwAT57sGupAXgBAGIBeDRy-VToAYDgAegrqooqAenzLECqAfi2LECqAemvhuoB8zOsQKoB_PRG6gHltgbqAeqm7ECqAeOzhuoB5PYG6gH8OAbqAfulrECqAf-nrECqAevvrECqAea4bECqAfVyRuoB9m2sQKoB5oGqAf_nrECqAffn7ECqAf4wrECqAf7wrEC2AcB0ggyCJHhgFAQARidATIIq4uAgKCAgAo6DoCAAYCAgICAlKiIAqgHSL39wTpYsMnHu5XvkwOxCV82_0qc33begAoDmAsByAsBogwPKgoKCI7fsQKV4rECkAEBqg0CREXIDQHiDRMIpvfHu5XvkwMVCXbDBh2o2Q5F6g0TCOWUyLuV75MDFQl2wwYdqNkORfANAogO____________AdgTCtAVAZgWAcoWAgoA-BYBgBcBshcQGAEqCjIxNTczNzA4MjJQBroXAjgBqhgXCQAAAADYEwdBEgoyMTU3MzcwODIyGAGyGAkSAu1OGAMiAQDQGAHCGQIIAQ&ae=1&gclid=EAIaIQobChMIl7vIu5XvkwMVCXbDBh2o2Q5FEAEYASAAEgI7pPD_BwE&num=1&sig=AOD64_1YkI_3lyLe-cPXO2tb68-EoWiMig&client=ca-pub-3428031914463355&rf=5&nx=CLICK_X&ny=CLICK_Y&uap=UACH(platform)&uapv=UACH(platformVersion)&uaa=UACH(architecture)&uam=UACH(model)&uafv=UACH(uaFullVersion)&uab=UACH(bitness)&uaw=UACH(wow64)&uafvl=UACH(fullVersionList)&nb=2&adurl=https://www.rheinhessen-sparkasse.de/de/home/privatkunden/girokonto.html%3Fgad_source%3D5%26gad_campaignid%3D22493194464%26gclid%3DEAIaIQobChMIl7vIu5XvkwMVCXbDBh2o2Q5FEAEYASAAEgI7pPD_BwE,https://www.rheinhessen-sparkasse.de/de/home/privatkunden/girokonto.html?gad_source=5&gad_campaignid=22493194464&gclid=EAIaIQobChMIl7vIu5XvkwMVCXbDBh2o2Q5FEAEYASAAEgI7pPD_BwE,no,no,no,no,no
884,https://www.googleadservices.com/pagead/aclk?sa=L&ai=C3Wmohlrgab6fNdnls8IPl_PpqAHS1c_EhgH9gOicxxXo0O-AmQIQASCn9owaYMfV_42EJqAB3KW950DIAQmoAwHIA8sEqgTSAk_QOOQujESmj8UjDcq5k4hMXrJU1-Ttu4LeG2J-QmSWUSEq60SLzHhmb46gzvet-7c_jljYghLzRfwvM_EOUOfT7kFSOQDNlM-OYIxhQnrRpTk2rutBVpueN7YbhZj-A3hJ82m61skQmv59Y6390PkvxJACUe2z-jJhzxG_j58q6-jcZxByiCdTjlRZUPoBmOtrBFQLOiLzLnrUc8R2nJDyIRoPM_xUgI5dLgsjCP56L9mhUVSCmwT9gM7VxERXDzPrcPE3yBQC0pefahD-MoFF9y-XiN6WIENVothXm1VTTVWoF6lh82hwsizIYgniG7KB9OyeydS33RUGSKA9Hm4p8PZQm96HKEx3qfi51mPiqKJ6H_bl9ujRE-aE87dcBeDyYq2TkUsImk0-qyq0GHy8WPf518ro_MfiGm-2IYzc_1a-00V_nk6CZhWgJ96wupsIwASN5Mz-0QWIBZ66qcNYoAYugAfc3Y3HG6gHp8yxAqgHpr4bqAfMzrECqAfz0RuoB5bYG6gHqpuxAqgHjs4bqAeT2BuoB_DgG6gH7paxAqgH_p6xAqgHr76xAqgHmuGxAqgH1ckbqAfZtrECqAeaBqgH_56xAqgH35-xAqgH-MKxAqgH-8KxAtgHANIILwiAYRABGJ8DMgiKgoCAgICACDoNgECAwICAgICogAKoA0i9_cE6WL7f0Oq58ZMDsQklxmF8VoUBC4AKAZgLAcgLAYAMAaoNAlpByA0B6g0TCJqA0uq58ZMDFdnyTAIdl3kaFfANAogOCbAOtMiu-xi4E-QD2BML0BUByhYCCgD4FgGAFwGyFxAYASoKOTQyODA2ODkyM1AGuhcCOAGqGBcJAAAAABB29kASCjk0MjgwNjg5MjMYAbIYCRICy04YLiIBANAYAcIZAggB&ae=1&gclid=EAIaIQobChMIvvrR6rnxkwMV2fJMAh2XeRoVEAEYASAAEgLCW_D_BwE&num=1&cid=CAQS0QEABaugfccl0kmhY9m46tNIvst0FMv05-Aqm7ZY3zfSmrOlS_0KOC2yusrkPq2C9MYvCxbQydxPFw2KqC1d2ymnW-dx29ZDboflVuu8NMOVZGc0O5vVOFlCov9biY90ASkj5APmAodwFRX_wiDXn5X4Z4SppHYTuU__K02XEf4EUtR_svzhbZ3ObO_A1BlmG5l5faUBeazdy8O3PY9vHMTcI2VlV9IDU4wVf1t0Uuw02GelKxxQf48OM8Bp6HONfd7p3RJu4eVl9Dg0pGzXrkAANxgB&sig=AOD64_3hT3y6ib28UUf2yqvbZAykpIz59A&client=ca-pub-2107538958244175&rf=1&nb=9&adurl=https://theinnerco.com/products/theinnerco%3Fgad_source%3D5%26gad_campaignid%3D23763508510%26gclid%3DEAIaIQobChMIvvrR6rnxkwMV2fJMAh2XeRoVEAEYASAAEgLCW_D_BwE,https://theinnerco.com/products/theinnerco?gad_source=5&gad_campaignid=23763508510&gclid=EAIaIQobChMIvvrR6rnxkwMV2fJMAh2XeRoVEAEYASAAEgLCW_D_BwE,,,,,
1157,https://www.googleadservices.com/pagead/aclk?sa=L&ai=CjBuCCaHfaeTaGpCdjeYP2MTe2Q6JoPHAhgGrwOStuRW2kB8QASC6mPcVYJsDoAGTifS5A8gBAuACAKgDAcgDCKoEwwJP0A1Ozt3nvBL2WvGSdQ1YGGNnYt0bz4IvqKOXwjXzMxqw-fjga_VwNlZDfS-MX4HABrnFzhiWY9A_1mCc_yIvlA6D46uw5Ao_u3HjFtP6iCX0Nk5nDGDc9spH6545X-ev2qBofoudoJdzFlclZYd3vtsHjD39NFe0_nN6IJJl9svgeu9hwBot84UmsamqN8isvRHrmw-KbUYGADN5tK0g97dOEtIkvABpfBhGhXL_c3QJ_ML1cUjVOJl1OfNPJsARUEkCsAtZXhHez2MazBu4CmPxBd6YWUL6CYe2IDI9Yu5ozH_ytIqXAajH5rFsG6dnj8Ny2bSNuRsSgOXPt8Gv6qZ9lmyHAoiYO800ZJvTSSLXjaRNd5JioA5eiMaf_Tk2K9a1DF04a7VCLjYXgJ_RbzuymTksKEMDefMQmGJfS5CCrcAEpe_F_tcD4AQBiAXk257LNqAGAoAH1faLRqgHp8yxAqgH4tixAqgHpr4bqAfMzrECqAfz0RuoB5bYG6gHqpuxAqgHjs4bqAeT2BuoB_DgG6gH7paxAqgH_p6xAqgHr76xAqgHmuGxAqgH1ckbqAfZtrECqAeaBqgH_56xAqgH35-xAqgH-MKxAqgH-8KxAtgHAdIILgiAYRABGB8yCIqCgICAgIAIOg2AQIDAgICAgKiAAqgDSL39wTpY0Obl94jwkwOxCei--0u7qNX4gAoDmAsByAsBogwDkAEBqg0CS1LIDQHiDRMIp7bm94jwkwMVkE7DBh1Yojfr6g0TCKn95_eI8JMDFZBOwwYdWKI36_ANAogO____________AaITVAo3CANAAVIICgYSBAgBEAFo7oa9kEVyIRIfIAIoATgCQOTbnss2WAFo_v__________AYABAZgBAxoZChdjYS1wdWItMTU5OTc3NzE2NzcxNTcwNNgTCtAVAZgWAcoWAgoA-BYBgBcBshcQGAEqCjMwODc3NjQyNzhQBroXAjgBqhgXCQAAAAC6CSJBEgozMDg3NzY0Mjc4GAGyGAkSAsJcGAIiAQDQGAHoGAHCGQIIAQ&ae=1&gclid=EAIaIQobChMIpIPp94jwkwMVkE7DBh1YojfrEAEYASAAEgLrv_D_BwE&num=1&cid=CAQS0AEABaugfY4ldaWYyASEdkTpSsZUzKOwUOnvY4wtTgDnIl5aHcHXVvhlJSvbmfyiuQr7R8jQj0t0auJX5BYinHLOdXaYOTmLSuARWUE8sJzi7NJq9K80124QAQLsLVX2mXDDQFP8Be0cInlUGzfYKdVR02wXvEM-HFjXZS5PdOmNwq_6StHRN_2vqhOF1Gk16kNbe2e3sJmY3vZvOyXo5TWejCitpkKkSDHUCENevUYcPxjWqFIUscGVunYCpoqs6NmxHVrGQyE39z6AykntPIglGAE&sig=AOD64_0GNl0kFhPAsj1C0YCBH4DYzIhfOw&client=ca-pub-1599777167715704&rf=5&nx=CLICK_X&ny=CLICK_Y&uap=UACH(platform)&uapv=UACH(platformVersion)&uaa=UACH(architecture)&uam=UACH(model)&uafv=UACH(uaFullVersion)&uab=UACH(bitness)&uaw=UACH(wow64)&uafvl=UACH(fullVersionList)&nb=2&adurl=https://www.costcopaymentprocessing.com/pricing/special-offer.html%3Fecid%3DDS_60327%26gad_source%3D5%26gad_campaignid%3D14653304292%26gclid%3DEAIaIQobChMIpIPp94jwkwMVkE7DBh1YojfrEAEYASAAEgLrv_D_BwE,https://www.costcopaymentprocessing.com/pricing/special-offer.html?ecid=DS_60327&gad_source=5&gad_campaignid=14653304292&gclid=EAIaIQobChMIpIPp94jwkwMVkE7DBh1YojfrEAEYASAAEgLrv_D_BwE,,,,,
1076,https://www.googleadservices.com/pagead/aclk?sa=L&ai=Cj3-zTljeaYOUIK-ijeYPzd3jwQ_0st6rhgGX7eDR8BQUEAEggLzGc2CJi8SE9BOgAYW4y4sDyAEJqQJhiaWksAQ7PuACAKgDAcgDCqoEtwJP0O4Cd6GqHb4JBD2MshIK2w2u7Wgxpkyl7kt0KdKL6ieiYS3G6jpSvrgcKNRXZ0T3pSUrFJp3XnRM-dk2B_blGYPE9QRNi1S_xW4kx1qF2bTSWx5SkdBHcKeM_CAV-o2ULlSo1keK20ARgBll1PQR6QXIpGYECz84_i_eJwsuFiANxiYBoT-NiyDieFSmEb2CdFKffyWfsMw3Q5zMsfzruZfODDf6VOdVFDCQ9FDx1EAziWjjjWaL7f-ojCXNCuwi36pcCXG_1qhGmk1OgxBG0OYDzkrkDVagnJY-NwPUXTN04Xq2HTZCNX0mO52LE8YbVJt8c9l9s6XBRzDfB39646OuLiXUbOMGjtiJQUf1rmhB4uoAX71dX-cZ2uTzF1u53J2RDbhPNn8RfgxCHhxBinTPFtVbkcAE0OWr7bcF4AQBiAXl9MqGSaAGLoAH48e0dKgHp8yxAqgHpr4bqAfMzrECqAfz0RuoB5bYG6gHqpuxAqgHjs4bqAeT2BuoB_DgG6gH7paxAqgH_p6xAqgHr76xAqgHmuGxAqgH1ckbqAfZtrECqAeaBqgH_56xAqgH35-xAqgH-MKxAqgH-8KxAtgHANIILwiAYRABGJ0BMgiKgoCAgICACDoNgECAwICAgICogAKoA0i9_cE6WIG7zrfP7ZMDsQlMzW-A7sEw4IAKA5gLAcgLAYAMAaoNAkpQyA0B4g0TCL_kzrfP7ZMDFS9RwwYdze44-OoNEwjWudC3z-2TAxUvUcMGHc3uOPjwDQKIDv___________wHYEwyIFAHQFQHKFgIKAPgWAYAXAbIXEBgBKgo5NzI4OTk5NTY0UAa6FwI4AaoYFwkAAAAAYHj0QBIKOTcyODk5OTU2NBgBshgJEgL2ThguIgEA0BgBwhkCCAE&ae=1&gclid=EAIaIQobChMIg_PQt8_tkwMVL1HDBh3N7jj4EAEYASAAEgKq3PD_BwE&num=1&cid=CAQS0gEABaugfe_jtQBjankEOWCNgGLXAoCtbU6Nju9AKUaslvluAkzGUN_MIcL_IDr2NicW57W5eJId2O3xMFL65IqzWsKfsNGkBCHEVEkRV5q5_VacAnxQHVrAoww8hkgppPfjPocrrA1T2CLKHiUy0pAhrm-apc74pV3UnK4TywPzbsuZMU94i7zfRMmCBPJkTEEWMhn1aLNAUy4y7410_e9kAo6m-yLdlfP5A3xfuEQCrpX3HUsVdmLRksxuHQUXWGb14nfvh4u2Y2afN3srI7JQ5bUYAQ&sig=AOD64_1ySBKw8UP6EfZYI5x-zbeyCT86Dg&client=ca-pub-2018484621237323&rf=4&nb=9&adurl=https://www.palsystem-kyosai.coop/examine/products/tasukeai_otona/%3Futm_source%3Dgoogle%26utm_medium%3Ddisplay%26utm_campaign%3Dpal_lcourse_broad%26gad_source%3D5%26gad_campaignid%3D19609598565%26gclid%3DEAIaIQobChMIg_PQt8_tkwMVL1HDBh3N7jj4EAEYASAAEgKq3PD_BwE,https://www.palsystem-kyosai.coop/examine/products/tasukeai_otona/?utm_source=google&utm_medium=display&utm_campaign=pal_lcourse_broad&gad_source=5&gad_campaignid=19609598565&gclid=EAIaIQobChMIg_PQt8_tkwMVL1HDBh3N7jj4EAEYASAAEgKq3PD_BwE,,,,,
1247,https://www.googleadservices.com/pagead/aclk?sa=L&ai=CHAoEhkXgaffqO63cjeYPzZzcyQGkxqDChgGq7L7R8xXT34q1mzkQASC-z4caYMfV_42EJqABvajp_gLIAQOpAunJ73FDZ3A-4AIAqAMByAMIqgTBAk_Q0Flj2KM49RuxUfZwnEy9Ns55qpk118mgrZ6t_mCvr_LqhY7ByBO3t9iY25SJgq97vtPGTYyM001bAFL0VojyMZmtFPqbTpYWaVNTY-UcylwFDfy8fF8qWkZSvzN2DubrmzB9lrIOeEWW3shUfsYqgxx3pCqITYK9ql_qfWyxQ_eu9juiNUyV6sJWfCxkcne4LpuJOligKNg4x69CiAHPJCkOvxWUiB8ZB_V7G1RDxzzl3wiAIf-s8h9l1gwvatD-hrJNgUqVBOAZwFAJB7piYzbmpJMjvmYQNk5SYqOlN4S8r7FPwbu3ZRNbKhvFfAXx5FmPETQ2eyQ5TTOyAigdVm9lunItuMGD3wO7pocBTY6KnNLGtOFev2HOyseYT5gJrr_0QiqyO8c_GbekCFSlGRW56ImliaOYFoJFPPKlc8AE2qOy39wF4AQBiAXfydCZWKAGA4AHq9eWgQGoB6fMsQKoB-LYsQKoB6a-G6gHzM6xAqgH89EbqAeW2BuoB6qbsQKoB47OG6gHk9gbqAfw4BuoB-6WsQKoB_6esQKoB6--sQKoB5rhsQKoB9XJG6gH2baxAqgHmgaoB_-esQKoB9-fsQKoB_jCsQKoB_vCsQLYBwHSCC4IgGEQARgdMgiKgoCAgICACDoNgECAwICAgICogAKoA0i9_cE6WL6Emeel8ZMDsQnHmbahcO1gw4AKA5gLAcgLAaIMA5ABAaoNAlpByA0B4g0TCP65meel8ZMDFS1uwwYdTQ43GeoNEwjfzprnpfGTAxUtbsMGHU0ONxnwDQKIDv___________wHYEwLQFQGYFgHKFgIKAPgWAYAXAbIXEBgBKgozODUyNjA3NDM4UAa6FwI4AaoYFwkAAAAAuDUUQRIKMzg1MjYwNzQzOBgBshgJEgKvWhgDIgEA0BgBwhkCCAE&ae=1&gclid=EAIaIQobChMI98Wb56XxkwMVLW7DBh1NDjcZEAEYASAAEgIGqPD_BwE&num=1&cid=CAQS4gEABaugfcgGtL3Zb9enJECv--1YKTlMSO__XciPQ2n_iAw9_Fu0J9pfP2WV0rlWPsuwkkATCuQC1mw77Vv9E2keyWvaOXb6XOgOnrt2ISuAhhhZVLlvnHwoRayII-l0ZgfT4Q-0TU42patdKKhJzR4Tshl9eneZFTPUu9gt-o8Cps_kWgeBzZmIBeUsiXhJqbSCBpaheGy9oGVkCuiS-jzYULB1B1_lNnuhkOErSLFe5XVS5D4M7xRBVv0-5_XVw47dzdff7nuGvYsBOPlbTqg4j7gWq6Lu3qHnCaWBaKlszXJIGAE&sig=AOD64_1f6WGoRiufaG0WOU4ZwaAiSLvc3Q&client=ca-pub-6453680425766689&rf=5&nx=CLICK_X&ny=CLICK_Y&uap=UACH(platform)&uapv=UACH(platformVersion)&uaa=UACH(architecture)&uam=UACH(model)&uafv=UACH(uaFullVersion)&uab=UACH(bitness)&uaw=UACH(wow64)&uafvl=UACH(fullVersionList)&nb=2&adurl=https://okfurniture.co.za/cat/2026/March/RSABigBrands2/index.html%3Fgad_source%3D5%26gad_campaignid%3D23676069087%26gclid%3DEAIaIQobChMI98Wb56XxkwMVLW7DBh1NDjcZEAEYASAAEgIGqPD_BwE,https://okfurniture.co.za/cat/2026/March/RSABigBrands2/index.html?gad_source=5&gad_campaignid=23676069087&gclid=EAIaIQobChMI98Wb56XxkwMVLW7DBh1NDjcZEAEYASAAEgIGqPD_BwE,,,,,
1239,https://www.googleadservices.com/pagead/aclk?sa=L&ai=CVG5Yv03gad6wJ7Dks8IP4KG90A6N7tTBhQHm5OaFiRSrq_vrhAIQASDa8Y4MYMfV_42EJqABmZjepgLIAQmpAqeLjGnkZ3A-qAMByAPLBKoEvAJP0DjSAV0ezt6f-Ta4Bse3mei0yobECjXLbTjsmn7ESl93fqxt3yPtGHVP48sUigUJpWGpusErFbIUJeX_gr1LqbRlljGxE_nnIc2d85kjpNXWhuZVtMcMEDFBU4q-bs0_ny5QReapm9Mzk6THCxSdftNsA3hzXXLo4mPOrCRI268oDE_RAAAlGMcPcakDl8BxpkyHlsE1MX8lo0MglOobuUohBM1ItngHbrrk6r42S6o6DfLt50tQ0OIzH_Yb737WQBDWkG9BynwBILs4OCcx31hcXE4Qk1lVf2lWlicXV-s8KBqCDpIeafp338Ualmo8gbOlYZwCkFGuOal9NxEHOsUffB_IFJz54kJcX0PrrGVGngKhfQpHSmkEVc-ZxzK65LzAJCEcIuQxxZ8i_SllOUsNFuXJzgHDXXN8wAS--tDc2ASIBaXR5udPoAYugAfP56HZAagHp8yxAqgHpr4bqAfMzrECqAfz0RuoB5bYG6gHqpuxAqgHjs4bqAeT2BuoB_DgG6gH7paxAqgH_p6xAqgHr76xAqgHmuGxAqgH1ckbqAfZtrECqAeaBqgH_56xAqgH35-xAqgH-MKxAqgH-8KxAtgHANIILwiAYRABGJ8DMgiKgoCAgICACDoNgECAwICAgICogAKoA0i9_cE6WND15NKt8ZMDsQk867lLSr70nYAKAZgLAcgLAYAMAaoNAlpByA0B6g0TCL2T5tKt8ZMDFTDyTAId4FAP6vANAogOCbgT5APYEw3QFQHKFgIKAPgWAYAXAbIXEBgBKgoxODcwNTIyNzc4UAa6FwI4AaoYFwkAAAAAuDYCQRIKMTg3MDUyMjc3OBgBshgJEgK7TxguIgEA0BgBwhkCCAE&ae=1&gclid=EAIaIQobChMInozm0q3xkwMVMPJMAh3gUA_qEAEYASAAEgIc7_D_BwE&num=1&cid=CAQS0QEABaugfQ79RARSHrwgh8VaNnfZX-LxxD3Z4uJdjdgBMqAM7ahA4VyXNS7N2Ey_gd3aHURpH7ydnQRNoPXHWU7m6QP7Z3sIz3bwusx7LG7zyseJU18eUyms8K2afiWcPKHX-YPRc51RDwj-b6LTy-LCN0B7obKwglQ_ZBbA1uTszeMzNLPw_1AKfHbe_tKTqlKMQvl2q2YE9c9PgxSdk3Xj0LiW7D7czQdtbaTN61EtsMvnWAUnn-9Wp13FH_1u4oPw4i8DL-ADTHpuI1yK8XNDJRgB&sig=AOD64_1MePB0Yu7PMZ8LNCqrTcYdyLUL4A&client=ca-pub-9783515403541006&rf=1&nb=9&adurl=https://yourdiamonds.co.za/our-collections/engagement-rings/%3Fgad_source%3D5%26gad_campaignid%3D21424089253%26gclid%3DEAIaIQobChMInozm0q3xkwMVMPJMAh3gUA_qEAEYASAAEgIc7_D_BwE,https://yourdiamonds.co.za/our-collections/engagement-rings/?gad_source=5&gad_campaignid=21424089253&gclid=EAIaIQobChMInozm0q3xkwMVMPJMAh3gUA_qEAEYASAAEgIc7_D_BwE,,,,,
967,https://www.googleadservices.com/pagead/aclk?sa=L&ai=CzagxBdfeaevRI-uBjeYPlO61oQe9nsK4fpSMn47NE72T8siNDhABIPeQnidgpbiagJwBoAHo_pv2KcgBAqkCTCo17wHwpz7gAgCoAwHIAwiqBKoDT9BcgP3QJB89RWB_VsndhtWb1eLWZ8_a5BqYp_FCeeIMLlmVZtoiD1X8yNs7F4HYfwXvc5Q6fcas1VFeUtTB6Wla8FWL8qjqsUPYS2gygiH8bic0pTVcu9aeZlICmzykzypV0nlwz4fKxxWt6UcqXJZCtEHBjkGf5y3yAh711aS6qWNhExDCSBkxSPTQweJdq9H9nzOGUPt0wvD8kXT-NmszFM0_jMBcvLneJGs6HDYXwE6kFxt51tL2LYr2NN08miK64bmYM6fF8tu7bs7QA9-FMXsDs7p5bZrMExchKc-WycKHc7RAxR2zh1X_qvLEsgmjIRMDk6asjrHRgnZw9r13NCInyURRfEYG76CvC_re3_P-KF0YR9HiUL981-CPqqjrF1vt1coem9GCI-ufk9CBPHXu1tnIU5ntWNyzbFoe-0jtqG8AzShurrwhLmW5KHXPFoX13Ygxd-68_UN0sk3VnMgMAQPXfzAFBn1AQ3VrgVNfIUtJByxSMjYTDwYcKyLpG2oMeTA0zcelTzvRPqn0-sQ9HMy9JXxcLrSe9xsFByiVYCtlnfzrwATcqpXcmAXgBAGIBZr5hMFToAYCgAfotuzVBKgHp8yxAqgHpr4bqAfMzrECqAfz0RuoB5bYG6gHqpuxAqgHjs4bqAeT2BuoB_DgG6gH7paxAqgH_p6xAqgHr76xAqgHmuGxAqgH1ckbqAfZtrECqAeaBqgH_56xAqgH35-xAqgH-MKxAqgH-8KxAtgHAdIILwiAYRABGJ0BMgiKgoCAgICACDoNgECAwICAgICogAKoA0i9_cE6WMC_4aPI7pMDsQl5bSw_XZ2qPoAKA5gLAcgLAaoNAkFVyA0B4g0TCPrq4aPI7pMDFetAwwYdFHctdOoNEwjlruOjyO6TAxXrQMMGHRR3LXTwDQKIDv___________wHYEwPQFQHKFgIKAPgWAYAXAbIXEBgBKgo0MDk4Nzg0MDcwUAa6FwI4AaoYFwkAAAAAIIz6QBIKNDA5ODc4NDA3MBgBshgJEgKnURgCIgEA0BgBwhkCCAE&ae=1&gclid=EAIaIQobChMIq-jjo8jukwMV60DDBh0Udy10EAEYASAAEgIntfD_BwE&num=1&cid=CAQS4wEABaugfaNPPMFtg0cvfYSLfhy3rBAowDOrvIAlptUpp6SIegMTyNohJrMNSUQ5ki-fCJFAuT61DfzHb5jZZae1vfn7njBUm8-z594snPzdGjQZFuuI9nCf83f9Enp_PGogLB3A5i1LOE37tAIpCjNVp4Zu2NtFkvg9puc2Ukal0ogHXKKTrNJnvKQuLeI3c5cqHUc2-EBOky6OQ4LiPN4mb6M06TZ-a59GntoEfMMDb-8Cit3OPUTQc1FLVB5SPk2Yj4xHSZ_ksQtsTS3dqvITupHyZ3NL_yFD9vISv3RCsaXTEhgB&sig=AOD64_3j1LgwIF_KbWWJ8CglB7Ca8moW8g&client=ca-pub-7779027078698074&rf=5&nx=CLICK_X&ny=CLICK_Y&uap=UACH(platform)&uapv=UACH(platformVersion)&uaa=UACH(architecture)&uam=UACH(model)&uafv=UACH(uaFullVersion)&uab=UACH(bitness)&uaw=UACH(wow64)&uafvl=UACH(fullVersionList)&nb=2&adurl=https://hengst.com.au/%3Fgad_source%3D5%26gad_campaignid%3D22416538778%26gclid%3DEAIaIQobChMIq-jjo8jukwMV60DDBh0Udy10EAEYASAAEgIntfD_BwE,https://hengst.com.au/?gad_source=5&gad_campaignid=22416538778&gclid=EAIaIQobChMIq-jjo8jukwMV60DDBh0Udy10EAEYASAAEgIntfD_BwE,,,,,
1114,https://googleads.g.doubleclick.net/aclk?sa=l&ai=CrMw8EynfaYmAIeq5geAP0fbm-QzSoISghgHJ-8LCsBX69c38mkUQASCS5skmYJXikIKgB6ABqeOrxCjIAQKpAnqKRZfsx7M-4AIAqAMByAPJBKoEngJP0FGqhYg2hGwbbJG3_AszQLEIvrdyjT4zAp7S6i9FOgFS_spFBLBreZe8OpVP2m8C6UtaLN11oJd5ZEaY1Q5-X-wBNlifVyX01y8EJgw6fi8uMH9exp_11ugAXRAVpXXezaQlGm1zV-2iw-J4kxxRAGg4oIN3Y4vaO8R3N5MGXQya91iUWXBdC6l8XKt1nNlvI4QZkEoQ12dqLzlNzhzkgGSkYfBCzs5VbX_35JyzGL_x1vGPO3vyKDFzzyUhZUDLNl4bjAZj0g96z8vWc-rb5oj_cXch5zj0xGGtHzgALWkezm_Bisk3I_dpBxu-gNnCypZmv3hRMK0Xdnznjmg8lFDT16OxultGm288EwmD1zxG29yU4h7woy6wkrfiwASg1NGRzgXgBAGIBYqbmIlXoAYCgAe9h4CpA6gHp8yxAqgH4tixAqgHpr4bqAfMzrECqAfz0RuoB5bYG6gHqpuxAqgHjs4bqAeT2BuoB_DgG6gH7paxAqgH_p6xAqgHr76xAqgHmuGxAqgH1ckbqAfZtrECqAeaBqgH_56xAqgH35-xAqgH-MKxAqgH-8KxAtgHAdIIMAiR4YBQEAEYnQEyCKuLgICggIAKOgwAgICAgICUqIgCqANIvf3BOljG1ZjElu-TA7EJqzx9ky0-50aACgOYCwHICwGiDAOQAQGqDQJERcgNAeINEwjB_pjElu-TAxXqXAAGHVG7Oc_qDRMIl5iZxJbvkwMV6lwABh1RuznP8A0CiA7___________8B2BMN0BUBmBYByhYCCgD4FgGAFwGyFxAYASoKNzE0NzgyNjA3NFAGuhcCOAGqGBcJAAAAAICo-EASCjcxNDc4MjYwNzQYAbIYCRIC_04YAiIBANAYAegYAcIZAggB&ae=1&gclid=EAIaIQobChMIydWZxJbvkwMV6lwABh1RuznPEAEYASAAEgJ9M_D_BwE&num=1&sig=AOD64_2WKUzjolKlrPCDbkfCA1h7xWzdQg&client=ca-pub-8162630360170543&rf=2&nb=2&adurl=https://www.eventim.de/noapp/artist/jurassic-world-the-experience/%3Faffiliate%3DSEM%26referer_info%3Dad_edge_jurassicworldexhibition_gdn%26gad_source%3D5%26gad_campaignid%3D23373155722%26gclid%3DEAIaIQobChMIydWZxJbvkwMV6lwABh1RuznPEAEYASAAEgJ9M_D_BwE,https://www.eventim.de/noapp/artist/jurassic-world-the-experience/?affiliate=SEM&referer_info=ad_edge_jurassicworldexhibition_gdn&gad_source=5&gad_campaignid=23373155722&gclid=EAIaIQobChMIydWZxJbvkwMV6lwABh1RuznPEAEYASAAEgJ9M_D_BwE,no,,,,
1202,https://www.googleadservices.com/pagead/aclk?sa=L&ai=CTLsyqEPgaZbVIYuV3NMP4Ze3mAX1oaKVhQHFsY_96BTrm8bNgQ8QASDI1vUZYMfV_42EJqABxfepyAHIAQmpAn4HhDwIZXA-4AIAqAMByAPLBKoErAJP0BNU3hIPZeBSu2hd47a0KzJ1ZzIHsksSmnwiGgR387UJL9fJMtgrQwc4FjGRiIv6Mnd-E2ZtSoiShSpROQccVTYmDgjwaSkD9pHaVFoqyUoo4Q88Xkun7B_eRTXBMAbM6UO2A8nDSpMdT1acSZgr23dvWd2UM5G8Rq4dtWGgA6IGbAfHV6D2i8vwPBCFZE5pJqJjTgc73oV22pv7eO6GiJguwblzEvBzmvlCublQ3BUSzKvyQsDttRvzRy2lC-oYXPeVb71Zvez76ZPJA2HcCFKt9Tzs7x6xlOC3jdO7zcY2Bjyt6ogwfQBkrJnUrff7HNbYBCvLBg7N0wI0uz0vJPziTEdQCmiYOBMD0jM3RmDQuSFe-chdhb0iwScViwxaw7pXRpioDs1IufbABOyL6KTBBeAEAYgFoo29uFbABQX6BQYIJRABGACgBi6AB6OI1rcCqAenzLECqAemvhuoB8zOsQKoB_PRG6gHltgbqAeqm7ECqAeOzhuoB5PYG6gH8OAbqAfulrECqAf-nrECqAevvrECqAea4bECqAfZtrECqAeaBqgH_56xAqgH35-xAqgH-MKxAtgHAMAIAdIILwiAYRABGJ0BMgiKgoCAgICACDoNgECAwICAgICogAKoA0i9_cE6WMfPiIOk8ZMDgAoDigrJAWh0dHBzOi8vbW9uaXRvci5jbGlja2NlYXNlLmNvbS90cmFja2VyL3RyYWNrZXIuYXNweD9pZD14cGZFdHNITkxMdUdqMCZhZHBvcz0mbG9jcGhpc2ljYWw9MTAyODY2NSZsb2NpbnRlcmVzdD0mYWRncnA9MTg5MzI0MTk5NDA0Jmt3PSZudz0mdXJsPXtscHVybH0mY3BuPTIzMjAzODkwODUwJmRldmljZT1jJmNjcHR1cmw9cm1zb25saW5lLmNvLnphJnBsPZALA5gLAcgLAeALAYAMAaIMAkgBqg0CWkHIDQHiDRMIt_iIg6TxkwMViwp3BB3hyw1T6g0TCNn7iYOk8ZMDFYsKdwQd4csNU_ANAogO____________AeASq7_HgdD4q9DRAdgTDNAVAekV7fdYlVWhTxfwFYmg4qsB-hUGMTk2MTg0yhYCCgD4FgGAFwGyFxAYASoKNzE2MTU4Mjc3N1AGuhcCOAGqGBcJAAAAADDrJkESCjcxNjE1ODI3NzcYAbIYCRICvlAYLiIBANAYAcIZAggB&ae=1&gclid=EAIaIQobChMIlsmKg6TxkwMViwp3BB3hyw1TEAEYASABEgIqDPD_BwE&num=1&cid=CAQS4gEABaugfQgJ4D0Vi2_6DuugRE8leQ5YX5F2nCX7VvLs3Duz0WZ0R8crohulEouhUb3J4T49TcIagwUabrErUW93hulUbrqR-oHpBsNmyRT4alry8qJjuKzWRHcnifUFm-CyJN0ZatLArLrBuUp-ez0Azns59zgRTDF3sChVtXRFwQn10y2tX8fXWNmBcWXEpUZqqb4xVIeGI5XCErDodc26Ez1O2oz7-Pd8iSpmQSTwysSZ5UNsGBOPcqhhGgHpkEpiRj27q4HACNsnPBLKsaET2AQiAiBBDpJjGNQhP42QFUILGAE&sig=AOD64_1O-OGRI2htxuvqamYfKRsu2FxUoA&ctype=5&client=ca-pub-4177862836555934&nb=9&adurl=https://rmsonline.co.za/product/micrologic-7-0-h-for-drawout-breaker/%3Fgad_source%3D5%26gad_campaignid%3D23203890850%26gclid%3DEAIaIQobChMIlsmKg6TxkwMViwp3BB3hyw1TEAEYASABEgIqDPD_BwE,https://rmsonline.co.za/product/micrologic-7-0-h-for-drawout-breaker/?gad_source=5&gad_campaignid=23203890850&gclid=EAIaIQobChMIlsmKg6TxkwMViwp3BB3hyw1TEAEYASABEgIqDPD_BwE&gclid=EAIaIQobChMIlsmKg6TxkwMViwp3BB3hyw1TEAEYASABEgIqDPD_BwE,,,,,
976,https://www.googleadservices.com/pagead/aclk?sa=L&ai=C6VRvKR_faf21BIy07OsP9bLzIPaS95F1nuT7uIgQy-WUl5gOEAEgp_aMGmCV4pCCoAegAdDUgb8DyAEBqQJ6ikWX7MezPqgDAcgDywSqBNACT9CtAU7srEh-zvPQLkKJdNwAdU8y4BltWBjOFCG0qdhwDQpciphHZKidmLayaOAsS4wr9OGAmHloYeCtpOTOWf_mM9Z9asMEDqdrNRUBQGBhau0Ji2Jf87IpHbStGq59h9Kutm-yovE99VOWY4zHFX8PUejCA1vDtm9G27FXrLbEE3m7sfqwmB3uUQn7kuWfH1MOnm9IsUPqs5behwHL99BCjpx8q9ZrXsGSYQ7D56LFF-I-r_VKNOK434vO1Eagld-RP6KDZWF0M9c5z_f_dEOqyVKmAXaVtxCrHdSwwns0iYzB7blTFHtWYp4ur0rMOV5fHBUfcVGBi3a_5ECX-ZUDP3nlCmyDJBbZ7Mr5XPmIMvTX7A4aeU8gJ2J8580GVQiesFfqCPPYketvrXIXl1lDBVjn8__rJ-4qmF3Wx04W9QzwQijB5WyCeTqY7MeiwASxhrK5hQSIBbKu7PdAoAYugAeYq_5AqAenzLECqAemvhuoB8zOsQKoB_PRG6gHltgbqAeqm7ECqAeOzhuoB5PYG6gH8OAbqAfulrECqAf-nrECqAevvrECqAea4bECqAfVyRuoB9m2sQKoB5oGqAf_nrECqAffn7ECqAf4wrECqAf7wrEC2AcB0ggyCIDhgBAQARifAzIIqoKAgICAgAg6DoDAA4CAhICAlKiIAqgHSL39wTpY4sfgiY3vkwOxCa-_IIDGWnL2gAoBmAsByAsBqg0CREXIDQHqDRMIrvThiY3vkwMVDBp7Bx112RwE8A0CiA4J2BMDiBQB0BUByhYCCgD4FgGAFwGyFxAYASoKMDA1NzkyOTg5NlAGuhcCOAGqGBcJAAAAAFBaEkESCjAwNTc5Mjk4OTYYAbIYCRICu08YLiIBANAYAcIZAggB&ae=1&gclid=EAIaIQobChMIve7hiY3vkwMVDBp7Bx112RwEEAEYASAAEgLzk_D_BwE&num=1&cid=CAQScAAFq6B9LeTHw8PAz3aDhm9aODKAZ6xJSSL-q-d17tNbVG7nxTEjVp7lvwJ6JXn3yamrOaurl4kXhMuGHw13vPYTbqxR9GRBX-rWl5Saw-oHQ7WI-sm9OSdDiNdUi4NP4L0XO990iL0jzHhz4DnP8nIYAQ&sig=AOD64_3GLOyfx9Wgg_RB8Kf2mqnFs41UZQ&client=ca-pub-2107538958244175&rf=1&nb=0&adurl=https://www.spreckelsen-hamburg.de/%3Fgad_source%3D5%26gad_campaignid%3D17431205682%26gclid%3DEAIaIQobChMIve7hiY3vkwMVDBp7Bx112RwEEAEYASAAEgLzk_D_BwE,https://www.spreckelsen-hamburg.de/?gad_source=5&gad_campaignid=17431205682&gclid=EAIaIQobChMIve7hiY3vkwMVDBp7Bx112RwEEAEYASAAEgLzk_D_BwE,yes,yes,yes,yes,
1221,https://www.googleadservices.com/pagead/aclk?sa=L&ai=Clfl_mcneafiEBNH5ovUPoPn6oAXqr-e4fq_CivfmE9zZHhABINOx301gpbiagJwBoAGr-67HAcgBAqkC6-FSXyPjpz7gAgCoAwHIAwiqBLsCT9ADwD_6RUt1B_C_owPJw_w5Zhrw_3xlU4fiajiDmhIA1ajekWJNz5zcb29HZx25bGy0s_HfdxD6jZBn_qbPMR9CiO28aapMtUvZahlckWUz67uSgkBg2NUYkjlRZSTSGUvJUlHuioV2KC4tNPK3GLZxddovdTvLMR8L_qnu-pr008aLjuuHo76a1H1uhvjkbrfT10YH7lzgSj88D9exELTRi5TucLsSvxom5GEKr34-bNPiJ6jIx_jObWuEj0T3bCxGiGawE6dpZt2qxP4fv8omutKOtpv3kXKiiPQgarTpxGm7rBBUrhpHGyRQQmSsuXWgibEPa1T7XJCZ0IeTlT8DTbSoY3HE1WloCASUihNUG9WypZXzbOQEgNUW3KkB-qORQ5m-8eofDSIQ4rL8AX8_3RQX4lqsg2HCwAT_l5TDsQPgBAGIBd-ZwvwtoAYCgAe9hNG4AqgHp8yxAqgH4tixAqgHpr4bqAfMzrECqAfz0RuoB5bYG6gHqpuxAqgHjs4bqAeT2BuoB_DgG6gH7paxAqgH_p6xAqgHr76xAqgHmuGxAqgH1ckbqAfZtrECqAeaBqgH_56xAqgH35-xAqgH-MKxAqgH-8KxAtgHAdIILgiAYRABGB0yCIqCgICAgIAIOg2AQIDAgICAgKiAAqgDSL39wTpYyN-8vLvukwOxCZOeC4vq6rgSgAoDmAsByAsBogwDkAEBqg0CQVXIDQHiDRMIpoW9vLvukwMV0byoCB2gvB5U6g0TCLGwvry77pMDFdG8qAgdoLweVPANAogO____________AdgTAtAVAZgWAcoWAgoA-BYBgBcBshcQGAEqCjQ1NDc0MDcyMjBQBroXAjgBqhgXCQAAAAD8aBhBEgo0NTQ3NDA3MjIwGAGyGAkSArdOGAIiAQDQGAHCGQIIAQ&ae=1&gclid=EAIaIQobChMIuLWPvbvukwMV0byoCB2gvB5UEAEYASAAEgIKN_D_BwE&num=1&cid=CAQS4wEABaugfR1jBahb9u5A1Lh_x4FHXLk00qWHfjT3r6SGl7gpWDbVtvh7TWzEOHimvEQo4g2Zkwm86H2sctT7alqKQ9Wu9e64VS9-Rl0Q7-j6xKoJ9SvzbJtInHTJ7sUiC6RhFPKS3NfK3HUsJOYIdMZ9L5Tayjxqsu7x3aFPx3nsHq-beFwlH71fC_h1WeKiu-5PupHuBT_muWv1x6U-TZX4Bm7lQyNKfJWdzbevREgxOHglcvnHOlqn3Tui6ACDJdriQDLcejvI7Ybe_GTgxoXJnglDtc7EVTQ-t6IvkXca_x8-VxgB&sig=AOD64_3gL9tmeKvosWqPiPpWQc1ukIRy7w&client=ca-pub-7732679874752919&rf=5&nx=CLICK_X&ny=CLICK_Y&uap=UACH(platform)&uapv=UACH(platformVersion)&uaa=UACH(architecture)&uam=UACH(model)&uafv=UACH(uaFullVersion)&uab=UACH(bitness)&uaw=UACH(wow64)&uafvl=UACH(fullVersionList)&nb=2&adurl=https://jamesmichaelhomes.com.au/%3Futm_source%3Dgoogle%26utm_medium%3Dcpc%26utm_campaign%3D%26utm_content%3D116373392383%26utm_term%3D%26gad_source%3D5%26gad_campaignid%3D12340727007%26gclid%3DEAIaIQobChMIuLWPvbvukwMV0byoCB2gvB5UEAEYASAAEgIKN_D_BwE,https://jamesmichaelhomes.com.au/?utm_source=google&utm_medium=cpc&utm_campaign&utm_content=116373392383&utm_term&gad_source=5&gad_campaignid=12340727007&gclid=EAIaIQobChMIuLWPvbvukwMV0byoCB2gvB5UEAEYASAAEgIKN_D_BwE,,,,,
939,https://googleads.g.doubleclick.net/aclk?sa=l&ai=CInY6l1feabH6KqyPjeYPyKG7qAPbm6S_hgG4wP7e3RWhpvjz0B0QASCHj4skYImLxIT0E6ABk4zJySjIAQGpAvKvWUIYDDs-4AIAqAMByAMIqgTQAk_Qf99JH_yHyiPoSeFBWywhSmmzgeRof0Z5yGyI2quxwHFEpS_IkcoFAnzkorQQ_ku8WnPLcitc236rHYq7JZDA0FqfiimkG3VBSmfnKEsFKdlniNHaVaP1jFVtbuGdVLpAyQZFnMYZY6bz-20hyGo9mioXJYwqeKRSD9IpDxQn8Lmn2K-qlcCJMvWpoUey21t4Zxlndvz30t7qe9FcZDJHDpLzrE8-WvD9NAjrEB4niEr3JlPtz7neR7bEx1kOSWBOFRVZ2mkFuOSPeJCMfu4Bb2eg8s8C6qGLbS2z1jhsOchqRAAK7p-Cwr4vqDV_j5CxkYWjOZoYzjI8skyCSXUy2my4WTyOUvGPm06JEXE8cxfzFQ8BzeeRkGQrP8ljKh88twYOAcdIpUExVCmB2QwtT6WUszlhXzSI6L_wIIjxXmiWSZhTk7LE5RCDMqkUbsAE84XYgs0F4AQBiAWc3qzYV6AGAoAHk8SZqQOoB6fMsQKoB-LYsQKoB6a-G6gHzM6xAqgH89EbqAeW2BuoB6qbsQKoB5TksQKoB47OG6gHk9gbqAfw4BuoB-6WsQKoB_6esQKoB6--sQKoB5rhsQKoB9XJG6gH2baxAqgHmgaoB_-esQKoB9-fsQKoB_jCsQKoB_vCsQLYBwHSCDIIkeGAUBABGJ0BMgiri4CAoICACjoOgIABgICAgICUruADqAdIvf3BOliNla_gzu2TA7EJ4WHbJZnY2eCACgOYCwHICwGiDAOQAQGqDQJKUMgNAeINEwjcyq_gzu2TAxWsR8MGHcjQDjXqDRMIze-v4M7tkwMVrEfDBh3I0A418A0CiA7___________8B2BMN0BUBmBYByhYCCgD4FgGAFwGyFxAYASoKMjE1NzM3MDgyMlAGuhcCOAGqGBcJAAAAAJAe8kASCjIxNTczNzA4MjIYAbIYCRICwE8YAiIBANAYAcIZAggB&ae=1&gclid=EAIaIQobChMI8aG64M7tkwMVrEfDBh3I0A41EAEYASAAEgJccvD_BwE&num=1&sig=AOD64_1meDCwBVNkuA2UVsWb-wjkjWlfSw&client=ca-pub-3428031914463355&rf=4&nb=2&adurl=https://newluxe.jp/entertainment/gdp_per_capita_ppp/%3Futm_source%3Dgoogle_display%26utm_medium%3Dcpc_google_display%26utm_campaign%3Dgdp_per_capita_ppp_google_display%26gad_source%3D5%26gad_campaignid%3D23539167004%26gclid%3DEAIaIQobChMI8aG64M7tkwMVrEfDBh3I0A41EAEYASAAEgJccvD_BwE,https://newluxe.jp/entertainment/gdp_per_capita_ppp/?utm_source=google_display&utm_medium=cpc_google_display&utm_campaign=gdp_per_capita_ppp_google_display&gad_source=5&gad_campaignid=23539167004&gclid=EAIaIQobChMI8aG64M7tkwMVrEfDBh3I0A41EAEYASAAEgJccvD_BwE,,,,,
989,https://www.googleadservices.com/pagead/aclk?sa=L&ai=C6tisCV7eaeqzKbDcjeYP-qfI6A_lxIrBhgH0w-T11BSTpLLR6wEQASCbqIc3YImLxIT0E6AByLHi4ALIAQmpAnpFoHHJCjs-4AIAqAMByAMKqgSmA0_Q_w6i2lBnufDFibLMORKheT5E_5XJ3PzbKo0mZS6A5uy6MJcPSojMPY7D_mcn5MIKsc-68D2eaCycuImR-8EOouLdpl8641FGJxoy6fE9Qchh4c-LxrKzHJzOrIsckqWxN4nMSxAEebirkWQU3LDZbkM5AoAuf-oFXZ2W-iKXEiQTonIk9PZcpWdatu6ZWmPqUmBiZP9mDN5cxOJfedblo6fTCPSMNayBodNGfrPxRdORQ8gU5e6kxtxc5ifTCofDVCGAbP0y47YLk5KJQgKc_mvw5Yce0gO6D9v-mrWbfNRZnyb2OvuBZlUXArLEG72ZojLt84cwiU6U_NFRIbyrbsLIuHUBSLa4hQKjGqI-E_E_iwKLMhPM27ciAUbyyp7hxw7IvW0pBV0aw53lMKf23A-1eNUhO88arVtSSv2rdgMrrk9hjchCgVmoVqcoYw6knklUjk7Uka3tyEnp5iOZHFInycBgzKtd1kz6X_LXsxkFdL0G1Qe7bsDVj-XIlQoeiTXxbLHJZ_onBXSTZofUihX2VkpJXAutsM9dU30F1oM4NmvcwASep5uVvwXgBAGIBfrvirtQoAYugAegzp2fAagHp8yxAqgH4tixAqgHpr4bqAfMzrECqAfz0RuoB5bYG6gHqpuxAqgHjs4bqAeT2BuoB_DgG6gH7paxAqgH_p6xAqgHr76xAqgHmuGxAqgH1ckbqAfZtrECqAeaBqgH_56xAqgH35-xAqgH-MKxAqgH-8KxAtgHANIILwiAYRABGJ0BMgiKgoCAgICACDoNgECAwICAgICogAKoA0i9_cE6WKTJ-vLU7ZMDsQlwBdOSNn18bIAKA5gLAcgLAYAMAaIMA5ABAaoNAkpQyA0B4g0TCJ__-vLU7ZMDFTBuwwYd-hMS_eoNEwiTuvzy1O2TAxUwbsMGHfoTEv3wDQKIDv___________wG4E-QD2BMMiBQJ0BUBmBYByhYCCgD4FgGAFwGyFxAYASoKNDE5NjAwMzM0M1AGuhcCOAGqGBcJAAAAAOBs60ASCjQxOTYwMDMzNDMYAbIYCRICuU8YLiIBANAYAcIZAggB&ae=1&gclid=EAIaIQobChMIqtyc89TtkwMVMG7DBh36ExL9EAEYASAAEgLlG_D_BwE&num=1&cid=CAQS0QEABaugfVcWJkNoYhAHKpI2TeAdE0Dyoszj6JGy-0iTiCCIBdTMPYGKnXl0K_QsZ6J6VODznOu1h8Ctg99anAzCepaxnUUoiiBzW8ENqheH8E2lSHeEH472ifSp2gYIpxx7oW2gXxSJvh6-p8t1g3y0WpMXDc4hcGimX-9Hjl57WdIDBgO9fqrvKUVDDCPdn-vNeHd-SjQpsWurNJApAh5WekG9Tk57gpE4abH6H946tuzBjESJU0AxaVw73nsxwis07DrSLZbdM48xtCOI-aSfNhgB&sig=AOD64_3gf9PeyQyUmsc6qOxLhxg5l6hBmQ&client=ca-pub-9636953777155876&rf=4&nb=19&adurl=https://isetandoor.mistore.jp/sc/GDN_ISETANDOOR%3Fgad_source%3D5%26gad_campaignid%3D21598746618%26gclid%3DEAIaIQobChMIqtyc89TtkwMVMG7DBh36ExL9EAEYASAAEgLlG_D_BwE,https://isetandoor.mistore.jp/OtameshiTouroku.lp.trial--z_a_ex__html.htm?hosid=7008&utm_source=google&utm_medium=display&gad_source=5&gad_campaignid=21598746618&gclid=EAIaIQobChMIqtyc89TtkwMVMG7DBh36ExL9EAEYASAAEgLlG_D_BwE,,,,,
1205,https://www.googleadservices.com/pagead/aclk?sa=L&ai=CCQV-99beabf4GseJjeYPk6LciAftq9vFgwHG7JC4lRSBr8qmw0YQASCwhZ0aYKW4moCcAaAB3_jxmz_IAQmpAkwqNe8B8Kc-4AIAqAMByAMKqgTiAk_QUbEjq869pBxsXlTieNp-Clh9GsBJXj3sUoqlDtaUwR1W2_d8kLYgHbYon_fMGwhgVG9Wu2IhXruhoA9K4SnfBOd4v4n2PhWDpEg7XeJGW6_nyvHWEwVC80D5T1X989bkwWVddBXKYjpt4oxDbd_4EeN9V-Da7MuxKKz0Bm327UR0_04IBi0zwhNEoKi0eYAMKwbvjFZzwpborzsk-6TkT369AdjOhqE2EuavGqnXOFk6n5onqe_vgk9G3kcTzjWC7zT-oGw3cNarkmyfJEhxdPVerEBdG08mI2WDJ7fdYtA3Hd9hUDqKLF1XpfebVrMPfMy1TqpmebUVE38l1imW-LNtJex1XBs2jLvqJx3-g8uUOZX8T9J9RzoASj7DrDvIe3QraiILAIWqFXoD-6QpF2_MmXq6pkhc9dQw0iswFtM3CZ7BdctZVuKb4MuBw9UPmChDwb6-BTcWTOwvGbV_UMAEysWVkp4F4AQBiAWu-P-lVKAGLoAH37DC-xmoB6fMsQKoB-LYsQKoB6a-G6gHzM6xAqgH89EbqAeW2BuoB6qbsQKoB47OG6gHk9gbqAfw4BuoB-6WsQKoB_6esQKoB6--sQKoB5rhsQKoB9XJG6gH2baxAqgHmgaoB_-esQKoB9-fsQKoB_jCsQKoB_vCsQLYBwDSCDIIgOGAEBABGJ0BMgiqgoCAgICACDoOgMADgICEgICUruADqAdIvf3BOlip3oGdyO6TA7EJ1LN0RKJ6ti2ACgOYCwHICwGADAGiDAOQAQGqDQJBVcgNAeINEwiZm4KdyO6TAxXHRMMGHRMRF3HqDRMIrd-DncjukwMVx0TDBh0TERdx8A0CiA7___________8B2BMN0BUBmBYByhYCCgD4FgGAFwGyFxAYASoKMjQ1OTgzNzY1N1AGuhcCOAGqGBcJAAAAALCp_0ASCjI0NTk4Mzc2NTcYAbIYCRICgVEYLiIBANAYAcIZAggB&ae=1&gclid=EAIaIQobChMI98-EncjukwMVx0TDBh0TERdxEAEYASAAEgLzsPD_BwE&num=1&cid=CAQScQAFq6B9CPZ-bFCU6DCX_eLNlJvITlJXn2dMbUR-BlpyCnRnyIjMJjon9be_R8OTiaTRpbhXLiTDDWDRrnIdhCUMx2G0Ybbq3UV-N-YkUtoQK2nrevT-XmgyeOclAbHx-p3G-CHTKfWp1ic0LCF0TofcGAE&sig=AOD64_3DwzSz_ZChe5LmMyh3u-Jd8XCCVg&client=ca-pub-6447179309296276&rf=4&nb=9&adurl=https://www.centennialvineyardsrestaurant.com.au/%3Fgad_source%3D5%26gad_campaignid%3D22628269102%26gclid%3DEAIaIQobChMI98-EncjukwMVx0TDBh0TERdxEAEYASAAEgLzsPD_BwE,https://www.centennialvineyardsrestaurant.com.au/?gad_source=5&gad_campaignid=22628269102&gclid=EAIaIQobChMI98-EncjukwMVx0TDBh0TERdxEAEYASAAEgLzsPD_BwE,,,,,
1091,https://www.googleadservices.com/pagead/aclk?sa=L&ai=ClzMLe9PeaY2HII-Y4dkP3q3fqQGFovWLhQGGq9SFyhS2kB8QASCVltshYKW4moCcAaAB-PXWsj7IAQKpAkwqNe8B8Kc-qAMByAPJBKoEowJP0HjsEgvQ5ELR_WoYdY3DduYyV3f1_L1tlDFHQR7ylVcbvlPCXM-cxz-wL-llSLaEUsVUGZqwByyS0O_etj7tdHDB5tIvkDBhikZAnYBXHubZE_9p1aiE-23lY-ptAnKC26y4qzTv9wex20tevom9nrDA8_30z6Ycj1Ab97iafTGsgswbZjSjJLywMyXdIKvAh14T4w_UlhPwMQUUmhBbRB32xMcg_gjiJ4y3ohLC2-XCpT3omZ6tb8LjIuvnxXua6UJ5NG0YMGaO8POekk7drh09A6raqJCFZLpZun1qUNzGp7gUzGYfubRV2OvXZDfCgIOHIgJ3T1cbseTZ7Cvrl1ekKLVtdvpWtAl0mlqg64TVO6R98cvSzsbvrq5TQjW4-Q_ABPyGspmKBYgFzK_gqVGgBgKAB_itp5IZqAenzLECqAemvhuoB8zOsQKoB_PRG6gHltgbqAeqm7ECqAeOzhuoB5PYG6gH8OAbqAfulrECqAf-nrECqAevvrECqAea4bECqAfVyRuoB9m2sQKoB5oGqAf_nrECqAffn7ECqAf4wrECqAf7wrEC2AcB0ggwCIBhEAEYnwMyCIqCgICAgIAIOg6AQIDAgICAgKiAAqiDEEi9_cE6WKOf3fPE7pMDsQkyrvJCes3SH4AKAZgLAcgLAaoNAkFVyA0B6g0TCKy23vPE7pMDFQ9MOAUd3tY3FfANAogOCdgTAtAVAcoWAgoA-BYBgBcBshcQGAEqCjg1Mzg1NjY5MzJQBroXAjgBqhgXCQAAAABA-v5AEgo4NTM4NTY2OTMyGAGyGAkSAsdPGAIiAQDQGAHCGQIIAQ&ae=1&gclid=EAIaIQobChMIzbDe88TukwMVD0w4BR3e1jcVEAEYASAAEgJGSvD_BwE&num=1&cid=CAQS0gEABaugfeP9iT9kbrTZcc526wvhJrXwGgLsXOLYlby6w7LoLOr4ttEl9_3evtuUjBdtk1dAEnyXeUjN8djM8zvdJXrTNhbZzzhbOApFRGF0E-maXHmzAZ1aYe7Aau1GSPauIVvkKvWgbiwLdptoInL7nW9lEfLHTsrx8opg9_GpfXHkkYnxTQn6DO4NsIIVeyD1I74o8y3pnAl9W4Id1U3VKIyKD5aXf1et4I63HSAPbaDAyGogIScyAg8WMI1jLwkdOvTKsPautSXe5f0IHQ5CoRYYAQ&sig=AOD64_1Yfqrd0Unj72EYAmD9-3a0CI7McA&client=ca-pub-5771594739411148&rf=2&nb=2&adurl=https://noelscaravans.com.au/%3Futm_source%3Dgoogle%26utm_medium%3Dcpc%26utm_campaign%3D21830834124%26utm_content%3D174536295292%26gad_source%3D5%26gad_campaignid%3D21830834124%26gclid%3DEAIaIQobChMIzbDe88TukwMVD0w4BR3e1jcVEAEYASAAEgJGSvD_BwE,https://noelscaravans.com.au/?utm_source=google&utm_medium=cpc&utm_campaign=21830834124&utm_content=174536295292&gad_source=5&gad_campaignid=21830834124&gclid=EAIaIQobChMIzbDe88TukwMVD0w4BR3e1jcVEAEYASAAEgJGSvD_BwE,,,,,
1000,https://googleads.g.doubleclick.net/aclk?sa=l&ai=CncOayjDfadPOKsCOjeYP0-vV0A-T6d6jhgHBm7Kr6BWx0oG85wIQASCFr_MeYJXikIKgB6ABsfiDyAPIAQGpAnqKRZfsx7M-4AIAqAMByAMKqgS7Ak_Qgez_vOULZ8T1P7VdeLIV-AG4QMZHny8Ne03GlNkhkhNSERkFvfgfA1RQjDlrSsaPvL-TjEqbAgIIax9uYMX7aWlk5W6o9cLS1QaBnN5vATfRlM7k43WDxAa1B3lwcIHC1Ry96tk3B0PB28Ih-DAHPR86AzYy7x-jgXU79KdbhrXvh-W7jxLM3IE15vlhmPkdk-AaILlPS_QBIyQS6Lbs3_Or9jefZvhhpXBABdrbbKOCeX1wh6b1dcAr-Bxf1U40Uj7aS7qmL12nq-QEMdBqYFUAssHvkSi2a0gekItO-_UAqetxyjWnhUVtGP9FeQfoAo5FJR0tdXYepqK028CuIBjFGSwRzK0RtEGHiFBM684G4DiVy3hLwAYDKLUTDt05xdbvHl3SYso7qy05dRUG_7hGRkimSwCH7cAE48KN0OsF4AQBiAXLtN6sWIAH-8XkrAGoB6fMsQKoB-LYsQKoB6a-G6gHzM6xAqgH89EbqAeW2BuoB6qbsQKoB47OG6gHk9gbqAfw4BuoB-6WsQKoB_6esQKoB6--sQKoB5rhsQKoB9XJG6gH2baxAqgHmgaoB_-esQKoB9-fsQKoB_jCsQKoB_vCsQLYBwHSCDAIkeGAUBABGJ0BMgiri4CAoICACjoMAICAgICAlKiIAqgDSL39wTpYqa-A8p3vkwOxCfu0zknLDSFXgAoDmAsByAsBogwDkAEBqg0CREXIDQHiDRMIibGB8p3vkwMVQEfDBh3TdRX66g0TCJL-gfKd75MDFUBHwwYd03UV-vANAogO____________AdgTA9AVAZgWAcoWAgoA-BYBgBcBshcQGAEqCjU1MDE4Mjk1NzhQBroXAjgBqhgXCQAAAAAkLB1BEgo1NTAxODI5NTc4GAGyGAkSAqRmGAEiAQDQGAHCGQIIAQ&ae=1&gclid=EAIaIQobChMI09uD8p3vkwMVQEfDBh3TdRX6EAEYASAAEgIJffD_BwE&num=1&sig=AOD64_3XxFDagDuA1RVuZZ6XbO8K5N6AtQ&client=ca-pub-6131228133143733&rf=4&nb=1&adurl=https://www.gdata.de/cybervertrauen%3Futm_source%3Dgoogleads%26utm_medium%3Ddisplay%26utm_campaign%3Dcybervertrauen%26utm_source%3Dadwords%26utm_medium%3Dppc%26utm_campaign%3D%26utm_term%3D%26hsa_ad%3D803435512920%26hsa_net%3Dadwords%26hsa_grp%3D200689279331%26hsa_tgt%3D%26hsa_acc%3D1630709762%26hsa_kw%3D%26hsa_cam%3D23716141643%26hsa_mt%3D%26hsa_src%3Dd%26hsa_ver%3D3%26gad_source%3D5%26gad_campaignid%3D23716141643%26gclid%3DEAIaIQobChMI09uD8p3vkwMVQEfDBh3TdRX6EAEYASAAEgIJffD_BwE,https://www.gdata.de/cybervertrauen?utm_source=googleads&utm_medium=display&utm_campaign=cybervertrauen&utm_source=adwords&utm_medium=ppc&utm_campaign=&utm_term=&hsa_ad=803435512920&hsa_net=adwords&hsa_grp=200689279331&hsa_tgt=&hsa_acc=1630709762&hsa_kw=&hsa_cam=23716141643&hsa_mt=&hsa_src=d&hsa_ver=3&gad_source=5&gad_campaignid=23716141643&gclid=EAIaIQobChMI09uD8p3vkwMVQEfDBh3TdRX6EAEYASAAEgIJffD_BwE,yes,,,,
979,https://www.googleadservices.com/pagead/aclk?sa=L&ai=CnETmt1rgacjdOcaDjeYP17DMyQGpjPKAhQHQjbzs5BWhpvjz0B0QASCs2bgiYMfV_42EJqABjPjmyULIAQngAgCoAwHIA8sEqgTTAk_QpluSfLPzk74V3jnYrJ1Q5HNh0Gqt5YsrElKuiS8bjJ8qGZaUZsOKQQkBnJt-4Z0hK_fVVebKu1ON9eBwdbh2E1s1BYQGqVXSvdzUSx8Kq_3rkDcAn5DTcQqD2ecFeKAcaz1yodWM8U4m0_Ziuge482G_HEBW213flNz7HgTBW0ZKpKZcf5O9D2juRgci1GgDMRLHXcc8LYQTcym5Q1JDB0_XblEV3nDLo7wycxSDCAy9KarfjPS6FzHiEfUPR6yOo4ahMZkt3hidP6zVOzOMhmhH26stac61IYRmlcqPiEbd7HsE9ygVsHKBsHFM6aKTYwtHh1RhYFkW9WM0yeKtOEQ4cXro9JnhSdwPQhvzzFzX8k-rM6w4uxewi_BpBgUcQLkj01vYU4-uG21yDoTeG8OmDPcG77K0S0fewf32vx43PlWRs7Nld09zkaWogL_wu8AEp-27q9IF4AQBiAXhh9m2V8AFBfoFBgglEAEYAKAGLoAHjLC3qR2oB6fMsQKoB-LYsQKoB6a-G6gHzM6xAqgH89EbqAeW2BuoB6qbsQKoB47OG6gHk9gbqAfw4BuoB-6WsQKoB_6esQKoB6--sQKoB5rhsQKoB9m2sQKoB5oGqAf_nrECqAffn7ECqAf4wrECqAfi2LECqAfi2LECqAfi2LEC2AcAwAgB0ggvCIBhEAEYnQEyCIqCgICAgIAIOg2AQIDAgICAgKiAAqgDSL39wTpYiKSDgrrxkwOACgOQCwOYCwHICwGADAGiDAVIAZABAaoNAlpByA0B4g0TCKDMg4K68ZMDFcZBwwYdVxgzGeoNEwjJ4oSCuvGTAxXGQcMGHVcYMxnwDQKIDv___________wGwDpmEwucY4BKX6-eRvOaI1LkB2BMM0BUB8BWJxt6jFfoVB2dsYV84NDWYFgHKFgIKAPgWAYAXAbIXEBgBKgo1MzQ0MTk4NzQ4UAa6FwI4AaoYFwkAAAAA8PcIQRIKNTM0NDE5ODc0OBgBshgJEgKSTxguIgEA0BgBwhkCCAE&ae=1&gclid=EAIaIQobChMIiJWFgrrxkwMVxkHDBh1XGDMZEAEYASABEgIuB_D_BwE&num=1&cid=CAQS4gEABaugfVLCQoj58MAw3QMg1QUB5_S3w7_Bc1n4p9GdrnPHIKT3IKhs0ukOrTzpAhloRTq34BlRrHeUWrME2UtNXmfu6vYJV8iA5liwjNJ_xrO1GZQa_LTeozAK9BmzEBvw0neXgYXWe8NvUX2Sw_Bnui26GEckQ2XEeyzFeOQD93MyTruWs7DyQBp2DHMjlEHdHCx3T1UXntRMoid-rd70ppfJplWYxHsytklPUsLdIes2piwm-u9WO5BNMNItKA_zJouFA6tXUCGSRRrkpa4saP5BEfttYixQa3YugEasKWmzGAE&sig=AOD64_1yFC_x8Mp-6jAECvW5sYa2D5mB9Q&ctype=5&client=ca-pub-4180835694166255&nb=9&adurl=https://aquelyst.com/product/duo-equine-odor-eliminator-fly-control/%3Fattribute_pa_size%3D1gal%26gad_source%3D5%26gad_campaignid%3D23468590049%26gclid%3DEAIaIQobChMIiJWFgrrxkwMVxkHDBh1XGDMZEAEYASABEgIuB_D_BwE,https://aquelyst.com/product/duo-equine-odor-eliminator-fly-control/?attribute_pa_size=1gal&gad_source=5&gad_campaignid=23468590049&gclid=EAIaIQobChMIiJWFgrrxkwMVxkHDBh1XGDMZEAEYASABEgIuB_D_BwE,,,,,
1138,https://www.googleadservices.com/pagead/aclk?sa=L&ai=CJV_nnkTgacDME-ufjeYPiYnrwQ-wmLaOfcvVjP37E8iPooPBEBABIMjW9Rlgx9X_jYQmoAH0vOytAsgBA6kCFMd57A3Ctj7gAgCoAwHIAwiqBM4CT9D-0wWymuyvbbYSMdHsSxUaA76u0jNC7MdQ1KhyGXIZfKKhejPf6MfNZPyGJqohyx9UYtJhYlh_zgtFy90HwudJ2dUj7AJi4KruH2lrbYRsaI8ITCHssQ4cK2W87IlkP8RCsrfLA0HgFShO8-5EuMnmx6fnZANrnrMABd6D91ybi0DxUM69hMckTJRVjVQh2PXDw0QCXIHN0YKLYS-ucFgajH9yBfo9STbID9atQmd7be6UeOIBDNvuLdxmQ83rG8TH3zpRF6Y38ZCGXLxqYJJI4puDIpMdg0eWVXeIFF1TTy8Ab5SWU8PtcKlSwOEbzmUb9_rsEQaPWYfFlc3FykhuoNkSWVJ8UR6b2IeWH7WvDMJXi7uvpKyLHF1SOrXKLqDMJ3Cv91nQtTr8G9dEuAFiSOj4PRmXpYCXqGiNlUzKApiACpU34UZdFDKys8AEq9e5gpwF4AQBiAXR3sXVUqAGA4AH9MKT0gGoB6fMsQKoB-LYsQKoB6a-G6gHzM6xAqgH89EbqAeW2BuoB6qbsQKoB47OG6gHk9gbqAfw4BuoB-6WsQKoB_6esQKoB6--sQKoB5rhsQKoB9XJG6gH2baxAqgHmgaoB_-esQKoB9-fsQKoB_jCsQKoB_vCsQLYBwHSCC8IgGEQARidATIIioKAgICAgAg6DYBAgMCAgICAqIACqANIvf3BOli4zcz3pPGTA7EJqqFO-sH4QguACgOYCwHICwGiDAOQAQGqDQJaQcgNAeINEwjr8Mz3pPGTAxXrT8MGHYnEOvjqDRMIruzN96TxkwMV60_DBh2JxDr48A0CiA7___________8BohNVCjgIA0ABUggKBhIECAEQAWiMwdjq7AxyIRIfIAIoATgCQNHexdVSWAFo_v__________AYABAZgBAxoZChdjYS1wdWItNDE3Nzg2MjgzNjU1NTkzNNgTDdAVAZgWAcoWAgoA-BYBgBcBshcQGAEqCjcxNjE1ODI3NzdQBroXAjgBqhgXCQAAAAAw6yZBEgo3MTYxNTgyNzc3GAGyGAkSArdQGAMiAQDQGAHCGQIIAQ&ae=1&gclid=EAIaIQobChMIwJOj-KTxkwMV60_DBh2JxDr4EAEYASAAEgJ5nfD_BwE&num=1&cid=CAQS4gEABaugfXqBfQQinnFJ9RhNnq1IxOcuxPYEKV23ra8aAb4BlSqnU9diqlExybojnZEn0WZHQqJzCBL8EN4p5ZK1tHhzJgjKUK_K8kl7YNlnRAx-coNZXus11d8C255A2MMj7OdvAZgP0UJ81eEmMs9UP0Xqv0aZdUf3_sWd1Kz3_A7KAG8QFrZoyhFb1ISA13M6M2IM1zSTVUAWiA8zomn2xnKwvUJ-Q_3PHQbD3a0Ly1DySQ-xJA_cKty4k8QU3xwhQEq9wCPZDecEhvhUusFZfYH0wo1Fow0J9Jtan_M8YmHvGAE&sig=AOD64_366Rzx7bmFz4RZ8tuFofaK8DqX_w&client=ca-pub-4177862836555934&rf=5&nx=CLICK_X&ny=CLICK_Y&uap=UACH(platform)&uapv=UACH(platformVersion)&uaa=UACH(architecture)&uam=UACH(model)&uafv=UACH(uaFullVersion)&uab=UACH(bitness)&uaw=UACH(wow64)&uafvl=UACH(fullVersionList)&nb=2&adurl=https://galebreaker.com/industrial/wind-protection-and-performance/%3Futm_term%3D%26utm_campaign%3DPins%2B-%2BIndustrial%2BDisplay%2BUS%26utm_source%3Dadwords%26utm_medium%3Dppc%26hsa_acc%3D9538196786%26hsa_cam%3D22191107921%26hsa_grp%3D179320023979%26hsa_ad%3D750615374799%26hsa_src%3Dd%26hsa_tgt%3D%26hsa_kw%3D%26hsa_mt%3D%26hsa_net%3Dadwords%26hsa_ver%3D3%26gad_source%3D5%26gad_campaignid%3D22191107921%26gclid%3DEAIaIQobChMIwJOj-KTxkwMV60_DBh2JxDr4EAEYASAAEgJ5nfD_BwE,https://galebreaker.com/industrial/wind-protection-and-performance/?utm_term=&utm_campaign=Pins+-+Industrial+Display+US&utm_source=adwords&utm_medium=ppc&hsa_acc=9538196786&hsa_cam=22191107921&hsa_grp=179320023979&hsa_ad=750615374799&hsa_src=d&hsa_tgt=&hsa_kw=&hsa_mt=&hsa_net=adwords&hsa_ver=3&gad_source=5&gad_campaignid=22191107921&gclid=EAIaIQobChMIwJOj-KTxkwMV60_DBh2JxDr4EAEYASAAEgJ5nfD_BwE,,,,,
1120,https://www.googleadservices.com/pagead/aclk?sa=L&ai=CFCI0PeXeaaCkHOPHgeAPhOHjIeTJq5R72vXNvuISoovd8e4wEAEgoMGFHmCJA6ABjOC7iwPIAQKpAoGXlio96ac-4AIAqAMByAMIqgTZA0_QLRk9o2nrr4tO68Oklrzc7jzA7CD29NWqf389IvfNhA__x39RtKswENzMLSN6MTMEm7F6cZXKKabFmByczmJ3mfok20G_hE_SAm7PZ7RNfh0JAX6sHQk1gvJNLcZ4g04ho5aVK4kTZZUgiwpQXh1VZndV4OA1uxcFNZbD0die4oEzgSB_KDC72EQek_MgQtWFk0Gb0jM6SG5qI3BGmD7qVnD0eoHlq5vxJQ7ijtRHcmeE31hwh7CtNmwN5OIgjG_Lr3bd4eWT1v1NRZiFQSb8nioKqWRTQrEXnfNb8wqtm2HL9WYj0ipzthQLe-mq6Uh3EH2QJ7TAixU_RvlsDne2WhyfKQzh2AHb4cDwOXH0oF4Ksg-oYsWdcVBQAs6zEUJVbaqsAI33oEQ2OroLz8wD6tQpnMDw1YTlxzV7yme8oYHs4GBBdX3ir2iLu3qRP71DJ1H0THsTTCxz18k-cwGIxEr8JYweUNVNt2amuRXFNxWj5gj5t8fkSXOoLnPd1xc139cRnCa5Omaa_yNHgx3MX750ONFQmd2PUVrcOAfx4qtwGpJWrA_NdhbyWBTtYjR-vFL1S-gVuqtjidUVFv949NE9lmtnc3J-A21AbtdOZXt64Jq13SR3wASby-fh9gTgBAGIBf_WxbdRoAYCgAfcn8R0qAenzLECqAfi2LECqAemvhuoB8zOsQKoB_PRG6gHltgbqAeqm7ECqAeOzhuoB5PYG6gH8OAbqAfulrECqAf-nrECqAevvrECqAea4bECqAfVyRuoB9m2sQKoB5oGqAf_nrECqAffn7ECqAf4wrECqAf7wrEC2AcB0ggyCIDhgBAQARidATIIqoKAgICAgAg6DoDAA4CAhICAlK7gA6gHSL39wTpYvN6x69XukwOxCVv9FyaKJ72ZgAoDmAsByAsBogwDkAEBqg0CSlDIDQHiDRMInJ-y69XukwMV42MABh2E8DgE6g0TCLf3s-vV7pMDFeNjAAYdhPA4BPANAogO____________AaITVQo4CANAAVIICgYSBAgBEAFo3YvdouURciESHyACKAE4AkD_1sW3UVgBaP7__________wGAAQGYAQMaGQoXY2EtcHViLTg2MjU5NjIyNTI0MjAxOTbYEw3QFQGYFgHKFgIKAPgWAYAXAbIXEBgBKgo5NzU0OTI1MDE0UAa6FwI4AaoYFwkAAAAAKMYQQRIKOTc1NDkyNTAxNBgBshgJEgKqUBgCIgEA0BgBwhkCCAE&ae=1&gclid=EAIaIQobChMI4La069XukwMV42MABh2E8DgEEAEYASAAEgJ0rPD_BwE&num=1&cid=CAQSgwEABaugfSKtrVxhc5wNsKpX3kS2usXrbk6P9Nz-bIiwRRAhcPK0WluFf3f5r5FbZZWZPVeOmxoAAvyOAM9r18m59_PsGBTtTtFwuiF-uDshMG1Ub5SMUnndjOUPX7_B2DlvvRgSZZ_CGkQMbEwSvMGASdZGumJ72KKcVBTPOqufbgjMMhgB&sig=AOD64_1o-o5YRSlrRLU3UOx3GstR65Cofw&client=ca-pub-8625962252420196&rf=5&nx=CLICK_X&ny=CLICK_Y&uap=UACH(platform)&uapv=UACH(platformVersion)&uaa=UACH(architecture)&uam=UACH(model)&uafv=UACH(uaFullVersion)&uab=UACH(bitness)&uaw=UACH(wow64)&uafvl=UACH(fullVersionList)&nb=2&adurl=https://www.atfa.com.au/flooring-inspections/%3Fgad_source%3D5%26gad_campaignid%3D21859756927%26gclid%3DEAIaIQobChMI4La069XukwMV42MABh2E8DgEEAEYASAAEgJ0rPD_BwE,https://www.atfa.com.au/flooring-inspections/?gad_source=5&gad_campaignid=21859756927&gclid=EAIaIQobChMI4La069XukwMV42MABh2E8DgEEAEYASAAEgJ0rPD_BwE,,,,,
959,https://www.googleadservices.com/pagead/aclk?sa=L&ai=C3WtDIczeabRuz_yi9Q_f74GICfjvnKyGAey8_ZeiFKCWgOyQAhABILqEwDNgpbiagJwBoAGO9YX3KcgBCakCTCo17wHwpz7gAgCoAwHIAwqqBKcCT9BzMnnlWHqI3LWQse-keSFcT6dXT_z4VCS4odl6XMpGIHdE9V0HBjWxoX9PpndgzIU_TUav04MBlfhasKuiP2bLw5g-HOKcwt5cFkFs6p1fEDbFaOZdkvX_uiQCXr8WHxVYojtTOFU4EZOlPRrK7l_cGchVq1NQ3HoMEFfLpnnwZmaNTafnhndaoLyCJNL-tDfU7ar5q1QRoBa8hi14ivKHuzVhjHjc9FnHlyfycNYKEIgjxN9zfMHeD_JT6kHeljghWvh87e-CH7UEegV7bPuneWubAnnu9goDONpaHHVzfZD9eDGxP_UiZa6ugqrxgR3keDhklt00_dIPPSYxInuVmMUJ0DaVUU4RwPgqJfdsd_5aA1scaRA_KqO6oAKLaO5KZ9zaIcAE5c-H-N4E4AQBiAXS8cq9T6AGLoAHjq3W1gSoB6fMsQKoB-LYsQKoB6a-G6gHzM6xAqgH89EbqAeW2BuoB6qbsQKoB47OG6gHk9gbqAfw4BuoB-6WsQKoB_6esQKoB6--sQKoB5rhsQKoB9XJG6gH2baxAqgHmgaoB_-esQKoB9-fsQKoB_jCsQKoB_vCsQKoB8LIsQLYBwDSCC4IgGEQARgdMgiKgoCAgICACDoNgECAwICAgICogAKoA0i9_cE6WMOciPK97pMD8ggbYWR4LXN1YnN5bi02MDU5NjU5NTYwNjU0NjU1sQlOiWhBOh3LioAKA4oKRmh0dHA6Ly93d3cuamltc3Jvb2ZpbmcuY29tLmF1Lz9nYWRfc291cmNlPTUmZ2FkX2NhbXBhaWduaWQ9MjEzMzU1NTQyNTiYCwHICwHgCwGADAGiDAOQAQGqDQJBVcgNAeINEwib34jyve6TAxVPvqgIHd93AJHqDRMI37CK8r3ukwMVT76oCB3fdwCR8A0CiA7___________8BohNVCjgIA0ABUggKBhIECAEQAWialpMdciMSISACKAE4AkDS8cq9T1gBaP7__________wFwAoABAZgBAxoZChdjYS1wdWItODkzMzMyOTk5OTM5MTEwNNgTCtAVAZgWAcoWAgoA-BYBgBcBshcQGAEqCjc4Njk4OTU4NzNQBroXAjgBqhgXCQAAAAAQ2fJAEgo3ODY5ODk1ODczGAGyGAkSAqpQGC4iAQDQGAHCGQIIAQ&ae=1&gclid=EAIaIQobChMI9IKL8r3ukwMVT76oCB3fdwCREAEYASAAEgJVPvD_BwE&num=1&cid=CAQS0gEABaugfaApGNBERJsXisrzshuP3BJeqHs2Sz5YovTDrp84cET4YPxtiSeGdDQY-LWCSZV2uNa_ejwE9f8cTpeLZ93PoFoqzMhLu1SsHxTGLJAvYMiUW2xQsT6LWXwdSZLV_zL6opNX51201PDuCB6LPFOPQ9FHMeUd5tnLZufUsuHEe3qpQKyVVT7P4TfVKt5K9pNJxdKaAkXfo8Q_3ZGmWACmH8jc436bBXfsse6ypkl6uEL4rMdpPRHqOooC6rXwa1Hk2FKKhKKe5579fH-l6qoYAQ&sig=AOD64_0EcSe4Y0LdOa_MyKgR2EUPYHaLqg&client=ca-pub-8933329999391104&rf=4&nb=9&adurl=https://jimsroofing.com.au/%3Fgad_source%3D5%26gad_campaignid%3D21335554258%26gclid%3DEAIaIQobChMI9IKL8r3ukwMVT76oCB3fdwCREAEYASAAEgJVPvD_BwE,https://jimsroofing.com.au/?gad_source=5&gad_campaignid=21335554258&gclid=EAIaIQobChMI9IKL8r3ukwMVT76oCB3fdwCREAEYASAAEgJVPvD_BwE,,,,,
1143,https://www.googleadservices.com/pagead/aclk?sa=L&ai=C7xOTWjbfacbjHdibjeYP58WM0A6A8ufvgAGW0uqYvxXb2R4QASD6qYoXYJXikIKgB6ABsti_mAPIAQmpAnzZXHukxLM-4AIAqAMByAMKqgSpAk_QNSqsiJ5KgDV9ci0x-gW85IXgUbuOZd_dN-3x7GX5Jyw3S9yyik2nDugbdn8dL_nQCNMmauc5lCsyNeiAteZmndf98uGsXat0j06Xm6qm_2CVEy6NHHx91nYdlBEwEqr0zBUV67OQQXkupfTWiZLZiv-qkRHMMz8PBlWs5LHaqxufrXilFRLf4bZLLG4Zaw0b7vIA68VIY8QRz6zLZXKPCP_Nc-892lcua386Bxns_PReX6R3GJ2EqiSAkkodV8rqw3wicR31pdVQMC9D6AUPayn7fDhWGYaQLDW8NhPbKX7c9nXZFksvlnSCgYIVBbAxF19wg9wWlg9NIiNb05o657Dmg1NuE2-kqtuYIfgC8Dd9lnSiAdHF50OC4ILIAiYrJVHwLBDsWMAE7oaOzNcF4AQBiAWaktfzUqAGLoAHipfhZ6gHp8yxAqgHpr4bqAfMzrECqAfz0RuoB5bYG6gHqpuxAqgHjs4bqAeT2BuoB_DgG6gH7paxAqgH_p6xAqgHr76xAqgHmuGxAqgH1ckbqAfZtrECqAeaBqgH_56xAqgH35-xAqgH-MKxAqgH-8KxAtgHANIIMgiA4YAQEAEYnQEyCKqCgICAgIAIOg6AwAOAgISAgJSoiAKoB0i9_cE6WI2z95ij75MDsQkU510iQuBQGYAKA5gLAcgLAYAMAaoNAkRFyA0B4g0TCLTj95ij75MDFdhNwwYd5yID6uoNEwjdvPiYo--TAxXYTcMGHeciA-rwDQKIDv___________wG4E-QD2BMN0BUByhYCCgD4FgGAFwGyFxAYASoKOTMzMjc5MjkwNlAGqhgXCQAAAACwNfNAEgo5MzMyNzkyOTA2GAGyGAkSAutOGC4iAQDoGAHCGQIIAQ&ae=1&gclid=EAIaIQobChMIxvj4mKPvkwMV2E3DBh3nIgPqEAEYASAAEgJA7fD_BwE&num=1&cid=CAQScQAFq6B9KV8_MhuXGcKiG9EHOZm8OTDs01o8ZeYp8SmdXJ9AciBAiRoLl1z1lcOEE8HW6HlTZBItOC7io0CO6C0nuDiK-S4jsqVpfVoLSOROjFcTqraDCZ4mgw0SopM_kUUCgL99L7Xua_mg9VAcFglXGAE&sig=AOD64_0j0xQuJC0KuucgWrFDZjnrhRp8cA&client=ca-pub-5405132603504384&rf=4&nb=9&adurl=https://www.cgm.com/deu_de/loesungen/telematikinfrastruktur/produkte/cgm-ti-messenger.html%3Futm_source%3Dgoogle%26utm_medium%3Dppc%26utm_campaign%3DGoogle_D_Pflege%26gad_campaignid%3D22254307610%26gclid%3DEAIaIQobChMIxvj4mKPvkwMV2E3DBh3nIgPqEAEYASAAEgJA7fD_BwE,https://www.cgm.com/deu_de/loesungen/telematikinfrastruktur/produkte/cgm-ti-messenger.html?utm_source=google&utm_medium=ppc&utm_campaign=Google_D_Pflege&gad_campaignid=22254307610&gclid=EAIaIQobChMIxvj4mKPvkwMV2E3DBh3nIgPqEAEYASAAEgJA7fD_BwE,no,no,no,no,no
1242,https://www.googleadservices.com/pagead/aclk?sa=L&ai=CpCm-91XgafTRJImVjeYPocPPkATV9auOhQHvoq3asg1kEAEg2tfFOWDH1f-NhCagAaSug_4DyAEJqQJ-B4Q8CGVwPuACAKgDAcgDCqoElwRP0L9ohimhUXL6exdXv_LJ0QC0HjOU6zRg0BO3sz7_RBlP7fcM6HRJOjRMEfUz_gcxyqORGrydBkITRXgGnLW_DvPELAHfJKPaLI3o0EXMsKKp_KSbOiOG3TP-ZIi0WctykUikKpqfjBHrao5bJYG0ZAOuMEnn3-Ui4zKXk4nlSrKcp2D-ETtdGUBwbQfwUT7mwlplcBADFBK0CY6fPz3b9mdzdY63kRXO00pStj1YQbJVYmDpPBiegXcjxWDJN7PPdpQKtkXFPJRoHQLfHTwgpJYV_Aj8nDshe93qsiYaGoBKA9qeWlIEzP0eWVIeefUzq_Pz2wUWfySDyPo0Uclaa-hYdK2z4YHf9EqS3rj4v_IiHEU6OvXckhp24SewT0Bbb1dr4NdUZvYO8jOAUg_N0MN1alL7rmGvVzBpSEjBx0FHewfWhmuydctMtAMygQu6OsQ0-wV4n66_nawUwoRlIbb2IL-jPaVdfibDtGTSV0uBZqYl3G9xXuNP5_ThGWG2v6TU7_0CjX0s9fUpYcNeDmLe5AiMr_qtyIBr6mN809DmDBmf4Ww113wdTPyh6qg-xSa-KLVk1gPLB-qjphKtxUz-FTOIJ8i2nIgep7f64qpRUOHJlxGxWBrZ_D4bsVmrZsFG-z4aSzVGyZS77SAro7pmxXKColG02LdFpHxx1jiBaAFfNQf0_CHq8k1F4_L7sxBjC112wASrirGxrAPgBAGIBZn9l-oroAYugAfE0fwBqAenzLECqAemvhuoB8zOsQKoB_PRG6gHltgbqAeqm7ECqAeOzhuoB5PYG6gH8OAbqAfulrECqAf-nrECqAevvrECqAea4bECqAfVyRuoB9m2sQKoB5oGqAf_nrECqAffn7ECqAf4wrECqAf7wrEC2AcA0gguCIBhEAEYHTIIioKAgICAgAg6DYBAgMCAgICAqIACqANIvf3BOliFgvm9tfGTA_IIG2FkeC1zdWJzeW4tMTYxNDkxMzU5ODg3NTQ5NrEJfpDh0zxAFr6ACgOYCwHICwGADAGqDQJaQcgNAeINEwjoqfm9tfGTAxWJSsMGHaHhE0LqDRMIp7r6vbXxkwMViUrDBh2h4RNC8A0CiA7___________8BuBPkA9gTDIgUA9AVAcoWAgoA-BYBgBcBshcQGAEqCjg0NjYxNTYzNTRQBroXAjgBqhgXCQAAAACQqAJBEgo4NDY2MTU2MzU0GAGyGAkSApNOGC4iAQDQGAHCGQIIAQ&ae=1&gclid=EAIaIQobChMItKmFvrXxkwMViUrDBh2h4RNCEAEYASAAEgKstvD_BwE&num=1&cid=CAQS4wEABaugfbUELsB0fpsbPiDIRzVUw48RLgeUbE3JrpHvjXKgT8rG2cduPYhUfX706Gs5hT0fupmbhIFp4ba2vOhfk7-E4ZEeqmUHN1VvOPg_1RoUoELQ-KDNfbOs8zjjltNrVbaJ7qBx88ur7slD3dbahFdC0EpG2pd4eqwUUE8EwahGcmuSTmt_nFbhZWlBiWIhGO8dQx5wzRUjXCL2bq8Wmv0PnDRzEFjK8aSU2wqLSKKtIL8BKp9nQmrsmd3QnjZs5G97nzEoo-DQZNZROXt-ldOVKC2L-OgjdidPjh6uGsJQOxgB&sig=AOD64_0HOJgUNBCx5lIgZnmZ7__LIqP4cg&client=ca-pub-3605257360853185&rf=4&nb=9&adurl=https://www.afripanels.co.za/%3Fgad_source%3D5%26gad_campaignid%3D11765415577%26gclid%3DEAIaIQobChMItKmFvrXxkwMViUrDBh2h4RNCEAEYASAAEgKstvD_BwE,https://www.afripanels.co.za/?gad_source=5&gad_campaignid=11765415577&gclid=EAIaIQobChMItKmFvrXxkwMViUrDBh2h4RNCEAEYASAAEgKstvD_BwE,,,,,
1058,https://www.googleadservices.com/pagead/aclk?sa=L&ai=CDidh_-3eadGCJJeNjeYPlLyQiAfXqr6hhgG-ldW32hXt0bSZkg4QASC-z4caYIkDoAGl4IzcA8gBAqkC67mlSrfJsz7gAgCoAwHIAwiqBMsCT9BvjBGDcSMkBoGkhaDJHEA5gfDivWrdsTtek4hzmY1dkIFpobx4l3hlsHJOXgJsVdQtgeZuxSSgJUMMn7bV16LBpw1mjJjvTPs--UeylDvfguNr15Ab7r-Xbmr2YZ3CdkhLaccrUW6q5IqkZnYV79kQXYFrUpLJBLH4LmF4csbb-T1AS5mFGAstbke0rKaQxV3DuUveTN_bARB19x-gBwXOJoJf8R3Kxoc6z_a9cZ76EHndFmRXELDfB7EhI5HdWGIpkb8FxcplOxAInPoDmtASR9u1132EPoCl3DA8HYoSDOSo63FnIBlgvuJOmT_qzFpG_dtxIIodvbozZcI044I-3sfCMKbrX83u6hUb3CgWwd0tzYsN0MEZiglXsbeqKztl3V6rkNtUP41TXjGMngNHVXlH3BxMirstRyvhmoGt4oClbD2xBC_B88AEgIDVtO4F4AQBiAWl26KeWKAGAoAHs5GrKKgHp8yxAqgHpr4bqAfMzrECqAfz0RuoB5bYG6gHqpuxAqgHjs4bqAeT2BuoB_DgG6gH7paxAqgH_p6xAqgHr76xAqgHmuGxAqgH1ckbqAfZtrECqAeaBqgH_56xAqgH35-xAqgH-MKxAqgH-8KxAtgHAdIILgiAYRABGB0yCIqCgICAgIAIOg2AQIDAgICAgKiAAqgDSL39wTpY-sDCmN7ukwOxCb7lwA7EWqmZgAoDmAsByAsBqg0CSlDIDQHiDRMI7_TCmN7ukwMVl0bDBh0UHgRx6g0TCJyoxJje7pMDFZdGwwYdFB4EcfANAogO____________AdgTA9AVAcoWAgoA-BYBgBcBshcQGAEqCjM4NTI2MDc0MzhQBroXAjgBqhgXCQAAAABYVgVBEgozODUyNjA3NDM4GAGyGAkSAv1OGAIiAQDQGAHoGAHCGQIIAQ&ae=1&gclid=EAIaIQobChMIkf7EmN7ukwMVl0bDBh0UHgRxEAEYASAAEgIVkfD_BwE&num=1&cid=CAQS4wEABaugfYa7teQUiBL157JilIJch__bUaN3VPKswtBC_0hcqCwJ9wN90wtMq1-y2N-DZOBkGTYaAK4v8wn7cHGiCCBvdYEYR_1QzUKhK5ps1CMTyKm0oM5yv5ZS5k98JLfbRU6Hq1T4uesEJWxux4_jzaz6WQfhpFHA86nz5gadboB-KQ4AowLlk6xuYt96hvG4dqfSqGZEJqlxYTf7Od-JJrLssqs6AFh1i8sVRo9Q5Rb6BCttebC--VYiwV9Bq_CiXgggA88nfwpvvRhLQEaxE3xP4Y_pJInklQ_yNXSK1wiqoRgB&sig=AOD64_0Rle8JXL1EOL6C5GxtVaV7dnMc5g&client=ca-pub-6453680425766689&rf=5&nx=CLICK_X&ny=CLICK_Y&uap=UACH(platform)&uapv=UACH(platformVersion)&uaa=UACH(architecture)&uam=UACH(model)&uafv=UACH(uaFullVersion)&uab=UACH(bitness)&uaw=UACH(wow64)&uafvl=UACH(fullVersionList)&nb=2&adurl=https://www.thomann.fr/global_truss.html%3Fgad_source%3D5%26gad_campaignid%3D23685803429%26gclid%3DEAIaIQobChMIkf7EmN7ukwMVl0bDBh0UHgRxEAEYASAAEgIVkfD_BwE,https://www.thomann.fr/global_truss.html?gad_source=5&gad_campaignid=23685803429&gclid=EAIaIQobChMIkf7EmN7ukwMVl0bDBh0UHgRxEAEYASAAEgIVkfD_BwE,no,,,,
883,https://www.googleadservices.com/pagead/aclk?sa=L&ai=CvKdLhUbgafLGNJOejeYP5-TEgAeKyNOWYM7mxfrQDWQQASDhqo4nYMfV_42EJqABpu64-gPIAQGpAnVB4KpNzbM-4AIAqAMByAMKqgSqAk_Qp72Ce7ZxGLMNmBeDo-CkQdKiYel5jEZPKoR39qnkGnZ8tdKsIgEFAWiVUuk3PoawO6T_0ZH-OMryr76yVqv7zY9TGM8BcVL05WFfAaSlTzUtlylngmWmJjXlHuNB6kKnVVBoV8k-YBP3I0a8XwLEv0yJd-jFlahdDx3WG2HVD9Z-9jt1XT2E3RzsapSGG7koP8HlCDG5p2uqL1YoBf75H_KnfYgI77q9Djg48xR1NM4Ux5ieBsoQbIbUiBGatSL2NLJM97eu-dWkgwVfiUT-7VveiJs20kYdzwxX3OKN357O-UEfPzeR4NYzXwnXfatg8t0dGkVHOD28amnqDdCVxhxalBnTYJ-0ZAfE5h-gphXsPEHKV59GkMLyrWZ3HDfWzaEnZLjlHLfABJ69-IUN4AQBiAWW7PZegAfCkccFqAenzLECqAfi2LECqAemvhuoB8zOsQKoB_PRG6gHltgbqAeqm7ECqAeOzhuoB5PYG6gH8OAbqAfulrECqAf-nrECqAevvrECqAea4bECqAfVyRuoB9m2sQKoB5oGqAf_nrECqAffn7ECqAf4wrECqAf7wrEC2AcB0ggvCIBhEAEYnQEyCIqCgICAgIAIOg2AQIDAgICAgKiAAqgDSL39wTpYi8vd4KbxkwOxCVc2qcBaOwXkgAoDmAsByAsBogwDkAEBqg0CWkHIDQHiDRMIh5De4KbxkwMVE0_DBh1nMhFw6g0TCIew3-Cm8ZMDFRNPwwYdZzIRcPANAogO____________AdgTDdAVAZgWAcoWAgoA-BYBgBcBshcQGAEqCjQ4Njc4ODE4NjVQBroXAjgBqhgXCQAAAAA0uyNBEgo0ODY3ODgxODY1GAGyGAkSAp5UGAEiAQDQGAHCGQIIAQ&ae=1&gclid=EAIaIQobChMIsp3g4KbxkwMVE0_DBh1nMhFwEAEYASAAEgJWBPD_BwE&num=1&cid=CAQS4wEABaugfY_VnbCpzM_Zc7Tqtxj32c-ittYScqIzwMPHAg8XjWnf9yf1x90Q5zW6qq4yu98QFYhuXcXTXoL4XnMdn3hHJumaDJcncb9lQ4kPysP9Ofxplc0mIU_QG-JhV4pdTpIeFlRSPGm0nfLyLlYtT1flNuWy2kavlmR-lvUicLZLUBxM5pVl09Px-k_AAfkf2GQ1Tpue5h7dARBbECDN3LwY7cuhBwLJ80XCyQAtz5vUQXgHV6seQ4a6G8lOq9O_koJnlI5OFw_i5f_iqupgkicgdQO7D3F9a_s4q8e_fxsf-xgB&sig=AOD64_3YYOvlA817fTFbbB6DXmJarGdZcQ&client=ca-pub-1644806578912499&rf=4&nb=19&adurl=https://www.cicar.com/EN%3Fgad_source%3D5%26gad_campaignid%3D199079446%26gclid%3DEAIaIQobChMIsp3g4KbxkwMVE0_DBh1nMhFwEAEYASAAEgJWBPD_BwE,https://www.cicar.com/EN?gad_source=5&gad_campaignid=199079446&gclid=EAIaIQobChMIsp3g4KbxkwMVE0_DBh1nMhFwEAEYASAAEgJWBPD_BwE,no,no,no,,
879,https://www.googleadservices.com/pagead/aclk?sa=L&ai=CVaoFZUvgaa71H5HwjeYP8e3b0A7Gku3ChgHUsrX6hxa36aK9wAEQASCn2cwjYMfV_42EJqABpJXL4wPIAQKpAgF4TqeRCjs-4AIAqAMByAMIqgTyAk_Q-hbMWkEN4oLKHuayyHSxUZQ0sra2atJE_D3U7KURvIrFrnf1iAhy_Dtkd0dmGdejlbI7EKe1r1xFN9odp6tWqZY-td9q7Aclm5RajtE4o1XvHrZsNQ1RLxU9AoRnL0fAWdbUDiWQOdb0_LCPwkxOOlt_9adZI7fL_jU8_MwqhTuxk3NHXVxD7V3-5L2Gar7piNWRZKSxWUrA4v21jFIiMUap2vebc4ZDxs4O_MQyFbD12tnVIr1HZOvIETs1tTNV5siS1lC3674eArWaeLe2EDMK9OBdJtckeuRbJf2d9Q8ckKojKImvx2RQ6s7UIIsAU7wLho0g_LatSoZ9m04epJT5Z0tdWeNObn5GTv6vJnMs4hpxUe2bibstSHN2lmia8se5SPIe4WEvGLk7APWY5-HhdhhHmCRNHu8ej3d9Hy1-lfKbzN9cAl9dB8Ds-JGN7S4W4rSCbjY6RL8zHVJIketQSUfK-bt0-TTkhurqN8fABMuMpbnWBeAEAYgFnvSQoVigBgKAB8TqtByoB6fMsQKoB-LYsQKoB6a-G6gHzM6xAqgH89EbqAeW2BuoB6qbsQKoB47OG6gHk9gbqAfw4BuoB-6WsQKoB_6esQKoB6--sQKoB5rhsQKoB9XJG6gH2baxAqgHmgaoB_-esQKoB9-fsQKoB_jCsQKoB_vCsQLYBwHSCC8IgGEQARidATIIioKAgICAgAg6DYBAgMCAgICAqIACqANIvf3BOlj55NWzq_GTA7EJejW5OGgSA02ACgOYCwHICwGiDAOQAQGqDQJaQcgNAeINEwj8jdazq_GTAxUReMMGHfH2FurqDRMI34LXs6vxkwMVEXjDBh3x9hbq8A0CiA7___________8B2BMN0BUBmBYByhYCCgD4FgGAFwGyFxAYASoKNTA3NTU3MzU0M1AGuhcCOAGqGBcJAAAAAFAnDUESCjUwNzU1NzM1NDMYAbIYCRICs2kYAiIBANAYAcIZAggB&ae=1&gclid=EAIaIQobChMI7rvXs6vxkwMVEXjDBh3x9hbqEAEYASAAEgL5OvD_BwE&num=1&cid=CAQS4gEABaugfbqDxdLb8phdalfe9rv2_HsGra9KL-kD7DQ9J3oIg4s-V2cp4UkiOTNrXmNSPoeimcj3_OFlxkzgGNrOxa-C48pkuTB9MNVuSyrh4FtmPN_Uz5yUSbP21dOUVBVgceh98SJw0jj7R0M4ZVczYbKaIfS_HTAwxQdL8C5PD6lQM8lF1EF9gLsjB5NwjWXGBIGqCBJ8-kW_DCi-GnqNRkt0mN44K20MTkMVoNT4eLUAkJIhnR3Ae0TzRypBEHMr6bYiLcyMQrKABS3aR8wPPg5u83pIvck3MD8bk1IreqtzGAE&sig=AOD64_0jryTYvWqqMeuaRDUR4g5nxOd19Q&client=ca-pub-3933051677849271&rf=5&nx=CLICK_X&ny=CLICK_Y&uap=UACH(platform)&uapv=UACH(platformVersion)&uaa=UACH(architecture)&uam=UACH(model)&uafv=UACH(uaFullVersion)&uab=UACH(bitness)&uaw=UACH(wow64)&uafvl=UACH(fullVersionList)&nb=2&adurl=https://www.roval.co.jp/lp/monitor-wr-one/%3Futm_source%3Dgoogle%26utm_medium%3Ddisplay%26utm_campaign%3Dmonitor_remarketing%26gad_source%3D5%26gad_campaignid%3D23691803166%26gclid%3DEAIaIQobChMI7rvXs6vxkwMVEXjDBh3x9hbqEAEYASAAEgL5OvD_BwE,https://www.roval.co.jp/lp/monitor-wr-one/?utm_source=google&utm_medium=display&utm_campaign=monitor_remarketing&gad_source=5&gad_campaignid=23691803166&gclid=EAIaIQobChMI7rvXs6vxkwMVEXjDBh3x9hbqEAEYASAAEgL5OvD_BwE,,,,,
1084,https://www.googleadservices.com/pagead/aclk?sa=L&ai=CxP7xVjzgaaDJB_yCjeYP7Mnl4Q7Jxvy-hgHegPSXzxXAjbcBEAEghojmnAFgx9X_jYQmoAHbktyFQ8gBAakCdUHgqk3Nsz7gAgCoAwHIAwqqBLkDT9DqcArzozFIUJS0Ho7J0sVfkrGdAEygQ41KxtGKGqhJxuh6Y7MmBtxPP02iT80j3ibaFIwvbqJ1lcV5GKTMwnTxsolGepVda4xr3H5VGDxjxvbcIKSGOJEvyMPkHpj-qlJ_TffSfijb4mX2k0a9JxgI30BrfQtcBGVhishtY1ySVcBXgsKnSDslluZHHbb-GqtXXaJV-Nrl767CVN4ugqex4xSOnkSP1SgJgSc-yStbDkVa9p-1QnrGZTuUm_KP9Rv6yOx1r_ztn0c4JMeEAIOOz8SktIZenwGet8AC7tMRSfj-BLumeJFP4X49eel30hjGAKTP4OAYJ1ImsTIXHWMZ225UENyOJYzUuYmd88B41jfxkMea16onfUavjm4_VILnd5QvOkk_iI8fVHgLspsuLwP1xskUxIxTN5V3GESHGTaJINIMw6rxugurg0ANohZLavRB9JVoHnSVtCYvmm9M-4JONupgz-vDg7B0nbu-QDlfd_FqGHRgrKPVatEsWGS1JvXtG06q12e64pOg_dBsQt1WDT1-h56VKg8IYhwLbfjC7yhDiXzl8Tgcp5kMrbctFKfNPA87wATAl6qP8QXgBAGIBaOVw7pYoAZmgAfbyqzlHagHp8yxAqgHpr4bqAfMzrECqAfz0RuoB5bYG6gHqpuxAqgHjs4bqAeT2BuoB_DgG6gH7paxAqgH_p6xAqgHr76xAqgHmuGxAqgH1ckbqAfZtrECqAeaBqgH_56xAqgH35-xAqgH-MKxAqgH-8KxAtgHAdIILwiAYRABGJ0BMgiKgoCAgICACDoNgECAwICAgICogAKoA0i9_cE6WODqooWd8ZMDsQlxU5A3liScIYAKA5gLAcgLAaoNAlpByA0B4g0TCM6Xo4Wd8ZMDFXxBwwYd7GQ57OoNEwiGoKSFnfGTAxV8QcMGHexkOezwDQKIDv___________wHYEw3QFQHKFgIKAPgWAYAXAbIXEBgBKgo2Nzk3NTgxMDEyUAa6FwI4AaoYFwkAAAAACHYdQRIKNjc5NzU4MTAxMhgBshgJEgKoahhmIgEA0BgBwhkCCAE&ae=1&gclid=EAIaIQobChMIoMykhZ3xkwMVfEHDBh3sZDnsEAEYASAAEgLXv_D_BwE&num=1&cid=CAQS0AEABaugfel1y9EHPkouxBZDIQ_PxhiD4fg_D-zM6RjSYuEreIh4ymys6Ipqtf52EdEuEWKjb24HVCmv7uCgQn73hqMIgsxsbKomztgLoZsiDgaWssPXQTOZktZmSNNdlvSnnxfysrarOY_FGCSft7vWt2KR4DAQIM7VffcIzZPI2FJlBsY6ccLLxDGqOsbt5r8qDZ7KFcDm4O8g4cNYhzXWQLQ4E7tXNV_5lYNEHrXjU5131oadlX4abVmehjRfFDX6GfhNP9JkHW2KKt8UlLRDGAE&sig=AOD64_3gT4oNgPOB-K9v1UTl0nVswTUsug&client=ca-pub-8466440498224020&rf=4&nb=1&adurl=https://collect.fifa.com/right-to-ticket%3Fgad_source%3D5%26gad_campaignid%3D23745055395%26gclid%3DEAIaIQobChMIoMykhZ3xkwMVfEHDBh3sZDnsEAEYASAAEgLXv_D_BwE,https://collect.fifa.com/right-to-ticket?gad_source=5&gad_campaignid=23745055395&gclid=EAIaIQobChMIoMykhZ3xkwMVfEHDBh3sZDnsEAEYASAAEgLXv_D_BwE,yes,yes,yes,yes,yes
1151,https://www.googleadservices.com/pagead/aclk?sa=L&ai=CTR-QKu_eaanXN4eSjeYP3dm7sQfNjYnue7O2lszcEq2X1ryLEBABIIWv8x5giQOgAeKJzuU9yAEBqQKBl5YqPemnPuACAKgDAcgDCqoEyAJP0LePa7yOlRVtNOmCcRrUjrScV3hp5MjmNLTUfj4AFndkW3WeSRIfIpWESxEeUhQOBHofTIu-uo90zJ6XBm35RX4xc-LwHlxe07rHhKAHeTXgXMgE5JcA2Yr4ZF2BxFUwzO0VnkaKTQFijXaQpz2RNeXYoikynRosWZsbVqfFgne6wLblzjRexBoDJjaPic8DKsXnPS2jzga_FmRK4hOIbeioT-m967X41y2ahfOAzoL7chd3Z3gxC1KEUlB9QfqMOGdcV9bip34bX1ecuK_pBPQDTJWljIyZq-v1tap1neO481mD2W0VNHdy_s3GYb9VP8CnFv92kgvB-juBH9J3R5QTVoFQTLa1pRkMuyCakl4Xdio8P4QkrvEAA04G-hp_zA8cZBOk0-FaCPxmZyzSpE_kbh4WbnRIrbs9rnnOAov1Adhn-SvjwATbpfmP4ATgBAGIBcSlnMRPgAfiwZ7FGKgHp8yxAqgHpr4bqAfMzrECqAfz0RuoB5bYG6gHqpuxAqgHjs4bqAeT2BuoB_DgG6gH7paxAqgH_p6xAqgHr76xAqgHmuGxAqgH1ckbqAfZtrECqAeaBqgH_56xAqgH35-xAqgH-MKxAqgH-8KxAtgHAdIILgiAYRABGB0yCIqCgICAgIAIOg2AQIDAgICAgKiAAqgDSL39wTpY-vidp9_ukwOxCb9xBRPvtBUogAoDmAsByAsBqg0CSlDIDQHiDRMIu-aep9_ukwMVB0nDBh3d7C526g0TCKTloKff7pMDFQdJwwYd3ewudvANAogO____________AbAO_en-mxjYEwzQFQHKFgIKAPgWAYAXAbIXEBgBKgo1NTAxODI5NTc4UAa6FwI4AaoYFwkAAAAAOG4LQRIKNTUwMTgyOTU3OBgBshgJEgLvThgBIgEA0BgBwhkCCAE&ae=1&gclid=EAIaIQobChMIqZSip9_ukwMVB0nDBh3d7C52EAEYASAAEgIeo_D_BwE&num=1&cid=CAQS0gEABaugfdNxPE3Dt64l1x-szfRS4nZhYm7bOLLoKfqqh3EZMMe-4_2oGP8ZTx6YGf0tiFERllPQ-oQJUd7uXL26gp3mwEyvsJeozgUAOuDpNdcyfxX14_4wKBqpj8w4I3lJE-kTVFlslrQDVkDxRmtPHcKNHSM93DBBugUgjGiWpVWekQEKIPhJTOb1XavyOKErKc8zrNOjaxZFhK3AqEraQAGDEHJL7JdWgZfXCGpBJXpq52O_cbtfFNhwCIPRhped3JNqXvqTpkHJfzGPzFjHbXQYAQ&sig=AOD64_0Ba6Wl6aXIIdb4Absw2TU5qfAm4g&client=ca-pub-6131228133143733&rf=4&nb=0&adurl=https://nlfs.com.au/%3Fgad_source%3D5%26gad_campaignid%3D21349470916%26gclid%3DEAIaIQobChMIqZSip9_ukwMVB0nDBh3d7C52EAEYASAAEgIeo_D_BwE,https://nlfs.com.au/?gad_source=5&gad_campaignid=21349470916&gclid=EAIaIQobChMIqZSip9_ukwMVB0nDBh3d7C52EAEYASAAEgIeo_D_BwE,,,,,
971,https://www.googleadservices.com/pagead/aclk?sa=L&ai=CKkCUz2vgacTDGeCfjeYP-oKDsQfh9Z_feYGakIjwFcCNtwEQASCLiIMoYMfV_42EJqAB7M6C8ijIAQmpAv9fu6brcag-4AIAqAMByAMKqgTgAk_QDrq9Kd8mkj8i-keFFxAmdUWnXvqDGkyg75EoYprUhnthotJQV1MTsSzH-P-sXOuonA2aAoyaJQwRksPVU6xN6ltI_6vQLlm_qJHeEl2eP1yFzRUqgQrOy4XBp9Htg6EVOySIl9vnUusSxKaWgkSEFw3jxhD80nRQoMFRwUPHo5ImmL6-EafTHY7-Nn_L8Ms7NT33OfOd_eygtvCL-j6grKjR3am6jMeS7-NgNSvunG3bBvJji2bHroL9hTY6u9PUm5f-ji_h0v3BDT-R5iAwHS2YijfFzYw1xNgC_eyqAlts8aWb3hSEXNSh4ckwLOUywICcH5hEzgLaVhzHXh5K_ajvsKScnVAKA41FDId5BhLiNkTirzd1RMRuOh-ETKxL4_QZfrYWdQztlWtfTEbNv85kFGret5z73LjyRGYr1mIcDg32r8PXfNc0DRs4gpmu_TLQnZ6bFxpxs-aqyOPABI2DqrrqBOAEAYgFzdKPx1CgBi6AB-yG09EDqAenzLECqAemvhuoB8zOsQKoB_PRG6gHltgbqAeqm7ECqAeOzhuoB5PYG6gH8OAbqAfulrECqAf-nrECqAevvrECqAea4bECqAfVyRuoB9m2sQKoB5oGqAf_nrECqAffn7ECqAf4wrECqAf7wrEC2AcA0ggvCIBhEAEYnQEyCIqCgICAgIAIOg2AQIDAgICAgKiAAqgDSL39wTpYrp20qMrxkwOxCZhGOh6CiyyYgAoDmAsByAsBgAwBqg0CWkHIDQHiDRMIjNi0qMrxkwMV4E_DBh16wSB26g0TCL-PtqjK8ZMDFeBPwwYdesEgdvANAogO____________AbgT5APYEw3QFQHKFgIKAPgWAYAXAbIXEBgBKgo3NTcyMDgxNjYxUAa6FwI4AaoYFwkAAAAAcAgGQRIKNzU3MjA4MTY2MRgBshgJEgKqUBguIgEA0BgBwhkCCAE&ae=1&gclid=EAIaIQobChMIhOe2qMrxkwMV4E_DBh16wSB2EAEYASAAEgIgzPD_BwE&num=1&cid=CAQS0QEABaugfU4iVUz9dFBUPXv5kkoYEunHeEul4CsMnZlDATX5YqOT1WyGsEbje0ZDXsjhVNuPztqD1jbpvuQdFA_wByqC-h0f4GT88Y2HeROFweSNChWoV2d6V7sPyRf0MXLu6PAOkw96_gE0KB8zbTVeTvQzMB233a13lEA9KawoMa2i1ytiWGDQhyawBDViZOZsTcU5R14UGQKer9Zucz94pUfxv5ZfyE59sqdiH6qF9XDnc_PYgkQ52jUFRxuufPH7K7FDI8gQNu_PAiCXF3GcbBgB&sig=AOD64_33y6jAYhWs0oU7oobN-XyDpPfDYA&client=ca-pub-9172700587175332&rf=4&nb=9&adurl=https://bouncepadelcourts.com/%3Fgad_source%3D5%26gad_campaignid%3D21623990605%26gclid%3DEAIaIQobChMIhOe2qMrxkwMV4E_DBh16wSB2EAEYASAAEgIgzPD_BwE,https://bouncepadelcourts.com/?gad_source=5&gad_campaignid=21623990605&gclid=EAIaIQobChMIhOe2qMrxkwMV4E_DBh16wSB2EAEYASAAEgIgzPD_BwE,,,,,
1240,https://www.googleadservices.com/pagead/aclk?sa=L&ai=CWV65IOveaYWJL6TujeYPrPjIqQTI6rmrhgHoh7OMrxWF3aOn2QIQASD6qYoXYIkDoAG77oOdKsgBCakC8Kvatr8MOz7gAgCoAwHIAwqqBLsCT9A7ISRQ-OgTYW9Mxm9nS7DNc0pJZk1s_gu_Hy63euuqyeIfHm9PSmED6laZZQmo-E2QWW15nzWNP7ZWRasRPnDcuHMQbYYMsdK6-v6gLUKjPTppNbczWbGR8AWJur2dcZGPKhTUC6VHuklWYkajuCX9U1BPRo8Ya-5a7F3vClgAb-Nz6yH6ryjUfuGlwm0zpJgFq_8aSf_u2nEvgcsQd4krmsC-YVIHpxrp_ebOS7mWI_5cXZbcf_k7lC_VeLEo4iaMXESGAcWO8cBjtLucMkO9zCnA8jF2pfLfY49Dj7BAT3m5rVLgdr8ZfH9iy4eEcHarTExI7XvT3Ovbe0LNsZJJV4ieU3r9pxbKJByf_5zuEGwMn0x3CSyVzFVZUtYPDKGKukGumoEM0iBVfmd6b6VhFB1AVL7GOOFwwATL8_jeuwXgBAGIBcGGy8lVoAYugAe7ptT8BKgHp8yxAqgH4tixAqgHpr4bqAfMzrECqAfz0RuoB5bYG6gHqpuxAqgHjs4bqAeT2BuoB_DgG6gH7paxAqgH_p6xAqgHr76xAqgHmuGxAqgH1ckbqAfZtrECqAeaBqgH_56xAqgH35-xAqgH-MKxAqgH-8KxAtgHANIILwiAYRABGJ0BMgiKgoCAgICACDoNgECAwICAgICogAKoA0i9_cE6WOf_kLrb7pMDsQltgRPx7RHN7IAKA5gLAcgLAYAMAaIMA5ABAaoNAkpQyA0B4g0TCP6hkbrb7pMDFSR3wwYdLDwyReoNEwi06JK62-6TAxUkd8MGHSw8MkXwDQKIDv___________wGwDqeCn84YuBPkA9gTDNAVAZgWAcoWAgoA-BYBgBcBshcQGAEqCjkzMzI3OTI5MDZQBroXAjgBqhgXCQAAAACAM9pAEgo5MzMyNzkyOTA2GAGyGAkSAuhZGC4iAQDQGAHoGAHCGQIIAQ&ae=1&gclid=EAIaIQobChMIhZmTutvukwMVJHfDBh0sPDJFEAEYASAAEgIeIPD_BwE&num=1&cid=CAQS0gEABaugfc7e_0_uCrh6cgCQyLgV8nL58RvmjERSdkqfczhXcnTW-g_MJfHB5N9KKi-OdsW4KRVFD2C2R0y3oaMCrgkoBrl0eZN9D9u-jA2Vz8NoY3OZKJJtqhLfbqhyf14vSc6TkDIaOSIzBYRHMC8OGltuiGpQo5VOIIWDfr8ebgsx9iBgUt_t9c6a9r3x4QdmROBll1JoSqb5YjsbAxDpXehsjILhNfWgQ-rMdmvRTgJJQr91qOSiZRE-ecHKAAUQ0MwOpq8hXBPgcO-286p4lcUYAQ&sig=AOD64_2SJdFYga6JixA-foIDdRaz6HsnCA&client=ca-pub-5405132603504384&rf=4&nb=9&adurl=https://keymancall.jp/lp3/%3Futm_source%3DP-MAX%26utm_content%3DLP3%26utm_term%3D%26utm_campaign%3D04_P-MAX%26utm_source%3Dadwords%26utm_medium%3Dppc%26hsa_acc%3D7287754613%26hsa_cam%3D22975463413%26hsa_grp%3D%26hsa_ad%3D%26hsa_src%3Dx%26hsa_tgt%3D%26hsa_kw%3D%26hsa_mt%3D%26hsa_net%3Dadwords%26hsa_ver%3D3%26gad_source%3D5%26gad_campaignid%3D22971335489%26gclid%3DEAIaIQobChMIhZmTutvukwMVJHfDBh0sPDJFEAEYASAAEgIeIPD_BwE,https://keymancall.jp/lp3/?utm_source=P-MAX&utm_content=LP3&utm_term=&utm_campaign=04_P-MAX&utm_source=adwords&utm_medium=ppc&hsa_acc=7287754613&hsa_cam=22975463413&hsa_grp=&hsa_ad=&hsa_src=x&hsa_tgt=&hsa_kw=&hsa_mt=&hsa_net=adwords&hsa_ver=3&gad_source=5&gad_campaignid=22971335489&gclid=EAIaIQobChMIhZmTutvukwMVJHfDBh0sPDJFEAEYASAAEgIeIPD_BwE,,,,,
969,https://www.googleadservices.com/pagead/aclk?sa=L&ai=CddQe7XnfafG4CYmVjeYPocPPkAS34Ib3hAGN86v43hLaq8H9qUMQASDa18U5YM3A0I-sA6ABvOXN1gPIAQngAgCoAwHIA8sEqgTMAk_QwsmWSVckCQPbVnsPJUBmkrWLI9PtrpciBu0Xdv1PrJ19M18XCDUM7KoNu24I7mw-tCJLe1kZEgBUQFLa-ptNQCT-y3yEfaMWdiNhRXGIzIkljG6HRPdU0lIqzBDc_FtphVIAWDkQLjQBFr58ZmGVeRkXBFJPNORQtviETfKxeMVxICEbV8ZNowOTvA6N-gNv0YgzPltSO_TnQIDUPSQRa-BLGvcVF0sD-x7P3zHDSlhEA6ZZoUqm0AJPrQ3FuKe8scHp0IbIODXeIS4WI1PrVyzAwlXy8H4T24O9kzwuiN8ffcpluVfJfJeFw_-9MnkdL-Jggw8DFlWKYO06qEiZBx861PF03zBFRfVuFTNvlEMYb3C5ecojTQOnj-ry7Xnad1HspcIoVi49mtPyRPiNIA_2aGyL-haK1s2lCJ-4Ziddl3U8qdfptxQmwASG1Yfd3ATgBAGIBbeQ7poD-gUGCCUQARgAoAYugAf6h9deqAenzLECqAemvhuoB8zOsQKoB_PRG6gHltgbqAeqm7ECqAeOzhuoB5PYG6gH8OAbqAfulrECqAf-nrECqAevvrECqAea4bECqAfZtrECqAeaBqgH_56xAqgH35-xAqgH-MKxAtgHAMAIAdIILgiAYRABGB0yCIqCgICAgIAIOg2AQIDAgICAgKiAAqgDSL39wTpYuofK0ePvkwPyCBthZHgtc3Vic3luLTE2MTQ5MTM1OTg4NzU0OTaACgOQCwOYCwHICwGADAGiDAJIAaoNAkJSyA0B4g0TCIGvytHj75MDFYlKwwYdoeETQuoNEwjRpcvR4--TAxWJSsMGHaHhE0LwDQKIDv___________wHYEwzQFQHKFgIKAPgWAYAXAbIXEBgBKgo4NDY2MTU2MzU0UAa6FwI4AaoYFwkAAAAA0IL2QBIKODQ2NjE1NjM1NBgBshgJEgKgTxguIgEA0BgBwhkCCAE&ae=1&gclid=EAIaIQobChMIsePL0ePvkwMViUrDBh2h4RNCEAEYASABEgL-I_D_BwE&num=1&cid=CAQS4wEABaugfemRh7ILpM57l-055J_N2XXe5WPe5nqSEx_Td2mLIjXKA4vx9Iv0ubJnUiRCPJhRLuyN2h4pAYsIIfh15I1cQVKYAqIizDQ-V3-UQRhzbEyMc_-60Ftnhp4wfoDuTZadO87_sFwgJUJT4od_Z6-ZNLX-XlamPRwb8FzCBzoc-8jug_lkTaSH9VuFrSXBixpBQTZTI3WN00adfDM596zDdBTSCQEV4ec8lV_Uh2RrMQckRC6C5h2hh3PLDoMg4wek-j6FWlK-cX_o_j9JUB6qAs8MMy1mbBA8mOIPXXsxoBgB&sig=AOD64_1WZzSUKgzyl0fh77vmpVINZF9Sqw&client=ca-pub-3605257360853185&nb=9&adurl=https://viajala.com.br/passagens-aereas-de-sao_paulo-para-madrid-SAO-MAD%3Fadvertising_channel_type%3Dd%26gad_source%3D5%26gad_campaignid%3D861636663%26gclid%3DEAIaIQobChMIsePL0ePvkwMViUrDBh2h4RNCEAEYASABEgL-I_D_BwE,https://viajala.com.br/passagens-aereas-de-sao_paulo-para-madrid-SAO-MAD?advertising_channel_type=d&gad_source=5&gad_campaignid=861636663&gclid=EAIaIQobChMIsePL0ePvkwMViUrDBh2h4RNCEAEYASABEgL-I_D_BwE,,,,,
942,https://www.googleadservices.com/pagead/aclk?sa=L&ai=C2m_fpDPfabKvGeaNjeYPr6mLmQbpmq3vhQHr97-RshWh6e-9jUUQASCS5skmYJXikIKgB6ABqdaC5gPIAQGpAnzZXHukxLM-4AIAqAMByAMIqgSlAk_QY21UTKZwu1lPKOMGJXTI7CjQvgwsRuKgAeqWsxehnQ0wu5HJr5aI5-l-vbDIZANNXOoaXX04hW6UGedqL_KkhsEhsmdFUbgSx6HKCq3NNwJA_yfIQRtE3erJjmacLfKp7RRMq2QV918FX7YDFyk3kAjwl8OEEC9dQ2cchQh056gf4xHmwXI0lDc0Z4zg0xb4JsjzdW6SSOK4-KvwzcAf_t7gPMU5FadrbAxlokp9FTm2a6huYUsVsMDu1KKdSMkHGaqM30XTr2W3HbuXaHilqPei9LYwofPtakYi9ykkA1l_uWMmwj8_mQvL-SLCJbsSlxg8gbSyibz1b-fQnM3-ofwK2EmXiJgwC1wV87Hm2Py3E4CGkvUoRDbHO8SDEV4WK8aEwATWn_DVzQXgBAGIBcPkvoVYoAYCgAe_qf0ZqAenzLECqAfi2LECqAemvhuoB8zOsQKoB_PRG6gHltgbqAeqm7ECqAeOzhuoB5PYG6gH8OAbqAfulrECqAf-nrECqAevvrECqAea4bECqAfVyRuoB9m2sQKoB5oGqAf_nrECqAffn7ECqAf4wrECqAf7wrEC2AcB0ggyCIDhgBAQARidATIIqoKAgICAgAg6DoDAA4CAhICAlKiIAqgHSL39wTpYzNn7zaDvkwOxCeOIRaCKfGEbgAoDmAsByAsBogwDkAEBqg0CREXIDQHiDRMI3qT8zaDvkwMV5kbDBh2v1CJj6g0TCKiD_c2g75MDFeZGwwYdr9QiY_ANAogO____________AdgTA9AVAZgWAcoWAgoA-BYBgBcBshcQGAEqCjMyNjM1ODc3MTVQBroXAjgBqhgXCQAAAACYDhJBEgozMjYzNTg3NzE1GAGyGAkSAvZOGAIiAQDQGAHCGQIIAQ&ae=1&gclid=EAIaIQobChMIspH-zaDvkwMV5kbDBh2v1CJjEAEYASAAEgJuD_D_BwE&num=1&cid=CAQSgwEABaugfcdf2HkISezcHyyuRxz9NvzR4_OGOZerAKxW8w_ZW7SILoTbuQe-QzigRmteycfB3zWaEe7g9jsLbRLlmmwsZ-IOZXcWHbC_RVnQ72DCyyzMrVxyOXtrdWMzjJmnn_pTgYneHN-dGn0rDPIecCN99mwv3KtIu2kztUaw51T6NxgB&sig=AOD64_2OSGypkKVNABMj5enxoZX5TUovSA&client=ca-pub-8162630360170543&rf=4&nb=2&adurl=https://disa.com/de/ressourcen/zugriffe-kritische-infrastrukturen/%3Futm_source%3Dgoogle%26utm_campaign%3Dsee-display-industrysector-de%26utm_medium%3Dcpc%26utm_content%3Dadi%26utm_term%3D%26gad_source%3D5%26gad_campaignid%3D23633834563%26gclid%3DEAIaIQobChMIspH-zaDvkwMV5kbDBh2v1CJjEAEYASAAEgJuD_D_BwE,https://disa.com/de/ressourcen/zugriffe-kritische-infrastrukturen/?utm_source=google&utm_campaign=see-display-industrysector-de&utm_medium=cpc&utm_content=adi&utm_term=&gad_source=5&gad_campaignid=23633834563&gclid=EAIaIQobChMIspH-zaDvkwMV5kbDBh2v1CJjEAEYASAAEgJuD_D_BwE,yes,,,,
1056,https://www.googleadservices.com/pagead/aclk?sa=L&ai=CO7b5_l7eaYKULbHtjeYPsMT7yA6T4qO1hgGNl6-zixWeuIi2gwMQASDlz-sWYImLxIT0E6AB0q6-mwPIAQmpAvKvWUIYDDs-4AIAqAMByAMKqgT3Ak_Q97BMJjuhW2K97HN5bKV2SHuCk-I7n5WwaesAzevfGRjPx6zpcWleW5Wsmj7CeSsqty6xjLBxOpO66AGmnXrFqHKCthuQPDyxgaVlAo5ysFCXzvtdmlNIeXO6nFiSNo1bzXyRdsmqI4zj1CoxQjqfyxFSEo02MA0esjEC9s3vkEKNONofTLXdVZQ7QJQpQ9xQQj09Q4pH62i3J4aO-rwSgZsOMo6HxJ-LQdjRje3UOcZIMPh-LGhkfJW2Jy0aJmipfF_VFX6pNhroaSQlJilwe5hHDEPyYOpq0jCB3iFyFe_8g_o_0vCYL7W1wVlWT2wc6JgOj_G5V37ZVMmblYTdPR1PSgq-jNkY6cnAPzS3ktc5Jrcw3aY7RVA4uv2doATylLD0JqsyGjNI__m2iuXD_Jzy79No3cC0ZivTEHOK2KbWQOyO3oZpPuBGt1qmtHGAf4dnM0dup0_2crp_wvLIB2Ii_jAG_s-4lU0ga4-MrcxY954z-cAE9ojLpr8F4AQBiAXDxdGDV6AGLoAHltHBZKgHp8yxAqgHpr4bqAfMzrECqAfz0RuoB5bYG6gHqpuxAqgHjs4bqAeT2BuoB_DgG6gH7paxAqgH_p6xAqgHr76xAqgHmuGxAqgH1ckbqAfZtrECqAeaBqgH_56xAqgH35-xAqgH-MKxAqgH-8KxAtgHANIILwiAYRABGB0yCIqCgICAgIAIOg6AQIDAgICAgKiAAqiDEEi9_cE6WMryh-jV7ZMDsQlM-6Lkj93LmYAKA5gLAcgLAYAMAaoNAkpQyA0B4g0TCIWTiOjV7ZMDFbF2wwYdMOIe6eoNEwjD34no1e2TAxWxdsMGHTDiHunwDQKIDv___________wGwDoXby-AYuBPkA9gTDNAVAcoWAgoA-BYBgBcBshcQGAEqCjYwMTcwNTY0NDlQBroXAjgBqhgXCQAAAAAAqepAEgo2MDE3MDU2NDQ5GAGyGAUYLiIBANAYAcIZAggB&ae=1&gclid=EAIaIQobChMIgouK6NXtkwMVsXbDBh0w4h7pEAEYASAAEgJ36_D_BwE&num=1&cid=CAQS4wEABaugfQY3wpxxl28GxXH2ga8xYL1jwRb0s2dvaMWtTwCoV6deWgEYc6RWlx9ki4EfVs9FFwvXRZnac0pbK4OmYQgJ6V7HFFUEl46rvDOaVcogN0_zkfv0yXeqUw5eVlBfCP-itBOj9iQLnc6RJaU2OVeMkDs_K2sdSph1UWE5YY9rWi2gmfEqFgI-T9646dWLf4fza-Nl0_o7GKtKbMgBD24280AqbXeAk5B-_llU7CkeDyWe1JqowiQcaSwP42lYfyCRE6WXMz2EojkLaILWj8DWiIC8EPFMNGqk5L3DD7jqURgB&sig=AOD64_0f5kWsESrwtYdPSUZxOGgiA3aovQ&client=ca-pub-9914992914910847&rf=4&nb=9&adurl=https://the-company.co.jp/branding%3Futm_source%3Dgoogle%26utm_medium%3Dcpc%26utm_campaign%3Dpmax%26gad_source%3D5%26gad_campaignid%3D23361512131%26gclid%3DEAIaIQobChMIgouK6NXtkwMVsXbDBh0w4h7pEAEYASAAEgJ36_D_BwE,https://the-company.co.jp/branding?utm_source=google&utm_medium=cpc&utm_campaign=pmax&gad_source=5&gad_campaignid=23361512131&gclid=EAIaIQobChMIgouK6NXtkwMVsXbDBh0w4h7pEAEYASAAEgJ36_D_BwE,,,,,
1001,https://www.googleadservices.com/pagead/aclk?sa=L&ai=CxTv-PWPgabX6N-uR3NMP1bXBqATm0-r_gwG89eC5jRWCrLPYvkUQASC0o80iYMfV_42EJqABiaHxuT7IAQngAgCoAwHIAwqqBLsCT9BdVGLj8qRm5uTkBzIHNv-Eh64aknL7H9TMoRyx55xgIUZefU6_mEDxjkuug11t5jEATt__mGLoD5ddzTnxdrxn0c4tVbpn1bjwKkCj6L9484Wffq7P-6riTWxPN998cSEWynI3wN9mRW3Ie536FUcZnj3HXsyJepX9RmnQyKOS8uQmc5DlMYYUOqtO6T-ngSJiyORWP-LAmYRMp_Q-J5fQxmpcjEPU-JbG_3tl4EHl1_0Fu63ssCVoJhVo_j2guy38JN1g9kY2kU-ESwkq3oKiWqDF0laCzzjIB53GaJdBpPm1-bpYju-nNpbBMeYwP4U2s-hDo_3CzMcVeSi1RRMblHRFQ5wJklrkebRQLWxZ6Jnd-h9LI8vBn7z6XNs5GJ_k9NJ0Hm5lYDqXAhfhjKTSQdIUhv1QnXxAwASx0I-z0AXgBAGIBa2vwfxWoAYugAeJ2cGZGagHp8yxAqgH4tixAqgHpr4bqAfMzrECqAfz0RuoB5bYG6gHqpuxAqgHjs4bqAeT2BuoB_DgG6gH7paxAqgH_p6xAqgHr76xAqgHmuGxAqgH1ckbqAfZtrECqAeaBqgH_56xAqgH35-xAqgH-MKxAqgH-8KxAtgHANIILgiAYRABGB0yCIqCgICAgIAIOg2AQIDAgICAgKiAAqgDSL39wTpY2p67ksLxkwOxCSIOcxYaBAsUgAoBmAsByAsBgAwBogwDkAEBqg0CWkHIDQHiDRMI0vK7ksLxkwMV6wh3BB3VWhBF6g0TCPSvvZLC8ZMDFesIdwQd1VoQRfANAogO____________AbgT5APYEwrQFQGYFgHKFgIKAPgWAYAXAbIXEBgBKgoxMjA1MzgxMDEzUAa6FwI4AaoYFwkAAAAAUIHzQBIKMTIwNTM4MTAxMxgBshgJEgLFaRguIgEA0BgBwhkCCAE&ae=1&gclid=EAIaIQobChMI9Yy-ksLxkwMV6wh3BB3VWhBFEAEYASAAEgJanvD_BwE&num=1&cid=CAQS0QEABaugfYkr08S9hYRK0AkM8WvI7cM_VQ4xXbggUEw7vrhGL-uulxIE2MYnrz6_SexeVIdmA7FyT5YAxnCFk2YqNrjgWzlga210HkACdCOM-FLGM_W4RpTg6rKOmGS5_6kKZBHMAwqRcrKGSxABxP9evhkEieasAkoe1vj2urzKUKVBQjyT0GrcJmRwOkE_jp4HvZf1xDQYmUFqGD5FWqVUHIO9I_LyOcv4_T45naGx2ErUegwb5ogtMgdGvetJ1IFLo7k2ZHOhe_E5zjF2D-_IzRgB&sig=AOD64_3jfMddzaQmYWLHlpWquBWaUpG7LQ&client=ca-pub-2334602378211593&rf=4&nb=9&adurl=https://www.timeout.com/usa/things-to-do/christmas-cities-to-visit-for-holidays%3Fgad_source%3D5%26gad_campaignid%3D23346567085%26gclid%3DEAIaIQobChMI9Yy-ksLxkwMV6wh3BB3VWhBFEAEYASAAEgJanvD_BwE,https://www.timeout.com/usa/things-to-do/christmas-cities-to-visit-for-holidays?gad_source=5&gad_campaignid=23346567085&gclid=EAIaIQobChMI9Yy-ksLxkwMV6wh3BB3VWhBFEAEYASAAEgJanvD_BwE,,,,,
1225,https://www.googleadservices.com/pagead/aclk?sa=L&ai=C1LYWjtjfaZahNor8ovUPvOLViQiz_oXgfbnwmp2SFL-mrpeYDhABIJvciSJgmwOgAc6zt7Q9yAEC4AIAqAMByAMIqgSwAk_Q9NfUdnM1FiyJOA6_7bMHONdVMIHdvaRdyFOkQckt-R1hVS2rb3b88vkYl3o88svooKMhRqLz2k6jdgjwWkMJYuBOrNW6wnD81uWQoqx_jvTeAyi7CZlf1mFJ6QNvR2jPdc1vtH7lDclPxvhnWG7HjwlB314LHA9pcXYGUNTB3_xeMqgBlpRk9bZqLlSD0MYXwRCSmlVuF-u_0gjj5xUvI9L0LMhIx3NalwT-IZy_bV1MnwWxxr7NdZu3FA8pa-kIR4t-cvCy1uLHYLaU3UEeFEWU_FxQVAEfehtnj-CdL3xg-3Qv1kRG5w1EEYcALsLP-L15H8yQVgjkLcc3AvB1cAOxw6aLwP8jtgnZi7N_DSBWeKR0LcGbHGztTp4UD-HxGsTTQfsABn0EkD5EkdXABI3P3u-DBeAEAYgFg8LziVOgBgKAB87rh5QYqAenzLECqAfi2LECqAemvhuoB8zOsQKoB_PRG6gHltgbqAeqm7ECqAeOzhuoB5PYG6gH8OAbqAfulrECqAf-nrECqAevvrECqAea4bECqAfVyRuoB9m2sQKoB5oGqAf_nrECqAffn7ECqAf4wrECqAf7wrEC2AcB0ggvCIBhEAEYnQEyCIqCgICAgIAIOg2AQIDAgICAgKiAAqgDSL39wTpYu5Gn8b3wkwOxCWAD00qyyH-EgAoDmAsByAsBogwDkAEBqg0CS1LIDQHiDRMI9rWn8b3wkwMVCr6oCB08cTWB6g0TCIjlqPG98JMDFQq-qAgdPHE1gfANAogO____________AaITVAo3CANAAVIICgYSBAgBEAFo257HqERyIRIfIAIoATgCQIPC84lTWAFo_v__________AYABAZgBAxoZChdjYS1wdWItODI0MTA0OTQ5NzYwODk5N9gTDdAVAZgWAcoWAgoA-BYBgBcBshcQGAEqCjQ2NzYwMjE2NjRQBroXAjgBqhgXCQAAAADAbeVAEgo0Njc2MDIxNjY0GAGyGAkSArNPGAIiAQDQGAHCGQIIAQ&ae=1&gclid=EAIaIQobChMIlqCp8b3wkwMVCr6oCB08cTWBEAEYASAAEgIyWvD_BwE&num=1&cid=CAQS0QEABaugfQTuq-qYvrxO4yeQJgToY2UramrMmdUU_-6PLmTodsC2wLHHqTSwDE5h7cUQARUdWX8S8Fh8jf69b8U0_YjMUEjzWWEjGJoypmt5HdrF4C185I6T505LSvBfnU95su_MVWmTPtCtXcEZg98J0lyIRwEmkeS429t1D_yLZgPRfSFtXC7dEsHfLQKrwISCWAhEn5GPJU7UEJNqx5AYap-iU8hx5Fk3VwhycBPgDHDringSsjFnHTQrkYPsQNuZLhJys5q6jtfcyLA_r6u3qhgB&sig=AOD64_0SYDVGiZK7_gQa5_wyJAS9J7NLNw&client=ca-pub-8241049497608997&rf=5&nx=CLICK_X&ny=CLICK_Y&uap=UACH(platform)&uapv=UACH(platformVersion)&uaa=UACH(architecture)&uam=UACH(model)&uafv=UACH(uaFullVersion)&uab=UACH(bitness)&uaw=UACH(wow64)&uafvl=UACH(fullVersionList)&nb=2&adurl=https://www.cavshate.org/%3Futm_source%3Dgoogle%26utm_medium%3Ddisplay%26utm_campaign%3Dhotline-ko%26gad_source%3D5%26gad_campaignid%3D22300909827%26gclid%3DEAIaIQobChMIlqCp8b3wkwMVCr6oCB08cTWBEAEYASAAEgIyWvD_BwE,https://www.cavshate.org/?utm_source=google&utm_medium=display&utm_campaign=hotline-ko&gad_source=5&gad_campaignid=22300909827&gclid=EAIaIQobChMIlqCp8b3wkwMVCr6oCB08cTWBEAEYASAAEgIyWvD_BwE,,,,,
1034,https://www.googleadservices.com/pagead/aclk?sa=L&ai=CuaW-i0vgaYS4EI6cjeYPudXw2Q6tvZK4hgHI2tTZgxbY7KjmkA4QASCL1bEgYMfV_42EJqABnqynpgLIAQLgAgCoAwHIAwiqBMkCT9BioPEDo19HcMMuq3fLVdMyar3BRd84RlMoa81R2sbNYSXy02qiaK9l4sjuWIhwU-iuqHGB7UHAaGKqz9YLDrd6YHapwCJi-762uo6VoTN7G1GgHCZNLy_h1T59ZhCL46F0nsl1H7mvPMt8ee143gfuvbgYyhlhBFbInLwco_pbvaL1UNFcYecmokP9V1u70b-YjgR6rr6eGkYUSCVmYipWZeUDEW8ViDnrRAzdgfzCQIftOeu0b9ghIQM_YczW96JMYKW-u79PWwtsURUPWVRbq2jXcMEl5TKWVq2tzUOh5bADoUhtpK_WuKLchAHmoiPK6UGN9xRFLpnmljZe-4g1ehBQSTFweDMeWbLQV4rz7oUGjgWGrXgYAMdStkZzfGsj7DtSAeW7VHAtzhjlx9wTcCOHuy0tJYzdl46it2yydnpFnoYuzuPABKXBuszXBeAEAYgF2ozEvFigBgKAB8rT2NkBqAenzLECqAfi2LECqAemvhuoB8zOsQKoB_PRG6gHltgbqAeqm7ECqAeOzhuoB5PYG6gH8OAbqAfulrECqAf-nrECqAevvrECqAea4bECqAfVyRuoB9m2sQKoB5oGqAf_nrECqAffn7ECqAf4wrECqAf7wrEC2AcB0ggvCIBhEAEYnQEyCIqCgICAgIAIOg2AQIDAgICAgKiAAqgDSL39wTpY2dnVxavxkwOxCZrmljxxkXKOgAoDmAsByAsBogwDkAEBqg0CWkHIDQHiDRMItfzVxavxkwMVDk7DBh25Kjzr6g0TCI6B18Wr8ZMDFQ5OwwYduSo86_ANAogO____________AdgTDdAVAZgWAcoWAgoA-BYBgBcBshcQGAEqCjg5OTA0MTE5MDRQBroXAjgBqhgXCQAAAABMExxBEgo4OTkwNDExOTA0GAGyGAkSArNPGAIiAQDQGAHCGQIIAQ&ae=1&gclid=EAIaIQobChMIxKnXxavxkwMVDk7DBh25KjzrEAEYASAAEgKsqPD_BwE&num=1&cid=CAQS0QEABaugfYXcrfZiRikcLsdlFfgWd_qpN6K6W3DEKqkClF2HVAYXlNfNXiF525kvNW4LsDdFVOce2-s4Iz_28Fui2H2AY56JruL8Y_-ZjqVZYErx7JD9sdTkqpjc-NwUmMKfGD4FCLCU2ve_4N8tuShLgI19dqomhMZY-ZSpPAaR7XsTndg7u7n0jlsh2HDN36VraPPsJa33RTp90uQyQDoWbCzPUqgsIVk34Wl1SHDpl1TRB_3m7bjJvyyPMCqvO4kEcXQKsY0lvvkscgWMjcpBbRgB&sig=AOD64_1aegB-jgrjvh-NCQR-z1tGzmxxWw&client=ca-pub-2378110306265632&rf=5&nx=CLICK_X&ny=CLICK_Y&uap=UACH(platform)&uapv=UACH(platformVersion)&uaa=UACH(architecture)&uam=UACH(model)&uafv=UACH(uaFullVersion)&uab=UACH(bitness)&uaw=UACH(wow64)&uafvl=UACH(fullVersionList)&nb=2&adurl=https://feature.adr.org/2026-AAA-ICDR-Conference-Venue-Information%3Futm_source%3Dgoogle%26utm_medium%3Dcpc%26utm_campaign%3D%26utm_keyword%3D%26gad_source%3D5%26gad_campaignid%3D23749264986%26gclid%3DEAIaIQobChMIxKnXxavxkwMVDk7DBh25KjzrEAEYASAAEgKsqPD_BwE,https://feature.adr.org/2026-AAA-ICDR-Conference-Venue-Information?utm_source=google&utm_medium=cpc&utm_campaign=&utm_keyword=&gad_source=5&gad_campaignid=23749264986&gclid=EAIaIQobChMIxKnXxavxkwMVDk7DBh25KjzrEAEYASAAEgKsqPD_BwE,,,,,
1115,https://www.googleadservices.com/pagead/aclk?sa=L&ai=CyXeWMObeae2RH8COjeYP0-vV0A_2orKGhQGstp3goRWZ3PX1kg4QASCM95YmYIkDoAHwqPC8A8gBAqkC6-FSXyPjpz7gAgCoAwHIAwiqBMkCT9DLfQ7KmeS6sQjYxN0X5z5N2LciFw2pDLjchTawi7bX4u_5Idv7XsBGquX1xFkrNw2vhWrKlnzTh6qdbplh3COtQdnmO--jCITrC1W2rpOnIdFsN0GH9kyQwQlncEmvXvipJORNwAJzHlzYMq4iSlFmJbOjCRuFmjmCfacv4CnxLMrVEYtP5dIdMUkM3Z66L8YwLvRNVlDMs-4_b_JdVweZHkOLRDE9HuRJz1Z34e5nXtNNr9jlMzYJLLEosCmbNOvhIrLPt1mApoBD9LOnZNg6wlVejOpTDwln5t-15fZgjqnyLG5f1HiHf_u7NAI5vwJm-Mk5XDPfaPpTFV41nJLMzUvY8CW1HwOcrhGwxf8R5G7m4TzQaoOMR-8qs_zfQBTuQj3NZbi9W3FHElzdfKMCsUUuO3X0QQwdPnHew3q9CR9csDmZ0fHABJKJqIfIBeAEAYgFl5_rqUygBgKAB_jWj0OoB6fMsQKoB6a-G6gHzM6xAqgH89EbqAeW2BuoB6qbsQKoB47OG6gHk9gbqAfw4BuoB-6WsQKoB_6esQKoB6--sQKoB5rhsQKoB9XJG6gH2baxAqgHmgaoB_-esQKoB9-fsQKoB_jCsQKoB_vCsQLYBwHSCC4IgGEQARgdMgiKgoCAgICACDoNgECAwICAgICogAKoA0i9_cE6WK7GpN_W7pMDsQlJINEzJz8K44AKA5gLAcgLAaoNAkpQyA0B4g0TCNTypN_W7pMDFUBHwwYd03UV-uoNEwieuqbf1u6TAxVAR8MGHdN1FfrwDQKIDv___________wHYEw3QFQHKFgIKAPgWAYAXAbIXEBgBKgoxOTA4NzU3Mzc5UAa6FwI4AaoYFwkAAAAAgIjnQBIKMTkwODc1NzM3ORgBshgJEgL6UxgCIgEA0BgBwhkCCAE&ae=1&gclid=EAIaIQobChMI7emm39bukwMVQEfDBh3TdRX6EAEYASAAEgJPQ_D_BwE&num=1&cid=CAQS0gEABaugfQpVRGNal0rOiWK0sbBkKcNs6NuBRYq2j-CqWoP_KioeYcyyEoMHBLgtT9BQ9tu7uDzTYOPaZh4UWpYrRIojv58QRJVeuARtzOiu9Pm1V0Dt7wv01rkHLL1_EcEoTENX9-n1yEcZRdybGHjAjDxf7ZV5NGg-TvC4DhFrPhgBne453UFbhPM9CzJ7cQtV3GNmQj30m58Oe0vz1fBP0Pgg6qiuQIdRjucO8tFIK2ZTcyYv6NCd038oM_TruOobsbPVbSGfORFCa5TChr_21eYYAQ&sig=AOD64_0TzW7AS12mXM3qCFNHohGM2ddodw&client=ca-pub-6554330019384808&rf=5&nx=CLICK_X&ny=CLICK_Y&uap=UACH(platform)&uapv=UACH(platformVersion)&uaa=UACH(architecture)&uam=UACH(model)&uafv=UACH(uaFullVersion)&uab=UACH(bitness)&uaw=UACH(wow64)&uafvl=UACH(fullVersionList)&nb=2&adurl=https://www.adecco.com/en-au/adecco-for-employers/permanent-recruitment%3Fgad_source%3D5%26gad_campaignid%3D20488834967%26gclid%3DEAIaIQobChMI7emm39bukwMVQEfDBh3TdRX6EAEYASAAEgJPQ_D_BwE,https://www.adecco.com/en-au/adecco-for-employers/permanent-recruitment?gad_source=5&gad_campaignid=20488834967&gclid=EAIaIQobChMI7emm39bukwMVQEfDBh3TdRX6EAEYASAAEgJPQ_D_BwE,,yes,,,
1190,https://adclick.g.doubleclick.net/aclk?sa=l&ai=CmaWPUEfgad3XKrHwjeYPz_XWwA6Cyp-1hgGrtZe--hS-45qKBBABIKzZuCJgx9X_jYQmoAGvucGRPsgBCakCsl9T4gfEtj7gAgCoAwHIA0iqBNACT9Cx2GS5dQ6ehr0oX_GmzZoqLxi4DflBq8f-CIv58CydQqZSRAdvbWriiy6Ozo1_HkXMf7WiWboH5f1oAa8U3XdTmbu-3chW545eyv-3L9R8RJk-WL58luip_kUjK9vS7DN0aZClyjgleoihfWjogJNjzLp78bdgQY6Vn05_8P1HFCzjfnaviI-N8qgxmM4LA1540DZX1iTA34UZhsxwiQlGNDQ8EWOpHp9arje6uul-m7SBIvMSWRof0uj2CL-utbUIlA4j_LOKu6-Yb1Ruqo-0buPQhS5YGnVkoT5YT1-GXK-Faa4LrKVO2XHRGUequN9Ujr8aXq83ahRAL9HPmG4kSutkvgZBndMxBXXQtOfhbIZ495Puh3rHXqtSKhaYacUCgEcfwNupA_ZWPs6pazqumTfKe2REYMUM2FhVnq8sffmOgeEZ4YhcC7GljD9OwASrutKytAXgBAGIBemFssVQoAYugAev8ZHxGKgHp8yxAqgH4tixAqgHpr4bqAfMzrECqAfz0RuoB5bYG6gHqpuxAqgHjs4bqAeT2BuoB_DgG6gH7paxAqgH_p6xAqgHr76xAqgHmuGxAqgH1ckbqAfZtrECqAeaBqgH_56xAqgH35-xAqgH-MKxAqgH-8KxAtgHANIILwiAYRABGJ0BMgiKgoCAgICACDoNgECAwICAgICogAKoA0i9_cE6WLDsusGn8ZMDsQngBQHnvgwK1YAKA5gLAcgLAYAMAaIMA5ABAaoNAlpByA0B4g0TCIqfu8Gn8ZMDFTF4wwYdz7oV6OoNEwiXnLzBp_GTAxUxeMMGHc-6FejwDQKIDv___________wHYEw3QFQGYFgHKFgIKAPgWAYAXAbIXEBgBKgo5OTQ4NDI5MzczUAa6FwI4AaoYFwkAAAAAzPYUQRIKOTk0ODQyOTM3MxgBshgJEgKqUBguIgEA0BgBwhkCCAE&ae=1&gclid=EAIaIQobChMI3b-8wafxkwMVMXjDBh3PuhXoEAEYASAAEgKCpvD_BwE&num=1&cid=CAQS4gEABaugfaEzwbIlYF4QzTISpO8QJY-FIJ4Ojzpbe--W62M4zVycHQy9irp_lILxMhMPhT3xdIDqFriW1yM4imi9j6_lUDkqPMK_s_64wE2RycqZCaTK6p7GR0gJNT5DvgutqVMD1BdkiWoZwTYQKMYTL8-a4qODwrZczgAsrv45ikIsvIEdjfTBsNGgTg5y-99Y-NH00TR7Mz5SeUUa6r86HFNay1bVl5V12ClmbsBDkqTjAvtNGIcZ_yjMVis-ACAhiJqc_WRau2MoUVsELnqkjzs37nBqSrHfPAVoNJzxUKL7GAE&sig=AOD64_3BUCCmnFMRzNqqzNb-mtwgPnYGVQ&client=ca-pub-4180835694166255&rf=1&nb=25&adurl=https://knauf.com/en-GB/product-highlights/omnifit%3Futm_source%3Dsoop%26utm_medium%3Ddisplay%26utm_campaign%3Domnifit%26gad_source%3D5%26gad_campaignid%3D21620359913%26gclid%3DEAIaIQobChMI3b-8wafxkwMVMXjDBh3PuhXoEAEYASAAEgKCpvD_BwE,https://knauf.com/en-GB/product-highlights/omnifit?utm_source=soop&utm_medium=display&utm_campaign=omnifit&gad_source=5&gad_campaignid=21620359913&gclid=EAIaIQobChMI3b-8wafxkwMVMXjDBh3PuhXoEAEYASAAEgKCpvD_BwE,no,no,no,no,no
1206,https://www.googleadservices.com/pagead/aclk?sa=L&ai=Cax30ODbfaeiTNMuMjeYP-uOOmAi4xoChhgHM9dKe-BPfv-fT2g8QASDZ9dMXYJXikIKgB6AB4K-k8APIAQmpAnzZXHukxLM-4AIAqAMByANIqgT1Ak_QABQ-opiHo1rdWSw1jifv41s457TJx1iWPPpfQTR0Q8-ykgNfurVIC39rRb7qbcCA9bhia3kQ_bF7U8i9l9PsBRXQf_NQKOSl5RscSJR5RRkwJJiDkwZiM5k5m3_oG3itykppqAzs7S0FQV76Vj9hfysvBe-KPWkU6fn6XCxsm4t0Pti3Y1J7strcUiwxh61WOLwscIv0sij2L1mrtmodFd7kaWfnVS6rTIwQ6zbd0CSsFJ0vITJCHPEwf91_o_oBTut9p_ramLCo_dL6rpV2MwT5stOhhM8nF3_Srie0ogzqYAIJ-Jaafjd2SgY_UyfjtXhlE-1ofrMXS5-qnil9to7QyAngReANkCJQ6nh8lgkjjjHM9OmOxWvfY3aZx1XOpblPCTaizMdPl62tg1b-0x1utBTKLPRPdOsfPrQ6u1CWiRsC5Ncrlm9_0ksBPwTA1k3ITiXeLcVZJB_kf7J0KnWKMX5siNJjXP2oNqwC0oWtZ8DABLrWq7CiBeAEAYgFucL_lFSgBi6AB4jQ2w-oB6fMsQKoB-LYsQKoB6a-G6gHzM6xAqgH89EbqAeW2BuoB6qbsQKoB47OG6gHk9gbqAfw4BuoB-6WsQKoB_6esQKoB6--sQKoB5rhsQKoB9XJG6gH2baxAqgHmgaoB_-esQKoB9-fsQKoB_jCsQKoB_vCsQLYBwDSCDIIkOGAUBABGJ0BMgirg4CAgICACjoOgMADgICEgICUqIgCqAdIvf3BOljg2vKIo--TA7EJAzhmJVfRTuGACgOYCwHICwGADAGiDAOQAQGqDQJERcgNAeINEwiMjPOIo--TAxVLRsMGHfqxA4PqDRMIh8zziKPvkwMVS0bDBh36sQOD8A0CiA7___________8B2BMD0BUBmBYByhYCCgD4FgGAFwGyFxAYASoKMzE5MDQ1MzAyMlAGuhcCOAGqGBcJAAAAAIZTKUESCjMxOTA0NTMwMjIYAbIYCRIC7U4YLiIBANAYAcIZAggB&ae=1&gclid=EAIaIQobChMI6I_0iKPvkwMVS0bDBh36sQODEAEYASAAEgJE7PD_BwE&num=1&cid=CAQScQAFq6B9N28dFpOJ6VoYHRMvEqRG4tnvlhqeG-fyWha0UazE8EV4pPwxdIG_YV8NOmE02yMQkkM87w7lLoRe0aQXFSi6edl77O64rvU6xd3pZAPQ1kV7LPJUFgqzzyamySbb2RADcK2fO6M2q9P-sV1gGAE&sig=AOD64_3esSu7UBr7P6bhGfM-BafboISA3Q&client=ca-pub-3980300725513096&rf=1&nb=25&adurl=https://www.sparda-sw.de/produkte/konten-und-karten/girokonten-uebersicht/spardagiro-start.html%3Fgad_source%3D5%26gad_campaignid%3D22592610617%26gclid%3DEAIaIQobChMI6I_0iKPvkwMVS0bDBh36sQODEAEYASAAEgJE7PD_BwE,https://www.sparda-sw.de/privatkunden/girokonto/kontomodelle/spardagiro-start.html?gad_source=5&gad_campaignid=22592610617&gclid=EAIaIQobChMI6I_0iKPvkwMVS0bDBh36sQODEAEYASAAEgJE7PD_BwE,no,no,,,
1078,https://www.googleadservices.com/pagead/aclk?sa=L&ai=CC86dwELgafOlFZSV3NMPhtbOIOKsxpGFAbO51_qkFb_oor3AARABIMSogCJgx9X_jYQmoAGen4_lQMgBCeACAKgDAcgDCqoEhwNP0B0Hxe5vDTUMgTWSx_2_iuiFkambwjM1H0uG2M4YmOFRtqRfXODOydZEjhNFpuyK-6BAUynLfJczhxESizPgkgeW8KXMPMC_eN1Rk-6lg7mBueXGaJQ9WKld9nm_K_TviV1A93q4MhIan7Zlr_9XUd-2eJuuqQL0AI38tdM-KmNZ4gmesa5dXcHq8LhNV-s_Qszkbq6Q7dCUDeQcdPusZHlu6rN91ClzZj7uA5G6e20uDw-U1lS3eyiFEbslx3qfScELBzEJIyzXATjjv_13VqpvvfpP0nM_sbgzrfcXDr3P4nw3vauC1hwym5iMEVDo9z_IEyfcnEfpstt9K2wPRo7Ix-d7OWcLiZ-ulL1UBurKM2gCw45l7fdanKXTekYPIsqCncRNyzsflUO5iAsTKVzC64sNUBVVB7AvfYAnQ87-WB5WErT-XkeeFzDljGy5wVUoGCZxUZcEm9KwRJ6DqIsT_lyG5pnMuQ-CWirCmo5jVq7pre4veVhuv7ds2BUnPZwGDWskwAS9tbfZzAXgBAGIBeSMpdVXoAYugAee19_EG6gHp8yxAqgHpr4bqAfMzrECqAfz0RuoB5bYG6gHqpuxAqgHjs4bqAeT2BuoB_DgG6gH7paxAqgH_p6xAqgHr76xAqgHmuGxAqgH1ckbqAfZtrECqAeaBqgH_56xAqgH35-xAqgH-MKxAqgH-8KxAtgHANIILgiAYRABGB0yCIqCgICAgIAIOg2AQIDAgICAgKiAAqgDSL39wTpY2pWslKPxkwOxCbYPl2OcFC49gAoDmAsByAsBgAwBqg0CWkHIDQHiDRMIhruslKPxkwMVlAp3BB0GqxME6g0TCM3WrZSj8ZMDFZQKdwQdBqsTBPANAogO____________AbgT5APYEw2IFAHQFQHKFgIKAPgWAYAXAbIXEBgBKgo3OTQyNDU1MDUxUAa6FwI4AaoYFwkAAAAA2KQZQRIKNzk0MjQ1NTA1MRgBshgJEgKATxguIgEA0BgB6BgBwhkCCAE&ae=1&gclid=EAIaIQobChMI84WulKPxkwMVlAp3BB0GqxMEEAEYASAAEgIs7_D_BwE&num=1&cid=CAQS4wEABaugfVi55931AuzR_yZK_dixms3_oXWUzV3Nx8TN8NCXtDAWQpuRnRJWd_KMEjqMQh42mWlX4MURzz_kF97_TuCzQipoQUCLb9pagoYawMljmxl6BsjdcxwQcxGTrVo46ejcvX9eCH7C4iEH-6oDzVmukarl3CwEKfsJqScivA4HIo620XXzsaNlbqRN9KXk_Hb8DwGZmC0mnt0e8nym9ppvjsDXFQrdVh2xK4XnlMnulL-Io-II0xXAYVsZsfV6vOuAo2A5uNbBXA-aoWIcVY4YOUj6R6iDNbyxwY-ay7LL8xgB&sig=AOD64_1pLb1lD0a2GJOnoYMQHFhj_7gUGA&client=ca-pub-7208923277260888&rf=4&nb=9&adurl=https://metaprompt.com%3Futm_term%3D%26utm_campaign%3DWebsite%2Btraffic-Display-%2Bmetaprompt%26utm_source%3Dadwords%26utm_medium%3Dppc%26hsa_acc%3D4171940543%26hsa_cam%3D23532750436%26hsa_grp%3D192387340989%26hsa_ad%3D795772250871%26hsa_src%3Dd%26hsa_tgt%3D%26hsa_kw%3D%26hsa_mt%3D%26hsa_net%3Dadwords%26hsa_ver%3D3%26gad_source%3D5%26gad_campaignid%3D23532750436%26gclid%3DEAIaIQobChMI84WulKPxkwMVlAp3BB0GqxMEEAEYASAAEgIs7_D_BwE,https://metaprompt.com/?utm_term=&utm_campaign=Website+traffic-Display-+metaprompt&utm_source=adwords&utm_medium=ppc&hsa_acc=4171940543&hsa_cam=23532750436&hsa_grp=192387340989&hsa_ad=795772250871&hsa_src=d&hsa_tgt=&hsa_kw=&hsa_mt=&hsa_net=adwords&hsa_ver=3&gad_source=5&gad_campaignid=23532750436&gclid=EAIaIQobChMI84WulKPxkwMVlAp3BB0GqxMEEAEYASAAEgIs7_D_BwE,,,,,
953,https://www.googleadservices.com/pagead/aclk?sa=L&ai=C76nHUlrgacDkLdjzjeYP4vj7oASuwqe-hgHT5M6roxHlhI3Rlg4QASD_8PghYMfV_42EJqAB9c28zQPIAQmpAnVB4KpNzbM-4AIAqAMByAMKqgTrAk_QPokV-cmPW7Ua0pPbUzQvNgt4iow3pp51vrrOUIraQ31cOdi2v0lJQLapxiH-eqL5bLyw--2T3v6bn7QM7nZ_ed2XmK_MCW-JlBachepiOzPWHauQhmo2Au0-BRYQMfO0ixDnsxeNHur8wg82_aUyo6IXFKJxCuUWS7Xu_6iV4qXkNNItnoj0B4k_FDlRrjfJggmdotHHw9IqkVxOIqhOB-mhUACuc2rJaxvQdxawmnswSspK5zHAQgqEsa9p4nRYqN9pIldZ7yJvp0kH64Fc9YfwzVIujMiN6DmJp2oX8gscIAm665VHM1-GMdJzS-vGLd3P9on-yO4uO9DALoYAmiruJBQepd0ktbeObNhRU_hlRtILACPc5SHWSKOIC9hZjWK5BADj5gzyf6RlNQCBUMRcjeOJLXEKfVspiRlWwVTI02zDLvrG--G6fZI5FS6_m_7w-bHZWXXW-psPL9MDgY6yjVyjmgmzncAEj9a6tZ4E4AQBiAWEgs_nSaAGLoAH9q-3PagHp8yxAqgH4tixAqgHpr4bqAfMzrECqAfz0RuoB5bYG6gHqpuxAqgHjs4bqAeT2BuoB_DgG6gH7paxAqgH_p6xAqgHr76xAqgHmuGxAqgH1ckbqAfZtrECqAeaBqgH_56xAqgH35-xAqgH-MKxAqgH-8KxAtgHANIILwiAYRABGJ0BMgiKgoCAgICACDoNgECAwICAgICogAKoA0i9_cE6WKGC49G58ZMDsQk5bXm80bnr0YAKA5gLAcgLAYAMAaIMA5ABAaoNAlpByA0B4g0TCLen49G58ZMDFdh5wwYdYvweROoNEwjvpOTRufGTAxXYecMGHWL8HkTwDQKIDv___________wG4E-QD2BMNiBQS0BUBmBYByhYCCgD4FgGAFwGyFxAYASoKNDU3MDI0NDE4M1AGuhcCOAGqGBcJAAAAAEzNFkESCjQ1NzAyNDQxODMYAbIYCRICwE8YLiIBANAYAegYAcIZAggB&ae=1&gclid=EAIaIQobChMIwNXk0bnxkwMV2HnDBh1i_B5EEAEYASAAEgIARfD_BwE&num=1&cid=CAQS4gEABaugfZH_Jne5hTIVwWWR_3c-0eQ1m3wVHN39mD8f_lqtqbhmxCjc2LDtfd4Jqj82nE5HXfcJoCXFdrlIzppWRx6eTK3UAIGIMAWvRrWGpM_n6eZM-fEeNMgnQKYF8AYkfF4ck9cHZEQ0Krn3qLOtU8AKNBtPKMxgCUNQ72tLiuPUrqs-Umbb3h93hOB-vYToIRREt3B26_dAh8bEeM-Eu30fYMWPLYc4Y5vqyxeSDJo8VNNYkolM2bqEhpCCpde97mT-Tb1yOOpcbw4Qpqg06cwSKyoZs85W7o1ZgY2MzjODGAE&sig=AOD64_376-pNp7KC3bJ5CB89kosF4i3Egw&client=ca-pub-1037373295371110&rf=4&nb=9&adurl=https://www.ottoversand.at%3FAffiliateID%3Dgoogle_remarketing%26ActionID%3Ddis_retargeting%26WKZ%3D11%26IWL%3D526%26NUMSArt%3D902010205143800%26NUMSArtPc%3D902010205143801%26Name%3DDisplay_RM_Google%7CklickstartEAIaIQobChMIwNXk0bnxkwMV2HnDBh1i_B5EEAEYASAAEgIARfD_BwEklickende%7C19813089540%7C145604127503%7C651295571192%7C%7C%26utm_medium%3Ddis_retargeting%26utm_source%3Dgoogle_remarketing%26utm_campaign%3DDisplay_RM_Google%26utm_channel%3Ddisplay%26gad_source%3D5%26gad_campaignid%3D19813089540%26gclid%3DEAIaIQobChMIwNXk0bnxkwMV2HnDBh1i_B5EEAEYASAAEgIARfD_BwE,https://www.ottoversand.at/?AffiliateID=google_remarketing&ActionID=dis_retargeting&WKZ=11&IWL=526&NUMSArt=902010205143800&NUMSArtPc=902010205143801&Name=Display_RM_Google|klickstartEAIaIQobChMIwNXk0bnxkwMV2HnDBh1i_B5EEAEYASAAEgIARfD_BwEklickende|19813089540|145604127503|651295571192||&utm_medium=dis_retargeting&utm_source=google_remarketing&utm_campaign=Display_RM_Google&utm_channel=display&gad_source=5&gad_campaignid=19813089540&gclid=EAIaIQobChMIwNXk0bnxkwMV2HnDBh1i_B5EEAEYASAAEgIARfD_BwE,yes,,,,
889,https://www.googleadservices.com/pagead/aclk?sa=L&ai=CRFdRlN_eafCcBaqYjeYP3ansmASOoK6Pfe7J3OH0DLaQHxABIJ_72R9gpbiagJwBoAH-u4z3AsgBBqkC6-FSXyPjpz7gAgCoAwHIAwqqBLgCT9Ah_ECW1G3FSB-1Pit0VaAIddecykFX25rSRYceUNeIO8J7mUiGPDuUlb7g8R98b5LLnQZ_GTLCdejuJOE4vylSZP33maUhrySj-sL54IJvDO9Yqur8dPUV5ztirPEMiKW8Sh2jJs_BVpQLwp9OMt7HQ1nXMf1er3esyZkVWVmtT2C49izYebFG3LZ2u0ishM5sW97fwmL7_h4AZmznWlP7BdC3eJ8PIyPuUjCerN_kkxDcFRywV3YxlNdZLJGNIXF7byFI3EFcaN9-aWi07iPjGEYT5wTvCYAA0WT8SJHVGeFCfDfwvXhjdnN5VbIhB54l29IKqN5-ARHK19T4oV-nMO8GKDas9UbToK3G2eQl4ifrEw2bi1TOHUlIeDGgk-90VJ3cB3AmkJX-H59geanp9APPLYWXwAT6ooz0rAPgBAGIBam0gbkroAY3gAfqw_OIAagHp8yxAqgH4tixAqgHpr4bqAfMzrECqAfz0RuoB5bYG6gHqpuxAqgHjs4bqAeT2BuoB_DgG6gH7paxAqgH_p6xAqgHr76xAqgHmuGxAqgH1ckbqAfZtrECqAeaBqgH_56xAqgH35-xAqgH-MKxAqgH-8KxAtgHAdIILgiAYRABGB0yCIqCgICAgIAIOg2AQIDAgICAgKiAAqgDSL39wTpYl6aJuNDukwOxCfIVGvEZ-QmKgAoDmAsByAsBogwDkAEBqg0CQVXIDQHiDRMIgMqJuNDukwMVKkzDBh3dFBtD6g0TCO7kirjQ7pMDFSpMwwYd3RQbQ_ANAogO____________AdgTA4gUDtAVAZgWAcoWAgoA-BYBgBcBshcQGAEqCjMyOTI1NDcyMjRQBroXAjgBqhgXCQAAAABePCJBEgozMjkyNTQ3MjI0GAGyGAkSApNOGDciAQDQGAHCGQIIAQ&ae=1&gclid=EAIaIQobChMI8LaluNDukwMVKkzDBh3dFBtDEAEYASAAEgLsDPD_BwE&num=1&cid=CAQS4wEABaugfWgZ4MMMdzUr4hBfdL3mYi7P6ekCBmVfJb-byRYf-18XfUr7CZzMzlnpzXpWS1w_ucMBxSzlM2o4Fh4FPn22hJ-uTBykO31Dlie2dwngai1a0beGDZOfHazfHOWhq-sgH03FCUYX-WqsXdjrADHCzU-ze2FYSm0tv4Q__fJHY78ElIG_a6lRv0sIOzkX_HQ8H4YxRZM3mZiAMnNSvhG3KRjMpWGkCtV1NTXOYaU6ngAByT1XN2wIexIuvXZ6lqozA3GzepEqBgQ8brlWROGbnSIjyzxiLu6B7skQbx1rChgB&sig=AOD64_0f2_l3BKjhrdQO3wM1JJoEJGaLqw&client=ca-pub-9386487545679073&nx=CLICK_X&ny=CLICK_Y&uap=UACH(platform)&uapv=UACH(platformVersion)&uaa=UACH(architecture)&uam=UACH(model)&uafv=UACH(uaFullVersion)&uab=UACH(bitness)&uaw=UACH(wow64)&uafvl=UACH(fullVersionList)&nb=9&adurl=https://www.bellerivevillage.com.au/%3Fgad_source%3D5%26gad_campaignid%3D11662285353%26gclid%3DEAIaIQobChMI8LaluNDukwMVKkzDBh3dFBtDEAEYASAAEgLsDPD_BwE,https://bellerivevillage.com.au/?gad_source=5&gad_campaignid=11662285353&gclid=EAIaIQobChMI8LaluNDukwMVKkzDBh3dFBtDEAEYASAAEgLsDPD_BwE,,,,,
1033,https://adclick.g.doubleclick.net/aclk?sa=l&ai=CENVb8Ffead2sNJ_8ovUP6P62kAf0_fKfhgGW87D_wRWhpvjz0B0QASCHj4skYImLxIT0E6ABkOz44AHIAQmpAmGJpaSwBDs-4AIAqAMByAMKqgSLA0_QDbgLU5AM3f9N1cUPxYG-IQF9MYVBWqKJzT4Kw1ccab9NBRxcL7kr7UxymoI5j5fneywuOo3nuOB7w0bmE77GTBuoN8VfbmxIjGSVMVEO5UfNwg70Rmkh3PGXTLuSjNzJex7yfgt_qLDPpWjYSGvSjOwKXKLFrXYM7UJr53K9qcTcyjvS6OjNnq-xSLCH2CybLTHCO-SfjajNT7EcctTow1JrANfn7pJtgGFNZbLSrcjrErM2UlKLSIPo_efKm9JWQD4nj_jTnMCkRY8mXWKIORk6hU1sgGkNBXcTsy9ZHbTTmBSbMgyOveoj-vQd4tmN3wvVxlROxkhYEEXzXAI_AH9sMB9mHGdyHeTNz83NpodAseqm6F0QFpp4PSeAfAeZLt5fkXbkQ254vcr5BzyDb5jhRKis_TYv9Lm26NUsvJUIUuWK1BUD6yN4yJ9qjKQltUkI1J5Jt-R0iH6OHjEdmcounT2PNRV8OXC7KJzbDMqJFvkNyM9Mf0ccmgdkSKUIpbmm6_GApwDjwATmkoym2AXgBAGIBZeon-ZUoAYugAfYk4efAqgHp8yxAqgH4tixAqgHpr4bqAfMzrECqAfz0RuoB5bYG6gHqpuxAqgHlOSxAqgHjs4bqAeT2BuoB_DgG6gH7paxAqgH_p6xAqgHr76xAqgHmuGxAqgH1ckbqAfZtrECqAeaBqgH_56xAqgH35-xAqgH-MKxAqgH-8KxAtgHANIIMgiR4YBQEAEYnQEyCKuLgICggIAKOg6AgAGAgICAgJSu4AOoB0i9_cE6WKOX-YrP7ZMDsQl1yR0gfljYioAKA5gLAcgLAYAMAaIMA5ABAaoNAkpQyA0B4g0TCJvW-YrP7ZMDFR--qAgdaL8NcuoNEwjw9vmKz-2TAxUfvqgIHWi_DXLwDQKIDv___________wHYEwzQFQGYFgHKFgIKAPgWAYAXAbIXEBgBKgoyMTU3MzcwODIyUAa6FwI4AaoYFwkAAAAAIDniQBIKMjE1NzM3MDgyMhgBshgJEgK7TxguIgEA0BgB6BgBwhkCCAE&ae=1&gclid=EAIaIQobChMI3eT7is_tkwMVH76oCB1ovw1yEAEYASAAEgIjCvD_BwE&num=1&sig=AOD64_22HzcraD_fFQEI4TlpOoQ5zWhRmQ&client=ca-pub-3428031914463355&rf=4&nb=9&adurl=https://lp.timeless-kaitori.com/ab/lp_brandname%3Futm_source%3Dgoogle%26utm_medium%3Ddisplay%26utm_campaign%3Dpermanent%26utm_content%3DRT_zenkoku_2days%26argument%3DlK8vJIB0%26dmai%3DAC01240%26gad_source%3D5%26gad_campaignid%3D22763000855%26gclid%3DEAIaIQobChMI3eT7is_tkwMVH76oCB1ovw1yEAEYASAAEgIjCvD_BwE,https://lp.timeless-kaitori.com/ab/lp_brandname?utm_source=google&utm_medium=display&utm_campaign=permanent&utm_content=RT_zenkoku_2days&argument=lK8vJIB0&dmai=AC01240&gad_source=5&gad_campaignid=22763000855&gclid=EAIaIQobChMI3eT7is_tkwMVH76oCB1ovw1yEAEYASAAEgIjCvD_BwE,,,,,
965,https://googleads.g.doubleclick.net/aclk?sa=l&ai=Cs_R16kPgaaqJLPmO3NMPkILVkAqf5P_Zc_6lyI76EcCNtwEQASDU_LceYMfV_42EJqABmeON1gPIAQLgAgCoAwHIAwiqBN8CT9D93e6h147WaN1Rurz0GcmveTCP5FyVUORLO-pHPYA4C5YKr8fXN_hCQzYp0MgwifEs_xXolLY0ErA1-MnKSyXqL6sQmFsjm7tKqNpYw4cOtf6Pc0oJEuKZvqdmZ_Bv1O_KSFMQP1yMyWn5160LzCXep_W97Q-N41H_iZAEPICvq9ncwCXLMynhrB7l-jCZSgWy_U5w4ufMhLswLNVNsTj_CHxEJ4V0lTE_vF-CS8ZX93UjRYHCZSbwra-6xSy-iDFm9BaSihx7nLLJET7TWULvH0ZfCdh8OcNy5nPtg2eDUuSMMRY-z0YuowtzSAo5p6AqpO-0CPScxBVi3aie7-7jPEdXRulbCjU0VXM0iVXTv9PLJRi150dpjChCvJMDSxZXt2JTzfSAp_SF8R4V9rTdu3tYNUpWfTkDJxHjZodi4gG5-ULtHeZ46mwwmZd1u1Q3jD62Y5ragrQq-fbKwATl_Mr3tATgBAGIBby4x4VNoAYCgAfPnPIpqAenzLECqAfi2LECqAemvhuoB8zOsQKoB_PRG6gHltgbqAeqm7ECqAeOzhuoB5PYG6gH8OAbqAfulrECqAf-nrECqAevvrECqAea4bECqAfVyRuoB9m2sQKoB5oGqAf_nrECqAffn7ECqAf4wrECqAf7wrEC2AcB0gguCIBhEAEYHTIIioKAgICAgAg6DYBAgMCAgICAqIACqANIvf3BOljKrrmipPGTA7EJ8fcUbOsRYTWACgOYCwHICwGiDAOQAQGqDQJaQcgNAeINEwis1LmipPGTAxV5B3cEHRBBFaLqDRMIqIi7oqTxkwMVeQd3BB0QQRWi8A0CiA7___________8B2BMO0BUBmBYByhYCCgD4FgGAFwGyFxAYASoKMjkzMTQ2NjI1MFAGuhcCOAGqGBcJAAAAAMQ4MkESCjI5MzE0NjYyNTAYAbIYCRICrVEYAiIBANAYAegYAcIZAggB&ae=1&gclid=EAIaIQobChMIqqbRoqTxkwMVeQd3BB0QQRWiEAEYASAAEgINMfD_BwE&num=1&cid=CAQS4wEABaugfR7iguXnTyvKZRDQXFxVvvOUU8kbkZehMlMqoB-P3Aipdvif9_BETukquWlZWxjTwbxbUqVdLjGfXvQw-VaUjZz7JmZDsUicl9UFj2QSTjKZTGMv92j9DPOezdPaH9b8jS_zP8tYV7Jb5UCGPiLJjQaOKK4t2ASTtN9-VlLUPKyg0ShQdG4IGObOQAa82RgHq1yZQ3OCT3PaDyaP-eTiOwh_TGrCy7iSNt1baS12rI5OdK48jcQIc5KMmufb3Al3kGb9albpCI1qG9pC2gG-xPaaOP0VY_RBW2dVSLY5QBgB&sig=AOD64_0IQu3BdNc7Vrkgyk7PV8l-RU7IUg&client=ca-pub-4613881071217662&rf=5&nx=CLICK_X&ny=CLICK_Y&uap=UACH(platform)&uapv=UACH(platformVersion)&uaa=UACH(architecture)&uam=UACH(model)&uafv=UACH(uaFullVersion)&uab=UACH(bitness)&uaw=UACH(wow64)&uafvl=UACH(fullVersionList)&nb=2&adurl=https://smithsystem.com/%3Fgad_source%3D5%26gad_campaignid%3D20681186364%26gclid%3DEAIaIQobChMIqqbRoqTxkwMVeQd3BB0QQRWiEAEYASAAEgINMfD_BwE,https://smithsystem.com/?gad_source=5&gad_campaignid=20681186364&gclid=EAIaIQobChMIqqbRoqTxkwMVeQd3BB0QQRWiEAEYASAAEgINMfD_BwE,,,,,
1070,https://www.googleadservices.com/pagead/aclk?sa=L&ai=CZKzBA0bgac5v5Yjc0w-Yqdj5A63_hdmFAc6ansb9FPrr0uCyARABIJvciSJgx9X_jYQmoAGjieHGPsgBCeACAKgDAcgDCqoEqwRP0IxHxetcxLBkkRoOIaqmFhNr0aJH7ZbeJEQ7s1kc6TyBResdc-0bCBrVse3jQHSK3qWuw5NG0K0O7sEO7pxOdcpIigUe2ui5D8ApiH_18AfaAtCHOBY_4chU2nOU1LQ8EyNQY2-DGhGae_WA-l3EZmxPA_1ZxiG8hvh7x1Kg9n-6piQBWVO1Di9UyJwHtJRBTaeRnXd1ixX8HAE1Y9ie7arrR6SOI0ZtmDXPrgWt8SWJIvD5nHFc7VmaaMNVz_8H3LejBMFtP2_6WbRupCBweNTGMMWRBMxvPXdaz6Z0DnSA2PjLicieXie2gPYa7v81LUjo3c2QfV6HRoCfgBhnraVcZB_vKCuABb0q8pZKWhLROTOvwOyQqoMXlPkgOYg0KLxbvWbYzzo27Lst0-0pbD8qFHLV0pxX5VjtBO18NquC1V3l1zopnCw5ht0pxCpMXjqixREOEcbtz-VFk_pvqnRtORYmrfckG8fw6kpafQFICm98okYTsjLv_fbuDxugAB2W4PaW0VzB-BDe20VUf3PicbCqwVlyzLE4qsK47dYNTSiviZutYnZYKfgYEvW2I88KtVttDYs0T4Gpbk8Q_oM0XupryUzaQcHhWy8p-ut-HRwycKyaGw_HC_BVMNZWwW5XuDTeqpI7aiZm1yDhBzmgURJSMlvohF-xANiM4V3Qj_dUDSj2lQY_Duspgb-4IvlB2cms8ZZ4MQ622-EhOm58tW7lMJiOJGPABILLyZu9BeAEAYgFoMi82FWgBi6AB6PBsaYZqAenzLECqAfi2LECqAemvhuoB8zOsQKoB_PRG6gHltgbqAeqm7ECqAeOzhuoB5PYG6gH8OAbqAfulrECqAf-nrECqAevvrECqAea4bECqAfVyRuoB9m2sQKoB5oGqAf_nrECqAffn7ECqAf4wrECqAf7wrEC2AcA0ggvCIBhEAEYnQEyCIqCgICAgIAIOg2AQIDAgICAgKiAAqgDSL39wTpYzZqsoqbxkwOxCZKn0RZDeHthgAoDmAsByAsBgAwBogwDkAEBqg0CWkHIDQHiDRMIxL2soqbxkwMVZQR3BB2YFDY_6g0TCM3HraKm8ZMDFWUEdwQdmBQ2P_ANAogO____________AbAO6Y2rzxi4E-QD2BML0BUBmBYByhYCCgD4FgGAFwGyFxAYASoKNDY3NjAyMTY2NFAGuhcCOAGqGBcJAAAAAICo-EASCjQ2NzYwMjE2NjQYAbIYCRICk04YLiIBANAYAcIZAggB&ae=1&gclid=EAIaIQobChMIjv2toqbxkwMVZQR3BB2YFDY_EAEYASAAEgIOofD_BwE&num=1&cid=CAQS4gEABaugfdXOtFdSNlHVVAbMk7clAkSlZ5cImNC0ZS9I5LLVp5TP8pdBQesyUX2hTtZOcDJ_HTmwA2o6N4DUKWH0UsAL9Qvo8RompKYiJO6qtu__11mYA-9u-B4uSu2ARyolaH0Berss-KkIub_yODy2eCauA7ll67LYptp8p-QzdpkRnt_NU-kdMGEuRQBL0di3kuu45sqdA10zo7a7wp-mJ2oSWvFJLBVkmb_-bmnhC4k9UAxPR0rFjmLhROtUjjCQGSmdH8tDumu5YDlq0RHy6eNSKt8g5UDen-scW80JHZqQGAE&sig=AOD64_1o-HMngtXhw8CPiI0QYVf2QIgSnw&client=ca-pub-8241049497608997&rf=4&nb=9&adurl=https://www.butlerhomesllc.com%3Fgad_source%3D5%26gad_campaignid%3D23002555424%26gclid%3DEAIaIQobChMIjv2toqbxkwMVZQR3BB2YFDY_EAEYASAAEgIOofD_BwE,https://www.butlerhomesllc.com/?gad_source=5&gad_campaignid=23002555424&gclid=EAIaIQobChMIjv2toqbxkwMVZQR3BB2YFDY_EAEYASAAEgIOofD_BwE,,,,,
1192,https://googleads.g.doubleclick.net/aclk?sa=l&ai=CyAryWkjgac3eO7y729gPj_bJ2AH22IythgHeq9Hz4hWtyv3fBRABIKP-wh9gx9X_jYQmoAHQ_bW5KsgBAuACAKgDAcgDCKoEyQNP0IRxLeV9grJIeWJIHoXoT9TSzRenCIsf679XQcjoL5eNus4Ddo9VnRzZc6UrMoDr_WkkpQMTSksMFQca5pw8eoNDhsD9WyLzZTygJ8TyyZDLnxRxzvrYAP52IQDQeQqxQuOY9pLgTeomUppcuHNgmTzI5cSXzrE7-8TQg5oxfV4GZYuaXElkhfp-B5TVj006aaNXfeNrkEKQZR-8cHC0L5zZ9nQq_0-1U59m9VBMeLt7D-Ep5W3I1ahTxkoFFZCoaf4g70N5KcHXy3-tD-ZYoJ89So7yA7fdkwMyW7zdhGWf2LbrUr4NZV-f5p8TO7CYFJtDXzZGuMPSdCmobMdTtaCcQ1qu6_XJu8UTrlCsHEh3_Fs59XXrnJQuo8RY2n_tMvgnSb3S4Q66oE2yeggf3u_cTPF1NJcE_QayRZmmwh-2NJu7EHoVa3HRsoJlAGIO7DcTwQEwgSB9tbrc89xMVTtuIp4OrVJe6miGWODnCDdcayOG9Sf1keFdCXIHGjYi9Zi7PXajdw9xGsTzttqfb2lFv5c2qHbJM-WxF9HUeOMPl6Hlv2PNy41OCgRWu9DCtpI-sj7hvZqSmdpImBChCz0R3nylDxVGwASBldOP5AXgBAGIBZzhvbRYoAYCgAfQtYaZBagHp8yxAqgHpr4bqAfMzrECqAfz0RuoB5bYG6gHqpuxAqgHjs4bqAeT2BuoB_DgG6gH7paxAqgH_p6xAqgHr76xAqgHmuGxAqgH1ckbqAfZtrECqAeaBqgH_56xAqgH35-xAqgH-MKxAqgH-8KxAtgHAdIILgiAYRABGB0yCIqCgICAgIAIOg2AQIDAgICAgKiAAqgDSL39wTpYsbSwv6jxkwOxCQoME8uV9hgCgAoDmAsByAsBqg0CWkHIDQHiDRMI49-wv6jxkwMVvN0WBR0PexIb6g0TCLnwsr-o8ZMDFbzdFgUdD3sSG_ANAogO____________AdgTDtAVAcoWAgoA-BYBgBcBshcQGAEqCjY4MDk4MDU1ODhQBroXAjgBqhgXCQAAAADA0O5AEgo2ODA5ODA1NTg4GAGyGAkSAsJnGAIiAQDQGAHoGAHCGQIIAQ&ae=1&gclid=EAIaIQobChMIzfO4wKjxkwMVvN0WBR0PexIbEAEYASAAEgJ8nvD_BwE&num=1&cid=CAQSzwEABaugfcysSKqWJ6DlR9BRnWL8uhXfPx_j7z6k9H1ziRZqmrcvIk5TuuX-2Gavh_vLWlQf9spVLgXnP1n91HaPqFCooMBkMMM14XrQsQhAva0hhChhcIXvU5IvpaiMzIsTR5a2c3PVK1hFDugSncY0H1fn4n47nfJEvF9wT6Mna1j4lpjFjw8EU3MrXa0YtlkTocBcupdZtdawaCvLkFFfF7N4brnK-Y-zBPGHLo1vrqel7MIj3s5fGWxIie0X40EuhRHbeoQvgieolO_ljj4YAQ&sig=AOD64_3k3yc_fIWfX0cKXOLSG64eo9p48g&client=ca-pub-3805416966001714&rf=5&nx=CLICK_X&ny=CLICK_Y&uap=UACH(platform)&uapv=UACH(platformVersion)&uaa=UACH(architecture)&uam=UACH(model)&uafv=UACH(uaFullVersion)&uab=UACH(bitness)&uaw=UACH(wow64)&uafvl=UACH(fullVersionList)&nb=2&adurl=https://lifehackswiki.com/1/%3Futm_source%3Dgoogleads%26utm_campaign%3DLHWD_G_DSK_ALL_SmartUsesWallet_CPA_040626%26utm_medium%3Dwww.infobae.com%26creative%3D804013430337%26gclid%3DEAIaIQobChMIzfO4wKjxkwMVvN0WBR0PexIbEAEYASAAEgJ8nvD_BwE%26cpid%3Da3f2bca2-405e-4ca3-8b52-edd99101f0cb%26lpid%3Dac772e26-373e-44b7-8198-07d5eb55ad54%26gad_source%3D5%26gad_campaignid%3D23732383900%26gclid%3DEAIaIQobChMIzfO4wKjxkwMVvN0WBR0PexIbEAEYASAAEgJ8nvD_BwE,https://lifehackswiki.com/1/?utm_source=googleads&utm_campaign=LHWD_G_DSK_ALL_SmartUsesWallet_CPA_040626&utm_medium=www.infobae.com&creative=804013430337&gclid=EAIaIQobChMIzfO4wKjxkwMVvN0WBR0PexIbEAEYASAAEgJ8nvD_BwE&cpid=a3f2bca2-405e-4ca3-8b52-edd99101f0cb&lpid=ac772e26-373e-44b7-8198-07d5eb55ad54&gad_source=5&gad_campaignid=23732383900&gclid=EAIaIQobChMIzfO4wKjxkwMVvN0WBR0PexIbEAEYASAAEgJ8nvD_BwE,,,,,
1227,https://www.googleadservices.com/pagead/aclk?sa=L&ai=CK6AMo5_faZTiBaeB4dkPheXGwALp0KClhgGasYrT6hSUtdHTlA4QASCVltshYJsDoAGrtsmwQcgBCakCeopFl-zHsz6oAwHIA8sEqgScAk_QAhPjNLQp_9X1OMkl9T6VJaySsv_WAnQZ6zhGz4nk8qjWI2YSko_VQ_bjRC6-JjWWr3GNTfWo4_dZGIBZEPAI5ySrckCKDLBJ1JRLx7DVEhId90KfTuGQCaHZ6qIc_6ppgXfdcyqXnFOIFNEe1eN8y1KvZuOw6lCTmbdTIpQIJg_wvWBexK_Bj63GjeMMosfD85oljtJIxVigQbF6c5_IUnKIi3MZgm4mE5AYctFKGHCmfYRlm5M38rj4g19c6FuuHWn3iTYLY-O3ld0xivmmbdm1P_ScZZ_r2SbDJUVMJ9Axx2anwrW8nI6AuGoeNovchU4IGVpXhhHAyN4GTSpdjbSwIAeaTtLox86u96PgNRFCzod2e5JgufrgwATLlKbw2wWIBcnb7OpXoAYugAer7pmQHKgHp8yxAqgHpr4bqAfMzrECqAfz0RuoB5bYG6gHqpuxAqgHjs4bqAeT2BuoB_DgG6gH7paxAqgH_p6xAqgHr76xAqgHmuGxAqgH1ckbqAfZtrECqAeaBqgH_56xAqgH35-xAqgH-MKxAqgH-8KxAtgHANIIMAiAYRABGJ8DMgiKgoCAgICACDoOgECAwICAgICogAKogxBIvf3BOli-8vfMh_CTA7EJYSwUUcdVIuiACgGYCwHICwGADAGqDQJLUsgNAeoNEwjSzPnMh_CTAxWnQDgFHYWyESjwDQKIDgnYEwKIFAHQFQHKFgIKAPgWAYAXAbIXEBgBKgo0MTUwNTkzNDEyUAa6FwI4AaoYFwkAAAAA8LIEQRIKNDE1MDU5MzQxMhgBshgJEgL9ThguIgEA0BgBwhkCCAE&ae=1&gclid=EAIaIQobChMI1L_5zIfwkwMVp0A4BR2FshEoEAEYASAAEgKeIPD_BwE&num=1&cid=CAQS0QEABaugfSapaZ36ZqPt9eX8RdaC37kfoXRPswKOsEemkPdSYacL768Okyw4zpTvR4oUetAjcbBHx6J8tEiFjuRhE0HAkBUnXM2B2BuG8tDYOUUl4EXxoRvgIhEqUpVvyiEoGnbmr2j147F-8wXp7yJfVUKxjgfWhhiP1fyGEM36UigcNEOMlvMXLlgNB-G8WaOnTl0AX17dbmMOUiknNKA-us3sqJHEZud_mthqqtCLAcqBQP3tXRfiA1zJ31ll6Mk1GffJsjV15pX5lvaRMfOVbxgB&sig=AOD64_0uRmp73fYfTbVHsDiguPWn16SRIw&client=ca-pub-5771594739411148&rf=1&nb=9&adurl=https://ezravoice.com/product-category/musical-instruments/%3Fgad_source%3D5%26gad_campaignid%3D23577963977%26gclid%3DEAIaIQobChMI1L_5zIfwkwMVp0A4BR2FshEoEAEYASAAEgKeIPD_BwE,https://ezravoice.com/product-category/musical-instruments/?gad_source=5&gad_campaignid=23577963977&gclid=EAIaIQobChMI1L_5zIfwkwMVp0A4BR2FshEoEAEYASAAEgKeIPD_BwE,yes,yes,,,
1210,https://www.googleadservices.com/pagead/aclk?sa=L&ai=CMr1XM2DeaeDxKu6ZjeYPvYKcGeP17LyGAZWwpqiTFbCQHxABIIex-g9giYvEhPQToAHa1t7EAcgBCakCekWgcckKOz7gAgCoAwHIAwqqBMQCT9BCojtZNAK8vxuih2948ok2PYOfkpwH0O1T0cZIMHZTSKyMfpdA8wtZg9UhYQj7O6ooCZZSGZKS-_Oyy6fLtVUJ5i61txjJouwXSNtM_S0EuYAYVM8pFbFgH6bzuy_c2b7MJux5tg366CxL1R7U5G7T6UXSvl0eXhpZgQiis5be-TeWDkqtHyF-fAr6m-_02YgVA15NLINerx2kP4PYULbyIZQmuY3Cm3EbJv4nsrGOM44STGubOdiLxfMg22d1oNNefVS-HfVPNtA_ltqlEbQZsx8QbbJejoH9AxY1LJGs-l5bwHXa22ercaKOk-_hE7hel4VyvcrGMYNLbDeUMtbxZ8lHhSMWqSpXNiVmr2m4vsP28pv7p8ZW35XgxpykeR22w9W0mP9uXWNTk3pm1nv4D8qEtRPv31HPU_uQHa0EF49ewAS0p8_g4AXgBAGIBZvbl-tWoAYugAeOqaG7AqgHp8yxAqgH4tixAqgHpr4bqAfMzrECqAfz0RuoB5bYG6gHqpuxAqgHjs4bqAeT2BuoB_DgG6gH7paxAqgH_p6xAqgHr76xAqgHmuGxAqgH1ckbqAfZtrECqAeaBqgH_56xAqgH35-xAqgH-MKxAqgH-8KxAtgHANIILgiAYRABGB0yCIqCgICAgIAIOg2AQIDAgICAgKiAAqgDSL39wTpYiuCx-9btkwOxCdv6IXq1st6kgAoBmAsByAsBgAwBogwDkAEBqg0CSlDIDQHiDRMIu4Ky-9btkwMV7kzDBh09AScD6g0TCJaxs_vW7ZMDFe5MwwYdPQEnA_ANAogO____________AdgTDYgUAtAVAZgWAcoWAgoA-BYBgBcBshcQGAEqCjgxNjA4ODc1MTJQBroXAjgBqhgXCQAAAABQjAJBEgo4MTYwODg3NTEyGAGyGAkSApNOGC4iAQDQGAHCGQIIAQ&ae=1&gclid=EAIaIQobChMIoNez-9btkwMV7kzDBh09AScDEAEYASAAEgLWtvD_BwE&num=1&cid=CAQS5AEABaugfVrDmD9RdoVBXNlZSgf3umBc-Bm7yJDQPXO7d58L9aLOwoQPheaI4B2o6h_XUt0UzYNd26SCVc3SDtA8khDmXccziId2xhQJ_GjTYjOvlUkYjV8ytQPFkLPLamTaqMKLxdSdV3Jx3c2uzrIaPPPrCEsJAwK7eqsf3x8bIultb3qKK2mGDD2tRqj539F7BH7TKIMUVgtAHOM9BqiTOAr_ilN5sudLYIdmaAHyn6B3qm5v4nT-u4M0_HpwXBZZajr-28zBI-WEvBdaWEIb3yDAHn6uUXU2A0UmkvP7WPlmXKAYAQ&sig=AOD64_1Q1OQQed4NximuYgT2KR7zan5p8w&client=ca-pub-2605419517314899&rf=4&nb=9&adurl=https://www.livwiz.jp/track/shibuya-honmachi%3Fgad_source%3D5%26gad_campaignid%3D23310232987%26gclid%3DEAIaIQobChMIoNez-9btkwMV7kzDBh09AScDEAEYASAAEgLWtvD_BwE,https://www.livwiz.jp/track/shibuya-honmachi/?gad_source=5&gad_campaignid=23310232987&gclid=EAIaIQobChMIoNez-9btkwMV7kzDBh09AScDEAEYASAAEgLWtvD_BwE,,,,,
1131,https://www.googleadservices.com/pagead/aclk?sa=L&ai=CTqOuSlrgacqqMPaYjeYPmIiloAa98aKefsu8naDbFcCNtwEQASD_8PghYMfV_42EJqAB7dfugT7IAQngAgCoAwHIAwqqBIkDT9CX0DB3pIKMOX8Wnv9rEtsIFYqQziow7xI7IkGMDRbkb4zkoI8Po9qiJ64YW6H9OiZediTWykI47GDghrWQjLCOhKV9mB9P5g5AXg3wRl9JmWz6VaPjJ7L1BBZmBy6EWsjluVxSFJUh6ullyr2KqObVaf-dT_LQk1emJ8U-i7PhsNhoZAtfGSMq4RBRCKU5wIdVKd1QeKuaAHw3lVSbqbEc7QeMlxXfu_M1tNlr872X0QQok2FxkpmLE6ypEoaYv8PVmjHzB6kd02AVXWTF9TKwtgC_5Ub6Tl5SezV_fWb7nPxnHEm1BXP34m8WMTKZLOcbklOw_Zx8hFH1CnKL-TccFPEaC7EKOIGFD10phsdD9_j3AR6__LpflkOf073yEkYndM6KKXHzD4XC1-4Ca-jW6SdztxlmX2sRZE-2UyJYEqWztP9HPOG2jAJgMD8yNmywwVos8Jd1FVf6HsDNRpJdW6woBzCXBMSW39iX6w6kQ63LhvlHjiKl0-jLr0i6paZGh8SA-7czwATYj4CX_gTgBAGIBc7cktVRoAYugAftj7_hGKgHp8yxAqgHpr4bqAfMzrECqAfz0RuoB5bYG6gHqpuxAqgHjs4bqAeT2BuoB_DgG6gH7paxAqgH_p6xAqgHr76xAqgHmuGxAqgH1ckbqAfZtrECqAeaBqgH_56xAqgH35-xAqgH-MKxAqgH-8KxAtgHANIILwiAYRABGJ0BMgiKgoCAgICACDoNgECAwICAgICogAKoA0i9_cE6WIX__M258ZMDsQn8j0WFJW6mqIAKA5gLAcgLAYAMAaoNAlpByA0B4g0TCPCo_c258ZMDFXZMwwYdGEQJZOoNEwizuP7NufGTAxV2TMMGHRhECWTwDQKIDv___________wHYEw3QFQHKFgIKAPgWAYAXAbIXEBgBKgo0NTcwMjQ0MTgzUAa6FwI4AaoYFwkAAAAAqJkaQRIKNDU3MDI0NDE4MxgBshgJEgLHThguIgEA0BgBwhkCCAE&ae=1&gclid=EAIaIQobChMIyvf-zbnxkwMVdkzDBh0YRAlkEAEYASAAEgJR_PD_BwE&num=1&cid=CAQS4gEABaugfZdr38Q3Fz9PZ2aUG57GlxIGMMm_TOhh4TAJYCirCqDbifnRjUbesMiSWxuGUlJBPeCByoy7zjGKnUqfP45n6B9ODDnrBMzgGKZPrN9nhzhieWu1c4Cgq3wJaKK-PTRzlymavL8Sihxn9CKKwQTIU4eSYxnFkUCPpE9QcpQYQUO2mUUHy6k8TBzSGOY7Wg6nKSTxOvP3kNdzxqdmjCW6SgVWu3VmXavNQLL-YrhiU-WZ6MMKw_ZCvk0j1C1PYX9hM_nRDXxOE2S_yVX_kKRsAKE6Guj4kZeUffrZl5rHGAE&sig=AOD64_0dZVHoc9USwadoWcm64Q2l8aSocA&client=ca-pub-1037373295371110&rf=4&nb=9&adurl=http://terrificlive.com/%3Futm_term%3D%26utm_campaign%3DWebsite%2Btraffic-Search-3%26utm_source%3Dadwords%26utm_medium%3Dppc%26hsa_acc%3D1329857384%26hsa_cam%3D21921836622%26hsa_grp%3D171310057432%26hsa_ad%3D805509425278%26hsa_src%3Dd%26hsa_tgt%3Dkwd-0%26hsa_kw%3D%26hsa_mt%3D%26hsa_net%3Dadwords%26hsa_ver%3D3%26gad_source%3D5%26gad_campaignid%3D21921836622%26gclid%3DEAIaIQobChMIyvf-zbnxkwMVdkzDBh0YRAlkEAEYASAAEgJR_PD_BwE,https://www.terrificlive.com/?utm_term=&utm_campaign=Website+traffic-Search-3&utm_source=adwords&utm_medium=ppc&hsa_acc=1329857384&hsa_cam=21921836622&hsa_grp=171310057432&hsa_ad=805509425278&hsa_src=d&hsa_tgt=kwd-0&hsa_kw=&hsa_mt=&hsa_net=adwords&hsa_ver=3&gad_source=5&gad_campaignid=21921836622&gclid=EAIaIQobChMIyvf-zbnxkwMVdkzDBh0YRAlkEAEYASAAEgJR_PD_BwE,yes,yes,yes,yes,yes
1002,https://googleads.g.doubleclick.net/aclk?sa=l&ai=CUOUm2lbeaYP7De6IjeYP7tKnwQ-2zoaChgHAy-m9hQ2hh_zp0ggQASDmtM-ZAWCJi8SE9BOgAdC5y-wDyAEBqQJhiaWksAQ7PuACAKgDAcgDCqoE7AJP0KUGLreQIXEJBJILB0S5LRqYxCipQYzdrfm8H-BmXRxQ1fM0CnVN4FWKxuQsxYlqRAM8YZGKKKn48cU_T4EHE0fwFoN7qcKjTdTveUGsep4weqZ78vyefOupHOzCA52f-Zy-WeTE0DckVdT_JNGxyCUsgUMdNPLSlNyzDGIX3cffwAK69vBF0XCryv8xc3jzbTBKRfSJfFyI2b7Mp5_JhcpWP5-naNXiRrZO9hk0GX6WRr8l_GYap-2FNFiu0BbXwvv1T0n-aefOQZVhhap1ddzuAF42jCNtbF3x91J-4-DFtWNGc6IdF-m3wN5b6Y6AjzkEtiyY0suj-MTCWQwJcrEu35W41_XKLu5PbsGV-6wYvNQkxn7KeJxhmBnC90zfbrT_s62FvOc1VX9YTWkc0MdhvqQ-2IKFVRX4RnD6sQQRSLOgUtGaWygEzNYDjeFV_fQX8RriAwM24AdGjPEKKxw8Q6ntkZiFA2rmwAT38uWvqwPgBAGIBamf1MgqoAYugAeYxrQTqAenzLECqAfi2LECqAemvhuoB8zOsQKoB_PRG6gHltgbqAeqm7ECqAeOzhuoB5PYG6gH8OAbqAfulrECqAf-nrECqAevvrECqAea4bECqAfVyRuoB9m2sQKoB5oGqAf_nrECqAffn7ECqAf4wrECqAf7wrEC2AcB0ggyCIHhgGAQARidATIIy4qAgICAgAo6DoCABIDAgICAgKiAAqgDSL39wTpY8MyMhs7tkwOxCX9svmyJEhMAgAoDmAsByAsBogwLKgYKBJbisQKQAQGqDQJKUMgNAeINEwjd7oyGzu2TAxVuRMMGHW7pKfjqDRMI1ImNhs7tkwMVbkTDBh1u6Sn48A0CiA7___________8B2BMMiBQj0BUBmBYByhYCCgD4FgGAFwGyFxAYASoKNTEwMzg3OTQ4M1AGuhcCOAGqGBcJAAAAABCN-kASCjUxMDM4Nzk0ODMYAbIYCRICg1UYLiIBANAYAcIZAggB&ae=1&gclid=EAIaIQobChMIg9CNhs7tkwMVbkTDBh1u6Sn4EAEYASAAEgLVvPD_BwE&num=1&sig=AOD64_0yeMJTOwCEIY18HgECLjtrpLV_Dg&client=ca-pub-3677668629134422&rf=4&nb=0&adurl=https://www.ark-pc.co.jp/bto/top/%3Fgad_source%3D5%26gad_campaignid%3D11426664361%26gclid%3DEAIaIQobChMIg9CNhs7tkwMVbkTDBh1u6Sn4EAEYASAAEgLVvPD_BwE,https://www.ark-pc.co.jp/bto/top/?gad_source=5&gad_campaignid=11426664361&gclid=EAIaIQobChMIg9CNhs7tkwMVbkTDBh1u6Sn4EAEYASAAEgLVvPD_BwE,,,,,
1074,https://www.googleadservices.com/pagead/aclk?sa=L&ai=CPUel6b3faaWoGJvxjeYP8fqtsAfIyPyXgwH42eTFoBTIwpbLjw4QASCL8IofYJsDoAGQxtz7A8gBAuACAKgDAcgDCKoEwQJP0JC54ErO9Pk5DVfX_shQyb2MzgfouAXzmDP744rD9woTAvKUmJgiihP8iB6BVP2W3zHpvSYmWtyRHT8N4s5PYyW-keB6NPLJF749YSFKmzyhtALLr9mp82ef7BXsEuB-v1mDZYjx1AYCljX3-V_c9alQOu9A_A5xoBR0ttvWJ_scmG09llVHxlQ7WMJ8UTYfwwGsCDVVFXCjqlH8B1R6VZdw3v_luAFR4SUyhVhlevKgDTJXeGkonQkZrdxkTXHRbT_4xcNfia683aKNrth2Suu0jzidmFlEDeTXDKyfsioKdM-hNvq2pN6IJrMAmsBAT55tlPU580-gxwfc3wLpYAh8uXNMIpa2pqMArCCcjDfNJOhN7UoXQOhmxcgcQYPFOtF7G6ggeC2RynsA2ZKV4op4IwFyl89ujduZUmO1tFrABLf5s-K1BeAEAYgFwPWB6EugBgKAB9i5owSoB6fMsQKoB-LYsQKoB6a-G6gHzM6xAqgH89EbqAeW2BuoB6qbsQKoB47OG6gHk9gbqAfw4BuoB-6WsQKoB_6esQKoB6--sQKoB5rhsQKoB9XJG6gH2baxAqgHmgaoB5jFsQKoB_-esQKoB9-fsQKoB_jCsQKoB_vCsQLYBwHSCC8IgGEQARidATIIioKAgICAgAg6DYBAgMCAgICAqIACqANIvf3BOlj6yci8pPCTA5oJOGh0dHBzOi8vd3d3LnByaWRlb2ZtYXVpLmNvbS90cmlwcy9tYXVpLXNub3JrZWxpbmctdG91cnMvsQkGndfN0_8xW4AKA8gLAeALAaIMA5ABAaoNAktSyA0B4g0TCIb7yLyk8JMDFZt4wwYdcX0LduoNEwiulsq8pPCTAxWbeMMGHXF9C3aIDv___________wGiE1QKNwgDQAFSCAoGEgQIARABaNuxr65DciESHyACKAE4AkDA9YHoS1gBaP7__________wGAAQGYAQMaGQoXY2EtcHViLTM3NDY1Nzg2NTg0MDA1MTDYEwPQFQGYFgHKFgIKAPgWAYAXAbIXEBgBKgoyMDQ1MjE0MjI4UAa6FwI4AaoYFwkAAAAAeC0IQRIKMjA0NTIxNDIyOBgBshgJEgKFTxgCIgEA0BgBwhkCCAE&gclid=EAIaIQobChMI5cDKvKTwkwMVm3jDBh1xfQt2EAEYASAAEgIolvD_BwE&num=1&cid=CAQS0QEABaugfThbuam_sLmy-9VCvmTYuFb3Whh1a5Cp93mfv1BLQC3OEZcSh6wkIvQ-llRvw0LoitzpesMi_hAToMBSGYO5kmSsNqFPXMjq73p69xhdT0a67iLehaBmRv6aCveh7SVYaMNLMVuID_63T_QVv-ysuymqILBV6y59h4675ArSku2nskCvTQy2yy2GBW4Z8Qeo-U4iwk-JBzfazrHO4dXuE1NBVTHqIv6VrlKsZ62O2oehyqlrDQSM76vLm_huP8LtI3MKx-3ZZvztZbwvJxgB&sig=AOD64_0YV3m8mtH2KrXLEmjHRB4xhlcQ_A&client=ca-pub-3746578658400510&rf=5&nx=CLICK_X&ny=CLICK_Y&uap=UACH(platform)&uapv=UACH(platformVersion)&uaa=UACH(architecture)&uam=UACH(model)&uafv=UACH(uaFullVersion)&uab=UACH(bitness)&uaw=UACH(wow64)&uafvl=UACH(fullVersionList)&nb=2&adurl=https://clickserve.dartsearch.net/link/click%3F%26ds_a_cid%3D11487212%26ds_a_caid%3D20350794432%26ds_a_agid%3D186232143031%26ds_a_fiid%3D%26ds_a_lid%3D%26%26ds_e_adid%3D767358162136%26ds_e_matchtype%3Dcontent%26ds_e_device%3Dc%26ds_e_network%3Dd%26%26ds_url_v%3D2%26ds_dest_url%3Dhttps://www.prideofmaui.com/trips/maui-snorkeling-tours/%3Fgclsrc%3Daw.ds%26%26utm_term%3D%26gad_source%3D5%26gad_campaignid%3D20350794432,https://www.prideofmaui.com/trips/maui-snorkeling-tours/?&utm_term=&gad_source=5&gad_campaignid=20350794432&gclid=EAIaIQobChMI5cDKvKTwkwMVm3jDBh1xfQt2EAEYASAAEgIolvD_BwE&gclsrc=aw.ds,,,,,
1207,https://googleads.g.doubleclick.net/aclk?sa=l&ai=Cwd1EVjbfac36O6_wjeYPsIHCEd2ptaCGAdmpwbTAFe3Z9tKQDhABIPqpihdgleKQgqAHoAHx-Ja2KMgBAuACAKgDAcgDCKoEqwJP0GO-TWXQkbHIxTAM7aoS3EPA16ATQqB1ywqBM9Kn0S0t62OE-i6daYo1dtZzrZx4rcRpvwuQfoBDexIGuk93S7MjIb1GQcIsTedF4K12Iz56aUXkp5RXsCYI1q9H_-2y_0YEH7xPc8Z9WGShEi8WVcO9U4zE05iH_jU2WOr1kltZ_gzFWm7spRNgdwm6TITMcmu_3XyXKA9h7yGO1Ftmcw3PB_mwng3rpi1_MscnzF0zZpX9hevuGhC3GDGXh5elP4KGl2BW4WMT3fuXwVj_anjBfeZOZYW4yB4ipzWUyMvzo1Xt41kQsTy1ZCNJKkyP--HEIwo2PdCMTTDglUgkmHRBEp0AY5Llhify3ZSlxjAloENen5O5TAcyak32v5TVh1T25Ouo1OTx2cAEld7OhJAE4AQBiAXc4NS6SKAGAoAH8bDnlQOoB6fMsQKoB6a-G6gHzM6xAqgH89EbqAeW2BuoB6qbsQKoB47OG6gHk9gbqAfw4BuoB-6WsQKoB_6esQKoB6--sQKoB5rhsQKoB9XJG6gH2baxAqgHmgaoB_-esQKoB9-fsQKoB_jCsQKoB_vCsQLYBwHSCDIIgOGAEBABGJ0BMgiqgoCAgICACDoOgMADgICEgICUqIgCqAdIvf3BOljvtKGXo--TA7EJtuJ_2lvUrzSACgOYCwHICwGqDQJERcgNAeINEwi04qGXo--TAxUveMMGHbCAMALqDRMI5s-il6PvkwMVL3jDBh2wgDAC8A0CiA7___________8B2BMN0BUByhYCCgD4FgGAFwGyFxAYASoKOTMzMjc5MjkwNlAGuhcCOAGqGBcJAAAAANBMAUESCjkzMzI3OTI5MDYYAbIYCRICoE8YAiIBANAYAcIZAggB&ae=1&gclid=EAIaIQobChMIzf2il6PvkwMVL3jDBh2wgDACEAEYASAAEgJZVfD_BwE&num=1&cid=CAQScQAFq6B9PLaYDU37L3VbU9aLyquHpRbWE-c9Mov11RtkOd3ewbqQl2vr1YTiCoSPTtOvfOmlPaE18wnllnOanZ6lrO4C84PmCzK9fU2-xWjMWtLAnMI8F8YXcmOaoIA0gpeOLLpYVBBhBMcoYKKqzuSbGAE&sig=AOD64_0eCIbi0aEXo380zydABeTsl6voXQ&client=ca-pub-5405132603504384&rf=5&nx=CLICK_X&ny=CLICK_Y&uap=UACH(platform)&uapv=UACH(platformVersion)&uaa=UACH(architecture)&uam=UACH(model)&uafv=UACH(uaFullVersion)&uab=UACH(bitness)&uaw=UACH(wow64)&uafvl=UACH(fullVersionList)&nb=2&adurl=https://flexjet.com/de-de/fleet/gulfstream-g650%3Futm_source%3Dgoogle%26utm_medium%3Ddisplay%26utm_campaign%3DDE2026%26utm_content%3Dg650%26gad_source%3D5%26gad_campaignid%3D19450376284%26gclid%3DEAIaIQobChMIzf2il6PvkwMVL3jDBh2wgDACEAEYASAAEgJZVfD_BwE,https://flexjet.com/de-de/fleet/gulfstream-g650?utm_source=google&utm_medium=display&utm_campaign=DE2026&utm_content=g650&gad_source=5&gad_campaignid=19450376284&gclid=EAIaIQobChMIzf2il6PvkwMVL3jDBh2wgDACEAEYASAAEgJZVfD_BwE,,,,,
1059,https://www.googleadservices.com/pagead/aclk?sa=L&ai=ChYLUS8LfaYq_LPydjeYP0sPEoQO9tLXAhgHWxfjTphPd2R4QASDyqukoYJsDoAHL3szwA8gBBuACAKgDAcgDywSqBKECT9B_1Vq19rV54Nzvmdm1Zfwe_NflzgLPRZpkt6kYBk179Ycj6DUrZBstFKwSY9kJkqlVsJEN-TBv-XrEJeKc1rukM0-6Oa1pfiANmqHzplXMMdbppN-xjo6nMGyZLXjnxB5fbqhzzhFD3AdbibQUr0--7MsepyLgDxbaemNLE1g4TkA0xUhkuuQDNJ5oMQn1GT-1cA9Mloue39AQ7Iy9fkAG34RTJgUQOAe0SPFQGJ2vcXo8-LBbJid-2-vvE0JV34cw63imMqbDk3GRBozjjGxJxHTuT6G6szgoGJLDH245IHPfZYE1Fm4jzDv_yGRY5NtBGX03vf49jsABDgwTt33zPm72HIbpkU5GSbnH3Uh--hZEQv7KBH9etu6z9hkmXsAEmMKslYcF4AQBiAWph7arUqAGN4AHnaGzD6gHp8yxAqgH4tixAqgHpr4bqAfMzrECqAfz0RuoB5bYG6gHqpuxAqgHjs4bqAeT2BuoB_DgG6gH7paxAqgH_p6xAqgHr76xAqgHmuGxAqgH1ckbqAfZtrECqAeaBqgH_56xAqgH35-xAqgH-MKxAqgH-8KxAtgHAdIIMgiA4YAQEAEYnQEyCKqCgICAgIAIOg6AwAOAgISAgJSu4AOoB0i9_cE6WISv3dOo8JMDsQnAk6QWjkN-PYAKA5gLAcgLAaIMA5ABAaoNAktSyA0B4g0TCIH93dOo8JMDFfxOwwYd0iExNOoNEwjf3N_TqPCTAxX8TsMGHdIhMTTwDQKIDv___________wHYEwPQFQGYFgHKFgIKAPgWAYAXAbIXEBgBKgo0OTI4MzEzMzk2UAa6FwI4AaoYFwkAAAAAeB4BQRIKNDkyODMxMzM5NhgBshgJEgKTThg3IgEA0BgBwhkCCAE&ae=1&gclid=EAIaIQobChMIypDg06jwkwMV_E7DBh3SITE0EAEYASAAEgKsnfD_BwE&num=1&cid=CAQSggEABaugfUTd1Lo-ksVGKaCL8mhxYVS6czaTKVbsgzf_bs4Ax9NriYsviZUyO9HCYDx1XvMinxqbPcit-QPphHZaQzcY2qd9jOXSv76AqbJxmGhjBOmeoCHVm3r36-j1fSx3_lzq0NXgCXghhdRbWbNInU-ypb39tTqUZlhEWzHwsdK5GAE&sig=AOD64_1Xh09oqsSrOSBijiUtCtDobc14vQ&client=ca-pub-8750086020675820&rf=1&nb=9&adurl=https://triadfs.com%3Fgad_source%3D5%26gad_campaignid%3D22102770601%26gclid%3DEAIaIQobChMIypDg06jwkwMV_E7DBh3SITE0EAEYASAAEgKsnfD_BwE,https://www.triadfs.com/?gad_source=5&gad_campaignid=22102770601&gclid=EAIaIQobChMIypDg06jwkwMV_E7DBh3SITE0EAEYASAAEgKsnfD_BwE,,,,,
1229,https://www.googleadservices.com/pagead/aclk?sa=L&ai=Cc4dgoFjgaeubD_ycjeYPkfK2wA6Vw9G-hgH7-5GM1RSq4qe1ow4QASC0o80iYMfV_42EJqABtci9p0DIAQKpAqusbL564Io-4AIAqAMByAMIqgS9Ak_QcsGoKdjCjzfwokyheqW5JB0DfTaqe9t2WKE0pYAmi2CH3pePFHtIDOKRL90bRisrG2NB8IjOt3AU-29cZngPpEvDuUjYiAkr0UYMeukpCL6wucopiDNVamoPJeFNjX-LTU7hDUnKZdIwgHSC9HSoZt3h70BuANdm9Ts1cmdrouQfJywqnUky7ezFcUh1AqRqgjB3Pj0Ht895CJNdhR0mtSPZ7Lv8vAKe_fxPDl24ti4BPVzUWb-KuegckwhqK4UjMwrtxZXcyZXHfFz4NdQ4AnaNcVs9y8nn3sHdJr5k4IpIbwxd8eYvQYKwB1PG4JJXYpJhxLumoYEPpi0Mo_gKb-ur08KE2KrAt4Jeuef3GpKamfrv-HIL_RGcCwYmxTBqmFKu3LRE266Gv0nG_XbzsS082wOIPJbfB-1CwAT9gbakpwXgBAGIBdjRpKZVoAYCgAe1gI6HG6gHp8yxAqgH4tixAqgHpr4bqAfMzrECqAfz0RuoB5bYG6gHqpuxAqgHjs4bqAeT2BuoB_DgG6gH7paxAqgH_p6xAqgHr76xAqgHmuGxAqgH1ckbqAfZtrECqAeaBqgH_56xAqgH35-xAqgH-MKxAqgH-8KxAtgHAdIILgiAYRABGB0yCIqCgICAgIAIOg2AQIDAgICAgKiAAqgDSL39wTpY4ee_grjxkwOxCUG3yeOcYfIBgAoBmAsByAsBogwDkAEBqg0CWkHIDQHiDRMItYrAgrjxkwMVfE7DBh0RuQ3o6g0TCNecwYK48ZMDFXxOwwYdEbkN6PANAogO____________AdgTDNAVAZgWAcoWAgoA-BYBgBcBshcQGAEqCjk3MTgyOTU4NTVQBroXAjgBqhgXCQAAAADggu5AEgo5NzE4Mjk1ODU1GAGyGAkSAoBUGAIiAQDQGAHCGQIIAQ&ae=1&gclid=EAIaIQobChMI6-vMgrjxkwMVfE7DBh0RuQ3oEAEYASAAEgJXWPD_BwE&num=1&cid=CAQS0QEABaugfd88A-LuRbqrU4DkTpSVcTEC8tYbNcEN_jhWeN04F4wQIernC9MlDiFRd_ITzrxIqQlSOc9Q9QVEx2th7H5jYtPnpw3eIQ57nz9u1YF2V88d8grW6-VYHKOfidGOwaZZ5tsE0kswNJ-TXEVVMWZB6kOqyUASDBRgpinn84PgD7vtxYb9-INp2Sei8rDK95FMwCsMoz2COxKLO01H5bAjg_se8xJe-HuurmOBKVNpclgcUtV9S3jXNibgBPEJllzxsy42hQkicfM5UHtSfRgB&sig=AOD64_2wX6dLT-b9ZUBMHKXEmZaKJTAEEg&client=ca-pub-2334602378211593&rf=5&nx=CLICK_X&ny=CLICK_Y&uap=UACH(platform)&uapv=UACH(platformVersion)&uaa=UACH(architecture)&uam=UACH(model)&uafv=UACH(uaFullVersion)&uab=UACH(bitness)&uaw=UACH(wow64)&uafvl=UACH(fullVersionList)&nb=2&adurl=https://geektechinsider.com/lp-app-cursos-sa/%3Futm_source%3Dadwords%26utm_medium%3Dwww.cronista.com%26utm_term%3D%26utm_content%3D182344057085%26utm_campaign%3D22897305816%26gad_source%3D5%26gad_campaignid%3D22897305816%26gclid%3DEAIaIQobChMI6-vMgrjxkwMVfE7DBh0RuQ3oEAEYASAAEgJXWPD_BwE,https://geektechinsider.com/lp-app-cursos-sa/?utm_source=adwords&utm_medium=www.cronista.com&utm_term=&utm_content=182344057085&utm_campaign=22897305816&gad_source=5&gad_campaignid=22897305816&gclid=EAIaIQobChMI6-vMgrjxkwMVfE7DBh0RuQ3oEAEYASAAEgJXWPD_BwE,,,,,
957,https://www.googleadservices.com/pagead/aclk?sa=L&ai=C_tB7yWHgaeDLMK2PjeYPnrmK8Aytm8CcY8qyyJygDbCQHxABIN6drHVgx9X_jYQmoAHaj6jWAcgBAuACAKgDAcgDCKoEuwJP0Nl8-H0vI0gILC7Ij7-omJW49R-6Asse9m2OrFGYcpCQafLM2E7N3YN0h2amTQNHkq_cEaWyX7aLjW7uTywHlq_8NkjJhnljPCS9DD_20CP5NWWYkyZmPkkW2qi_Q_Khhs0bg-o038cV5A_8VqlBUkzbrgJuNc3yoIK-lSH_ezOL1oeA-gTiCvShDWVt2OD2feEMbk09TRzGcl21IiW3-GWM4pVsQNEmSkL_l5RzoPrfh_WQlTlfJ_k-ACxa7oggcT7Le7LSMXOSVvNhzyCFGZIWmsloSvz0N44fomSsgo2rjRxrd7Ql_VtkIBTQORZmaGLXAMvSHoyTKz0rNQ8lkrB7XB8tHFhL3h1_Pku5sRXPJN_aIlFXi91GOOaWJn7Ts0fNWJZK6ubPJg1mXHoXVPoQw_9hJq8peaHABLa2n72rA-AEAYgFup-82yygBgKAB47w16kCqAenzLECqAfi2LECqAemvhuoB8zOsQKoB_PRG6gHltgbqAeqm7ECqAeOzhuoB5PYG6gH8OAbqAfulrECqAf-nrECqAevvrECqAea4bECqAfVyRuoB9m2sQKoB5oGqAf_nrECqAffn7ECqAf4wrECqAf7wrEC2AcB0gguCIBhEAEYHTIIioKAgICAgAg6DYBAgMCAgICAqIACqANIvf3BOliA94PhwPGTA7EJQMxYcF1i1f2ACgOYCwHICwGiDAOQAQGqDQJaQcgNAeINEwj_n4ThwPGTAxWtR8MGHZ6cAs7qDRMIkrSF4cDxkwMVrUfDBh2enALO8A0CiA7___________8B2BMN0BUBmBYByhYCCgD4FgGAFwGyFxAYASoKMjg5Mzc1NzE1MlAGuhcCOAGqGBcJAAAAAKAvCUESCjI4OTM3NTcxNTIYAbIYCRIChFMYAiIBANAYAcIZAggB&ae=1&gclid=EAIaIQobChMIoNSF4cDxkwMVrUfDBh2enALOEAEYASAAEgIrKPD_BwE&num=1&cid=CAQS0QEABaugfdUYn0tZ_D3-EJU8ulK0IaFS-BcAKZTiuzt6KFWhgWE8hoTA1yXFXJ8v1GqtihOZfRgqaLv1KcOI6-grysuqGzjJyGIDcr3PULpk3umdwoPvj5PzdP2ntkSCyS_AAaE-DeVarBYVF5rhYMbreX-Sn9lLm2_JJI-ag4C3N1pJDzzU-Zg0QaG5gEMnreqGKnUyU1iuu4m-hUwa-Pl8SLEnb8m-VXtdiqTxfFAW8WWOk5w7cIt9MuHCS4EK-bMfzOx0jEMh4J-zlJIXmfhwiBgB&sig=AOD64_0PxYabr4a1Mp9XNg7l9eRgNUHmwg&client=ca-pub-7209808242714184&rf=5&nx=CLICK_X&ny=CLICK_Y&uap=UACH(platform)&uapv=UACH(platformVersion)&uaa=UACH(architecture)&uam=UACH(model)&uafv=UACH(uaFullVersion)&uab=UACH(bitness)&uaw=UACH(wow64)&uafvl=UACH(fullVersionList)&nb=2&adurl=http://www.captainsegullcharts.com/%3Fgad_source%3D5%26gad_campaignid%3D12002987962%26gclid%3DEAIaIQobChMIoNSF4cDxkwMVrUfDBh2enALOEAEYASAAEgIrKPD_BwE,https://captainsegullcharts.com/?gad_source=5&gad_campaignid=12002987962&gclid=EAIaIQobChMIoNSF4cDxkwMVrUfDBh2enALOEAEYASAAEgIrKPD_BwE,,,,,
1191,https://www.googleadservices.com/pagead/aclk?sa=L&ai=CufuGm6Hfae-kEZOWjeYP2rva4Q66rLi9hgH5ldzI5RXd2R4QASDmtM-ZAWCbA6ABk5SN9CjIAQLgAgCoAwHIAwiqBMsCT9DG4MM8MjkRJO1CiqkS1jjOoosTqmyIZ1Dum_OgYp-w_BuZR51sAqnRw9BPv4PrHcibN5ep6s1b8VxLUrrbLWsi7DpEx5hCDzZhh27LqiqzYsjw4wRdw74689m8bDnN4m_GGCf1sxezR2DOB0ZLzvhxJkFpqCyYEhIJco66IqaGRlN-0EVyFSV9CHMK5OgOOVajZQMLSERKmt3Om8lGTBPkDzdX-L2xX-ePgWjYsiS_4V2Sq532FL-ZVd24fD-Jw2AJv4xmPCk8R0AIm0EEI3PcdRXNSR7627FZ4TBMt6XILdmG5wkJ6853-4EUsx6--Yn-V65-Os0LYx5eCzaZmUuqiGNUG_zhfDZat11dmtLRCp9y6PgKC6-88KMKmLFCzlAc_i_YCs_kLjE96eCx6u94FS7gA7_53zWFORpdBxNx7Wumt8fXBkAUXcAElveaheYF4AQBiAWzq-a5WKAGAoAHwoOW3wSoB6fMsQKoB6a-G6gHzM6xAqgH89EbqAeW2BuoB6qbsQKoB47OG6gHk9gbqAfw4BuoB-6WsQKoB_6esQKoB6--sQKoB5rhsQKoB9XJG6gH2baxAqgHmgaoB_-esQKoB9-fsQKoB_jCsQKoB_vCsQLYBwHSCC8IgGEQARidATIIioKAgICAgAg6DYBAgMCAgICAqIACqANIvf3BOljs36y9ifCTA7EJgDWoWYi0qUqACgOYCwHICwGqDQJLUsgNAeINEwjph629ifCTAxUTS8MGHdqdNuzqDRMIrpOuvYnwkwMVE0vDBh3anTbs8A0CiA7___________8B2BMN0BUByhYCCgD4FgGAFwGyFxAYASoKNTEwMzg3OTQ4M1AGuhcCOAGqGBcJAAAAADB0BEESCjUxMDM4Nzk0ODMYAbIYCRICwE8YAiIBANAYAcIZAggB&ae=1&gclid=EAIaIQobChMIr96uvYnwkwMVE0vDBh3anTbsEAEYASAAEgIc9PD_BwE&num=1&cid=CAQS0QEABaugfcn3CmyghSCFVRvk_l3qdh45e5IbplYMLyhwqQw5a74QOVC5xCVj14d5Dgc1d9JkPyYBH6g3g97UGoY-Znf6rEfieElblbn-DNf68MAmO275pMDgzNzBtCK7A72D7oVZwARXfOmVZlkYyL-64QltOQMe159DzYTFcdlb_yn6zBXuqW0SOJOQ32Hd4KJKhbyAKfEb3Lc9MIQhg68b8DJcaObVnU9WNnpdi86ySWev7QtFGCr7_wusOjuylKMJe7DyIkeucpgUtTOyQECJDhgB&sig=AOD64_3Oic1_XlqhOTjkh8JBkGsPVyaCeA&client=ca-pub-3677668629134422&rf=5&nx=CLICK_X&ny=CLICK_Y&uap=UACH(platform)&uapv=UACH(platformVersion)&uaa=UACH(architecture)&uam=UACH(model)&uafv=UACH(uaFullVersion)&uab=UACH(bitness)&uaw=UACH(wow64)&uafvl=UACH(fullVersionList)&nb=2&adurl=https://www.yiume.com/apps/activity/desktop-promotion%3Fpreview_sub_filter_label%3D999%26_mtdest%3D_t_t_t___mtdest___t_t_t_%26shop%3Ddavidwear.myshopify.com%26a_id%3D1292%26gad_source%3D5%26gad_campaignid%3D23743534515%26gclid%3DEAIaIQobChMIr96uvYnwkwMVE0vDBh3anTbsEAEYASAAEgIc9PD_BwE,https://www.yiume.com/apps/activity/desktop-promotion?preview_sub_filter_label=999&_mtdest=_t_t_t___mtdest___t_t_t_&shop=davidwear.myshopify.com&a_id=1292&gad_source=5&gad_campaignid=23743534515&gclid=EAIaIQobChMIr96uvYnwkwMVE0vDBh3anTbsEAEYASAAEgIc9PD_BwE,,,,,
1127,https://www.googleadservices.com/pagead/aclk?sa=L&ai=Coq61AlreaaynOsaV3NMP49Pw4A7q6MishgHgjrmn2xXWuKTUh0gQASDmtM-ZAWCJi8SE9BOgAYXbitADyAEJqQJhiaWksAQ7PuACAKgDAcgDCqoE-AJP0HaxzT6XS9NfvDHTt84nHY1o72svq1BEYmdmNYVriWDsI0ZZQRfKhvb0HACELSgSr7r_m1VDNUWB4zdlS7b-ZIfp2_P4fmQI3hfTeryyz-O-ZlmtMogCimTBM-GFRneGiVkiGYHunGM1JRUNBaWWYuPUOZKZoZ_emevfnxonD4xLr0D0TXBr-z3PDIljyHYSUqPwuRkHEsq542cKBZBLDeXOcHFaby9o__zCxLBd2P2lFqURqR2GSTfQrYFKaDxCNksyM7x2JDnfHqzbMvmaJdBkPGKI1nJgzvQ_uo2TxN0aS6f5NXwN2aEk9To8GesfHqqyTrt04y1Wy6ujpH9gv2FLhyomvDVlBPrt3Wo87cEJZl7XZsDsB3AOQMOqIWmvgMrAQmqzv52KaczGNNK7RzOosDlklkIHuN06qvWVUfu301w9JnEwwJnZg54VaqIunjg9jkf0DefkkivHrshIm-5uhuITImnDH1f3GASMboRPMy54op4twASOmvr7ywXgBAGIBYLsgu5XoAYugAfjpPUvqAenzLECqAfi2LECqAemvhuoB8zOsQKoB_PRG6gHltgbqAeqm7ECqAeOzhuoB5PYG6gH8OAbqAfulrECqAf-nrECqAevvrECqAea4bECqAfVyRuoB9m2sQKoB5oGqAf_nrECqAffn7ECqAf4wrECqAf7wrEC2AcA0ggvCIBhEAEYnQEyCIqCgICAgIAIOg2AQIDAgICAgKiAAqgDSL39wTpY37Hbh9HtkwOxCUhuV0lR4VItgAoDmAsByAsBgAwBogwDkAEBqg0CSlDIDQHiDRMIzdzbh9HtkwMVxgp3BB3jKRzs6g0TCIfM3YfR7ZMDFcYKdwQd4ykc7PANAogO____________AbgT5APYEw3QFQGYFgHKFgIKAPgWAYAXAbIXEBgBKgo1MTAzODc5NDgzUAa6FwI4AaoYFwkAAAAAwLX2QBIKNTEwMzg3OTQ4MxgBshgJEgK_ThguIgEA0BgBwhkCCAE&ae=1&gclid=EAIaIQobChMIrLDeh9HtkwMVxgp3BB3jKRzsEAEYASAAEgIYtvD_BwE&num=1&cid=CAQS0QEABaugfUlYVgBiis32eogH36_nKPq76WfirlvZgtFF0UyrNNNpkHdQueqdHmh2zzdvVuR1LDZAkFgbYJxTukd27bnzN5pq26rN7Ft79acNslgQwTveox9KwPjr6zVLzz5fyvPK2SWmgnjWa2XhEZ3-yqYDBNriqQUKzSpzKTNMKWNflW2_9KRlyeIYj8ZbG4POcU1QyJQMnJPRbrVKbolkGl3sHYHx4Af9-JQgbsrkO7uLIaAFv3jHTHvFGgoIeWNGKVnALCUnbMxyggLwqmBYRRgB&sig=AOD64_2dEbSVsuhnf5xLXrE3vtFK3G00yQ&client=ca-pub-3677668629134422&rf=4&nb=9&adurl=https://www.otsuka-plus1.com/shop/formlp/equelle_lp_monitor202603.aspx%3Futm_source%3Dgoogle%26utm_medium%3Dcustomaudience%26utm_campaign%3Deq_monitor2603%26waad%3D2x2HhTfk%26gad_source%3D5%26gad_campaignid%3D23584617986%26gclid%3DEAIaIQobChMIrLDeh9HtkwMVxgp3BB3jKRzsEAEYASAAEgIYtvD_BwE,https://www.otsuka-plus1.com/shop/formlp/equelle_lp_monitor202603.aspx?utm_source=google&utm_medium=customaudience&utm_campaign=eq_monitor2603&waad=2x2HhTfk&gad_source=5&gad_campaignid=23584617986&gclid=EAIaIQobChMIrLDeh9HtkwMVxgp3BB3jKRzsEAEYASAAEgIYtvD_BwE#back,,,,,
1039,https://www.googleadservices.com/pagead/aclk?sa=L&ai=CAPl081bgabLMJ6rwjeYPjtSfuAr-38m2hgGB1Lj-yhXAjbcBEAEg7JDRF2DH1f-NhCagAaC7hJYqyAECqQJ1QeCqTc2zPuACAKgDAcgDCKoErAJP0BiII-FmhXiDDSYsAHEvf768fRtRVbBqa0uHOg7JC_dNOaTT-w6CUuVrArV4S2V0CxoS9i4ZdTFKiAiZU0IxqS6CFW3wh7fsauJkfWNHMmmmKHm5dgRXiatkWEUMzug8fDjzDH7Ym3hyIND1D7ujshKwt_Vr8rr12Ro37-mpKdyFkBRZlEWtgc2CXYi16W-_jNcDf_sKIcXtwiXycs7VZfimW7N4N5iswMTdkwUaQQbm-yfO7CMT-kF5bryByIe32UcGfEdn7JrPv3de_8_aqPkkoysfDzEtWrSfJqnLNmw-JDC77Z0-hDFvgRTgnuP6lyXXx4_os-kZxq3NEDIm5YWrI-di9XtnmJCzSmLV2E3uWF7blaHO0k-bFb9XaE7SiY4Vuny5LHEveJHABLGVv8zTBeAEAYgF4u-DsVegBgKAB6Dz1PUEqAenzLECqAfi2LECqAemvhuoB8zOsQKoB_PRG6gHltgbqAeqm7ECqAeOzhuoB5PYG6gH8OAbqAfulrECqAf-nrECqAevvrECqAea4bECqAfVyRuoB9m2sQKoB5oGqAf_nrECqAffn7ECqAf4wrECqAf7wrEC2AcB0gguCIBhEAEYHTIIioKAgICAgAg6DYBAgMCAgICAqIACqANIvf3BOli_jYO2tvGTA7EJTp5x9rDPNXiACgOYCwHICwGiDAOQAQGqDQJaQcgNAeINEwjJv4O2tvGTAxUqeMMGHQ7qB6fqDRMI_9WEtrbxkwMVKnjDBh0O6gen8A0CiA7___________8B2BMM0BUBmBYByhYCCgD4FgGAFwGyFxAYASoKMzYwMjg3MjI1OVAGuhcCOAGqGBcJAAAAAGxAHEESCjM2MDI4NzIyNTkYAbIYCRIChVQYAiIBANAYAegYAcIZAggB&ae=1&gclid=EAIaIQobChMI8pGdtrbxkwMVKnjDBh0O6genEAEYASAAEgLnXPD_BwE&num=1&cid=CAQS4wEABaugfRLvfqHJFkSRwI-84geMQukkTFHZBfJCbqKxnKaGZwf-t0G4FJ7TJeX-sZLNxu5YWiohgF3SFuOde0-ctmkAlLIyMtjwrZGjtzmcG1wbDGiphyGKgg9T0dFGMvsP_085SzZvCQ5tpQDG0Sifdw4oAY0nfk1lHlGvGuvn1aUkZl7feC7ttu1cWxdCLngOLkBSvyepuMr2GwbcR7U8qxxLfdbVvDkKkEtOsmk_kU7dGh15fWfj_0YdJ56eZ0n022wG17wOiCDexPZcKgVP97eBoazlUcw-iYcf1FBPQGKNuRgB&sig=AOD64_0H4N7GUHNyP8e9QjW_MFDVAen9pw&client=ca-pub-6275030221952515&rf=5&nx=CLICK_X&ny=CLICK_Y&uap=UACH(platform)&uapv=UACH(platformVersion)&uaa=UACH(architecture)&uam=UACH(model)&uafv=UACH(uaFullVersion)&uab=UACH(bitness)&uaw=UACH(wow64)&uafvl=UACH(fullVersionList)&nb=2&adurl=https://coursiv.io/dynamic%3Fprc_id%3D1061%26utm_source%3Dgoogle%26utm_medium%3Dcpc%26utm_campaign%3D23456708578%26utm_adgroupid%3D194239253169%26utm_ad%3D792360517608%26utm_type%3Dgdn%26utm_acc%3D1308143291%26utm_alen%3D1%26gad_source%3D5%26gad_campaignid%3D23456708578%26gclid%3DEAIaIQobChMI8pGdtrbxkwMVKnjDBh0O6genEAEYASAAEgLnXPD_BwE,https://coursiv.io/dynamic?prc_id=1061&utm_source=google&utm_medium=cpc&utm_campaign=23456708578&utm_adgroupid=194239253169&utm_ad=792360517608&utm_type=gdn&utm_acc=1308143291&utm_alen=1&gad_source=5&gad_campaignid=23456708578&gclid=EAIaIQobChMI8pGdtrbxkwMVKnjDBh0O6genEAEYASAAEgLnXPD_BwE,,,,,
1129,https://www.googleadservices.com/pagead/aclk?sa=L&ai=C0kQbVGDgacCZEIy4geAPpKej-AmqmNipeN_9uav0EYe2vs-IChABINn10xdgx9WEjpwmoAHt4qebKsgBAqkCp4uMaeRncD7gAgCoAwHIAwiqBJYDT9CFaeBmwe95UifQl4kieXWnmbEmZq1mSePVIKA4-tO7wpSSfhxz4CCOBz3uSRwWZ8KZJYHAdBZQFuB4gLQD7PHfaP9f3zNhQ5411LBv0iw3cYO6m-I8g1LYwLC0YAesjI2UpfXnIC6OBxl4_fZ4yb16L2kGDHZVZpxGRSaZ9xjWp4fwxxxrp0is_WyTsvFIffMXcswkyoKG0QygeT5xqNHw-Lc8cyd9XNfHk7DlCl4E-h91k4BLxHOozUzzKs9oJRUROaVmq8DwznINH7GVenqSQAEQyl6GZgZ4NNP3UW1FzSZSWjZaOSdX6N70iA3AY6TTSJGJOwxzIUhKJIBRyHjFiQw0aJOGeiaLUDH-ExijM2rpjJ6GpiqhZ9T0iV7rYpqlQTzGccMEnV9vTCPBCcFePUzmnHkAEbQQEkyAvV1Fp69ntay2AQi25w0OIK3Du0KNldZn4Lr1EMb-7CR180Uzu3c_Z2lPT3VcNnxQnlMHYitmScKPa7dcwU6RMBM5-n4Zjo1W8K5TYOp5FXmCDCtk6jYDG8AEhqbp674E4AQBiAXO3PzHTKAGAoAH7Zr4-gSoB6fMsQKoB-LYsQKoB6a-G6gHzM6xAqgH89EbqAeW2BuoB6qbsQKoB47OG6gHk9gbqAfw4BuoB-6WsQKoB_6esQKoB6--sQKoB5rhsQKoB9XJG6gH2baxAqgHmgaoB_-esQKoB9-fsQKoB_jCsQKoB_vCsQLYBwHSCDAIkOGAQBABGB0yCIuDgICAgIAKOg2AQIDAgICAgKiAAqgDSL39wTpYsNj1rr_xkwOxCWSmGgsns4kogAoDmAsByAsBogwDkAEBqg0CWkHIDQHiDRMIsor2rr_xkwMVDFwABh2k0wif6g0TCPnS9q6_8ZMDFQxcAAYdpNMIn_ANAogO____________AdgTA9AVAZgWAcoWAgoA-BYBgBcBshcQGAEqCjY0MjMxMjEwMjBQBroXAjgBqhgXCQAAAABYMRtBEgo2NDIzMTIxMDIwGAGyGAkSAuVrGAIiAQDQGAHCGQIIAQ&ae=1&gclid=EAIaIQobChMIwJP3rr_xkwMVDFwABh2k0wifEAEYASAAEgKkWvD_BwE&num=1&cid=CAQS0AEABaugfc_JztihmKOlC9_c220YBceKf8vqGlQxLiot2pPtaNuV-fZpK_05WmAHQNM-gjCBpUfXD5QOKagbVGTuQW7YYOrXRJA9DH623Vift63fFWELg6nj-OmLJjsTFl5xPhwTVY6L8QmmuEI7LJv38t-p-Hx5EqgEUsvB5A25OhTMFc-6HJoZkaGhalxi4ScRfuSS9a1PsOwCjMgp6owuLH4122X4kuZqS2DY_Xdrac791hW7oaDsQBjbtUKw-AgB3cgeE_1HpRJHlcQyyJtyGAE&sig=AOD64_2gITdsayyHmoCc_iFbyGPOohbkXw&client=ca-pub-3980300725513096&rf=5&nx=CLICK_X&ny=CLICK_Y&uap=UACH(platform)&uapv=UACH(platformVersion)&uaa=UACH(architecture)&uam=UACH(model)&uafv=UACH(uaFullVersion)&uab=UACH(bitness)&uaw=UACH(wow64)&uafvl=UACH(fullVersionList)&nb=2&adurl=https://onlinebuilding.co.za/%3Fgad_source%3D5%26gad_campaignid%3D20552035918%26gclid%3DEAIaIQobChMIwJP3rr_xkwMVDFwABh2k0wifEAEYASAAEgKkWvD_BwE,https://onlinebuilding.co.za/?gad_source=5&gad_campaignid=20552035918&gclid=EAIaIQobChMIwJP3rr_xkwMVDFwABh2k0wifEAEYASAAEgKkWvD_BwE,,,,,
1010,https://www.googleadservices.com/pagead/aclk?sa=L&ai=CIMft49TeaaX7NefcjeYPyPixwA6EzPzbhAGmys7xrhWgh4DskAIQASCj_sIfYKW4moCcAaABgIz78wLIAQKpAoGXlio96ac-4AIAqAMByAMIqgTtA0_Q_1wquEzo9PMZDpD2U4lVCupnz3Y-opl_uw2Vn2q_bJm0A6NsYxec6QieFOrEZxLmaH2o4ri9lzAgv4sjfW0t-LHnKJsTVMoK-3_TTxV86066eS30VYcp9OIsQVt3kUqwWWzYARp8EmO4uw199OWsYnEiDvGUmed1NiEIW4QyTkmqnb0VkS8z4S8LsRexqVofEZcZ8A9bWYGHHMP0Zc1Q8QVTV0HLNQrpFwvKXh3CqOg73Ha16Ja3tCTEoHxzAWqKtv6kY0WmXZHbCFS-FTHtpYVvhUuv07CacKZoj7BClpPaVD4GxaysrvjIOQGwAPgy3T1CODSxQCsFE_uqH1p9DLGq6YrBSJ8A-6qLouFshVkaS5Nu0BjtFNsSyURM7GW5tjsh01OYJaKfrvWZY7-A6sCutFa_RZ8l-MC_viPATG-BwCQhnbSC6r5GJA8DfqN8brHjvVqDo1nxNNUQnddDohFhrxu3yzegpE7mTMAuSHXE09udYJNmlcuBtyKv6NOGnxvMoCHXAJzq6yVPq8_bp_QqQniKa5VzjQlpSaUzj6IaeVs05d5E84QwVrqw23xBoxe2FcJ0qaQVI1AAInYMV2Ke-P0-qEIwSUi1gVHXVh1wMBqYKBxujH4pit9f9w_x8Qcv-ZDJFuanGeLABImmmrTrA-AEAYgFvYS4pz2gBgKAB-jzhIwBqAenzLECqAfi2LECqAemvhuoB8zOsQKoB_PRG6gHltgbqAeqm7ECqAeOzhuoB5PYG6gH8OAbqAfulrECqAf-nrECqAevvrECqAea4bECqAfVyRuoB9m2sQKoB5oGqAf_nrECqAffn7ECqAf4wrECqAf7wrEC2AcB0gguCIBhEAEYHTIIioKAgICAgAg6DYBAgMCAgICAqIACqANIvf3BOljAn_Wexu6TA7EJRwaIQIjPoWuACgOYCwHICwGiDAOQAQGqDQJBVcgNAeINEwitvfWexu6TAxVnbsMGHUh8DOjqDRMIx_T2nsbukwMVZ27DBh1IfAzo8A0CiA7___________8B2BMD0BUBmBYByhYCCgD4FgGAFwGyFxAYASoKNjgwOTgwNTU4OFAGuhcCOAGqGBcJAAAAABDH9UASCjY4MDk4MDU1ODgYAbIYCRICk1IYAiIBANAYAcIZAggB&ae=1&gclid=EAIaIQobChMI5fjIn8bukwMVZ27DBh1IfAzoEAEYASAAEgJgs_D_BwE&num=1&cid=CAQS0QEABaugfZAfs64muL7CiFFv0m1-WS2Y8XxfxYN1SApHtChNt9ceNRxH12dElfz22y0VsLkZPgKrjoB3TpwGm4Kd9kAE3wlMR2d7HpSFTQFaB2MDwU1Be42lpbG_gbXC9s1ld5f2-qQyD5gqbAOmYjyrqUMnmItulObJMOpoavCAvgwP3fTO94mBKecH2IjF4cvf8c3R25VagRC-jPNZsvOzqKHYxDywwuCNEr7tqBsiKZnKEieAMp3ubpUZk9lX-pZSJ2-nAq9OYodWeEQ9utvWfhgB&sig=AOD64_3pPVJ0-3AT5gyOJoZkDVAylQgswg&client=ca-pub-3805416966001714&rf=5&nx=CLICK_X&ny=CLICK_Y&uap=UACH(platform)&uapv=UACH(platformVersion)&uaa=UACH(architecture)&uam=UACH(model)&uafv=UACH(uaFullVersion)&uab=UACH(bitness)&uaw=UACH(wow64)&uafvl=UACH(fullVersionList)&nb=2&adurl=https://opticalsuperstore.com.au/%3Fgad_source%3D5%26gad_campaignid%3D16457269821%26gclid%3DEAIaIQobChMI5fjIn8bukwMVZ27DBh1IfAzoEAEYASAAEgJgs_D_BwE,https://opticalsuperstore.com.au/?gad_source=5&gad_campaignid=16457269821&gclid=EAIaIQobChMI5fjIn8bukwMVZ27DBh1IfAzoEAEYASAAEgJgs_D_BwE,,,,,
995,https://googleads.g.doubleclick.net/aclk?sa=l&ai=CS4PF_DDfaY_2Ar_Apt8PiubvsAXA4oX4hQHp3b6pxxUKEAEg_OGpGWCV4pCCoAegAc2IkdYDyAEBqQJ82Vx7pMSzPqgDAcgDywSqBJwCT9C7lMJuRznDHpLJgwXCUKMcWZh8nNeXSnubEz9ibLzTw96A9ohqKXG0-fizZAn2yw2_P3FwQree-FznH4u35volzv-rfAPV7laIr74ZRZSorMIh3k86QYOaq0u1pgaTfY2y36jCZF0HXQE8y517qLgM6GY9GpRu3dvYTaidRJRwB_ogf8gv7Ndca1tuKL0wXvLLuwMcPDgFiKEwVTIkgsBRvnTtreGC-XP8qiSMC_Buhap7Rz_KZaz08uMnUPrGeBJmUQviF3XvHNS9SA9-s2ROiYKyGN2GEpDxuJV8FdEKXvEhpwNS_PPx3jUiSu29qGg25AnW6qGiTnNPTwG4ify8LBEzZ1OGadCnPakU5pZLktBsjmNYRSk7wF_ABOHuqqPeBYgFvu2AkViAB5v37imoB-LYsQKoB6a-G6gHzM6xAqgH89EbqAeW2BuoB6qbsQKoB47OG6gHk9gbqAfw4BuoB-6WsQKoB_6esQKoB6--sQKoB5rhsQKoB9XJG6gH2baxAqgHmgaoB_-esQKoB9-fsQKoB_jCsQKoB_vCsQLYBwHSCDAIkeGAUBABGJ8DMgiri4CAoICACjoMAICAgICAlKiIAqgDSL39wTpYvcHGiZ7vkwOxCWvGCJJ7zJMbgAoBmAsByAsBogwPKgoKCI7fsQKV4rECkAEBqg0CREXIDQHqDRMIjOzHiZ7vkwMVP6DpBR0K8xtW8A0CiA4J2BMCiBQB0BUBmBYByhYCCgD4FgGAFwGyFxAYASoKMTIxNjExODAxMFAGuhcCOAGqGBcJAAAAAOiLBkESCjEyMTYxMTgwMTAYAbIYCRICwE8YASIBANAYAcIZAggB&ae=1&gclid=EAIaIQobChMIj-THiZ7vkwMVP6DpBR0K8xtWEAEYASAAEgLwDfD_BwE&num=1&sig=AOD64_2VjNS4wD6OpwfDL1IMQwomCgg6yQ&client=ca-pub-7694956726795277&rf=1&nb=2&adurl=https://www.ragman.de/Hemd-mercerisiert-1006.html%3Ftrc_gcmp_id%3D23657985726%26trc_gag_id%3D197105727329%26trc_gad_id%3D800671213608%26gad_source%3D5%26gad_campaignid%3D23657985726%26gclid%3DEAIaIQobChMIj-THiZ7vkwMVP6DpBR0K8xtWEAEYASAAEgLwDfD_BwE,https://www.ragman.de/Hemd-mercerisiert-1006.html?trc_gcmp_id=23657985726&trc_gag_id=197105727329&trc_gad_id=800671213608&gad_source=5&gad_campaignid=23657985726&gclid=EAIaIQobChMIj-THiZ7vkwMVP6DpBR0K8xtWEAEYASAAEgLwDfD_BwE,no,,,,
1103,https://www.googleadservices.com/pagead/aclk?sa=L&ai=CkoA1bNXeaciZBNSfjeYPuoz0sAew-vqLggHp5qCNgxS2kB8QASD0g7kbYKW4moCcAaAB7qeewQPIAQKpAoGXlio96ac-4AIAqAMByAMIqgTFAk_QkM9885VNxsr35F2iXGeEnFb5cHrkBpnDNomI58hdALSN7jQ3_HKDbCbsv-fMuOUrgPYwBPcNZQTS8oyDNeeF-80A8hBhkL88iwKGxvBoq0n68HItBp9EvVzEJEyBDXus0vZgkLkxH6FO86qkKi8LPLRiq2c1zncIAdkv58E0LuTB1UEuT7Luy9UdE7ZGM1H1WybRMbPYU56N_-mZBczAGbNgNUHUfMO5Z1CK-LlgwGPi3qZaQHYkJhGxabW3n01jFFxICp3kRTtuNq5eSghYRFTSs8_8d3OpmyZLR4uj7x-qUo4jHaPCjNv1TwgZc_bAP7s-v3DZJ8cAd8rW1R44hoAM1Mq2f5ARL0D7j6yRSZAlWUZv1hZSCsirSmzBwAwyKQ107_k2XlpPjNuViQbnu_V_IUECZIOQMseyfeGQ8t5QTi7ABMWdjcjCA-AEAYgFz7P1wi-gBgKAB_rX4T6oB6fMsQKoB6a-G6gHzM6xAqgH89EbqAeW2BuoB6qbsQKoB47OG6gHk9gbqAfw4BuoB-6WsQKoB_6esQKoB6--sQKoB5rhsQKoB9XJG6gH2baxAqgHmgaoB_-esQKoB9-fsQKoB_jCsQKoB_vCsQLYBwHSCC8IgGEQARidATIIioKAgICAgAg6DYBAgMCAgICAiIACqANIvf3BOljChb_gxu6TA7EJ2-qSRPmIDlWACgOYCwHICwGqDQJBVcgNAeINEwiVqr_gxu6TAxXUT8MGHToGHXbqDRMImdjA4MbukwMV1E_DBh06Bh128A0CiA7___________8B2BMC0BUByhYCCgD4FgGAFwGyFxAYASoKOTgxNzYyNjgxNFAGuhcCOAGqGBcJAAAAAFCU_kASCjk4MTc2MjY4MTQYAbIYCRICqlAYAiIBANAYAegYAcIZAggB&ae=1&gclid=EAIaIQobChMIyP_A4MbukwMV1E_DBh06Bh12EAEYASAAEgK8OPD_BwE&num=1&cid=CAQS4wEABaugfbsXUUrlNr_AKg7u08nHNavVTU3gxJ3lYQYKoFq_mI2_xM_TadW2Ncb5tXbcN_iGlcYSLH0MDeD9OWoVEqEwAT4-zm2oVtwZorvYMpATHNsZAO7e2_AwVTsvWY9nZqCSN4cCVPJE0Vc1L-RkcDszuwDKr2DPYB-tdrioxSuMGIIbs7Akc6XKTwZGeSsIIpcXRk8VB3VIXc6JFTuM43EtHu9yw0NbpionbB-pS6UyVXagYA6zd5axJVAbcAg11NL8lAsme6Y1eqv248-Lop3ZY3jArtsDFybSKhuv9MOCrhgB&sig=AOD64_1hpk71mdIVu2WbsAwJp81EslDXZQ&client=ca-pub-3844877863303739&rf=5&nx=CLICK_X&ny=CLICK_Y&uap=UACH(platform)&uapv=UACH(platformVersion)&uaa=UACH(architecture)&uam=UACH(model)&uafv=UACH(uaFullVersion)&uab=UACH(bitness)&uaw=UACH(wow64)&uafvl=UACH(fullVersionList)&nb=2&adurl=https://sprucequalitydecks.com.au/%3Futm_source%3Dgoogle%26utm_medium%3Dcpc%26utm_campaign%3D12756801999%26utm_content%3D120947166917%26utm_term%3D%26gad_source%3D5%26gad_campaignid%3D12756801999%26gclid%3DEAIaIQobChMIyP_A4MbukwMV1E_DBh06Bh12EAEYASAAEgK8OPD_BwE,https://sprucequalitydecks.com.au/?utm_source=google&utm_medium=cpc&utm_campaign=12756801999&utm_content=120947166917&utm_term=&gad_source=5&gad_campaignid=12756801999&gclid=EAIaIQobChMIyP_A4MbukwMV1E_DBh06Bh12EAEYASAAEgK8OPD_BwE,,,,,
1158,https://www.googleadservices.com/pagead/aclk?sa=L&ai=CJeX4T0fgab2FFcj0jeYPofn2sQKCyp-1hgGrtZe--hS-45qKBBABIKzZuCJgx9X_jYQmoAGvucGRPsgBCakCsl9T4gfEtj7gAgCoAwHIA0iqBNACT9D0scHuuLxDeGQDzP1KZ7jwEo-G1ribfzmAmBbHEUb-fmzs723mgSTWZAZc9VbaDy1qz-qqJjmpV1krk8AyuJpXF9RdmrJTk8-edXhAVFrECihciXw5hIceilhF12uRalKFaJdBcodQ2V3fFm5HYuswlQhsQgEG52rArxpXzd6z2Zw4-R80LX4_AqLgzVSlqADPAVe6BCaEbScgJxpP5RaYcBFKwvbfJ7qjF05aNfpqqE9bK_mZq3ocM06jUDarHaVzImbYIanlZAkT-amoFjFRUeZna8QuC9uw67uu98-B5j4jk8IifhMPwJ5A2qNsnF3xUrv_Q_ZG4iC_hKS4WQ6NxVE7Dml3ix8d1xlar5EU438nBx-tgWEmiG-DPceYoAAB5BybQ4zwT4n80Z5cEqXPDOMALBENVQI8ghbFWinogX790A0fu92VNxAGtb9mwASrutKytAXgBAGIBemFssVQoAYugAev8ZHxGKgHp8yxAqgH4tixAqgHpr4bqAfMzrECqAfz0RuoB5bYG6gHqpuxAqgHjs4bqAeT2BuoB_DgG6gH7paxAqgH_p6xAqgHr76xAqgHmuGxAqgH1ckbqAfZtrECqAeaBqgH_56xAqgH35-xAqgH-MKxAqgH-8KxAtgHANIILwiAYRABGJ0BMgiKgoCAgICACDoNgECAwICAgICogAKoA0i9_cE6WLqS6MCn8ZMDsQngBQHnvgwK1YAKA5gLAcgLAYAMAaIMA5ABAaoNAlpByA0B4g0TCOy86MCn8ZMDFUh6wwYdobw9JuoNEwist-nAp_GTAxVIesMGHaG8PSbwDQKIDv___________wHYEw3QFQGYFgHKFgIKAPgWAYAXAbIXEBgBKgo5OTQ4NDI5MzczUAa6FwI4AaoYFwkAAAAAPC8cQRIKOTk0ODQyOTM3MxgBshgJEgKqUBguIgEA0BgBwhkCCAE&ae=1&gclid=EAIaIQobChMI_ejpwKfxkwMVSHrDBh2hvD0mEAEYASAAEgJzdfD_BwE&num=1&cid=CAQS4gEABaugfYDabr6W6fl4mRp3EIVeHTYML3WdLDIG_hTGWOcZ2GJ4W3R7wVMWK6Xt_xiNiEXBomm_isizvm60BfE1mQU5IdLTKxONfvBigdEJanGCJxe7yVaqpTnKtSjubbD96EFlKUzOIrCidw4XB9zSyyvz4BrWEBGf-2XHC93DFSgDGJfpHYKdoWP_QTH4azTxqDRkDRGKW6amqj2HvervVhXeXwxqEitvEq-sVPTuQc83ek4rCg1TXbxoQh7Zt69jOEjA24JwQB1TBRQ8kvNMW3KOh1w4o44WM4iugILPoBEKGAE&sig=AOD64_3GogVBlGgSUPcVMN6DTBRSjY8gqQ&client=ca-pub-4180835694166255&rf=1&nb=25&adurl=https://knauf.com/en-GB/product-highlights/omnifit%3Futm_source%3Dsoop%26utm_medium%3Ddisplay%26utm_campaign%3Domnifit%26gad_source%3D5%26gad_campaignid%3D21620359913%26gclid%3DEAIaIQobChMI_ejpwKfxkwMVSHrDBh2hvD0mEAEYASAAEgJzdfD_BwE,https://knauf.com/en-GB/product-highlights/omnifit?utm_source=soop&utm_medium=display&utm_campaign=omnifit&gad_source=5&gad_campaignid=21620359913&gclid=EAIaIQobChMI_ejpwKfxkwMVSHrDBh2hvD0mEAEYASAAEgJzdfD_BwE,no,,,,
1081,https://www.googleadservices.com/pagead/aclk?sa=L&ai=C0oSGtFfgaamJBtqZjeYPgpeX0Ai1mr3AhgGs1MOsxhXS4dLgsgEQASC_8MQeYMfVhI6cJqAB-vbrlkPIAQapAn4HhDwIZXA-4AIAqAMByAMKqgTuAk_QF1si4HYWLD-z_b8QydYzOLNiqEcipk_WpnrXQq2izuoNDqhHbZ5G4eoy8t2INxhCdIKrXoglHIHhGiu2ep8HRZ5K_aMPJki_Q4Jt9xvpCCmoLsqyKbEGQ8f5LZ1ilHgjUS6kGXGIreAbvJpErQTqSF3-8seSJVd0BDOb9A5p35lclqFWb7_4ApfLxWVRDndL4TlNkwd-KYzjL5-cRfkO-JzcDY5CnEujZKTrbPIhtIINtemZ0Ev1Sl8dq0SHlF587YEuaVlNungHnwZ6sjCgj0OM6dNXY8DqVTWnswH22gdVudaD2WrMeviKaErSqzHn4tYk25M5r7ss7y1mjESsJM5l7LSH1jpM_xjWJOQeyqCW5cDhRp9Yr5zb_2UNHqneXbXq50nwt3B5e1qxU9N94d0y0-uNOjQabqL8M1xyZ1JOTPK83jphNQP9onvDDkVQGxu0LhaRHITYA03yfkJDCaYa-3IbtgzJsnzM2MAEw-3Uz9YF4AQBiAXt-d2nWKAGLoAH-q689h2oB6fMsQKoB6a-G6gHzM6xAqgH89EbqAeW2BuoB6qbsQKoB47OG6gHk9gbqAfw4BuoB-6WsQKoB_6esQKoB6--sQKoB5rhsQKoB9XJG6gH2baxAqgHmgaoB_-esQKoB9-fsQKoB_jCsQKoB_vCsQLYBwHSCC8IgGEQARidATIIioKAgICAgAg6DYBAgMCAgICAqIACqANIvf3BOlirpP2Rt_GTA7EJbUFpdfwX_tmACgOYCwHICwGqDQJaQcgNAeINEwjs0f2Rt_GTAxXaTMMGHYLLBYrqDRMI7fb-kbfxkwMV2kzDBh2CywWK8A0CiA7___________8B2BMDiBQB0BUByhYCCgD4FgGAFwGyFxAYASoKNDkxNzAxODEwMlAGuhcCOAGqGBcJAAAAAEDFBEESCjQ5MTcwMTgxMDIYAbIYCRIC1VYYLiIBANAYAcIZAggB&ae=1&gclid=EAIaIQobChMIqbP_kbfxkwMV2kzDBh2CywWKEAEYASAAEgKXw_D_BwE&num=1&cid=CAQS0QEABaugfbukmNlsizcB5BX66-6UjBIwUUA75ejZZrt_umaiocuJJ-Ig0qPOt3zhBA4dw4cQDNlta0_MjYeaou3-VORzvWaz-4yslQ9Zh-f9mXU1v4UEfpqg0K8TtmrT5WjYJwJ7fo1JHSU85014T-mA-o626bkMy8OBKm-HH3gBr4Nn2IDNevAax2GLiwZvslrXIdxqgSJnyORHoEC_8FUPAdv4aBFZuARlSU7AotmeUoocn72MjtCz1xzSe24K4VgJBFuY3LivWedltnakxmQyuxgB&sig=AOD64_3dfiQqDDQPwf4AzqIDHjARaADiiQ&client=ca-pub-2048723688233790&rf=4&nb=19&adurl=https://engagementfiles.com/Home%3Futm_term%3D%26utm_campaign%3DDisplay:%2BProspecting-%2BSouth%2BAfrica%26utm_source%3Dadwords%26utm_medium%3Dppc%26hsa_acc%3D4535964113%26hsa_cam%3D23705648365%26hsa_grp%3D195051206339%26hsa_ad%3D802608100258%26hsa_src%3Dd%26hsa_tgt%3D%26hsa_kw%3D%26hsa_mt%3D%26hsa_net%3Dadwords%26hsa_ver%3D3%26gad_source%3D5%26gad_campaignid%3D23705648365%26gclid%3DEAIaIQobChMIqbP_kbfxkwMV2kzDBh2CywWKEAEYASAAEgKXw_D_BwE,https://engagementfiles.com/Home?utm_term=&utm_campaign=Display%3A+Prospecting-+South+Africa&utm_source=adwords&utm_medium=ppc&hsa_acc=4535964113&hsa_cam=23705648365&hsa_grp=195051206339&hsa_ad=802608100258&hsa_src=d&hsa_tgt=&hsa_kw=&hsa_mt=&hsa_net=adwords&hsa_ver=3&gad_source=5&gad_campaignid=23705648365&gclid=EAIaIQobChMIqbP_kbfxkwMV2kzDBh2CywWKEAEYASAAEgKXw_D_BwE,,,,,
938,https://www.googleadservices.com/pagead/aclk?sa=L&ai=CZ5aoNUfgaemOM4aI3NMPp4KUoQiA-7D1gwG_1Iq-uBOq6cKz0ToQASDFnrQdYMfV_42EJqABpeCM3APIAQKpAqFRm_NnzLM-4AIAqAMByAMIqgSWA0_QetndgOHnaHKlpc5tIgPuxJkwKnlPdpz7Sp8VA5x_iyc-zg0kmTW8kVo3nfe19tqfYN9591wynRZPqtBT6xIJNB9bqNMAYgFonxOOLtBe8K_QHghup6zlCYbtPj20ZkcuTMFGVKI2coAtWeSlEbhXd25QWVJKfdemDUTJlIQCmzHSXi_umyd_KF0SmdoCAC-yUtiSXepxZQdlfjhobiTe7Qxn7IT20LBXCFAWLnO3_r6lDJeE7CqQXmQfsECZcshn05-TYRHyTmP94UhUDjtHLKGRxMsF-WzWMxr9kwGPFtQtasbBevXX1ow_dYUdDlBDyeGBV01Pt5M0O9zknumwXkr_jNGeuwxnQ4QwPgWomqBuW8B1WvYDuNtV04YxC5jNyYXeVavENEfH9gPLmRZzO7BHWRfXzgsx1gJ75gqzIxNJ-JBD3nVEkwtRpOGY9j7nHxsy3I_IoeuvzTqozcsSPfaP6EtBXdqPllbd5dh3ZV0yPpL60mO4omAS3zFCPJTVUUTzOjBfrUd0tWsNxHWfI3V59JPABMui3LL3BOAEAYgF5Le-2k-gBgKAB7ORqyioB6fMsQKoB-LYsQKoB6a-G6gHzM6xAqgH89EbqAeW2BuoB6qbsQKoB47OG6gHk9gbqAfw4BuoB-6WsQKoB_6esQKoB6--sQKoB5rhsQKoB9XJG6gH2baxAqgHmgaoB_-esQKoB9-fsQKoB_jCsQKoB_vCsQLYBwHSCC4IgGEQARgdMgiKgoCAgICACDoNgECAwICAgICogAKoA0i9_cE6WMit07Sn8ZMDsQmP3qBRMLGeZoAKA5gLAcgLAaIMA5ABAaoNAlpByA0B4g0TCPHK07Sn8ZMDFQYEdwQdJwElhOoNEwik1dS0p_GTAxUGBHcEHScBJYTwDQKIDv___________wHYEwLQFQGYFgHKFgIKAPgWAYAXAbIXEBgBKgoyNDQ5NjQwMDQxUAa6FwI4AaoYFwkAAAAAIuwkQRIKMjQ0OTY0MDA0MRgBshgJEgL9ThgCIgEA0BgB6BgBwhkCCAE&ae=1&gclid=EAIaIQobChMIqf3UtKfxkwMVBgR3BB0nASWEEAEYASAAEgL0K_D_BwE&num=1&cid=CAQS0AEABaugfYceNQs5Lt_gP0YwlW4q8cXaTtk4y3eP9X_8EEfIvqZhTbZPykzHK_i43dA3gYzSuhQww4Z_MJTgqKIufbwjHGIToW5GSHnitzn6ctJDCrg6OVaAAqYTyKqN1bgHmtiEgxHLNk2GZYA9tO7Oy5x9WPtAFqjEexsHTkIKl1bIyoWRnkXCDdfn4Wg3AIZ9G9_NnePU9b9UFI9fh2MN0fu7RJmz6SZq3x2sQO3O7YIYYWlYzLDCJNrbIC0pX-QS_jNfxWs28DkgMllHGwOBGAE&sig=AOD64_002UFbs-No233DZudwiLkeW_P3hw&client=ca-pub-4069693291391267&rf=5&nx=CLICK_X&ny=CLICK_Y&uap=UACH(platform)&uapv=UACH(platformVersion)&uaa=UACH(architecture)&uam=UACH(model)&uafv=UACH(uaFullVersion)&uab=UACH(bitness)&uaw=UACH(wow64)&uafvl=UACH(fullVersionList)&nb=2&adurl=https://www.thomann.co.uk/adam_hall.html%3Fgad_source%3D5%26gad_campaignid%3D21396167652%26gclid%3DEAIaIQobChMIqf3UtKfxkwMVBgR3BB0nASWEEAEYASAAEgL0K_D_BwE,https://www.thomann.co.uk/adam_hall.html?gad_source=5&gad_campaignid=21396167652&gclid=EAIaIQobChMIqf3UtKfxkwMVBgR3BB0nASWEEAEYASAAEgL0K_D_BwE,no,,,,
878,https://googleads.g.doubleclick.net/aclk?sa=l&ai=Ck8eBW7zfaZ_DLsifjeYPiNmCkAeDyZTAhgGd_-nfwBXc2R4QASCHj4skYJsDoAGYsPj6KMgBAqkCNMmcSApGBz7gAgCoAwHIAwiqBMkCT9AoaYINU9Lke9YgW5qLRRlRFocIyIQuk2lpUB-Aluv_deVSu0eMEAoCaAUAXUrjD4Ea7PJQAwUbUFqGd_r0EhP4PaZRYAgzRRJHKoOWYCRXUXHxhqK6gwmqWJbnmrMiZQnbUeiLhXY9zTcqEclqs07xjpuoFI4gz-U3sjiVx5bKfw-jQPDNAwrPDvlakoyRXEPNwlBgtvzFz0OEGcmUBGzk_njaMvuQIl7fPWYfOWe74c6u6Z4V4xbRoYFCRKMPhPP1hSwbs1Qkg2FnS3EcWHbq_4YAuDAlxidJgg__4v2EShGelwB9JZPr9xxWYVoU4p-jBk4irzgelrjtbBzLCQpM-LRYo7ez-zIBybXsotgAEAZaU7cJerppvqrAKVrNWfZp8E7o46f2ifESfy2VPB4eFkbNsR_fUsKldG7w3E7WvqIaSBxfRNPABJ2Gh73WBeAEAYgF7ZeUs1igBgKAB5joyNoDqAenzLECqAfi2LECqAemvhuoB8zOsQKoB_PRG6gHltgbqAeqm7ECqAeOzhuoB5PYG6gH8OAbqAfulrECqAf-nrECqAevvrECqAea4bECqAfVyRuoB9m2sQKoB5oGqAf_nrECqAffn7ECqAf4wrECqAf7wrEC2AcB0ggyCJHhgFAQARidATIIq4uAgKCAgAo6DoCAAYCAgICAlK7gA6gHSL39wTpYzOj7_qLwkwOxCdJn_WBFoAvggAoDmAsByAsBogwDkAEBqg0CS1LIDQHiDRMIy5T8_qLwkwMVyE_DBh2IrABy6g0TCO6u_P6i8JMDFchPwwYdiKwAcvANAogO____________AdgTDdAVAZgWAcoWAgoA-BYBgBcBshcQGAEqCjIxNTczNzA4MjJQBroXAjgBqhgXCQAAAABAHOZAEgoyMTU3MzcwODIyGAGyGAkSAu9OGAIiAQDQGAHCGQIIAQ&ae=1&gclid=EAIaIQobChMI39z8_qLwkwMVyE_DBh2IrAByEAEYASAAEgIrOvD_BwE&num=1&sig=AOD64_1l0OZ_bF-wWGFSK5R9l_hqIhPqdQ&client=ca-pub-3428031914463355&rf=5&nx=CLICK_X&ny=CLICK_Y&uap=UACH(platform)&uapv=UACH(platformVersion)&uaa=UACH(architecture)&uam=UACH(model)&uafv=UACH(uaFullVersion)&uab=UACH(bitness)&uaw=UACH(wow64)&uafvl=UACH(fullVersionList)&nb=2&adurl=https://meritzevent.com/super_ria/%3Fgad_source%3D5%26gad_campaignid%3D23729605613%26gclid%3DEAIaIQobChMI39z8_qLwkwMVyE_DBh2IrAByEAEYASAAEgIrOvD_BwE,https://meritzevent.com/super_ria/?gad_source=5&gad_campaignid=23729605613&gclid=EAIaIQobChMI39z8_qLwkwMVyE_DBh2IrAByEAEYASAAEgIrOvD_BwE,,,,,
1090,https://www.googleadservices.com/pagead/aclk?sa=L&ai=CF5Dty-_eaZGRI9nvjeYP8bHdqATK6aOUgAGuiJ2-tBTa_8SNsxAQASDHx58jYIkDoAHts9-JA8gBAakCgZeWKj3ppz7gAgCoAwHIAwiqBLQCT9DmzjzUV22DrG5Q4nHK2rlBYpNU_c2NQxbEIP53J_p61ZetPKyxCoOzGVVedrF449iJAbJpnuKYtBlzY7tixpyGS-q8MnmPcc5hYOjaaZfqsTPsg9g9WhbYDkZpp2w1N2ENbfubowjVIdXlARMouXStP201Attg8GLzszU4XgTcQ2v9a3mzeXh2sB-7HDRYqpvAMTpAl9y8H8_2RJUmzYiTH_VEnStUIndpGVPWu-ZwAywqMzOc4zBzzJ3R9n5wvhTo-2uoaV6jW-UcroH_zqU8Jpywxq5Hhgg0CU1Oq3lNOvlzKiZlMG89Wf5U53QEdxXJlNrIFt3HsPknqL3lAIQYLmlKB0uwo7a97TIq3el31QzGsf1GvMaO7SSs5ksR3ofbEP3-iWkiq5GChILAnIb33hnABOyEtvGsBeAEAYgFgIySo1WgBgKAB_vLoHaoB6fMsQKoB-LYsQKoB6a-G6gHzM6xAqgH89EbqAeW2BuoB6qbsQKoB47OG6gHk9gbqAfw4BuoB-6WsQKoB_6esQKoB6--sQKoB5rhsQKoB9XJG6gH2baxAqgHmgaoB_-esQKoB9-fsQKoB_jCsQKoB_vCsQLYBwHSCC8IgGEQARidATIIioKAgICAgAg6DYBAgMCAgICAqIACqANIvf3BOljBle7z3-6TA7EJaz51M5gXsluACgOKCtcBaHR0cHM6Ly9zdXBhZ2FzLnJ0cmsuY29tLmF1Lz9zY2lkPTM3Mzk0OCZwdWJfY3JfaWQ9Mjc3NzMwMyZmdXJsPXtscHVybH0mcmxfcmVkaXI9aHR0cHMlM0ElMkYlMkZ3d3cuc3VwYWdhcy5jb20uYXUlMkZjYXRlZ29yaWVzJTJGX21lZGljYWwtZ2FzZXMmcmxfcmVkaXI9aHR0cHMlM0ElMkYlMkZ3d3cuc3VwYWdhcy5jb20uYXUlMkZjYXRlZ29yaWVzJTJGX21lZGljYWwtZ2FzZXOYCwHICwHgCwGiDAOQAQGqDQJKUMgNAeINEwjJs-7z3-6TAxXZd8MGHfFYF0XqDRMI8u7v89_ukwMV2XfDBh3xWBdF8A0CiA7___________8B2BMDiBQB0BUBmBYByhYCCgD4FgGAFwGyFxAYASoKNTg1NTEwMjgyOVAGuhcCOAGqGBcJAAAAACw5LUESCjU4NTUxMDI4MjkYAbIYCRICkk8YAiIBANAYAegYAcIZAggB&ae=1&gclid=EAIaIQobChMI0aLw89_ukwMV2XfDBh3xWBdFEAEYASAAEgI9gvD_BwE&num=1&cid=CAQS0gEABaugfSML3wGsSRf-BOZ4wBQsFLOweuKPeuk3gV2c_31tyqLGjhC1dbWjRjnAPfpqGmHoC5Pj0_muFnFsZ9rKrZoAjp1NDXOwdYroOFrQo6NA0vMw7HpQlK6ZORTBRf0vAckPmDNTzWlBELINjnPB_Z5oysvv4vov6nYUjDRnZqTTAd6RvRbvWRmRm_wYN7YhIrOuQDhGIlvFtxXNeu-yQvgtEViDauOn7z2W6u_qr9UP_tnDP4jNKWCU5383Fr2xqZQ2_CYSSfFstpEHleENtg0YAQ&sig=AOD64_3CBUZiIpYjR-V4Mnwru9T6_LQF2Q&client=ca-pub-1481019754184955&rf=4&nb=2&adurl=https://www.supagas.com.au/categories/_medical-gases%3Futm_source%3DRL%26utm_medium%3DDisplay%26utm_campaign%3DMedicalNewSouthWales%26cid%3D587374%26scid%3D373948%26gad_source%3D5%26gad_campaignid%3D22890710528%26gclid%3DEAIaIQobChMI0aLw89_ukwMV2XfDBh3xWBdFEAEYASAAEgI9gvD_BwE,https://meetreet.com/de/deutschland/schwarzwald?utm_source=paid&utm_source=adwords&utm_campaign=rsa&utm_campaign=&utm_medium=cpc&utm_medium=ppc&utm_term=&hsa_acc=8033852874&hsa_cam=22795009429&hsa_grp=182280028973&hsa_ad=805408801661&hsa_src=d&hsa_tgt=&hsa_kw=&hsa_mt=&hsa_net=adwords&hsa_ver=3&gad_source=5&gad_campaignid=22795009429&gclid=EAIaIQobChMInbD34KDvkwMVz0zDBh04OwB6EAEYASAAEgLMsfD_BwE,,yes,yes,yes,yes
1026,https://googleads.g.doubleclick.net/aclk?sa=l&ai=Ce-Lg40TgabC0NMqAjeYPo_OUwA7hkY_NhQGqiJPB9hT99_h5EAEgi9WxIGDH1f-NhCagAdvdm-QCyAEC4AIAqAMByAMIqgSBA0_Qhba7w6V5UhakTDimboQcC7j19lzx67Dve1YhESPioSmX0XZnLluSOEKOghxGZPSW-8D1p-zfLprBklugRZz6OnQwmJ5ATkLSM8sqG3qEUP72b5QFQHHveBfcLgzQ-8jHDnKQ6j3bmxsixPkhQUP9b9v-ZGyh0PrLq-81VJjIANjNa7SvNDlUdsQSHGVcnNeANAddYKezGu5nC3BWiyPqbe9VMQmGHJ5xSbtqfo63HBx89xET5f8Ne3Ta_Mj1mDpBIpyJ5zSiP-9psu4GTDdy1RN-UBUny9_QQ6byivanW-gkVGt5ulrVG5h86Cns_weGgeivQRaGeaNX6d2CrR_S1GtsEc65D-a8nRo2y_OA64Unk_Y3ApaAm7KOFMQU9ChQgwR7nvlq_KDkr3gLMCAvQKhs7ZGuZSNwCtl9oxbZKBV_W0FBI6UCQgsCAEw5lnarAYNAhanC914ol-M_n9JAxWdI_Ac3xJGkiZM0VNCkHJpPEiZbzWgdd3-zxTPFnwfABL2ort3MBeAEAYgFxcj0p1egBgKAB42i5JsBqAenzLECqAfi2LECqAemvhuoB8zOsQKoB_PRG6gHltgbqAeqm7ECqAeOzhuoB5PYG6gH8OAbqAfulrECqAf-nrECqAevvrECqAea4bECqAfVyRuoB9m2sQKoB5oGqAf_nrECqAffn7ECqAf4wrECqAf7wrEC2AcB0ggvCIBhEAEYnQEyCIqCgICAgIAIOg2AQIDAgICAgKiAAqgDSL39wTpYrtO1maXxkwOxCUAWbpz_nAr2gAoDmAsByAsBogwDkAEBqg0CWkHIDQHiDRMIiPi1maXxkwMVSkDDBh2jOQXo6g0TCNL2tpml8ZMDFUpAwwYdozkF6PANAogO____________AdgTCtAVAZgWAcoWAgoA-BYBgBcBshcQGAEqCjg5OTA0MTE5MDRQBroXAjgBqhgXCQAAAABs_xtBEgo4OTkwNDExOTA0GAGyGAkSApNOGAIiAQDQGAHoGAHCGQIIAQ&ae=1&gclid=EAIaIQobChMI8LG3maXxkwMVSkDDBh2jOQXoEAEYASAAEgJj0PD_BwE&num=1&cid=CAQS0QEABaugfcXMtX8IgOFfEz3cmBQhi3LTEDh7DcrSTteRcP4Y1JSnqh2XuZpWmpN1fvWyKYHYBoSFMxeAL_mRkhCF1lAi1G3rLuQ18ovfHeuHucKJK0IjiVqFptUiiWhDbI46_zvzN60rtiy4m4OqxGZYGF-UN7UKO8JkzxOwYppCBpl_Bo-BiMyS9pUuENglN3XF2gy_On4TcN4ZNfsKrBsYpelBjRMJwp1xlqz7YAit2Hnj7Cnq_CKqIyai7-rBFIT5_HisRqCPIE8wLXQ2mTyMgBgB&sig=AOD64_2c5zfMQrg56UIM5HnKm2kkwvpEvQ&client=ca-pub-2378110306265632&rf=5&nx=CLICK_X&ny=CLICK_Y&uap=UACH(platform)&uapv=UACH(platformVersion)&uaa=UACH(architecture)&uam=UACH(model)&uafv=UACH(uaFullVersion)&uab=UACH(bitness)&uaw=UACH(wow64)&uafvl=UACH(fullVersionList)&nb=2&adurl=https://jessicanorthrop.com/properties/5350-s-race-court%3Futm_source%3Dleadgenlab%26utm_medium%3Dneighborhoodads%26utm_term%3D%26utm_campaign%3D%26utm_source%3Dadwords%26utm_medium%3Dppc%26hsa_acc%3D3307358278%26hsa_cam%3D23437583429%26hsa_grp%3D192395580477%26hsa_ad%3D801031368372%26hsa_src%3Dd%26hsa_tgt%3D%26hsa_kw%3D%26hsa_mt%3D%26hsa_net%3Dadwords%26hsa_ver%3D3%26gad_source%3D5%26gad_campaignid%3D23437583429%26gclid%3DEAIaIQobChMI8LG3maXxkwMVSkDDBh2jOQXoEAEYASAAEgJj0PD_BwE,https://jessicanorthrop.com/properties/5350-s-race-court?utm_source=leadgenlab&utm_medium=neighborhoodads&utm_term=&utm_campaign=&utm_source=adwords&utm_medium=ppc&hsa_acc=3307358278&hsa_cam=23437583429&hsa_grp=192395580477&hsa_ad=801031368372&hsa_src=d&hsa_tgt=&hsa_kw=&hsa_mt=&hsa_net=adwords&hsa_ver=3&gad_source=5&gad_campaignid=23437583429&gclid=EAIaIQobChMI8LG3maXxkwMVSkDDBh2jOQXoEAEYASAAEgJj0PD_BwE,,,,,
1119,https://www.googleadservices.com/pagead/aclk?sa=L&ai=CmUWmeUzgaaKXNuOQ3NMP6YGZ6A6f1vecgAGE6rma6hTq7O7tkg4QASCDqaUhYMfV_42EJqABoercwSjIAQngAgCoAwHIAwqqBL4CT9DqHL_VlTDBnnSd4A0NDiAF82owItnQb4uX9xBjI24TsVIYWNuZENm6Kd9zk5JlM2FbTmt81AY1kocYBHU3rbRdfNBVgS1zJalq_hF8wZtHoYQMHyccEc3Mrrgp_7qiyT8eW9fKj4ITeRl1WvnhHG_otS3j4potYtDGSO-OZYdv5DfE1FgWaGBHXjDWpZhR0HuszaBmB8kpKQhO82CfeEwEe1KNeeWc-I3peAIyzmvcS8rz5Zmfmm2OIWFdmdsAruJGSxSKCXpkBNIqWptlE_9SUD4QzDq15z7UelGxzqPfHptIJMoC82EC5VTL2ux4a-AL_yz9uk8kvegbTFOdV4bpqbzyrPYe1hfNjqKyUiyEx2ECoC-UeAYPa3HEWqJ1xypKtwvyrk0eGI7xfPLgnqwltF3ecCqRafL-g2MCwASYz9mNpwXgBAGIBcvCz9VUoAYugAehoq2hA6gHp8yxAqgH4tixAqgHpr4bqAfMzrECqAfz0RuoB5bYG6gHqpuxAqgHjs4bqAeT2BuoB_DgG6gH7paxAqgH_p6xAqgHr76xAqgHmuGxAqgH1ckbqAfZtrECqAeaBqgH_56xAqgH35-xAqgH-MKxAqgH-8KxAtgHANIILwiAYRABGJ0BMgiKgoCAgICACDoNgECAwICAgICogAKoA0i9_cE6WLeRubes8ZMD8ggbYWR4LXN1YnN5bi05ODQzNTM0NTQyMTg5NDQysQlXGjFBrwjmLoAKA5gLAcgLAYAMAaIMA5ABAaoNAlpByA0B4g0TCMXTubes8ZMDFWMIdwQd6UAG7eoNEwjs4rq3rPGTAxVjCHcEHelABu3wDQKIDv___________wHYEw3QFQGYFgHKFgIKAPgWAYAXAbIXEBgBKgo4NTQ3NTU5NzQ3UAa6FwI4AaoYFwkAAAAAWCQFQRIKODU0NzU1OTc0NxgBshgJEgKRVBguIgEA0BgB6BgBwhkCCAE&ae=1&gclid=EAIaIQobChMI4re7t6zxkwMVYwh3BB3pQAbtEAEYASAAEgKPH_D_BwE&num=1&cid=CAQS4gEABaugfWCr3GTQj21_5OafgS0XDb-6IlUUlptatB4_krgDAgLVWWeao2j4E0NhOarU64Hz5FgRFC2u-QCMV1Xf6Vf9d8aZGCXArAZSGara6yLbLQh23QOKqoYsVoARgKV0JJuO5DhNGDo7Q0QOlowO7Rq3GrXntPwrQSipKgXZ2bX4TmYS1Tjtb9KvpEKNkTmy8k20FbnVdOMsosVNnSv_u8YmkwSAxEeJyS7vps2aymojBNwgBZ0-3ybtNk9hqg8S5HrhoGMLfowpXE8JWw_pBqRqvdu0VSpBxYGhix8VLlCAGAE&sig=AOD64_1xwGDkU2dWbY_ZEzFVFc1ep1swZA&client=ca-pub-6028289858130678&rf=4&nb=9&adurl=https://amaraatparaiso.com/miami-private-dining-event-venue-spaces/%3Fgad_source%3D5%26gad_campaignid%3D22728139083%26gclid%3DEAIaIQobChMI4re7t6zxkwMVYwh3BB3pQAbtEAEYASAAEgKPH_D_BwE,https://amaraatparaiso.com/miami-private-dining-event-venue-spaces/?gad_source=5&gad_campaignid=22728139083&gclid=EAIaIQobChMI4re7t6zxkwMVYwh3BB3pQAbtEAEYASAAEgKPH_D_BwE,,,,,
1004,https://www.googleadservices.com/pagead/aclk?sa=L&ai=CfFRrSETgaYvrD8yfjeYPjNz7sAf6-9bDhgHz1-Oi9hXY-tH49S8QASCL1bEgYMfV_42EJqAB4__L_APIAQLgAgCoAwHIAwiqBLkCT9AcsICg47kILINRGHSWyRLFQpweB11bRIOwIPoGoPyEw9zc9z76Oyuo2kiJGj-XEzHOeQWGbTfqLGytZ9t5KLY-IdjTWq-wnzirpHr7Idh_STTpSYbdvfxyKw8_z6Z8ABNn68JVX7Pk5_vfrs49mwaDhFZFLSbao17ipHF97Kmd5pmBJe3T4BwCjukHi89S_K4Z7mVUPEB9X035SQUk4OxnUYB-6O8HqRBeIzyvqevWpnWaAJFe1-VxcdujtyIj3twNEg4S6kCS700viLR0YRhpM3n2dSNoNH07Dp3ojTpxlRuIFpaAPxKA-548lr_tYLR-L-lvE_hAbU9W6BJ1y53s7MNVEMkXkRj1bxklKe85fB60kvrF0alBfv34k1Ast-ywt3WrzfRBKEXQZmh4THr3we3TuGwS8cAEwM-ysvEF4AQBiAWIzJK-WKAGAoAHhYC0A6gHp8yxAqgH4tixAqgHpr4bqAfMzrECqAfz0RuoB5bYG6gHqpuxAqgHjs4bqAeT2BuoB_DgG6gH7paxAqgH_p6xAqgHr76xAqgHmuGxAqgH1ckbqAfZtrECqAeaBqgH_56xAqgH35-xAqgH-MKxAqgH-8KxAtgHAdIILwiAYRABGJ0BMgiKgoCAgICACDoNgECAwICAgICogAKoA0i9_cE6WJfTnM-k8ZMDsQnGd7c_FR_0T4AKA5gLAcgLAaIMA5ABAaoNAlpByA0B4g0TCIr5nM-k8ZMDFcxPwwYdDO4eduoNEwjo953PpPGTAxXMT8MGHQzuHnbwDQKIDv___________wHYEw3QFQGYFgHKFgIKAPgWAYAXAbIXEBgBKgo4OTkwNDExOTA0UAa6FwI4AaoYFwkAAAAA2J0hQRIKODk5MDQxMTkwNBgBshgJEgKGVBgCIgEA0BgBwhkCCAE&ae=1&gclid=EAIaIQobChMIi6-ez6TxkwMVzE_DBh0M7h52EAEYASAAEgL6zPD_BwE&num=1&cid=CAQS0QEABaugfexgbWcpAxuJrDUluIrELukpmxA6xK8zxcw9XnuBBWMV9l8FKxfp8oH8Z-qMdAKCMvQbFylM5ImHeWTw_QwWVrLMG78Kl6uaR6BwC_c8wjpUi-r4JSs-XaTZSuUAKsxYfqJuqr_GtzW8j_BL_-6_OD075ldeWydiUjmBBAU7cIj32k86bGgvv530EpY0qJqdxI1CfORBqRiq_4ECN8PawSiAaYQey6jqu4vwq5bBw0xg0dRVKTkOAhWe7KOFi1jysQCUOQWMkMwH3d-veRgB&sig=AOD64_0a7IjTHckhvG0VgKxBg6j6oIUvvQ&client=ca-pub-2378110306265632&rf=5&nx=CLICK_X&ny=CLICK_Y&uap=UACH(platform)&uapv=UACH(platformVersion)&uaa=UACH(architecture)&uam=UACH(model)&uafv=UACH(uaFullVersion)&uab=UACH(bitness)&uaw=UACH(wow64)&uafvl=UACH(fullVersionList)&nb=2&adurl=https://www.isc2.org/landing/CISSP-one-constant%3Futm_source%3Dgoogle%26utm_medium%3Dcpc%26utm_campaign%3DGBL-CISSPoneconstant%26utm_term%3Ddisplay%26utm_content%3DGBL-CISSPoneconstant_Commitment%26gad_source%3D5%26gad_campaignid%3D23752648200%26gclid%3DEAIaIQobChMIi6-ez6TxkwMVzE_DBh0M7h52EAEYASAAEgL6zPD_BwE,https://www.isc2.org/landing/CISSP-one-constant?utm_source=google&utm_medium=cpc&utm_campaign=GBL-CISSPoneconstant&utm_term=display&utm_content=GBL-CISSPoneconstant_Commitment&gad_source=5&gad_campaignid=23752648200&gclid=EAIaIQobChMIi6-ez6TxkwMVzE_DBh0M7h52EAEYASAAEgL6zPD_BwE,yes,,,,
904,https://adclick.g.doubleclick.net/aclk?sa=l&ai=CsUaJuEHgaaXcGubvjeYP2bSymAjirMaRhQGzudf6pBW_6KK9wAEQASC5-YwpYMfV_42EJqABnp-P5UDIAQngAgCoAwHIAwqqBLcCT9DPgh_Tlp4aHiODofl_3mcq0j5xnrUcZPCxomYO34KqC90g71of-4XtR_q8IOayG2zJp1XWOXlXLikvsWcn2nsBCjxqE1ZNaAeSSxX4Z9cxD_DK7gMI3aigS5LI13bvAjn87cMVbDY89y2JyKnu02E--XKut74U6O7zYbmQP7A-GNmiC9odRtxM4e3FJR9EpTmydJaj2UK0dq2H-3NVXbgvAhMTvhLoBPDDtSPgQ49ZnBVkweJAK9_qS5A5fLyXW_mXPUf8M8l-Q9K79Ty9wwdPcTTrqCNq4HZoQZ0iA1H1Agg4spTqlEU_1plR3kysD6-YRmt4BYKylTkiu2BzAGbXQae6NpXUvqsMJdBBZAOEFsmfpBpnhpRSTmFD1qz9rnzWPDXXj9gjCcBD7X0gbzwpHUXFLebABL21t9nMBeAEAYgF5Iyl1VegBi6AB57X38QbqAenzLECqAemvhuoB8zOsQKoB_PRG6gHltgbqAeqm7ECqAeOzhuoB5PYG6gH8OAbqAfulrECqAf-nrECqAevvrECqAea4bECqAfVyRuoB9m2sQKoB5oGqAf_nrECqAffn7ECqAf4wrECqAf7wrEC2AcA0gguCIBhEAEYHTIIioKAgICAgAg6DYBAgMCAgICAqIACqANIvf3BOljm47KWovGTA7EJtg-XY5wULj2ACgOYCwHICwGADAGqDQJaQcgNAeINEwiFhLOWovGTAxXmd8MGHVmaDIPqDRMI9P-zlqLxkwMV5nfDBh1ZmgyD8A0CiA7___________8BuBPkA9gTDYgUAdAVAcoWAgoA-BYBgBcBshcQGAEqCjM0MTQzODM4NDdQBroXAjgBqhgXCQAAAADANABBEgozNDE0MzgzODQ3GAGyGAkSAoBPGC4iAQDQGAHoGAHCGQIIAQ&ae=1&gclid=EAIaIQobChMIpZjClqLxkwMV5nfDBh1ZmgyDEAEYASAAEgIwcvD_BwE&num=1&cid=CAQS0QEABaugfUb0U9S2jKBAj9isHMrKa2a89J_4LT-kXkoO5LyG7DEvTJwZuH1hcTQ0avqOiKtyfBnUGL1z5qtySYp3VZ-fwiygbxerjNGOtm6iNx1rY74BJBXidHabFcUZ00GViXsXXrh-_dxyjTTPknsT-Rxqkka5xymYcEUQJ8VD8HMF3tkjis0Rv7j_FVPlgC0UkxXymznp5JF3YgeB0p4XLjuSM4rlieADwAl1n0qLKFwQnGjC668FvCftiAMagqBH0KCRwXFDGFPt8mRqYevOsxgB&sig=AOD64_1lRUQpxIlni30tn19OQMS1ud1SRQ&client=ca-pub-5539691492742074&rf=4&nb=9&adurl=https://metaprompt.com%3Futm_term%3D%26utm_campaign%3DWebsite%2Btraffic-Display-%2Bmetaprompt%26utm_source%3Dadwords%26utm_medium%3Dppc%26hsa_acc%3D4171940543%26hsa_cam%3D23532750436%26hsa_grp%3D192387340989%26hsa_ad%3D795772250871%26hsa_src%3Dd%26hsa_tgt%3D%26hsa_kw%3D%26hsa_mt%3D%26hsa_net%3Dadwords%26hsa_ver%3D3%26gad_source%3D5%26gad_campaignid%3D23532750436%26gclid%3DEAIaIQobChMIpZjClqLxkwMV5nfDBh1ZmgyDEAEYASAAEgIwcvD_BwE,https://metaprompt.com/?utm_term=&utm_campaign=Website+traffic-Display-+metaprompt&utm_source=adwords&utm_medium=ppc&hsa_acc=4171940543&hsa_cam=23532750436&hsa_grp=192387340989&hsa_ad=795772250871&hsa_src=d&hsa_tgt=&hsa_kw=&hsa_mt=&hsa_net=adwords&hsa_ver=3&gad_source=5&gad_campaignid=23532750436&gclid=EAIaIQobChMIpZjClqLxkwMV5nfDBh1ZmgyDEAEYASAAEgIwcvD_BwE,,,,,
929,https://www.googleadservices.com/pagead/aclk?sa=L&ai=C0ryItUrgae-bIOSXjeYPtondgAWejIaEhgG1lI6FshWwkB8QASDo5LYTYMfV_42EJqABifrb3ijIAQLgAgCoAwHIAwiqBK4CT9AHWLdI7bLDHSiNlOfJz1aXK98OasfALoTSI10s0vKVRCcNovi4DE5iE7tTJ8wgb-4760XU0joCDQm1R16S1BcIKpFbOYm3WrKwMHKQWIF3f6SLbD3UPhd6PYWpN0mQgdM6fwHYxHMphicLDGDW953xZvlraouznNfi21FzT-rHOt701K70rMmiGO8H2kQAW-6nDZHiyv9IcQydQiAaiji8FobDLEWeXORnTqL7gIt2fKciaNYLIpxOJK8RS5ykBD6hlEIYCBBzC7oj_dSvLXxwHn1NYghbrouOtCy8pHgRVKgM_rsWXbB6pqKR4Mz7BJdv5NYCX18SOsvNDZsCG_QIyoB1lJU6pq7UaNAZfir97llIZ26iRKG0wnvSGdBg9AQ_wG6ylZIuOeZVFRXABJ2w4KbJBeAEAYgF1teFnFigBgKAB4myrL4DqAenzLECqAemvhuoB8zOsQKoB_PRG6gHltgbqAeqm7ECqAeOzhuoB5PYG6gH8OAbqAfulrECqAf-nrECqAevvrECqAea4bECqAfVyRuoB9m2sQKoB5oGqAf_nrECqAffn7ECqAf4wrECqAf7wrEC2AcB0ggvCIBhEAEYnQEyCIqCgICAgIAIOg2AQIDAgICAgKiAAqgDSL39wTpYgN3f36rxkwOxCX3vRYfo2Nl3gAoDmAsByAsBqg0CWkHIDQHiDRMIl4Hg36rxkwMV5EvDBh22RBdQ6g0TCNqb4d-q8ZMDFeRLwwYdtkQXUPANAogO____________AdgTDdAVAcoWAgoA-BYBgBcBshcQGAEqCjcyNjk1MTA0NzRQBroXAjgBqhgXCQAAAADSliBBEgo3MjY5NTEwNDc0GAGyGAkSAsBPGAIiAQDQGAHCGQIIAQ&ae=1&gclid=EAIaIQobChMIr8rh36rxkwMV5EvDBh22RBdQEAEYASAAEgLgmvD_BwE&num=1&cid=CAQS4gEABaugffSB-OJx4nWhXY_GoP4sZz4XfUU6Dd8Jr2D1RfY9n-2A0UY_4Pq0hOohqCjGXcNDc8fGb1xUY8BCbX88NId7qlplsys5vbOESoOhxXoy4QuwWdvA2BCdKX30e-qmXqdtO71CCxKeEzqYmr6w0nrMqJQgfRozu5xc12_6f5U_crplMutqyZeOnVUdk_c7pn3ytDL5w3uwAmfaWEPxloVyoQ5_rq2tLorOdjxu0iA88gyJES0sXZOD86pY5YxIeGSFtv0_tUmilk3HeSJm6WR4FsuGGG_5MaAVJrV2e-JFGAE&sig=AOD64_1DEAX7oesADbnWXaoh6wtT1CHHUA&client=ca-pub-9922974912311690&rf=5&nx=CLICK_X&ny=CLICK_Y&uap=UACH(platform)&uapv=UACH(platformVersion)&uaa=UACH(architecture)&uam=UACH(model)&uafv=UACH(uaFullVersion)&uab=UACH(bitness)&uaw=UACH(wow64)&uafvl=UACH(fullVersionList)&nb=2&adurl=https://companygear.carhartt.com/mro%3Fcid%3Ddis_CCG_US_go_SP26trd-mro_aw_tds_brnd__non_bnr_na_na_A1046__20260316%26utm_source%3DGoogle%26utm_medium%3DDisplay%26utm_campaign%3Ddis_CCG_US_go_SP26trd-mro_aw_tds_brnd__non_bnr_na_na_A1046__20260316%26gad_source%3D5%26gad_campaignid%3D23681133526%26gclid%3DEAIaIQobChMIr8rh36rxkwMV5EvDBh22RBdQEAEYASAAEgLgmvD_BwE,https://companygear.carhartt.com/mro?cid=dis_CCG_US_go_SP26trd-mro_aw_tds_brnd__non_bnr_na_na_A1046__20260316&utm_source=Google&utm_medium=Display&utm_campaign=dis_CCG_US_go_SP26trd-mro_aw_tds_brnd__non_bnr_na_na_A1046__20260316&gad_source=5&gad_campaignid=23681133526&gclid=EAIaIQobChMIr8rh36rxkwMV5EvDBh22RBdQEAEYASAAEgLgmvD_BwE,yes,,,,
913,https://www.googleadservices.com/pagead/aclk?sa=L&ai=CBYhEzD7gaZWnOJaGjeYPuf3t2Arb5O7ChgHo-KeeqRW_3s7T2zIQASD84akZYMfV_42EJqAB3vLU9T_IAQmpAnygQhZM_0Y-4AIAqAMByAMKqgTKAk_Q76eM9Mgha4-y2HTxUCKwUbJIGrT6kZs1PT6Cj2u56v54ikKFFxWJK3cjPCrWbZRd4vkys3IOSF01R05H_6kv04SZTFtgnTV-U9UhQrm-ZiLCZY5DyMUm7kan5wdvVziWF_CLnfMfQWu4DaNRnazZnotJ6AilVZo7N8ItWWnkxauZvduUL_H-bgDNlBWnch4CKU-5HOSASgmGliBlJdY4_CbWlkpVp7-kGli2179MaZl6a_jaAsuXqNtVcCM7_m6uSI8U0PFXZ-gLrMDT5jnZF_7uslUmL9wJbezNoOcYYXWXgiE36DdAntjkMOsmOPydePH-pYenTXl_7bu40EwXnIbIZaUtkpfV6hPV0jLuWmd1TqN45pxk8HYhndPnUvQPktyopi1-pNTYg8V92V8GKuf-82DIznZAG5G49HZNtYkDRUkElAQYUcAE1ta9u8YF4AQBiAW38cG9V6AGLoAH3qql1RqoB6fMsQKoB-LYsQKoB6a-G6gHzM6xAqgH89EbqAeW2BuoB6qbsQKoB47OG6gHk9gbqAfw4BuoB-6WsQKoB_6esQKoB6--sQKoB5rhsQKoB9XJG6gH2baxAqgHmgaoB_-esQKoB9-fsQKoB_jCsQKoB_vCsQLYBwDSCC8IgGEQARidATIIioKAgICAgAg6DYBAgMCAgICAqIACqANIvf3BOljw5Nexn_GTA7EJ4HPw3Kyz2HyACgGYCwHICwGADAGiDAOQAQGqDQJaQcgNAeINEwjehtixn_GTAxUWQ8MGHbl-G6vqDRMIiY7ZsZ_xkwMVFkPDBh25fhur8A0CiA7___________8BsA6Z-YjpGLgT5APYEwzQFQGYFgHKFgIKAPgWAYAXAbIXEBgBKgo4OTk3NDk4OTQzUAa6FwI4AaoYFwkAAAAAWFkBQRIKODk5NzQ5ODk0MxgBshgJEgLvThguIgEA0BgBwhkCCAE&ae=1&gclid=EAIaIQobChMIlb2Jsp_xkwMVFkPDBh25fhurEAEYASAAEgJ7evD_BwE&num=1&cid=CAQS0QEABaugfdE7jy15cnX6Vn7WwDaJrULr5kxyBqmWNYy2MzNvgb9eN725QBd8UVjt8XK0ewz3LD79TJhSC7kFksMuvfVOnkjy54Yd01Vu8C4MDc9HMXxCA82fQ6ViU7VOGXGbSaUqE0VgTW1ZBxp5Y7ZjJMqbbhh3ZAke0mrRYbf5WSimPWkx-GEotMv6vrJuDCNLZbvONJbE8mNWLPprsDxdw_uMUx9IxFA_hVJDCPvQzKVcHLCRQ688QyiZwvujAXtzbpCkpyrTlMo4U4IxlHeRzxgB&sig=AOD64_1qs_n_7Rplli-fGjApzPlV_GH4TA&client=ca-pub-7694956726795277&rf=4&nb=9&adurl=https://groww.in/mutual-funds/aditya-birla-sun-life-gold-fund-direct-growth%3Futm_source%3DGoogle%26utm_medium%3DCpc%26utm_campaign%3DAB01_Pmax%26gad_source%3D5%26gad_campaignid%3D23482890423%26gclid%3DEAIaIQobChMIlb2Jsp_xkwMVFkPDBh25fhurEAEYASAAEgJ7evD_BwE,https://groww.in/mutual-funds/aditya-birla-sun-life-gold-fund-direct-growth?utm_source=Google&utm_medium=Cpc&utm_campaign=AB01_Pmax&gad_source=5&gad_campaignid=23482890423&gclid=EAIaIQobChMIlb2Jsp_xkwMVFkPDBh25fhurEAEYASAAEgJ7evD_BwE,,,,,
1223,https://googleads.g.doubleclick.net/aclk?sa=l&ai=C_N2d4M_eadHFM5qJ3NMPsKvB4QzrsYP6hQHU_aWzrRW_4R4QASCHj4skYKWAgICcAaAB_erGpCrIAQKpAoHmgMOcyrM-4AIAqAMByAMIqgTHAk_QRn7GWYGSc8AYThp6iqmsrJApSGUOlS9If58PK3yuWMBuVnbweXkY-4BmSDuFPBXWJYrKW7yQ-VAHSUHMQtNYgZKQs0WIglAAoX8BD4q0TiJZJBXsPXHWO9FD5-__BMICShBmXMIwep7___mYjPzuD2YpYpsqfUNWHkMAQZng7wJnVb9I1wK8x6gleJC5QtwNMgLxeUejK40266BmLsKHBUv0aIW_IQnajQY4vkRnoxD4ureP0gUDlOPc4E8sP_WTl6v21bxjamq5AFy05hL0XBs680jNv1wxKaYBOGLMFf7xWAw5qhnIL2YbG_tyAbeD2LCunOHruD_ljcmig_9pvX-w0p_fZ22su3dPLyXnF0ph0FfK-87G-Ggqg6naV4oQLPEmY47Gt_1vy1NQDmHd_ao4uNRLfpWo5HdTWaU3eAaONpPSrMAEvtbP2ssF4AQBiAWPw67qV6AGAoAH_aKXhAWoB6fMsQKoB6a-G6gHzM6xAqgH89EbqAeW2BuoB6qbsQKoB47OG6gHk9gbqAfw4BuoB-6WsQKoB_6esQKoB6--sQKoB5rhsQKoB9XJG6gH2baxAqgHmgaoB_-esQKoB9-fsQKoB_jCsQKoB_vCsQLYBwHSCDIIkeGAUBABGJ0BMgiri4CAoICACjoOgIABgICAgICUruADqAdIvf3BOliu1-G7we6TA7EJ35ZxMvRH5PeACgOYCwHICwGqDQJBVcgNAeINEwiL_OG7we6TAxWaBHcEHbBVMMzqDRMIg5Liu8HukwMVmgR3BB2wVTDM8A0CiA7___________8B2BMM0BUByhYCCgD4FgGAFwGyFxAYASoKMjE1NzM3MDgyMlAGuhcCOAGqGBcJAAAAAOBP9EASCjIxNTczNzA4MjIYAbIYCRICi08YAiIBANAYAegYAcIZAggB&ae=1&gclid=EAIaIQobChMI0bXiu8HukwMVmgR3BB2wVTDMEAEYASAAEgJo9_D_BwE&num=1&sig=AOD64_15JLejevR_LTpylrNYfNIJcOIQZA&client=ca-pub-3428031914463355&rf=5&nx=CLICK_X&ny=CLICK_Y&uap=UACH(platform)&uapv=UACH(platformVersion)&uaa=UACH(architecture)&uam=UACH(model)&uafv=UACH(uaFullVersion)&uab=UACH(bitness)&uaw=UACH(wow64)&uafvl=UACH(fullVersionList)&nb=2&adurl=https://quiz.fitflow.ai/chair-yoga-bp%3Futm_source%3Dgoogle%26utm_medium%3Ddisplay%26utm_campaign%3D23576945039%26utm_content%3D804665241996%26utm_term%3Dwww.sondakika.com%26utm_adgroup%3D192121400126%26campname%3Dchair_yoga%26platform%3Ddisplay%26gad_source%3D5%26gad_campaignid%3D23576945039%26gclid%3DEAIaIQobChMI0bXiu8HukwMVmgR3BB2wVTDMEAEYASAAEgJo9_D_BwE,https://quiz.fitflow.ai/chair-yoga-bp?utm_source=google&utm_medium=display&utm_campaign=23576945039&utm_content=804665241996&utm_term=www.sondakika.com&utm_adgroup=192121400126&campname=chair_yoga&platform=display&gad_source=5&gad_campaignid=23576945039&gclid=EAIaIQobChMI0bXiu8HukwMVmgR3BB2wVTDMEAEYASAAEgJo9_D_BwE,,,,,
1141,https://adclick.g.doubleclick.net/aclk?sa=l&ai=CqUlfNx7faYzOCpuPjeYPy_y0-Ay1-pfAhgGpn8PKrBWhpvjz0B0QASC744ckYJXikIKgB6AB8sDSnAPIAQmpAoHmgMOcyrM-4AIAqAMByAPLBKoE7gJP0HsoSGO-1Il1Z2XpReRiJp8Wu18eLOhTL2wIuWfMvTvT-KQ-c3hDyDhEibZGIpWab20gUsRkrGfC9A7nSvzCTF4ur8NDZqrEmu5Yp9C1dLU0Vjk1sHYo-T8DSUwpKOSh3dNJdpb4mP091RQu1EtmAFvMV98Uj50olu1NU8GC-SpUfn7uUW-zL6tPPgIGZGkMPaNLEn4B3D8cmkVNmBMSrTkKtob2M4-U-ERlssNPKdHEeUllTb-gmuh0LcuQ3DcoEzl1_NzXP21pLNgvegIkVKcqTJ9BQDU99QylmbMGOinSwnt-X9_mHZOzx3jMOf7Yya7UPyFJMWingsmhUVXxXKibhj_oD-3OWB-8LtDn80vmwVkUt2WuolcwiEyoyrFmCTDrXl4x3YzWm-35otPErn1TZoDELFLvCopqY95AKenyzfQaxqGpvZ0sjiE-gBeYeIejgC-R7kzFkzLEkHu2QFGk0gcUIdKQy3NLauXABMLU_eqVBeAEAYgF7qSa0FOgBi6AB4ODpGSoB6fMsQKoB6a-G6gHzM6xAqgH89EbqAeW2BuoB6qbsQKoB47OG6gHk9gbqAfw4BuoB-6WsQKoB_6esQKoB6--sQKoB5rhsQKoB9XJG6gH2baxAqgHmgaoB_-esQKoB9-fsQKoB_jCsQKoB_vCsQLYBwDSCDIIkeGAUBABGJ0BMgiri4CAoICACzoOgIABgICAgICUqIgCqANIvf3BOli46bOWjO-TA7EJphRVYCFlHdOACgOYCwHICwGADAGYDK_-obGSBaoNAkRFyA0B4g0TCJuytJaM75MDFZtHwwYdSz4Nz-oNEwiG1rSWjO-TAxWbR8MGHUs-Dc_wDQKIDv___________wGwDsHC_bsYuBODBNgTDtAVAcoWAgoA-BYBgBcBshcQGAEqCjc0NTE3ODk5MDBQBroXAjgBqhgXCQAAAADg5uhAEgo3NDUxNzg5OTAwGAGyGAkSArtPGC4iAQDQGAHCGQIIAQ&ae=1&gclid=EAIaIQobChMIzMW1lozvkwMVm0fDBh1LPg3PEAEYASAAEgLSAPD_BwE&num=1&sig=AOD64_2oAgnsluZWa_wa6WcJJdppvpz3hQ&client=ca-pub-1301581561755234&rf=1&nb=12&adurl=https://niessing.com/de-DE/mothersday%3Fgad_source%3D5%26gad_campaignid%3D22448345710%26gclid%3DEAIaIQobChMIzMW1lozvkwMVm0fDBh1LPg3PEAEYASAAEgLSAPD_BwE,https://niessing.com/de-DE/mothersday?gad_source=5&gad_campaignid=22448345710&gclid=,no,no,no,no,no
1199,https://www.googleadservices.com/pagead/aclk?sa=L&ai=CxChqT1zgaavQNfyXjeYPnKb1iAm8vJLDhgGBxbD7phWkiIWeCxABIKDlgiRgx9X_jYQmoAHdyYjvQsgBAuACAKgDAcgDCKoEvgJP0Gdyn8NtAuUJiKZKdsuYNCv-b-YCKIz2sPd1tGfwpwD3VCvQx9MNh9kyLtC9pc8HAc4UB45cKaVbfcP6h8ssZ8PGx0wyIwiPjuU9d4Nnq2QnhDyPIvE-oom3mln1D_qpEKpimJ-j4TE8CvKXWPFiYcn98QiZEDdZ8wGUV8R_EwvS0HvCLqvZF0HGLIKP6wJoTV17FMCZXzGQ0j__tiqNvgGocE9okuFkLabpXfGeNV46xzHRi3zVUUETKiUSYXdRO2ICychqw02259SnBmNb_eMSI5PPRu4eSEShYmKEVsisHOfdT7g2Vbr7I6AS0Gdde6qXOmGUzGPFa8qGuATF6OWZhmfSD351y48PRCAzQaQzFM4CNSqybs3IHXDTR_kCjsfm4ni-z7N11mMXR_2HTcMWx0zShyqR7hIcS_XABJOi6ejrBeAEAYgFodHmr1igBgKAB92B2c4dqAenzLECqAfi2LECqAemvhuoB8zOsQKoB_PRG6gHltgbqAeqm7ECqAeOzhuoB5PYG6gH8OAbqAfulrECqAf-nrECqAevvrECqAea4bECqAfVyRuoB9m2sQKoB5oGqAf_nrECqAffn7ECqAf4wrECqAf7wrEC2AcB0ggvCIBhEAEYnQEyCIqCgICAgIAIOg2AQIDAgICAgKiAAqgDSL39wTpYu-DCxLvxkwOxCa3XLRrZI2hWgAoDmAsByAsBogwDkAEBqg0CWkHIDQHiDRMIpY7DxLvxkwMV_EvDBh0cUx2R6g0TCNTkxMS78ZMDFfxLwwYdHFMdkfANAogO____________AdgTDNAVAZgWAcoWAgoA-BYBgBcBshcQGAEqCjk1OTc0MjU0OTRQBroXAjgBqhgXCQAAAABQEAhBEgo5NTk3NDI1NDk0GAGyGAkSAsFcGAIiAQDQGAHCGQIIAQ&ae=1&gclid=EAIaIQobChMI67PHxLvxkwMV_EvDBh0cUx2REAEYASAAEgIwffD_BwE&num=1&cid=CAQS0AEABaugfRQ7z8mLKgozi5rhDeZnWEBC-ESDnnfQkwmvZd1wzA_ZgKgmVdJEB_kryeuK2jLTaI63Xb_vSrJ_TkAcTg_vRp2ube9waqVOBwfbIvzk0eHYlOANwmsyvJmQO5b8tpLRIQd6jRymGG04Ws2XOq9dbkOuLxsjaM-c7sde55yci5V-CuNA58yCg_P_hBtFcfPXm0X-DtQzF3k_oIT2xKWcvzp3B4T3YBJAKhHVSEu2kJdKZlvVC6y1fBDLvyc0tzrWHnPp81T5i45oKXDgGAE&sig=AOD64_1xQYJtS0NhTlzCL_fn_L-FnkjzbA&client=ca-pub-2970406823702922&rf=5&nx=CLICK_X&ny=CLICK_Y&uap=UACH(platform)&uapv=UACH(platformVersion)&uaa=UACH(architecture)&uam=UACH(model)&uafv=UACH(uaFullVersion)&uab=UACH(bitness)&uaw=UACH(wow64)&uafvl=UACH(fullVersionList)&nb=2&adurl=https://lp.nomadstitch.com/cw/cow-long-chat-loans-za/%3Fendpoint%3Dln%26country%3DZA%26locale%3Den_ZA%26keyword%3Dbad%2Bcredit%2Bloan%26utm_source%3Dadwords%26utm_medium%3Dwww.sozcu.com.tr%26utm_term%3D%26utm_content%3D200741114131%26utm_campaign%3D23722567841%26gad_source%3D5%26gad_campaignid%3D23722567841%26gclid%3DEAIaIQobChMI67PHxLvxkwMV_EvDBh0cUx2REAEYASAAEgIwffD_BwE,https://lp.nomadstitch.com/cw/cow-long-chat-loans-za/?endpoint=ln&country=ZA&locale=en_ZA&keyword=bad+credit+loan&utm_source=adwords&utm_medium=www.sozcu.com.tr&utm_term=&utm_content=200741114131&utm_campaign=23722567841&gad_source=5&gad_campaignid=23722567841&gclid=EAIaIQobChMI67PHxLvxkwMV_EvDBh0cUx2REAEYASAAEgIwffD_BwE,,,,,
886,https://adclick.g.doubleclick.net/aclk?sa=l&ai=C0o7wG-veaZeeM8aWgeAP2bbKgAmq8dK-hgGD0dPMqhDprfWUuAIQASDApasjYIkDoAGmlPbEA8gBCeACAKgDAcgDCqoE2wNP0FWQeT0iIoH4geN-gcBkj5rz3wtviTat6ntp2pOr-XOLbyGRreAaT4-WClhl1_MaFVHGC9gs0ub45S7EY5xndn_zB7C-3gIum9ZZC-ZCa6uRl2NP_8dUHcOlgBpRgH8Dv0xRX35LCULA8uvdDURNeVdHJoiI1fKT-UGf8Pe1HG3P15mFFb2SoLgHayrY36Nk9iwxVgfz7XS3MwfLC25ZMTEPsZldN5a2X2QAavAZWsIJLUIzgrWbj8DGdjgcBWw7-aF4ldIFlVeiECWQGW-PAJUrOGVxVtz63ZjZJkEGC8dM6SueRn1IzxSHxMqlMSr8QHqcW-4N5WHMUv3XVEuf9N8g7LvTopp-__r6yDPB8Zt6rz3TxYrPs_oLUTVbYZLrdgTBp047EimOwUY7JiXjp9rMaLVsWc8nWSjEY6qRfis-HxJiNzhyxrDzJLj65_qm7bQTs58A0eGRKEATQraRL8ozu1lAiLi4s4aFa_hy88CmpZ5q_hU054AkfnMHOyxV0utijI3IXHtBVEGWu7g4JQAGFop6M4XtB73CBvDk8tfk35aB9JlwhyoEj1FHLhpwb_gm96WCrp7xd2Kc4Lwps1t8bGiR_XdBfsef5IDL6za4VSoE2B1IxWwVwAT63uaAjgTgBAGIBdHP3pNDoAYugAfC64k7qAenzLECqAemvhuoB8zOsQKoB_PRG6gHltgbqAeqm7ECqAeOzhuoB5PYG6gH8OAbqAfulrECqAf-nrECqAevvrECqAea4bECqAfVyRuoB9m2sQKoB5oGqAf_nrECqAffn7ECqAf4wrECqAf7wrEC2AcA0gguCIBhEAEYHTIIioKAgICAgAg6DYBAgMCAgICAqIACqANIvf3BOliZ2eO32-6TA7EJJcSXOdWvECGACgOYCwHICwGADAGqDQJKUMgNAeINEwicjOS32-6TAxVGSwAGHVmbEpDqDRMIkc3lt9vukwMVRksABh1ZmxKQ8A0CiA7___________8B2BMDiBQF0BUByhYCCgD4FgGAFwGyFxAYASoKMTU5ODc2MTQxOFAGuhcCOAGqGBcJAAAAAEZRJEESCjE1OTg3NjE0MTgYAbIYCRICi08YLiIBANAYAcIZAggB&ae=1&gclid=EAIaIQobChMI15fmt9vukwMVRksABh1ZmxKQEAEYASAAEgInIfD_BwE&num=1&cid=CAQS0QEABaugfbXQne_9EwrgE-64ImoZmqBM-pfM2VKLE2GBkA51ILDaTXlA6gzNZWnssUJUV1QgonokuaZuxk9vNi_774w7Dpnrug1HQMPWD4brXKw6TVaEq2vEKU1bxlqx_c-GLt6nS8RgNUQCAM3KDaOOy6tUWCkCqmZcdm351SFuqhiAGCVkWJ3x5IHGKf_vU-9TTrd79enLS1Fidl3ugTvpU4QL0G2xSUtrlbBLIhmUoq8DrGIWjYT8jRbOhuUQIB3B3SE4bCg2OZnflDWWwop-5RgB&sig=AOD64_11tI3oQn0k68Vi46azz2iXVOYIKA&client=ca-pub-5227748429508049&rf=4&nb=9&adurl=https://peopleinccontentlicensing.com/%3Fgad_source%3D5%26gad_campaignid%3D18026571729%26gclid%3DEAIaIQobChMI15fmt9vukwMVRksABh1ZmxKQEAEYASAAEgInIfD_BwE,https://peopleinccontentlicensing.com/?gad_source=5&gad_campaignid=18026571729&gclid=EAIaIQobChMI15fmt9vukwMVRksABh1ZmxKQEAEYASAAEgInIfD_BwE,,,,,
1037,https://www.googleadservices.com/pagead/aclk?sa=L&ai=CVe66Zk3gaezwH7OwgeAP75W_sA70zNnchQGK9My2wBPer4T3w0UQASDa18U5YMfV_42EJqABl4OwtyrIAQngAgCoAwHIAwqqBMUCT9CkPvqBH_7d26jkEghIozBDNI5dOTplrz5ufYMaOHlpea3gp5VpCodpB7Gdptyj0eYXOvRBHXCYAJlD-5G2Louz5WlG8ST-MOyz7zWrNplrCQh93wOSU9mN1jBBl-ssMOJF5aXs4KHyDRVYW5Ah2muUd6armPIMAjg9BuSnspngYH2WE3SF99eTaED68xTVCEfgzKD4fj9kUPyvEARo-qz8d0fEensNCG_rIFDgJLdRZo0ZfoiQD1YMec6kTYDeJ8GhZV2hZd3JxaDp5QlHMp6Laxay6CwMs9YH6a2mM8kg4ILxQVVL7kgIaWXRtRIzYHCWM0MEuIvOW6Ip0cSIgcU5pySoCYLKIlxcECZ72cIxPemDveN0PE18ilrA9PV_Cfq2DvXCirZ108mZqTge71zc7HnB9cm5zQhWMyUyPhIG_wLtZ8AEoNiauZgF4AQBiAXx0LiYUqAGLoAHl7uAlwWoB6fMsQKoB-LYsQKoB6a-G6gHzM6xAqgH89EbqAeW2BuoB6qbsQKoB47OG6gHk9gbqAfw4BuoB-6WsQKoB_6esQKoB6--sQKoB5rhsQKoB9XJG6gH2baxAqgHmgaoB_-esQKoB9-fsQKoB_jCsQKoB_vCsQLYBwDSCC4IgGEQARgdMgiKgoCAgICACDoNgECAwICAgICogAKoA0i9_cE6WM33pKit8ZMD8ggbYWR4LXN1YnN5bi0xNjE0OTEzNTk4ODc1NDk2sQmEESESuu71y4AKA5gLAcgLAYAMAaIMA5ABAaoNAlpByA0B4g0TCLuUpait8ZMDFTNYAAYd78oP5uoNEwjIiaaorfGTAxUzWAAGHe_KD-bwDQKIDv___________wHYEw6IFAnQFQGYFgHKFgIKAPgWAYAXAbIXEBgBKgo4NDY2MTU2MzU0UAa6FwI4AaoYFwkAAAAA6FwBQRIKODQ2NjE1NjM1NBgBshgJEgLATxguIgEA0BgBwhkCCAE&ae=1&gclid=EAIaIQobChMI7LumqK3xkwMVM1gABh3vyg_mEAEYASAAEgKfJPD_BwE&num=1&cid=CAQS4wEABaugfeSLgF8Iv3I7Ejc1M06GGs15FJT-8z3P44dSSUk81BvtqO7KcvzndxWggKKU4DAGjIh52DldjBK6Kf4EWhhmbbB5Ahpq5JaTHHe2yNHONITm7OIgLoJfzGoWtm9ztXpDdTVQbZpRzsbno2l8cTDzFvAVWzy4BrgKZg8jrutrNfAGB4gJkB_LXE32UjF__pAKWBvmBYJW1M8SPZU3grJhp-UDF-3Y7Au4U_MLgoQ5J8-XPFQrjSFy7m-3wkUzfbR-1ugcwJz-QoJgA7Ev56YY6sBF3fbOpozbxMv4zL7x3BgB&sig=AOD64_2VwCnKosa2-VV4ATKSoWTYxVn88A&client=ca-pub-3605257360853185&rf=4&nb=9&adurl=https://www.waycaps.com%3Fgad_source%3D5%26gad_campaignid%3D22062966897%26gclid%3DEAIaIQobChMI7LumqK3xkwMVM1gABh3vyg_mEAEYASAAEgKfJPD_BwE,https://waycaps.com/?gad_source=5&gad_campaignid=22062966897&gclid=EAIaIQobChMI7LumqK3xkwMVM1gABh3vyg_mEAEYASAAEgKfJPD_BwE,,,,,
920,https://www.googleadservices.com/pagead/aclk?sa=L&ai=Co7iEJlDgaeKaBqzwjeYPvPiy-AiR94a7hgH50J3BjBWhpvjz0B0QASCtsJEjYMfV_42EJqABxrOuowPIAQapAunJ73FDZ3A-4AIAqAMByAPDBKoEvwJP0Ck7i0gIjWBcGFWMPJ9w7TwmhgnvPNt5kJdmNw9tJmHAVsKhT_abS8LH97QZyIysPAzBDYwO8j7zGqTtNsqJYt4I-Lsk1ko0d6TTn2jkJRuyZhE68OTiQoD71Ij2VdooGvQ1bhA00P00bOjmDqTQqJVBJkj65Xn2hlbaXrcDSi2BsZgmgtb1tn20NbmNZ9i6J3-STSgmCUt3uMW9Yw__NxRTnJq7NW5Ofl5uFGxUz3ObEjJyMuKbqolh8w9LrCvrvjKMyk6ZEkvLUlDQDlDtaFB7T2nyJpk7CPZSD-RjAdQBr7Vle6tbl0kDHx5mJ9YHl8dHYfivoSTLXvkQEf4anJxkgbjC4TR5tpQoPm26rpb0Fqxfzt7-CMnx8pDjjlLd3hM2HtD46D9oydMG2YApE_5X4BEp2pM6ISmeB6C3wATno5n12QXgBAGIBZ7fpL1SwAUF-gUGCCUQARgAoAY3gAeizNFcqAenzLECqAfi2LECqAemvhuoB8zOsQKoB_PRG6gHltgbqAeqm7ECqAeOzhuoB5PYG6gH8OAbqAfulrECqAf-nrECqAevvrECqAea4bECqAfZtrECqAeaBqgH_56xAqgH35-xAqgH-MKxAqgH4tixAqgH4tixAqgH4tixAqgH4tixAqgH4tixAqgH4tixAqgH4tixAtgHAcAIAdIILgiAYRABGB0yCIqCgICAgIAIOg2AQIDAgICAgKiAAqgDSL39wTpYj8Dj96_xkwOACgOQCwOYCwHICwGiDAVIAZABAaoNAlpByA0B4g0TCM7u4_ev8ZMDFSx4wwYdPLwMj-oNEwj19uT3r_GTAxUseMMGHTy8DI_wDQKIDv___________wGwDvagmO0Y4BKspveWjZHShcIB2BMM0BUB8BXr37qRAvoVCVlPQ09fQ05UUpgWAcoWAgoA-BYBgBcBshcQGAEqCjIwODkwMzY3NjJQBroXAjgBqhgXCQAAAABcXBRBEgoyMDg5MDM2NzYyGAGyGAUYNyIBANAYAegYAcIZAggB&ae=1&gclid=EAIaIQobChMI4sXl96_xkwMVLHjDBh08vAyPEAEYASABEgKTyvD_BwE&num=1&cid=CAQS4gEABaugfffNqixxCg9SmG7Rx8tqGS-DsEI9dpZG6gt02pvqH5E7sjVqHvZNtd7LUr81o1lofG_ooILVIyCWHQ_o5KuzkkvCHn8V-aRICumVNEmo-8Gv7Sb1_OiqvPCk1ZS-R1AaIXdF3VZ2xLVA1rWVfC8gv-zlC2FceJchKD7EiX0WSCgY8j06K1l3Yq_QealXDY-cY0cKHVdSBq-AuaGYygU3SctHj-rRJ7feb7vKefqGmtb71KXJqqDwyrYyanU4mO2XDWqPx59MfVhwG90V6sEQXsY1ryEEl52_LQRKyAC1GAE&sig=AOD64_1NjF4aM6CuMTuZtA_BU4qYFk62Hg&ctype=5&client=ca-pub-9415735639897500&adurl=https://www.yoco.com/za/shop/yoco-counter/%3Futm_id%3D20069090079%26utm_source%3Dgoogle%26utm_medium%3Dpaidsearch%26utm_campaign%3Dbofu-bau-generic-counter-shoppingadfeed%26utm_content%3Dgoogleshopping%26utm_term%3Dpricing-image-producttile-v1-apr-26%26gad_source%3D5%26gad_campaignid%3D22140235678%26gclid%3DEAIaIQobChMI4sXl96_xkwMVLHjDBh08vAyPEAEYASABEgKTyvD_BwE,https://www.yoco.com/za/shop/yoco-counter/?utm_id=20069090079&utm_source=google&utm_medium=paidsearch&utm_campaign=bofu-bau-generic-counter-shoppingadfeed&utm_content=googleshopping&utm_term=pricing-image-producttile-v1-apr-26&gad_source=5&gad_campaignid=22140235678&gclid=EAIaIQobChMI4sXl96_xkwMVLHjDBh08vAyPEAEYASABEgKTyvD_BwE,,,,,
1113,https://googleads.g.doubleclick.net/aclk?sa=l&ai=CdsTdWuPeacvmCu-MjeYP5aq34Aydv_yHhgG-nKzDkhC_4R4QASDmtM-ZAWClgICAnAGgAdCoj-MDyAEBqQKBl5YqPemnPuACAKgDAcgDCqoE8gJP0Oq1Pi8uKE4b6o41WcOTHwJvAtLPtA5xojDnaOCSkzOszilT8RfNxm8L4CYUpZnm2jXplfs34vajg_qIPAPN5JQ_fBbP2Exjfsi55j7rO8ncNmKCiaGE6qgmrrjPl1fh2Pj02mbeJr9F271ka-ZHHBBxg6DAzI1bQInhkQAYMHU8cj2xrTylKmtrTkmXfhiIPIYRh2gKjgXT6ktEhsn-DXER7ZywhG4wX4qnJwt8NGRhNSw0JsDtKTi3ZwyECtoknJAoyGyIeDA_GTYBE-uMFAsSGHmLAYRcRCnNgIGaKtVIhtLcZzfa3Qvib3GSxvJUQOgTva2YLOnZoHSx2ZZRtrSfp-aJqcHN6y9hXO8rTiUsOorPGLkkrnWBz-fc6oAYXm-vuuqEiWkPl5hTNTlQq_zYddZpyXXQt-5BZJTHT6-c4S7AWZMZh1aGwkmp1xLPa0QRLGZ1B-eGE7SrRp3GZRfedx7QOP6hmMEliFnDxb0OwASoicL9vQHgBAGIBdm8qtIDoAYugAeY1_AcqAenzLECqAfi2LECqAemvhuoB8zOsQKoB_PRG6gHltgbqAeqm7ECqAeOzhuoB5PYG6gH8OAbqAfulrECqAf-nrECqAevvrECqAea4bECqAfVyRuoB9m2sQKoB5oGqAf_nrECqAffn7ECqAf4wrECqAf7wrEC2AcB0ggyCIHhgGAQARidATIIy4qAgICAgAo6DoCABIDAgICAgKiAAqgDSL39wTpY3-75hNTukwOxCe7rROSs5ygVgAoDmAsByAsBogwDkAEBqg0CQVXIDQHiDRMIiJL6hNTukwMVb0bDBh1l1Q3M6g0TCLKx-oTU7pMDFW9GwwYdZdUNzPANAogO____________AdgTAogUAtAVAZgWAcoWAgoA-BYBgBcBshcQGAEqCjUxMDM4Nzk0ODNQBroXAjgBqhgXCQAAAAC19TJBEgo1MTAzODc5NDgzGAGyGAkSAtxRGC4iAQDQGAHCGQIIAQ&ae=1&gclid=EAIaIQobChMIy_v6hNTukwMVb0bDBh1l1Q3MEAEYASAAEgLRCfD_BwE&num=1&sig=AOD64_3IfFg1vcPbu8Hws_8nXs2HYEV6AQ&client=ca-pub-3677668629134422&rf=4&nb=0&adurl=https://www.oscarwylee.com.au/3-pairs-from-249%3Futm_source%3Dgoogle%26utm_medium%3Dcpc%26gad_source%3D5%26gad_campaignid%3D977968729%26gclid%3DEAIaIQobChMIy_v6hNTukwMVb0bDBh1l1Q3MEAEYASAAEgLRCfD_BwE,https://www.oscarwylee.com.au/3-pairs-from-249?utm_source=google&utm_medium=cpc&gad_source=5&gad_campaignid=977968729&gclid=EAIaIQobChMIy_v6hNTukwMVb0bDBh1l1Q3MEAEYASAAEgLRCfD_BwE,,,,,
988,https://googleads.g.doubleclick.net/aclk?sa=l&ai=Culwue0LgadSaL4uJ3NMPo-mjsAecuMudhAGahbOEpBWfo-rqiw8QASCM95YmYMfV_42EJqABlNzC1kHIAQLgAgCoAwHIAwiqBLIDT9ARrBH2D0To9-scyUvNiqZeJLm5-l13T7yf83dcMdPbgt2pQbh0E3vEnDzYcdreJJx50acQSdJc0I2f9SNzS36eVl2IetpPeehYi_rD1vxp2DbgJ4qFm56KIQ2YwBCjm4TIDi0UuedxyA2zaxAOVA4PA4hoTwgf3VWijGKbHKPfhnB46ce6U2TJW5qXIRrmtlLJun5KnYS9gXRdsoz9CS1Rk9dzZAxnUq7xZrJkk8gqVt9Gux6Aq4T7l2qMItszzu-i8KunrIwLTuG5IjX95lHZ2NY-a3OWxBcOlbWJNgZVrwByq0Y6YW72hOh2xwy30bgwEEt1XFj63cmeoJx9pArqYo96J291Hrgocs0lBTLu8qUxIvcqUgZQ3iUtdZeq7Rw6mclW4PGz-9eVP-oe22tMEORGK6GGkhTm0WpnsteBLaFE-t1x4bPDSZhUyv9PprxosjK-tRMsQVUxLIb51qWILbK0qYxbqkYnahHskPNY_nZv-7-1pJm0S1u0QTea2siXcwzyyPz9tzNKuXf7p6QRgJRsU4zy4rFc6YNiSt-SUYav6C54HfQNsSoE8DKiun3ABNXh-oy6BeAEAYgFwbTLj1egBgKAB5SUk7YcqAenzLECqAfi2LECqAemvhuoB8zOsQKoB_PRG6gHltgbqAeqm7ECqAeOzhuoB5PYG6gH8OAbqAfulrECqAf-nrECqAevvrECqAea4bECqAfVyRuoB9m2sQKoB5oGqAf_nrECqAffn7ECqAf4wrECqAf7wrEC2AcB0gguCIBhEAEYHTIIioKAgICAgAg6DYBAgMCAgICAqIACqANIvf3BOliwiK_zovGTA7EJR2n9IlgjgsOACgOYCwHICwGiDAOQAQGqDQJaQcgNAeINEwjBqa_zovGTAxWLBHcEHaP0CHbqDRMI06aw86LxkwMViwR3BB2j9Ah28A0CiA7___________8B2BMN0BUBmBYByhYCCgD4FgGAFwGyFxAYASoKMTkwODc1NzM3OVAGuhcCOAGqGBcJAAAAANSKFkESCjE5MDg3NTczNzkYAbIYCRICmGkYAiIBANAYAcIZAggB&ae=1&gclid=EAIaIQobChMIlMTU86LxkwMViwR3BB2j9Ah2EAEYASAAEgJ_rvD_BwE&num=1&cid=CAQS0QEABaugfbPfcPEwv3hG5fETGcU0tZBW6hicpwrLrk3Y8eJutlrmDzsYm5aM_trxtlBxkpIGdFp8VluQ__7yQ-Pq9-kt44sM9jjUyAhJnIPfq9keB-YcEwOpC4Sho64aGVVSfNDiPZEwj3ZpoP39XmwYTajFp7LDheS93O7UIsZVGRgD6Rhvmo1DHobude_qk_yJ5SbylRg2TN3sHSohAYjn_wsOXVpwISPdKL8rjwSzP8TDwZSpojQGsXk8LhBOf4QqNSszm0nM5GAsI1ambtsLkBgB&sig=AOD64_2uiG1oFYcpVQxiQ7nlDqImmwnlaQ&client=ca-pub-6554330019384808&rf=5&nx=CLICK_X&ny=CLICK_Y&uap=UACH(platform)&uapv=UACH(platformVersion)&uaa=UACH(architecture)&uam=UACH(model)&uafv=UACH(uaFullVersion)&uab=UACH(bitness)&uaw=UACH(wow64)&uafvl=UACH(fullVersionList)&nb=2&adurl=https://elliottequip.com/industries/utilities-electrical-contracting/%3Futm_term%3D%26utm_campaign%3DGeneral-Retargeting-Display%26utm_source%3Dadwords%26utm_medium%3Dppc%26hsa_acc%3D1335649419%26hsa_cam%3D23386577473%26hsa_grp%3D187395125461%26hsa_ad%3D789201566579%26hsa_src%3Dd%26hsa_tgt%3D%26hsa_kw%3D%26hsa_mt%3D%26hsa_net%3Dadwords%26hsa_ver%3D3%26gad_source%3D5%26gad_campaignid%3D23386577473%26gclid%3DEAIaIQobChMIlMTU86LxkwMViwR3BB2j9Ah2EAEYASAAEgJ_rvD_BwE,https://elliottequip.com/industries/utilities-electrical-contracting/?utm_term=&utm_campaign=General-Retargeting-Display&utm_source=adwords&utm_medium=ppc&hsa_acc=1335649419&hsa_cam=23386577473&hsa_grp=187395125461&hsa_ad=789201566579&hsa_src=d&hsa_tgt=&hsa_kw=&hsa_mt=&hsa_net=adwords&hsa_ver=3&gad_source=5&gad_campaignid=23386577473&gclid=EAIaIQobChMIlMTU86LxkwMViwR3BB2j9Ah2EAEYASAAEgJ_rvD_BwE,,,,,
924,https://googleads.g.doubleclick.net/aclk?sa=l&ai=CU3iWGVngacLXCLDcjeYP-qfI6A_d-KHChQGf8sWTnBW-27-rmUcQASCGiOacAWDH1f-NhCagAbbYgM0qyAEGqQJ-B4Q8CGVwPuACAKgDAcgDCqoEygJP0M29_7xm0bBg0lrNW7WcSK0gwEeFAWLoiThP-g2ek-E7OALME0KAEzMVJuQ9mpVL8p-jFjjTPj2-xy4n6FXMtOx053PGAocHrfSxOsW_tSsE-mDXpEI_uXTyzDYyIGz_RY76JxZg6vjbn_aL8feLdm2jtlsBVasQmrs1VhOwky-l7ojHKId8jq6GT4xbCemxmP472BGT07GVqDYPtoMHA_YN95XTRwDZnKUseAVETL80JQjh9y485K7NqQ3qEIi6IMzZfg3hu0PO8w1XqmUMyV9lBwRYQfawQkKZC8ZHb5LYdO1PS8vYNxIg6S9XiqWscizoc-TxLyeK5JmD4FevHw7RyZFE0fphDbxVf-gtHvMCmeoq0Q2r6dtJDg0fSk-erTJc8C-MzmVp2r08xKHRMG5355dBVsBJ7FYCO9zOuQEcwyL-yA5E5wzABPnn-9HTBOAEAYgFhe266E2gBi6AB7aQ0awFqAenzLECqAfi2LECqAemvhuoB8zOsQKoB_PRG6gHltgbqAeqm7ECqAeOzhuoB5PYG6gH8OAbqAfulrECqAf-nrECqAevvrECqAea4bECqAfVyRuoB9m2sQKoB5oGqAf_nrECqAffn7ECqAf4wrECqAf7wrEC2AcB0ggvCIBhEAEYnQEyCIqCgICAgIAIOg2AQIDAgICAgKiAAqgDSL39wTpY_u-dvLjxkwOxCYwie5xk-swugAoDigqVAWh0dHBzOi8vdHJjay0wMDEuY2xja3B0cmwuY29tLz91aWQ9OUM1MDY2MjItODAwQy00QkExLTk0M0QtMTVCQkZDNEJFQjE0JmFkcD0mbHBtPTEwMjg2NjUmbGltPSZhZGk9Jms9Jm49eCZjaT0yMDg4MjA1OTE1MiZkPWMmcD0mdT17bHB1cmx9Jm1hPSZ0YT0mY3I9mAsByAsB4AsBogwDkAEBqg0CWkHIDQHiDRMIiZSevLjxkwMVMG7DBh36ExL96g0TCO-jn7y48ZMDFTBuwwYd-hMS_fANAogO____________AbAO2PTelBjYEwvQFQGYFgHKFgIKAPgWAYAXAbIXEBgBKgo2Nzk3NTgxMDEyUAa6FwI4AaoYFwkAAAAAkEwMQRIKNjc5NzU4MTAxMhgBshgJEgKeVBguIgEB0BgB6BgBwhkCCAE&ae=1&gclid=EAIaIQobChMIgsifvLjxkwMVMG7DBh36ExL9EAEYASAAEgKGUPD_BwE&num=1&cid=CAQS0QEABaugfVF8W68VMTxx7R5HzdCLHdN5zNnorDwGwdbYjXc2YNvsyn6NTN1wnXMOVRKw8xs1bohW_bGQ1NItCY2-u5bsZjIaPh2WrGVof3RfhpURPSXGy7GXTjT9h3nnS9Iuy-Xm5Entxamx1gRJKf4OPEa7_obrWDoeQCyxgS4e8hgcuGrqZx8XI8X0reb_b34q_mgOhxgQdETD0ewN4vpL82M3ETkgt4vCKW5FEBey-C7bxeyuef9aoNUaIw7wJAscj4YSbwXMQrFeWirCTRaADhgB&sig=AOD64_0ZMTBxy-9mxx-7pm-q_59XUIlPKg&client=ca-pub-8466440498224020&rf=4&nb=19&adurl=https://book.budget.co.za%3Futm_source%3Dgoogle%26utm_medium%3Dcpc%26utm_campaign%3D%26utm_content%3D%26keyword%3D%26device%3Dc%26network%3Dx%26placement%3D%26hsa_acc%3D%7Baccountid%7D%26hsa_cam%3D20882059152%26hsa_grp%3D%26hsa_ad%3D%26hsa_net%3Dadwords%26hsa_src%3Dx%26hsa_mt%3D%26hsa_kw%3D%26hsa_tgt%3D%26gad_source%3D5%26gad_campaignid%3D20888598149%26gclid%3DEAIaIQobChMIgsifvLjxkwMVMG7DBh36ExL9EAEYASAAEgKGUPD_BwE,https://book.budget.co.za/?utm_source=google&utm_medium=cpc&utm_campaign=&utm_content=&keyword=&device=c&network=x&placement=&hsa_acc={accountid}&hsa_cam=20882059152&hsa_grp=&hsa_ad=&hsa_net=adwords&hsa_src=x&hsa_mt=&hsa_kw=&hsa_tgt=&gad_source=5&gad_campaignid=20888598149&gclid=EAIaIQobChMIgsifvLjxkwMVMG7DBh36ExL9EAEYASAAEgKGUPD_BwE&vd=&source=g,no,,,,
1159,https://www.googleadservices.com/pagead/aclk?sa=L&ai=CsVGYtOPeaeuHJ--R3NMPxZOBwA6qz5qahgHC-vyo5xWwkB8QASDX2J0iYKWAgICcAaABpaXDnynIAQmpAuvhUl8j46c-4AIAqAMByAPLBKoEtwJP0Dw8PVMJs7yz6mQNM8GbEHzM9qMMB_bpgu_HEZTZaNvaTDBgTMlvsAn7sDdl3kH6b3DA3AR4wdDoHF5zAKoc6jLz_u0syQEdaRHXZN4NqBjIF-zqjMK0FfQ3CwygGt-c74suElF44CBQoW2om1rRbANNQW1EOkZC6LWfqh_Hv4_xIr3AWJYSE-EK0tPCsb2MboUUf4k5cjbmlJmgmzrzx9VE7FWR2gIXAI_hQwcw0T2jT-0j3Sbej9ENoeiHJqXBB_2ISGUqrhsMyTWEY8ioAinnqCTheA0gTGjfniLnoNdgUtYxVshMS0Y66V9a-n-e2tYtjwJKbGrhTD2v_AE0vivPssXf8VOMf6Uko3KxETsVYcuTJFz3Pb1cNA8YZzPKz9_H3pcs6h0z2JDt8FuA0y1WB4yg48AE_rj6y88F4AQBiAW6s6GUWMAFBfoFBgglEAEYAKAGLoAHpd2T_wOoB6fMsQKoB-LYsQKoB6a-G6gHzM6xAqgH89EbqAeW2BuoB6qbsQKoB47OG6gHk9gbqAfw4BuoB-6WsQKoB_6esQKoB6--sQKoB5rhsQKoB9m2sQKoB5oGqAf_nrECqAffn7ECqAf4wrECqAfi2LECqAfi2LECqAfi2LEC2AcAwAgB0ggvCIBhEAEYnQEyCIqCgICAgIAIOg2AQIDAgICAgKiAAqgDSL39wTpYoZCKsNTukwOACgOQCwOYCwHICwGADAGiDAVIAZABAaoNAkFVyA0B4g0TCIK3irDU7pMDFe8IdwQdxUkA6OoNEwjL-4uw1O6TAxXvCHcEHcVJAOjwDQKIDv___________wHgEsWDvOOnoYz51wHYEw2IFAHQFQHpFSPdcxxc04748BWisofkE_oVCldJWjA1MmF1QkuYFgHKFgIKAPgWAYAXAbIXEBgBKgoxMjY5MDEwMzQ4UAa6FwI4AaoYFwkAAAAAAH4BQRIKMTI2OTAxMDM0OBgBshgVCgrp4aPv______8BEgLFaBguIgEA0BgBwhkCCAE&ae=1&gclid=EAIaIQobChMI67GMsNTukwMV7wh3BB3FSQDoEAEYASABEgJjnPD_BwE&num=1&cid=CAQS4wEABaugfaKtb_v7KWinUt4UvtFulfq-iF5K3wSLaJEk7QlI7M5IAJxnfkWHjXOnERZ3eByjnZrmrDt5tnVlPGCZ8Cv4tc15qMRH8173CB1cJEyz4U0Ye4KJkcbf34BP-1P4ZnKjQ_4WtWFIT4JYLS6q0UJM9XjAlAp-t-CEEiR5DN075vkE00_QRc8gWFBTL8IYWogA1FUr_zzDxZ6wqXfbiv28kRqrqy-OiupRWih--P_pG_fAPGM8M0flxY7SxHuYpylBNt8oZrVuHF9h5z9nclrnE6DsN32mNcJz2uoyoxS61hgB&sig=AOD64_0DDeJiVjtujnfMUFB6EHQ9Qk_lbQ&ctype=5&client=ca-pub-8475685469544477&nb=9&adurl=https://www.belkin.com/au/p/modular-charging-dock-with-qi2-25w/WIZ052auBK.html%3Fgad_source%3D5%26gad_campaignid%3D23664810426%26gclid%3DEAIaIQobChMI67GMsNTukwMV7wh3BB3FSQDoEAEYASABEgJjnPD_BwE,https://www.belkin.com/au/p/modular-charging-dock-with-qi2-25w/WIZ052auBK.html?gad_source=5&gad_campaignid=23664810426&gclid=EAIaIQobChMI67GMsNTukwMV7wh3BB3FSQDoEAEYASABEgJjnPD_BwE,yes,,,,
1228,https://www.googleadservices.com/pagead/aclk?sa=L&ai=C0k9MgmTgaazTDKLtjeYP2MrLqASghuiqhgHwmL_CtRWIvdT-9BMQASCGiOacAWDH1f-NhCagAb2Js_pCyAEJ4AIAqAMByAMKqgS_Ak_QgDNlJSTtwhW05bHYMrt2HRgfsdxicR-M5LkhB2alhhEOBLB3YEtNBscnjPE9AQKW_pjMcat0rRPATY0I4Io6gAen3i2aog9W7LPP1w2yoI0Y1DpuaNwhR9UIDQuavJgr3yxKRBwcpcY4aIyuvgl_K6f9Y_RdF7E88vq1wkUV_njDzOZTE3juVqj3nTsrj_JNumu9rKprWG0sviiJZStmD99ZkMsPtvGaV6m_4E415H70EerIS5qxReobVQxv3vwoB0AcBR-CEQtMeEHd2AW2DRL6y8xN7r3vVWEylHJE42V6kQAizGwTk2o-_8BF48pL7hgyR8gOAlYhsa8WOpjBOjoQGSXjQJkIhnerRzRknYI9PZBk01gX4wNEm_oSZmN-pCHs8vbiBxwRVtGim7jWMozCt6pPyAwAstTBbi3ABLmosILgBeAEAYgFlMeXpVigBi6AB73Bg9odqAenzLECqAemvhuoB8zOsQKoB_PRG6gHltgbqAeqm7ECqAeOzhuoB5PYG6gH8OAbqAfulrECqAf-nrECqAevvrECqAea4bECqAfVyRuoB9m2sQKoB5oGqAf_nrECqAffn7ECqAf4wrECqAf7wrEC2AcA0ggvCIBhEAEYnQEyCIqCgICAgIAIOg2AQIDAgICAgKiAAqgDSL39wTpY1bWNrcPxkwOxCXor5hFd0AVmgAoDmAsByAsBgAwBqg0CWkHIDQHiDRMIjt6NrcPxkwMVonbDBh1Y5RJF6g0TCID0jq3D8ZMDFaJ2wwYdWOUSRfANAogO____________AbgT5APYEw2IFAHQFQHKFgIKAPgWAYAXAbIXEBgBKgo2Nzk3NTgxMDEyUAa6FwI4AaoYFwkAAAAAgDX1QBIKNjc5NzU4MTAxMhgBshgFGC4iAQDQGAHCGQIIAQ&ae=1&gclid=EAIaIQobChMIrJyPrcPxkwMVonbDBh1Y5RJFEAEYASAAEgI7V_D_BwE&num=1&cid=CAQS0QEABaugfclaGNJVP7xwZokR1WR0mcSyjwMV0NAD0_0ZrhE7jNaztAeB1wOua83aTyXYhBEuclI2jjwDJOg2jmXso0-O2NNtYg8ealjF2TnuDhUw4v6ND6gTmRiGQEBD0AzBlvq9rqqDBxAhxa76dg1UEc9TK3Bgdb3XqTzFySDL_zT_lyYNckd0HqAwe4h_4sZUpDxf0j1MT4cuCfSQSArPU9eYAwLWg9aV_9800ycTJjEXUTUU3wZvK-A7ova--JU66gB0DBORsHoZAX3oom5pkRgB&sig=AOD64_2rCGlt4Qpb8FO7MD1ZPAjcqStqQw&client=ca-pub-8466440498224020&rf=4&nb=9&adurl=https://live.srchbestoffers.com/article/understanding-aggressive-breast-cancer-treatments%3Flid%3D020221fce764173e5f2ad06c6731c900%26utm_term%3Dwww.hurriyet.com.tr%26utm_campaign%3D23700300692%26gad_source%3D5%26gad_campaignid%3D23700300692%26gclid%3DEAIaIQobChMIrJyPrcPxkwMVonbDBh1Y5RJFEAEYASAAEgI7V_D_BwE,https://live.srchbestoffers.com/article/understanding-aggressive-breast-cancer-treatments?lid=020221fce764173e5f2ad06c6731c900&utm_term=www.hurriyet.com.tr&utm_campaign=23700300692&gad_source=5&gad_campaignid=23700300692&gclid=EAIaIQobChMIrJyPrcPxkwMVonbDBh1Y5RJFEAEYASAAEgI7V_D_BwE,,,,,
1212,https://www.googleadservices.com/pagead/aclk?sa=L&ai=Cwu-fIdveafeRMrzzjeYP142LKb_XwJ-GAf6DqPC7FaGm-PPQHRABIIz3liZgpbiagJwBoAH_x6aMA8gBCakCgZeWKj3ppz7gAgCoAwHIA8sEqgTGAk_QVqLhrbDZ-paH8FiL_FCaZvDMc6uYzpwyjJB6xIbGTpAexc---m6UC8rNWqSqE03d67Tr_iPvOH8_ggDUo9KFP_b2RaX3eOxxXKq8w22Grvbn1Qv3OzeBRmqFxs3RPJPvKMFEd5ROdJdrwOu1RlUBs8ZIH3OylAPLbIeqVWPCP3hXIJa01XImLv_tNssrHH9muH0zri9s30IN4guWI4DWUk-cjlf09pQ4y8Yxy5aWXRhk9YG1C5LcKE7EKWMeycjOnBCkZvzE7ywJt75R5i_lKF8Giv02YkQgXEdAflHVXpb5sRm0EnKkHFlQ3R1XrjKqZqPu50r2coLZUoobdGqtOaNfkJBNNjd2uFJLi_98_MWzP4PGgfS-b6Khj6HGkb989e-_fxbT7jqIIi1ki5MPZ8dhaubf4IIep4bhU0L9Mc1xsGVEwASgiIvw1AXgBAGIBY2dj9BSwAUF-gUGCCUQARgAoAYugAfpt9lzqAenzLECqAemvhuoB8zOsQKoB_PRG6gHltgbqAeqm7ECqAeOzhuoB5PYG6gH8OAbqAfulrECqAf-nrECqAevvrECqAea4bECqAfZtrECqAeaBqgH_56xAqgH35-xAqgH-MKxAtgHAMAIAdIILgiAYRABGB0yCIqCgICAgIAIOg2AQIDAgICAgKiAAqgDSL39wTpYg_zAmczukwOACgOQCwOYCwHICwHaCwkIERCn6ODzlAGADAGiDAJIAaoNAkFVyA0B4g0TCOm6wZnM7pMDFbx5wwYd18YiBeoNEwit2sKZzO6TAxW8ecMGHdfGIgXwDQKIDv___________wGwDqq20dsY4BKytIyMuPzLqM8B2BMM-hTRAQoFCJIEMCEQp-jg85QBGnIIARJuCkJodHRwczovL3dlYmhvb2tzLmh1YmFwaS5jb20vYWRzLXByb2Nlc3NpbmcvdjEvbGVhZC13ZWJob29rL2Fkd29yZHMaJDRmY2RhZTAwLWI2YTAtNGIwOS05ZjRlLTllOTVmMWY4NWI5MSABKAEiAggLIgIIDSICCAUiAggGIjEiL1doYXQgaXMgdGhlIHByb2R1Y3QgeW91IHdvdWxkIGxpa2UgdG8gcHVyY2hhc2U_MJee3f1OOKq20dsY0BUB6RU_23TEP1NF8_AV9bXBhwL6FQgxNy04MDE2McoWAgoA-BYBgBcBshcQGAEqCjE5MDg3NTczNzlQBroXAjgBqhgXCQAAAAAIGQJBEgoxOTA4NzU3Mzc5GAGyGAkSApRYGC4iAQDQGAHoGAHCGQIIAQ&ae=1&gclid=EAIaIQobChMIt6bDmczukwMVvHnDBh3XxiIFEAEYASABEgLfGfD_BwE&num=1&cid=CAQS0QEABaugfYePWJwgSW8wAjNuHKz6r-8PKPSV2pvlI2Z63-RawNWkKwi-ZxYTE6RSl8juObhOuCdMtbQZU54hjUegUE-PNMKRCIRXZ67PpjSQ0nXG8zDMtVY3qx2tGrzPkUyvTfySkKpf19J0b5nDggApkgNciiHl3V7wBxtD23zM4CmtDBCB_G1WL7lxXCjHvPpSFp5zfX1KbBQ7uVRi9IsyB3Md2d9f2jhnkOnx7Q3AvlEPdVr9M2xHOxeIHOvkdLJ6L78j4Q4Y47Giw9RXP-3vKxgB&sig=AOD64_2laHTJzWrQANE5pSlkdLf6CjcUlA&ctype=5&client=ca-pub-6554330019384808&nb=25&adurl=https://www.fanquip.com.au/product/utility-air-circulators%3Fattribute_pa_free-air-volume-l-s%3D3775%26attribute_pa_size%3D800mm%26attribute_pa_voltage%3D240v%26attribute_pa_watts%3D0-15kw%26utm_feeditemid%3D%26utm_device%3Dc%26utm_term%3D%26utm_source%3Dgoogle%26utm_medium%3Dppc%26utm_campaign%3DAIA%2B%257C%2BPmax%2B%257C%2BHubspot%2BAudience%26hsa_cam%3D21201637143%26hsa_grp%3D%26hsa_mt%3D%26hsa_src%3Dx%26hsa_ad%3D%26hsa_acc%3D1925356992%26hsa_net%3Dadwords%26hsa_kw%3D%26hsa_tgt%3D%26hsa_ver%3D3%26gad_source%3D5%26gad_campaignid%3D22179729037%26gclid%3DEAIaIQobChMIt6bDmczukwMVvHnDBh3XxiIFEAEYASABEgLfGfD_BwE,https://www.fanquip.com.au/product/utility-air-circulators/?attribute_pa_free-air-volume-l-s=3775&attribute_pa_size=800mm&attribute_pa_voltage=240v&attribute_pa_watts=0-15kw&utm_feeditemid=&utm_device=c&utm_term=&utm_source=google&utm_medium=ppc&utm_campaign=AIA+%7C+Pmax+%7C+Hubspot+Audience&hsa_cam=21201637143&hsa_grp=&hsa_mt=&hsa_src=x&hsa_ad=&hsa_acc=1925356992&hsa_net=adwords&hsa_kw=&hsa_tgt=&hsa_ver=3&gad_source=5&gad_campaignid=22179729037&gclid=EAIaIQobChMIt6bDmczukwMVvHnDBh3XxiIFEAEYASABEgLfGfD_BwE,,,,,
1215,https://www.googleadservices.com/pagead/aclk?sa=L&ai=Cq-r0sa7faczYKaqI3NMPnYac4Q6zw621hgGSmeOu5BXd2R4QASDa8Y4MYJsDoAGckKfJKcgBCeACAKgDAcgDCqoEwgJP0NPu2lrYqNvB52m0niNU37nfH9aq0usmbJxoZ-7TaiDP5l6364PVjKCtiII8lsQP3NRroxiufyrv7Uc0zu5daKxGTZzQZI8aus2jKx3YzmB2oxblrY4OVKPvxu77yNSXCJOITIX3cYb5rcCfAN1dQvt_H9VEhSVOH6xTrX8rrfZvWucWlRGx3oKRyPVYTrCjnDYvVmKp_DxkgSHSXabrkxvZx4VnFr8-yCRBWRj5CR2ECBI8tXtjAjb2lZ-Ll9WHwUQO7SibaJuFSsVPxJTjcFHKoND_ZfbRBYzBqHIFhqZKjS2iOyMC9wu74P6Sg4Ni15LmiM2uGZSop4CK-kAqmjU8MV8uF_FgWRWEYGIBv3YDpfcJAYP1zIXlugUJkKfkfKm1C1bUWwKGICr9guQmzczBFNW0hPXd9UoN_2F395QMwASK55zc0QXgBAGIBcC72I5YoAYugAecyPeoBKgHp8yxAqgH4tixAqgHpr4bqAfMzrECqAfz0RuoB5bYG6gHqpuxAqgHjs4bqAeT2BuoB_DgG6gH7paxAqgH_p6xAqgHr76xAqgHmuGxAqgH1ckbqAfZtrECqAeaBqgH_56xAqgH35-xAqgH-MKxAqgH-8KxAtgHANIILwiAYRABGB0yCIqCgICAgIAIOg6AQIDAgICAgKiAAqiDEEi9_cE6WI_p-PqV8JMDsQmMMjw_5ip4QoAKAZgLAcgLAYAMAaIMA5ABAaoNAktSyA0B4g0TCOeb-fqV8JMDFSoEdwQdHQMn7OoNEwi6u_r6lfCTAxUqBHcEHR0DJ-zwDQKIDv___________wG4E-QD2BMDiBQC0BUBmBYByhYCCgD4FgGAFwGyFxAYASoKMTA3NTMwMTYxNlAGuhcCOAGqGBcJAAAAAMhDGEESCjEwNzUzMDE2MTYYAbIYCRICs2kYLiIBANAYAcIZAggB&ae=1&gclid=EAIaIQobChMIjPX6-pXwkwMVKgR3BB0dAyfsEAEYASAAEgLehPD_BwE&num=1&cid=CAQS0QEABaugfe-KS4XO74zNdQo9ZJ0f-GfxerSvRIcQyIRLN-N_tWdn753-TMT4GyZVlhQu0AyC8GDZutzbxiT0x-U8yC-1ov-RasoB80u4_a021XzPQj57phWDHScVCeUKxsdGbkzW4zGTqOgXn-A6zFbLe6tuUgSZoidDcP5jx95D06Xvf-mF9YvkkL3lxXh6t_5TPCLXprLxV3xRPNQtGECGVSq08Iq5mgNuexZ4vWyHpureV2HL-TnBnITvppWTjx5Dtq9Msw2ruOEfEV8r32g28xgB&sig=AOD64_0xRlJOHPXLZWkzsmD9jO_s6AGpAQ&client=ca-pub-9783515403541006&rf=4&nb=9&adurl=https://us.polymers.shell.com/advanced-chrome-catalyst-grade%3Fcampaign%3D701R500000WB4XRIA1%26gad_source%3D5%26gad_campaignid%3D23653129664%26gclid%3DEAIaIQobChMIjPX6-pXwkwMVKgR3BB0dAyfsEAEYASAAEgLehPD_BwE,https://us.polymers.shell.com/advanced-chrome-catalyst-grade?campaign=701R500000WB4XRIA1&gad_source=5&gad_campaignid=23653129664&gclid=EAIaIQobChMIjPX6-pXwkwMVKgR3BB0dAyfsEAEYASAAEgLehPD_BwE,yes,yes,,,
1197,https://googleads.g.doubleclick.net/aclk?sa=l&ai=CFbLWI1XgaajVJ9Dms8IP_YPkSePkgedqj-DMs4oUjJKM_dgBEAEg_OGpGWDH1f-NhCagAZvlp5gByAEBqQKni4xp5GdwPqgDAcgDywSqBLACT9BxY780P_Zs5qHVcVluIV-TLKaoVICSdHVuJiz-tdqVz2UvyAbGu_N-o9VT5kDpj_jqfThSMs9ultkjQITYiCTi-62h4zmRhv6e7wf-Q5g17PYL5tNR6zGUnUtPSnmvt9BlaaXSZ_4EtO2Hnli-lTKoNJdUm6F0Bi2dwP8uEVZvlZ4Nb28J9U9RX2ZdHuWblcS92Tw0CIswSCHaTiEddKyptAdCUIPFXET9lvHSQoHWyFio1VmU1FxWrCxVnOMff7xH6gHIC4H4ojZGV83fZ48ee4khdxCm9yUbCbi1Rq2qlpNUxqiYqvf12ddwJu5AXd9gvF0-JrL1a60ZVZ8bOHlOQAA3Eoq9K_Q89h6y7tJmy36fjFflIj0RNYDJGMMkHEvguIgisJZvbGCsfVu0SMAEmMzW7oMEiAXposi4QYAHzZrY5wKoB6fMsQKoB-LYsQKoB6a-G6gHzM6xAqgH89EbqAeW2BuoB6qbsQKoB47OG6gHk9gbqAfw4BuoB-6WsQKoB_6esQKoB6--sQKoB5rhsQKoB9XJG6gH2baxAqgHmgaoB_-esQKoB9-fsQKoB_jCsQKoB_vCsQKoB8LIsQLYBwHSCC8IgGEQARifAzIIioKAgICAgAg6DYBAgMCAgICAqIACqANIvf3BOljo3fvYtPGTA7EJKrBeWLbezWWACgGKClJodHRwOi8vd3d3Lm95c3RlcmNhdGNoZXJpbnZlc3RtZW50cy5jby56YS8_Z2FkX3NvdXJjZT01JmdhZF9jYW1wYWlnbmlkPTE3NTY2OTI5MjU3mAsByAsB4AsBogwDkAEBqg0CWkHIDQHqDRMI0vr82LTxkwMVUPNMAh39ATkJ8A0CiA4J2BMK0BUBmBYByhYCCgD4FgGAFwGyFxAYASoKMTIxNjExODAxMFAGuhcCOAGqGBcJAAAAAAAO6UASCjEyMTYxMTgwMTAYAbIYCRIC704YASIBANAYAcIZAggB&ae=1&gclid=EAIaIQobChMI6PL82LTxkwMVUPNMAh39ATkJEAEYASAAEgIQz_D_BwE&num=1&cid=CAQS0AEABaugfW24gdsGUqXsioAPAoakHK2bMKTm3MOtGWlW-poQeYqjc5rSJIS8P5KtwRI7tjvr84MrOB2LUJQutLTtvjtuZvlmdqm9fDdE5N-H2-KJlerdToNcwoaApM_dimufbc7On9mY-fCbzb-BIYV670Yc3pBGeQqITvZeoCohgAqWwp4mhO0HAKieAgTy7oKP4fZU5lPU5UfMIgg7qJtResMkAt5ilTsVyIetVjkYC5NmRBVd9iZnhBwX-KyhlXgBkrIfd_TlTxDXsDAv23tXGAE&sig=AOD64_12v7Uhi_SqZNUEs_Rd44pd-KtMuQ&client=ca-pub-7694956726795277&rf=1&nb=2&adurl=https://oystercatcherinvestments.co.za/%3Fgad_source%3D5%26gad_campaignid%3D17566929257%26gclid%3DEAIaIQobChMI6PL82LTxkwMVUPNMAh39ATkJEAEYASAAEgIQz_D_BwE,https://oystercatcherinvestments.co.za/?gad_source=5&gad_campaignid=17566929257&gclid=EAIaIQobChMI6PL82LTxkwMVUPNMAh39ATkJEAEYASAAEgIQz_D_BwE,,,,,
1211,https://www.googleadservices.com/pagead/aclk?sa=L&ai=Chux9TczeabKLCcCF3NMPqJzCgALOnsOwfp3IsM-mFdzZHhABINjU9aUBYKW4moCcAaABnbqyowPIAQKpAim2RUTYwrY-4AIAqAMByAMIqgTAAk_QiBBewA0WpC9Hr5qKBbxTvgHAwbtt56ZElVq8fMt4oUI2PQmri8pQ50FJzD9FJdBQrRJBhuSTwKefNV_IByAu4YSHBiuP-_bNc4jq0Wbwbk2BfuPpS5ljVJ5gfCOjwDPm-LT-kHKliPSIt7ZYLEgDz8F185r32Kh5KvFRA-_VDA3kt_JuFOU4qVcSL_RuUG49bZ_r32tXfMFPjQEcd69S5C7ZvwIQULCO7CY1_g9WvY7GacRhme7YZ6FWXzVuW-h4vkON3qT8tBmushyxuDinJo2eZzVCxxYgolzcTe5hb3LO01gonuU7CbJyom9odv6N565Ad5-LK6oq0z_4IbeaIZX3Rxf5M_6xWQmsKUHy4BCqSvVTnRvwg1qqWC1UJIlkpZVURmkfHkw2TARpTts9RdGWMGGZELt9Xjjex1zWwASI8OrjjAXgBAGIBYqqlp4FoAYCgAeWyv5-qAenzLECqAfi2LECqAemvhuoB8zOsQKoB_PRG6gHltgbqAeqm7ECqAeOzhuoB5PYG6gH8OAbqAfulrECqAf-nrECqAevvrECqAea4bECqAfVyRuoB9m2sQKoB5oGqAf_nrECqAffn7ECqAf4wrECqAf7wrEC2AcB0ggyCIDhgBAQARidATIIqoKAgICAgAg6DoDAA4CAhICAlK7gA6gHSL39wTpY3oaOh77ukwOxCQSdEh-3zacxgAoDigrGAWh0dHBzOi8vbW9uaXRvci5wcGNwcm90ZWN0LmNvbS92MS4wL3RlbXBsYXRlP2FjY2lkPTEzODkwJmt3PSZtdD0mbnc9ZCZjcG49MTQwNTQ1NzY3NCZkZXZpPWMmZGV2bT0mbG9jcD0xMDAwNDIyJmxvY2k9JnBsPXd3dy5iZm10di5jb20mY3I9Nzk2OTM3NDE2OTg1JmFkcD0mcnVpZD0yMDk2NDQ3NzcwMTIzMzQ3NDA2MSZzYWR0PSZ1cmw9e2xwdXJsfZgLAcgLAeALAaIMA5ABAaoNAkFVyA0B4g0TCNK7joe-7pMDFcACdwQdKI4QIOoNEwjStpCHvu6TAxXAAncEHSiOECDwDQKIDv___________wHYEwzQFQGYFgHKFgIKAPgWAYAXAbIXEBgBKgoxOTIzNjYwNjQ4UAa6FwI4AaoYFwkAAAAAuFcMQRIKMTkyMzY2MDY0OBgBshgJEgLrThgCIgEA0BgB6BgBwhkCCAE&ae=1&gclid=EAIaIQobChMI8uWQh77ukwMVwAJ3BB0ojhAgEAEYASAAEgL7p_D_BwE&num=1&cid=CAQScQAFq6B9zguVIfT2U2pGaVFC55_hJ1PFuJuG-eLwypxmNdG7VhHzlvUBnnmbg8eWc4q18z07NEGmFUa4RmSkru4qAQysAMSde7jadZa0JVBkaTWfbLOOu2TZNIuhLoB6QuoWkgpdDx4Az7vaYfJUiUa9GAE&sig=AOD64_3GY4jOaouyIYLGXMqlxChkS8uGAg&client=ca-pub-7446550989060601&rf=5&nx=CLICK_X&ny=CLICK_Y&uap=UACH(platform)&uapv=UACH(platformVersion)&uaa=UACH(architecture)&uam=UACH(model)&uafv=UACH(uaFullVersion)&uab=UACH(bitness)&uaw=UACH(wow64)&uafvl=UACH(fullVersionList)&nb=2&adurl=https://web.hearclear.com/latest-australian-hearing-technology/%3Fcid%3D5ad9b1d1df2e3%26utm_source%3Dgoogle%26utm_medium%3Dcpc%26utm_campaign%3D1405457674%26utm_content%3D175229286408%26utm_term%3D%26campaign%3D1405457674%26adgroup%3D175229286408%26targetid%3D%26keyword%3D%26matchtype%3D%26ad%3D796937416985%26network%3Dd%26device%3Dc%26devicemodel%3D%26target%3D%26placement%3Dwww.bfmtv.com%26position%3D%26aceid%3D%26ismobile%3D0%26issearch%3D0%26geo%3D1000422%26geointerest%3D%26feeditem%3D%26gad_source%3D5%26gad_campaignid%3D1405457674%26gclid%3DEAIaIQobChMI8uWQh77ukwMVwAJ3BB0ojhAgEAEYASAAEgL7p_D_BwE,https://web.hearclear.com/latest-australian-hearing-technology/?cid=5ad9b1d1df2e3&utm_source=google&utm_medium=cpc&utm_campaign=1405457674&utm_content=175229286408&utm_term=&campaign=1405457674&adgroup=175229286408&targetid=&keyword=&matchtype=&ad=796937416985&network=d&device=c&devicemodel=&target=&placement=www.bfmtv.com&position=&aceid=&ismobile=0&issearch=0&geo=1000422&geointerest=&feeditem=&gad_source=5&gad_campaignid=1405457674&gclid=EAIaIQobChMI8uWQh77ukwMVwAJ3BB0ojhAgEAEYASAAEgL7p_D_BwE&gclid=EAIaIQobChMI8uWQh77ukwMVwAJ3BB0ojhAgEAEYASAAEgL7p_D_BwE&optyExperimentId=5727518771118080&optyVariationId=5498972907765760&optyVariationName=Variation_1,,,,,
1071,https://www.googleadservices.com/pagead/aclk?sa=L&ai=CZkH3iKXfab-_A5efjeYPv9ahyA_OxIORhQGM9uDvwBXd2R4QASC-z4caYJsDoAGA-KDPA8gBAuACAKgDAcgDCKoE2QJP0OPsCNkDkZ_geY_jOMhZv_ykdxXaoR4ePfGMaY_VWElcfP-MnbZ-BavoxiEyivlDm3j1qV9LKIVsfAMKe7RFo5uOuKwsRTvmDbZskk-r184FcncafJY_abTNH904Yhku_rtdAbo4aiXeaggC2_GVtue28MvJnr5K4RKRBFLBBoMfGrJDRsb9wKjKMy6xvAgsdTa-MqtPZqSBs2uwQkQwBK8hxsZrHWgEVW6FGnTdQLA1lJZkrhWR4urupYb_sgrVvp6SQv6VZgGPsCCiB3Q65tXDbSnOwsMjZK2gLfO-g4KP_Uiu8JGTbICgQq81AQzhid1py0jw9t4EI_XDTRmvsOi1i7g81OMM1wl1HuGmNkkYtrujD2KX5RaAdhv6N-bmhTT0Z4fCvWrsSirrPPTHwwUU7uDnQ2Xr1q4tR_t3eJKKLxpDQ1GDndvMNh40ApnrnrzXt_PQw4nABLuPioTjBeAEAYgFm_Dl1FegBgKAB-iH3zCoB6fMsQKoB6a-G6gHzM6xAqgH89EbqAeW2BuoB6qbsQKoB47OG6gHk9gbqAfw4BuoB-6WsQKoB_6esQKoB6--sQKoB5rhsQKoB9XJG6gH2baxAqgHmgaoB_-esQKoB9-fsQKoB_jCsQKoB_vCsQLYBwHSCC8IgGEQARgdMgiKgoCAgICACDoOgECAwICAgICogAKogxBIvf3BOlj2hrucjfCTA7EJAYOcK7RIY76ACgOYCwHICwGqDQJLUsgNAeINEwiBrLucjfCTAxWXT8MGHT9rCPnqDRMIod68nI3wkwMVl0_DBh0_awj58A0CiA7___________8B2BMD0BUByhYCCgD4FgGAFwGyFxAYASoKMzg1MjYwNzQzOFAGuhcCOAGqGBcJAAAAAOAKE0ESCjM4NTI2MDc0MzgYAbIYCRICuFAYAiIBANAYAcIZAggB&ae=1&gclid=EAIaIQobChMIv6O9nI3wkwMVl0_DBh0_awj5EAEYASAAEgLgEfD_BwE&num=1&cid=CAQS4gEABaugfa3vnLMnFzjGtZQMNdpV6tmUyrn2fJRLCd30eRiVhRhoYfLhg0JwbP2nj1jWo4MwiM1KlIHb_oUSrOd6lBzGh83m4qMVPY6l5CfnW4j-P_H0aD4hfsuRMXfEeirb4U59qAKXYjQJ2pCmqCFauwYRd4yVj9klHGryttZF_hHKrrT7tuzsTP5b2KjiKZjls-x2WHp3rlKkFqhnGmcsjfNlSFA3biUaCZAa5cd3P7F6RLp4FgciHOOQcdqrH5c5_OmNGEM7ISbXbqHmTw_fcGWwNtDqE3Xp2xJYrU2vVUDaGAE&sig=AOD64_2W5LMrgidTqiFSVeBv4mwPNTk1qg&client=ca-pub-6453680425766689&rf=5&nx=CLICK_X&ny=CLICK_Y&uap=UACH(platform)&uapv=UACH(platformVersion)&uaa=UACH(architecture)&uam=UACH(model)&uafv=UACH(uaFullVersion)&uab=UACH(bitness)&uaw=UACH(wow64)&uafvl=UACH(fullVersionList)&nb=2&adurl=https://www.helpscout.com/%3Futm_source%3Dpaid%26utm_medium%3Dgoogle_disp%26utm_campaign%3D36953859-Display%2520Ads%2520Test%2520-%2520Feb%25202026%26utm_term%3D%26utm_campaign%3DDisplay%2B-%2BProspecting%2B-%2BOct%2B25%2BRV%26utm_source%3Dadwords%26utm_medium%3Dppc%26hsa_acc%3D7533177117%26hsa_cam%3D23531714587%26hsa_grp%3D198382356411%26hsa_ad%3D795838107839%26hsa_src%3Dd%26hsa_tgt%3D%26hsa_kw%3D%26hsa_mt%3D%26hsa_net%3Dadwords%26hsa_ver%3D3%26gad_source%3D5%26gad_campaignid%3D23531714587%26gclid%3DEAIaIQobChMIv6O9nI3wkwMVl0_DBh0_awj5EAEYASAAEgLgEfD_BwE,https://www.helpscout.com/?utm_source=paid&utm_medium=google_disp&utm_campaign=36953859-Display%20Ads%20Test%20-%20Feb%202026&utm_term=&utm_campaign=Display+-+Prospecting+-+Oct+25+RV&utm_source=adwords&utm_medium=ppc&hsa_acc=7533177117&hsa_cam=23531714587&hsa_grp=198382356411&hsa_ad=795838107839&hsa_src=d&hsa_tgt=&hsa_kw=&hsa_mt=&hsa_net=adwords&hsa_ver=3&gad_source=5&gad_campaignid=23531714587&gclid=EAIaIQobChMIv6O9nI3wkwMVl0_DBh0_awj5EAEYASAAEgLgEfD_BwE,,,,,
905,https://www.googleadservices.com/pagead/aclk?sa=L&ai=CzXbp9mLgadHDCbqJ3NMP1-6yoQP-xIHfhQGN1bOJshWVqcvl6UYQASCs2bgiYMfV_42EJqAB2ICXrD7IAQLgAgCoAwHIAwiqBOkDT9DI3SbVLZk-t-SY5wlrI2hwtmYyRVwyGbv4BbPnvoAB-MFwFh7H1IzUzxJus7kZ9HPEZZF-4m8GdIhBPcYscnz3IVebTudK7XwrQBq8MzgZIU0Tk1MAhL5n3MucgI-kSKpEJA4sVPu9ZB8nmtElxqvAmEcIv53ESbUeODQCk12CXxskfNyatLnEIhqWut41f8sug4_44toNEoUoAZqalGPg0x0GcMlTQCjGMR-0BlaiuJUmMLlqNNcEDkM7O5wCK-vbe2qvgJhy8UNRXIl1LL2GnNZaCLx8aKtSBxt1-RgBczqZBOkG-HLy1I7KKpLwV4FixUdoQSIGI0YzW5Dzfp6XYKbDm-tYENqlra8MmRcgOS7g0cnl1ISg785RZelM_0tIWNPpKmZqmKBT5WzSCx2t1M8pzOyFxtCoH7UB8wiRRZosPjZq3900LXROjGAXs6SoOdK4wSaXfaufHjjXeCPqZeM1nXGoyK7bVlAYBUHrfV4iHC4WCWb6GJfsRL_I82Z3ueW2Y3X0c7ZCHO-1UYcMxYckTqikeobPqfMbdyOeTpDVXbRd-3ptUs3DAoIIkEpSqfo8En_pjj-btuLVyJm2ZbTvFl6ccspbEeAJC3hjMboyH8ZcSmdP4t1gbySxlJ2_YnaPRdB8wATTvt-spAXgBAGIBZC-sNxUoAYCgAfYuOeLGagHp8yxAqgH4tixAqgHpr4bqAfMzrECqAfz0RuoB5bYG6gHqpuxAqgHjs4bqAeT2BuoB_DgG6gH7paxAqgH_p6xAqgHr76xAqgHmuGxAqgH1ckbqAfZtrECqAeaBqgH_56xAqgH35-xAqgH-MKxAqgH-8KxAtgHAdIILwiAYRABGJ0BMgiKgoCAgICACDoNgECAwICAgICogAKoA0i9_cE6WLG2oPDB8ZMDsQm56rvn9HjSYoAKA5gLAcgLAaIMA5ABAaoNAlpByA0B4g0TCKvloPDB8ZMDFboEdwQdV7csNOoNEwjL86HwwfGTAxW6BHcEHVe3LDTwDQKIDv___________wHYEw3QFQGYFgHKFgIKAPgWAYAXAbIXEBgBKgo5OTQ4NDI5MzczUAa6FwI4AaoYFwkAAAAAoD70QBIKOTk0ODQyOTM3MxgBshgJEgLlaxgCIgEA0BgBwhkCCAE&ae=1&gclid=EAIaIQobChMI0Zai8MHxkwMVugR3BB1Xtyw0EAEYASAAEgKIKfD_BwE&num=1&cid=CAQS4gEABaugfStFw1o1krsvXK6xTw1xKMCkCfxeNk3aS2mVlTU-z4cUA166uw3x1vhEEuU6jfhBrrRboIR_LWyIeY_BpyKV_kwydA2jyJKOjriW3AMqteAPmf0t_UXVvaM8_xfdcObktFZj4RdPnpAkamwnPqHBda-r_RPcugIq036HTSt-QFG0eW0I5fTzQVo_EZ2qa9bIG8wfzN9SvxzgDNa7OZcEnR-rYmoIpNVv6J4IYONYe4JrRr7Z4Y9jQpY3fZX6c0vMxtLOJmdLXGDgIb5mZXYs_MRCqk1NjubIoRkk9rpJGAE&sig=AOD64_2WIvgG1tUOIThptoKBRn7HEKw4Gw&client=ca-pub-4180835694166255&rf=5&nx=CLICK_X&ny=CLICK_Y&uap=UACH(platform)&uapv=UACH(platformVersion)&uaa=UACH(architecture)&uam=UACH(model)&uafv=UACH(uaFullVersion)&uab=UACH(bitness)&uaw=UACH(wow64)&uafvl=UACH(fullVersionList)&nb=2&adurl=https://knightwallsystems.com/%3Fgad_source%3D5%26gad_campaignid%3D22742310672%26gclid%3DEAIaIQobChMI0Zai8MHxkwMVugR3BB1Xtyw0EAEYASAAEgKIKfD_BwE,https://knightwallsystems.com/?gad_source=5&gad_campaignid=22742310672&gclid=EAIaIQobChMI0Zai8MHxkwMVugR3BB1Xtyw0EAEYASAAEgKIKfD_BwE,yes,,,,
1035,https://www.googleadservices.com/pagead/aclk?sa=L&ai=CshXhCNreafKoKKnujeYPh8-K6Auxp4zbgQHYzo_E6RSsAhABIKDlgiRgpbiagJwBoAHUgNyJA8gBBqkC6-FSXyPjpz7gAgCoAwHIAwqqBMwCT9BsnlS9fEkZW4Z6EFyuquzJ7ud_c24ORGjNr69baaYCSsPOsBPeVoQNWQzU_ci6mhYbUhsE2vgm0Zj-DW23eBikznDDgK2joOUqy-TImwFSu6_jFqU1mBphdUY7KzpZTaTed5JQ8Pa_2wxoavL3_k5P47R__xbIYccLUC5sTpcpz47wdM0vDbcfGuQJqMzPzCnTIKA4p2J6nEvsviaqZcEjVmaX3jtOy_VP-W4WWfbEQVGUKKyMN16YqpBOAols2KFLaGjF3oowgQfrT9AxLXMMhgfbIqHiRP3GGqXzmCunsQzBaM5VasRDKYFAJLSE-jr0exuPs6zsLy0Ybi5RmEcTGrtV7p0RoDXdrRffV7ncw739By3gk1WylDaOI2x29yA7h4K52jlwAf3FrLEPSL_-kT2znB4st3kJawgDlN-1aFAbCFGz1UvIfcXABNuIjP22BeAEAYgFhcWklVWgBi6AB5T_o3aoB6fMsQKoB-LYsQKoB6a-G6gHzM6xAqgH89EbqAeW2BuoB6qbsQKoB47OG6gHk9gbqAfw4BuoB-6WsQKoB_6esQKoB6--sQKoB5rhsQKoB9XJG6gH2baxAqgHmgaoB_-esQKoB9-fsQKoB_jCsQKoB_vCsQLYBwHSCC8IgGEQARidATIIioKAgICAgAg6DYBAgMCAgICAqIACqANIvf3BOliK4LSTy-6TA7EJWNYzP1guzHCACgOYCwHICwGiDAOQAQGqDQJBVcgNAeINEwjJhrWTy-6TAxUpd8MGHYenAr3qDRMIjp-2k8vukwMVKXfDBh2HpwK98A0CiA7___________8B2BMC0BUBmBYByhYCCgD4FgGAFwGyFxAYASoKOTU5NzQyNTQ5NFAGuhcCOAGqGBcJAAAAAIqxIEESCjk1OTc0MjU0OTQYAbIYCRIC604YLiIBANAYAegYAcIZAggB&ae=1&gclid=EAIaIQobChMI8sy6k8vukwMVKXfDBh2HpwK9EAEYASAAEgK3XvD_BwE&num=1&cid=CAQS0gEABaugfaiECKvZoLlAF3NFENpfuDnxzMB54QQHtnugVrt6enkR_wnNCUpM_ngJ_EoW3J-6uD1sVKd95kwYenAxk1F0Mk9iZidIcXAGcl0xI7zUveryb_6MsBnDkbO6dnPwhLpgqr3y26tjWvFRDWqDclPNMqGGrOBbnzmm3q5_sfdZBK8rdDSCZDKsOgveOds8OGBs-4xrWW4HY35hoB-hAobIX7vzfY2onFy915JB0d8cws51ug-T2Ap9qT4tSsBpG35Rz1aq0iHwEcxS5wAGyGEYAQ&sig=AOD64_0cYbrig4Zf4GmgqsqP22R6EgL_cQ&client=ca-pub-2970406823702922&rf=4&nb=19&adurl=https://hesselgroup.com.au/allied-health/services%3Futm_term%3D%26utm_campaign%3DDisplay%2520NDIS%26utm_source%3Dadwords%26utm_medium%3Dppc%26hsa_acc%3D7807543197%26hsa_cam%3D22861652613%26hsa_grp%3D186556548187%26hsa_ad%3D767914759098%26hsa_src%3Dd%26hsa_tgt%3D%26hsa_kw%3D%26hsa_mt%3D%26hsa_net%3Dadwords%26hsa_ver%3D3%26gad_source%3D5%26gad_campaignid%3D22861652613%26gclid%3DEAIaIQobChMI8sy6k8vukwMVKXfDBh2HpwK9EAEYASAAEgK3XvD_BwE,https://hesselgroup.com.au/allied-health/services?utm_term=&utm_campaign=Display%20NDIS&utm_source=adwords&utm_medium=ppc&hsa_acc=7807543197&hsa_cam=22861652613&hsa_grp=186556548187&hsa_ad=767914759098&hsa_src=d&hsa_tgt=&hsa_kw=&hsa_mt=&hsa_net=adwords&hsa_ver=3&gad_source=5&gad_campaignid=22861652613&gclid=EAIaIQobChMI8sy6k8vukwMVKXfDBh2HpwK9EAEYASAAEgK3XvD_BwE,,,,,
1105,https://www.googleadservices.com/pagead/aclk?sa=L&ai=Cpxzt8X_fae_yG-aNjeYPr6mLmQbJ88-Vf6GO7_HcE7aQHxABIM2ejxhgzcDQj6wDoAHh9d2GPsgBAqkC6h70yabnij7gAgCoAwHIAwiqBJUDT9CqIGgEZTtp-mJriEXzQaM8W_8ac_LAk9JyoTWMhmZsPPj6p607Dz4l4QLtguZqai8UFfrP0Vyhnt4p1JzE3FEz3laE8yMtZN40X3HdcU-7CHu5XDXJsqPXIjiawKe81YhWEz-pZ5b8NMJCc5rRiqO0Qlr695SGfJqSOjg1oAqfA6ILSTwB-ereeNxo4yMdy5-8FF_wsCJDQI1W9NmDYn4V2Dot1mezyVBYNsVSNLsIZZb4CxGCfKjgQTx6ZmQV1EwCRqvtXw14jJnja-71z0BMFdVMdj2JcKxU2RgLxh8are9gpgudW-1_1SwJC2HvaEUJGGyUsSQidOcA_wynCJRY8lhBlGKBeDyxJR7RC3t43FKnn12W0nJFh73YBDCMNIObq6uo2JUMkxd-ThN-RC_d9u8GeZUg1Oyqix602578LoWSsPSd-1fqdcYat9h6f1f8Yx_YHMigqvUKk8_0sxyeKOvfJ9shbJz0Id-ggwEQP51a8bBWyWZJLvZIi9xACozE6OzG0TfoCe27yBhOGBMoC6nHwATMhqbG8ATgBAGIBbaf1dNQoAYCgAfhra7mGKgHp8yxAqgH4tixAqgHpr4bqAfMzrECqAfz0RuoB5bYG6gHqpuxAqgHjs4bqAeT2BuoB_DgG6gH7paxAqgH_p6xAqgHr76xAqgHmuGxAqgH1ckbqAfZtrECqAeaBqgH_56xAqgH35-xAqgH-MKxAqgH-8KxAtgHAdIILgiAYRABGB0yCIqCgICAgIAIOg2AQIDAgICAgKiAAqgDSL39wTpY8_XAr-nvkwOxCWIL-hQcGW83gAoBmAsByAsBogwDkAEBqg0CQlLIDQHiDRMIh6bBr-nvkwMV5kbDBh2v1CJj6g0TCPmrwq_p75MDFeZGwwYdr9QiY_ANAogO____________AdgTCtAVAZgWAcoWAgoA-BYBgBcBshcQGAEqCjIyNzk1NzU1MjFQBroXAjgBqhgXCQAAAABA_QNBEgoyMjc5NTc1NTIxGAGyGAkSAtdqGAIiAQDQGAHCGQIIAQ&ae=1&gclid=EAIaIQobChMIr6-IsOnvkwMV5kbDBh2v1CJjEAEYASAAEgKfRfD_BwE&num=1&cid=CAQS0AEABaugfVmokO6dO6J-KWdAkV8sCuAOd2lJpNdGgPqv1n-md7dD-uvAfwPSiNxMfQY6SQ0JxIIXmvS2Ok_CUcJ_FSwBQymDpAUGBXVPSLiwEwlTWCG-tt0MjK4ktwAgn9tmfObh9DOdPBs6YQsbwK6YEwA0Kwkaf86YkvhujrSjsXyyumZ27-QXQaPk3UVl1htnvQ2jSjQe1fCs1jwZJcmt0RyXh5fVXazcTj7GqWDjdEZppLeqtc7dkgYrSd4tpQxAvQWETfgz5vBo-lOWHK8cGAE&sig=AOD64_2d7c28xjLsm6EGSOFXeZruakNLSg&client=ca-pub-4075694933314520&rf=5&nx=CLICK_X&ny=CLICK_Y&uap=UACH(platform)&uapv=UACH(platformVersion)&uaa=UACH(architecture)&uam=UACH(model)&uafv=UACH(uaFullVersion)&uab=UACH(bitness)&uaw=UACH(wow64)&uafvl=UACH(fullVersionList)&nb=2&adurl=https://bmwagulhasnegras.com.br/%3Fgad_source%3D5%26gad_campaignid%3D21650296758%26gclid%3DEAIaIQobChMIr6-IsOnvkwMV5kbDBh2v1CJjEAEYASAAEgKfRfD_BwE,https://bmwagulhasnegras.com.br/?gad_source=5&gad_campaignid=21650296758&gclid=EAIaIQobChMIr6-IsOnvkwMV5kbDBh2v1CJjEAEYASAAEgKfRfD_BwE,,,,,
903,https://www.googleadservices.com/pagead/aclk?sa=L&ai=CHZxjuSrfabO6G5jzjeYP_ZXqmQe268i4hgHL-86BtBW_4R4QASC8luEQYJXikIKgB6AB7fO19wPIAQmpAnzZXHukxLM-4AIAqAMByAMKqgTHA0_Q4dZwC8881WJOHly1qjuHVssEbO6YPexGj-lItirPzwim31dHRDUoNLxS_mFnEN5n8iXlWlxxe81J3DIiEatuXdxy6-ppfcIpy08UBD97Kz8S6soUEA9Dufr02PXsZqcgwKqn6toyQIyQ0i1b60EvutqZx4Sfqs8UtezZ2Vxdau4FtjZVruKFoDM7b8rSBTjqzui08qLuT1PqXwZ4bDUQj4fG5g8STTAzZsWnorJu9P6nN2Gt-XR5qq48KQFE0adYo5fn_n_t-8SHtXzBjYZ0RyuVn4WpbkFJeSD40r8slNcMbYSOrMGI59gGWuJEjKW5BIP7WxIossa8E_kfnNCI_nngCF_WZB_38beqGSEMlDWQHtM3qpOHipkga42tHQjPem-KwHvHRWu06zPorgX7Va-lm_13NPjr-D9o_KP5nFAaFAZ-raSwaaUMBrk93S4GYYFhZJ6u3BHfYlEojVry-sDxbjByUQclodoPcZZIBKJI3dPanAp_i1S231RG8MaAEYFpTaE4hyUNUJrNHVFaREavRVl_l7tuKLQGqb1rE-t5Zy6w7DXHAX42cYXCrsBYjFrJ5W5gzMitL0TdI2VWfm-sQaljwAS6pbj11gXgBAGIBbem84dYoAYugAf7i8oIqAenzLECqAfi2LECqAemvhuoB8zOsQKoB_PRG6gHltgbqAeqm7ECqAeOzhuoB5PYG6gH8OAbqAfulrECqAf-nrECqAevvrECqAea4bECqAfVyRuoB9m2sQKoB5oGqAf_nrECqAffn7ECqAf4wrECqAf7wrEC2AcA0ggyCIDhgBAQARidATIIqoKAgICAgAg6DoDAA4CAhICAlKiIAqgHSL39wTpYj8uvjZjvkwOxCTYwdNtH9-5ogAoDmAsByAsBgAwBogwPKgoKCI7fsQKV4rECkAEBqg0CREXIDQHiDRMImfSvjZjvkwMVmHnDBh39ijpz6g0TCO68sI2Y75MDFZh5wwYd_Yo6c_ANAogO____________AdgTDYgUAtAVAZgWAcoWAgoA-BYBgBcBshcQGAEqCjY3MzE4NDAyNTBQBroXAjgBqhgXCQAAAACAqPhAEgo2NzMxODQwMjUwGAGyGAkSAqhOGC4iAQDQGAHCGQIIAQ&ae=1&gclid=EAIaIQobChMI8_qwjZjvkwMVmHnDBh39ijpzEAEYASAAEgJgW_D_BwE&num=1&cid=CAQScAAFq6B9JN4jRqyHe8za07wMWzsM1Xj0n3Aqs58lWuhLtJeOGqnuHEvXRFSdgc_DwC2nJRClcJigT7OXt2_1k4zu-Bl8wXXgWLfpcnJvOqsCx9Pwb-_5DI9u5C2IMnYffKnhZYzLbp1RQDlnAARABe8YAQ&sig=AOD64_1SqcLqDWYlmYbFZNd6Ie7OOrVe8w&client=ca-pub-2012933198307164&rf=4&nb=9&adurl=https://www.subaru.de/action-leasing%3Fgad_source%3D5%26gad_campaignid%3D23638889271%26gclid%3DEAIaIQobChMI8_qwjZjvkwMVmHnDBh39ijpzEAEYASAAEgJgW_D_BwE,https://www.subaru.de/action-leasing?gad_source=5&gad_campaignid=23638889271&gclid=EAIaIQobChMI8_qwjZjvkwMVmHnDBh39ijpzEAEYASAAEgJgW_D_BwE,yes,yes,yes,yes,yes
934,https://www.googleadservices.com/pagead/aclk?sa=L&ai=CfRltbmLgafC0IKazgeAPt638yAGV0LS3hgHppd3zohXHtemL3QIQASCS5skmYMfV_42EJqABu9aw1T7IAQLgAgCoAwHIAwiqBLECT9BYkMXkm38dWgGmntqI70d4wDW8yaTZAsjbR0LBXGua9poJURM_JDUIhO-rTL13NCmNHpSaEeJTkfBVOnzQpucB-12pKlCbV2IqGdHM5NhK5ZILH9coK2D1gapfACRE6zQC-SYQRy0tyM-x652t-sUmgHDkyeTF0BQKqJhMlfUFOmLkccD05bkH9On2wV-4RERyNByvXti-1qS_TpGQKXkVEVLEnzYmFB4VR3lSdflvdHaMadJyVH81TYOtYM4d5CaPBTu5vKuTaJUsWYw6v-e-xOPc2_IFMAb4d0xdKyj-eRvyMKZTIvt2CuEeFNeEDipehneoKFFwlWeGoaTsTGpxAKXSaeSDdJP_bCUzbKwIsitiIDXnYRjqVYNDPxLx2bxIL83BDbL1qqmjM7ooxWzABIGpiNDQBeAEAYgFr8Xp_lagBgKAB7uOgbUZqAenzLECqAfi2LECqAemvhuoB8zOsQKoB_PRG6gHltgbqAeqm7ECqAeOzhuoB5PYG6gH8OAbqAfulrECqAf-nrECqAevvrECqAea4bECqAfVyRuoB9m2sQKoB5oGqAf_nrECqAffn7ECqAf4wrECqAf7wrEC2AcB0ggvCIBhEAEYnQEyCIqCgICAgIAIOg2AQIDAgICAgKiAAqgDSL39wTpY8KLKr8HxkwOxCcUf2IsTCiGOgAoDmAsByAsBogwDkAEBqg0CWkHIDQHiDRMIuNLKr8HxkwMVplkABh23Fh8Z6g0TCIXdy6_B8ZMDFaZZAAYdtxYfGfANAogO____________AdgTDdAVAZgWAcoWAgoA-BYBgBcBshcQGAEqCjcxNDc4MjYwNzRQBroXAjgBqhgXCQAAAAC8NxxBEgo3MTQ3ODI2MDc0GAGyGAkSAoRTGAIiAQDQGAHCGQIIAQ&ae=1&gclid=EAIaIQobChMI8KPMr8HxkwMVplkABh23Fh8ZEAEYASAAEgLDSfD_BwE&num=1&cid=CAQS4gEABaugfQJuTb1M_kQmDL5_yl4PfyvqTEYMuknWIngY97b5r8iZ9vMpXxuzMMEZRIqK730BZtxafNx5LO0Y10rEpYa2BngAKxDPy1E2nmKMCv7hb3oaPbp6gfLlAiOwJIpQj4oU6vLjvdFEHml_OW8TymPVnWO6GfIZmbb1aKPxgQYIwwoA7a6GbhMQY-XwTNNOFSuZSw2QNSAj68fQqqK0TlJ-qShBnYVoQMYLqIj4LsBfpbW1IdIHTW5mcfkLJpbS2WCFnYGlFuX33LiFF5wJlynyESmEvI99IN5E4F3-yqqoGAE&sig=AOD64_3arITZZdubEEZrsq29sbrnNnzC0A&client=ca-pub-8162630360170543&rf=5&nx=CLICK_X&ny=CLICK_Y&uap=UACH(platform)&uapv=UACH(platformVersion)&uaa=UACH(architecture)&uam=UACH(model)&uafv=UACH(uaFullVersion)&uab=UACH(bitness)&uaw=UACH(wow64)&uafvl=UACH(fullVersionList)&nb=2&adurl=https://www.argentinawaters.com/fly-fishing/%3Fgad_source%3D5%26gad_campaignid%3D23351419567%26gclid%3DEAIaIQobChMI8KPMr8HxkwMVplkABh23Fh8ZEAEYASAAEgLDSfD_BwE,https://www.argentinawaters.com/fly-fishing/?gad_source=5&gad_campaignid=23351419567&gclid=EAIaIQobChMI8KPMr8HxkwMVplkABh23Fh8ZEAEYASAAEgLDSfD_BwE,,,,,
954,https://www.googleadservices.com/pagead/aclk?sa=L&ai=Cb45EL4XfaeSjEqrwjeYPnr7UyQGbs_Web9i5nq-6FL6g3q_DARABINrXxTlgzcDQj6wDoAHMg7evKcgBBqkC6h70yabnij7gAgCoAwHIA8sEqgTZAk_QjaU7Ztt-ETGL2JhdQHJgva91RmtNK7HOUxyHHGa-NTgKVWRBnp0DOuuDM7Vod2THWGfhvYsPu__ExTbxvpMXGo-sAO0XY3IWx3VVz4ZkEpFid1OIi0usazTdK-NiGBwbMgVHcI0gAS9Iqyd0y1ew3A2mduzPj9vj9oj2kqPbJqujxqXwqE7MSmgSgrJr_FPST9flv0Hf2nRAttPkIYqy3iu0Pf8wL-KvqkViuPxEUFe3fU_DphlBOQQPcNxEA7Z0MNqyQxYvaXXs6yLLXdPuGjAErzphRDXAMi38JCdmI0tYThhnztzbOcFuibkLSRTZLzvKmP0gkagBOI_ICtUkgGYGEWeY0e8cstNmW3XpzWhIBlBplJUyAEU2n-FO6a6zk8W60B4CEDmHx9xqjpHreTVqV0nyLFsmtNHC_SkuN_2-2P1TtK5LHrmrOK_FlPel722lxOWZasAEy6zusKIE4AQBiAXq-OPFSaAGN4AHzLuHjwSoB6fMsQKoB6a-G6gHzM6xAqgH89EbqAeW2BuoB6qbsQKoB47OG6gHk9gbqAfw4BuoB-6WsQKoB_6esQKoB6--sQKoB5rhsQKoB9XJG6gH2baxAqgHmgaoB_-esQKoB9-fsQKoB_jCsQKoB_vCsQLYBwHSCC4IgGEQARgdMgiKgoCAgICACDoNgECAwICAgICogAKoA0i9_cE6WIW88a_u75MD8ggbYWR4LXN1YnN5bi0xNjE0OTEzNTk4ODc1NDk2sQnBFanuWYxvT4AKA5gLAcgLAaoNAkJSyA0B4g0TCJbx8a_u75MDFSp4wwYdHh81GeoNEwiijvOv7u-TAxUqeMMGHR4fNRnwDQKIDv___________wHYEwrQFQHKFgIKAPgWAYAXAbIXEBgBKgo4NDY2MTU2MzU0UAa6FwI4AaoYFwkAAAAA6G8HQRIKODQ2NjE1NjM1NBgBshgJEgKXTxg3IgEA0BgBwhkCCAE&ae=1&gclid=EAIaIQobChMIpPfzr-7vkwMVKnjDBh0eHzUZEAEYASAAEgIbS_D_BwE&num=1&cid=CAQShgIABaugfcuYYcfuYJZdvoEv51qzjlQ0BWynSUJ8KdO6kcCR3z7vd_36clW4hZTDZkuQqEaL4NrVsqPQmaNgzEY1I9w61k2nPaB2rVTfXEKIdC8KtjBw7TlNYBPlKxtHHfNB6PMfOvQlrn_vbhR4OJ-rph4EdgO-KlLj0DmkDtggwnw2-QkLuxePPfkKHOJXo0k4KT3evID_YWDpuB3NIOW-jJlZ7QYRFmtAH5c-A5GC2mk30yhY1KmguesJaw-_tY0SBizmsF2Mn7gftF5bV5uwfVa441oga0EFmo7f_SXuSf2woh10MovMvU4F5jIuZ-LeL7keD00SFwbqiT3NKBRgaK0m8MrTGAE&sig=AOD64_2dUWV7Cavd1dlRWoZO7iMvIwcviQ&client=ca-pub-3605257360853185&rf=1&nb=9&adurl=https://vintagegaragecwb.com/%3Fgad_source%3D5%26gad_campaignid%3D19742129258%26gclid%3DEAIaIQobChMIpPfzr-7vkwMVKnjDBh0eHzUZEAEYASAAEgIbS_D_BwE,https://vintagegaragecwb.com/?gad_source=5&gad_campaignid=19742129258&gclid=EAIaIQobChMIpPfzr-7vkwMVKnjDBh0eHzUZEAEYASAAEgIbS_D_BwE,no,,,,
1145,https://www.googleadservices.com/pagead/aclk?sa=L&ai=Cn6k8ls7fabrXF-GJjeYPlcmDyA_q9rXNhQGu-LCZ_hOZqdDokg4QASD719QfYJsDoAHp3fG9P8gBBuACAKgDAcgDCqoE2AJP0DCV8MOZ0EK74TI2OxmcbbG0-61S85bTqWjGShYUaQG73W5no7Kpu1p8wL8a1zVREvMUeKSkuvp0fvSLXF8YNgY3236wsRpyEZuXiGPDLKmxOOVmp4rz_ODdUnbGoXqgFl8G0DVQrHquPP9vmBwF-ELb91MjLjTRvSl2RR8YJTvj_N8la-g5ZW9M9JYA6l73C0spnFgrWY7T6zjH-SE9lW8YpTptnUZgM9UmTQZCd8GFtyj9VELzbby4CiMWdXorME4Zwnb9l9kb34OYHWBC3cfO1CAQMqI232zbFsulv62ywUjNG1r1jOyK_R-T8QHkSlFSxXH7ZsooJOCKc2KgWwGBeCL9wxUUnb6FaWWZlqhg3ETvkvDZPR6XndYaAe5tLFqZwm6OOHB5VaZ_ku3pBitUryhjOkl_pZELTKytMvWQmC_bq5f0MiOQDawif8J7HXgDIYL53cAE877A2JoF4AQBiAWe-_vnU6AGN4AH6ZXCnRqoB6fMsQKoB-LYsQKoB6a-G6gHzM6xAqgH89EbqAeW2BuoB6qbsQKoB47OG6gHk9gbqAfw4BuoB-6WsQKoB_6esQKoB6--sQKoB5rhsQKoB9XJG6gH2baxAqgHmgaoB_-esQKoB9-fsQKoB_jCsQKoB_vCsQLYBwHSCC4IgGEQARgdMgiKgoCAgICACDoNgECAwICAgICogAKoA0i9_cE6WIiRl7C08JMDsQkaK0Rz1DuLuoAKA5gLAcgLAaIMA5ABAaoNAktSyA0B4g0TCIuvl7C08JMDFeFEwwYdleQA-eoNEwjL0ZiwtPCTAxXhRMMGHZXkAPnwDQKIDv___________wHYEwOIFALQFQGYFgHKFgIKAPgWAYAXAbIXEBgBKgo2NjU2MTE4MDY5UAa6FwI4AaoYFwkAAAAAyBoBQRIKNjY1NjExODA2ORgBshgJEgKwUxg3IgEA0BgBwhkCCAE&ae=1&gclid=EAIaIQobChMIuvqYsLTwkwMV4UTDBh2V5AD5EAEYASAAEgLAZvD_BwE&num=1&cid=CAQS4wEABaugfdTvjC8BRLPRirycieDfrK-AGIis5LqCMwu9gnqpblKZGnPIKX__Iemu9mu9Uy2_KJGZlVIZ4SkP--MQ8iQ_whbceP2xIUeq58c8MxEtg0c9JY7w8yMPTWmRGYXGuRa1FPB2awwLBNiKAbwcyTHdhivUe5Omte93hqYxVdn-LAwjEjtVu89rHHwFqA6Zoru0plPSZYXkBtF-psMTaPi0ew21lV_sZgJLKKgCcVWXRW2Oz4S59nGoD6Lp0uyjDBkn9aOtwh5mIP3i-mfNuu2tD5AlfCbPyBylLm6UqHv2wxgB&sig=AOD64_3t_Uwdr105yDr1qoLB6U72D4Cw7A&client=ca-pub-9867995726204524&nx=CLICK_X&ny=CLICK_Y&uap=UACH(platform)&uapv=UACH(platformVersion)&uaa=UACH(architecture)&uam=UACH(model)&uafv=UACH(uaFullVersion)&uab=UACH(bitness)&uaw=UACH(wow64)&uafvl=UACH(fullVersionList)&nb=9&adurl=https://sjpdyou.com/%3Fgad_source%3D5%26gad_campaignid%3D22498180510%26gclid%3DEAIaIQobChMIuvqYsLTwkwMV4UTDBh2V5AD5EAEYASAAEgLAZvD_BwE,https://www.google.com/,,,,,
1217,https://adclick.g.doubleclick.net/aclk?sa=l&ai=CXIEdB_TeaZWyCv6YjeYP2vnw2QGNm7HQdf2-tdSWEtHz17WSDhABIK-VuxpgiQOgAanhkIYDyAEJqQI5JWbVM-unPuACAKgDAcgDCqoEzAJP0AO30pgTEHONUdvdZIhFQmzBly-dL9NjQIYd-xIfy8UNFgUeCnLzrU8XTASi2nzIQ6V5PyrpRFC6iv_G_Xk7f4d6Dz6uc8Eyl812jr5GYGqtXByZcZn08lKM5r94858UruBK4bihxxP4JpjY6jJCwHkWK5grlW5t2szUYpRcQiyEuseRy2YV2xq0fi1Qqqf0PQ4nS4ulU4WUI1EoZ_pMNHjlnvkP8IqmAmA1STHW93jMTMBKtx3zR7fv8wQAf911j_NdHJR6uRjurS5hoLDn9gZxJ_H2LoxskgFvOKknW-q2nSng5x-UtCGxZZOywaDS8YWX5ofypqUJC95AjBqhQxJB6yC67O3XuEWSpN51fKJqegdWDM1TiYEGHdxZ9QaBK5LybQko2uQjo_ej34RA2ctgDbOE2H5QizZnPLpMaeZxo3Wm1JCmkzEs0cAEodyW2MsE4AQBiAXhnZGYTqAGLoAHv57veagHp8yxAqgH4tixAqgHpr4bqAfMzrECqAfz0RuoB5bYG6gHqpuxAqgHjs4bqAeT2BuoB_DgG6gH7paxAqgH_p6xAqgHr76xAqgHmuGxAqgH1ckbqAfZtrECqAeaBqgH_56xAqgH35-xAqgH-MKxAqgH-8KxAtgHANIILgiAYRABGB0yCIqCgICAgIAIOg2AQIDAgICAgKiAAqgDSL39wTpYub_H-OPukwPyCBthZHgtc3Vic3luLTQxNTY3ODAzNTc1ODcwNTixCfF4RH3XshXcgAoDmAsByAsBgAwBogwDkAEBqg0CSlDIDQHiDRMI_eLH-OPukwMVfkzDBh3aPDwb6g0TCMipyfjj7pMDFX5MwwYd2jw8G_ANAogO____________AbgT5APYEwPQFQGYFgHKFgIKAPgWAYAXAbIXEBgBKgo5NTEzMjQ2NDIwUAa6FwI4AaoYFwkAAAAAwP_1QBIKOTUxMzI0NjQyMBgBshgJEgKTThguIgEA0BgBwhkCCAE&ae=1&gclid=EAIaIQobChMI1dHJ-OPukwMVfkzDBh3aPDwbEAEYASAAEgKcz_D_BwE&num=1&cid=CAQS0gEABaugfVGUYWEPR8PN3d9mDw5Vhgafm2UNoErHe15pjuYOo8iKu42DNxNRj-exW_q6IvxbKmjm1XvltjTbXUedk47k60DiGxBMsaSYuIUW0mNRUfp3alGHwrwyx2Eo1EcdPSZeNa_-lx-N02YqvUIjdSg1IFSre0A0grimGEzzOFv15v4NUTBSMQkdQMTrqAwVV3xhurdSF3W5nhjFv9M7gO0djqHOWtWNVxsHJbfE-Ww-OLYs-RhuAQX9AwgK3f1LP-lS-YqQrS00ABaWDvQa9UAYAQ&sig=AOD64_0ch4E5zfLEhCSgmZk_QfJu-_971g&client=ca-pub-1313834454494130&rf=4&nb=9&adurl=https://marionhp.com.au/%3Fgad_source%3D5%26gad_campaignid%3D20988579553%26gclid%3DEAIaIQobChMI1dHJ-OPukwMVfkzDBh3aPDwbEAEYASAAEgKcz_D_BwE,https://marionhp.com.au/?gad_source=5&gad_campaignid=20988579553&gclid=EAIaIQobChMI1dHJ-OPukwMVfkzDBh3aPDwbEAEYASAAEgKcz_D_BwE,,,,,
892,https://www.googleadservices.com/pagead/aclk?sa=L&ai=CErobuCXfaf3CAv6DjeYP8d27-A3dqbWghgHJlsCH4xXm8pe2iw4QASD6qYoXYJXikIKgB6AB8fiWtijIAQLgAgCoAwHIAwiqBLYCT9D2-L0PN4c-xrUX32km4yuJEXJ0Ix6AdHjoh8AgTHRYFnoTqLL46NHDsGamThiLtFFI7YDwnZEenIE9hIYmNx832x-1QSAGjOzxNJr4ZR2ahGyU2oArGTafgw8lBDb2U9htItqpFyw50eH3gTcoY4KcW8dfFDplzjkuE_53YRExOZPzTJCEg4cbvMHd1HkD0yGOQ3ycOzB-ZuPWjyW8cbe1T-fStOMwIef5gKWbjwGSVsORFymwv4fKFzr9Tv4ZyTbB1SQS-4uBnmzqOjd_V92du0GiDSEkUvJqGQBjX9q35Q2b8jr29DZB6HTrmeVtqDDzK33EdrPzmj9zoj_eZR-kDxaTHa8MtE-7cIbfKDyj3Q0FZ157grH3haJDVkEIWqHG7oCShxwnHIzC2Pj2TT8QWAfNCsAEld7OhJAE4AQBiAXc4NS6SKAGAoAH8bDnlQOoB6fMsQKoB6a-G6gHzM6xAqgH89EbqAeW2BuoB6qbsQKoB47OG6gHk9gbqAfw4BuoB-6WsQKoB_6esQKoB6--sQKoB5rhsQKoB9XJG6gH2baxAqgHmgaoB_-esQKoB9-fsQKoB_jCsQKoB_vCsQLYBwHSCDIIgOGAEBABGJ0BMgiqgoCAgICACDoOgMADgICEgICUqIgCqAdIvf3BOlj9r6yqk--TA7EJovZb3L0dy7GACgOYCwHICwGqDQJERcgNAeINEwio56yqk--TAxX-QcMGHfHuDt_qDRMIsb2tqpPvkwMV_kHDBh3x7g7f8A0CiA7___________8B2BMN0BUByhYCCgD4FgGAFwGyFxAYASoKOTMzMjc5MjkwNlAGuhcCOAGqGBcJAAAAABBl9kASCjkzMzI3OTI5MDYYAbIYCRICoE8YAiIBANAYAcIZAggB&ae=1&gclid=EAIaIQobChMI_f6tqpPvkwMV_kHDBh3x7g7fEAEYASAAEgK0qvD_BwE&num=1&cid=CAQScAAFq6B9gOdjrYEVe1XeHQnitIzseSvUyXGHQAnI1oMumW1ohuHr0YHBBjKPQCvtTLols3lEx9rKK3Aj2WAkZRP5Sotnw1YJ2y3BTPrFa3FSN8qTFZBK1Lxthp52RbOcpvMSx6lB2rUGNYVdmuaJRsUYAQ&sig=AOD64_0ha4l_tZx6pwYy_5ct1rhtCJ_L2w&client=ca-pub-5405132603504384&rf=5&nx=CLICK_X&ny=CLICK_Y&uap=UACH(platform)&uapv=UACH(platformVersion)&uaa=UACH(architecture)&uam=UACH(model)&uafv=UACH(uaFullVersion)&uab=UACH(bitness)&uaw=UACH(wow64)&uafvl=UACH(fullVersionList)&nb=2&adurl=https://flexjet.com/de-de/fleet/praetor-600%3Futm_source%3Dgoogle%26utm_medium%3Ddisplay%26utm_campaign%3DDE2026%26utm_content%3Dpraetor_600%26gad_source%3D5%26gad_campaignid%3D19450376284%26gclid%3DEAIaIQobChMI_f6tqpPvkwMV_kHDBh3x7g7fEAEYASAAEgK0qvD_BwE,https://flexjet.com/de-de/fleet/praetor-600?utm_source=google&utm_medium=display&utm_campaign=DE2026&utm_content=praetor_600&gad_source=5&gad_campaignid=19450376284&gclid=EAIaIQobChMI_f6tqpPvkwMV_kHDBh3x7g7fEAEYASAAEgK0qvD_BwE,,,,,
890,https://www.googleadservices.com/pagead/aclk?sa=L&ai=CINqHRTrgaeHZGJaGjeYPuf3t2Ari7erohQHpqc-I7BW2zN3VxQEQASC-z4caYMfV_42EJqAB1fCghgPIAQLgAgCoAwHIAwiqBL8CT9BULp7LGF7HChI_CUYw-vihrxliL7HinrRuwsnpm6860Rscxq8r9X8Yt6U_gF3VW81JICAzYsP2kBVgTR42P03187aGcuRVDtZY_xPUkNBBPoif1pqJ8VMEsHTpXNGeP_yVJsy0yAPJ3F89uWGMEJvo4qikGcGv0J7ESqyYhYHLOztClisKFdN_eT_3qxS3VZWcCBZbIeWrGG4TPQs0lTfnq4GTP7X_REqRtJkb-KEx1rIqhMCuSn6dKkX5ypmEyHidadi0YnSbIhOdwDqwANKQ6g8k_tda3ikrMcHNHjvrVQ29kF1mHcF7hpx0obgtZiDyOwguRas0BiwHIx72ElMIzoF28FCo94dx0GQsFZQz1RpF65eg8rwuyNDIiiJC6XrCHhAQ-pBFe2-XDPMLXJVJSpFtwWN3W_mkAfSzuMAE_b-AtakF4AQBiAWv3IaoVaAGAoAHk4_feagHp8yxAqgH4tixAqgHpr4bqAfMzrECqAfz0RuoB5bYG6gHqpuxAqgHjs4bqAeT2BuoB_DgG6gH7paxAqgH_p6xAqgHr76xAqgHmuGxAqgH1ckbqAfZtrECqAeaBqgH_56xAqgH35-xAqgH-MKxAqgH-8KxAtgHAdIILgiAYRABGB0yCIqCgICAgIAIOg2AQIDAgICAgKiAAqgDSL39wTpY6o6UiZvxkwOxCdxqD5Lw3nEqgAoDmAsByAsBogwDkAEBqg0CWkHIDQHiDRMIvcOUiZvxkwMVFkPDBh25fhur6g0TCMa7lYmb8ZMDFRZDwwYduX4bq_ANAogO____________AdgTDdAVAZgWAcoWAgoA-BYBgBcBshcQGAEqCjM4NTI2MDc0MzhQBroXAjgBqhgXCQAAAADYdgVBEgozODUyNjA3NDM4GAGyGAkSAqtOGAIiAQDQGAHCGQIIAQ&ae=1&gclid=EAIaIQobChMIoZCWiZvxkwMVFkPDBh25fhurEAEYASAAEgLChPD_BwE&num=1&cid=CAQS0AEABaugfdDywPZVpINorD5LnOGYTh6uB3HTfoNWrMiLEoutdMctuS8Nd8ho1iSHsj6sgcAetBiIBgZLGdhMrsQsH4RE5A8FV9LJeZ0QZADFVx1MYJpLsP7Qdnov7lC0DkXx5nDGBoNPC9U2WSP0pw0G7lH6xuf0uhxC7HdbeH3GXzP8Ae2EZhrAxTHO0bgk5L1ZuDYWcBcfRCKB92LP39DRsIN0_fxVzcOwkKF-yoYKPiMqqc2i_zdF3krrqdKfDHmvlvPsct23fQv34HhJLXW7GAE&sig=AOD64_0pfJINuLtiIZe34L0uNfgu1dlrEQ&client=ca-pub-6453680425766689&rf=5&nx=CLICK_X&ny=CLICK_Y&uap=UACH(platform)&uapv=UACH(platformVersion)&uaa=UACH(architecture)&uam=UACH(model)&uafv=UACH(uaFullVersion)&uab=UACH(bitness)&uaw=UACH(wow64)&uafvl=UACH(fullVersionList)&nb=2&adurl=https://www.pathfinderboats.com/pathfinder-2200-trs%3Futm_source%3DGoogle%26utm_medium%3Ddisplay%26utm_campaign%3D2200TRSTakeover%26utm_term%3D%26utm_campaign%3DPathfinder%2B%257C%2BBranded%2B%257C%2BDisplay%2B%257C%2BIn%2BMarket%26utm_source%3Dadwords%26utm_medium%3Dppc%26hsa_acc%3D2693201488%26hsa_cam%3D22901009967%26hsa_grp%3D182915702781%26hsa_ad%3D801221441673%26hsa_src%3Dd%26hsa_tgt%3D%26hsa_kw%3D%26hsa_mt%3D%26hsa_net%3Dadwords%26hsa_ver%3D3%26gad_source%3D5%26gad_campaignid%3D22901009967%26gclid%3DEAIaIQobChMIoZCWiZvxkwMVFkPDBh25fhurEAEYASAAEgLChPD_BwE,https://www.pathfinderboats.com/pathfinder-2200-trs?utm_source=Google&utm_medium=display&utm_campaign=2200TRSTakeover&utm_term=&utm_campaign=Pathfinder+%7C+Branded+%7C+Display+%7C+In+Market&utm_source=adwords&utm_medium=ppc&hsa_acc=2693201488&hsa_cam=22901009967&hsa_grp=182915702781&hsa_ad=801221441673&hsa_src=d&hsa_tgt=&hsa_kw=&hsa_mt=&hsa_net=adwords&hsa_ver=3&gad_source=5&gad_campaignid=22901009967&gclid=EAIaIQobChMIoZCWiZvxkwMVFkPDBh25fhurEAEYASAAEgLChPD_BwE,yes,yes,,,
902,https://googleads.g.doubleclick.net/aclk?sa=l&ai=CzAxa9TTfaf66LJKjjeYPosmnyA_AkrCwhQHouofYlhWwkB8QASCQgfMlYJXikIKgB6ABjZez3APIAQGpAnqKRZfsx7M-4AIAqAMByAPLBKoE1QJP0G1QNGowyTwX6V8EEOVHv7BlZF8JB9ePwZrfBPITpTgus58GuqSgqvFAXxlTy-Mg8I1XKRuTDeZDRITEoyxlGKC8_-OPLHmEZJGBsbz6OhYq6EFQWl3u3rD-ncZ88stwDGzXYrnjltB3d_70zKF4WX7fz4VKeQLfjeZXpgxYkZYYz7DHAYcoQAWEBfx-TT29sDY3fg97JUHeVmd5XVh320MiB-tETjN0NoVg8ydVcg5B-3vffETzUygQRxXi-gw84fYJaVaRDzgz-Iwa_BPlm_GJ7qSXJQQcRdpTw0q9yLH_plya1MHlzw5kLjaP9QI1Gr-YyQ_XJZ3UXmupjhMGLtzs52hGEv6-PYUGZK8NJv1mOdi8ymHG3Yxx2fy4U_BIeiPcKDpExQF_wQL6bW_tHXYXf_JYwX1QJwWDz1zcPelTWpecfDXFDCOGNhu4w6w3Nw--0MAE1om7vcsF4AQBiAXBy57mV6AGLoAH2-jMI6gHp8yxAqgH4tixAqgHpr4bqAfMzrECqAfz0RuoB5bYG6gHqpuxAqgHjs4bqAeT2BuoB_DgG6gH7paxAqgH_p6xAqgHr76xAqgHmuGxAqgH1ckbqAfZtrECqAeaBqgH_56xAqgH35-xAqgH-MKxAqgH-8KxAtgHAdIIMgiR4YBQEAEYnQEyCKuLgICggIAKOg6AgAWAgICAgJSoiAKoB0i9_cE6WJ6r6e6h75MDsQlSM1U7JUoGOIAKA5gLAcgLAaIMA5ABAaoNAkRFyA0B4g0TCN3R6e6h75MDFZJRwwYdouQJ-eoNEwiu5enuoe-TAxWSUcMGHaLkCfnwDQKIDv___________wHYEwyIFAHQFQGYFgHKFgIKAPgWAYAXAbIXEBgBKgozNTg1NzExMTc2UAa6FwI4AaoYFwkAAAAAUJTwQBIKMzU4NTcxMTE3NhgBshgJEgKxXxguIgEA0BgB6BgBwhkCCAE&ae=1&gclid=EAIaIQobChMIvonq7qHvkwMVklHDBh2i5An5EAEYASAAEgIER_D_BwE&num=1&sig=AOD64_3Uyq6Iz6VGS4Avy462ulMHdYPvwA&client=ca-pub-9040680041623400&rf=1&nb=19&adurl=https://testen.lexware.de/Buchhaltung/%3Fcid%3D4886%26em_src%3Ddisplay%26em_cmp%3Dgoogle_lo/00_Demand-Gen_(Display)/Custom_Intent:_Interesse/Kaufabsicht/%26gad_source%3D5%26gad_campaignid%3D23568295361%26gclid%3DEAIaIQobChMIvonq7qHvkwMVklHDBh2i5An5EAEYASAAEgIER_D_BwE,https://testen.lexware.de/Buchhaltung/?cid=4886&em_src=display&em_cmp=google_lo/00_Demand-Gen_(Display)/Custom_Intent:_Interesse/Kaufabsicht/&gad_source=5&gad_campaignid=23568295361&gclid=EAIaIQobChMIvonq7qHvkwMVklHDBh2i5An5EAEYASAAEgIER_D_BwE,yes,yes,yes,yes,yes
941,https://www.googleadservices.com/pagead/aclk?sa=L&ai=CkbV8S1rgabTRD7uB3NMP-8vwwQHrnIGphAHHhMafixbA143xqTgQASD_8PghYMfV_42EJqAB8fzElAHIAQngAgCoAwHIAwqqBPkCT9AXxlZ0DcRgiJzh8MS_vG_SJq57RIT6_1NUi074ytA0wXHkTfEpqP3xOgluMAcdL7NaA8mrT08zoJ_jqa_S_iOtHx0ME8cYa4OIMBnYrMqEWqCBW5gYZ0wuzMleWrR8RZGH9Frj7Uk2JtWs1TTMA6F2R9madMq4IjGDeBlOKmMyLVu3tBaf3Oeh2etCTTV8yP6aSH62y7j7PS31bButn-ACxbeS_QrLFUBIQuso429U-ei4mCv-cLD-FDtjiMLds3trH09trwN8CdNwWLnSqVtqlva-XPVQQLrBE22gOR7a8rlFmFSbLZO85Z1QiSGYua7EtjrDAgsmE3InAcFtNCMagNDkI-fdoyxhy6Zh-xgylq8akXgOu0oi-QQREnXvtGPqvqygGs5IFZp0Be-suOzp-aAWKv093B3xfGtwnEweD89fqtB2gdWRJV8RI3nCpm_FNwmhAHaEoVwoAVV92_vZk6RxvY8tqFYoS2gbGl4ZHzFJiQep0tnABJCF3d7ZBeAEAYgFl42Si1KgBi6AB_eCu-sCqAenzLECqAemvhuoB8zOsQKoB_PRG6gHltgbqAeqm7ECqAeOzhuoB5PYG6gH8OAbqAfulrECqAf-nrECqAevvrECqAea4bECqAfVyRuoB9m2sQKoB5oGqAf_nrECqAffn7ECqAf4wrECqAf7wrEC2AcA0ggvCIBhEAEYnQEyCIqCgICAgIAIOg2AQIDAgICAgKiAAqgDSL39wTpYy5WZzrnxkwOxCUpyp7Bz6vSjgAoDigqvA2h0dHBzOi8vdHJhY2sudHJhZmZpY2d1YXJkLmFpL2NoYXJnZWZsb3dfaW8vZ29vZ2xlLWFkcy92MS9jbGljay8_cHJvcGVydHlfaWQ9dGctMDIxMTQwLTAwMSZzb3VyY2VfaWQ9eCZjcmVhdGl2ZV9pZD0mY2FtcGFpZ25faWQ9MjIwMzUwNTgyNDgmY3JlYXRpdmVfc2V0X2lkPSZwbGFjZW1lbnRfaWQ9JmtleXdvcmQ9JnNlc3Npb25faWQ9e2djbGlkfSZmZWVkaXRlbWlkPSZ0YXJnZXRpZD0mbG9jX2ludGVyZXN0X21zPTIxMTQyJmxvY19waHlzaWNhbF9tcz0xMDI4NjY1Jm1hdGNodHlwZT0mZGV2aWNlPWMmZGV2aWNlbW9kZWw9JmlmbW9iaWxlPSZpZm5vdG1vYmlsZT0xJmlmc2VhcmNoPSZpZmNvbnRlbnQ9JnRhcmdldD0mcGFyYW0xPSZwYXJhbTI9JnJhbmRvbT0xNTExODM0MTA0MzY5Mjc0NjI0JmFkcG9zaXRpb249JmRlc3RpbmF0aW9uX3VybD17bHB1cmx9mAsByAsB4AsBgAwBqg0CWkHIDQHiDRMIvruZzrnxkwMVuwB3BB37JTwY6g0TCNjTms658ZMDFbsAdwQd-yU8GPANAogO____________AbAOjJOs7xjYEwzQFQHKFgIKAPgWAYAXAbIXEBgBKgo0NTcwMjQ0MTgzUAa6FwI4AaoYFwkAAAAAtPUUQRIKNDU3MDI0NDE4MxgBshgJEgLtThguIgEA0BgB6BgBwhkCCAE&ae=1&gclid=EAIaIQobChMI9KKbzrnxkwMVuwB3BB37JTwYEAEYASAAEgIfffD_BwE&num=1&cid=CAQS4gEABaugfQBNsTcOt-OHqr3jW9rxS_5WvdWU2T0qEWk0ipG6nToRHQ5DzYcV1rQfBX1KDlT3yi362bsjPl9ybrNIKhJStPXoZk7lPZBjjGisz8H8b2jpeELWLeddfzuKiBORRwSbqG9bAH3UgwFqE-n5l-1XhEl_A2sVkPkgwtnXVThGtjtR9EIZaTlmvh1INIRCcln79BpmGdbflYD2s2grpfxOsFgjn2i7P6U35196JbkYeZh3tDrZacPRU3ucz6w1NVi9DAPTZM2O96OEMk_M46gOywy5iwLSF3VBomGvAweNGAE&sig=AOD64_2eyytpCXWzzzTjIHG6KPgb48Ozng&client=ca-pub-1037373295371110&rf=4&nb=9&adurl=https://apps.shopify.com/chargeflow%3Futm_source%3Dgoogle%26utm_medium%3Dcpc%26utm_campaign%3DPmax_Shopify_US%26utm_term%3D-%26utm_content%3D%26adgroupid%3D%26gclick%3DEAIaIQobChMI9KKbzrnxkwMVuwB3BB37JTwYEAEYASAAEgIfffD_BwE%26utm_term%3D%26utm_campaign%3D%26utm_source%3Dadwords%26utm_medium%3Dppc%26hsa_acc%3D5786618872%26hsa_cam%3D22035058248%26hsa_grp%3D%26hsa_ad%3D%26hsa_src%3Dx%26hsa_tgt%3D%26hsa_kw%3D%26hsa_mt%3D%26hsa_net%3Dadwords%26hsa_ver%3D3%26gad_source%3D5%26gad_campaignid%3D22035072663%26gclid%3DEAIaIQobChMI9KKbzrnxkwMVuwB3BB37JTwYEAEYASAAEgIfffD_BwE,https://apps.shopify.com/chargeflow?utm_source=google&utm_medium=cpc&utm_campaign=Pmax_Shopify_US&utm_term=-&utm_content=&adgroupid=&gclick=EAIaIQobChMI9KKbzrnxkwMVuwB3BB37JTwYEAEYASAAEgIfffD_BwE&utm_term=&utm_campaign=&utm_source=adwords&utm_medium=ppc&hsa_acc=5786618872&hsa_cam=22035058248&hsa_grp=&hsa_ad=&hsa_src=x&hsa_tgt=&hsa_kw=&hsa_mt=&hsa_net=adwords&hsa_ver=3&gad_source=5&gad_campaignid=22035072663&gclid=EAIaIQobChMI9KKbzrnxkwMVuwB3BB37JTwYEAEYASAAEgIfffD_BwE,,,,,
896,https://googleads.g.doubleclick.net/aclk?sa=l&ai=Ct0yGGM_eae74KuaKjeYP2-CF0QuPlZW9hgHEtfPdrhXC49LgsgEQASCn2cwjYKW4moCcAaAB3NXfoAPIAQKpAuvhUl8j46c-4AIAqAMByAMIqgToAk_Q0wcL42fHFda6cCr5HbKP53lYAZicDfHZSDPZsY85SZtg1EZZrpP88VcV6x84UiOpEfZLMNYPLmnR5AZc4nxIgnyA-e3EqiCFl8cECItrTkTVgzg05URXERgZy7FCkRvXkx34fd9FoADUi47TAltsVt3togrKIHzRuR347TnOOuzEi0_5QYG2EPK_RGWwhSyIpJh5o3iOgrtql7ZBNNu0Ck5jBMT0IaAK3iHD3jS3DWJ3J0Q8J87riOaTaOvYcQ1h7A31SvlNjjKjBmHNIiAY6qdtipA6HH9ypUuxtKe8um06RzCBuZZK2f67fag40kgbWDJ0Em3G0vjY7cFWEJTcDbAsPN9p6tscXbfreRWUQSfjcGlDaCir4XjjfJg496y-0aXDwbVgg8lH7zjvdvCtU9nYGsNjUftrXNDT3VxgmNtMJQZiIeRzZ-GanKy1d44R-PTIh8Z3Jk_iqUmeitBz2rSQ8W4WbsAE5eipr9cF4AQBiAXtj8O5WKAGAoAHuYiG6BioB6fMsQKoB6a-G6gHzM6xAqgH89EbqAeW2BuoB6qbsQKoB47OG6gHk9gbqAfw4BuoB-6WsQKoB_6esQKoB6--sQKoB5rhsQKoB9XJG6gH2baxAqgHmgaoB_-esQKoB9-fsQKoB_jCsQKoB_vCsQLYBwHSCC8IgGEQARidATIIioKAgICAgAg6DYBAgMCAgICAqIACqANIvf3BOlja16jcwO6TA7EJn_HX-PdsauCACgOYCwHICwGqDQJBVcgNAeINEwiThqncwO6TAxVmRcMGHVtwIbrqDRMI-6Sq3MDukwMVZkXDBh1bcCG68A0CiA7___________8B2BMD0BUByhYCCgD4FgGAFwGyFxAYASoKNTA3NTU3MzU0M1AGuhcCOAGqGBcJAAAAAIiZCkESCjUwNzU1NzM1NDMYAbIYCRICk04YAiIBANAYAegYAcIZAggB&ae=1&gclid=EAIaIQobChMI7uSq3MDukwMVZkXDBh1bcCG6EAEYASAAEgLAQvD_BwE&num=1&cid=CAQS4wEABaugfWmxGWuDvWGkeDkcEG7L1wxtVQJMvAj5WAOtV_YncMGANPPbpF4nNmBW3ao3vTbUBpGEyI-tw-QOOlgdx6li3LQqc9b1MugZwiSvq-IBH1dnag7GFUhr5ugbJjGI0cBjGcycutjaevyEIk_Gy6DMGdwXarw-wk8TOfQ1L_fm8kfLbAefUham4mPeqdrCzZJ72sqXLOM0yszXY5gBZBLMsJoFi9tSn89TSUr9iOk9_Ysf_oOlufsTndvpJHSbaBOFyDD_6vF1hDzyx4xyv447n4Mz8csZwKYmk5WvB6Mf4xgB&sig=AOD64_0Yb4vtHO2jyqOlebPxNidvM7yL_w&client=ca-pub-3933051677849271&rf=5&nx=CLICK_X&ny=CLICK_Y&uap=UACH(platform)&uapv=UACH(platformVersion)&uaa=UACH(architecture)&uam=UACH(model)&uafv=UACH(uaFullVersion)&uab=UACH(bitness)&uaw=UACH(wow64)&uafvl=UACH(fullVersionList)&nb=2&adurl=https://www.allhomes.com.au/11-wendy-paramor-terrace-whitlam-act-2611%3Futm_source%3Dgdn%26utm_medium%3Ddisplay%26utm_campaign%3Dallhomes-off-network%26utm_content%3Dplatinum-edge%26bid_type%3DVIEWABLE_CPM%26gad_source%3D5%26gad_campaignid%3D23742957549%26gclid%3DEAIaIQobChMI7uSq3MDukwMVZkXDBh1bcCG6EAEYASAAEgLAQvD_BwE,https://www.allhomes.com.au/11-wendy-paramor-terrace-whitlam-act-2611?utm_source=gdn&utm_medium=display&utm_campaign=allhomes-off-network&utm_content=platinum-edge&bid_type=VIEWABLE_CPM&gad_source=5&gad_campaignid=23742957549&gclid=EAIaIQobChMI7uSq3MDukwMVZkXDBh1bcCG6EAEYASAAEgLAQvD_BwE,,,,,
1238,https://www.googleadservices.com/pagead/aclk?sa=L&ai=CXIDyIqjfaZ_KOrG2geAPxMvAiA2b5d6chgGrzfGitBW2kB8QASDH6_YeYJsDoAHltqPSKsgBCeACAKgDAcgDywSqBMcCT9AgvkDlkLjkTPUAJh-qGincJhgYW_FpSx5aYQbEyzzhRDy8Os6kh8GL53ff9tGSekDI_vHXk7IwPqdQ5dEjgBgyvGEHh0G8LnYEHZmn2j9BOSGjvTUK2sarnSb2XXry3vqOo_hg2tO_pwq4MsO1X73EhPMj8B6QeXZBQs0nQLlX2vg79Nqz8r6uoJ_EDnVd1nX6glAe-NSDgyRpUTRQ95p8B29fjiwdapJFCfFCMBj5dSbyQCBM73w-yWJ3fyHQurO8OvKun3uzqFMTrPyot0Lpz2tQS4iGgol6Kp5FgtSziCBS1XCYGS37U_LN7CZMyuZCXjO5Cp-qGiP4HmFdgGC9pLjo2Ggqjk5PzRiF0hcj4KyT4gjR1cjwDX6BLXEtE0UIbDgWY-HtzKGKJNWTBL6SJCAt8nBAglEk7w_m3uFeE0bOapDPwAT096nB0gXgBAGIBfuI-slXoAYugAfl7vOxBagHp8yxAqgHpr4bqAfMzrECqAfz0RuoB5bYG6gHqpuxAqgHjs4bqAeT2BuoB_DgG6gH7paxAqgH_p6xAqgHr76xAqgHmuGxAqgH1ckbqAfZtrECqAeaBqgH_56xAqgH35-xAqgH-MKxAqgH-8KxAtgHANIILwiAYRABGJ0BMgiKgoCAgICACDoNgECAwICAgICogAKoA0i9_cE6WIq9u9qP8JMDsQlfVqEfkg4If4AKA5gLAcgLAYAMAaoNAktSyA0B4g0TCNPxu9qP8JMDFTFbAAYdxCUQ0eoNEwixnb3aj_CTAxUxWwAGHcQlENHwDQKIDv___________wHYEw2IFAHQFQHKFgIKAPgWAYAXAbIXEBgBKgoyMDMxNDM5Nzg1UAa6FwI4AaoYFwkAAAAAQHrgQBIKMjAzMTQzOTc4NRgBshgJEgK5TxguIgEA0BgB6BgBwhkCCAE&ae=1&gclid=EAIaIQobChMIn-O92o_wkwMVMVsABh3EJRDREAEYASAAEgI8HfD_BwE&num=1&cid=CAQS0QEABaugfYoZK1LtsqtGnRSwIrZq82Mt2qKoym3tfeDD8QcANWFmhdBlVU45sA9_IkNzvX9CYCkE-QNAbBcz5Ep_6htbwn-bzNtdBoZXkEaDvYR1FNOElKbjNTljiBImIO6Oz-fRxQ_lM3FYiz8mlEgjV1ACj_AnfnNLHSzwC8FOEe_3JyrFPm43VSUIwQcoVghOKkiCwvcMsx9c18y2w-BJSkIFqG4jGqnbISDuIWxjlHxReh3raxf1u6QSZWOrMEo_-zvvXicV91iEjxCvikXGYxgB&sig=AOD64_3WLNISlQq-a32xzS2esxfUH9sq9A&client=ca-pub-8188431425509997&rf=1&nb=9&adurl=https://us.gozney.com/%3Fg_acctid%3D210-947-4054%26g_adgroupid%3D193947401204%26g_adid%3D795055600285%26g_adtype%3Dnone%26g_campaign%3DDemand%2BGen%2B-%2B2026%2B%257C%2BUS%26g_campaignid%3D23508976763%26g_device%3Dc%26g_keyword%3D%26g_keywordid%3D%26g_network%3D%26gad_source%3D5%26gad_campaignid%3D23508976763%26gclid%3DEAIaIQobChMIn-O92o_wkwMVMVsABh3EJRDREAEYASAAEgI8HfD_BwE,https://us.gozney.com/?g_acctid=210-947-4054&g_adgroupid=193947401204&g_adid=795055600285&g_adtype=none&g_campaign=Demand+Gen+-+2026+%7C+US&g_campaignid=23508976763&g_device=c&g_keyword=&g_keywordid=&g_network=&gad_source=5&gad_campaignid=23508976763&gclid=EAIaIQobChMIn-O92o_wkwMVMVsABh3EJRDREAEYASAAEgI8HfD_BwE,,,,,
1027,https://www.googleadservices.com/pagead/aclk?sa=L&ai=Cni4vT0XgaZGZNMbGgeAP-4nauQOP6vS-hgHL-M_RyhT99_h5EAEgi9WxIGDH1f-NhCagAbGUoJQ-yAEDqQIUx3nsDcK2PuACAKgDAcgDCKoEnwNP0GNupEUlYCrhA0LhsNER_3V3guyJHkLj-02b7ekVjzIhZq8tR64oqg7wEsakOYSkgLFqs0-XDgmPC8D9l4PsHzdX1KQF4FTXz03bhH7Am17pd8v7Bu6XE65dRoBk7ItZzf5z8UxxGxFOl4iTdY-STQ6vV8AWeUCPgAiRUHYDpsEvtrcN4rBcn8rGmyUxnEka_WiK1RAWFYnLns8PhyNXPuhyP0_MtvdSHqrfnQ_SWCWmB_jFpCRn9Ry_N_x-52dOpQoq_G8znw7dzAwMbTPw4uLVZ4zlo5VcE6jUdBaz8Z-dDpo76pL6u6Ax2ulSm9OQfX4nvCjkpqn6pYfJHZ14gQvm1yHiWWpF8RR1SNG9WI-L9zYBrKJZ889FZuWSVROxnVGzL9uJB1D0pcUeX9MPV5ucL-RUngmoKOHwbONeAeuocqewE7yIyp1re8r96JacBBEpuxeLFDB81vwTbIJs_TFKlMJ5ybQo5Nqgr0XOrDVCODlPf4H6Gl1nTAcoNtXoUOSmKtWxVp1IyEzbse0TMxLo9ckt_raSsm4R_n70wAT60ufc9QTgBAGIBcWIqoZRoAYDgAexzPDzGKgHp8yxAqgH4tixAqgHpr4bqAfMzrECqAfz0RuoB5bYG6gHqpuxAqgHjs4bqAeT2BuoB_DgG6gH7paxAqgH_p6xAqgHr76xAqgHmuGxAqgH1ckbqAfZtrECqAeaBqgH_56xAqgH35-xAqgH-MKxAqgH-8KxAtgHAdIILwiAYRABGJ0BMgiKgoCAgICACDoNgECAwICAgICogAKoA0i9_cE6WJ6O9cyl8ZMDsQk4UG_zbPDj4IAKA5gLAcgLAaIMA5ABAaoNAlpByA0B4g0TCLm69cyl8ZMDFUZjAAYd-4Q2N-oNEwicwPbMpfGTAxVGYwAGHfuENjfwDQKIDv___________wHYEwrQFQGYFgHKFgIKAPgWAYAXAbIXEBgBKgo4OTkwNDExOTA0UAa6FwI4AaoYFwkAAAAAcHMGQRIKODk5MDQxMTkwNBgBshgJEgK7TxgDIgEA0BgBwhkCCAE&ae=1&gclid=EAIaIQobChMI0fz2zKXxkwMVRmMABh37hDY3EAEYASAAEgLnLvD_BwE&num=1&cid=CAQS0QEABaugfToY54vRYeN0jKK_--IFGNDqaeI9Tu64TVTWYOZqTbLAhTX0LBaJEAIBkA7-egXlO75aZyleOvA1TsK9gGkGcWuAcIaxz7_-CM9k8cKbBiNTIouh8Ui576UsgttPlkeU3EKTmO7BthCdZn861LEMwGY3OALZQl7bV1bw3l9qxeEpC0kT4Mf2RPBEYn-ZZKf6iviyGZqCXjm8jVwRzBGTmlW6G3MYlGqEPaVe_gXrssoMq-WVHKc9aNQVpFwcqvbCbcYLMCOeX9R1UfQb0xgB&sig=AOD64_1uAB2g54APL706oIo-3R2Ag9tiVw&client=ca-pub-2378110306265632&rf=5&nx=CLICK_X&ny=CLICK_Y&uap=UACH(platform)&uapv=UACH(platformVersion)&uaa=UACH(architecture)&uam=UACH(model)&uafv=UACH(uaFullVersion)&uab=UACH(bitness)&uaw=UACH(wow64)&uafvl=UACH(fullVersionList)&nb=2&adurl=https://marineandlawn.com/portrushadelphi/%3Fgad_source%3D5%26gad_campaignid%3D21756544069%26gclid%3DEAIaIQobChMI0fz2zKXxkwMVRmMABh37hDY3EAEYASAAEgLnLvD_BwE,https://marineandlawn.com/portrushadelphi/?gad_source=5&gad_campaignid=21756544069&gclid=EAIaIQobChMI0fz2zKXxkwMVRmMABh37hDY3EAEYASAAEgLnLvD_BwE,yes,yes,yes,yes,yes
966,https://www.googleadservices.com/pagead/aclk?sa=L&ai=ClfNlrE3gabPTApjzjeYP_ZXqmQen7vy0hgG9kqXfsQ-a48CjAxABIMfr9h5gx9X_jYQmoAGjy-DXA8gBCakCdUHgqk3Nsz7gAgCoAwHIAwqqBLACT9Dh1LFZXS4YK4ea0zz36du7nJVvYxo94wXpRSKlZooWUinvSftpFO8T-nUuBmkb71dLLeW-WCK1XppK6YhqaU-ZH5Wr-ySwYJT6fS8kY8CXjU6-cbpnAZtDNh4mZVEX9gurO_zj89iNovv1fZUM6bIDFpC9tnA1w6OARYHKV1AQjtDCxqayfHeeGSdESe_aiqPcYn3qmVLD2tAFOwbasbmH5QvusTtY9v8tbCVveqq6Y5z9AFoWrwh8zLkr3Z9fmSZV3iZTVZ_Z92LzcORRH5gVC14CflxQ4GSsjZR7-SUQ4UFg3DN9JOn32jZxMOA_2mdvLYX_MHAbyzE-d2OFLdy5Bolr9RFoWfa-fvhRyYkI9Z556JlyiQnXDZAA1r_1ta54WeKc4IQWtJpWiesJucAEv9qC4e0D4AQBiAW697qRPaAGLoAHxbSfKKgHp8yxAqgH4tixAqgHpr4bqAfMzrECqAfz0RuoB5bYG6gHqpuxAqgHjs4bqAeT2BuoB_DgG6gH7paxAqgH_p6xAqgHr76xAqgHmuGxAqgH1ckbqAfZtrECqAfYtrECqAeaBqgH_56xAqgH35-xAqgH-MKxAqgH-8KxAtgHANIILwiAYRABGJ0BMgiKgoCAgICACDoNgECAwICAgICogAKoA0i9_cE6WLTpt8mt8ZMDsQnekDi45gb5SIAKA5gLAcgLAYAMAaIMA5ABAaoNAlpByA0B4g0TCLeUuMmt8ZMDFZh5wwYd_Yo6c-oNEwjvmLnJrfGTAxWYecMGHf2KOnPwDQKIDv___________wHYEw2IFAjQFQGYFgHKFgIKAPgWAYAXAbIXEBgBKgoyMDMxNDM5Nzg1UAa6FwYIATgBSAGqGBcJAAAAACB2HEESCjIwMzE0Mzk3ODUYAbIYCRICsV8YLiIBANAYAYAZA8IZAggB&ae=1&gclid=EAIaIQobChMIs9m5ya3xkwMVmHnDBh39ijpzEAEYASAAEgLO5PD_BwE&num=1&cid=CAQS4QEABaugfchTL7Uh1Ow_Jdn7wAyeFB8FB_xEJ5vMODMYmQBhTS5n-lWGzOO62EU6qHluE4-Q8j9iXXN0q3m0qN4fF26OyDzjJLl8btFwuWK7uug8ajCKDNXMlArbrMnKkCCWy9Da_5TKbGEOwjhqyyyWuZLEF050s-WBEr_kyzfytkdcL4xR1Sc_dTHjd4goYVRh9K13rnkwYQz-PE0nXuwXXiga48UOoh2OcBbAt_BE_WgYKZQPpqH5VjgorXVEoV-hxDMdTVpzHG4ex4ZBaRIHFivDs0X_bSfrAdxeVhwC0PwYAQ&sig=AOD64_2mKEpymYDLiQ7MRKipxrKGy7i8PQ&client=ca-pub-8188431425509997&rf=4&nb=9&adurl=https://www.compart.com/en/customer-communication-management-ccm%3Fgbraid%3D0AAAAADr4JaOWeU4FdUyy6puhuoCfvxPaq%26utm_campaign%3Dremarketing-ccmsoftware%26utm_source%3Dadwords%26utm_medium%3Ddisplay%26utm_content%3Dremarketing-ccmsoftware-us-ad-1%26gad_source%3D5%26gad_campaignid%3D16411179962%26gclid%3DEAIaIQobChMIs9m5ya3xkwMVmHnDBh39ijpzEAEYASAAEgLO5PD_BwE,https://www.compart.com/en/customer-communication-management-ccm?gbraid=0AAAAADr4JaOWeU4FdUyy6puhuoCfvxPaq&utm_campaign=remarketing-ccmsoftware&utm_source=adwords&utm_medium=display&utm_content=remarketing-ccmsoftware-us-ad-1&gad_source=5&gad_campaignid=16411179962&gclid=EAIaIQobChMIs9m5ya3xkwMVmHnDBh39ijpzEAEYASAAEgLO5PD_BwE,,,,,
1110,https://www.googleadservices.com/pagead/aclk?sa=L&ai=CnXB1oz7gaZzOJLndjeYPk7Cs8AyNhPrWfreFtai9E9zZHhABIPqpihdgx9X_jYQmoAGT3cigAsgBAuACAKgDAcgDCKoEtQJP0GIYIvsTJx31VPljDYV7DW3R9xSmX1gSkPIO-sJ5F-fJTSA5V45JnqEdFvs3e_iTt9UkHNeQHBP6T_Ri05Na56faHdPVgxbrg3Gt7DqaYUH9SE-7uzw-ufcSbp1x_rzS0t5xoYMnZoqMxaHQKERgkPtcFc1eRAm1EsrqZRzE3A0IM9N6Kq5xeqmJPBYQkkSA7viAuhSuJtZKVboDL5v35Rgr2dt4ZKTQLK0Hiuvk9i4w0VPH6NMZLA_5_LoPUz4361ZCz-kB2d6yYwau8s_clsk2LMV9d9wkfovy6U3WRIKGtlE523iP8QXhGhsCiLu2Zo8EmN_uAfPl3Ko5H0_wwVR8FWWuFmOfGfIhsW_rbvUq2Za0RecBE8J-ZqXv1-4m99BvQgkU7WhzbnotFnGqVW2vJKzABOKLx9uUBOAEAYgF1f79v0KgBgKAB-6l49sCqAenzLECqAfi2LECqAemvhuoB8zOsQKoB_PRG6gHltgbqAeqm7ECqAeOzhuoB5PYG6gH8OAbqAfulrECqAf-nrECqAevvrECqAea4bECqAfVyRuoB9m2sQKoB5oGqAf_nrECqAffn7ECqAf4wrECqAf7wrEC2AcB0ggvCIBhEAEYnQEyCIqCgICAgIAIOg2AQIDAgICAgKiAAqgDSL39wTpYq8itnp_xkwOxCS50q8YRg3GmgAoDmAsByAsBogwDkAEBqg0CWkHIDQHiDRMI1fCtnp_xkwMVuW7DBh0TGAvO6g0TCLOAr56f8ZMDFbluwwYdExgLzvANAogO____________AdgTDNAVAZgWAcoWAgoA-BYBgBcBshcQGAEqCjkzMzI3OTI5MDZQBroXAjgBqhgXCQAAAAC4UANBEgo5MzMyNzkyOTA2GAGyGAkSAsFPGAIiAQDQGAHCGQIIAQ&ae=1&gclid=EAIaIQobChMI3Kuvnp_xkwMVuW7DBh0TGAvOEAEYASAAEgIBRPD_BwE&num=1&cid=CAQS0AEABaugfcm2NtMGzLrSThC3f6gPGcGZHjjClkPOOBM0V9V6qpBmZsG8B5jgsP1xdE1s5mB3J-6uCTjwlwAO6dYlcaX0cmVL76viYe52Iwq3EgEWkWmd8X_4Mm6Hal2aztJ4dDz2FfVjf5llZSB6d44saP5lCU4yUxYAUSWeVoMZa3bqyTeyQ5F52EKF4oz1ryicYKnq333gfUZtG3EzKlcDVd-OTN6WtaGzrm2AOsZp9I02E1IQ2rdlaAnQJssINgzMkbyOPRDkyeQo1nESbny4GAE&sig=AOD64_0OBPlEVBpoLdcatu0GdydLhSX7-g&client=ca-pub-5405132603504384&rf=5&nx=CLICK_X&ny=CLICK_Y&uap=UACH(platform)&uapv=UACH(platformVersion)&uaa=UACH(architecture)&uam=UACH(model)&uafv=UACH(uaFullVersion)&uab=UACH(bitness)&uaw=UACH(wow64)&uafvl=UACH(fullVersionList)&nb=2&adurl=https://www.vivaia.com/promotion/VIVAIA-Izabel-Sneaker-Flats-For-Walking.html%3Futm_source%3Dgoogle%26utm_medium%3Dcpc%26utm_campaign%3D17850924885%26gad_source%3D5%26gad_campaignid%3D17850924885%26gclid%3DEAIaIQobChMI3Kuvnp_xkwMVuW7DBh0TGAvOEAEYASAAEgIBRPD_BwE,https://vivaia.jp/?utm_source=google&utm_medium=cpc&utm_campaign=17850924885&gad_source=5&gad_campaignid=17850924885&gclid=EAIaIQobChMI3Kuvnp_xkwMVuW7DBh0TGAvOEAEYASAAEgIBRPD_BwE,,,,,
1137,https://www.googleadservices.com/pagead/aclk?sa=L&ai=CDC5S2OXeac3tB8ao4bMP3ZTryArh36rBhgH-zsCjnxGg2qTJng4QASD84akZYIkDoAH9_56oKcgBAqkCgZeWKj3ppz6oAwHIA8kEqgSQAk_Q9p4hZAb14q5zE44b5O15Sq_-ZrU6VoE1acOfT1IkObPN-ireNN2j7_2vQ_M5VJZmraLAIHVLT1k6YPCBICnMX3-SDEXOQhl1muli_5Vn_Ip7uul5Ythzjvkfqv2SLgT5yqNuvhTI3qzF1dViYlyTTUWLA-xOO-GYvzz8PGjECIlQ94LX6alri-iGGGcscIspwsJui2SjMHsslg82caBVQNkuJ6o-90PrS9QnMMxOK_SUQBpY7yUvgEB4QjUmtWHrvCuymjNk6WBWHxiO8ximC4OvA1KbF0Vr2y3b7Hd0evZ0YzNE9memhPbfYeiQ6XZRfT6lVzx9VcIzS4Vr3zsC0FqrS_p139WZih4VKEf5wASOl4D_ogSIBf6IwZxJoAYCgAf9t--HBKgHp8yxAqgHpr4bqAfMzrECqAfz0RuoB5bYG6gHqpuxAqgHjs4bqAeT2BuoB_DgG6gH7paxAqgH_p6xAqgHr76xAqgHmuGxAqgH1ckbqAfZtrECqAeaBqgH_56xAqgH35-xAqgH-MKxAqgH-8KxAtgHAdIILwiAYRABGJ8DMgiKgoCAgICACDoNgECAwICAgICogAKoA0i9_cE6WM6lk7XW7pMDsQna5sX9jvFyGoAKAYoKUGh0dHA6Ly9zYWFuZG50ZnJlZW1hc29ucy5ydHJrLmNvbS5hdS8_c2NpZD0zNTM3MDEmcHViX2NyX2lkPTI2MjM5NzAmZnVybD17bHB1cmx9mAsByAsB4AsBqg0CSlDIDQHqDRMIiL2UtdbukwMVRlR4AB1dyhqp8A0CiA4J2BMD0BUByhYCCgD4FgGAFwGyFxAYASoKMTQzOTkxNjA0NFAGuhcCOAGqGBcJAAAAAADs80ASCjE0Mzk5MTYwNDQYAbIYBRgCIgEA0BgB6BgBwhkCCAE&ae=1&gclid=EAIaIQobChMIzbmUtdbukwMVRlR4AB1dyhqpEAEYASAAEgJPOPD_BwE&num=1&cid=CAQS0gEABaugfbef-zbIQ0jk1FOecy4FtUmtqOJzTFO4AAQu0Ig3feOmqoEfoCmGF01x2ygrF3gKU_rEYaO9UvxrIVTW38qFixzuzp0tazLlmv-waGxIthsg8oybE1uyJRv2jtfke8gaXmhwJExmeWIAmGmihrlriRXb8p-xJtZtfa4yxcwKLYnMdq7fRxCWyJkULv_p0DeNJV8ZzCjd3NsFK3D2pIJ11Emj9_s-kA5DQPBQU1hwIqm2KrAkj7V-P9DJxNXvCYBInKwKnjS2VbRl7z-wtMIYAQ&sig=AOD64_0XyQ3VMDvh9COm1yEiohIBp8nT_A&client=ca-pub-7694956726795277&rf=2&nb=2&adurl=https://www.santfreemasons.org.au/become-a-freemason%3Futm_source%3DRL%26utm_medium%3DDisplay%26utm_campaign%3DFreemasonsSouthernAustralia%26gad_source%3D5%26gad_campaignid%3D19655574654%26gclid%3DEAIaIQobChMIzbmUtdbukwMVRlR4AB1dyhqpEAEYASAAEgJPOPD_BwE,https://santfreemasons.org.au/become-a-freemason/?utm_source=RL&utm_medium=Display&utm_campaign=FreemasonsSouthernAustralia&cid=611128&furl=https%3A%2F%2Fwww.santfreemasons.org.au%2Fbecome-a-freemason%3Futm_source%3DRL%26utm_medium%3DDisplay%26utm_campaign%3DFreemasonsSouthernAustralia%26gad_source%3D5%26gad_campaignid%3D19655574654%26gclid%3DEAIaIQobChMIzbmUtdbukwMVRlR4AB1dyhqpEAEYASAAEgJPOPD_BwE&gclid=EAIaIQobChMIzbmUtdbukwMVRlR4AB1dyhqpEAEYASAAEgJPOPD_BwE&pub_cr_id=2623970&scid=353701&tc=177634607322132,,,,,
1248,https://www.googleadservices.com/pagead/aclk?sa=L&ai=Cm8zs7mngaa-4HsCOjeYP0-vV0A_EpaiBgwHBnNL5iBW6vLW_lA4QASD6qYoXYMfV_42EJqABoMCQ_wPIAQHgAgCoAwHIAwqqBNECT9Apc9YFdyGnpBF_XfK46bQqmCKK3gq0r2huepVmkmFXJhrxW0rEkPP98UwM1PLGtGAMvLkQa2Og1P5L6eSPs7C68BZMqx6zCvLaE1ipLCJrazTQOMcMvqYGdENW78VH2MQomvVDKqSiNmJBsWwh7uD9gPND2tjEN0cML5jLTne65fJI95-EiVtNdEh0TarAqv9Te0nQuuqdyap7JDZL2UmBeQYMxBSMOgM4TX8rf-ZupewI6Ed9PsFhRsNRiPromwn774lh2juKHxsfTHlo3yQSkfeubT3yDsp75MkuVcADdo8Mtp31U-dtbXBylWisi9sZ8_2m1YS3jGxmbOUmRN7E7lstU_jVsg6GPFSLsPY9XlFxaSTkpKM8KAlSBp4Kt-KAlqzMpHvQnaN5NDi_07JiVX_Nn-gOuSRvA0CIRpxihod1oLHfGqx23lvdmG3QLcAEuq-TosAF4AQBiAXF3oWvVqAGZoAHyL9vqAenzLECqAemvhuoB8zOsQKoB_PRG6gHltgbqAeqm7ECqAeOzhuoB5PYG6gH8OAbqAfulrECqAf-nrECqAevvrECqAea4bECqAfVyRuoB9m2sQKoB5oGqAf_nrECqAffn7ECqAf4wrECqAf7wrEC2AcB0ggvCIBhEAEYnQEyCIqCgICAgIAIOg2AQIDAgICAgKiAAqgDSL39wTpYqZOLw8jxkwOxCV6Or6VOclIdgAoDmAsByAsBqg0CWkHIDQHiDRMIkLaLw8jxkwMVQEfDBh3TdRX66g0TCNztjMPI8ZMDFUBHwwYd03UV-vANAogO____________AdgTDdAVAcoWAgoA-BYBgBcBshcQGAEqCjkzMzI3OTI5MDZQBroXAjgBqhgXCQAAAAAQDQ5BEgo5MzMyNzkyOTA2GAGyGAkSAuhOGGYiAQDQGAHCGQIIAQ&ae=1&gclid=EAIaIQobChMIr-eNw8jxkwMVQEfDBh3TdRX6EAEYASAAEgKxL_D_BwE&num=1&cid=CAQS0AEABaugfd17CXqmRucXsPlDQiuO9ATK2PGNt37dXBvDIwenIAJpOp9b2kxBnFGTo8ehZ9oJUshPV3MjmZHzEv2jWTLBvsfzIFstj_J3D9WufJEMHamd_HNh0Y2sVMbkjUwOjH4NxtYqYqQ1tsc1eRCVud78Jgw5P5BXgDSeUTnzcMoulJDROhSKMmn7MSV5ILX4gfH7hXzdXRLaCXWMpaT-_a9O2HRS8GiVRTKiVX3otC1cOEq5rBcr-xoqc81hXDBMtkW-J-H1hxBQKZ8nNg6nGAE&sig=AOD64_2iHmw-TwwfX6Bioh8G3M5ZTK9E5Q&client=ca-pub-5405132603504384&rf=4&nb=0&adurl=https://bioivt.com/subcellular-fractions/microsomes%3Futm_term%3D%26utm_campaign%3DMicrosomes_EU%26utm_source%3Dadwords%26utm_medium%3Dppc%26hsa_acc%3D3366171030%26hsa_cam%3D23184109381%26hsa_grp%3D189050181562%26hsa_ad%3D780770924297%26hsa_src%3Dd%26hsa_tgt%3D%26hsa_kw%3D%26hsa_mt%3D%26hsa_net%3Dadwords%26hsa_ver%3D3%26gad_source%3D5%26gad_campaignid%3D23184109381%26gclid%3DEAIaIQobChMIr-eNw8jxkwMVQEfDBh3TdRX6EAEYASAAEgKxL_D_BwE,https://bioivt.com/subcellular-fractions/microsomes?utm_term=&utm_campaign=Microsomes_EU&utm_source=adwords&utm_medium=ppc&hsa_acc=3366171030&hsa_cam=23184109381&hsa_grp=189050181562&hsa_ad=780770924297&hsa_src=d&hsa_tgt=&hsa_kw=&hsa_mt=&hsa_net=adwords&hsa_ver=3&gad_source=5&gad_campaignid=23184109381&gclid=EAIaIQobChMIr-eNw8jxkwMVQEfDBh3TdRX6EAEYASAAEgKxL_D_BwE,no,no,no,no,no
951,https://www.googleadservices.com/pagead/aclk?sa=L&ai=CbmGNhC_faYvjMI_ejeYP4oOe2AqPgMjRhAHNq4OuuBTdqrzX8gIQASCL1bEgYJXikIKgB6AB4eHu_gPIAQapAqPI0Gg4Mn0-4AIAqAMByAMKqgTsAk_QuDGViagBYLrkuBr-dBWjH8LJGJJho33o0PaFB9MAMNf2hUMWa3Oj80fGANu4Vw3SJqoMkL4hJFdiABtc4fU9RzUCEXS5NpYxKd5Kogz-dSCvYhn8aEF8ewf_tUoO-9534e0oIq68UeyzrNeDtnc7Re7Nh1q8XY3IzGBXuXs76zsSTV_0hBalEM0At1r3NbP4QQWRhCXpr7yr7Ojr3reI6XEqgPbZs86YpES2PvwYRzyPoRGT74tO_3b_NxqE3hrmF3aTzlxL6MNKEb2cyVmAc7RQx4ejR0zC6NmbjzREDNdaqwFT0w0Eu-DF-W-JoSBVx0ZY97QvQvaAfsf6bf5LZh7OZVS96H4PzHu68oM8_VDw3krvJaYQSLY2r9o4oufYd2atXIbf8NWwgvbgshNmyh00pb17UOZ3wBto5yZj46UOVhG2la-RYBz1v4FnNQihjJGXk3xiZ78kbOsUvIf7N5Fy_x2ktPPF7d7ABO7i7rDOBOAEAYgFqej3-UygBjeAB4eekQGoB6fMsQKoB6a-G6gHzM6xAqgH89EbqAeW2BuoB6qbsQKoB47OG6gHk9gbqAfw4BuoB-6WsQKoB_6esQKoB6--sQKoB5rhsQKoB9XJG6gH2baxAqgHmgaoB_-esQKoB9-fsQKoB_jCsQKoB_vCsQLYBwHSCDIIgOGAEBABGJ0BMgiqgoCAgICACDoOgMADgICEgICUqIgCqAdIvf3BOlj49s7WnO-TA7EJeRQvJnUwy5GACgOYCwHICwGqDQJERcgNAeINEwjJuc_WnO-TAxUPb8MGHeKBB6vqDRMI2_vP1pzvkwMVD2_DBh3igQer8A0CiA7___________8B2BMK0BUByhYCCgD4FgGAFwGyFxAYASoKODk5MDQxMTkwNFAGuhcCOAGqGBcJAAAAAOAp6UASCjg5OTA0MTE5MDQYAbIYCRICklQYNyIBANAYAcIZAggB&ae=1&gclid=EAIaIQobChMIi7XQ1pzvkwMVD2_DBh3igQerEAEYASAAEgJdKfD_BwE&num=1&cid=CAQScAAFq6B903wwyu_qMAA80W-58mw-Dk_0V_qQViveuZTNP6CMCyX6WuWiIxFwUVFzL0YW0lFyfYe5MWNwFRQejOl3w51TeELwe4q9DRpKFaNjVMc_YHePrISFwM1wzTGmY9iM43MfsDeyK5TfTcqvr14YAQ&sig=AOD64_3sKwLRBiZiKuM3-cO4KmINUEtiGg&client=ca-pub-2378110306265632&nx=CLICK_X&ny=CLICK_Y&uap=UACH(platform)&uapv=UACH(platformVersion)&uaa=UACH(architecture)&uam=UACH(model)&uafv=UACH(uaFullVersion)&uab=UACH(bitness)&uaw=UACH(wow64)&uafvl=UACH(fullVersionList)&nb=9&adurl=https://besuchschweden.de/%3Fgad_source%3D5%26gad_campaignid%3D20656813097%26gclid%3DEAIaIQobChMIi7XQ1pzvkwMVD2_DBh3igQerEAEYASAAEgJdKfD_BwE,https://besuchschweden.de/?gad_source=5&gad_campaignid=20656813097&gclid=EAIaIQobChMIi7XQ1pzvkwMVD2_DBh3igQerEAEYASAAEgJdKfD_BwE,yes,,,,
940,https://googleads.g.doubleclick.net/aclk?sa=l&ai=CBJgyL7vfadf4H-OKjeYPm5ruoQTIyPyXgwGI2OTFoBT5xazrjg4QASDV6eMkYJsDoAGQxtz7A8gBAuACAKgDAcgDCKoE0AJP0J7mQXnbQK7KxTgA0zpHZMHriFAn-3irauh2Ge4BPR24f8L6wwC3Yhf_qrmGxB0EqSACKZhSP18fk-aic17lR6M8kHOCjb7GCm8peWKBjuwh-ZrfttXypsViHdvBDwEglrQQFIn-nc36Pc9yOrCVg_DmUuoKvFsqppcAO3fL1IMqzI8MuM56lgeKakJYM9HY3He6bSGott3Q-BEpHeGffy7jMOHFL1WTCgeUPq3e_WXpFoyGDLZ6r8VwapKYg2ByhDJUPHegVop0RmkuTEP_E-R4eQrJoorWEAo3mYayd1ELRzJD4hzugOkTVXgMWGfUSEduDt1amQ4F2bSFH8y47d-IRuYhD_nAG26zLOJicKsNMW646f_JGDIaTFc2c5kQ2KjW6SYxnZ1u88sixSbdxddQlgSGseXRnjolXPyIRBGlHvngRyE8sp-cSVnOiqzABLf5s-K1BeAEAYgFwPWB6EugBgKAB9i5owSoB6fMsQKoB-LYsQKoB6a-G6gHzM6xAqgH89EbqAeW2BuoB6qbsQKoB47OG6gHk9gbqAfw4BuoB-6WsQKoB_6esQKoB6--sQKoB5rhsQKoB9XJG6gH2baxAqgHmgaoB5jFsQKoB_-esQKoB9-fsQKoB_jCsQKoB_vCsQLYBwHSCDIIgOGAEBABGJ0BMgiqgoCAgICACDoOgMADgICEgICUruADqAdIvf3BOliXv-TvofCTA5oJOGh0dHBzOi8vd3d3LnByaWRlb2ZtYXVpLmNvbS90cmlwcy9tYXVpLXNub3JrZWxpbmctdG91cnMvsQkGndfN0_8xW4AKA8gLAeALAaIMA5ABAaoNAktSyA0B4g0TCL-F5e-h8JMDFWNFwwYdG407ROoNEwic9ebvofCTAxVjRcMGHRuNO0SIDv___________wGiE1QKNwgDQAFSCAoGEgQIARABaNuxr65DciESHyACKAE4AkDA9YHoS1gBaP7__________wGAAQGYAQMaGQoXY2EtcHViLTcxOTgyMTUzMTk0NjMyNTfYEwPQFQGYFgHKFgIKAPgWAYAXAbIXEBgBKgo0MDQxNTg0Njk3UAa6FwI4AaoYFwkAAAAAIDggQRIKNDA0MTU4NDY5NxgBshgJEgKrThgCIgEA0BgBwhkCCAE&gclid=EAIaIQobChMIl8zn76HwkwMVY0XDBh0bjTtEEAEYASAAEgIegPD_BwE&num=1&cid=CAQSbwAFq6B927PhubCM8qeMeuZ_BwAXC1r1I3ZxOj_PvaAcXUbx1yR7-UBlrk3-k-rYFEuFGsdXfwtYIQqriBYzX0aaMepUzGg62sFyvA8Cq3P84h8Xcz2INcGo74B6rUrAVNM7o35KlH1HkEgwvgHrOxgB&sig=AOD64_3c6z-yjE5m8wTnJr3YZgXVFT2xRA&client=ca-pub-7198215319463257&rf=5&nx=CLICK_X&ny=CLICK_Y&uap=UACH(platform)&uapv=UACH(platformVersion)&uaa=UACH(architecture)&uam=UACH(model)&uafv=UACH(uaFullVersion)&uab=UACH(bitness)&uaw=UACH(wow64)&uafvl=UACH(fullVersionList)&nb=2&adurl=https://clickserve.dartsearch.net/link/click%3F%26ds_a_cid%3D11487212%26ds_a_caid%3D20350794432%26ds_a_agid%3D186232143031%26ds_a_fiid%3D%26ds_a_lid%3D%26%26ds_e_adid%3D767358162127%26ds_e_matchtype%3Dcontent%26ds_e_device%3Dc%26ds_e_network%3Dd%26%26ds_url_v%3D2%26ds_dest_url%3Dhttps://www.prideofmaui.com/trips/maui-snorkeling-tours/%3Fgclsrc%3Daw.ds%26%26utm_term%3D%26gad_source%3D5%26gad_campaignid%3D20350794432,https://www.prideofmaui.com/trips/maui-snorkeling-tours/?&utm_term=&gad_source=5&gad_campaignid=20350794432&gclid=EAIaIQobChMIl8zn76HwkwMVY0XDBh0bjTtEEAEYASAAEgIegPD_BwE&gclsrc=aw.ds,,,,,
955,https://adclick.g.doubleclick.net/aclk?sa=l&ai=Cn0XFyh7faaOWMOeTjeYPwfyuyQ_Q1oazhgGH5OGtwBOhpvjz0B0QASDH6_YeYJXikIKgB6ABsqSagynIAQmpAoHmgMOcyrM-4AIAqAMByAPLBKoExgJP0I5cY8eu6oyL6NQuCrb4mTJB1mnQ8Ly6hXPxvfUYscjri5UpCQ8JkvFelIsoBQVrH-5Fo0f00jQvP-1pNOFSmqYg7J2lPqoSNDUv3wseBjk8EXHcaNTHEXjPJbffNrerMHkephgYK8CqEhcvPoVFNMvC5huy3D8vMvbrWAmDSsE2FX93TFr6ZOvz5XnP_N8xLlingEAZ3dB5oFsvQKz-DcJmv8q4I-PVBTMW267A5vaXhlgtj2AFowifVeqd15OeqPn6-cVKofOqBkZFs7SLLNVFk2If7FKiXBIVup6Z6vDRQrlGc8t_vGy9ZTwk6cxrnWnhw0hEh9v6URHaoQrUZrHg-XybVi1GEhe0tI7m4DxYXb-1gEQ9VHUQHbrExYaSjXtsq2NG6ItDn2dH2moeVTPEJaqiwEAP1iaej64f27l4Mer9JMAEubnR4P4E4AQBiAXq9oG4UsAFBfoFBgglEAEYAKAGLoAHstzq4gOoB6fMsQKoB-LYsQKoB6a-G6gHzM6xAqgH89EbqAeW2BuoB6qbsQKoB47OG6gHk9gbqAfw4BuoB-6WsQKoB_6esQKoB6--sQKoB5rhsQKoB9m2sQKoB5oGqAf_nrECqAffn7ECqAf4wrECqAfi2LECqAfi2LECqAfi2LEC2AcAwAgB0ggwCJHhgFAQARidATIIq4uAgKCAgAo6DACAgICAgJSoiAKoA0i9_cE6WJbB5tyM75MDgAoDkAsDmAsByAsBgAwBogwFSAGQAQGqDQJERcgNAeINEwjH4-bcjO-TAxXnScMGHUG-K_nqDRMIpPnm3IzvkwMV50nDBh1Bviv58A0CiA7___________8BsA7vq_SSGOASpviZrc3z_o2KAdgTC9AVAekVFleL6m7j6drwFf2QobsC-hUnc2hvcGlmeV9ERV84NjM2MDg1ODI5OTU4XzQ4NjYxMjY4MTAzNDk0mBYByhYCCgD4FgGAFwGyFxAYASoKMjAzMTQzOTc4NVAGuhcCOAGqGBcJAAAAAIyUHEESCjIwMzE0Mzk3ODUYAbIYCRICzl4YLiIBANAYAcIZAggB&ae=1&gclid=EAIaIQobChMIo6Pn3IzvkwMV50nDBh1Bviv5EAEYASABEgKDOPD_BwE&num=1&sig=AOD64_1PkXiHVItWDJapD3dadVMGipR45g&ctype=5&client=ca-pub-8188431425509997&nb=9&adurl=https://www.solakon.de/products/onpower%3Fvariant%3D48661268103494%26adb_ad_id%3D%26adb_ad_source%3Dgoogle%26adb_click_id%3DEAIaIQobChMIo6Pn3IzvkwMV50nDBh1Bviv5EAEYASABEgKDOPD_BwE%26adb_campaign_id%3D20758140957%26adb_adgroup_id%3D%26adb_target_id%3D%26adb_placement%3D%26adb_target%3D%26https://www.solakon.de/products/onpower%253Fvariant%253D48661268103494%3Ftrc_gcmp_id%3D20758140957%26trc_gag_id%3D%26trc_gad_id%3D%26gad_source%3D5%26gad_campaignid%3D22129179498%26gclid%3DEAIaIQobChMIo6Pn3IzvkwMV50nDBh1Bviv5EAEYASABEgKDOPD_BwE,https://www.solakon.de/products/onpower?variant=48661268103494&adb_ad_id=&adb_ad_source=google&adb_click_id=EAIaIQobChMIo6Pn3IzvkwMV50nDBh1Bviv5EAEYASABEgKDOPD_BwE&adb_campaign_id=20758140957&adb_adgroup_id=&adb_target_id=&adb_placement=&adb_target=&https://www.solakon.de/products/onpower%3Fvariant%3D48661268103494?trc_gcmp_id=20758140957&trc_gag_id=&trc_gad_id=&gad_source=5&gad_campaignid=22129179498&gclid=EAIaIQobChMIo6Pn3IzvkwMV50nDBh1Bviv5EAEYASABEgKDOPD_BwE,,,,,
897,https://www.googleadservices.com/pagead/aclk?sa=L&ai=CPyTc_wHfad_3Or6ajeYPzdGIyQHO0LqdggG3n_CI_xTv0abe60YQASCT2NIfYIkDoAGwkOf9A8gBCakCOSVm1TPrpz7gAgCoAwHIA0iqBMoCT9BXUG9zP7bryiE1iHCah1vDx_ukumkYEmuOO73fAAE4e73lKqpRiNGKWKT9oY15v1BnToaW4yQjYBW9YaU1MgE5OwiZVKiOVYMF48KSKsVAtGw8qbwsuj9v1rPH2I05bCFRW0Y6IxJ5uGkIPbP7ga5SyNDCE4Hoq8EdOKL7bdG6x-b_CzYsOZaI1otDThjjzjJKmwHmKQq6InY6ICC0UDRSXlPtsshfCkZ14fLPmTWv8rBbotYQ4NwLn-tlBc-7tTcEAqQahGMFlqPwLXB3xrFuj3gGNbIb4Y-Hvxph7yIdE17KVHruusyIjFNLSuAz3eqDtsgL5BIERPHoohQfs_7zPri9-S13uD0m3XBIr4gEjAD0BRx5VP_oesjV9jUMI05hkSKPi-GXxsmRs1n2cl8bSTIs5ITlfzJ1usSN-2o0iTdAudRkhqQswATt7d3GrwXgBAGIBZe7qfVVoAYugAe475gCqAenzLECqAemvhuoB8zOsQKoB_PRG6gHltgbqAeqm7ECqAeOzhuoB5PYG6gH8OAbqAfulrECqAf-nrECqAevvrECqAea4bECqAfVyRuoB9m2sQKoB5oGqAf_nrECqAffn7ECqAf4wrECqAf7wrEC2AcA0ggvCIBhEAEYnQEyCIqCgICAgIAIOg2AQIDAgICAgKiAAqgDSL39wTpY8LuMovHukwOxCfLKFlU_2tgPgAoDmAsByAsBgAwBqg0CSlDIDQHiDRMIppONovHukwMVPk3DBh3NKCIZ6g0TCP7sjqLx7pMDFT5NwwYdzSgiGfANAogO____________AdgTA9AVAcoWAgoA-BYBgBcBshcQGAEqCjYyMTMxMjMwMjZQBroXAjgBqhgXCQAAAAD4kRNBEgo2MjEzMTIzMDI2GAGyGAkSApFUGC4iAQDQGAHCGQIIAQ&ae=1&gclid=EAIaIQobChMIn_OPovHukwMVPk3DBh3NKCIZEAEYASAAEgLY1fD_BwE&num=1&cid=CAQS9QEABaugfaEN6bTVkTkR7FT8IfCVDIibevPXYuG7LsBgGVbklgB9nfIK6cTK3JDEI1BAv88aDQeugsIzYeEi0Jeg4Wma9k0v2yCL1MhC__Kj60hSAg2LVaPHK4pqxm4zp2fLOncYc7nOTEIAit-c5HD04vWtsXfgNLuERsP1EC2PaZ_oid9K0rDgDXEY-S0hk-s_ct-LUGVZVmq-dfK8T9x5pVbouH2jqmurKHmrNCdLYto84tuihalvU4xi8Zkw10ATR2iFubTPZSCNPecSIIfgyh1rQiXasn0Y6W_IwjEOFWdiMgh6EX1YCyU_Oi7q4WHTqYUcIBgB&sig=AOD64_1Ss7zcx5f7adeeLk2mKdVpr2e4eA&client=ca-pub-2870152834215954&rf=1&nb=25&adurl=https://www.aturahotels.com/%3Fgad_source%3D5%26gad_campaignid%3D23063059863%26gclid%3DEAIaIQobChMIn_OPovHukwMVPk3DBh3NKCIZEAEYASAAEgLY1fD_BwE,https://www.aturahotels.com/?gad_source=5&gad_campaignid=23063059863&gclid=EAIaIQobChMIn_OPovHukwMVPk3DBh3NKCIZEAEYASAAEgLY1fD_BwE,,,,,
1061,https://www.googleadservices.com/pagead/aclk?sa=L&ai=CK048bVrgaYbUE_ecjeYPv8b06AGiy8CThgGr6ofJohW8r6LfoQ4QASCs2bgiYMfV_42EJqABiZzP5QPIAQKpArJfU-IHxLY-4AIAqAMByAMIqgTBAk_QB2iCCZbHNmtUYaCH9a5BnZleowdeGQd9N0DUpzAUNxkT5e5gB01tCcdexjoYJ5CLox2G1tTSTfngqw0GDcrf3jjDSTiUBGA10dbbbT_QG_PSkj6kPlsLEIzhj6clVm140gflgDHtp9uT_uZpnsROVqm_Ti0q7FuCyswCcsHynpxhsTu4VGa7Ge6bzJEmfWVzafBaFYyXac63TAlVyg55cA8aSvpd9sV6fKVe5R00-dwRW3G8sgMxZ_S34K2uWs1JRLBjoeHn7b8hybbKmmxuilp82u4Leg35lIHRpic0lLqP2XamSK4aW3_lnbur8GbOvx5W6175nEVdd4l-gjLJz0fx8DpbqSg8uL_2ucdRpTZZrnTE38P7HemIVvSUN5c49_YRTRXo8Eel8AUpr3rKEx-ibbZlBNgDvVJozONqncAE---C-cMF4AQBiAWO46yKV6AGAoAH3-OwGqgHp8yxAqgH4tixAqgHpr4bqAfMzrECqAfz0RuoB5bYG6gHqpuxAqgHjs4bqAeT2BuoB_DgG6gH7paxAqgH_p6xAqgHr76xAqgHmuGxAqgH1ckbqAfZtrECqAeaBqgH_56xAqgH35-xAqgH-MKxAqgH-8KxAtgHAdIILwiAYRABGJ0BMgiKgoCAgICACDoNgECAwICAgICogAKoA0i9_cE6WPmUpd658ZMDsQkxNeckP26JtYAKA5gLAcgLAaIMA5ABAaoNAlpByA0B4g0TCLvApd658ZMDFXdOwwYdPyMdHeoNEwi0zabeufGTAxV3TsMGHT8jHR3wDQKIDv___________wHYEwzQFQGYFgHKFgIKAPgWAYAXAbIXEBgBKgo1MzQ0MTk4NzQ4UAa6FwI4AaoYFwkAAAAA2n4nQRIKNTM0NDE5ODc0OBgBshgJEgKxaRgCIgEA0BgBwhkCCAE&ae=1&gclid=EAIaIQobChMIxr663rnxkwMVd07DBh0_Ix0dEAEYASAAEgJwrvD_BwE&num=1&cid=CAQS4gEABaugfSqNVnuWFj39WTxBcDqbdlQ7hBzG0jw7CoCqug3mn8u_n1oeHUkJ5QinszqISTeFrqqqneCIqiWzr7aFK2brJhYFKy50HVTcPU20-enUnGfkj1YSv-369sTS1QjMk03yguNFu0cOpT0nFdRlAaax-7KSC6ovlIv8CS6dOeH61ByJMcPFHvIOlciwnsA9FhijqhYw7zt3enxNJlZrO47sI1Gyu0esJea28yus-2aTpVD9rkZHdLZMRiLSqBzBiZM3l0joyYcG0imV8HQISRKfhvreOAtpeulzS_Xd_xe2GAE&sig=AOD64_0Fpo80bAznFxbirONXrM51rDnpYw&client=ca-pub-4180835694166255&rf=5&nx=CLICK_X&ny=CLICK_Y&uap=UACH(platform)&uapv=UACH(platformVersion)&uaa=UACH(architecture)&uam=UACH(model)&uafv=UACH(uaFullVersion)&uab=UACH(bitness)&uaw=UACH(wow64)&uafvl=UACH(fullVersionList)&nb=2&adurl=https://quiz.visualdna.com/13939/2025-11-26-who-am-i-us-travel%3Fgad_source%3D5%26gad_campaignid%3D23375589774%26gclid%3DEAIaIQobChMIxr663rnxkwMVd07DBh0_Ix0dEAEYASAAEgJwrvD_BwE,https://quiz.visualdna.com/13939/2025-11-26-who-am-i-us-travel?gad_source=5&gad_campaignid=23375589774&gclid=EAIaIQobChMIxr663rnxkwMVd07DBh0_Ix0dEAEYASAAEgJwrvD_BwE,yes,,,,
1220,https://www.googleadservices.com/pagead/aclk?sa=L&ai=CySsF4M7eac6QDLPsjeYPzKbU2AG4vZi9gQGlw8i33RHD9bzd_UIQASCn2cwjYKW4moCcAaABm6WsmCrIAQKpAuvhUl8j46c-4AIAqAMByAMIqgTzAk_Q-rVYb9-os1zifQIA1aLupMUXXvuHj_CN5IVyB7OgEXa3ijMNWA_cdhF2lXdAgkSzGkYLNuABjVzxiyoTCNf28y8tzfRGpCr01iCn2QYn5ZmtAXjV8xusfmXOPH5igt89KDm7Hmb76mWwnxkg5HGJwMnsL0ngCszKnO4J6Gwhgd2_SGYHfypbIdEPNlxkUEUeKoI8VFHwHqV2EwXkqRf7iy1bjFQz6tfPbML5N7ch46peMqJAbD4ohv0MGOOENNB6IVtMF7SwaJEvMa-mSLIffdKVzH7VDxLUQ8KekFiCH-PLG5r0ROp86B220KQHC4CKP2t2Mzh6fbv0jBkn_IReBBwAH6pjW88t2wt6lR4o5MTi9JJ6HinXR7ipMjb7ppC0Phh96fnRBY2XvXhtg0d9uILnzBaMkHlemtdwcJLY_VQ1f1zEqXZpUqcJC6J_bJ_YTxKd4lp7zf3LeCXKXDoO5q4Vk3WbCYCIywCVf_kzRvm2wATQkbDOvQTgBAGIBcKX9MVMoAYCgAeb3fz3BKgHp8yxAqgHpr4bqAfMzrECqAfz0RuoB5bYG6gHqpuxAqgHjs4bqAeT2BuoB_DgG6gH7paxAqgH_p6xAqgHr76xAqgHmuGxAqgH1ckbqAfZtrECqAeaBqgH_56xAqgH35-xAqgH-MKxAqgH-8KxAtgHAdIILwiAYRABGJ0BMgiKgoCAgICACDoNgECAwICAgICogAKoA0i9_cE6WLz5r8HA7pMDsQnvWMbrJmWexIAKA5gLAcgLAaoNAkFVyA0B4g0TCLGksMHA7pMDFTN2wwYdTBMVG-oNEwivvrHBwO6TAxUzdsMGHUwTFRvwDQKIDv___________wHYEwPQFQHKFgIKAPgWAYAXAbIXEBgBKgo1MDc1NTczNTQzUAa6FwI4AaoYFwkAAAAAHE8UQRIKNTA3NTU3MzU0MxgBshgJEgLlaxgCIgEA0BgB6BgBwhkCCAE&ae=1&gclid=EAIaIQobChMIzoCywcDukwMVM3bDBh1MExUbEAEYASAAEgLY4vD_BwE&num=1&cid=CAQS4wEABaugfb2YvnXyuks4gN-wriOkTasnEqikdhD3bnuRaZWZGkdbv-ulGXXrSRsp1mQUH3TbctCzShP-Jgux61DlLxQl3y3OrDoj7BRGg8aXJFhhZLSS_khuaIwzDwiHTz9A8LqjXsv6BW72X6YtQVtCOkChM8BHFmBc0j2t9ZEdCWka4daow7QEmxB3Fx8oVxdTy4Yw-BTYrPH--VQWG5JzENwSq_bMd-jpF67NImiQ2y5TyRBaD_oxfpRAcdo6EBeTWBpeXjI6s6hxPqEZ4FF3cRpfMMLV4T6ZtNf8U75fOPbdzhgB&sig=AOD64_1nianjEqVSWfYKnIZFQE4EuZ9IKw&client=ca-pub-3933051677849271&rf=5&nx=CLICK_X&ny=CLICK_Y&uap=UACH(platform)&uapv=UACH(platformVersion)&uaa=UACH(architecture)&uam=UACH(model)&uafv=UACH(uaFullVersion)&uab=UACH(bitness)&uaw=UACH(wow64)&uafvl=UACH(fullVersionList)&nb=2&adurl=https://www.modernfloors.com.au/%3Fgad_source%3D5%26gad_campaignid%3D20547701698%26gclid%3DEAIaIQobChMIzoCywcDukwMVM3bDBh1MExUbEAEYASAAEgLY4vD_BwE,https://www.modernfloors.com.au/?gad_source=5&gad_campaignid=20547701698&gclid=EAIaIQobChMIzoCywcDukwMVM3bDBh1MExUbEAEYASAAEgLY4vD_BwE,,,,,
984,https://www.googleadservices.com/pagead/aclk?sa=L&ai=CIyqLcEfgaafCKb6ejeYP4_aVoQXvloeqhgGDod7ozhWJ1v3fBRABINfYnSJgx9X_jYQmoAGdjoyRQ8gBAqkC3vr9A373YD7gAgCoAwHIAwiqBJIDT9Cy5eB8eJNsP6W3e9VnTevarBdDk4wIEpaE3eGWjTkfAMH_dDrIOJZdGqmGbhl0OK3_SJIKMyO-kNoLG7pucvZTl3aDbDfH_dRZuH4Y6zJXNosbvTXjww2fbKVXb3pafgDkW90Z2MNmfsVV7bdwQaiPvkMkTK-8Pjem_tHrXXioWJhyhkDjsy4GZoepndT7A0lEDoltBf15aYSm8WvfMVYttzmqVpOGWwA9y-lVWGRH_pEkKBdMVX25cKAofEdeC0x4kK4jeidwCV9uqdN4dYcZ6ARUJ05GndJti25R_Rj4wht3i2zBA9Lv_8XGuNHA1zdtm1BehZ_zM4wRicfhy59Z-3vjqZfHpEWAGJltU1mJ7-RBhEaLd_0cn1eKnoLuyWbuAszdj01tvF7ufymNvZM6vXtvC1vPJ8oWzWOV3jeE27nVzAU_G41trAJ-ncO1OX0LY0riX2VIGXJ7W4TUaap4AqhHR8nNr0gY3t8iLM13E6wW9JVjF1Vh__mSZ-45A_MUVl6mSlHgWQ4NDC3RTq3FwATr1Inm1gXgBAGIBcyxh5VYoAYCgAedxtzwHagHp8yxAqgHpr4bqAfMzrECqAfz0RuoB5bYG6gHqpuxAqgHjs4bqAeT2BuoB_DgG6gH7paxAqgH_p6xAqgHr76xAqgHmuGxAqgH1ckbqAfZtrECqAeaBqgH_56xAqgH35-xAqgH-MKxAqgH-8KxAtgHAdIILwiAYRABGJ0BMgiKgoCAgICACDoNgECAwICAgICogAKoA0i9_cE6WPzd2tCn8ZMDsQk7ojoFjypzzIAKA5gLAcgLAaoNAlpByA0B4g0TCOCD29Cn8ZMDFT5PwwYdY3slVOoNEwjTh9zQp_GTAxU-T8MGHWN7JVTwDQKIDv___________wHYEwLQFQHKFgIKAPgWAYAXAbIXEBgBKgoxMjY5MDEwMzQ4UAa6FwI4AaoYFwkAAAAAOPoKQRIKMTI2OTAxMDM0OBgBshgJEgLOXhgCIgEA0BgBwhkCCAE&ae=1&gclid=EAIaIQobChMIp7rc0KfxkwMVPk_DBh1jeyVUEAEYASAAEgIfU_D_BwE&num=1&cid=CAQS4gEABaugfWz3qPFBKIoHsyzGeArZvNDdP-Ork0xW81Xfq1XQAGaRyS3wGnd1Xvo5vIVrge8MRnNxW2LvOMZkxRL59qmeAJZgXOl3Jxr53riMy2N6df8J6k7kY0cRqFNBi7R_m8v6it4VAETTpF9zVBZAgWmfvPvfv8jBvD8cS0kr9IJrcqEODuB7lNAHSOFqmANkgzLlyOZsg886kmPPYrc6AX7ihZk3aQuDNKV5I5OZWj77UoZhUbYu0t8mcR-j9qMuwLTxaDdhVQqzGhf5s9bP8J8T2CuTGuqxVwDdinHDUuYZGAE&sig=AOD64_3TiivwEaBB_u4DPA6zEIC5GgCWOg&client=ca-pub-8475685469544477&rf=5&nx=CLICK_X&ny=CLICK_Y&uap=UACH(platform)&uapv=UACH(platformVersion)&uaa=UACH(architecture)&uam=UACH(model)&uafv=UACH(uaFullVersion)&uab=UACH(bitness)&uaw=UACH(wow64)&uafvl=UACH(fullVersionList)&nb=2&adurl=https://www.energytaiwan.com.tw/en/index.html%3Futm_source%3DTDG_Google%26utm_medium%3DCPC%26gad_source%3D5%26gad_campaignid%3D23666481356%26gclid%3DEAIaIQobChMIp7rc0KfxkwMVPk_DBh1jeyVUEAEYASAAEgIfU_D_BwE,https://www.energytaiwan.com.tw/en/index.html?utm_source=TDG_Google&utm_medium=CPC&gad_source=5&gad_campaignid=23666481356&gclid=EAIaIQobChMIp7rc0KfxkwMVPk_DBh1jeyVUEAEYASAAEgIfU_D_BwE,yes,yes,,,
1132,https://www.googleadservices.com/pagead/aclk?sa=L&ai=CiKIC53PfaYj5IcL1jeYPi6yw0Q_Im83OhQHPg8PGqw_wleClugIQASDa8Y4MYM3A0I-sA6AB6dLouALIAQKpAuoe9Mmm54o-4AIAqAMByAMIqgTnAk_Qp58Ig3D_cCNxETweaNh84E-f-IvBthOTgILOWdNT4H-xEwkHBIRqLyBB3rtBsEJ1FQnlDom5PARvU6oF8pDLqnygFaZAqTeMwW_r_LOKvaRXIP1MX081_-aimY0rtZh6_V9JNkZ0MSuFC6hTYtodjNgXpqTZz2P7z0tRSEqL4TwpDgjdfXHzj-0DY4tKkWQWNHpkEwQQkYMpkW23brblJeY22xRuVpSHE27k1eolNZ50VDacczxSC54Ext5KkM5LlsONpoD2wX2QdFozBDvDeptlWl7MmcqKoV7OiUy8iliCcbFMBNyRRCL95ZqVavHFjhf13s0qLbY1yo1AhYmDNUv_JoqCwyAkb-Vr01ZMbbL6s4wR-y9-UxTS6pbXKJOSZRYoI0OGehJM2Rw08seDYNRNuKI1dztZTQx5ApGcy8r-20viQTI9xlXatr5NAVU3YTlmoRk_yJHoPJjyYhoksb8Wfw_ZwATXscD96gPgBAGIBZTu2bk1oAYCgAf_rJfHAagHp8yxAqgHpr4bqAfMzrECqAfz0RuoB5bYG6gHqpuxAqgHjs4bqAeT2BuoB_DgG6gH7paxAqgH_p6xAqgHr76xAqgHmuGxAqgH1ckbqAfZtrECqAeaBqgH_56xAqgH35-xAqgH-MKxAqgH-8KxAtgHAdIILgiAYRABGB0yCIqCgICAgIAIOg2AQIDAgICAgKiAAqgDSL39wTpY-oK-8t3vkwOxCd1viRIgvAlQgAoBmAsByAsBqg0CQlLIDQHiDRMIhLm-8t3vkwMVwnrDBh0LFiz66g0TCLXFv_Ld75MDFcJ6wwYdCxYs-vANAogO____________AdgTA9AVAcoWAgoA-BYBgBcBshcQGAEqCjUxMDkxOTEzMzRQBroXAjgBqhgXCQAAAADwV_dAEgo1MTA5MTkxMzM0GAGyGAkSApVTGAIiAQDQGAHCGQIIAQ&ae=1&gclid=EAIaIQobChMIyIjA8t3vkwMVwnrDBh0LFiz6EAEYASAAEgLSavD_BwE&num=1&cid=CAQShQIABaugfb0e0qUrTuN60EkMsf8n4GkUuJ5RZ_bENoaZr-hMrSeiLgvy24AsO5AEka1NPNL5pBS0B7JFTY8zVUJholei6_fh1j3ekU0QXONHscD2mjPdzrVCO_3m9x-odi67KEDiwIazQvKuX63RNKuFFtj93pldQajc1X5X50lUbr-x7bFbflV6f5F-fPrVWmTb7mExq8xpA3sm0WKESr95PPYG85z1m4saxRjgwbLAfP0GjJfiIZSpxrXm6-UA7TuyrFf6-CTF5uQi8gnmw53qLjESsEumYvgOi2-mLQgustt4HqnSOCX9xs2sPLrpmVZ3GBEeE3_nMoOxpptkfJ2Pm2XFkBwYAQ&sig=AOD64_3cU0K7fTdUl7DkK7gSBNDoo2U_bQ&client=ca-pub-9783515403541006&rf=5&nx=CLICK_X&ny=CLICK_Y&uap=UACH(platform)&uapv=UACH(platformVersion)&uaa=UACH(architecture)&uam=UACH(model)&uafv=UACH(uaFullVersion)&uab=UACH(bitness)&uaw=UACH(wow64)&uafvl=UACH(fullVersionList)&nb=2&adurl=https://grupoproficenter.com.br/%3Fgad_source%3D5%26gad_campaignid%3D14348089108%26gclid%3DEAIaIQobChMIyIjA8t3vkwMVwnrDBh0LFiz6EAEYASAAEgLSavD_BwE,https://grupoproficenter.com.br/?gad_source=5&gad_campaignid=14348089108&gclid=EAIaIQobChMIyIjA8t3vkwMVwnrDBh0LFiz6EAEYASAAEgLSavD_BwE,,,,,
911,https://www.googleadservices.com/pagead/aclk?sa=L&ai=Cr9pRCazfac_EMa6fjeYPhKjlgAfzy93AhgGsmMPu1xXK65rt8w4QASDFnrQdYJsDoAHXjNX8QMgBCakCfNlce6TEsz7gAgCoAwHIAwqqBLgCT9B0g4mc_Zb6rKM0J4DZnzL6ugxGJRdsO2pMgaK24rOn_3KyuLPO2-KrscyxKSVdxvfQpuwexVLeThZI7gYAMilnRi9TOmtSEnWJHpkGY_se8-b_ei5ZKJCwbGSaya-m4DoiRvopBAcJpWmOVXKUW4TPm_-6rsUAW87kndekazBFEUr79XuUPCQztELT8s3HvWJI7AlVEl190CVIOIWLxJ8AIf6MD9nT6hwI4duWypapdY4HBqOyNwghVYr9shAI9gs-adKe5wxIWmSM4rJV4VcCveqSovBQ-13iX0FrGj_4qGB4UmH6tnB7DM5x5UFHGWW3dXOpYEmcsthUp9hzby7N9udKAHTNpQguBuzG6JHkkM7HOtQmGWM3hgj8tlSNgV3bqPydG0uu7kvNaTIvyPYNmd-VrwDTwASdpqzk1AXgBAGIBYGQlJ9YoAYugAfXxKXcG6gHp8yxAqgHpr4bqAfMzrECqAfz0RuoB5bYG6gHqpuxAqgHjs4bqAeT2BuoB_DgG6gH7paxAqgH_p6xAqgHr76xAqgHmuGxAqgH1ckbqAfZtrECqAeaBqgH_56xAqgH35-xAqgH-MKxAqgH-8KxAtgHANIILgiAYRABGB0yCIqCgICAgIAIOg2AQIDAgICAgKiAAqgDSL39wTpYxuXgtpPwkwOxCYOdj4ldVcCegAoDmAsByAsBgAwBqg0CS1LIDQHiDRMIyoXhtpPwkwMVrk_DBh0EVBlw6g0TCOnG4raT8JMDFa5PwwYdBFQZcPANAogO____________AdgTAtAVAcoWAgoA-BYBgBcBshcQGAEqCjI0NDk2NDAwNDFQBroXAjgBqhgXCQAAAAC43ARBEgoyNDQ5NjQwMDQxGAGyGAkSAoFPGC4iAQDQGAHCGQIIAQ&ae=1&gclid=EAIaIQobChMIj-3itpPwkwMVrk_DBh0EVBlwEAEYASAAEgKXCvD_BwE&num=1&cid=CAQS0AEABaugfcoGruq-KxiylxuIXS4WBIVh1lR46X0YJcY9Lf3c04T0KRyHH_kw93xrQh5u0GY_lKIHJkl4LmFmN_UibM-6zaKjQnrgw0l1JU8-f6GwaM0eKQtiYKzR-f-gxt1Z8XpqhNUWduanbOMJBpgli0PeU4qx7nEou6M9htTaOZN9Ofq5M6oVbwVJrAdnqnX2RCy7tLcY_abW7vkUatruQMFOL8dwe_sU-L3sBEAD3w3CHvtyCHUvP0No80PUXm6BNb3t-fcZZsi2CcuZvHYbGAE&sig=AOD64_2nde4xOcPPyr1WIPtZWLmGVzM9Qg&client=ca-pub-4069693291391267&rf=4&nb=9&adurl=https://silanowalks.com/%3Fgad_source%3D5%26gad_campaignid%3D23687661569%26gclid%3DEAIaIQobChMIj-3itpPwkwMVrk_DBh0EVBlwEAEYASAAEgKXCvD_BwE,https://silanowalks.com/?gad_source=5&gad_campaignid=23687661569&gclid=EAIaIQobChMIj-3itpPwkwMVrk_DBh0EVBlwEAEYASAAEgKXCvD_BwE,yes,,,,
1025,https://www.googleadservices.com/pagead/aclk?sa=L&ai=ChH7FRyTfaaLoJ-aKjeYP2-CF0QuSwuq2hgGgtM34khWwkB8QASDY1PWlAWCV4pCCoAegAYHD4PVCyAEJqQKB5oDDnMqzPuACAKgDAcgDCqoEywJP0DF9o7wT0s2_PqZo-8TutY2JsRwQYoABEXSmbtmKncZu_JGj9jty2xLJAF6KAtC33b-oBGFlg6zSJexrUmCZDJda8VrLTqrVCBjbYjyVA6ZGe0848B7zGQdyrUDXVwTyMIbc9P2G_Vy9G-Va-W0zvBaHey0WYwXeiSiXAJosraTmEirBpoyaHwaCSzF_7w14cZGBFbKU6-IRpG-TvHKIfmems1HwWy2uS76TzR1Myt-CZDm5ilwKCYKE4J87lkhPAoxpquBKKrBMkVpPuYkGq_4Ih1MC-PPtNYWcT2UGcDLAmNf0djUgflbH0wq0LAG0_Hx3_J3HF7qW3uH7LkO8VT8s1nRoXvWAXWe_eAUOiyZJ-KazpRG1KGh0qVCXbb1lXVPfC_iB74vTYVaTBs2UgSdNS1aVnEcsdVmbWnMAnG4m_3flxqXsK913wATu2deM1AXgBAGIBby1mfBXoAYugAeB-7DVHagHp8yxAqgHpr4bqAfMzrECqAfz0RuoB5bYG6gHqpuxAqgHjs4bqAeT2BuoB_DgG6gH7paxAqgH_p6xAqgHr76xAqgHmuGxAqgH1ckbqAfZtrECqAeaBqgH_56xAqgH35-xAqgH-MKxAqgH-8KxAtgHANIIMgiA4YAQEAEYnQEyCKqCgICAgIAIOg6AwAOAgISAgJSoiAKoB0i9_cE6WIPV1_qR75MDsQk_Jehk98gEHYAKA5gLAcgLAYAMAaoNAkRFyA0B4g0TCNiL2PqR75MDFWZFwwYdW3AhuuoNEwiazNj6ke-TAxVmRcMGHVtwIbrwDQKIDv___________wHYEwLQFQHKFgIKAPgWAYAXAbIXEBgBKgoxOTIzNjYwNjQ4UAa6FwI4AaoYFwkAAAAASMgCQRIKMTkyMzY2MDY0OBgBshgJEgKYaRguIgEA0BgBwhkCCAE&ae=1&gclid=EAIaIQobChMI4qfZ-pHvkwMVZkXDBh1bcCG6EAEYASAAEgLG2fD_BwE&num=1&cid=CAQScQAFq6B9tEHsrGNeHIlxSArBmRSFv4BIZhcgh6ubnyOa5SR1H6RxObtvObn2PeHgmoL33DVYQZj2Fa_EY85uX_7xUZjBCRge3rPlyorSUwttCKY1rx3NuAN8SDemy0V_jHxS7D6KLpSTbcz7WJQNp3wWGAE&sig=AOD64_0BTgif4CDa89qMnGLbNPui1uYZ-A&client=ca-pub-7446550989060601&rf=4&nb=9&adurl=https://www.tuskrobots.eu/%3Fgad_source%3D5%26gad_campaignid%3D23589182140%26gclid%3DEAIaIQobChMI4qfZ-pHvkwMVZkXDBh1bcCG6EAEYASAAEgLG2fD_BwE,https://www.tuskrobots.eu/?gad_source=5&gad_campaignid=23589182140&gclid=EAIaIQobChMI4qfZ-pHvkwMVZkXDBh1bcCG6EAEYASAAEgLG2fD_BwE,no,no,no,no,no
950,https://www.googleadservices.com/pagead/aclk?sa=L&ai=CJF8isUzgaZXBPOTW7OsPudDz8AumhMLFhAGb2ofQ_BTi39LgsgEQASDcrK8gYMfV_42EJqABmbylxQHIAQGpArRynkayIYE-qAMByAPDBKoE1gJP0IpMuLg41BkPelFOxEjGURB-Kc7NwR4pXduRYmqzMMhfkOl9ncbGBfHt5CkobC29qGxF4QKd38eCO-M78mDmtGmRt_K5ugmqkXyYyNuP2BHeNB7Zgp6W9iZSlcu0n9GiNHZVjHCbfinNTDOPdAqygMuOhY2J5zs9yZR7Mb6oQpGAHDieIPETgp5Y1yvW2EQJVjwJ_Paiivt9bwDusAG3ncX_tj8-yeQjltmXBpYXLHZarxhgPaIx_Ayd3ji2BK2oxt2Gdq212bMsykZmFFu7RqEuilhcxV3yCCZOYEObF59N4Kz9-s2jyhZBMpZ5AWbHJ3Ku37b0g6wHCDTYxYmRnBiqDgk2Ioxj1TW8dmzJ6bmam7p4myoRC90C_YD67nSpJeMMQ60YOT4Reyk0nWCQsPZf-EZRbYYMmtpjGSUmobamZFN5Wkb51UUiyq_2mlMJ4ymf3P7ABK7R84m9BYgF5evOo1agBmaAB8_D2roCqAenzLECqAfi2LECqAemvhuoB8zOsQKoB_PRG6gHltgbqAeqm7ECqAeOzhuoB5PYG6gH8OAbqAfulrECqAf-nrECqAevvrECqAea4bECqAfVyRuoB9m2sQKoB5oGqAf_nrECqAffn7ECqAf4wrECqAf7wrEC2AcB0ggvCIBhEAEYnwMyCIqCgICAgIAIOg2AQIDAgICAgKiAAqgDSL39wTpYy8Sa0qzxkwOxCRaw2aVa66i1gAoBmAsByAsBogwDkAEBqg0CWkHIDQHqDRMIo-eb0qzxkwMVZCt7Bx056By-8A0CiA4J2BMNiBQb0BUBmBYByhYCCgD4FgGAFwGyFxAYASoKOTE5MDgxODkxMVAGuhcCOAGqGBcJAAAAAHDi90ASCjkxOTA4MTg5MTEYAbIYCRICk04YZiIBANAYAcIZAggB&ae=1&gclid=EAIaIQobChMI1d2b0qzxkwMVZCt7Bx056By-EAEYASAAEgLYffD_BwE&num=1&cid=CAQS0AEABaugfRJX-qcy9MtvX_xa_z_OKlSsJE92LP6QWIdA1TAOu5VHIXp1NsTokBmsgdG6-BRU5x9BNx9z64A-6M7NHaaBlKKd1lCBGS5xExWedMURMWRdm-u4bQuD-HeDYaACp074iXrpg23nGxcz8NfbrY1Au2iIodgo5SXrEYTMn6kPpPTTDIhqtbvvKvWbiv9uaGn-qpqmVlqd72iD-t3eOeNAhSRwnZtMaxgts6XYMsFcCVUmt3UL3Kc0_ivpprDmHWXhxV0tKr1cpiuPCzkZGAE&sig=AOD64_2FQ__fHcunSV93CMltt0z8FBMeTQ&client=ca-pub-1919012362442653&rf=1&nb=1&adurl=https://henrykwongtax.com/article/Nine-specific-challenges-trading-companies-face-when-pursuing-offshore-claims%3Fgad_source%3D5%26gad_campaignid%3D23160141285%26gclid%3DEAIaIQobChMI1d2b0qzxkwMVZCt7Bx056By-EAEYASAAEgLYffD_BwE,https://henrykwongtax.com/article/Nine-specific-challenges-trading-companies-face-when-pursuing-offshore-claims?gad_source=5&gad_campaignid=23160141285&gclid=EAIaIQobChMI1d2b0qzxkwMVZCt7Bx056By-EAEYASAAEgLYffD_BwE,,,,,
925,https://adclick.g.doubleclick.net/aclk?sa=l&ai=CZ7hHniDfad_oIJ6Q3NMP0eqEmQqQwOaLhgH59c-10xXP992YugEQASD4yMkgYJXikIKgB6AB_62Q_wPIAQmpAoHmgMOcyrM-4AIAqAMByAPLBKoEugJP0H1TiFgImWCwsOlCxSWi--Vk8NF4_hD9YZSoSJdCcdF2kEXdWFHTUksK3X5emuOejeLYYT4W7Itk280Na6-FJ_uxL_g3ThDBgrdcOSmg543Yf-ut4wAknNM7GQwkEUzi7WNsqlSanQ96lux22ZZyQzED6bFxIgcopEGVKqMWA1a4u5H3o-emrcMRnvVYYGJjqgAHv3tqPxiocZ0vCLM2JIGNBQLelicw5w8t5b3ruZa3tMUIMwOQ6ZQZGkr5i_NsgYX9WOBaAP4QwVunb7ITHXP8LH2NK-LJAixR71J5sTFa_Wip8j282qHWotlr2mpnk9hlJorYUncaJe1KAI5NQLOX59sEn3S3T4Db-y1IbosfCP3emY2TLU2bBI3tSY5lOuM7PR1mOCJqc8CRmDY7_eL25dLT8mtv3cAErZa4jMgF4AQBiAWbgKWQWMAFBfoFBgglEAEYAKAGLoAH6dFvqAenzLECqAfi2LECqAemvhuoB8zOsQKoB_PRG6gHltgbqAeqm7ECqAeOzhuoB5PYG6gH8OAbqAfulrECqAf-nrECqAevvrECqAea4bECqAfZtrECqAeaBqgH_56xAqgH35-xAqgH-MKxAqgH4tixAqgH4tixAqgH4tixAtgHAMAIAdIIMAiR4YBQEAEYnQEyCKuLgICggIAKOgwAgICAgICUqIgCqANIvf3BOli5wem7ju-TA4AKA5ALA5gLAcgLAYAMAaIMDSoGCgSW4rECSAGQAQGqDQJERcgNAeINEwi_l-q7ju-TAxUeCHcEHVE1IaPqDRMIqtbqu47vkwMVHgh3BB1RNSGj8A0CiA7___________8BsA6PhfP0GOASp7na2qnKp5XjAdgTC9AVAekV4OK4bCxT7hXwFdaKnfcB-hUISzItQkgtMDeYFgHKFgIKAPgWAYAXAbIXEBgBKgoyMTMwMDQ1ODE4UAa6FwI4AaoYFwkAAAAAYMX2QBIKMjEzMDA0NTgxOBgBshgJEgK8UBguIgEA0BgBwhkCCAE&ae=1&gclid=EAIaIQobChMI36_su47vkwMVHgh3BB1RNSGjEAEYASABEgJDMPD_BwE&num=1&sig=AOD64_3pU2i1pp8Z_gC4RYZxM9yJBdmntw&ctype=5&client=ca-pub-3622136098794040&nb=9&adurl=https://www.rundb.de/Ergonomischer-Buerostuhl-hoehenverstellbar-Business-Chair-73x65x38-schwarz-1-Stueck/K2-BH-07%3Fgad_source%3D5%26gad_campaignid%3D23656480795%26gclid%3DEAIaIQobChMI36_su47vkwMVHgh3BB1RNSGjEAEYASABEgJDMPD_BwE,https://www.rundb.de/Ergonomischer-Buerostuhl-hoehenverstellbar-Business-Chair-73x65x38-schwarz-1-Stueck/K2-BH-07?gad_source=5&gad_campaignid=23656480795&gclid=EAIaIQobChMI36_su47vkwMVHgh3BB1RNSGjEAEYASABEgJDMPD_BwE,no,,,,
970,https://www.googleadservices.com/pagead/aclk?sa=L&ai=ChTcaM_XeadaSIoTtjeYP2sDyoAXq4qL3hQG_mduexxXv5vP9CBABIP_w-CFgiQOgAcL7v_goyAEJqQI5JWbVM-unPuACAKgDAcgDCqoE8QJP0CQownSQVpZx1zBT_6z8iwZVF5dBOzKiMpwdAiYAw_xM0W1YyC7VVHa7Q3q962MXJb-weXMHK3YD6ZzmKEZjCq8VL9SahCkXijafjvybmSVOdNP9J11xTNlHrP9WOF3PsT49zV2BwBgyOKbz_dFYpMryN_ahQx_UWiVqf9-x3BNwbsr8EG2GnJJHVZ32LNQEgBMsmDFxOxymvJAnzUagHME3ohI9VTsmmEiptzKHcKYIY8wTIaMCFeIJ3_clWeVW2H03NzayLIAYT_5yUczbGddB0aslYn1ia5uOceLbjvEu3yFXh9yTBK--6nMQVUdW0H3L6YIo_lM7tLk55msRyvzc6wQiaLZ--mvVQSJLfTd4525PjDf5nj9wUuUS8WPKO59OR6LIumaIHr8OX15S_7IH1sSt2zMjMiSG7gKIVHDPCj1XJYYMmj6kzWe5oHKP4A23gCHhixZraaaiWtQ75cwDLXxsZRIabUOAbzOrnJ3ABIeN-ZvPBeAEAYgFzM6Qk1igBi6AB8KzkNgDqAenzLECqAfi2LECqAemvhuoB8zOsQKoB_PRG6gHltgbqAeqm7ECqAeOzhuoB5PYG6gH8OAbqAfulrECqAf-nrECqAevvrECqAea4bECqAfVyRuoB9m2sQKoB5oGqAf_nrECqAffn7ECqAf4wrECqAf7wrEC2AcA0ggxCJDhgEAQARidATIIi4OAgICAgAo6DYBAgMCAgICAqIACqANIvf3BOljPsOWH5e6TA7EJcUUL49gTi1SACgOYCwHICwGADAGiDAOQAQGqDQJKUMgNAeINEwjV0uWH5e6TAxWEdsMGHVqgHFTqDRMInKrmh-XukwMVhHbDBh1aoBxU8A0CiA7___________8BuBPkA9gTDdAVAZgWAcoWAgoA-BYBgBcBshcQGAEqCjQ1NzAyNDQxODNQBroXAjgBqhgXCQAAAAAIsQlBEgo0NTcwMjQ0MTgzGAGyGAkSApNOGC4iAQDQGAHCGQIIAQ&ae=1&gclid=EAIaIQobChMIlvjnh-XukwMVhHbDBh1aoBxUEAEYASAAEgLk0PD_BwE&num=1&cid=CAQS0gEABaugffJqiNq0JRlaTuNg5vquACDUmAyWn01sdH5rOlozivAFPLYHBduvjPQqs1En_7lWWVsWqkIjPsnaThoisrC1EPM8U8DwhgEr6SwbKZjlXKoC1dJDSlWGtqlHvlnGaHNkc3C69TBZ5gb3qVkYPLHD4JSTGAvMWfr5CDQy9hx7Oa8elGa9dSBTBYb8B6APTumyTSIa2_4kwpRSuIbX5krKjnToG-amdSJ9y_ZpAH-MGWzXCyNB5jU21M9zkobxRQGqjQPC_t8jey9_YQvvmYQYAQ&sig=AOD64_3VL7RG-uQW6dMOHRU4xDYwaFmnsA&client=ca-pub-1037373295371110&rf=4&nb=9&adurl=https://www.awnproperty.net/%3Fgad_source%3D5%26gad_campaignid%3D23662438220%26gclid%3DEAIaIQobChMIlvjnh-XukwMVhHbDBh1aoBxUEAEYASAAEgLk0PD_BwE,https://www.awnproperty.net/?gad_source=5&gad_campaignid=23662438220&gclid=EAIaIQobChMIlvjnh-XukwMVhHbDBh1aoBxUEAEYASAAEgLk0PD_BwE,,,,,
1222,https://www.googleadservices.com/pagead/aclk?sa=L&ai=CEjX26UPgadxMhLqB4A-CgK35CYqd-MNv7dC79akSoty_oNQBEAEg6OS2E2DH1f-NhCagAZC40Z8oyAEBqQJ-B4Q8CGVwPuACAKgDAcgDCqoE9AJP0G1hAFxhEAoIOkbwkBOuSkg11X_sT8CBG6Owc-z7fKv_NMy8MqJDq1-_yKAd4fUMsnROkSqCglHbBZATrjoNmtqTbFyvwEcQoXeq49yE_-snf7EU3wAtoBCfq2V2Ldb1qMSamlHWq9lnSavGKdLlJ7Mp7vo5REqn9c1HXeOfAtTby2EkmyzTKAd_LouBq8SeHHZi-U4dD-1eL8W9P-I-oqS70gqkl0R3weG7J73zxFOeva0qMkVVnxq8nqRiXLHvQSO9XFcLM-_dRU_FENB3Bk8LD0Cd1SfsKvgN-Vd6KcE2hKNLUxb9NnXvmWITPldxujWZXVho21GU5tHQDihQRa99yCxsRhl593bl88OXRUby-788x_H_d0J9zz1YptawmC0N407uy6NAzQvdAYXHns23HwrIHnJFv5au9woVs2inMq6pEcX9xc8-yWiiW9o6xlCTnOtjFfPoURFucys4WgN10Mf4GWo0CNhP2_VaRwXSrCbABOKz3cXJBOAEAYgFwLn6-DigBmaAB5Dwof8CqAenzLECqAfi2LECqAemvhuoB8zOsQKoB_PRG6gHltgbqAeqm7ECqAeOzhuoB5PYG6gH8OAbqAfulrECqAf-nrECqAevvrECqAea4bECqAfVyRuoB9m2sQKoB5oGqAf_nrECqAffn7ECqAf4wrECqAf7wrEC2AcB0ggvCIBhEAEYnQEyCIqCgICAgIAIOg2AQIDAgICAgKiAAqgDSL39wTpYwuDmoaTxkwOxCdnVuOzkfRP0gAoDmAsByAsBogwDkAEBqg0CWkHIDQHiDRMIgYjnoaTxkwMVBF0ABh0CQCuf6g0TCOL-56Gk8ZMDFQRdAAYdAkArn_ANAogO____________AdgTDYgUBtAVAZgWAcoWAgoA-BYBgBcBshcQGAEqCjgxODA0MjQ0NzdQBroXAjgBqhgXCQAAAADBSDVBEgo4MTgwNDI0NDc3GAGyGAkSAqhOGGYiAQDQGAHCGQIIAQ&ae=1&gclid=EAIaIQobChMInOXooaTxkwMVBF0ABh0CQCufEAEYASAAEgKsCvD_BwE&num=1&cid=CAQS4gEABaugfXIZxLu-PyU7tC60WgHgB26XlZjK5VyCgYvD_rI4_QDI2KTsiyetROTstsPAkGHxpDTc6YRZxAQjqTExXdE3y3jOKDd1iSGI9BlAC31tFDx1FqXWo0efRlMDcI3-cYtZMda9ZfZpzGT2aj8W6SUzo24qcgPay88TBXfCkFrmzA0UnYzuvPpwPstTPW1atIhkTpC_9E6hB-oTLMKmjTjHF-9Ghjq_hZXCpviehZAdl3AluD1vttUeBGNeJHS3Bb_J-o3yhOlM6FtTSrunWrqDcLbDnmctFcpvE035PDyMGAE&sig=AOD64_3A9cGFUxBIZlNSLHy8RuZmiLJaiQ&client=ca-pub-9922974912311690&rf=4&nb=0&adurl=https://malutimountainadventures.co.za%3Fgad_source%3D5%26gad_campaignid%3D15286049984%26gclid%3DEAIaIQobChMInOXooaTxkwMVBF0ABh0CQCufEAEYASAAEgKsCvD_BwE,https://www.malutimountainadventures.co.za/?gad_source=5&gad_campaignid=15286049984&gclid=EAIaIQobChMInOXooaTxkwMVBF0ABh0CQCufEAEYASAAEgKsCvD_BwE,,,,,
1082,https://www.googleadservices.com/pagead/aclk?sa=L&ai=CzIp_r9feaYKFLP7zjeYP7rjE2QrG1Kf2gwHHtbr_wxX_3vnSjA8QASCkhPwdYKW4moCcAaAB3d_rywPIAQmpAuvhUl8j46c-4AIAqAMByAPLBKoEpAJP0H3zxApH08uOfJ3R-pnccP0eoT3acPV9kstCdsU1bfWHkxgnVLwdsWy2_EwdRuwdIwZONo29hHynHO2Me8JjrokOl6V9QG3W8kr5z2QFDBWKWFmQmUGj5nxvbmNfPdTIpL2jx9Di2KqdSd3BL1RpMnMORZNSvHQwI2SU5P7V59qh4CwC6faTymzHPd212FnyGtYOnfvUWFqr77x-49N_JS6saXRDPVsCHzfmni-hv1VKEeo01SoSr_vX6Yl4P4swvHkZPh9y4j3XsqsSZrFSxFaIYMJenKiy2wB7UQzhhdX6tg206zO_mRcZbBWytj6_bSFeBXqDYdcg22p0_B0D460Jfg3YIE2VhYVfTwlgSjapfZqeO6kRB_nVddQwjLDRUpHnwAS64IG_0QTgBAGIBZLEi4IG-gUGCCUQARgAoAYugAeLoJQ0qAenzLECqAemvhuoB8zOsQKoB_PRG6gHltgbqAeqm7ECqAeOzhuoB5PYG6gH8OAbqAfulrECqAf-nrECqAevvrECqAea4bECqAfZtrECqAeaBqgH_56xAqgH35-xAqgH-MKxAtgHAMAIAdIIMgiA4YAQEAEYnQEyCKqCgICAgIAIOg6AwAOAgISAgJSu4AOoB0i9_cE6WJb98fTI7pMDgAoDkAsDmAsByAsBgAwBogwCSAGqDQJBVcgNAeINEwjXqPL0yO6TAxX-ecMGHW4cMavqDRMI2fLz9MjukwMV_nnDBh1uHDGr8A0CiA7___________8B2BMN0BUByhYCCgD4FgGAFwGyFxAYASoKMzE1MzE2NDIyNFAGuhcCOAGqGBcJAAAAAIyzGkESCjMxNTMxNjQyMjQYAbIYCRICmFQYLiIBANAYAcIZAggB&ae=1&gclid=EAIaIQobChMIwpj09MjukwMV_nnDBh1uHDGrEAEYASABEgJX5PD_BwE&num=1&cid=CAQScAAFq6B9c3kjpvz1WksIcE46gIwx5luJz44QCvNKiC4vhu_0pZqa3wxUk5BiCIFMFftqzMREK6d1CgvhC6z98cH-sHdWRQnBWaYxENxyjmEsjMf788R0N1Qduq-2JIABgbQvAIisCyvJvVKVFJ5BeTcYAQ&sig=AOD64_2J4uwhpzGjh0DHgWj8fQCKLnN1KA&client=ca-pub-6597645848653118&nb=9&adurl=https://bellroy.com/products/cinch-backpack%3Fcolor%3Dcrimson%26material%3Drelaxo_weave%26store_currency%3D24e93ad60e6042c01dce9d12008131fbdb51af44%26shipping_to_country%3DAU%26price_list_identifier%3DBpxmBaMDPhkYyg82EFytxg%253D%253D%26campaign%3D1614995986%26adgroup%3D159314374714%26network%3Dd%26device%3Dc%26location%3D1000422%26adtype%3D%26product%3D%26ad%3D799858367903%26keyword%3D%26target%3D%26gad_source%3D5%26gad_campaignid%3D1614995986%26gclid%3DEAIaIQobChMIwpj09MjukwMV_nnDBh1uHDGrEAEYASABEgJX5PD_BwE,https://bellroy.com/products/cinch-backpack?ad=799858367903&adgroup=159314374714&adtype=&campaign=1614995986&color=crimson&device=c&gad_campaignid=1614995986&gad_source=5&gclid=EAIaIQobChMIwpj09MjukwMV_nnDBh1uHDGrEAEYASABEgJX5PD_BwE&keyword=&location=1000422&material=relaxo_weave&network=d&price_list_identifier=BpxmBaMDPhkYyg82EFytxg%3D%3D&product=&shipping_to_country=AU&store_currency=24e93ad60e6042c01dce9d12008131fbdb51af44&target=#slide-0,yes,yes,yes,yes,yes
990,https://www.googleadservices.com/pagead/aclk?sa=L&ai=CB493XPXeafLeErOhjeYPmPTsGYbFucGGAai7rKzwFbSJ_KKARhABIJ2omEpgiQOgAbisouAqyAEBqQL6j0BECCKBPuACAKgDAcgDCqoErAJP0O0JAkUZI5ttqcyNxR5KK3knlwav1aNBMh1ou2sIJ_F_7KIEwCOVOcI1rbnLa_r5eErXs-sti-K3XHHz4oQRGU7s5hxohKm8EHNin6jAmyldSEXnHlKGXrzf9pp970pzQ7_2gyvf4KWzHah8LLba5IHQdFWLt2Co4VgQ6kFyT9hIQvbP_B9Qo6qPMZ_ZbNIb50Qj8ZQamD3bh3RoVsmkCWJWT6LoFhHClLTtT9wkl9zhJpdjWMAsLq5Jd81JMch0TjObU6Lt63ZfQi8TNvr2LRpyR_MtZWYKbE4L8ayDkRy_z6196xnBuandiE_6TTHLAwAEvo2mVp5uV5ityWtWMIULBRaMVEUuHNw_dVzeQ0dxccsZ5NjuAL8NJBaRqneP9Xp-Z1KKRFCBCLLABJqxl_rfBeAEAYgF8Z72l1iAB7jk8r8FqAenzLECqAfi2LECqAemvhuoB8zOsQKoB_PRG6gHltgbqAeqm7ECqAeOzhuoB5PYG6gH8OAbqAfulrECqAf-nrECqAevvrECqAea4bECqAfVyRuoB9m2sQKoB5oGqAf_nrECqAffn7ECqAf4wrECqAf7wrEC2AcB0ggvCIBhEAEYnQEyCIqCgICAgIAIOg2AQIDAgICAgKiAAqgDSL39wTpY_t2cm-XukwOxCWh4QUxj73sCgAoDmAsByAsBogwDkAEBqg0CSlDIDQHiDRMIjYKdm-XukwMVs1DDBh0YOjsD6g0TCPvZnpvl7pMDFbNQwwYdGDo7A_ANAogO____________AdgTA4gUBNAVAZgWAcoWAgoA-BYBgBcBshcQGAEqCjcxNjc4NTIxMjhQBroXAjgBqhgXCQAAAADeByJBEgo3MTY3ODUyMTI4GAGyGAkSAv9OGAEiAQDQGAHCGQIIAQ&ae=1&gclid=EAIaIQobChMI8vyem-XukwMVs1DDBh0YOjsDEAEYASAAEgImDfD_BwE&num=1&cid=CAQS0QEABaugfRKEx_oDjUMD6mg9ffD7s8W9a0FG9vzDorTElZBdyw_beZBt3Gsmv3FaUV9UKY0xzYYKZ-TCb2RBV6nB_PRATsbtkg4zGWzbw46Dunb19ocZiwZQR2bCu5whgZ5u0TGMDPAUcqRh8iTmcEofwPRpd9pdsNB6cEvaNaMJSJCCOwt81q6vl9C2C-S1vdOgiyLvVTnrbwNZZCfjOFYSmcHLaasWfQ3cQNyDXhJK08iTR7M_QZnrxdfUmsgESWqp0dZiyt6i_-vtQ6_6cRrPOxgB&sig=AOD64_3XSFHhmaUbUh4l5w9tsErBIm_1Ww&client=ca-pub-1562240781249251&rf=4&nb=0&adurl=https://www.asiasummitglobalhealth.com/conference/asgh/en/participant-registration%3FDCSext.dept%3D12%26utm_source%3Ddisplay%26utm_medium%3Dgoogle_dpy%26utm_content%3Dccm_mkt%26utm_campaign%3D2026_asgh_register%26utm_id%3D12_10010261%26gad_source%3D5%26gad_campaignid%3D23672491889%26gclid%3DEAIaIQobChMI8vyem-XukwMVs1DDBh0YOjsDEAEYASAAEgImDfD_BwE,https://www.asiasummitglobalhealth.com/conference/asgh/en/participant-registration?DCSext.dept=12&utm_source=display&utm_medium=google_dpy&utm_content=ccm_mkt&utm_campaign=2026_asgh_register&utm_id=12_10010261&gad_source=5&gad_campaignid=23672491889&gclid=EAIaIQobChMI8vyem-XukwMVs1DDBh0YOjsDEAEYASAAEgImDfD_BwE,,,,,
994,https://www.googleadservices.com/pagead/aclk?sa=L&ai=CqgTReEPgafTDDPrys8IPzsXB2QvYvYHZhAGfvJ-b7hWy74yNjQ4QASCn9owaYMfV_42EJqAB0OK6yULIAQKoAwHIA8kEqgTSAk_QIdttTENwHA1qTl9e1GmGBwQnFL56f7V9UMDuRJLR-PqdZ9E75k2tUjy-hSoxZSVAF7zMzhsKbClN26hDx5aZfFTO0ROXJVWpC_w0AuVpSLEdJXTVRMjAgElmlTioJRgDdSTvK_xyutYW4o7R95KT-AV0hHhYE3KCQ0mTQWnBp0rrh-XXyXyBYZFuNKyGSrWEjBcZiaWbPCYY9XNBqBwrXgMSHK2pxLSCVMgegPap8C64HFvLrO_XUAbumY7XkEDeKOkH5wStpvNo4NF3nU2paI6dVYYkHAnSwsvaZhBt6b-S40hRFOmCfbbWNBA0S92vxsDNwIklh6JH3_yk7Z1hkxwO1BLxWF41z45IlZPv2fWuM1g0UpYKX0ncxOQuzaUM424r5oSaw4CrgMc5rqM_Zq_i4sSbvj5NKAUa3ug7KTh35U0iTa0SLAgxzWXQ0pDxwATD0-Lu1AWIBcTXwrFXoAYCgAfQmoupHagHp8yxAqgHpr4bqAfMzrECqAfz0RuoB5bYG6gHqpuxAqgHjs4bqAeT2BuoB_DgG6gH7paxAqgH_p6xAqgHr76xAqgHmuGxAqgH1ckbqAfZtrECqAeaBqgH_56xAqgH35-xAqgH-MKxAqgH-8KxAtgHAdIILwiAYRABGJ8DMgiKgoCAgICACDoNgECAwICAgICogAKoA0i9_cE6WLrFguyj8ZMDsQm5HWeCBG35u4AKAZgLAcgLAaoNAlpByA0B6g0TCN3kg-yj8ZMDFXr5TAIdzmIwu_ANAogOCdgTDdAVAcoWAgoA-BYBgBcBshcQGAEqCjA1NTAwOTQxOTFQBroXAjgBqhgXCQAAAAA0AxlBEgowNTUwMDk0MTkxGAGyGAkSApNOGAIiAQDQGAHCGQIIAQ&ae=1&gclid=EAIaIQobChMI9N-D7KPxkwMVevlMAh3OYjC7EAEYASAAEgLGGPD_BwE&num=1&cid=CAQS0QEABaugfUbtuApUsXL_722mZEr9wdy13THRwt1cYReR0tiT7PvFl10pMwcvDd2gE1ABgphi1k2rgEE50_kPgQUquVWc7FiQejLDxeWh0DavHEwwOM53o9pkbqIm7KCN8xPv1PtfbRzkov_6lEmjcuR-Eaqji6vxgq50blnQi1T0xgRwOBFRGAeU2wz2TqPYKCFe0lAzE7Z_e8qVqY_LkiCjotsAl2REpR9U4sR5ACuYSVpgFWK9A0LRL4NMw0nG41Gq0R_TnNnXRdQQ6PMQtNYrkxgB&sig=AOD64_38gaOh5vIJZuBDpItQ8pMEl3dOQg&client=ca-pub-2107538958244175&rf=2&nb=2&adurl=https://articlestudentliving.com/%3Fgad_source%3D5%26gad_campaignid%3D23457737668%26gclid%3DEAIaIQobChMI9N-D7KPxkwMVevlMAh3OYjC7EAEYASAAEgLGGPD_BwE,https://articlestudentliving.com/?gad_source=5&gad_campaignid=23457737668&gclid=EAIaIQobChMI9N-D7KPxkwMVevlMAh3OYjC7EAEYASAAEgLGGPD_BwE,yes,,,,
1149,https://www.googleadservices.com/pagead/aclk?sa=L&ai=CqY5EmuzeaZHcLNWRjeYPioermQXH1serhgH1rPCJxBXiwLCn9QoQASDo5YkTYIkDoAGWq9PgQsgBCakCLo1xvoPfxD3gAgCoAwHIAwqqBMgCT9CNBHD30KmpP57hzMlq6CmCPni0gCufgvNzGVZe97TqllZCBdhTaYDG91i26mF3l3nBu3wRq8zVeJKSgwoghm_c2jNBF6Qd8shgduO1dAI2OUgnxinbZTQ76A_dClKAtzSBoOoE5ipTq4V_0ubbq4SFAQcrtCapGhjFWYPnCOLCnae2Pr9iqrzwqBVSbx5S4GN-bkcqja89BKf0mg-10G6JS1ozSmg87Hut2K0SltcWK3q3XR2OYMKpnJSPWcV_y69cECbKOUl4qSCeMvvSueK5iECXA_iKAyvg8YO0Kx7dHWjTA0x83NttflRZcHcjoiQ4uf-1G_hSf3UtCknmR1LdcTxarIHqgiRLYyk9Rj6Q-5arL0bsgdwwxtEUUTHNicvVrdTrw1Mr-kQ6fnslRVuVDjC1UmFQm4EqCPUHYHM_EhC9DU75tMAEoPaw2s8F4AQBiAW6jonSV6AGLoAHluOjwB2oB6fMsQKoB6a-G6gHzM6xAqgH89EbqAeW2BuoB6qbsQKoB47OG6gHk9gbqAfw4BuoB-6WsQKoB_6esQKoB6--sQKoB5rhsQKoB9XJG6gH2baxAqgHmgaoB_-esQKoB9-fsQKoB_jCsQKoB_vCsQLYBwDSCDIIgOGAEBABGJ0BMgiqgoCAgICACDoOgMADgICEgICUruADqAdIvf3BOli-vK3u3O6TA7EJ0BLKZcR-U7iACgOYCwHICwGADAGqDQJKUMgNAeINEwiy8a3u3O6TAxXVSMMGHYrDKlPqDRMI5uSv7tzukwMV1UjDBh2KwypT8A0CiA7___________8B2BMK0BUByhYCCgD4FgGAFwGyFxAYASoKMTk5ODgxNDA1NlAGuhcCOAGqGBcJAAAAAECJCEESCjE5OTg4MTQwNTYYAbIYCRICkVQYLiIBANAYAcIZAggB&ae=1&gclid=EAIaIQobChMIkZGw7tzukwMV1UjDBh2KwypTEAEYASAAEgIAbfD_BwE&num=1&cid=CAQScAAFq6B9ILRz0hBMFvGJ2B0OeJIK38O6BRenuXCfshkhXfLH1ZWrl4BfAbQ1AYwBcAIfVIJhDD3fwvh1pQqGbyWGBZ0bTd25juvf8cVboHmbWUeF0alTl4O4KfhuuJgSz8drIvG-a9Kw_M6Eeb3lpewYAQ&sig=AOD64_2qB4v7Oh7h-arPcRpX8Nj8sr8iew&client=ca-pub-2615941022292182&rf=4&nb=9&adurl=https://www.puhmongecoretreat.com/%3Fgad_source%3D5%26gad_campaignid%3D23526000442%26gclid%3DEAIaIQobChMIkZGw7tzukwMV1UjDBh2KwypTEAEYASAAEgIAbfD_BwE,https://www.puhmongecoretreat.com/?gad_source=5&gad_campaignid=23526000442&gclid=EAIaIQobChMIkZGw7tzukwMV1UjDBh2KwypTEAEYASAAEgIAbfD_BwE,,,,,
1146,https://www.googleadservices.com/pagead/aclk?sa=L&ai=CBGFM4lngaZzAN92LjeYPwqrWkQnE9-2hdK6jrrXzEbCQHxABIIC8xnNgx9X_jYQmoAGZ16nXA8gBCeACAKgDAcgDCqoEsAJP0FNHQroUKV8OzXmnty48u3M90uGOGSt-HnjbhcyaOKOrfWuhA0X9VuZ9gUp7qJZ9Ay3op92KPQcE6ZW-U8B_lhkm39dJOLmGzixK5yU1_eBxCB-dSUSX8beOyxZkHpHv5-Iz3D-j0_8dlCRkYUP6r56d5O9Icw99nXGtGcpvCPDT_msONQfo5TcCA1YwjT4wbVIxHFN_tH4KidaHh5VBZ0pCQEiqxBwDzP4v-D7YK9sxCgdi5REUa_rh_hF3tZyXQBfXvbl7_4oG0zhSfy9ktrWcLu4psJRIZhmKLp8dOpnqXTO4wIhwBpTyThvSujczTlNTb2BId1wXC0anYqmLJmm6QPvdWiADba7L-5LNZJG5788wX4O4bDVYqak-u3Fbm0zG7lt97cdaxaTL7fBTwAS10LuzzwLgBAGIBa2gvqUioAYugAeDqIEDqAenzLECqAfi2LECqAemvhuoB8zOsQKoB_PRG6gHltgbqAeqm7ECqAeOzhuoB5PYG6gH8OAbqAfulrECqAf-nrECqAevvrECqAea4bECqAfVyRuoB9m2sQKoB5oGqAf_nrECqAffn7ECqAf4wrECqAf7wrEC2AcA0ggvCIBhEAEYnQEyCIqCgICAgIAIOg2AQIDAgICAgKiAAqgDSL39wTpY9f23nLnxkwOxCf6u2ulZcRS2gAoDmAsByAsBgAwBogwDkAEBqg0CWkHIDQHiDRMI0qy4nLnxkwMV3UXDBh1ClTWS6g0TCJbSuZy58ZMDFd1FwwYdQpU1kvANAogO____________AbgT5APYEwyIFAHQFQGYFgHKFgIKAPgWAYAXAbIXEBgBKgo5NzI4OTk5NTY0UAa6FwI4AaoYFwkAAAAATFMWQRIKOTcyODk5OTU2NBgBshgJEgKoThguIgEA0BgB6BgBwhkCCAE&ae=1&gclid=EAIaIQobChMInLm6nLnxkwMV3UXDBh1ClTWSEAEYASAAEgI9G_D_BwE&num=1&cid=CAQS9AEABaugfcqL18WPJhrA9I2vaeuKwyEp01eR83ffzUqLhVamVLVUgZ_fXHUSVIIydr797MfUGI63fD1dP0iDDljWceSErW_DqEK5n4Cmf1KEr4pVX9uXCJgTCmqGJcTtTRNRnJlJxLfaZQ1rwGGNg-hKsPlAxnxwjhqhS8ZsuFfBiwKg45JtHG18E8inUKhSKetpWFsai743OQwvAsbmsIRce6QbU8wJSj8ONPCJgevi6st6H1c47WxA09DmsIRusUXkoU_U408G1RLda76avBEd4SwuJd1ouwV5TG22hDFM2y7-A4ArCK_bclOXrRjnDxwYANayGAE&sig=AOD64_1MeHakJEPVjxaQk5ZktKnzImqy8Q&client=ca-pub-2018484621237323&rf=4&nb=9&adurl=https://www.beenverified.com/%3Futm_source%3Dgoogle%26utm_medium%3Ddisplay%26utm_campaign%3DBV_VIN_DIS_PRP_CAR_CT%26adgroup%3D90033809461%26ad_id%3D681026140302%26gad_source%3D5%26gad_campaignid%3D9205420077%26gclid%3DEAIaIQobChMInLm6nLnxkwMV3UXDBh1ClTWSEAEYASAAEgI9G_D_BwE,https://www.beenverified.com/?utm_source=google&utm_medium=display&utm_campaign=BV_VIN_DIS_PRP_CAR_CT&adgroup=90033809461&ad_id=681026140302&gad_source=5&gad_campaignid=9205420077&gclid=EAIaIQobChMInLm6nLnxkwMV3UXDBh1ClTWSEAEYASAAEgI9G_D_BwE,,,,,
888,https://www.googleadservices.com/pagead/aclk?sa=L&ai=C-zX7eEXgadT9DtS3geAP6JO4mAidk4CbggHiw7n0-xC12qu_kA4QASDenax1YMfV_42EJqABxenk8CnIAQLgAgCoAwHIAwiqBLsCT9A3eJ_bVU8HCB-zniN6rEFDMrdhootMC1d2pITHawO8DOe6dnUaWKNSw1Cb-j2SJvObo8W5A9Um0GmokPX2_5yKwfEARe8ssI9n_RSih1gy7wad4iFBSuaG8JJUksyHk4NRhqunyH7CQi-ycGPc3bIAmaeCQRYLYjicQ04X8mE2ch7pNpZ3WqZqNCaWGDxfii48DfZ4Kn-5DMIl3hHplD8UprkwZVpza5blC4LUkErNvrSrjsje7TG67XGvXJkn3AqG6IL1sG7DX7z4VvhCbpSpVrFML0dgqAX7YEwry7uotcOEpeEaG3oy2uFDrvXGMq6gWGPUgGYGWAI73MwlSX5MbESzSCqVaPUQdtu-eoBg_7qOSfy_3nNX1yRhStPuSNAaKwQGAtCFUnxCBOCuWq7xuj3BSmO1kuQ0wATT_LmAxwTgBAGIBcDq8NxLoAYCgAfFobXQBKgHp8yxAqgHpr4bqAfMzrECqAfz0RuoB5bYG6gHqpuxAqgHjs4bqAeT2BuoB_DgG6gH7paxAqgH_p6xAqgHr76xAqgHmuGxAqgH1ckbqAfZtrECqAeaBqgH_56xAqgH35-xAqgH-MKxAqgH-8KxAtgHAdIILgiAYRABGB0yCIqCgICAgIAIOg2AQIDAgICAgKiAAqgDSL39wTpYltLZ36XxkwOxCZZOL53es5qpgAoDmAsByAsBqg0CWkHIDQHiDRMIj4Da36XxkwMV1FsABh3oCQ6D6g0TCOPq2t-l8ZMDFdRbAAYd6AkOg_ANAogO____________AdgTDdAVAcoWAgoA-BYBgBcBshcQGAEqCjI4OTM3NTcxNTJQBroXAjgBqhgXCQAAAABIvhJBEgoyODkzNzU3MTUyGAGyGAkSAtJSGAIiAQDQGAHCGQIIAQ&ae=1&gclid=EAIaIQobChMI1JmY4KXxkwMV1FsABh3oCQ6DEAEYASAAEgJBUPD_BwE&num=1&cid=CAQS0QEABaugfaWJEwkeP_SWOOHIti4XDgu2SCcJKPNz9F9jLr6M7QMnTVEPr3EcMKhDqSS-gZvAPACBUCwZqnjKixwpg5ZHBOWwf_tbQmeRidiqEkXKWv5xN6ap_WM0l2t564jbFagH362gKtJJMBt_NhNvTGue7fR5ih82X1M5j11yTNIHpGFDLFPBvKR0HonBNz4sfVZZT2N1B-ZcSd6VYER1PacO4Fm8wliN15L4TJAOVBMt0IW2xEcuzlvjwY1QWct5gMxbMXuuGwYbysSO6CThJBgB&sig=AOD64_0UvIdYLpPYL8C8kfu5Gw5nvXbLTg&client=ca-pub-7209808242714184&rf=5&nx=CLICK_X&ny=CLICK_Y&uap=UACH(platform)&uapv=UACH(platformVersion)&uaa=UACH(architecture)&uam=UACH(model)&uafv=UACH(uaFullVersion)&uab=UACH(bitness)&uaw=UACH(wow64)&uafvl=UACH(fullVersionList)&nb=2&adurl=https://www.johnwayneae.com/%3Futm_source%3Dppc%26utm_campaign%3Ddisplay_remarketing%26utm_term%3D%26gad_source%3D5%26gad_campaignid%3D20327445824%26gclid%3DEAIaIQobChMI1JmY4KXxkwMV1FsABh3oCQ6DEAEYASAAEgJBUPD_BwE,https://www.johnwayneae.com/?utm_source=ppc&utm_campaign=display_remarketing&utm_term&gad_source=5&gad_campaignid=20327445824&gclid=EAIaIQobChMI1JmY4KXxkwMV1FsABh3oCQ6DEAEYASAAEgJBUPD_BwE,,,,,
877,https://www.googleadservices.com/pagead/aclk?sa=L&ai=CFdtkjkfgaae1A8-XjeYP69y9uQSqvryNdsPI7ZO6EoGC04wBEAEgha_zHmDH1f-NhCagAYyYvcYDyAEBqQJ1QeCqTc2zPuACAKgDAcgDCKoEsgJP0NJ2T3xGzUtzcXWKBlVk8NcsEe7LU2_iZHqNZT3Ph8Dd1f5C2qoNNjKOAxKx42uu0iX4ehqXB4AhtY-F7h97iDmVoXPVNqisA1APllYuDHoG0AOCpI796WukCx5Arfr5Tw-SW2ksw_boyPR4bdlrFeFQrBmlVuXwqJWSVCKQp8dSXhSs7JsyXF_Ym-UCWbC2iMkLJ69wmRZIvZ2x-RVz4JEWoFos7CzRtSsLVp8Nw8HLbFIgi5Ar3aIfxhlZErbp6HlJV2FdS8ugZmxNhZAWP5cAuNyA_Z4cGf03KNgMJ5YpsEGoOSUwn7MZqqXUwG6wtqLUqUK8PjCy-rckeBhmf7ayWKJ6nB5j6kqvChgr73yduGJwteCihwDlRm8zAtHfEzxtcR1h892Kr6M9_uPBrdrABMzxx8jRBOAEAYgF3cWftE6gBgKAB9znwjmoB6fMsQKoB-LYsQKoB6a-G6gHzM6xAqgH89EbqAeW2BuoB6qbsQKoB47OG6gHk9gbqAfw4BuoB-6WsQKoB_6esQKoB6--sQKoB5rhsQKoB9XJG6gH2baxAqgHmgaoB_-esQKoB9-fsQKoB_jCsQKoB_vCsQLYBwHSCC4IgGEQARgdMgiKgoCAgICACDoNgECAwICAgICogAKoA0i9_cE6WJnz2d6n8ZMDsQltZNAcEMRrt4AKA4oK2gFodHRwczovL21vbml0b3IuY2xpY2tjZWFzZS5jb20vdHJhY2tlci90cmFja2VyLmFzcHg_aWQ9V1BtdERTNUVFUlpBVVUmYWRwb3M9JmxvY3BoaXNpY2FsPTEwMjg2NjUmbG9jaW50ZXJlc3Q9MjExNDImYWRncnA9MTU5MzM0Mzk4MTU2Jmt3PSZudz1kJnVybD17bHB1cmx9JmNwbj0yMTA0NzUzNDMwMSZkZXZpY2U9YyZjY3B0dXJsPWFsaWNpYWdhbHZhbi5jb20mcGw9Y2xhcmluLmNvbZgLAcgLAeALAaIMA5ABAaoNAlpByA0B4g0TCKzb2t6n8ZMDFc9LwwYda24vR-oNEwjTldzep_GTAxXPS8MGHWtuL0fwDQKIDv___________wHYEw2IFAPQFQGYFgHKFgIKAPgWAYAXAbIXEBgBKgo1NTAxODI5NTc4UAa6FwI4AaoYFwn_____N3kPQRIKNTUwMTgyOTU3OBgBshgJEgKdaRgCIgEA0BgBwhkCCAE&ae=1&gclid=EAIaIQobChMIp7Td3qfxkwMVz0vDBh1rbi9HEAEYASAAEgLNBPD_BwE&num=1&cid=CAQSzwEABaugfZfDx4Apl927uy_FCcT-wRWN3DP2uTHntWHp_SfzKamr5GLY_dxFVdwHmYAvZyMwiiFRGK6ZEyofm75xZloZa1k0AEEOfGXc0aPi7O0GI0J4biUr5JoaUC7rQ5fzkd55TR6SE1CsdYmP8EGkCU5z5udqKFYXSVj2vcSlTadYIdRSUWrIb1u4cMJj7OSJDvRuN1cfCtwUn9cg9eCeTN1PSGcc5SSPR3IEZs_Qz-2hiXPMI4y35qrYSAeSGzkbYsR_mVCsBMtOPjyZPswYAQ&sig=AOD64_0hIq113wFLt-pcjyT0NQzYfYlq8w&client=ca-pub-6131228133143733&rf=4&nb=2&adurl=https://www.aliciagalvan.com/tarot-visa-profesional-usa/%3Fgad_source%3D5%26gad_campaignid%3D21047534301%26gclid%3DEAIaIQobChMIp7Td3qfxkwMVz0vDBh1rbi9HEAEYASAAEgLNBPD_BwE,https://www.aliciagalvan.com/tarot-visa-profesional-usa/?gad_source=5&gad_campaignid=21047534301&gclid=EAIaIQobChMIp7Td3qfxkwMVz0vDBh1rbi9HEAEYASAAEgLNBPD_BwE&gclid=EAIaIQobChMIp7Td3qfxkwMVz0vDBh1rbi9HEAEYASAAEgLNBPD_BwE,no,no,,,
1028,https://www.googleadservices.com/pagead/aclk?sa=L&ai=C6_kpFNbead-4CNH5ovUPoPn6oAXg9JuohAG8mqaZ2xVkEAEg2rzWOGCluJqAnAGgAfy1xf4DyAEJqQLr4VJfI-OnPuACAKgDAcgDCqoE3gJP0EDDMZRArxd2mP-DWNQk0DAkQIjn9lNeqHUtsksYUbpY6DhzKO3es1KymCp-UL0CLHONai6xAx05AhU7cJMICF3m87O20R48S3mlz1yrbzBy1xQ2-X2mZSGbkm5ffBwhX_LnqK7-5IOnE7uL4pRkR2X97HJS9W_UaVLB4nDfCw7xLqftQyjAC-_HUlZJGU7Zl9Hnb8GXfr8ERxo3vF5Byn93yH8bv-Enmc9JTWF8BS5jICpyR5Lsp0AF5aJq-_nrCVEoc9jcaX3Y3iPY_BqpE1rhsGlS-klqgUuGbPzFJSZrTi4uWubf0lKMXts2hz6wyoBPfKI0CoJTkYiM-LRJ88s1LU-mzT21knIJC99kslAtJkKUNQ060SIBtoaTp5ruJF3Gn5OLF5nGn7HptWyJLERLujU7VvUZ1PijJW0WkYhpIPQRvTWuAXmZ3xJVZXT27H_lRwUuyJpPO1_WRMAEqbuCq7kE4AQBiAWxpNCJS6AGLoAH7Mm6AagHp8yxAqgHpr4bqAfMzrECqAfz0RuoB5bYG6gHqpuxAqgHjs4bqAeT2BuoB_DgG6gH7paxAqgH_p6xAqgHr76xAqgHmuGxAqgH1ckbqAfZtrECqAeaBqgH_56xAqgH35-xAqgH-MKxAqgH-8KxAtgHANIIMgiA4YAQEAEYnQEyCKqCgICAgIAIOg6AwAOAgISAgJSu4AOoB0i9_cE6WNft0LDH7pMDsQmmV3-fm9hcXIAKA5gLAcgLAYAMAaoNAkFVyA0B4g0TCIyc0bDH7pMDFdG8qAgdoLweVOoNEwjq5dKwx-6TAxXRvKgIHaC8HlTwDQKIDv___________wGwDoK1iIwY2BMM0BUByhYCCgD4FgGAFwGyFxAYASoKNDA1NDI1Njc1OFAGuhcCOAGqGBcJAAAAAPBuBUESCjQwNTQyNTY3NTgYAbIYCRICoU8YLiIBANAYAegYAcIZAggB&ae=1&gclid=EAIaIQobChMI35LTsMfukwMV0byoCB2gvB5UEAEYASAAEgI5XPD_BwE&num=1&cid=CAQSggEABaugfXZ18iGEonjflVly0SGT6YXpswGMNJFSrwagxtlfbuML1OHHFFbRkHAkjlRYzDSn6JAaYkyYTKYtwoQi2LyPHHCVvhPPVaNrPWBbBZ0PCU0iiDeXp_J_2lZ7WwDOUh5dSPdyiyp0W33qmsAIEK5Ik6GP10ij_mHVWWYSZX0xGAE&sig=AOD64_2OL1m7gB21ACtj7q-XEH4GVIbzrQ&client=ca-pub-9273264035880389&rf=4&nb=9&adurl=https://www.discoveraustralia.com.au/holiday-packages/touring/cairns.html%3Ftarget%3D%26campaign%3D20152848396%26adgroup%3D%26matchtype%3D%26device%3Dc%26position%3D%26gad_source%3D5%26gad_campaignid%3D20152848945%26gclid%3DEAIaIQobChMI35LTsMfukwMV0byoCB2gvB5UEAEYASAAEgI5XPD_BwE,https://www.discoveraustralia.com.au/holiday-packages/touring/cairns.html?target=&campaign=20152848396&adgroup=&matchtype=&device=c&position=&gad_source=5&gad_campaignid=20152848945&gclid=EAIaIQobChMI35LTsMfukwMV0byoCB2gvB5UEAEYASAAEgI5XPD_BwE,,,,,
1101,https://www.googleadservices.com/pagead/aclk?sa=L&ai=CyW1EOVDgaaTxIYCR3NMPtZez4Aamw-O3hgGV5_r71xXbjcz9kQ4QASCLiIMoYMfV_42EJqABm57t6j7IAQLgAgCoAwHIAwiqBKcCT9D2X9r7uMT8VaMRoPR9iyyn0UysT5YbH5IxmqbeVVKmRZeL5xsS1ppmTRd8WK3T4DV-MHVaPcL7ZDGJ7lZ_oUfgqpCB1yNocEpostQoyHVmwjP0F3uXk28gG0QXsIvOCniAnn6KiJAxxX58Gw7hX7hBRUBjSjyGbsR1ml9kQbCaHdC4xPKelkiRdmmz-MaoE22EObTo3RvJMICNXAlFdFrcB2YW_eaR9xxP8ObmsF5mXgg9LjaesMOvKWCphrCcLCAkugEptic6zAwSNCLImlDBFOmJS3DCV0jB2-n9lFSFZyTLN7074Sm3hPHieWaZlLx2gYq-NBZv83XNKE1azk-XA53zfi0efm27E-i5n1G2vvZ-nveYt92zbL2DLeiDZcvWrfyAwMAE0qKohZUF4AQBiAX3sKXsVKAGAoAHm9a9yhmoB6fMsQKoB-LYsQKoB6a-G6gHzM6xAqgH89EbqAeW2BuoB6qbsQKoB47OG6gHk9gbqAfw4BuoB-6WsQKoB_6esQKoB6--sQKoB5rhsQKoB9XJG6gH2baxAqgHmgaoB_-esQKoB9-fsQKoB_jCsQKoB_vCsQLYBwHSCC8IgGEQARidATIIioKAgICAgAg6DYBAgMCAgICAqIACqANIvf3BOliCqoaBsPGTA7EJkskon-xRNp-ACgOYCwHICwGiDAOQAQGqDQJaQcgNAeINEwib7IaBsPGTAxWACHcEHbXLDGzqDRMIiZyIgbDxkwMVgAh3BB21ywxs8A0CiA7___________8B2BMM0BUBmBYByhYCCgD4FgGAFwGyFxAYASoKNzU3MjA4MTY2MVAGuhcCOAGqGBcJAAAAALCgE0ESCjc1NzIwODE2NjEYAbIYCRIC8GoYAiIBANAYAcIZAggB&ae=1&gclid=EAIaIQobChMI5PGIgbDxkwMVgAh3BB21ywxsEAEYASAAEgLUhvD_BwE&num=1&cid=CAQS0AEABaugfQnyH56Jb4Xeb0fmIN4WbJa5SNUiVjC5KPoYm5J7XEtmDIKCdgZVPA0WLtah5x9Ln-ifOQ7QfEgIPWx2F7MfAMec8-MV5wD8tGG_XsFQIQxdVBhMK8TjWKmHV6XxWSFyZhyHVy83Cd1plHPQWzrcUe84947jnsicvZF4UXkVOuVpMVpmEEpZ7Ajbw-QtYigo1tr4Cgrxbns85rjQBz-9Y8QpXt4_sGSmEuqf-MgQToLsxLjBB2dax5VtDF-pEg_04oGopQjH3H1s6ymuGAE&sig=AOD64_0fIMmzxsONIuDgiyjTuFqhB5H5Qw&client=ca-pub-9172700587175332&rf=5&nx=CLICK_X&ny=CLICK_Y&uap=UACH(platform)&uapv=UACH(platformVersion)&uaa=UACH(architecture)&uam=UACH(model)&uafv=UACH(uaFullVersion)&uab=UACH(bitness)&uaw=UACH(wow64)&uafvl=UACH(fullVersionList)&nb=2&adurl=https://r.blissfuldaily.com/%3Fa%3D1673%26c%3D487%26s1%3DGoogle_Display_BD_Broad_4%26s2%3D804306394682%26s3%3Dc%26s4%3Dwww.news.com.au%26s5%3Dsegment_be_a_2049037650214403267%26gad_source%3D5%26gad_campaignid%3D22775683191%26gclid%3DEAIaIQobChMI5PGIgbDxkwMVgAh3BB21ywxsEAEYASAAEgLUhvD_BwE,https://www.blissfuldaily.com/?override=5&utm_source=GoogleDisplayCPAv2Sweeps1673&utm_campaign=Google_Display_BD_Broad_4&utm_medium=1673&utm_term=804306394682&r=993438661&gclid=EAIaIQobChMI5PGIgbDxkwMVgAh3BB21ywxsEAEYASAAEgLUhvD_BwE&s3=c&s4=www.news.com.au&s5=segment_be_a_2049037650214403267,,,,,
1013,https://www.googleadservices.com/pagead/aclk?sa=L&ai=C2F23JefeaYW1B-DzjeYP-4Cp6Qze2fSAhgGghrL0lhXUzab16EcQASD84akZYIkDoAH92t_XAsgBAakC6-FSXyPjpz7gAgCoAwHIAwiqBMsCT9BBfFjRLvY04D3M3tB1b_7ELpfwKiO554faQ_uyebPiKgS2cjxvkD8eJhx6cOGfX65LYPwurs2tD5QkepQDHKZjl1FDl2g0iK5EWm3RFV4wrc6kYeJjFNEf9KA5W9tWdUGV7o_DZ9ciQYeum9voa2Z3VioDR4SArinnjBBEZu3y7W3rrKaxGL95j9sf9F6VeuNxAReBRsDfKxj43WOjE6D2bJim0oM4DXmPuSXfBZCwUQo165a1k5hPkL7b9r3dHURmRShWSySLetnSJt4Ei_eKeTz_sznhJrrK5AIXnckqsY5Dh0NyrUv8zB5JsUJXV3eQRNAsjIYew-4CGzc865TCzeTb_OXmobl-c56o_RLaniHLEgXHUFff4bFn3-ZhTFVgosS9BfNQleAxdL3icXExGOMDhAGxqqmugvRzuw-EPdNo1SUpARsBa8AEr5Hknc0F4AQBiAXerOn_V6AGAoAH66SgqAGoB6fMsQKoB6a-G6gHzM6xAqgH89EbqAeW2BuoB6qbsQKoB47OG6gHk9gbqAfw4BuoB-6WsQKoB_6esQKoB6--sQKoB5rhsQKoB9XJG6gH2baxAqgHmgaoB_-esQKoB9-fsQKoB_jCsQKoB_vCsQLYBwHSCC8IgGEQARidATIIioKAgICAgAg6DYBAgMCAgICAqIACqANIvf3BOliA_uTT1-6TA7EJp7leuP5NNhOACgGYCwHICwGqDQJKUMgNAeINEwi7nOXT1-6TAxXgecMGHXtAKs3qDRMI7Nbm09fukwMV4HnDBh17QCrN8A0CiA7___________8B2BMD0BUByhYCCgD4FgGAFwGyFxAYASoKNTk4ODE5MjIyNFAGuhcCOAGqGBcJAAAAAADs80ASCjU5ODgxOTIyMjQYAbIYCRICxk8YAiIBANAYAcIZAggB&ae=1&gclid=EAIaIQobChMIxdv409fukwMV4HnDBh17QCrNEAEYASAAEgJFHPD_BwE&num=1&cid=CAQS0QEABaugfWGWhVF7aa9Vy4V4l-4gfMdBIIsuRvbJeH4YV2ZAo6ZHK7q4MZeoCo0TykhdWHom0GhSi1uJjH-LcoDfgMZELW73NvfGfnBUftVWOC6sL-TAyeB65Kgx35QYTdlYuw3RMOmUtUpvpEgZp_f-25dDF0N00ftf6LelXoC-fM5GVMyykrgxQA_hXnwk4W3e6SeF7ycQy610VF2VfBOpJ4uP3ACp1OEMTk5QKOX_1aJGcJipFvRZpCrlaPmn07cNJPPfElC6td_FItjbR2hCvBgB&sig=AOD64_25Gx3ETddO5eP-MdB8ezTluIM5bw&client=ca-pub-7694956726795277&rf=4&nb=2&adurl=https://www.acciona.com.au/possible%3Futm_term%3D%26utm_campaign%3DGDN%2B%257C%2BBrisbane%2B%257C%2BNow%2Bit%27s%2Bpossible%2B%257C%2BInterest%2B%2526%2BTopics%26utm_source%3Dadwords%26utm_medium%3Dppc%26hsa_acc%3D7343243923%26hsa_cam%3D23621949022%26hsa_grp%3D192530679983%26hsa_ad%3D798905268411%26hsa_src%3Dd%26hsa_tgt%3D%26hsa_kw%3D%26hsa_mt%3D%26hsa_net%3Dadwords%26hsa_ver%3D3%26gad_source%3D5%26gad_campaignid%3D23621949022%26gclid%3DEAIaIQobChMIxdv409fukwMV4HnDBh17QCrNEAEYASAAEgJFHPD_BwE,https://www.acciona.com.au/possible?utm_term=&utm_campaign=GDN+%7C+Brisbane+%7C+Now+it%27s+possible+%7C+Interest+%26+Topics&utm_source=adwords&utm_medium=ppc&hsa_acc=7343243923&hsa_cam=23621949022&hsa_grp=192530679983&hsa_ad=798905268411&hsa_src=d&hsa_tgt=&hsa_kw=&hsa_mt=&hsa_net=adwords&hsa_ver=3&gad_source=5&gad_campaignid=23621949022&gclid=EAIaIQobChMIxdv409fukwMV4HnDBh17QCrNEAEYASAAEgJFHPD_BwE,no,,,,
983,https://www.googleadservices.com/pagead/aclk?sa=L&ai=Cw7CknWTgadPoD7uNjeYPzt_cmQXmwKLbhAGIs_uZgRWwyJ75pBQQASD0g7kbYMfV_42EJqABzKaPvgPIAQLgAgCoAwHIAwiqBI0DT9C4ktpaWaVgUBpl2jMqMJVCE253tPxymPIPjt0AZqGf8dJ_yiV4vn8ws4dlQjaLVforNRbt4J1Y5FeoLOtVECLzBOAy_6EbOtXlJZFyxMLuIDYzxQTYoAZmMqRpdsMtDI62CToaxGOQDyG5_YdF2KBfekU2lmEZ5vvIf81zQoblcoRl6F67K2yUpmCdt3mzojjkmcNPHJKeNtTOE7ZA5yA40GFxQr30RbDsL3eCdxUr1_yS-FeL8ZHAF-Q4UtZyIQnWWbfj7uASjDZfNFt7GJmarjqugFS1gUbR-5wioiBa70GFOTqe9TOcH0vSkwksMtQL90safKdiQ-4-nj0yckUZQ7NR3Y7dXJq9qCfXx3xQuF03O6phzs3sv5PVQ0fy1C2BJim1cxMV0TMg81KajEdnAzA67ww1LhVJp4c3lmFaPuJnYow8DZXBP0EtOHzX3Gf6C-TxJmo8JbvaL2uUjwG238nXENorSCja93G2eSHK9ZJkhQOOtAR9MwttenhLGjv2XTx6nZKFYJPersAEqqu2-oIF4AQBiAXssISwUKAGAoAHnNnwQagHp8yxAqgH4tixAqgHpr4bqAfMzrECqAfz0RuoB5bYG6gHqpuxAqgHjs4bqAeT2BuoB_DgG6gH7paxAqgH_p6xAqgHr76xAqgHmuGxAqgH1ckbqAfZtrECqAeaBqgH_56xAqgH35-xAqgH-MKxAqgH-8KxAtgHAdIILwiAYRABGJ0BMgiKgoCAgICACDoNgECAwICAgICIgAKoA0i9_cE6WLOb6bnD8ZMDsQms6CUCer6R_4AKA5gLAcgLAaIMA5ABAaoNAlpByA0B4g0TCLDA6bnD8ZMDFbtGwwYdzi83U-oNEwiv3eq5w_GTAxW7RsMGHc4vN1PwDQKIDv___________wGiE1QKNwgDQAFSCAoGEgQIARABaOv4v7s_ciESHyACKAE4AkDssISwUFgBaP7__________wGAAQGYAQMaGQoXY2EtcHViLTM4NDQ4Nzc4NjMzMDM3MznYEw3QFQGYFgHKFgIKAPgWAYAXAbIXEBgBKgo5ODE3NjI2ODE0UAa6FwI4AaoYFwkAAAAAgKj4QBIKOTgxNzYyNjgxNBgBshgJEgLJaRgCIgEA0BgBwhkCCAE&ae=1&gclid=EAIaIQobChMIk6uCusPxkwMVu0bDBh3OLzdTEAEYASAAEgIMj_D_BwE&num=1&cid=CAQS4gEABaugfdDMNrpqGmsRKz4noB8vgCgzlQbYG-8QBAU0ppkTFQh6RzWWuyBukhJ3afwERhTWb_1ztkiVhC9ic5LcYToBdjr8O-WfkG9Jvl2aE_y-knv0AICIz2XiRvDaiDc33cONHdwKzRRK6yO0fF6kaCIA8NljAgm4o6BcFTZPoYW8iXa6JN5uq0EIjqO5ySrlnbCO5lb6DAX9suVV6vMLyujXOj15lFSfp4RSBOb8qYE0PfjV2miRaAnD8kVmEUNWDjQqSZE7kJCLosTmE3JHtV2WxBb_uqLpoUJLxRKYm0tNGAE&sig=AOD64_3Myr3sBdowP7zPlhr5zr9hLSSMMQ&client=ca-pub-3844877863303739&rf=5&nx=CLICK_X&ny=CLICK_Y&uap=UACH(platform)&uapv=UACH(platformVersion)&uaa=UACH(architecture)&uam=UACH(model)&uafv=UACH(uaFullVersion)&uab=UACH(bitness)&uaw=UACH(wow64)&uafvl=UACH(fullVersionList)&nb=2&adurl=https://web.cvent.com/event/ca4b9d0f-498d-44fb-8ba9-ddce6d1638ce/websitePage:405af330-956d-4713-9b51-9b4e1cda377a%3Fgad_source%3D5%26gad_campaignid%3D21575571564%26gclid%3DEAIaIQobChMIk6uCusPxkwMVu0bDBh3OLzdTEAEYASAAEgIMj_D_BwE,https://web.cvent.com/event/ca4b9d0f-498d-44fb-8ba9-ddce6d1638ce/websitePage:405af330-956d-4713-9b51-9b4e1cda377a?gad_source=5&gad_campaignid=21575571564&gclid=EAIaIQobChMIk6uCusPxkwMVu0bDBh3OLzdTEAEYASAAEgIMj_D_BwE,,,,,
1121,https://www.googleadservices.com/pagead/aclk?sa=L&ai=Cr48LxcneafK6G_6R4dkPmuqdqQH9tI-KYLq67Pf4E9ve2r7BHRABIJLinEpgpbiagJwBoAGzytydA8gBAqkCgZeWKj3ppz6oAwHIA8kEqgSVAk_Qw2av0-1XJqDfrQsuysHnN52LJNFoYMZAh9KplrRMoSSEU-NwFFE8yKkmAjRnoO5GAnn_yGlw2LUwK0H-F_b0BX7ABuNFjB6NcfDBZToyEBz-3EePZv9AWr55Clq3sqnZQoK6BR4tqkm7Cn0Ulfav-VsyxihzpviBLQFaNXU_Q0TT84ClDehek1QIi7ALx2EgYl1-TOibnyl0vcOFAqacJ4ZxVMYQHt6tIGAqZkuIub-3ZYzd8heVjVXQMWvGkdyy0CSUl6ou-IYzb_rfwA1qE-5x6c8tBStsfjnmwsnolTN6HjWMeFAnkaoq5s6XD16WOuKwsciSnNS7KsNbKfQnwP1RO9DvCdeg9AgbqQ5SvmIS4-_ABNiH9OOtA4gFh_OoliugBgKAB7W1o2KoB6fMsQKoB6a-G6gHzM6xAqgH89EbqAeW2BuoB6qbsQKoB47OG6gHk9gbqAfw4BuoB-6WsQKoB_6esQKoB6--sQKoB5rhsQKoB9XJG6gH2baxAqgHmgaoB_-esQKoB9-fsQKoB_jCsQKoB_vCsQLYBwHSCC8IgGEQARifAzIIioKAgICAgAg6DYBAgMCAgICAqIACqANIvf3BOlirmKPSu-6TA7EJlJV1DShQgYCACgGYCwHICwGqDQJBVcgNAeoNEwjQt6TSu-6TAxX-SDgFHRp1JxXwDQKIDgnYEwPQFQHKFgIKAPgWAYAXAbIXEBgBKgo1NTU1Mzg5NDQ2UAaqGBcJAAAAADBa90ASCjU1NTUzODk0NDYYAbIYCRIC604YAiIBAMIZAggB&ae=1&gclid=EAIaIQobChMIsrGk0rvukwMV_kg4BR0adScVEAEYASAAEgJtSPD_BwE&num=1&cid=CAQS0QEABaugfd_mRNz8yQRBbYvUMSZd7NF-MXDSUPRxVCi_CToqy_OgUxY284k2ft_zgraHMcjC3DSvP6hZj-ltBqZx4t-YiSXQlcyRQO0pBQ81BhTJlWVnKOgd_cLC3XgpDK6cYY6bWKck_cDdju8IGyZqZ4mTz3ZasSc9JZNBE4lTO5qS8mSXhuJyQgbLkNvPL1OGUYSKKjfE8wmOR_BAGx_uXBy6JxEtFJjnN1e5tZ9KeE0_6AxUOxIh_JMVAZqJy8gGM-kuhm526nXKl2uV73I5gRgB&sig=AOD64_0djeArFS_yUnUrBxEe8zHWAPzLPQ&client=ca-pub-1215248651959341&rf=2&nb=2&adurl=https://www.oranaonline.com.au/our-services/%3Fgad_campaignid%3D11589532039%26gclid%3DEAIaIQobChMIsrGk0rvukwMV_kg4BR0adScVEAEYASAAEgJtSPD_BwE,https://www.oranaonline.com.au/our-services/?gad_campaignid=11589532039&gclid=EAIaIQobChMIsrGk0rvukwMV_kg4BR0adScVEAEYASAAEgJtSPD_BwE,,,,,
1088,https://www.googleadservices.com/pagead/aclk?sa=L&ai=CWbKB1jvgaeyAC6aZjeYP-IW1kQeKlMK_hgHy5eGBoBGfo-rqiw8QASCj_sIfYMfV_42EJqAB-6Wm_wLIAQKpAnRUi_RzC6g-4AIAqAMByAMIqgS9A0_QdI-gRojgfWZl0AE3zmSQKoYVePC4NV1bCRFj2Bkh03dgULXhCEIWpWHugU2H5z7vmqxG0rnIGS__VRG2C198aeEaUt3VSqDCE8HCh8zbusraevLAJb6giQv9CfsT4tMGtNVT6O1Pm6J36dbfMvcZqv_qOqKauBu0HYDTmE0JHUvb3qvR04ApLsUCQp7QJE_yWJap8mdUcLIRBYdixgZPGr1K1S60AyV2l9AxA8AkDdVywPeCdRhwcq7V4-cFm0tfN_6TWdWomhqsfY7s_zZnw03tU6nyY3_c-0MwWnWwQyJm6t6o_CycT5DrTwfpnAvaL24BzsaJWGbSjKmHskxmjpYpTO8AuekWdd_WkjOEAsz6Nl6H9jf3XbHTbY9vHKNSBnohUIH0zB3a0WUBWY8hjlV59cyijF4aDtK-XhTHno8-bkSDDDUT9-NKZQPSJ-NeTPCxwpeob89NBnz8EHveSytQ-WXuO58vej87R7S30Ru4bX7IT-fg0wl3cr6QKG6T67HCETR8Tjcr24W8aiM6T9ayggYltglZxgbVINcCctVfqom6fG_iDHuIYNY45LzQQan6M_APFFWXWQ_ABJvlnaDGBOAEAYgFvZPGwEygBgKAB-3Z2YABqAenzLECqAemvhuoB8zOsQKoB_PRG6gHltgbqAeqm7ECqAeOzhuoB5PYG6gH8OAbqAfulrECqAf-nrECqAevvrECqAea4bECqAfVyRuoB9m2sQKoB5oGqAf_nrECqAffn7ECqAf4wrECqAf7wrEC2AcB0gguCIBhEAEYHTIIioKAgICAgAg6DYBAgMCAgICAqIACqANIvf3BOljEp7DHnPGTA7EJE1GxCbc7IcuACgOYCwHICwGqDQJaQcgNAeINEwj_xLDHnPGTAxWmTMMGHfhCLXLqDRMItsSxx5zxkwMVpkzDBh34Qi1y8A0CiA7___________8BohNVCjgIA0ABUggKBhIECAEQAWjp8Pn85QFyIRIfIAIoATgCQL2TxsBMWAFo_v__________AYABAZgBAxoZChdjYS1wdWItMzgwNTQxNjk2NjAwMTcxNNgTCtAVAcoWAgoA-BYBgBcBshcQGAEqCjY4MDk4MDU1ODhQBroXAjgBqhgXCQAAAACAi-pAEgo2ODA5ODA1NTg4GAGyGAkSAqpQGAIiAQDQGAHoGAHCGQIIAQ&ae=1&gclid=EAIaIQobChMI7MOjyJzxkwMVpkzDBh34Qi1yEAEYASAAEgJU9_D_BwE&num=1&cid=CAQSzwEABaugfXLJ3SEa8NxJ8DqhIDNuMRPL6diNstZ1Or3JB-T6RtLk4X5Tyz0RKCnkfrevzAXbpvtFiFBkA9zyOGgMYRDGPhbeYdWKIwdI54e9qeRcLFKE_qZPwfopeBYBCF8nuqdQJbhe8Lww7PPMsMdWMnjMbhZbOkRc-oYpxmQ5IjTtAxia3DE8PBZFG3B4EdBumnHBExUk9ATHFNysDGSKmgBj2TBr3bjyGsJ54yG_yhHoaGoCNja413DVt3W9jErw2pwqz9YjytqSmzHG_d8YAQ&sig=AOD64_19tOSFb-XHy6w8Mrpuo3Mxkk2r3g&client=ca-pub-3805416966001714&rf=5&nx=CLICK_X&ny=CLICK_Y&uap=UACH(platform)&uapv=UACH(platformVersion)&uaa=UACH(architecture)&uam=UACH(model)&uafv=UACH(uaFullVersion)&uab=UACH(bitness)&uaw=UACH(wow64)&uafvl=UACH(fullVersionList)&nb=2&adurl=https://www.normeng.com.au/%3Futm_source%3Dgoogle%26utm_medium%3Dcpc%26utm_term%3D%26gad_source%3D5%26gad_campaignid%3D20536461757%26gclid%3DEAIaIQobChMI7MOjyJzxkwMVpkzDBh34Qi1yEAEYASAAEgJU9_D_BwE,https://www.normeng.com.au/?utm_source=google&utm_medium=cpc&utm_term=&gad_source=5&gad_campaignid=20536461757&gclid=EAIaIQobChMI7MOjyJzxkwMVpkzDBh34Qi1yEAEYASAAEgJU9_D_BwE,,,,,
1144,https://www.googleadservices.com/pagead/aclk?sa=L&ai=CgzKZwFbgaeKbMMqcjeYPhuXZ0Q-J1K-ShQGO-I-nyxTt6dq_zQEQASDTsd9NYMfV_42EJqAB4MjrrgLIAQKpAgF4TqeRCjs-4AIAqAMByAMIqgS_Ak_QXJ0UhsGHh1TNnjB37EHw5ZlfuCKcvOTmjvf3o6eQrKzDN8-1pJrf7v7zoKlQ-pIe5HYPrr0ygtpQtZbAi6FH6oDUOJpWqlJYQZ1wdC8Nxb1_F1snPQXgy3l0tT1c3xfgZR0db_v3X-GK_AGTcuw6VtcGG00h-UTvdzU9zB_hB2ASpHcskeWFfQG3tQDOtKAGCCQOWnfj-bQDhUicdzcH4Xx4kHS5RGzOtbj_amCJv1WbE7FU-ZD4zJz_Oh1xBAklBcAvqG9FZPDfwPltoh27BhEZdkZWhFyywUXnW3-ul4RPbHmswp9UKKQpViva1JmlPERFIXww3-ch8PFN6rBd2svwGBi1J6_JT-McVzFhVUWAiXaTfuPaQq2iv2QjhEcYhvhpytCMVDuDDQbe9ZCKj1SA6FOYcn8_SzxeM9HABITRhLbHBeAEAYgFkI2o7VWgBgKAB4i3lNEBqAenzLECqAfi2LECqAemvhuoB8zOsQKoB_PRG6gHltgbqAeqm7ECqAeOzhuoB5PYG6gH8OAbqAfulrECqAf-nrECqAevvrECqAea4bECqAfVyRuoB9m2sQKoB5oGqAf_nrECqAffn7ECqAf4wrECqAf7wrEC2AcB0gguCIBhEAEYHTIIioKAgICAgAg6DYBAgMCAgICAqIACqANIvf3BOljxjsidtvGTA7EJY2J2bJxRLGaACgOYCwHICwGiDAOQAQGqDQJaQcgNAeINEwjircidtvGTAxVKTsMGHYZyNvrqDRMI1cjJnbbxkwMVSk7DBh2Gcjb68A0CiA7___________8B2BMO0BUBmBYByhYCCgD4FgGAFwGyFxAYASoKNDU0NzQwNzIyMFAGuhcCOAGqGBcJAAAAAHiCGkESCjQ1NDc0MDcyMjAYAbIYCRICmGkYAiIBANAYAcIZAggB&ae=1&gclid=EAIaIQobChMI4vv8nbbxkwMVSk7DBh2Gcjb6EAEYASAAEgI50fD_BwE&num=1&cid=CAQShgIABaugfSUoCU_IwuHIQpLry-TkTLKlepJVSUABEIci723W-ldhvFZSV1xs_twTXQp4eFAVxQJrDi0kXj4Lfxmh4WZ1emMQJ3EC5YLCCLGmBRC6o9o5rM3mkRiCUdxMRTFnzvm_bKCk5lyqKwhkpjKOWx6vGRmyPuaNCyVaC5kdwfzsuh5Y5k316SY7s-1uv0EEuWRpjO6avsV456PomBNlTER8mx5TR56sLXmilApwkkvh-saltuWgjSd_Zss_CYyh2UiOxxe_PWbV598-ziJnfYW5oCQpP3lxJ_BXvzKHZdLxU9EHFQp_iZ5LNxz9hd0iHnyUlx_0inauDWJEn4a6pWY7kxleGAE&sig=AOD64_3jp1hC41WAkBuWjmI5TcSrGudi3A&client=ca-pub-7732679874752919&rf=5&nx=CLICK_X&ny=CLICK_Y&uap=UACH(platform)&uapv=UACH(platformVersion)&uaa=UACH(architecture)&uam=UACH(model)&uafv=UACH(uaFullVersion)&uab=UACH(bitness)&uaw=UACH(wow64)&uafvl=UACH(fullVersionList)&nb=2&adurl=https://warehouse.dg-comutarslogi.co.jp/%3Fgad_source%3D5%26gad_campaignid%3D23046260368%26gclid%3DEAIaIQobChMI4vv8nbbxkwMVSk7DBh2Gcjb6EAEYASAAEgI50fD_BwE,https://warehouse.dg-comutarslogi.co.jp/?gad_source=5&gad_campaignid=23046260368&gclid=EAIaIQobChMI4vv8nbbxkwMVSk7DBh2Gcjb6EAEYASAAEgI50fD_BwE,,,,,
1236,https://googleads.g.doubleclick.net/aclk?sa=l&ai=CfUzlG-veaZqeM8aWgeAP2bbKgAmq8dK-hgGD0dPMqhDprfWUuAIQASDApasjYIkDoAGmlPbEA8gBBuACAKgDAcgDCqoE4gNP0KtDgAiqqTFCVT0IQ3h7oCrmN69gmYy3uLEG9ASwTNaIu374qgmXPu9_OpH_gknToGcuJwM_vq1fFjDKfxoidkxGD2PbL73EyLgsqo16nqoMRIFLu6LhIMKXlbrsRYI1-Mp6Y9ALlzM2vVubthKwmIMlomBFAEOkLSRoWya8PJqdSlbbL7oyJ1hXHOuuDrGQ90rT5UZkhuQ7s1xRa9afrl7P1bCI-iBGS2-ZiYKd1N-26ypA_M6Jd2ri1wIpfv5cJmtT5MOqe3uj8ULU7tx7HyDDeMd5eP4Sa1SuHPKHVWWp2YBl_lotHrKMBOui_SsCEH7eyMm_BAgvbTveaxTJZJaVhpgXuK1CSPrPJCcgLAP_zrGnykJe3PvZlSc2-ysGCUjA7GzgyULvB2YuEGZlgGE39mBxyOCAKYXAuBVIk4cf_kxAMqj3kXNtcK_xPE8JsmhYvvPMd6A4mHgU513SjvFeEoiRvAr_w3w772aYd__wTGIgwBA-8_YpNslarN-UvEJokJ__PFI0Zx1GoWTtgjAOMZoCHmywT0PUgNvIdrVdycyfaFXyc8LtKn7uNL9V2mdp5KjU1XmghhlLBCdqC7gqha4XEoHw1DqMPOfoN2RCXPt2UiO-PHIkY9Z37Ps3RcAE-t7mgI4E4AQBiAXRz96TQ4AHwuuJO6gHp8yxAqgHpr4bqAfMzrECqAfz0RuoB5bYG6gHqpuxAqgHjs4bqAeT2BuoB_DgG6gH7paxAqgH_p6xAqgHr76xAqgHmuGxAqgH1ckbqAfZtrECqAeaBqgH_56xAqgH35-xAqgH-MKxAqgH-8KxAtgHAdIILgiAYRABGB0yCIqCgICAgIAIOg2AQIDAgICAgKiAAqgDSL39wTpYmdnjt9vukwOxCSXElznVrxAhgAoDmAsByAsBqg0CSlDIDQHiDRMIn4zkt9vukwMVRksABh1ZmxKQ6g0TCJTN5bfb7pMDFUZLAAYdWZsSkPANAogO____________AdgTA4gUBdAVAcoWAgoA-BYBgBcBshcQGAEqCjE1OTg3NjE0MThQBroXAjgBqhgXCQAAAADozRpBEgoxNTk4NzYxNDE4GAGyGAkSAotPGAEiAQDQGAHCGQIIAQ&ae=1&gclid=EAIaIQobChMI2pfmt9vukwMVRksABh1ZmxKQEAEYASAAEgIKQvD_BwE&num=1&cid=CAQS0QEABaugfbXQne_9EwrgE-64ImoZmqBM-pfM2VKLE2GBkA51ILDaTXlA6gzNZWnssUJUV1QgonokuaZuxk9vNi_774w7Dpnrug1HQMPWD4brXKw6TVaEq2vEKU1bxlqx_c-GLt6nS8RgNUQCAM3KDaOOy6tUWCkCqmZcdm351SFuqhiAGCVkWJ3x5IHGKf_vU-9TTrd79enLS1Fidl3ugTvpU4QL0G2xSUtrlbBLIhmUoq8DrGIWjYT8jRbOhuUQIB3B3SE4bCg2OZnflDWWwop-5RgB&sig=AOD64_2wUSQVlimTvwNlJ2L3wl5YMaVZFg&client=ca-pub-5227748429508049&rf=4&nb=0&adurl=https://peopleinccontentlicensing.com/%3Fgad_source%3D5%26gad_campaignid%3D18026571729%26gclid%3DEAIaIQobChMI2pfmt9vukwMVRksABh1ZmxKQEAEYASAAEgIKQvD_BwE,https://peopleinccontentlicensing.com/?gad_source=5&gad_campaignid=18026571729&gclid=EAIaIQobChMI2pfmt9vukwMVRksABh1ZmxKQEAEYASAAEgIKQvD_BwE,,,,,
1130,https://www.googleadservices.com/pagead/aclk?sa=L&ai=CXIBhNUDgafeoNdyR3NMPnJ7FsAX269a3hgHVpKyh2xXc2R4QASCn2cwjYMfV_42EJqABnPCh2wPIAQmpAunJ73FDZ3A-4AIAqAMByANIqgTNAk_QXdvcx6srVPJcDbK1SiEOiweuWNfxOB4PB1nRMs-vWWVaOyqMiC4mm2RHSvmiU_zKvULEyLVhrpb_nGyYuuYsWteI3eI8-M9Z9Bdtd1TdpQtPNdej8hm_EuqdwDJkAgIfAiKVKw_eALT9C0QSNwDisHWyqN13ZCdkdM0OwymWIq6X-JpPcifgzAxhIb-G9-YLp4A_utZ2JMzs_edwmJ4HbIMCPhfLUw8yH6Gv5Tgj0NNS2smGXayeuouiRF8vf-qmwfFrLbS8CZe4hIEr3Srn8OINYpredaWpIQP9whNC2ObTphJ6DLgd4XAK7FjRf0HCFHdk4kiW1iTjEl0pTu3_j45NRjnvJCcF7BSCmhtAVrr7PRhe-28SgRstlUqbgE_5xnAztaNxnrOy_eZBa8Xa1G7C7YctglPiQ77gaJsc3rhi95ldl0s7aTAlZcAEjObP7cgE4AQBiAWs4ZjlTaAGLoAHi_PD4wKoB6fMsQKoB-LYsQKoB6a-G6gHzM6xAqgH89EbqAeW2BuoB6qbsQKoB47OG6gHk9gbqAfw4BuoB-6WsQKoB_6esQKoB6--sQKoB5rhsQKoB9XJG6gH2baxAqgHmgaoB_-esQKoB9-fsQKoB_jCsQKoB_vCsQLYBwDSCC8IgGEQARidATIIioKAgICAgAg6DYBAgMCAgICAqIACqANIvf3BOljrtZbeoPGTA7EJmV3lZAu3Tw2ACgOYCwHICwGADAGiDAOQAQGqDQJaQcgNAeINEwi945beoPGTAxXcCHcEHRxPEVbqDRMI9dyX3qDxkwMV3Ah3BB0cTxFW8A0CiA7___________8B2BMK0BUBmBYByhYCCgD4FgGAFwGyFxAYASoKNTA3NTU3MzU0M1AGuhcCOAGqGBcJAQAAAJDjD0ESCjUwNzU1NzM1NDMYAbIYCRICsFMYLiIBANAYAcIZAggB&ae=1&gclid=EAIaIQobChMIt5eY3qDxkwMV3Ah3BB0cTxFWEAEYASAAEgJ6vfD_BwE&num=1&cid=CAQS4gEABaugfYQukm1tLXZ8Vz5EdkxF63XMmik8GNNyAdfHw3nFO_2Ivr9EymWhKELc68Sv8Ra-PTXx0f38qGmoZ374xRAGSpCesK9hV1apKyRxMGmN_hICA7fUGpSvcyXZkl0pKbeXG9QAM-9KVGmLQyM8SkzIU_O277pYzhsk719tiSPFimgJqlvKK6rEBWtUNO8287LDZ6VXYHnXuxJj9ystljRjt9QgO6EuPzsn7sLpo97XL_nY92JOOkTvCFJhRci7nOYoXt7uw74hO0GEQx37aYFCqNHn_aNiUwfY0EmjKieFGAE&sig=AOD64_2n_6axY6O21EoYpzJVW5oJmQ3VZA&client=ca-pub-3933051677849271&rf=1&nb=25&adurl=https://www.renault.co.za/vehicle/kiger%3Fgad_source%3D5%26gad_campaignid%3D20881748140%26gclid%3DEAIaIQobChMIt5eY3qDxkwMV3Ah3BB0cTxFWEAEYASAAEgJ6vfD_BwE,https://www.renault.co.za/vehicle/kiger?gad_campaignid=20881748140&gad_source=5&gclid=EAIaIQobChMIt5eY3qDxkwMV3Ah3BB0cTxFWEAEYASAAEgJ6vfD_BwE,yes,yes,yes,yes,yes
978,https://www.googleadservices.com/pagead/aclk?sa=L&ai=Ca_naGiPfafT3MM-OjeYPlZmlqQeFj4_BhgHnzZnd2BXc2R4QASDFnrQdYJXikIKgB6ABl8z7sUPIAQngAgCoAwHIAwqqBMoCT9DKk7tfuspj8jm-gRe113sOEN1OAp3CQPoPK_q-mwTXykiUJs8BkmMhQrpaFawMCZ984XMRLRDuIy785BzAnoPjFSP6Y5BnFLYzo9RE7QWNx7OU8vvXuvEmQHEY5706Q6SXDppVxI3PI3jI7I6jQYIy3yN9clgEYiTJNRfSV14pt47tZYIoCsmUs7TiVKwVoXBTWQ5QpCgm6NsW1n2RvYYiaRXxt5PAyO4FHbyYXJFWDtrCo1DzHISlT16sfygzylxgrJ4MUDGXQcVd3zBauecIZmCM8uj8jaof7IZQjpYKYPEo7IpFyK9WzfhVEuYL6LO3Ttj77kN8qw1JCNyy49IHnhiIBeNqdY0-B7J6KOxGaF-VxDuiJRy2XIYLaTFDeGz-B-0ubaklL2I_lRWUg7BhWCpI6SnAsqgO57KC3aanC-QO7VO_FcpWwATKmJPF4wXgBAGIBez6t8FYoAYugAeXhMyRHqgHp8yxAqgHpr4bqAfMzrECqAfz0RuoB5bYG6gHqpuxAqgHjs4bqAeT2BuoB_DgG6gH7paxAqgH_p6xAqgHr76xAqgHmuGxAqgH1ckbqAfZtrECqAeaBqgH_56xAqgH35-xAqgH-MKxAqgH-8KxAtgHANIIMgiA4YAQEAEYnQEyCKqCgICAgIAKOg6AwAOAgISAgJSoiAKoB0i9_cE6WOrHneuQ75MDsQnHQBSp0i1RUYAKA5gLAcgLAYAMAaoNAkRFyA0B4g0TCODzneuQ75MDFU9HwwYdlUwpdeoNEwi_u57rkO-TAxVPR8MGHZVMKXXwDQKIDv___________wG4E-QD2BMC0BUByhYCCgD4FgGAFwGyFxAYASoKMjQ0OTY0MDA0MVAGuhcCOAGqGBcJAAAAAGDMAUESCjI0NDk2NDAwNDEYAbIYCRIC7E4YLiIBANAYAegYAcIZAggB&ae=1&gclid=EAIaIQobChMI9Oye65DvkwMVT0fDBh2VTCl1EAEYASAAEgIHy_D_BwE&num=1&cid=CAQScQAFq6B91lxueeStqOgvJXgK1VCexrAdNgE5nUAuR_ktvvktk9HV9h0idE8dxcxHfond_QqeTvRXZsRB8o_P6nJQw8jzQqFDqOI76qDymASa0-c0tdySu1jNjcarHQxIWkQHFtS84oEI9Q9Y6tomExAOGAE&sig=AOD64_10PHaqSEZTFHNYo5lhQuJ_zr9jBw&client=ca-pub-4069693291391267&rf=4&nb=9&adurl=https://mtonroad.pro/%3Fsubid3%3Dwww.manoramaonline.com%26subid4%3D805408139234%26gad_source%3D5%26gad_campaignid%3D23759551852%26gclid%3DEAIaIQobChMI9Oye65DvkwMVT0fDBh2VTCl1EAEYASAAEgIHy_D_BwE,https://mtonroad.pro/?subid3=www.manoramaonline.com&subid4=805408139234&gad_source=5&gad_campaignid=23759551852&gclid=EAIaIQobChMI9Oye65DvkwMVT0fDBh2VTCl1EAEYASAAEgIHy_D_BwE,,,,,
1233,https://www.googleadservices.com/pagead/aclk?sa=L&ai=CtRxdRGngac_OKp6hjeYPjebOgAq6jvHEhgHg3IHE9hW80vaY_g4QASCg5YIkYMfV_42EJqAB-feCjELIAQbgAgCoAwHIAwqqBL4CT9Ce5cYM4Dj6cundoqDf6y3WvU2NLrywOjCfg2BQWEqHX-R4GcefCf9GCXsIGbeKOEAMlhIZ6M9Jvmq-uXwTTIeeiLZsvoGgq5BaOGwzZxdilhHDf6-62xyvP_yUk4MdihGYbffefDT_BEGX_wcKRqnn4KC9S7q8StxPlux5ZnIxV1I8Y3GTgAhf57IHG43TqHlg_b3BIm98u3-XBPTu0ViIAjgTP1hzyNihhkEuLoZDFtdELITVVRIsW5QzbGViqEkdMDM4gDREC4wT_XonB-x0l_UqMYdiY7pQ_f__l7XLomQAkbkvdKtGh-Ho9jHDmlZm9NV9-nLaPv4mliKkTabf0dMLLgTdji9X_ANPolwZVcdTUpo3-_AzwtlaN5w0D9dwksHNoVCcS4aLImQALMyqXEY_uvvskD6_o97CwASykfXz3QXgBAGIBfD2t8NYoAYugAf5r9PrHKgHp8yxAqgH4tixAqgHpr4bqAfMzrECqAfz0RuoB5bYG6gHqpuxAqgHjs4bqAeT2BuoB_DgG6gH7paxAqgH_p6xAqgHr76xAqgHmuGxAqgH1ckbqAfZtrECqAeaBqgH_56xAqgH35-xAqgH-MKxAqgH-8KxAtgHAdIILwiAYRABGJ0BMgiKgoCAgICACDoNgECAwICAgICogAKoA0i9_cE6WJ_fjfLH8ZMDsQnxh533Y0u7AYAKA5gLAcgLAaIMA5ABAaoNAlpByA0B4g0TCL-cjvLH8ZMDFZ5QwwYdDbMToOoNEwiStY_yx_GTAxWeUMMGHQ2zE6DwDQKIDv___________wHYEwrQFQGYFgHKFgIKAPgWAYAXAbIXEBgBKgo5NTk3NDI1NDk0UAa6FwI4AaoYFwkAAAAAxK0TQRIKOTU5NzQyNTQ5NBgBshgJEgK5TxguIgEA0BgBwhkCCAE&ae=1&gclid=EAIaIQobChMIz4CS8sfxkwMVnlDDBh0NsxOgEAEYASAAEgLusvD_BwE&num=1&cid=CAQS0QEABaugfbxqT57AXLNI4PHXz1B5gHDwRxXBNEjlJ2LHWVc29UY89xngDF8mI4UIq5a7enfHBJk2DKGyohU1qdZQnTGFGSRbJVvWJs4o762fiuqSMgMMx8AKtEV9gqowlXQpJfT_NRsfRpnHhJQYXTFUeUlh9uLEqXYb1xBSiJ5BGC0RPSJ6-EGBh94bzOO1Ze2lEiFP4p-iNNp5XNffx2ABCWvywh4CrG_3foEFWVxo-RtEjvA_aHSuanbIwhR4_TPP7wSTorOXZLFdZ0Nx1dUZ7RgB&sig=AOD64_3ZOnfnBfJhVirhunH7pq-mtK-PEw&client=ca-pub-2970406823702922&rf=4&nb=19&adurl=https://spotvira.com%3Fgad_source%3D5%26gad_campaignid%3D23763745648%26gclid%3DEAIaIQobChMIz4CS8sfxkwMVnlDDBh0NsxOgEAEYASAAEgLusvD_BwE,https://spotvira.com/?gad_source=5&gad_campaignid=23763745648&gclid=EAIaIQobChMIz4CS8sfxkwMVnlDDBh0NsxOgEAEYASAAEgLusvD_BwE,,,,,
1147,https://www.googleadservices.com/pagead/aclk?sa=L&ai=C1ELVae_eaaS2LKqI3NMPnYac4Q6Jwcv-evKXofKUFNzZHhABIMPQpxlgiQOgAd7S34wDyAECqQKBl5YqPemnPuACAKgDAcgDCKoEuwJP0H_bGyZGy6DI8PkbQ0gUI57BtmNv5O4EyNK-tZAxq84udri6qo22QrrtTd5uyPk-nTzv7BlxhUtv5qGjfeT4cPuQVSPjBNnTbl7scbXFc1k_7Ky4CdSUE5AMZgykivhHCraqz2xKPa3HLyHq2kGahGeR47IBOhg1_kBqp_Dc6xEaXerKCu0Z6duChZ_ZtqYs4agVT3-bQdYgpSbuuwoYhQyCptNionfqYUbGa-HvKFZjcMo-gGQjUeZ1s9-aPWjDPsWdeM5xl-TDMppdBwnpBsqZHDhdm6dBbVFd6lc3d44xM5YcUjGnfLAT446rlZk-Pf-lLGN9uoikYZjwrm_acSpAXgMJjrb2W4h-Q5fv6CDse1XH_wUH6b-W-Z1kCMObA6yQFomBAXyZDP6CsdqDqg61qEK4OLlYcBHABO3dsb7qBOAEAYgF6f683higBgKAB4qtoHOoB6fMsQKoB6a-G6gHzM6xAqgH89EbqAeW2BuoB6qbsQKoB47OG6gHk9gbqAfw4BuoB-6WsQKoB_6esQKoB6--sQKoB5rhsQKoB9XJG6gH2baxAqgHmgaoB_-esQKoB9-fsQKoB_jCsQKoB_vCsQLYBwHSCC8IgGEQARidATIIioKAgICAgAg6DYBAgMCAgICAqIACqANIvf3BOljSnZnF3-6TA7EJMfOxGmom44WACgOYCwHICwGqDQJKUMgNAeINEwj-wpnF3-6TAxUqBHcEHR0DJ-zqDRMIh4qbxd_ukwMVKgR3BB0dAyfs8A0CiA7___________8B2BMC0BUByhYCCgD4FgGAFwGyFxAYASoKOTEzMDE3MjYyOVAGuhcCOAGqGBcJAAAAAICo-EASCjkxMzAxNzI2MjkYAbIYCRIClFgYAiIBANAYAcIZAggB&ae=1&gclid=EAIaIQobChMI5I6cxd_ukwMVKgR3BB0dAyfsEAEYASAAEgIo5PD_BwE&num=1&cid=CAQS0QEABaugfccDhzv6v4xMaKmw41AhTH7CRjLQpCPwobuG0U2X2eAkcxBpoDQKVCigngkHAtnzlLif1JOKqJzLM9JefZqLcQRQU_0t__E-HGFxnRC8uH_E6Wo0QOU0b-St3f54X4sDQXX9S8ycosIlkLw1shRlO9pc7_zJXbux-ZlxOiWEHr52E3JjXA4RgzpCRtOH2rL22kAvLqvVJ-_FIbYFXYKBrjwo39DgyxvHB3J1pV9yZLXqJUgsLk0GEx5kDYXBx7M79UjDu6YOGBv6oyEwVRgB&sig=AOD64_3D-UDTL4yQFs_Vkm4iok-1y86K6Q&client=ca-pub-2476470713677313&rf=5&nx=CLICK_X&ny=CLICK_Y&uap=UACH(platform)&uapv=UACH(platformVersion)&uaa=UACH(architecture)&uam=UACH(model)&uafv=UACH(uaFullVersion)&uab=UACH(bitness)&uaw=UACH(wow64)&uafvl=UACH(fullVersionList)&nb=2&adurl=https://www.murrayheatingandcooling.com.au/%3Fgad_source%3D5%26gad_campaignid%3D6640582505%26gclid%3DEAIaIQobChMI5I6cxd_ukwMVKgR3BB0dAyfsEAEYASAAEgIo5PD_BwE,https://www.murrayheatingandcooling.com.au/?gad_source=5&gad_campaignid=6640582505&gclid=EAIaIQobChMI5I6cxd_ukwMVKgR3BB0dAyfsEAEYASAAEgIo5PD_BwE,,,,,
1032,https://www.googleadservices.com/pagead/aclk?sa=L&ai=CIMw5bmLgafG0IKazgeAPt638yAHKvb-ahAG2y7CzqhXn56bFgUcQASCS5skmYMfV_42EJqABou-58QPIAQLgAgCoAwHIAwiqBKYCT9D4A-yDtlawU3txLFAJR61OdCj483SYjlCu8IsUYjD1cL_UF_sXUgjlTViXKZnvoAIhgxYVrG5HvkZ5Y_24RPhE3eKt1JRl7BfibE1oMcqUSQpw6QcPrki-PUHUbc1UvPGBzEejEB9YC-TKZseIxt1uE8qnZtNk4SlglFraTJueWyIPcka-CAumgdNIP_JM_NL9Fhj7nM5l9J4cNKUevj-BXGQmOK_PNsroNp4gEyPGSmUbEsd3DOY2Bhac5zfmtN9Xre77IGcJWBJdzlCKDBn0uVNY0sxrDQVEIDfil0cPYWt0diaFSGF5Y_dajXvv5MaVxJDEnv-oeQOD5FVPXS-SC0D77rVy9xh6uPXetdwYrjl9dPJPmq-dfN99TBuLzZPPtSAQwASh7qbXwgXgBAGIBe2h_otXoAYCgAfGkMYOqAenzLECqAfi2LECqAemvhuoB8zOsQKoB_PRG6gHltgbqAeqm7ECqAeOzhuoB5PYG6gH8OAbqAfulrECqAf-nrECqAevvrECqAea4bECqAfVyRuoB9m2sQKoB5oGqAf_nrECqAffn7ECqAf4wrECqAf7wrEC2AcB0ggvCIBhEAEYnQEyCIqCgICAgIAIOg2AQIDAgICAgKiAAqgDSL39wTpY8KLKr8HxkwOxCQ0HcTRGJXhZgAoDmAsByAsBogwDkAEBqg0CWkHIDQHiDRMIudLKr8HxkwMVplkABh23Fh8Z6g0TCIbdy6_B8ZMDFaZZAAYdtxYfGfANAogO____________AdgTDdAVAZgWAcoWAgoA-BYBgBcBshcQGAEqCjMyNjM1ODc3MTVQBroXAjgBqhgXCQAAAABU8xFBEgozMjYzNTg3NzE1GAGyGAkSAphpGAIiAQDQGAHCGQIIAQ&ae=1&gclid=EAIaIQobChMI8aPMr8HxkwMVplkABh23Fh8ZEAEYASAAEgIR4PD_BwE&num=1&cid=CAQS4gEABaugfQJuTb1M_kQmDL5_yl4PfyvqTEYMuknWIngY97b5r8iZ9vMpXxuzMMEZRIqK730BZtxafNx5LO0Y10rEpYa2BngAKxDPy1E2nmKMCv7hb3oaPbp6gfLlAiOwJIpQj4oU6vLjvdFEHml_OW8TymPVnWO6GfIZmbb1aKPxgQYIwwoA7a6GbhMQY-XwTNNOFSuZSw2QNSAj68fQqqK0TlJ-qShBnYVoQMYLqIj4LsBfpbW1IdIHTW5mcfkLJpbS2WCFnYGlFuX33LiFF5wJlynyESmEvI99IN5E4F3-yqqoGAE&sig=AOD64_0QlbuGc9RKvYXDuUYq0HgUOIwfcQ&client=ca-pub-8162630360170543&rf=5&nx=CLICK_X&ny=CLICK_Y&uap=UACH(platform)&uapv=UACH(platformVersion)&uaa=UACH(architecture)&uam=UACH(model)&uafv=UACH(uaFullVersion)&uab=UACH(bitness)&uaw=UACH(wow64)&uafvl=UACH(fullVersionList)&nb=2&adurl=http://materialhandlingsafety.org%3Fgad_source%3D5%26gad_campaignid%3D23379022061%26gclid%3DEAIaIQobChMI8aPMr8HxkwMVplkABh23Fh8ZEAEYASAAEgIR4PD_BwE,https://materialhandlingsafety.org/?gad_source=5&gad_campaignid=23379022061&gclid=EAIaIQobChMI8aPMr8HxkwMVplkABh23Fh8ZEAEYASAAEgIR4PD_BwE,,,,,
999,https://www.googleadservices.com/pagead/aclk?sa=L&ai=CcN7fX9feaaGuL8KX4dkP1eeDgQz_h7HohAHcp4uw5RTc2R4QASCS4pxKYKW4moCcAaABiqP-6gLIAQKpAoGXlio96ac-qAMByAPJBKoEkwJP0DOHWB-PwCZUC-t4BjTeCUNilFIBeLbbrlBE5xWiwGYBgK7OzDrAUNZXTKnl9ioCqfEg0jEuDDcd_Lpegk4ODmXB9FIFUApjfvnC7MtsswEg73rqw9uU8PYYLcJp2atKJlb42T93xwmCAmZz-qIJpA3V7ZgPv5bjdZPLmGTRGHvtVFLx7oUg8AwF2f4hq61un0zhirUH2fzKvkQz1eHQ_N1kwpZTsCKh-DAdDrM-J7Wa27_-uZVL_113JMmhxyoiqBHOCA1zwLuInfpQQwMPpTZDiEBh1oKJB7yTuSnXtBsdpRj1fI69pvRQV7b5-16isr_dl8Q7JmxERCCRx_kRnr1Jj1vG8giTymXF2AP4z8Pr68AEibaQpbsFiAXS2_H5VaAGAoAH3tyBlQGoB6fMsQKoB6a-G6gHzM6xAqgH89EbqAeW2BuoB6qbsQKoB47OG6gHk9gbqAfw4BuoB-6WsQKoB_6esQKoB6--sQKoB5rhsQKoB9XJG6gH2baxAqgHmgaoB_-esQKoB9-fsQKoB_jCsQKoB_vCsQLYBwHSCC8IgGEQARifAzIIioKAgICAgAg6DYBAgMCAgICAqIACqANIvf3BOljZtuPOyO6TA7EJrQO00RYxsxSACgGYCwHICwGqDQJBVcgNAeoNEwjY4eTOyO6TAxXCSzgFHdXzIMDwDQKIDgnYEwPQFQHKFgIKAPgWAYAXAbIXEBgBKgo0ODI5NzYzMzg4UAa6FwI4AaoYFwkAAAAAIIUNQRIKNDgyOTc2MzM4OBgBshgJEgKGVBgCIgEA0BgB6BgBwhkCCAE&ae=1&gclid=EAIaIQobChMI4dnkzsjukwMVwks4BR3V8yDAEAEYASAAEgKhkPD_BwE&num=1&cid=CAQS0QEABaugfbOIR6xKFy2f9X9uXUfOQTnEX3mI90Sg8qbHvkasVsE_9QvPV3aiJ8DKswW3UnU6EUSYPkdb5_VPK1QkVkWC0ofd0J6PsZyW0Fjrw32XFXdxEZnlFYSBLCul_Rwx-1aOUPXj7LgEg2sjVhcro5uyL_jOw4pMC8RfqQJIMJXWCV9jPlwmMkb9MyfAjiylZMa-MqN4vhyOBF2gcSOcD8fmgpi_GMNgTOt9XNNjF9-odrR_Fif-X8zzVKWdSLD2RV4HJ18hJkO75qrBAXwOqhgB&sig=AOD64_3orCXX2bljqe7P3ikv6OpQaHekWg&client=ca-pub-1215248651959341&rf=2&nb=2&adurl=https://www.safetrac.com.au/%3Futm_id%3D23072632274%26gclid%3DEAIaIQobChMI4dnkzsjukwMVwks4BR3V8yDAEAEYASAAEgKhkPD_BwE%26utm_source%3Dgoogle%26utm_medium%3Dcpc%26utm_campaign%3DAU%2B//%2BGoogle%2B//%2BDISP%2B//%2BRemarketing%2B//%2B10.25%26utm_term%3D%26utm_content%3D776728970587%26hsa_acc%3D4397480495%26hsa_cam%3D23072632274%26hsa_grp%3D187714247433%26hsa_ad%3D776728970587%26hsa_src%3Dd%26hsa_mt%3D%26hsa_kw%3D%26hsa_tgt%3D%26hsa_net%3Dadwords%26hsa_ver%3D3%26gad_source%3D5%26gad_campaignid%3D23072632274%26gclid%3DEAIaIQobChMI4dnkzsjukwMVwks4BR3V8yDAEAEYASAAEgKhkPD_BwE,https://www.safetrac.com.au/?hsa_acc=4397480495&hsa_cam=23072632274&hsa_grp=187714247433&hsa_ad=776728970587&hsa_src=d&hsa_mt&hsa_kw&hsa_tgt&hsa_net=adwords&hsa_ver=3&gad_source=5&gad_campaignid=23072632274,,,,,
991,https://www.googleadservices.com/pagead/aclk?sa=L&ai=CrmiBDrbfad-_NKCQjeYPoMrnyQHY0fCuhgGgmvDa8hW2kB8QASC-z4caYJsDoAHO09GsAsgBAuACAKgDAcgDyQSqBMYCT9Bga4U813rK4GBTkZMZnPNcTd2Esz1Mu0MdG4bGNPRPUQ-7Aq_pMSsoHK_JOBdaxlNpKX2A9djfTgF_xAgOGEzWlLmdPewTI7EBi_F-UlFhB3ihplkgLieIfzy6w--2i6FxuJeTDWKBBCpjGU1G_GVc-kRVG7bmzMwBHYZScJDR6Z2hckR4yfPirZDM85_ETQ6LEy_Oh-HaIYpV84jnIjRLwl7Q1Lrptj-j0c_CbXsQEYjk4nQW1epMgxGEr39lFH15LcYONTRfGkzI-o6gRWMgvDkTmWqqK857gtq98ZMuep4LoDOyYu4ss_UN8p6VvvZXlxl70EhUZ1sJ3FtQGA_R-NDLxxhrPBetyvgyj41YKNTYRtortmWre-QxvKH7PgDZxodXNNEybL5l5Zr5jmuulWTpu-8fDvtLS8TWieTV40J1sPXABOLP9KjSBeAEAYgFrZuilk-gBgKAB5qsrtMBqAenzLECqAemvhuoB8zOsQKoB_PRG6gHltgbqAeqm7ECqAeOzhuoB5PYG6gH8OAbqAfulrECqAf-nrECqAevvrECqAea4bECqAfVyRuoB9m2sQKoB5oGqAf_nrECqAffn7ECqAf4wrECqAf7wrEC2AcB0ggvCIBhEAEYHTIIioKAgICAgAg6DoBAgMCAgICAqIACqIMQSL39wTpYmrTv_ZzwkwOxCY105uhE4HnKgAoDmAsByAsBqg0CS1LIDQHiDRMI49bv_ZzwkwMVIEjDBh0g5TkZ6g0TCOve8P2c8JMDFSBIwwYdIOU5GfANAogO____________AdgTAtAVAcoWAgoA-BYBgBcBshcQGAEqCjM4NTI2MDc0MzhQBroXAjgBqhgXCQAAAAAkJBtBEgozODUyNjA3NDM4GAGyGAkSAqZRGAIiAQDQGAHCGQIIAQ&ae=1&gclid=EAIaIQobChMI3_7w_ZzwkwMVIEjDBh0g5TkZEAEYASAAEgIHDvD_BwE&num=1&cid=CAQS4gEABaugfQDHox_vcJJUMsdP-wR6MTj8GClUNpazAWkz1LZzXyJQT0M26kk5nVfiO0TXnGfI71UV7bC4lPHkLbbehOZoo3c2Ku0b35BwjRudiZMf78VuCV-4FaACvfJoTx5TmS7kvTfXqzCqUzSxM0JZhEOphh9cOrhSg6s57Rc-lyNYnGI393tMixQBx2lDLDC4gxfsjCZ8FBb8SFDsSERJ-m9V82i6CrIoLwYsUVGN4TsZqUgCLPpF0FDN3bLFQZWDKUvpv8xN4Nb0GBGY_74nBMaVa-ChB5c1r-yBVWLzFJbmGAE&sig=AOD64_2bLvaFVdz5Wia0PQTQh5jAbYINDQ&client=ca-pub-6453680425766689&rf=1&nb=49&adurl=http://lucasoil.com/spring-products/%3Fgad_source%3D5%26gad_campaignid%3D21253098925%26gclid%3DEAIaIQobChMI3_7w_ZzwkwMVIEjDBh0g5TkZEAEYASAAEgIHDvD_BwE,https://www.lucasoil.com/spring-products/?gad_source=5&gad_campaignid=21253098925&gclid=EAIaIQobChMI3_7w_ZzwkwMVIEjDBh0g5TkZEAEYASAAEgIHDvD_BwE,no,,,,
980,https://www.googleadservices.com/pagead/aclk?sa=L&ai=C7FGckK7faZ_3MKKzgeAP24W72An6kpaNhgH_nrjdtRWeu4qSiyoQASCxxahPYJsDoAHQ_8iqQcgBCakCnPwdcc0ibz7gAgCoAwHIAwqqBNMCT9ASGMXnL804aXa-tG3uc_TTb34OH16yYTwrzuNj7suogPxGJq409N38gdC-p0GegfwMHGjhYVb1ftRR7vDUkHv4qxpaDvOtGd9lS8Sh-22y_awqXYkXmF9B4IwSlffeKe9iHwRuLpssKQWdkNidFQbPoaKSEQpuUI_a0eRIUXE12LIdV5eURxmzVGAMgriocq7uk7F9JKHch9dPAIG6D01sf_UM4LS2KUaqir7puhkGC0oMtH8YSPxkHsGmlDAABTLpFVH1_oDZ7IiSec3gyqTrOyfwaZ7-J-DNlNROPm92XVdCFQ0J2MWCtcLfRfc5T9BUlNG9qiXjrCC0zD8NUAH-bN6YtgXeEOj2CX2O5oEHfhiG6eBJpw1sAkpAToxHnNPZi5oW0XU4p0Xj1wpod6zgHIiaBpaVexkrOpZdkYr61V8CVcT7pDvMyyNvMiXuphptwATFj56wtAXgBAGIBeP--ulVoAYugAfQt5mKHKgHp8yxAqgHpr4bqAfMzrECqAfz0RuoB5bYG6gHqpuxAqgHjs4bqAeT2BuoB_DgG6gH7paxAqgH_p6xAqgHr76xAqgHmuGxAqgH1ckbqAfZtrECqAeaBqgH_56xAqgH35-xAqgH-MKxAqgH-8KxAtgHANIILgiAYRABGB0yCIqCgICAgIAIOg2AQIDAgICAgKiAAqgDSL39wTpY8P6h65XwkwOxCYwW8osb8IMFgAoDmAsByAsBgAwBqg0CS1LIDQHiDRMInqOi65XwkwMVolkABh3bwg6b6g0TCJnRo-uV8JMDFaJZAAYd28IOm_ANAogO____________AbAO_sXx0BjYEwzQFQHKFgIKAPgWAYAXAbIXEBgBKgozOTIzNTkyMjQ3UAa6FwI4AaoYFwkAAAAAfBkkQRIKMzkyMzU5MjI0NxgBshgJEgKxXxguIgEA0BgBwhkCCAE&ae=1&gclid=EAIaIQobChMIn_-j65XwkwMVolkABh3bwg6bEAEYASAAEgJ7ovD_BwE&num=1&cid=CAQS0AEABaugfV5amXQ2NoxKsvXiMmESjUx_MVuQoOMXD02PKCJ-Y2Arx_fZJ6cNt50_nDhjjFQdg9uZ7mNiRluU2MYgyBY-JEG5RZj3qEYlP3RznlsaDHUWyUpeo0cWGkOLjIgwNlx_G1qEcGifpSxQP6J6TbegPujSDTPJne-SgxgKis-CIvcYeK5nUmJZtgFXpd5MnX2twWWM2AxQvH12hB4DltdojrUSZiBV6oBAlPRiB-Sgb6I6gbHBxsIpYItMWcfeMExC1UXE8O52vHDGxKH2GAE&sig=AOD64_2p8ZSAZt3ei4hNssZzs3c6HZKqnA&client=ca-pub-5906247292784018&rf=4&nb=9&adurl=https://app.cocobox.io%3Fgad_source%3D5%26gad_campaignid%3D23039229795%26gclid%3DEAIaIQobChMIn_-j65XwkwMVolkABh3bwg6bEAEYASAAEgJ7ovD_BwE,https://app.cocobox.io/,,,,,
1204,https://www.googleadservices.com/pagead/aclk?sa=L&ai=Cy2-aesreaYG5DpCZjeYPvKuY2A7FppW9gQGu6dSogBGT6fCQijgQASCFr_MeYKW4moCcAaABud6cjynIAQKpAkwqNe8B8Kc-4AIAqAMByAMIqgTCAk_QJDGPjjW4sJODzu7cgyM6ULnz6IUBCdCQEbArrJmiE_DhLGT2QpCs6FXgQZAQgy4ZM9RGdTemOHDGZka-v0MYUo2diBCv6rqiLJGEkXQfxlMkhFdStkclWKoAvxFxG46T2MB9LgBNfbDCOj6G3UBqLoIF4xwIwFl4XgROZwO_xEfNUt7oQXM78teJNhEGoIob6IPuB3g6GFMX_W3isGqv_NTyMoRYcAfW7Ko9FzF22W291NKUJn9xcYeGRvHVPPrSlkCaWre1Ts_hgw9JVuR4NgKlhjpmFCreIxwukLE32Xm8de5P9gTcBMzymvItIIETH9jxcsfrmlghrsC-6dd_dVz9arRD3IIcXS7gamKqXYmJcp33llQej7j1uO9KxLIFkOSC7R8NbL6waqSAChoC_wIW8CnWcwnphlaCDrH3DaHABMiQ7bGiBOAEAYgF_IG7qUegBgKAB7mW7e4DqAenzLECqAemvhuoB8zOsQKoB_PRG6gHltgbqAeqm7ECqAeOzhuoB5PYG6gH8OAbqAfulrECqAf-nrECqAevvrECqAea4bECqAfVyRuoB9m2sQKoB5oGqAf_nrECqAffn7ECqAf4wrECqAf7wrEC2AcB0gguCIBhEAEYHTIIioKAgICAgAg6DYBAgMCAgICAqIACqANIvf3BOliS4byovO6TA7EJBQ1_LpNhwVCACgOYCwHICwGqDQJBVcgNAeINEwj__ryovO6TAxWQTMMGHbwVBuvqDRMI9LW-qLzukwMVkEzDBh28FQbr8A0CiA7___________8B2BMD0BUByhYCCgD4FgGAFwGyFxAYASoKNTUwMTgyOTU3OFAGuhcCOAGqGBcJAAAAAAglF0ESCjU1MDE4Mjk1NzgYAbIYCRIC5WsYAiIBANAYAcIZAggB&ae=1&gclid=EAIaIQobChMIgd6-qLzukwMVkEzDBh28FQbrEAEYASAAEgIfPfD_BwE&num=1&cid=CAQS0gEABaugfd1ZLRN4LrshnibofJueSFrFtQqLf1TxCf5aAO3Col8tYEUh4QIqbWoXAci0ajBTQVt6IGp2VLynriZQ8Xtg7gHfA05wVbxwvvRX4Lik2Qt9LhnubTEGMTHuOYF19EUnmQAeB6UEN34NlNdLyBmqZnIG5TLB6m73eNICVgWlSLDJqfjuQiaIepssjHt31E2QugHolaiedanu2N5OWdaBFaZ-lTQj8qV4csq9JHS-Vm5-ZiKBACksV-dghkuGSilqLPazzs0Gy25fSWx31ksYAQ&sig=AOD64_28aY1gncZQA2zSHTzolOoYYaKT4Q&client=ca-pub-6131228133143733&rf=5&nx=CLICK_X&ny=CLICK_Y&uap=UACH(platform)&uapv=UACH(platformVersion)&uaa=UACH(architecture)&uam=UACH(model)&uafv=UACH(uaFullVersion)&uab=UACH(bitness)&uaw=UACH(wow64)&uafvl=UACH(fullVersionList)&nb=2&adurl=https://palletcosa.com.au/%3Fgad_source%3D5%26gad_campaignid%3D19145867516%26gclid%3DEAIaIQobChMIgd6-qLzukwMVkEzDBh28FQbrEAEYASAAEgIfPfD_BwE,https://palletcosa.com.au/?gad_source=5&gad_campaignid=19145867516&gclid=EAIaIQobChMIgd6-qLzukwMVkEzDBh28FQbrEAEYASAAEgIfPfD_BwE,,,,,
1214,https://www.googleadservices.com/pagead/aclk?sa=L&ai=CU12IbNXeafuvFea6geAPuJiYwA7Bh-qyhgGdwuiy2BW689DUlA4QASD0g7kbYKW4moCcAaAB4PKAvwHIAQLgAgCoAwHIAwiqBMcCT9AuU01O1odrWIIqFw7y12wM9dhTKedFwKafM8bJCQq-b4NFksgWD5zqC52owp-l801-qwD6nnW6UGKtpjFOjUvcHljs4SAy90KMcVroepc-1NqV_9fxzpa8eJB7LFQB2GigeiG0LJ1soOSxvw4ULzVWsp-VGpr8eMs1Zaj_eKWqvVhChKL40JGlHTUPF_BT9Z0pn-c9GFZkrlbk_9CwrSOvRpjMe4KvK8V3VI8xCWKDAPzH9O6rBidRDGl9rCCp9m-mR6b7cDpHYGpHfQis4y2q1ogsy-0nM0sIAlX6KiEz-O_2KEHo6wwk7I8Ots26tAsyFo-C3UAJoekQL6gGUYhILzcZC9peGBs9OCwL4p4fCf8c4sLACNLQLFI2daebyFKzc8ajOFWsFQHQ5-_S5_xJ6koawhhJk7UByOJF6mS9FedBwzOcwATomOmM7AXgBAGIBfLwnrhYoAYCgAeJ6qjTBKgHp8yxAqgHpr4bqAfMzrECqAfz0RuoB5bYG6gHqpuxAqgHjs4bqAeT2BuoB_DgG6gH7paxAqgH_p6xAqgHr76xAqgHmuGxAqgH1ckbqAfZtrECqAeaBqgH_56xAqgH35-xAqgH-MKxAqgH-8KxAtgHAdIILwiAYRABGJ0BMgiKgoCAgICACDoNgECAwICAgICIgAKoA0i9_cE6WMnywODG7pMDsQmfIq40ZeMOMYAKA5gLAcgLAaoNAkFVyA0B4g0TCJOaweDG7pMDFWZdAAYdOAwG6OoNEwiXvcLgxu6TAxVmXQAGHTgMBujwDQKIDv___________wHYEw3QFQHKFgIKAPgWAYAXAbIXEBgBKgo5ODE3NjI2ODE0UAa6FwI4AaoYFwkAAAAAUHT_QBIKOTgxNzYyNjgxNBgBshgJEgKATxgCIgEA0BgB6BgBwhkCCAE&ae=1&gclid=EAIaIQobChMI-5XS4MbukwMVZl0ABh04DAboEAEYASAAEgL0x_D_BwE&num=1&cid=CAQS4wEABaugfRaMl0yQpOwJD6lNm4L_HCgKDBrSNVwOASMjsrEcyhJwqQwBYEloE7Fyah5xu92qAqrCWVGT7FgxuAJnlRSN1dtzdlYDuAyQZYuHC3gveE80LImWn5dTRQX2is6dzyBxfagFeaQPxtYDN-sPwaVVXrmuJXYxwC1ebfc9RgvF5MN_2qpcDVMnUKb-ele7AiHms7lUHZkMFR4Q6eQAtFd0hqKre5oKlE_WxUxShVxeZJ-AsdCtWpzrt0iRcQb2CYgdQ4ubP9S8IXGGuFxCYwSuGKqsexG8NmyyNyFDrxOPJBgB&sig=AOD64_0imALyQ1veMud4La3bTTxoGPZq9w&client=ca-pub-3844877863303739&rf=5&nx=CLICK_X&ny=CLICK_Y&uap=UACH(platform)&uapv=UACH(platformVersion)&uaa=UACH(architecture)&uam=UACH(model)&uafv=UACH(uaFullVersion)&uab=UACH(bitness)&uaw=UACH(wow64)&uafvl=UACH(fullVersionList)&nb=2&adurl=https://wingtalks.com/land/sp/4a1dcab6%3Fpartner%3Dadw_wing_ua%26campaignid%3D23740266610%26gclid%3DEAIaIQobChMI-5XS4MbukwMVZl0ABh04DAboEAEYASAAEgL0x_D_BwE%26adgroupid%3D200816610408%26targetid%3D%26network%3Dd%26device%3Dc%26devicemodel%3D%26loc_int_ph%3D_1000422%26matchtype%3D%26target%3D%26keyword%3D%26creative%3D804424993130%26placement%3Dwww.newyorker.com%26campaign%3DAW_Wingtalks_USA-TOP1_All_GDN_AllPurchase_all_gender_45%2B_chinazes_keywords_S3_09April%26group%3Daffinity_Banking_Finance%26banner_type%3DNF_49349_01_Grey_AllMirrors_Multi_GDN_300x250_Static_logo%26asset_type%3D%26gad_source%3D5%26gad_campaignid%3D23740266610%26gclid%3DEAIaIQobChMI-5XS4MbukwMVZl0ABh04DAboEAEYASAAEgL0x_D_BwE,https://wingtalks.com/land/sp/4a1dcab6/?partner=adw_wing_ua&campaignid=23740266610&gclid=EAIaIQobChMI-5XS4MbukwMVZl0ABh04DAboEAEYASAAEgL0x_D_BwE&gclid=EAIaIQobChMI-5XS4MbukwMVZl0ABh04DAboEAEYASAAEgL0x_D_BwE&adgroupid=200816610408&targetid=&network=d&device=c&devicemodel=&loc_int_ph=_1000422&matchtype=&target=&keyword=&creative=804424993130&placement=www.newyorker.com&campaign=AW_Wingtalks_USA-TOP1_All_GDN_AllPurchase_all_gender_45+_chinazes_keywords_S3_09April&group=affinity_Banking_Finance&banner_type=NF_49349_01_Grey_AllMirrors_Multi_GDN_300x250_Static_logo&asset_type=&gad_source=5&gad_campaignid=23740266610&id_visit_prev=7a281d71-2284-4a3b-be98-1ec0fb7a2372#c3RlcDA=,yes,yes,,,
961,https://www.googleadservices.com/pagead/aclk?sa=L&ai=CikHrmF7eaa-EFpy_geAPrfzk4A6CveO0hgHr2fCz1xWJvvD3gwIQASCOtLMhYImLxIT0E6ABnNiN2gPIAQGpAvKvWUIYDDs-4AIAqAMByAMKqgTqAk_QWiDCy1xqrC669Em1mS0I_7UQhqKSItoEPXMmnNzzvXKNPzb-AKiB53E_rkxkSBI-WqTbp7LP2d7tKX-bxJvxIE0VfOwL_R7j8-VutuEXufEZhZ68AsVafJJMAMoDceF3mEi0TdnonRVzPbESmoKwmyeSYvjIpBtXfe0KefhWI2ndIUCDKVkNBqQd5E3tNJjzHN6e9bvAPEaUDCiuj91PRRvAQTFW7P3A-5KW4Qpq-Ah31b2GA3SIKytQcDxdVmoC6TTACbcxa0gc_TOYl_qIb6Y5D9kDH0Ow7n7MC-3BS9VAbUO5jTAk9fmxLDsNNDzZjMBgyhmGVudraYg-RvsjMUAZfUcDBh3tlXklD89a_AwsBgFzTDnRO8_6ArY7vbn9SyuLyYzT_w1DLuvuhod0xgQWWynWNQYQcuWFCBj8ZtWWaFQd_kwBBxD-0OTuZfzXFUr1bAptqXw6UvPileL6tc4bdLZDlPdIwAT5kabC5AXgBAGIBZCLmLdYoAYugAfMp_IlqAenzLECqAemvhuoB8zOsQKoB_PRG6gHltgbqAeqm7ECqAeOzhuoB5PYG6gH8OAbqAfulrECqAf-nrECqAevvrECqAea4bECqAfVyRuoB9m2sQKoB5oGqAf_nrECqAffn7ECqAf4wrECqAf7wrEC2AcB0ggyCIDhgBAQARidATIIqoKAgICAgAg6DoDAA4CAhICAlK7gA6gHSL39wTpY_7Ket9XtkwOxCT-I7GFOR9SJgAoDmAsByAsBqg0CSlDIDQHiDRMIueiet9XtkwMVnF8ABh0tPhns6g0TCJnjoLfV7ZMDFZxfAAYdLT4Z7PANAogO____________AdgTDdAVAcoWAgoA-BYBgBcBshcQGAEqCjE2MzczNDkxOTdQBroXAjgBqhgXCQAAAACQ7AxBEgoxNjM3MzQ5MTk3GAGyGAkSAr1QGC4iAQDQGAHCGQIIAQ&ae=1&gclid=EAIaIQobChMIr7Cht9XtkwMVnF8ABh0tPhnsEAEYASAAEgJsM_D_BwE&num=1&cid=CAQSggEABaugfc-29gBd4O92FYrDKTaWRJDPCGUqvd_0PfSx7Gf5tAVgLpI2jdJEGBd60iOI-zs-kcYR8-mkwiSmtm7VY4ITqzWPCHWj5A0YkHSV3IPpALv-BCTSpvqAt_7jIFw0aU04qzzEeL9ADi8Z5Ag6o_v-47aebB5z3Ve3yqysR_YkGAE&sig=AOD64_3Hv6HB5ni03GOxmZKgsTT8jiuA2w&client=ca-pub-7418191728211626&rf=4&nb=19&adurl=https://www.hattori.ac.jp/opencampus/%3Fgad_source%3D5%26gad_campaignid%3D23738058128%26gclid%3DEAIaIQobChMIr7Cht9XtkwMVnF8ABh0tPhnsEAEYASAAEgJsM_D_BwE,https://www.hattori.ac.jp/opencampus/?gad_source=5&gad_campaignid=23738058128&gclid=EAIaIQobChMIr7Cht9XtkwMVnF8ABh0tPhnsEAEYASAAEgJsM_D_BwE,,,,,
1106,https://www.googleadservices.com/pagead/aclk?sa=L&ai=C50AJAtLeadXTFeGNjeYP7__MmATUstrBhgH8kfOi4hWyysLCwwIQASDu_opKYKW4moCcAaABpabCmAPIAQmpAuvhUl8j46c-4AIAqAMByAMKqgTZAk_QBKPTpEJaw66_hYk8pkxazmQKPQVlgg43PfEB9udxvtGa7IJ4iJdchkmDSA4KtUQnLjBhxOqtW4njzYqzm48k5Mf_xDWEB6V6vbQiDtwJDFUJM33f5xh_iDTaAL-YwefvjORkrK0bAkPPOibZT4bS4t-eiigizEyW15BDTeAm1d1V4aY4phPFmrfTtZFtwbpO8kmNCYOuFXQ0_Cn-FmDuzb0anGYckAQr5MAeWuYCpIH1m_M8uaFkXgV8hm2KETDHbIWu4KmeAJi0o2ADp-NoNuyQOi3aqCvbljHrjY28J5TdRYBVIzfr9vRcl3rEzdm0LhpYirkkqviYm_W81uxlzNNN0aI6mI1VrRdh7-u3eeXzDHf8qky3fU2YPXGS9vZMrRgzzvMj2WM-JzesuvxbWypm8WyAm9riDl6sEKLyn-mVZlQgdRvJk17OApfgGGf4COFscYcnucAEiJ-CuuwF4AQBiAXv3-u4WKAGLoAHw9m9Z6gHp8yxAqgH4tixAqgHpr4bqAfMzrECqAfz0RuoB5bYG6gHqpuxAqgHjs4bqAeT2BuoB_DgG6gH7paxAqgH_p6xAqgHr76xAqgHmuGxAqgH1ckbqAfZtrECqAeaBqgH_56xAqgH35-xAqgH-MKxAqgH-8KxAtgHANIILgiAYRABGB0yCIqCgICAgIAIOg2AQIDAgICAgIiAAqgDSL39wTpYxczvv8PukwOxCRn3ir1EUiZHgAoDigq9AWh0dHBzOi8vbW9uaXRvci5wcGNwcm90ZWN0LmNvbS92My4wL3RlbXBsYXRlP2FjY2lkPTE2MDMzJnVybGRlY29kZT0xJmt3PSZtdD0mbnc9ZCZjcG49MjM3NDE1MjU5OTkmZGV2aT1jJmRldm09JmxvY3A9MTAwMDQyMiZsb2NpPSZwbD1pbmRpYW5leHByZXNzLmNvbSZjcj04MDQ2NTY2MzgyOTQmYWRwPSZzYWR0PSZ1cmw9e2xwdXJsfZgLAcgLAeALAYAMAaIMA5ABAaoNAkFVyA0B4g0TCNHw77_D7pMDFeFGwwYd7z8TQ-oNEwj5i_G_w-6TAxXhRsMGHe8_E0PwDQKIDv___________wG4E-QD2BMD0BUBmBYByhYCCgD4FgGAFwGyFxAYASoKOTE2Mzg4MzM1MlAGuhcCOAGqGBcJAAAAAOAcCUESCjkxNjM4ODMzNTIYAbIYCRICu08YLiIBANAYAcIZAggB&ae=1&gclid=EAIaIQobChMI1dzxv8PukwMV4UbDBh3vPxNDEAEYASAAEgIaR_D_BwE&num=1&cid=CAQS0gEABaugfQmr85bET-FKLSSQWF8XebnEEZIYNNNzxxkO4wSHdziRNk_V2khpMTBmmKUovrEjQYM9V5Me7dlGdx4wrGU7mZHusKvV-BLIdLTIrOe6JHf0ZL9j3DG0kz634yIjJWrmibWqo8_Xnre4TXIih7dSR2E4AzDjzzMWu5ZgPZ8v1fDVo7aBtFYnkbWNnzhjFL7vFnzzridlqxAN-yixqJwE6xb-9aA4F6xLoOWeXnBD4tgVi9lTMddM9SZjr8KXp9vKgaVBs2LjceitVSyJrv8YAQ&sig=AOD64_3a7OPhPTuC8WrenikQYcCkKoWyyw&client=ca-pub-3494520468788589&rf=4&nb=9&adurl=https://www.anguscoote.com.au/%3Fgad_source%3D5%26gad_campaignid%3D23741525999%26gclid%3DEAIaIQobChMI1dzxv8PukwMV4UbDBh3vPxNDEAEYASAAEgIaR_D_BwE,https://www.anguscoote.com.au/?gad_source=5&gad_campaignid=23741525999&gclid=EAIaIQobChMI1dzxv8PukwMV4UbDBh3vPxNDEAEYASAAEgIaR_D_BwE&gclid=EAIaIQobChMI1dzxv8PukwMV4UbDBh3vPxNDEAEYASAAEgIaR_D_BwE,,,,,
909,https://www.googleadservices.com/pagead/aclk?sa=L&ai=CHd5-8Nveaf2qFbaOjeYP69zTsAGSiefNecqY15KgE7aQHxABIN_xoHJgpbiagJwBoAHJmtK7A8gBAqkCgZeWKj3ppz7gAgCoAwHIAwiqBN0CT9C0tJFR5h01lnUC11FhxA5W59vwHtmlShlrIfEbRH2LYwBsET23p3MKhJMGA8iiwXWT2tlcuGHvk-xVwVQXz30JPIegD4ivAahve2T1Qem5WD6PUqiLaPP_qX8v4ffmU49cHP5SRZ-0_-LgiApqRkcqfMgNVELF0cqchGe9hMDQ-SYggLuoBOmWNJMNQj-1cVZTNqfqSmBsXQTdG4rC0GLCR6i-BgWDiCwQYdH3VlXUtPRG_MuHFk6OsEhUlvkccDRyvxtRDHt3vyAZCSx8r7XaT2V4I1uOxdHp9D3vfdZSSbRANi0VpqeMNS2G-RuC7YNGxPMcZkKH-y-qo5bRtl3BGTUVrqqnrx_J_1Q_dSFm7Ob6TA0amFOcKLZDYiGd7LJWBjY0nHD-Qaukd5zLW_yffuNfPc4ghkG4L07gsU15voD5iATBcPnGPkUj8E-naGu8gudISkXlXPmitcAEiNCmvu4E4AQBiAXPxvmyBqAGAoAHn-WtRKgHp8yxAqgH4tixAqgHpr4bqAfMzrECqAfz0RuoB5bYG6gHqpuxAqgHjs4bqAeT2BuoB_DgG6gH7paxAqgH_p6xAqgHr76xAqgHmuGxAqgH1ckbqAfZtrECqAeaBqgH_56xAqgH35-xAqgH-MKxAqgH-8KxAtgHAdIIMAiAYRABGJ0BMgiKgoCAgICACDoOgECAwICAgICogAKogxBIvf3BOlidwf77zO6TA7EJxambk6O823iACgOKCtYBaHR0cHM6Ly9tb25pdG9yLmNsaWNrY2Vhc2UuY29tL3RyYWNrZXIvdHJhY2tlci5hc3B4P2lkPVBEdWkxb0hkU0F1SUpBJmFkcG9zPSZsb2NwaGlzaWNhbD0xMDAwNDIyJmxvY2ludGVyZXN0PSZhZGdycD0xNjcwOTc1MDk4OTYma3c9Jm53PWQmdXJsPXtscHVybH0mY3BuPTE3MTc0NjE4MzkmZGV2aWNlPWMmY2NwdHVybD1nb2xmZ2VhcmRpcmVjdC5jby51ayZwbD10aW1lLmNvbZgLAcgLAeALAaIMA5ABAaoNAkFVyA0B4g0TCOb3_vvM7pMDFTZHwwYda-4UFuoNEwifmoD8zO6TAxU2R8MGHWvuFBbwDQKIDv___________wHYEw3QFQGYFgHKFgIKAPgWAYAXAbIXEBgBKgo4MjAxMDY1MDEzUAa6FwI4AaoYFwkAAAAAqDsPQRIKODIwMTA2NTAxMxgBshgJEgKoThgCIgEA0BgBwhkCCAE&ae=1&gclid=EAIaIQobChMI_eKA_MzukwMVNkfDBh1r7hQWEAEYASAAEgLYFvD_BwE&num=1&cid=CAQS5AEABaugfbIGuoEzMSrAp3NdcGMB9PkaSpLgseNMwCdGdhyzYA3xLhz23VtWNZcG6ex2Boz3lyCopHFsh3TK7c8lvdCt1x2pDTaZ0zCTpTuL6RL_WoeiqnpHCb9aqLQhiFSNSPUv_TRQxvgSlL01kWvOM-wQwbcgnXRNvJslPubuAbNqhxCISbdX77QEiRukZj-BF_fFBHZkDheILCVAMAAETXsgz6iqXcfzgR_PKcuBK_IlvnnkeGvNL8RFsOGf7AneiiYfua_SeOSs7-aNqK5AO-a3fTT7mqrpPt604oVIj3_wxzQYAQ&sig=AOD64_0MmiRmfe-Dmat8fwTorQaF8hqABQ&client=ca-pub-4026473803077671&rf=5&nx=CLICK_X&ny=CLICK_Y&uap=UACH(platform)&uapv=UACH(platformVersion)&uaa=UACH(architecture)&uam=UACH(model)&uafv=UACH(uaFullVersion)&uab=UACH(bitness)&uaw=UACH(wow64)&uafvl=UACH(fullVersionList)&nb=2&adurl=https://www.audisolitaire.com.au/en.html%3Fgad_source%3D5%26gad_campaignid%3D1717461839%26gclid%3DEAIaIQobChMI_eKA_MzukwMVNkfDBh1r7hQWEAEYASAAEgLYFvD_BwE,https://www.audisolitaire.com.au/en/,,,,,
876,https://www.googleadservices.com/pagead/aclk?sa=L&ai=CfpJtS2DgadzSMsj0jeYPofn2sQLDl6bEhgGrhuiY2xXn1KK9wAEQASCg84alAWDH1f-NhCagAYWXtopDyAEJ4AIAqAMByAMKqgS5A0_Qt6Iijw7R8GqEG9sfmo5DPNWBRyx0dKU6cwFGCWDBfk-G-NWbpcKX-aperP5MCuejCsT9IP9cVwspHKFCDUx8zH6kMxjSsiejqUTFWMQHSMAOF7qjArrQwbQ97kuDDuDejj7qxaE5gLdyyt3L0_hGc3wrZl9zTlq0yiOB1Bd6q8bO1x612QuPcG9ibjCZwl8EBY9fJ2WUUrry58fr1OPzryQzgaBzB3rrZg8FvnX5TOlaWUFvHIxsssynsYulvRJVjXlcKuaxj-fxCs5r5mpS-H_gjCsUxHhcqnFqTs7IS3Y15QneOSwzqPqlFVCRjmzSQ4nvmrveilx2GAKVvBQRLjJC3CEZuqVTlk79nuAZmkktKewvVR2NYX_L8Z4i21LDR89zayEYQf89nr5vezAR9Y2MUhYXrMPT2lYeUSRDt2OKhAZbYgiVIc-KxNx0xNW6e6kQ6Hfd5BDuzzDT0_6Q4TMuV5Ibn_2I86_yHc03zWCEF45WdjqUcthGL54DkhgtzHJLcixZ1OJs81UMhpvDHnZAfVeGF6CYfdLGZwTO64lUMBIabQeCYuE0echfSfpRKHrl5B2Ix8AE57zJtdkF4AQBiAXctO3AWKAGLoAHhc-G6h2oB6fMsQKoB6a-G6gHzM6xAqgH89EbqAeW2BuoB6qbsQKoB47OG6gHk9gbqAfw4BuoB-6WsQKoB_6esQKoB6--sQKoB5rhsQKoB9XJG6gH2baxAqgHmgaoB_-esQKoB9-fsQKoB_jCsQKoB_vCsQLYBwDSCC4IgGEQARgdMgiKgoCAgICACDoNgECAwICAgICogAKoA0i9_cE6WInK8qq_8ZMDsQmTzjlvzrQnjIAKA5gLAcgLAYAMAaoNAlpByA0B4g0TCPju8qq_8ZMDFUh6wwYdobw9JuoNEwjj__Oqv_GTAxVIesMGHaG8PSbwDQKIDv___________wG4E-QD2BMD0BUByhYCCgD4FgGAFwGyFxAYASoKOTkzNTM4NDc4MlAGuhcCOAGqGBcJAAAAAMCSC0ESCjk5MzUzODQ3ODIYAbIYCRICpWoYLiIBANAYAcIZAggB&ae=1&gclid=EAIaIQobChMInKT0qr_xkwMVSHrDBh2hvD0mEAEYASAAEgLrWfD_BwE&num=1&cid=CAQS4wEABaugfTHRyk2JGRI_Xkl4Pgz3yvGjVoBQ1efQnb5rncRoDa-JmqE62nBmh-_d1GwEULMw18L4F5J8dYF1h7iQc0r_xOdxTBMxZJMx6yAApGcNcQkwAv1RlaIi0mB2DU8yeXd3TH9v_zLMSa8ActWIo74n8RcSW6_hBUIlwKRnFffK7y-N-IBYx_1TTwMKDf2TijXZmYG9bFFzwK8BK_TBV4-lR1B-nQtwSoVJpffpq3bUzuYQr8fsflJuH3BRdmiRFudsNSa20MyVoAU2ce3MUI6VGImD5GKqIVKJ87TA2C_GnBgB&sig=AOD64_0N0eAwujRXY14dkKDhCJYTa1rVTg&client=ca-pub-1184419649740684&rf=4&nb=19&adurl=https://www.islanderb.com/%3Fgad_source%3D5%26gad_campaignid%3D23758330460%26gclid%3DEAIaIQobChMInKT0qr_xkwMVSHrDBh2hvD0mEAEYASAAEgLrWfD_BwE,https://www.islanderb.com/?gad_source=5&gad_campaignid=23758330460&gclid=EAIaIQobChMInKT0qr_xkwMVSHrDBh2hvD0mEAEYASAAEgLrWfD_BwE,,,,,
931,https://www.googleadservices.com/pagead/aclk?sa=L&ai=CCUE1g6zfafrsBveQ3NMP1-jgmAX9rIO-hgG60sP57xWi5fn33A4QASDyqukoYJsDoAGjyqCjKcgBAuACAKgDAcgDCKoEnwJP0FzEfHBBXUGliybh7WPX8_V10Q_PSMVVgY-5bP8YMBdR-zllfTVw2RZHk9Be_BGby069Ew77oDJyGcPeP38RtSBDwXgXb_NnXw3hn2w_aUToA0mJl6kayMwf4yPIdJqbIODYkTIlpGqW-EMevneOB_Knc_fxTspA95zOv2jIxoNnzKb_jTkeRuVrnFf0zTWDN_wz2iNOtlv3G3nECXoV9-eSe_CDUOB_U_gKnDK-TZ6cARFXlJ4DeDbIonENdkisy6JTIn2Ov6O6mgSmxNHYLqrvYpueJl1gGYSwbWjiNzouxoD2Q-jGqQ0MY2Ambq8Qc9vmHMC2zP6uDcQE54NIcyZBi9GBhtTP5fEqEU223jtB6E_2hkmPJcDnjgEofMAE1bix29YF4AQBiAWCq7msWKAGAoAHo4LxggSoB6fMsQKoB-LYsQKoB6a-G6gHzM6xAqgH89EbqAeW2BuoB6qbsQKoB47OG6gHk9gbqAfw4BuoB-6WsQKoB_6esQKoB6--sQKoB5rhsQKoB9XJG6gH2baxAqgHmgaoB_-esQKoB9-fsQKoB_jCsQKoB_vCsQLYBwHSCDIIgOGAEBABGJ0BMgiqgoCAgICACDoOgMADgICEgICUruADqAdIvf3BOliqlszwk_CTA7EJ8hWrsVGhQHqACgOYCwHICwGiDAOQAQGqDQJLUsgNAeINEwiz3Mzwk_CTAxV3CHcEHVc0GFPqDRMI4obO8JPwkwMVdwh3BB1XNBhT8A0CiA7___________8B2BMD0BUBmBYByhYCCgD4FgGAFwGyFxAYASoKNDkyODMxMzM5NlAGuhcCOAGqGBcJAAAAAHR7E0ESCjQ5MjgzMTMzOTYYAbIYCRICvlwYAiIBANAYAcIZAggB&ae=1&gclid=EAIaIQobChMIurrO8JPwkwMVdwh3BB1XNBhTEAEYASAAEgJJyvD_BwE&num=1&cid=CAQScAAFq6B9kqqlBSZLaZYPPI3HkpUrNApRgF14EJlxx328DoslNKQ3dSji4xiiYDW5hhpsg4UiUb_dNAcWa8tu9Z3QRi6E1XMYJklYWVcKtD2O70Jiv2Hjyxi_XByBc0SiQDmIDkpRR3OstCTyfIcDc8wYAQ&sig=AOD64_391SJGHek3xWgWKYrP-L41_H_M3g&client=ca-pub-8750086020675820&rf=5&nx=CLICK_X&ny=CLICK_Y&uap=UACH(platform)&uapv=UACH(platformVersion)&uaa=UACH(architecture)&uam=UACH(model)&uafv=UACH(uaFullVersion)&uab=UACH(bitness)&uaw=UACH(wow64)&uafvl=UACH(fullVersionList)&nb=2&adurl=https://pleitoroundup.com%3Futm_source%3Dgoogle%26utm_medium%3Ddisplay%26utm_campaign%3DWeedKillerSettlementLegalNotice%26utm_term%3DDemoSP%26ctx%3D42216664%26cmp%3DDV2135971%26sid%3D1843%26plc%3D23715534210%26advid%3D42216664%26mon%3D1%26blk%3D0%26advwf%3D2%26gad_source%3D5%26gad_campaignid%3D23715534210%26gclid%3DEAIaIQobChMIurrO8JPwkwMVdwh3BB1XNBhTEAEYASAAEgJJyvD_BwE,https://www.pleitoroundup.com/?utm_source=google&utm_medium=display&utm_campaign=WeedKillerSettlementLegalNotice&utm_term=DemoSP&ctx=42216664&cmp=DV2135971&sid=1843&plc=23715534210&advid=42216664&mon=1&blk=0&advwf=2&gad_source=5&gad_campaignid=23715534210&gclid=EAIaIQobChMIurrO8JPwkwMVdwh3BB1XNBhTEAEYASAAEgJJyvD_BwE,,,,,
1093,https://www.googleadservices.com/pagead/aclk?sa=L&ai=CPHaVdLnfaZ7SDL2OjeYP0aGjEfCP_ayGAYnTs_aiFNmK_OnSCBABIPCZzxlgmwOgAaGutM8CyAEG4AIAqAMByAMKqgTDAk_QsPnbf0oW8r6COqKjFQDtnJOvjsW03iI7N4sL8oDkg78sWtvzmSXF921FZIRRp4FT0wFP0K9FfZkaYn4b4LKpN_8yclGXAlTpnGrgSgTrgHcThe2Qbno2LYc7BmmpqFpEofGCo43edQfqB1sXh08Wm9XUNEMmMsIt0XCur8N776cHB_eyL0NIGo7Q9TgX-leWAv-4HzmqzHtLiJGoWE3tmDxO7P3n0wbq1Rc9UaKJWie7h1iWlf4INHrFThSqTtytuUZNjA2dRK4PMGihOCKAxiTdhRBVWFHVBfeY98UiZOOTBGcVRyXofiyQapQ0dOHjFJHfbOKj2wJ35SPIyQ1u5qvOZcLGHT6VxMgdhwe_fY3leLjetjcXaDe0KPGmhRfOk5GpLKcKdlwgaXm9_v0RIPIyH7TPxZtPXc-Ibv8pKQfowATz9ZvxrAXgBAGIBYKrhKBVoAY3gAfH0cuwAagHp8yxAqgH4tixAqgHpr4bqAfMzrECqAfz0RuoB5bYG6gHqpuxAqgHjs4bqAeT2BuoB_DgG6gH7paxAqgH_p6xAqgHr76xAqgHmuGxAqgH1ckbqAfZtrECqAeaBqgH_56xAqgH35-xAqgH-MKxAqgH-8KxAtgHAdIILgiAYRABGB0yCIqCgICAgIAIOg2AQIDAgICAgKiAAqgDSL39wTpYzdqznKDwkwOxCRNg6Maymc7ogAoDmAsByAsBogwDkAEBqg0CS1LIDQHiDRMIqoa0nKDwkwMVPUfDBh3R0CgC6g0TCICstZyg8JMDFT1HwwYd0dAoAvANAogO____________AdgTA4gUAdAVAZgWAcoWAgoA-BYBgBcBshcQGAEqCjEyMzMzMzY3NzBQBroXAjgBqhgXCQAAAAAARBRBEgoxMjMzMzM2NzcwGAGyGAkSAphpGDciAQDQGAHCGQIIAQ&ae=1&gclid=EAIaIQobChMInty1nKDwkwMVPUfDBh3R0CgCEAEYASAAEgIOrPD_BwE&num=1&cid=CAQS0QEABaugfZQnPFFnyLC2jbYxjNPdhGqml832Wy10TYHc64y2EQAcw_Md2Mni38CxN7OBmlAnqXpC7wrwISiO5fNa4mToVohnSun4XfhQsfcfW2WL_JTKfSWxp0kdw1tXxof0ZobrhiYy8coeojUbVegz5XZ-Dn15_ETNG8ODn7THd-VnHU8UXqYbzLTVxdvfx6RcL0oVzKfqyAVv-Lme_jFFIkRCYybvUEJ6hvc2WSyMA9jAX2694-1yIjRRJ8eTrnVZJWNVcEooAJ-fBAIY594nCBgB&sig=AOD64_323E52YpkzcRUjTr5YCt2r5Yp0Pw&client=ca-pub-9935970894247316&nx=CLICK_X&ny=CLICK_Y&uap=UACH(platform)&uapv=UACH(platformVersion)&uaa=UACH(architecture)&uam=UACH(model)&uafv=UACH(uaFullVersion)&uab=UACH(bitness)&uaw=UACH(wow64)&uafvl=UACH(fullVersionList)&nb=9&adurl=https://steelandpipes.us/%3Fgad_source%3D5%26gad_campaignid%3D22884193666%26gclid%3DEAIaIQobChMInty1nKDwkwMVPUfDBh3R0CgCEAEYASAAEgIOrPD_BwE,https://steelandpipes.us/?gad_source=5&gad_campaignid=22884193666&gclid=EAIaIQobChMInty1nKDwkwMVPUfDBh3R0CgCEAEYASAAEgIOrPD_BwE,,,,,
895,https://www.googleadservices.com/pagead/aclk?sa=L&ai=CdtE_YUTgadSqLpeLjeYP3POfiAmoyLWseK_U__vIFKrWsYaDKhABIKz8pwVgx9X_jYQmoAGHnMbcA8gBAeACAKgDAcgDCqoE0QJP0KJRy0gxU-0iXoqAG3rPa8Gqupob4EHLAgpsJR69DQbD0Ruk-EpPP9_ic6sIz0LQEiW7OxxVr5BIiNwdSpdbfPsdU7U_5N3Pbl0jGqdMe96GPEvGnwmvRvQa3QpfhJHLJ8qQRfjI4MePEerKM7LjNay1XD9r6CCnxSXIFuqJZfCLAHagn4qSg39W4l1Zb0A6bnwbJt6zvph59mx-bmsm-ncwMGWCLxBdPD_E-Q8lZijT-ouN4dM4F_VAQO6-U3qGF2vx5lUSzq3yDMpQ1baj6D5uovJH7H_oaSk0TsKqzLajVBo_jbMn9G3-nx3czdC9SEI5Ho5nVWRxy0_MEtms21iGCvq7PcTAjxYAVeBvDWbG2MIRVNFjWfWYCOicfVmd1vhDB7BrppnLvnS79dyhzzzi5RbYKj8wP-rIQPXhqimyPr-s83jp1nBEs_NyFFDSwASszLz54wTgBAGIBeHnkc9PoAYugAfh47kjqAenzLECqAfi2LECqAemvhuoB8zOsQKoB_PRG6gHltgbqAeqm7ECqAeOzhuoB5PYG6gH8OAbqAfulrECqAf-nrECqAevvrECqAea4bECqAfVyRuoB9m2sQKoB5oGqAf_nrECqAffn7ECqAf4wrECqAf7wrEC2AcB0gguCIBhEAEYHTIIioKAgICAgAg6DYBAgMCAgICAqIACqANIvf3BOljYsa_bpPGTA7EJN2nrvhtddN-ACgGYCwHICwGiDAOQAQGqDQJaQcgNAeINEwixg7DbpPGTAxWXRcMGHdz5B5HqDRMI9aSx26TxkwMVl0XDBh3c-QeR8A0CiA7___________8BsA6HjMmcGNgTDNAVAZgWAcoWAgoA-BYBgBcBshcQGAEqCjQxNTk4NDEyMDVQBroXAjgBqhgXCQAAAAAc3hNBEgo0MTU5ODQxMjA1GAGyGAkSApNOGC4iAQDQGAE&ae=1&gclid=EAIaIQobChMIlN-y26TxkwMVl0XDBh3c-QeREAEYASAAEgJzSPD_BwE&num=1&cid=CAQS0AEABaugfWytK8eI7R2g5OO06klM0pLpXMNTdWjK8X9tUgcIAD0GbPN0JNNHeT4pG-gN6mHtC9w4VWjhL92cXIi3zGuAA0VHyJDD4OGO80uBsTGgglxJvxf69hiAqTjSvcdfL2uWUASDfFRun2XVQ9Lk1j4G6-pk-aF_or7n0QtzAkvrhMV2ohVkaqm3D_EGVWY-hkqnKy6nTit9fxakmdHPgvcEcnDvs94xDJYyf5FVXYTgovHJYajh8sEMVhV8F1aNLUu2PhapmKGpDC_DQfCTGAE&sig=AOD64_3LQjiOKd629GZSoBWhgxgolL6Daw&client=ca-pub-3793720534573472&rf=4&nb=0&adurl=http://www.RegencyWoodsKittery.info%3Fgad_source%3D5,https://regencywoodskittery.info/?gad_source=5,,,,,
906,https://www.googleadservices.com/pagead/aclk?sa=L&ai=CEfyrIGjgaaW4GfiCjeYPuem9sQKp5qmnhgH817j50ROElbbGwB0QASDo5LYTYMfV_42EJqABvv-L-QPIAQngAgCoAwHIAwqqBLcCT9DoseEHY4cLf_GUIjqSll3dpvw4NxkGq_3zMjd3B75-MLGMEA5YmLcbKkGTV89ZrCXLepK0c3JJcrFh-spG3Dc-Aw3JNIDAGlT8kuc_AIooqcwzZftzvYNReUORPtFK0qHdNQLN-P6UB5mW81GngbkXstyOriGtWxwHHpchmI3_09zQq88KgPNRdaHtHEzG21gePMK8P_7FfJ5idmJjs_XgfNjwGpR9bYAFSldTb6tjuOYXOi2ZYyAg-Dj7-wh7COu2L6PVpW1pnCxXeMwm9lzcFxN0lVR2_0m8OBQcWwRLFhSD4C2uP4PaZdHzRs-Rm-cu5-0x8nPpSXfxXGMO_oc0sdWK0RclTT_EMPytbG2zS9hxoH7NvImEs4js_q-U9ng2lqziRVwNU5YG0eaFVh2lmwFXrlfABMP8uMWHBeAEAYgFgYf5zlKgBi6AB6qA9AaoB6fMsQKoB-LYsQKoB6a-G6gHzM6xAqgH89EbqAeW2BuoB6qbsQKoB47OG6gHk9gbqAfw4BuoB-6WsQKoB_6esQKoB6--sQKoB5rhsQKoB9XJG6gH2baxAqgHmgaoB_-esQKoB9-fsQKoB_jCsQKoB_vCsQLYBwDSCC8IgGEQARidATIIioKAgICAgAg6DYBAgMCAgICAqIACqANIvf3BOli9nuDmxvGTA7EJkopzbeuafE6ACgOYCwHICwGADAGiDAOQAQGqDQJaQcgNAeINEwiJ0uDmxvGTAxV4QcMGHbl0LybqDRMIv4Ti5sbxkwMVeEHDBh25dC8m8A0CiA7___________8BuBPkA9gTDYgUA9AVAZgWAcoWAgoA-BYBgBcBshcQGAEqCjgxODA0MjQ0NzdQBroXAjgBqhgXCQAAAAB0vSRBEgo4MTgwNDI0NDc3GAGyGAkSAsdPGC4iAQDQGAHoGAHCGQIIAQ&ae=1&gclid=EAIaIQobChMIpcji5sbxkwMVeEHDBh25dC8mEAEYASAAEgIdrfD_BwE&num=1&cid=CAQS4wEABaugffSIfDJQ5_2BOgeVrkPVqiNJPeSBk1e4UxHXfmgaeoJ6TGCT5cD6rjrowg2VFH8MqDv1Ha8OtXi0HWddNdkVSSn_vlTDZLMnfMYI8fshHXjs9rWZk5UqmE-sDx8cxbkxc3m7nm-9OPV3qlk-d9V89_13RYAo8M00YyGmvbrR5qI-XUd_YkItXc3-ZF15VtDFiJEBsb7Uvb3Xagcdvedd7Ci75fh4Vq_apevRYAz8cNHAlSMar5Mp5RgsaPKNLeze0MhgDFySz6W4uItSDlTNi-ukyVPvIV_sT3WvBZheOxgB&sig=AOD64_2hS_ejPVho6VPNkVr2O2DapcupcQ&client=ca-pub-9922974912311690&rf=4&nb=9&adurl=https://generalrv.com/rvs-for-sale%3Flocation%3DGTU%26utm_source%3Dgoogle%26utm_medium%3Dcpc%26utm_campaign%3DRemarketing%26gad_source%3D5%26gad_campaignid%3D22177268609%26gclid%3DEAIaIQobChMIpcji5sbxkwMVeEHDBh25dC8mEAEYASAAEgIdrfD_BwE,https://generalrv.com/rvs-for-sale?location=GTU&utm_source=google&utm_medium=cpc&utm_campaign=Remarketing&gad_source=5&gad_campaignid=22177268609&gclid=EAIaIQobChMIpcji5sbxkwMVeEHDBh25dC8mEAEYASAAEgIdrfD_BwE,,,,,
1252,https://www.googleadservices.com/pagead/aclk?sa=L&ai=C99ytm-7eaYn2EZKjjeYPosmnyA-TxduUgwHNhKGq3xSn6Y6M0EUQASDTsd9NYIkDoAGTpPn_AsgBCakC6-FSXyPjpz7gAgCoAwHIAwqqBNkCT9DaAd04DLRKQiqiN6rGDqoic-cuxje2FjTZSc4ZVBVmdySOckwsjqtOdgoUz-tljunMQJjZqXNXPDzkNUfsbOiZk67lpXLEVg-WFNEbjsuYqCHq1ubsQprzXEf2SMDI_eEELkQQaeETjZWcNDFGh667zb6pskhgkwR2OiKSxFFj3DcpnubZKtLLg_C5tATvdaDL2fiQnpmRz74aGyfYeVnHZ4BgbbkMtOd3ZPGvIenJ-2_rQBZQwLqEIedRLAubngx3IpT_Yw_P0mcTAMJlQ5igrScAfqnepHZOVJQ3mryL_eyCaMPkTRnLtzgGKPnBVpKB7X5jKg9w6Z7N7Pk1I_MdTq7QozPzPNGaNCkFncnfIxYST6VOWohgNDLPKnGJ29L2CCVnRRG2fYHfeKtFnmKjvEyqz4mHzoTwrTbMa8tgM7ejyhfVH3w3c49IemrMq-n3L8oxNJbZwAT6uu3luwXgBAGIBY6GgZNWoAYugAfV24aAAagHp8yxAqgH4tixAqgHpr4bqAfMzrECqAfz0RuoB5bYG6gHqpuxAqgHjs4bqAeT2BuoB_DgG6gH7paxAqgH_p6xAqgHr76xAqgHmuGxAqgH1ckbqAfZtrECqAeaBqgH_56xAqgH35-xAqgH-MKxAqgH-8KxAtgHANIILgiAYRABGB0yCIqCgICAgIAIOg2AQIDAgICAgKiAAqgDSL39wTpYzcbX4d7ukwOxCXLZ3_xjfknXgAoDmAsByAsBgAwBogwDkAEBqg0CSlDIDQHiDRMI2unX4d7ukwMVklHDBh2i5An56g0TCKeT2eHe7pMDFZJRwwYdouQJ-fANAogO____________AbgT5APYEwPQFQGYFgHKFgIKAPgWAYAXAbIXEBgBKgo0NTQ3NDA3MjIwUAa6FwI4AaoYFwkAAAAAKIAFQRIKNDU0NzQwNzIyMBgBshgJEgKLVBguIgEA0BgBwhkCCAE&ae=1&gclid=EAIaIQobChMIya_k4t7ukwMVklHDBh2i5An5EAEYASAAEgL0RvD_BwE&num=1&cid=CAQS4wEABaugfYzktNZarR4-bDFqWuS9X50ExXumxgTZcXQY0NyEfUseG7fidCinqlBAnFJYW9uGQG4RI5Zf5viPc55p9HLpZCsBPTGMRYVbSo417P_naBgWqERRRv-kt_QMCrjX8-Wv2o9BzMEkAR-bUSV2hVsMrRnBjSvuFE4rWOnYqasbRJR2TtFjgADyzGdMAr3XHQEHtqYLadRQxZdGOXogLvJSpdrcJpLZi69xgIDaMWJk3W_xR5WbW6E0pstOuzkvvL-GBgdkAnfJQWMdLuLWmJnTLNeLoPI6-dMcaxSetq_wwRgB&sig=AOD64_0nSXu78wqwxquM3nych6ug0aRwCg&client=ca-pub-7732679874752919&rf=4&nb=9&adurl=https://as.edu.au/%3Futm_source%3DGoogle%26utm_medium%3DDisplay%26utm_campaign%3DAwareness%26gad_source%3D5%26gad_campaignid%3D23125312270%26gclid%3DEAIaIQobChMIya_k4t7ukwMVklHDBh2i5An5EAEYASAAEgL0RvD_BwE,https://as.edu.au/?utm_source=Google&utm_medium=Display&utm_campaign=Awareness&gad_source=5&gad_campaignid=23125312270&gclid=EAIaIQobChMIya_k4t7ukwMVklHDBh2i5An5EAEYASAAEgL0RvD_BwE,,,,,
907,https://www.googleadservices.com/pagead/aclk?sa=L&ai=CcVgTODbfadaoNIWgjeYP1Iql4A64xbaghgHFyvLTgxWZ-dHzlg4QASCbqIc3YJXikIKgB6AB97m0lD7IAQmpAnqKRZfsx7M-4AIAqAMByAMKqgTJAk_QX-bKrEwLQxLQ-r9vEcr_uEXt2nZnSLFahYN-at3LkyXWNIzjKgb9i2aYVAt7hpXQrdjQhCxkj9tH0rj5tjvA4Sstj3jzv_3jMSvhCxJguoBDXzzmzyt68pk54NTakqBC5zeEeK8lq0eVqzDdsrwzCLNaDtNe42WWCTKw6ExuDSaWqg4k80YQItiu7Ci_8v3CoqZF3FfMFd-TrKVRZvD5rkSOAQ3meDn6r2uj8yxjPtoSTZrIccwxCj84KpgHlMoTtRhDHcXQd0zAMXT5c06nkkSXrfwx3GOQkXXdu2aWKYVtCp7rDwRaB-y44B0kOiccqnECp4x1geLRrvWk7W9DH_iL0GH4MLvCdO6blPMjT8kDIvEnH3zosSJGCCb_hjLhFqnHEr6u4sXRMqptXGezjumYEOq-E822JSF4sK0rgssfRFE7WWNnwATJptb_xQXgBAGIBYqixbhWoAYugAf38YT0GKgHp8yxAqgH4tixAqgHpr4bqAfMzrECqAfz0RuoB5bYG6gHqpuxAqgHjs4bqAeT2BuoB_DgG6gH7paxAqgH_p6xAqgHr76xAqgHmuGxAqgH1ckbqAfZtrECqAeaBqgH_56xAqgH35-xAqgH-MKxAqgH-8KxAtgHANIIMgiQ4YBQEAEYnQEyCKuDgICAgIAKOg6AwAOAgISAgJSoiAKoB0i9_cE6WLDQ8oij75MDsQnCWDXnzQK6wYAKA5gLAcgLAYAMAaIMA5ABAaoNAkRFyA0B4g0TCMyX84ij75MDFQVQwwYdVEUJ7OoNEwiG2fOIo--TAxUFUMMGHVRFCezwDQKIDv___________wHYEwPQFQGYFgHKFgIKAPgWAYAXAbIXEBgBKgo0MTk2MDAzMzQzUAa6FwI4AaoYFwkAAAAAIEcfQRIKNDE5NjAwMzM0MxgBshgJEgLjThguIgEA0BgBwhkCCAE&ae=1&gclid=EAIaIQobChMI1qT0iKPvkwMVBVDDBh1URQnsEAEYASAAEgKkrvD_BwE&num=1&cid=CAQScAAFq6B9JaF-qUQRjWNMl3-Yjfogl051EO4MzN6kMt7E40yBkCTqT4JTHz65WrJV4jSPzdXBXLrCe49guRIvL6ZuveDNYxEE9CixoYseFbFPUlnrFyBLmwxXEhi_HQJhe01FFqylW_hWk8XpsEttjPUYAQ&sig=AOD64_0Wl3XJTQ5PJAOE_oArNV73H_AuXA&client=ca-pub-9636953777155876&rf=4&nb=9&adurl=https://absolutradio.de/bella%3Fgad_source%3D5%26gad_campaignid%3D23204024586%26gclid%3DEAIaIQobChMI1qT0iKPvkwMVBVDDBh1URQnsEAEYASAAEgKkrvD_BwE,https://absolutradio.de/sender/bella?gad_source=5&gad_campaignid=23204024586&gclid=EAIaIQobChMI1qT0iKPvkwMVBVDDBh1URQnsEAEYASAAEgKkrvD_BwE,,,,,
1133,https://www.googleadservices.com/pagead/aclk?sa=L&ai=CjBzscVrgaYvnAq2K3NMPovrsqAWO8NHdhAGG79jqnBW0t8vNsQ4QASD_8PghYMfV_42EJqABt4iNzALIAQngAgCoAwHIAwqqBOMCT9CCJlzpigMFj9C2EglYxfNhIAwsQdYQNJx-rZv0DEFF0cywHXLT_Wm37JRoV0YQMxiND5I2h3Bx8OJ8h99qL3TSOhJTdnxt-1Q7FLSql5aOCVX3PKP6xnrBOxKlO0LzceHdmjGr5yhUCBK9FnL5GbWXWPvPYTKHGgpm2PpGhOvRWzgw3NTQ6xRynuvqSXWH2UPbPmHUbStILJGBOL52JQne-tXml48bQGAjm5Q3OzxelzbO8nl_ki6pqNa2NOXN8srNkB50tYvL5gti25eJqteoLQH5bitvUuobyxYOdv0ieUaFgqIlDvRczuhz148_o_uNiL7DHrArqTWp_Zl0KBhOtRxiIuUzSaSLyTPZdbfg3nf4omZMwGwfBHSI9ZyJdz7VA7-OOKHhdKVe0sFR0l0iHmjZq8q-zJsLNNwA61bhsIHHBvNKZMoip8tadSPv_N5PMnvSKTcAUSZPz8etw0hensAEtLzJ4s8F4AQBiAW2jfKvV6AGLoAHsffyswGoB6fMsQKoB-LYsQKoB6a-G6gHzM6xAqgH89EbqAeW2BuoB6qbsQKoB47OG6gHk9gbqAfw4BuoB-6WsQKoB_6esQKoB6--sQKoB5rhsQKoB9XJG6gH2baxAqgHmgaoB_-esQKoB9-fsQKoB_jCsQKoB_vCsQLYBwDSCC8IgGEQARidATIIioKAgICAgAg6DYBAgMCAgICAqIACqANIvf3BOljJtpvgufGTA7EJwLQw9e7GXwSACgOYCwHICwGADAGiDAOQAQGqDQJaQcgNAeINEwjf5pvgufGTAxUtBXcEHSI9G1XqDRMI7ZCd4LnxkwMVLQV3BB0iPRtV8A0CiA7___________8BsA7S78DnGNgTC9AVAZgWAcoWAgoA-BYBgBcBshcQGAEqCjQ1NzAyNDQxODNQBroXAjgBqhgXCQAAAAAoKAJBEgo0NTcwMjQ0MTgzGAGyGAkSAsBPGC4iAQDQGAHCGQIIAQ&ae=1&gclid=EAIaIQobChMIy-Od4LnxkwMVLQV3BB0iPRtVEAEYASAAEgKMkvD_BwE&num=1&cid=CAQS4gEABaugfVQlmvfJj4O8xB3fVWLueMAYFGD5x6xvGX-qnbCf4AWr9EJq_QZsZefphJUHRc0A2Scjpkqm9aEvYZ5tIjQI8y4gl0d6_geh_fVlidoCmzbSgoVCmon-g4jy8RRTQ1daAl5Mq_cM7MJBY6TDASn07syC24wyMiKPpEVyaM1s0TSxZnEb2UQPENP0BeB05z0hssjn_ohWs_mWRJQyRaLf2yPtbfn0ewgvdCwWmxB5nacrs7ot7UdQIcEkdI4c6bLIi1bGE7tmJNG9QjhW61g0DkkLe26S4drxgoxP8IqcGAE&sig=AOD64_17QzxK8UxDoISQfjxZpS3yKybg0A&client=ca-pub-1037373295371110&rf=4&nb=9&adurl=https://sportivobaleno.store/collections%3Fgad_source%3D5%26gad_campaignid%3D23454320310%26gclid%3DEAIaIQobChMIy-Od4LnxkwMVLQV3BB0iPRtVEAEYASAAEgKMkvD_BwE,https://sportivobaleno.store/collections?gad_source=5&gad_campaignid=23454320310&gclid=EAIaIQobChMIy-Od4LnxkwMVLQV3BB0iPRtVEAEYASAAEgKMkvD_BwE,,,,,
956,https://adclick.g.doubleclick.net/aclk?sa=l&ai=COjcVgjvfaZ_zGsyfjeYPjNz7sAf0pOSMhgG9iLzjqRX90KnmAxABIJn7oCtgleKQgqAHoAHd-qapAsgBCakCfNlce6TEsz7gAgCoAwHIA0iqBMgCT9DGM7elU-dEZIDjH59EEQhnuw7S7n1RisSlHznvj15vPsDwNqLRiV2wsfSot9QS3jTF0i4wFUUP9AmTc-yJ4WrgF0LWM7NUYlLJuSEddTW8ad23TECvBtQTEvTm57w0VKI4OsP0Um0GlwFZNUXOiXSR3pgBq0fm3UOjMygQvhU0Y_TsZuQdGdjjWs7cVtsMdHL2EPzyfTJ5oxTQTNRkC20HckDvAwwcLltaZ4-7EM1GRMpSAeJgZolCF-o0Rxf0A1V0wOxRHFt1c5sjsqG67LOk5YGnEYx9lWyYRteic9ioeavSioiZdIYtxnE1SqJFJ2rw4o6ZCRwj5eEggMfH33q8lvsw0zE7sr_Ge39lELL2hI7KbEtOO8jngdp7HWDJ5QbApDr6cDuevTIldDx8751VNf9QNHqusNGlg6d0IOAWMqWBdXaHnMAElrjB398F4AQBiAWEhsr3V6AGLoAHi4XZ1gGoB6fMsQKoB-LYsQKoB6a-G6gHzM6xAqgH89EbqAeW2BuoB6qbsQKoB47OG6gHk9gbqAfw4BuoB-6WsQKoB_6esQKoB6--sQKoB5rhsQKoB9XJG6gH2baxAqgHmgaoB_-esQKoB9-fsQKoB_jCsQKoB_vCsQLYBwDSCDAIkeGAUBABGJ0BMgiri4CAoICACjoMAICAgICAlKiIAqgDSL39wTpY48urjqjvkwOxCTM9PNU9hTtTgAoDigqwAWh0dHBzOi8vYXQuYmFobi5kZS9jbC5hc3B4P2V4dFB1PTE0MDU4LWdhdyZleHRQcm92SWQ9NSZleHRMaT0yMzYwNDY1ODk0OCZleHRDcj0xOTc1MDAzNjE3NTAtNzk5MTc1NTY2Mjk1JmV4dFNpPXd3dy55bmV0LmNvLmlsJmtleXdvcmQ9JmV4dFRnPSZleHRBUD0mZXh0TVQ9JmV4dERWPWMmJnVybD17bHB1cmx9mAsByAsB4AsBgAwBogwDkAEBqg0CREXIDQHiDRMImu6rjqjvkwMVzE_DBh0M7h526g0TCIuTrI6o75MDFcxPwwYdDO4edvANAogO____________AdgTAtAVAZgWAcoWAgoA-BYBgBcBshcQGAEqCjM5MjkyNTc5MjJQBroXAjgBqhgXCQAAAAD8xhZBEgozOTI5MjU3OTIyGAGyGAkSArReGC4iAQDQGAHoGAHCGQIIAQ&ae=1&gclid=EAIaIQobChMIn7ysjqjvkwMVzE_DBh0M7h52EAEYASAAEgJECfD_BwE&num=1&sig=AOD64_3fMq35aLkl_Bfr0yjQY6NyYrdpoA&client=ca-pub-9314111824787632&rf=1&nb=25&adurl=https://www.bahn.de/angebot/urlaub/bahnreisen/summerrail/cirque_du_Soleil%3Fcid%3D01_GDN_Cirque_Banner_G22064_0426_FV_AWAR_SONS_Tourismuspartner-26_GDN1_Banner_Cirque_Zielgruppen%26gad_source%3D5%26gad_campaignid%3D23604658948%26gclid%3DEAIaIQobChMIn7ysjqjvkwMVzE_DBh0M7h52EAEYASAAEgJECfD_BwE,https://www.bahn.de/angebot/urlaub/bahnreisen/summerrail/cirque_du_Soleil?cid=01_GDN_Cirque_Banner_G22064_0426_FV_AWAR_SONS_Tourismuspartner-26_GDN1_Banner_Cirque_Zielgruppen&gad_source=5&gad_campaignid=23604658948&gclid=EAIaIQobChMIn7ysjqjvkwMVzE_DBh0M7h52EAEYASAAEgJECfD_BwE&gclid=EAIaIQobChMIn7ysjqjvkwMVzE_DBh0M7h52EAEYASAAEgJECfD_BwE&et_uk=002b40261eb949cb8d60c503ea1099e4,yes,,,,
1154,https://www.googleadservices.com/pagead/aclk?sa=L&ai=Czs-epivfabPyFt6zgeAPvdiOuA_ktcrAhgGYiuCPkxWhpvjz0B0QASDqkag7YJXikIKgB6AB3umUwwPIAQmpAoHmgMOcyrM-4AIAqAMByAPLBKoEsQJP0CRiDZz429h444mfXl_6V-mm4jIEP5wk3MQuL99jv0mlYWyLaa82ZsH5cIniK2Q7oUoU5ZIyvjZQRVFKFVw8tg2pfaiVvAK9QJenh582eRy0jYxRhQv8Q4AAVSAINtfRh7cOsFDG3EW_yqZXr5PBKblVcypByskEeSMU0mfvWHHsHJoGefAB0SCtLyCPoVLdJ8GqMtjeDxC_3od87QMbFkgHzdOueCHGfeLcTIQLFgZyvF9nyQ85ydcClDbs3M1qy87okBURVonCfReTS7vHt1y89dmJex56zRecLqVUInUS4IM02a6VqLyQi6JImP-5AXXLiRSVJHNN060YNL1FdaWoJRiK5zV8F1C2s-kKvSmVrmyLEwGj0g1IKlBOBL7sBXr3lPuxvuLISFZHs0dVTMAEvOus7KYF4AQBiAXmn6XrVMAFBfoFBgglEAEYAKAGLoAHipbrPKgHp8yxAqgHpr4bqAfMzrECqAfz0RuoB5bYG6gHqpuxAqgHjs4bqAeT2BuoB_DgG6gH7paxAqgH_p6xAqgHr76xAqgHmuGxAqgH2baxAqgHmgaoB_-esQKoB9-fsQKoB_jCsQLYBwDACAHSCDIIgOGAEBABGJ0BMgiqgoCAgICACDoOgMADgICEgICUqIgCqAdIvf3BOljmkaz-mO-TA4AKA5ALA5gLAcgLAYAMAaIMDioKCgiO37ECleKxAkgBqg0CREXIDQHiDRMIs8Ss_pjvkwMV3lkABh09rAP36g0TCIyNrf6Y75MDFd5ZAAYdPawD9_ANAogO____________AbAOo-adyBjgEuDco_6l8bO9NtgTDNAVAekVfJaStXd2x1fwFdGziTL6FQVBVjA0MMoWAgoA-BYBgBcBshcQGAEqCjY3OTk1NDQ4OThQBroXAjgBqhgXCQAAAAAQBP5AEgo2Nzk5NTQ0ODk4GAGyGAkSApNOGC4iAQDQGAHoGAHCGQIIAQ&ae=1&gclid=EAIaIQobChMIs92t_pjvkwMV3lkABh09rAP3EAEYASABEgKxM_D_BwE&num=1&cid=CAQScQAFq6B9uN53jQdUVG2PJkpZXiJQlLgdkjTqhUW5Hs6ruDO0EMSYTUhuauawZyS0OG79Gay0cZJ-5XEYbK99FCIqnj2j-ukuxzbPDO6SbLQHFB7jsVOcVAsBcVK6KB2SVrY4mEHcjA8KQ1wsGte2NqHGGAE&sig=AOD64_0NPcx3HceWz06F3sf3PNsb-a5AtQ&ctype=5&client=ca-pub-8446138991821025&nb=9&adurl=https://www.pineca.de/blockbohlenhaus-goteborg-44-mm-36-m-mit-14-m-schlafboden.html%3Futm_source%3Dgoogle%26utm_medium%3Dsurfaces_across_Google%26utm_campaign%3Dsurfaces_across_Google%26gad_source%3D5%26gad_campaignid%3D22773583846%26gclid%3DEAIaIQobChMIs92t_pjvkwMV3lkABh09rAP3EAEYASABEgKxM_D_BwE,https://www.pineca.de/blockbohlenhaus-goteborg-44-mm-36-m-mit-14-m-schlafboden.html?utm_source=google&utm_medium=surfaces_across_Google&utm_campaign=surfaces_across_Google&gad_source=5&gad_campaignid=22773583846&gclid=EAIaIQobChMIs92t_pjvkwMV3lkABh09rAP3EAEYASABEgKxM_D_BwE,yes,,,,
1195,https://www.googleadservices.com/pagead/aclk?sa=L&ai=CK0_nR-feaZOZDeq5geAP0fbm-Qy62s3qhQG354G6sROIu9-Bu0UQASDavNY4YIkDoAGyn8-ZA8gBCakCTCo17wHwpz7gAgCoAwHIA0iqBNYCT9CTAfvg9f2KMH6FJE2YQad0QkSadQy957tRfVAS8GwxVRlcRGvID5HmvdiUMG5GsYaPmTPgWhPG3ELoXCmwFGuCO9ES5DsW7Uo8YaSFU9fZ8emYU2tlLsHtcTchw6yygPf-doSG8vd-OqNf8WUiPnEWuTWHYZX0JxqM478BFOYTLoft0XUwlfwx7pMZqcdc99qMEYWgSK8CZW5ZQHIuAc7VVsnkke4gaUfeNEh4iWdKuWjjQrZ1T_vftx0sypTFWpt4g-VDUiHL-Gtgc21OC3q8FtAbrSEfxI-bTaNzMvWBwbas9TCG4JwBMQemT7v2WMv5_YvyLlJoGELkJ05jUXAXus53rROoqrT7O4dXJPebMjHujmaw6oZODi8-InGqKO9LUI4SdDEy4OveEh6CpOJESG5pUF9b9eaMhxRLN8lyQcKKEfeBm-y4imCa4fa_3NVnKFZqwAS6wJukjgXgBAGIBbrFk5ZSoAYugAe24LBmqAenzLECqAemvhuoB8zOsQKoB_PRG6gHltgbqAeqm7ECqAeOzhuoB5PYG6gH8OAbqAfulrECqAf-nrECqAevvrECqAea4bECqAfVyRuoB9m2sQKoB5oGqAf_nrECqAffn7ECqAf4wrECqAf7wrEC2AcA0ggyCIDhgBAQARidATIIqoKAgICAgAg6DoDAA4CAhICAlK7gA6gHSL39wTpY6aaX5NfukwOxCT_HlBgkwT_TgAoDigqoAmh0dHBzOi8vcGl4ZWwuZXZlcmVzdHRlY2gubmV0LzEwMzQxL2NxP2V2X3NpZD0zJmV2X2x4PSZldl9sbj0mZXZfcGw9d3d3LmxlbW9uZGUuZnImZXZfY3J4PTcyNjY4MjM3MDgzNCZldl9tdD0mZXZfbj1kJmV2X2x0eD0mZXZfcG9zPSZldl9kdmM9YyZldl9kdm09JmV2X3BoeT05MTEyNzUyJmV2X2xvYz0mZXZfY3g9MjIwNTgxNjQ5MjImZXZfYXg9MTc1NjMyNzM2MzE0JmV2X2VmaWQ9e2djbGlkfTpHOnMmdXJsPXtscHVybH0mdXRtX3Rlcm09MTc1NjMyNzM2MzE0JnV0bV9zb3VyY2U9Z29vZ2xlJnV0bV9tZWRpdW09Y3BjmAsByAsB4AsBgAwBqg0CSlDIDQHiDRMIytuX5NfukwMV6lwABh1RuznP6g0TCO2tmeTX7pMDFepcAAYdUbs5z_ANAogO____________AdgTDdAVAcoWAgoA-BYBgBcBshcQGAEqCjQwNTQyNTY3NThQBroXAjgBqhgXCQAAAADIVQlBEgo0MDU0MjU2NzU4GAGyGAkSApFUGC4iAQDQGAHCGQIIAQ&ae=1&gclid=EAIaIQobChMI09iZ5NfukwMV6lwABh1RuznPEAEYASAAEgIScPD_BwE&num=1&cid=CAQSggEABaugfY1ng2TvNjRcP6BJWd181NWtiKsSmTM3iZ-V-3uQvyOyOZerCtQSKyilVfnWh_KPiT8h6743QJws4cEAwJzsW98J2ajxcn4CHE9uqV2cc-XdA39VdRFWTXX7LYYmCgUpPHTGxVWrvUU5RaK4JIWtddGUrZpbQFsoug-OtTA5GAE&sig=AOD64_0CR5902-vrSM3_b1BXgLwpozUi7A&client=ca-pub-9273264035880389&rf=1&nb=25&adurl=https://www.rydges.com/offers/meetings-events/choose-your-cherry/%3Fef_id%3DEAIaIQobChMI09iZ5NfukwMV6lwABh1RuznPEAEYASAAEgIScPD_BwE:G:s%26utm_campaign%3D22058164922%26gad_source%3D5%26gad_campaignid%3D22058164922%26gclid%3DEAIaIQobChMI09iZ5NfukwMV6lwABh1RuznPEAEYASAAEgIScPD_BwE,https://www.rydges.com/offers/meetings-events/choose-your-cherry/?ef_id=EAIaIQobChMI09iZ5NfukwMV6lwABh1RuznPEAEYASAAEgIScPD_BwE%3AG%3As&utm_campaign=22058164922&gad_source=5&gad_campaignid=22058164922&gclid=EAIaIQobChMI09iZ5NfukwMV6lwABh1RuznPEAEYASAAEgIScPD_BwE,,,,,
1234,https://www.googleadservices.com/pagead/aclk?sa=L&ai=CKQIWeKHfafTMPLOKjeYPkKiGEJevl7-GAcfDmKnEFb7RyraJCRABINfYnSJgmwOgAeOn66I9yAEC4AIAqAMByAMIqgS3Ak_QsfrT-CB_SrMb25yQjycCkQ3Rj_xxRA-0JBUfYQ8-lyYu771radRbHikYbvUExFSRZTkN527Fu1JPyhKzfp_FM05jZW_onQhIDWumj3QfVcvIC83PDPt2MCWxLEZtIaU7Oy9dLetHf1JJZ_2w5-ZqMoVB4Z_50ZBoYcOcxWpL_DVWDJaZz1E08vpGT_BowAhBi3V4XSvFAFVQPBIJRjmQoB7W1c5ZdHa0J9FICy6r3qIDJTVqQNjU8-ILf-VGPGzr355mihdvrExwmtI_Qczc5yusv_ytsgjyZQSaJH9Ui10l326GCOxgUPByKVmic-MlP4BpBBu0MeyygpLmPgGTl86dCoqaXz0fOJXjHRSNxLfEc4Ex8GcUgf2YFpwEBigqSmGhb88ozpM4pAtvM0DxTDox0NoYwAS4mZyu_ATgBAGIBZCV2c1RoAYCgAfj37uCGKgHp8yxAqgH4tixAqgHpr4bqAfMzrECqAfz0RuoB5bYG6gHqpuxAqgHjs4bqAeT2BuoB_DgG6gH7paxAqgH_p6xAqgHr76xAqgHmuGxAqgH1ckbqAfZtrECqAeaBqgH_56xAqgH35-xAqgH-MKxAqgH-8KxAtgHAdIIMAiAYRABGJ0BMgiKgoCAgICACDoOgECAwICAgICogAKogxBIvf3BOliJ6v-sifCTA7EJU5srzgSlCyaACgOYCwHICwGiDAOQAQGqDQJLUsgNAeINEwjDn4CtifCTAxUzRcMGHRCUAQLqDRMI0quBrYnwkwMVM0XDBh0QlAEC8A0CiA7___________8B2BMD0BUBmBYByhYCCgD4FgGAFwGyFxAYASoKMTI2OTAxMDM0OFAGuhcCOAGqGBcJAAAAAEAYBkESCjEyNjkwMTAzNDgYAbIYCRIC-lMYAiIBANAYAQ&ae=1&gclid=EAIaIQobChMI9OiBrYnwkwMVM0XDBh0QlAECEAEYASAAEgLtQfD_BwE&num=1&cid=CAQS4wEABaugff0TKGEJMhpTOX8j9OphmNMlhwaa4ytmxZTsvmqbr_TmdwMbZlSImoSFuv9XyfkrvxOEJYol7qX6PBQlcJQtJyFiw5viP_fwvxW_M8wmOyJHdvKPWUlnb1rsi56lXxaPpUrjzJFUlBddHuW7NNVGCoXlXJGDYTwZjN7zQKbXWYdy-lMkdDpCevRa8Ofnj1JQIDIclWbOP2JBGMcDqPUYrJ54IyZEeTNJAkejcYFDk7WjlTkHdkld0Zte6fuIDxHDLaqgjKxWjIMWjyHNhcNP7_-vI1odFLtoC4uRbTjjEBgB&sig=AOD64_2PBInA6mC6tRcmYylSM1kOuLk1sw&client=ca-pub-8475685469544477&rf=5&nx=CLICK_X&ny=CLICK_Y&uap=UACH(platform)&uapv=UACH(platformVersion)&uaa=UACH(architecture)&uam=UACH(model)&uafv=UACH(uaFullVersion)&uab=UACH(bitness)&uaw=UACH(wow64)&uafvl=UACH(fullVersionList)&nb=2&adurl=https://jobs.fidelity.com/en/life-at-fidelity/our-stories/career-advice/expert-job-application-advice/%3Futm_source%3Dgoogle%2Bdisplay%26utm_medium%3Dpaiddisplay%26utm_campaign%3Djobssocial%26utm_content%3Dawn-brnd-b-s_799945032905%26utm_term%3D21906213520_170821881016%26source%3DGoogleDisplay%26gad_source%3D5,https://jobs.fidelity.com/en/life-at-fidelity/our-stories/career-advice/expert-job-application-advice/?utm_source=google+display&utm_medium=paiddisplay&utm_campaign=jobssocial&utm_content=awn-brnd-b-s_799945032905&utm_term=21906213520_170821881016&source=GoogleDisplay&gad_source=5,no,,,,
908,https://www.googleadservices.com/pagead/aclk?sa=L&ai=CLyZCFU7gaePwCvSjjeYPkpjnmAfJ3rrvhAHPyObJnBWtvuumAhABIPqpihdgx9X_jYQmoAGD05m-PsgBCeACAKgDAcgDSKoEugJP0OrPf2oJXGvc0Ro43oguraRICSO-3IUctdTaEMpWzkXJJcK4kp84R7oE4PLA8Mr0g_g0o5Il6WTBAzHjyDEKso-Gn_IKsVZfaDJM05hduEhaYPLXuFK4-5_gwieo7ObsWZFmDP7G6FIoRO6KN0M2ePhxvPWhHoDXv6JjKITaK9nh4QIlduE9oTdBiL2aOw9Y8YPb-fMZMitXp3-n-OG7isJUDgr7BEE-viWFc5WTxhVmcGTdojdtEmTnORbtpFHYXyxMf-zXw7OfIjntADoRipCfZ7Iy_tVA-ziRrbYnV3bYxoOdpos-yCk4pb0qGMeA5QsA7naM8eW1vWssOH2o7awnkEoKGq9tsaa7Swd_jxJGgb-19ht49ssSHEoSGcvehbH326mAHCzPjqSWzadS-3yjhm5SL1nMRsAE1czOi8cF4AQBiAWzub2dV6AGLoAHg4vqnRmoB6fMsQKoB6a-G6gHzM6xAqgH89EbqAeW2BuoB6qbsQKoB47OG6gHk9gbqAfw4BuoB-6WsQKoB_6esQKoB6--sQKoB5rhsQKoB9XJG6gH2baxAqgHmgaoB_-esQKoB9-fsQKoB_jCsQKoB_vCsQLYBwDSCC8IgGEQARidATIIioKAgICAgAg6DYBAgMCAgICAqIACqANIvf3BOljZz8j7rfGTA7EJar4tK_T0twCACgOYCwHICwGADAGqDQJaQcgNAeINEwid-sj7rfGTAxX0UcMGHRLMGXPqDRMIkpnK-63xkwMV9FHDBh0SzBlz8A0CiA7___________8B2BMN0BUByhYCCgD4FgGAFwGyFxAYASoKOTMzMjc5MjkwNlAGuhcCOAGqGBcJAAAAAGCJ90ASCjkzMzI3OTI5MDYYAbIYCRICvFAYLiIBANAYAcIZAggB&ae=1&gclid=EAIaIQobChMIo8_K-63xkwMV9FHDBh0SzBlzEAEYASAAEgKyOvD_BwE&num=1&cid=CAQS0AEABaugfa5HGZYtSBx0wcY98E0p6K6nIiLEVQZKdd3Gu1pxacmq-mrDb8o9hk8HTqkiFHGUwkvFxqPsnNKG8JHewcV_HlLstKAq-O4qZPGjTLqnh1QZwHbhnkwRd4DM2HOzT1Fv-i3rvIYcqxcig35jrCo2NeMV0aAliOfAm-jDZUDty5huoU5kruHPv3QstVk02KbjSf207UJsshAn7C2LGbqCNVj96Q8LT0uYLxTgS4bqpG6Dsae0g7DW2SFfo5OLXmgXP61vtVlcmFREJdEaGAE&sig=AOD64_3kekWuzE1yoCYTnFJoayP0mcsx5w&client=ca-pub-5405132603504384&rf=1&nb=25&adurl=https://chafepro.shop/collections/all%3Futm_source%3Dgoogle%2Bdisplayh%26utm_medium%3Dcpc%26utm_campaign%3Dmms%26gad_source%3D5%26gad_campaignid%3D23415708851%26gclid%3DEAIaIQobChMIo8_K-63xkwMV9FHDBh0SzBlzEAEYASAAEgKyOvD_BwE,https://chafepro.shop/collections/all?utm_source=google+displayh&utm_medium=cpc&utm_campaign=mms&gad_source=5&gad_campaignid=23415708851&gclid=EAIaIQobChMIo8_K-63xkwMV9FHDBh0SzBlzEAEYASAAEgKyOvD_BwE,,,,,
932,https://www.googleadservices.com/pagead/aclk?sa=L&ai=CU18ftVfeacSyNM-J3NMPtbfz2Q7m_4KRhgHG_YjB8RKuAhABIKz8pwVgiYvEhPQToAGVxa7NKsgBCakCekWgcckKOz7gAgCoAwHIAwqqBM4CT9Col8yIRkywXmy9BC8MCVuiB3vf9MvNV-iQP4louxPK5Dzqalo-ggzviqpQ5GOU7yURADpredyHylgTRCBEvJ9Ll6r2HBbTyxrN_JkWQQ6t88gUcTICjsFS9-H4V15dje5Exs66oX_3zPQ5eXnabddHrN9iSFINs80eLXzeiFt-w2AyD_TVcwNFVssITDGlUn7EBtDnJjEGegxEsJbfbQTsrEpnbeZop0vi_XHbc3yYDbmP6c8IoJDXQzBzWQEtFr6iTKIp_zJxchDN-YDpj5hTYNRiOY2-pAfeFf4R61oozOxYJ9B8LTTgZhBBJzsV7naPVt37aI7hc_wExTP87R1WQLXo3YhY-RttKlZahQLfkHm6JF_S-rlZukCiHNQ8VUcmWX8Rxw-5Pt9AHheSgtxkSvANK7q0o9gasjhb4kQlca4AE_cu1CMRfQf5S8AEmYOyrOcE4AQBiAXWtfPjUKAGLoAHlf3-rAWoB6fMsQKoB6a-G6gHzM6xAqgH89EbqAeW2BuoB6qbsQKoB47OG6gHk9gbqAfw4BuoB-6WsQKoB_6esQKoB6--sQKoB5rhsQKoB9XJG6gH2baxAqgHmgaoB_-esQKoB9-fsQKoB_jCsQKoB_vCsQLYBwDSCC4IgGEQARgdMgiKgoCAgICACDoNgECAwICAgICogAKoA0i9_cE6WI365u7O7ZMDsQmqu1kitIwfsoAKAZgLAcgLAYAMAaoNAkpQyA0B4g0TCN_K5-7O7ZMDFc8EdwQdtds86-oNEwjdqunuzu2TAxXPBHcEHbXbPOvwDQKIDv___________wHYEw2IFAHQFQHKFgIKAPgWAYAXAbIXEBgBKgo3NTU2MTYwNzM0UAa6FwI4AaoYFwkAAAAAsFjyQBIKNzU1NjE2MDczNBgBshgJEgLzThguIgEA0BgBwhkCCAE&ae=1&gclid=EAIaIQobChMIhOHq7s7tkwMVzwR3BB212zzrEAEYASAAEgLTmfD_BwE&num=1&cid=CAQS4wEABaugfalHJTXRrnFq1ikW56-lGbvale5MJvWdvgXKPv3R8gZg9_8LpgKTBESmnkFwuXXGx6R6xakwPAsQqN88q4vxSmGavx01SE8mDD_XwwXMWzInANRTGpfRBD74vGG8d2R3xUDvGR2EJhiAYpLiCgtwcPQKfSITzmnxjCwIho3dcZoxwUSr3qDf_jbWGFHf3Jbl-KvxigIedOAKCtKQ4BCBHSUR7b-3Ld690fbrbx5PSuxDVFgZGthGthqm41QzEE_eXtX5GFmTKCDNdyFeBTZcnFfvqbIwTEvp_qG8ueWnnRgB&sig=AOD64_1Yvms1U56SeTE_wBzDYTnGoiP6_Q&client=ca-pub-3793720534573472&rf=4&nb=9&adurl=https://alive-business.com/%3Fgad_source%3D5%26gad_campaignid%3D21684345558%26gclid%3DEAIaIQobChMIhOHq7s7tkwMVzwR3BB212zzrEAEYASAAEgLTmfD_BwE,https://alive-business.com/?gad_source=5&gad_campaignid=21684345558&gclid=EAIaIQobChMIhOHq7s7tkwMVzwR3BB212zzrEAEYASAAEgLTmfD_BwE,,,,,
1079,https://www.googleadservices.com/pagead/aclk?sa=L&ai=C0XJSNOXeafSZD9CIjeYP7c-YoQfPwIrqgwHWmIrn8RKNtNLZoxgQASDHx58jYIkDoAGB6uHVA8gBAqkC6-FSXyPjpz7gAgCoAwHIAwiqBLoCT9BZqdocDVRxKMybmCI8dKsKpeGrHwAPLj-MNZWbxC0XmdtPIg8wRL4fi7SIcUIOFtEZ0U0-ttFDZlJC5p7AQpKLxYNzO2mR90PEApeDkSt7gUYBoYxXJFMAG_LP_WrfQeOOE06IIcKHm_KoL6_qicXKDsrYzWoMoJ-wXnkMQZnkymeIfydYCKv1C0v63Zx1sByLgW9qZJF3wA8TmvtjnWxHlc4vpzamZcolFZk6kWrI_ho1Wj6927KU1FVKjLoep9suy7Ht93evkDz4gkND8zgkqHKAlV7l4wKr15uXSkAiNDW-tTx-N2wX2fer2xcmB1b4NmUrNBWX8qp7YuY9sflHoMF3q9KbmHPcztTyfo_KVmHRWyR_SqeREKWSpOhTdcF-UbM8wD5_yyy7030f8WJh65A9ZPs6agzABIyBzdHwBOAEAYgF8-S21TKgBgKAB-eVniqoB6fMsQKoB-LYsQKoB6a-G6gHzM6xAqgH89EbqAeW2BuoB6qbsQKoB47OG6gHk9gbqAfw4BuoB-6WsQKoB_6esQKoB6--sQKoB5rhsQKoB9XJG6gH2baxAqgHmgaoB_-esQKoB9-fsQKoB_jCsQKoB_vCsQLYBwHSCC8IgGEQARidATIIioKAgICAgAg6DYBAgMCAgICAqIACqANIvf3BOlj5-v_m1e6TA7EJxWTkveZ0CTaACgOYCwHICwGiDAOQAQGqDQJKUMgNAeINEwiPmYDn1e6TAxVQRMMGHe0nJnTqDRMI5deB59XukwMVUETDBh3tJyZ08A0CiA7___________8B2BMD0BUBmBYByhYCCgD4FgGAFwGyFxAYASoKNTg1NTEwMjgyOVAGuhcCOAGqGBcJAAAAAECJCEESCjU4NTUxMDI4MjkYAbIYCRICvFAYAiIBANAYAcIZAggB&ae=1&gclid=EAIaIQobChMI9IOC59XukwMVUETDBh3tJyZ0EAEYASAAEgL1KPD_BwE&num=1&cid=CAQS9QEABaugfZMej0Ea-h29WTa4255T_YLK4SHj6iGABjadPS9jiXWF70opp5cFce2CkaB3n9DoM54yOYjSubVPmuOSMrJY3cAMNqDzr_M2rlPvnomI1MmotNDhd6QYajtPxz1rMkLeX1rgwZrpxZHlqlPz0X3dJEpJj55ix1RP_wV-vKDRSfkvs2kodWR3xPMWhtel5BVOkukznkYti93C2xGmjOD86Rgqayn4g67WDYySx0O41ojRGG3h3-bzqtxKoLepZRFrr-P7WURN-Me_dDpYCk7nHwI-RK8J6CWMIRfR9UgufA480tLzjzBAr000WJVMHvgXYxgB&sig=AOD64_1Vtd2_TLVdwmwlOTi-OOc15YCTng&client=ca-pub-1481019754184955&rf=5&nx=CLICK_X&ny=CLICK_Y&uap=UACH(platform)&uapv=UACH(platformVersion)&uaa=UACH(architecture)&uam=UACH(model)&uafv=UACH(uaFullVersion)&uab=UACH(bitness)&uaw=UACH(wow64)&uafvl=UACH(fullVersionList)&nb=2&adurl=https://www.averyproducts.com.au/weprint/custom-printed-labels-stickers%3Fgad_source%3D5%26gad_campaignid%3D13600928371%26gclid%3DEAIaIQobChMI9IOC59XukwMVUETDBh3tJyZ0EAEYASAAEgL1KPD_BwE,https://www.averyproducts.com.au/weprint/custom-printed-labels-stickers?gad_source=5&gad_campaignid=13600928371&gclid=EAIaIQobChMI9IOC59XukwMVUETDBh3tJyZ0EAEYASAAEgL1KPD_BwE,,,,,
1107,https://www.googleadservices.com/pagead/aclk?sa=L&ai=C397royPfaaSVEfSa3NMPyO3C-QmzyKSdhAG9rdSChhXf0e_9i0kQASDFnrQdYJXikIKgB6AB5L-wywPIAQmpAoHmgMOcyrM-4AIAqAMByANIqgTYAk_QQW7IQQM54mRtPWJglvIPgXw7BKhdgrAMJBu2-5H0Eh-ZcKxp90FTcUtE6w5zV37ylMzZLgMs3Wa_JD34hFp0lE0KFP_kwlM2dt9Fsg2B1SMdrYD19pSlWxuzZ8O4By5kBagqnmi1zqjH0EVUNsMKzmgyn9bih_Yi9sKAqsHDpxJ1PWry3zAPcuzPEIYpcjIvpEvT6_gr1UmX-jaZMFReNjLwYY6Td15zLudPkd5DFStBsYrQDgfyPUjEeuNuQCRrx0xdBzjfzODcydn4weapVRYXl88XMl68rF0qQP5Yr3Pqq9CQ-GaqQgLPmXLaqgWqhHrvZ289jQTCn5lB1RXO1ETZgC7qXLKaKLfUcNJujiPLoSxBdJNdOXefrAT6a3TWFWtspl2Kpp-iiDHdg2rpPjx-7kZzrUinZ6tDu8HjIxb5u7f0mgTUGLuh7mk9W3bais-kfzNGwATZ2-WPvQXgBAGIBen4na8FoAYugAeEwM80qAenzLECqAfi2LECqAemvhuoB8zOsQKoB_PRG6gHltgbqAeqm7ECqAeOzhuoB5PYG6gH8OAbqAfulrECqAf-nrECqAevvrECqAea4bECqAfZtrECqAeaBqgH_56xAqgH35-xAqgH-MKxAqgH-8KxAtgHANIIMgiA4YAQEAEYnQEyCKqCgICAgIAKOg6AwAOAgISAgJSoiAKoB0i9_cE6WOzGp6yR75MDsQnEQxnktatOb4AKA5gLAcgLAYAMAaIMA5ABAaoNAkRFyA0B4g0TCMH1p6yR75MDFXQNdwQdyLYwn-oNEwjswqiske-TAxV0DXcEHci2MJ_wDQKIDv___________wHYEwLQFQGYFgHKFgIKAPgWAYAXAbIXEBgBKgoyNDQ5NjQwMDQxUAa6FwI4AaoYFwkAAAAAqKMMQRIKMjQ0OTY0MDA0MRgBshgJEgKYaRguIgEA0BgB6BgBwhkCCAE&ae=1&gclid=EAIaIQobChMI5PKorJHvkwMVdA13BB3ItjCfEAEYASAAEgKBU_D_BwE&num=1&cid=CAQScQAFq6B9Z0xd1aAMhbuvbhUajyvrM2E28A06-OYnrQbSgzQxXAti1Cxu5r-E2V6gWAk-bpgUCUWF0v7-xX3VT0dPgqI16Xy-C-6kuXCRp9BCf8-loynQw3B0M40CFpx2YGhDDPAQLAlwpCRalimZotrtGAE&sig=AOD64_3-_O9nXihlp4hvNheMGH5QAt1XXA&client=ca-pub-4069693291391267&rf=1&nb=25&adurl=https://www.antratek.de/%3Futm_source%3Dgoogle%26utm_medium%3Dcpc%26utm_campaign%3DDE%2520-%2520Display%26utm_id%3D1441234025%26gad_source%3D5%26gad_campaignid%3D1441234025%26gclid%3DEAIaIQobChMI5PKorJHvkwMVdA13BB3ItjCfEAEYASAAEgKBU_D_BwE,https://www.antratek.de/?utm_source=google&utm_medium=cpc&utm_campaign=DE%20-%20Display&utm_id=1441234025&gad_source=5&gad_campaignid=1441234025&gclid=EAIaIQobChMI5PKorJHvkwMVdA13BB3ItjCfEAEYASAAEgKBU_D_BwE,no,no,,,
996,https://www.googleadservices.com/pagead/aclk?sa=L&ai=CMpUdc17gadCGBJDyjeYPwNDKkAe2p83EhgHMgKj8iBap_pmXgEcQASDag6c9YMfV_42EJqAB-uGgpz_IAQLgAgCoAwHIAwiqBKkCT9Bh7p5lW2iDa_OKU3Scjm6zx1JUftuJP0JEkPTx6d6_0MRAV657kxRk31pSM0hioSrozAuE_Tpjy9STTUws7-GPTZV4QZ51omeY46_DzofooEi-sEouQ9H_5Tmf1jhJ4ZpvoqTqytkePVF9ta3h1fdD-T-IHNFZcf478gjtASbBSaxheBpkqbIcl1XIAOhFIRii_M1LhZmk8dacMYdBQVTH0ayZ4XlGBxrZsXtZasSrzWBG8Jsd1aHZ4ZOWx1ClDhEwTlElc5iJrPUzEnXHHah7f1E36J7iKAuF5qsh-OVdgI85KIX1XYWMHZYBjF7i-cwJp16eRdodQWTNxgJP10TeFYqw2rqByXx0_wEfeg8iNf6DOMiNcFMAuDUMkW1a1UDQ6Wcx-CXHwAT4rf-Q1wXgBAGIBejm65pYoAYCgAeypZizG6gHp8yxAqgH4tixAqgHpr4bqAfMzrECqAfz0RuoB5bYG6gHqpuxAqgHjs4bqAeT2BuoB_DgG6gH7paxAqgH_p6xAqgHr76xAqgHmuGxAqgH1ckbqAfZtrECqAeaBqgH_56xAqgH35-xAqgH-MKxAqgH-8KxAtgHAdIILgiAYRABGB0yCIqCgICAgIAIOg2AQIDAgICAgKiAAqgDSL39wTpYx_W6yb3xkwOxCejHkL_bnYHJgAoDmAsByAsBogwDkAEBqg0CWkHIDQHiDRMImJa7yb3xkwMVEHnDBh1AqBJy6g0TCIi5vMm98ZMDFRB5wwYdQKgScvANAogO____________AdgTC9AVAZgWAcoWAgoA-BYBgBcBshcQGAEqCjk0NzI1MzUzMTFQBroXAjgBqhgXCQAAAADgDvlAEgo5NDcyNTM1MzExGAGyGAkSAvFoGAIiAQHQGAHoGAE&ae=1&gclid=EAIaIQobChMIkIy9yb3xkwMVEHnDBh1AqBJyEAEYASAAEgJ4dfD_BwE&num=1&cid=CAQS0QEABaugfdi9WovDXKqMIO8U_ETX_8ELD3Ohi_tt4vMfkB90TjAlS7tgLoZazZot7zW6bYXhIo_xlkLmI6_7-Per_uJOctxNnnTZfNEXeiYDlXfcpa6xQ3H1pG8XQCiCrR4_YB0ta_Hkekwln94w9HF0jjy7tl0AV8wNIzWAZYNquFJ_SvTfpgLwJU-uHXdBe5r5XaJhgxZ-MeUmy26qHq7YUk7ACnAE_f-GlUK3G3G-jlQ63Yd38X1eMU1Mu9SwndbtU_8hAvf9Vg-4zRIDVcezPhgB&sig=AOD64_2TtrqY5c_IJCltnH9_aaFyrNJaew&client=ca-pub-9857577187914945&rf=5&nx=CLICK_X&ny=CLICK_Y&uap=UACH(platform)&uapv=UACH(platformVersion)&uaa=UACH(architecture)&uam=UACH(model)&uafv=UACH(uaFullVersion)&uab=UACH(bitness)&uaw=UACH(wow64)&uafvl=UACH(fullVersionList)&nb=2&adurl=https://brainu.com/trivia/specific/676%3Fq%3D1%26utm_source%3Dadw-23678612328%26utm_medium%3D195188217592%26utm_campaign%3Dwww.globo.com%26utm_term%3DEAIaIQobChMIkIy9yb3xkwMVEHnDBh1AqBJyEAEYASAAEgJ4dfD_BwE%26utm_source%3Dadw-23678612328%26utm_medium%3D195188217592%26utm_campaign%3Dwww.globo.com%26utm_term%3DEAIaIQobChMIkIy9yb3xkwMVEHnDBh1AqBJyEAEYASAAEgJ4dfD_BwE%26gad_source%3D5,https://brainu.com/trivia/specific/676?q=1&utm_source=adw-23678612328&utm_medium=195188217592&utm_campaign=www.globo.com&utm_term=EAIaIQobChMIkIy9yb3xkwMVEHnDBh1AqBJyEAEYASAAEgJ4dfD_BwE&utm_source=adw-23678612328&utm_medium=195188217592&utm_campaign=www.globo.com&utm_term=EAIaIQobChMIkIy9yb3xkwMVEHnDBh1AqBJyEAEYASAAEgJ4dfD_BwE&gad_source=5,,,,,
1150,https://www.googleadservices.com/pagead/aclk?sa=L&ai=C38cvY1TgadLQAaSUjeYPt4aq6Azdx8iRdbuskZDED2QQASDwmc8ZYMfV_42EJqAB5oHN_QLIAQngAgCoAwHIAwqqBMcCT9C_jQjLiMYUCYJfELn3XnTrZA0WEPtdBovQh7wCEKzocoe1W5aEQIpTQlnMouUmrOnbEKQqvGjguIMA6lLn-nD0dyVFRfVy6PeBeLdArQ5ZS2tzswZhnDCccjaWOHDXCDIq6792Jc57PRxjVLflp8xAUbv5GpSw5ypfMAnNGzoTM0v4WcCAnZo9GdjxKgFi3NOI6L3PJqEXEdFb5Fm7cpHhSDK56md7vp8zMAuX2cZUaHMdPsmPIw_oDfYrMMgeUT_-VWaz3lHM3KzEuijcCApcxMfubBqShRKj89e8Cbq60MKVcJwbks4_wKQXTjcKat5APpfSsfSgOopNUB5BH0WeMzFHleFZq0klRDPOTRHi84iBP6LXRqXLZs-g7NL0a32_ScPzyuuEtaXSyse7ZPEwQp_zDm-e2_p5GMRmId_qFCQ_jhVswATgn6iYigTgBAGIBcnNpLo8oAYugAeC_rKCAagHp8yxAqgH4tixAqgHpr4bqAfMzrECqAfz0RuoB5bYG6gHqpuxAqgHjs4bqAeT2BuoB_DgG6gH7paxAqgH_p6xAqgHr76xAqgHmuGxAqgH1ckbqAfZtrECqAeaBqgH_56xAqgH35-xAqgH-MKxAqgH-8KxAtgHANIILgiAYRABGB0yCIqCgICAgIAIOg2AQIDAgICAgKiAAqgDSL39wTpY_5yO_bPxkwOxCR6G8GGuU-1MgAoDigraAWh0dHBzOi8vbW9uaXRvci5jbGlja2NlYXNlLmNvbS90cmFja2VyL3RyYWNrZXIuYXNweD9pZD11VENZcmtWU2JKQ1l5OCZhZHBvcz0mbG9jcGhpc2ljYWw9MTAyODY2NSZsb2NpbnRlcmVzdD0yODQwJmFkZ3JwPTE0MDE3NDI5OTEwNCZrdz0mbnc9ZCZ1cmw9e2xwdXJsfSZjcG49MTYyMjgzNjE5MjkmZGV2aWNlPWMmY2NwdHVybD1kcmVhbXNlYXQuY29tJnBsPXd3dy5qYWdyYW4uY29tmAsByAsB4AsBgAwBogwDkAEBqg0CWkHIDQHiDRMI2saO_bPxkwMVJErDBh03gwrN6g0TCObcj_2z8ZMDFSRKwwYdN4MKzfANAogO____________AaITVAo3CANAAVIICgYSBAgBEAFo166X4jxyIRIfIAIoATgCQMnNpLo8WAFo_v__________AYABAZgBAxoZChdjYS1wdWItOTkzNTk3MDg5NDI0NzMxNrgT5APYEw2IFAXQFQGYFgHKFgIKAPgWAYAXAbIXEBgBKgoxMjMzMzM2NzcwUAa6FwI4AaoYFwkAAAAAuIAYQRIKMTIzMzMzNjc3MBgBshgJEgKtURguIgEA0BgB6BgBwhkCCAE&ae=1&gclid=EAIaIQobChMIko6Q_bPxkwMVJErDBh03gwrNEAEYASAAEgKNMvD_BwE&num=1&cid=CAQS8wEABaugfUe_V7X4J8v_AE8cBV4kr9IJrf-U2qBLDQWoFTTU67yP4WWN1a016U4dRIVR3eNQ7MvTzywFH26uPB0sDJE1oL0hU3gpnrdKqi41T_mppbge85gxluQHVlddtJoGJrLiFFKsK-bjPEu41acCORFMJgeur5mJbakNXTU7j0uwdvwgriRXK9Ax8viBFVvH_1C-gtrzSNVUdWSzSnw11tqWq86OBEb7zC2F0_X9JTbiYMCigl5Gd8eLQyqvoPMBf8mVcBLreBdlMFhXfiUnASwoVOJn2kcy9ipDb-W34P3oqVXCTcAH8DhF-K84_LjBpekYAQ&sig=AOD64_0nkWC6ThfcMatTL0mhu5nEdF5kVg&client=ca-pub-9935970894247316&rf=4&nb=19&adurl=https://www.dreamseat.com/intake-seating/%3Fgad_source%3D5%26gad_campaignid%3D16228361929%26gclid%3DEAIaIQobChMIko6Q_bPxkwMVJErDBh03gwrNEAEYASAAEgKNMvD_BwE,https://www.dreamseat.com/intake-seating/?gad_source=5&gad_campaignid=16228361929&gclid=EAIaIQobChMIko6Q_bPxkwMVJErDBh03gwrNEAEYASAAEgKNMvD_BwE&gclid=EAIaIQobChMIko6Q_bPxkwMVJErDBh03gwrNEAEYASAAEgKNMvD_BwE,,,,,
1142,https://www.googleadservices.com/pagead/aclk?sa=L&ai=CYrNQ2lzgacH7NceR3NMPxLrNqAP0gZSxhgHP1aur5hXh-MqAyEcQASC-z4caYMfV_42EJqABzeiK_wPIAQngAgCoAwHIAwqqBMECT9CWH47DfacvRYoCu3yBnC763AALlYHOpjr1gzL6JPgF-5xUwiROudyH702vN_hzreBHgxTETQofXvJkywKqOT2lwSGStT-FxdgWdLViJMcPPV8sGL3kb77HuSSbojlzlZGHjVhYQ0mTULfkJlOh4MDfl2m8Fw5BXU7-m6FxsrYX1i2ynZYww8KrXuCaYhuSuECso3f3mnA65EfQtyqc2hb5zGR4ilhrBLRlchQTn7ygOxuwkgfv3Jcj0qFI26i04tDH-rBN3JUqaTKHGwaHDh8LdlkoIpGifAtzIYYLYDpDD2LOKU_gJmow7svuKptaEGI-QelEHrLTOZF4RHdn1i7YYYN1DVjQvk4vlYTe4iIcSIgHM0yV5_2LMPjm53HQ1Y3lPp6-Mw0KldIR7mbWJhtLee4oAhfipLfOXwz-arxQwATmwtqy1QXgBAGIBazPhZhXoAYugAebl3WoB6fMsQKoB6a-G6gHzM6xAqgH89EbqAeW2BuoB6qbsQKoB47OG6gHk9gbqAfw4BuoB-6WsQKoB_6esQKoB6--sQKoB5rhsQKoB9XJG6gH2baxAqgHmgaoB_-esQKoB9-fsQKoB_jCsQKoB_vCsQLYBwDSCC4IgGEQARgdMgiKgoCAgICACDoNgECAwICAgICogAKoA0i9_cE6WIiq6Ya88ZMDsQnIZANAT5GpLYAKA5gLAcgLAYAMAaoNAlpByA0B4g0TCOXr6Ya88ZMDFccIdwQdRF0TNeoNEwiilOuGvPGTAxXHCHcEHURdEzXwDQKIDv___________wG4E-QD2BMN0BUByhYCCgD4FgGAFwGyFxAYASoKMzg1MjYwNzQzOFAGuhcCOAGqGBcJAAAAAAhEBEESCjM4NTI2MDc0MzgYAbIYCRICglQYLiIBANAYAcIZAggB&ae=1&gclid=EAIaIQobChMIwdDrhrzxkwMVxwh3BB1EXRM1EAEYASAAEgJRMvD_BwE&num=1&cid=CAQS4gEABaugfUYKm-EDpKwPJJ3yjxgkn9LaVF6RdoNFHKLbItdLjVal7Fd8m3qKicdFoD31pkwPyKB5yHmYCmK1Me5oMW-RsDdSHh-8qAjq7FIGEN9sMSe_L5yXknQjk1C5dW-BBTBpxr0tJU6FwxrhVUUG_HH4EVrRCS51MeriFfTRXG4m1s6HbqLaX7kMJFYZ1dS4P9v06t8FP9Ir-KNIfDzNyrJaDWKgZKxDyQAYSNeoM63rvymxN6UF0s6-7zLofr4ZJDCmmY88XqjFkhaOujVQmfzSxClZzeswZUgSvNyTHNqvGAE&sig=AOD64_1D3F0aN40E6mrO9f83FJKVvjWzcQ&client=ca-pub-6453680425766689&rf=4&nb=9&adurl=https://www.parasoft.com/solutions/test-impact-analysis-tools/evaluation-request-manual-testers/%3Futm_term%3D%26utm_campaign%3D%26utm_source%3Dadwords%26utm_medium%3Dppc%26hsa_acc%3D8461969440%26hsa_cam%3D23404308396%26hsa_grp%3D194722046310%26hsa_ad%3D790412474636%26hsa_src%3Dd%26hsa_tgt%3D%26hsa_kw%3D%26hsa_mt%3D%26hsa_net%3Dadwords%26hsa_ver%3D3%26gad_source%3D5%26gad_campaignid%3D23404308396%26gclid%3DEAIaIQobChMIwdDrhrzxkwMVxwh3BB1EXRM1EAEYASAAEgJRMvD_BwE,https://www.parasoft.com/solutions/test-impact-analysis-tools/evaluation-request-manual-testers/?utm_term=&utm_campaign=&utm_source=adwords&utm_medium=ppc&hsa_acc=8461969440&hsa_cam=23404308396&hsa_grp=194722046310&hsa_ad=790412474636&hsa_src=d&hsa_tgt=&hsa_kw=&hsa_mt=&hsa_net=adwords&hsa_ver=3&gad_source=5&gad_campaignid=23404308396&gclid=EAIaIQobChMIwdDrhrzxkwMVxwh3BB1EXRM1EAEYASAAEgJRMvD_BwE,no,no,no,no,no
1116,https://www.googleadservices.com/pagead/aclk?sa=L&ai=C0UTEK3ffaZPTLv2c3NMPq-OqoAWJy9_BhgG85vrroxWawOPCwQEQASC6hMAzYM3A0I-sA6AB6oKzoinIAQOpAuoe9Mmm54o-4AIAqAMByAMIqgS6Ak_QUq9JCMyrCxNwOc74lyIBEq6SmSo0qD1S2ZDMNsO-81ReEP9rkhxyAKfdNZRcXZfbwaGqC1P3RsAvIj-0cuqnMMgkJ2TMN-MhMuWA4ShQwOEpYWPstz-6z168ch3IxeM8xc2NH2w1ONzENu4Hr1WzFswprPHNmK85fbyaSt7dRWEnICjZ7NkbF0ApF-zovMyDrwVZ0zhAOgq1i6733v_uRTjF_E6bGsa5tLMlyptqw1ybmnW8xycUgI-6M6UU3GQGTNuQfscGCCIiCKPFk8TdI9pASkkauyKkcwq6a1vvod6e-TpfFf2a79teZ0jTNz7LSXuh3bNaY4Sw8m7QdS5G-YrQgARzXeDZbdbMxMy3rvu4Y54il6rSb8JOhfYQ6EeVjUygy0bf68igZRDqm5AXC9Oc92ERXWRXwATprd7D1QXgBAGIBfrj1LxYoAYDgAfquoOCBKgHp8yxAqgH4tixAqgHpr4bqAfMzrECqAfz0RuoB5bYG6gHqpuxAqgHjs4bqAeT2BuoB_DgG6gH7paxAqgH_p6xAqgHr76xAqgHmuGxAqgH1ckbqAfZtrECqAeaBqgH_56xAqgH35-xAqgH-MKxAqgH-8KxAtgHAdIILgiAYRABGB0yCIqCgICAgIAIOg2AQIDAgICAgKiAAqgDSL39wTpY48ubgeHvkwPyCBthZHgtc3Vic3luLTYwNTk2NTk1NjA2NTQ2NTWxCVWg2V-rewragAoDmAsByAsBogwDkAEBqg0CQlLIDQHiDRMInpecgeHvkwMVfQ53BB2rsQpU6g0TCIS3nYHh75MDFX0OdwQdq7EKVPANAogO____________AdgTDdAVAZgWAcoWAgoA-BYBgBcBshcQGAEqCjc4Njk4OTU4NzNQBroXAjgBqhgXCQAAAABAhOxAEgo3ODY5ODk1ODczGAGyGAkSAtdqGAMiAQDQGAHCGQIIAQ&ae=1&gclid=EAIaIQobChMI05SegeHvkwMVfQ53BB2rsQpUEAEYASAAEgKBuPD_BwE&num=1&cid=CAQS0AEABaugfbxjB-pZDETWfJpUt9OXOySKKEAF_ReJv6X2ylhMITCTTqvuLXXR3Elgyu6Bx9ZNzKEjyj5F-GWZlSec6wSovPZgdgyrwgMpmS9Y--ff43qLYQlaPKOrd7grnsTq0348U6LE8bQebSKftmYhvwMs0SS-5Q6hGh0BM3cuc93jbBYQtfV6Y-IuypCpCJcuIL_64cZjqDgvLOZDFcuc0mI7Rrr3wLZh_zR81YeiZ_TF-orhFkSLjlvlbvF0-ZWqoKTH4njzo24WiC0MY8rFGAE&sig=AOD64_2bU3KlNWQgV5iG4_4nP4DOTi6y6w&client=ca-pub-8933329999391104&rf=5&nx=CLICK_X&ny=CLICK_Y&uap=UACH(platform)&uapv=UACH(platformVersion)&uaa=UACH(architecture)&uam=UACH(model)&uafv=UACH(uaFullVersion)&uab=UACH(bitness)&uaw=UACH(wow64)&uafvl=UACH(fullVersionList)&nb=2&adurl=https://seminovos.abraorezeonline.com.br/%3Futm_source%3Dgoogle%26utm_medium%3Dcpc%26utm_campaign%3Dofertas-abril-sorocaba%26utm_content%3Dabrao-sorocaba%26gad_source%3D5%26gad_campaignid%3D23749538298%26gclid%3DEAIaIQobChMI05SegeHvkwMVfQ53BB2rsQpUEAEYASAAEgKBuPD_BwE,https://seminovos.abraorezeonline.com.br/?utm_source=google&utm_medium=cpc&utm_campaign=ofertas-abril-sorocaba&utm_content=abrao-sorocaba&gad_source=5&gad_campaignid=23749538298&gclid=EAIaIQobChMI05SegeHvkwMVfQ53BB2rsQpUEAEYASAAEgKBuPD_BwE,,,,,
1072,https://www.googleadservices.com/pagead/aclk?sa=L&ai=Ccd5KCLPfaeqIOO3wjeYPodj8qATF3uzAhgHE0sP38BSH7u3_KxABIP_w-CFgmwOgAbPo4-hByAEJ4AIAqAMByAMKqgT4Ak_Q9C9UZwgb24LCMHXTs5GuDPDlC_SCVK1Q8kFe37KVwL3IzY5TQFNNMbfUV8tuwH_i8Ux1kUL04i3ZgzdzroBDPKCgsmtEM-qIL7Sv1yxmns5N4HWRX4Az7PmcHakScGWfCj1ODd5finoZwcmo14X-DBKm9j8MHDsF4cqj_g4L8CKkjf9rTmn733pdVEl6bmQalGfyjZh34ZtfL3oWnqq6E8VIJIvK4S_PdamvV6rssH25GqW5shgXf7kiG4eWu2IButo3wMEC78kZP4fdZagBsZf1td_RHUC-GmSaWnxpEn8y1FCBa-yz5qhqjjyFYMNYOmYyhIQjjMyy8BNTakr58hPCAxRWyRYJnNkq-GKWAshk7gUcyFtAH0T4g3yygJ46s5K6AFTdippkxo1iS-bgHo8DGgCDwHyhza87nJFKZUpHSy5U10vhC4Igsog_tP3FJkV42VpUVp3zoATIzVqu5N-HdRQCFv2RROVKd3ZXqXGY6BLnkDLABJSMqqrkBeAEAYgF4PHdhFegBi6AB7OgtMgcqAenzLECqAemvhuoB8zOsQKoB_PRG6gHltgbqAeqm7ECqAeOzhuoB5PYG6gH8OAbqAfulrECqAf-nrECqAevvrECqAea4bECqAfVyRuoB9m2sQKoB5oGqAf_nrECqAffn7ECqAf4wrECqAf7wrEC2AcA0ggwCIBhEAEYnQEyCIqCgICAgIAIOg6AQIDAgICAgKiAAqiDEEi9_cE6WMzq4oya8JMDsQkejLDti_wb7YAKA5gLAcgLAYAMAaoNAktSyA0B4g0TCOeK44ya8JMDFW14wwYdISwfReoNEwigjuSMmvCTAxVteMMGHSEsH0XwDQKIDv___________wHYEw2IFATQFQHKFgIKAPgWAYAXAbIXEBgBKgo0NTcwMjQ0MTgzUAa6FwI4AaoYFwkAAAAAeLILQRIKNDU3MDI0NDE4MxgBshgJEgKTThguIgEA0BgBwhkCCAE&ae=1&gclid=EAIaIQobChMI6qzrjJrwkwMVbXjDBh0hLB9FEAEYASAAEgKnf_D_BwE&num=1&cid=CAQS4wEABaugfRJHre0GTtE02ZTUhcEvrLP4fnqeW4dCn9PkABe_eG6ksRMRthK-pM0wB1u0D1imW7ri-EYzxJqwumTLUjhdgybLZ4cSvOLOVrXkMj0xdddCKlIs0fuHVwykJtgIX_3k4mlRw59fgnA2PHMrpMHVD5cpBxBpDlt4iHdTEgecuNciDgjYgkAM0w-fpdq_umvsWCbWp93SJiwIdlp1nxttW3rzaklwcVMGPVXOfDxsBJiu_ahVYFaJgbmNITR5uQDRM6DrIgl_RTF-u2VyFeKMILBTFDxRixB5EVJje0FRQBgB&sig=AOD64_3WJU0HFVNZPloOQOOSizLo_cWjXw&client=ca-pub-1037373295371110&rf=4&nb=9&adurl=https://188weststjames.com%3Futm_source%3Dgoogle%26utm_medium%3Dcpc%26utm_campaign%3DDisplay%2520-%2520Custom%2520Segment%2520(Maximize%2520Conversions)%2520-%2520Brand%2520%26%2520Real%2520Estate%2520-%2520(San%2520Francisco%2520DMA)%26utm_content%3DBrand%2520%26%2520Real%2520Estate%26utm_term%3Dwww.businessinsider.com%26gad_source%3D5%26gad_campaignid%3D23363811552%26gclid%3DEAIaIQobChMI6qzrjJrwkwMVbXjDBh0hLB9FEAEYASAAEgKnf_D_BwE,https://188weststjames.com/?Real_Estate_-_%28San_Francisco_DMA%29&Real_Estate&gad_source=5&gad_campaignid=23363811552,,,,,
937,https://www.googleadservices.com/pagead/aclk?sa=L&ai=CS8c-ZFjgaZ-KKLCajeYP-eyX6QHplP2_hgHQ7bet4BGx9MuIxjEQASC0o80iYMfV_42EJqABl9G5mwPIAQmpAnVB4KpNzbM-4AIAqAMByAMKqgS4Ak_QQVA6GzLRgMpR88YoTQLAnppomy840iSZldFU5kfbrFlAA18mpCOJkzgPlke5dj3vG7K9Pq8W-5NQuuel9mGyNjQVTRxrhN-SoU-Fcwj6MLbmFQ_cPV2TxmlyNdVhyAuMUpjFPnRyxCNcT8KIqZ9WZGmiP4pddRYsAyEJTnL_25I_y2Y85FLqlMyqdVgFgIMZHxpshyP9KHaV-wjmc-uK3nPnjHkj4cg8f6jDQSaLs7mzllg6d48VrGrqeoaUP-FFuTFl8JIhuZDWP67RtlZ168JGHy8LVdTDSxJ3odhxj4MgILBREftO0zGU-4X3c3iVH5qPYSivlZs7rlYABctv-ht2N1_M7r7jw5PiengpZxTO5mPKD7xye3H8Emu40jmG3ziM4vvs5FLs4qVOYOHyR6MFlXd4N8AEnZ7ZnfwD4AQBiAWG8qPUQqAGLoAH0a7GZKgHp8yxAqgH4tixAqgHpr4bqAfMzrECqAfz0RuoB5bYG6gHqpuxAqgHjs4bqAeT2BuoB_DgG6gH7paxAqgH_p6xAqgHr76xAqgHmuGxAqgH1ckbqAfZtrECqAeaBqgH_56xAqgH35-xAqgH-MKxAqgH-8KxAtgHANIILgiAYRABGB0yCIqCgICAgIAIOg2AQIDAgICAgKiAAqgDSL39wTpYx8uE5rfxkwOxCZRviLy3ln05gAoBmAsByAsBgAwBogwDkAEBqg0CWkHIDQHiDRMIi4OF5rfxkwMVME3DBh159iUd6g0TCIjBhua38ZMDFTBNwwYdefYlHfANAogO____________AbgT5APYEw6IFAXQFQGYFgHKFgIKAPgWAYAXAbIXEBgBKgoxOTA1MDA5MTU1UAa6FwI4AaoYFwkAAAAAsK0FQRIKMTkwNTAwOTE1NRgBshgJEgK3XBguIgEA0BgBwhkCCAE&ae=1&gclid=EAIaIQobChMIn8yX5rfxkwMVME3DBh159iUdEAEYASAAEgINS_D_BwE&num=1&cid=CAQS0QEABaugffGQaOdm_k5lTAY4AWHUrowSFxQptZcx3Zf6xL1_APvaRogHhK3yYk1TiXMpLN9h2bFFNJCsnc1NKVzlG-OBrmb9I-bsS0dQmTWS5rbVrg5BrCuZdL3jd6kZOjTnWO753Oc-DCsUPSUgpQ649KHVpzVQphpaWPCnLkkizQaifBcYkoErb0Muz1aXWT1T_Uy98iaXrTBoWSYp_BLTNgG5oo0y7Hijqcik2e_oU2O4dm5p6s_ujYHNZ6YbeW_7UFHCrkid18BLVd9b8aIU8hgB&sig=AOD64_3zWo2xYCPEgM93urvbL2fhqHNuSg&client=ca-pub-2334602378211593&rf=4&nb=9&adurl=https://www.gi-de.com/en/spotlight/digital-discoveries/cbdcs-fulfilling-the-promise-of-digital-currencies%3Futm_term%3D%26utm_campaign%3D(AccScale)%2B-%2BG%2B-%2BCT%2B-%2BSouth%2BAfrica%2B-%2BRDA%2B-%2BEN%2B-%2BJul%2B22%26utm_source%3Dadwords%26utm_medium%3Dppc%26hsa_acc%3D4014151243%26hsa_cam%3D17893488902%26hsa_grp%3D136427491101%26hsa_ad%3D675146236253%26hsa_src%3Dd%26hsa_tgt%3D%26hsa_kw%3D%26hsa_mt%3D%26hsa_net%3Dadwords%26hsa_ver%3D3%26gad_source%3D5%26gad_campaignid%3D17893488902%26gclid%3DEAIaIQobChMIn8yX5rfxkwMVME3DBh159iUdEAEYASAAEgINS_D_BwE,https://www.gi-de.com/en/spotlight/digital-discoveries/cbdcs-fulfilling-the-promise-of-digital-currencies?utm_term=&utm_campaign=(AccScale)+-+G+-+CT+-+South+Africa+-+RDA+-+EN+-+Jul+22&utm_source=adwords&utm_medium=ppc&hsa_acc=4014151243&hsa_cam=17893488902&hsa_grp=136427491101&hsa_ad=675146236253&hsa_src=d&hsa_tgt=&hsa_kw=&hsa_mt=&hsa_net=adwords&hsa_ver=3&gad_source=5&gad_campaignid=17893488902&gclid=EAIaIQobChMIn8yX5rfxkwMVME3DBh159iUdEAEYASAAEgINS_D_BwE,no,,,,
1124,https://www.googleadservices.com/pagead/aclk?sa=L&ai=C3gNQ2ynfaaXVBaSwgeAPlZKO-QyepYfcdoq9vb7AFc_33Zi6ARABILyW4RBgleKQgqAHoAGFsvK5A8gBCakCeopFl-zHsz7gAgCoAwHIAwqqBMoCT9DcrwpPOXIUNsXZmO7a7JANTbl52VO-knAfbeyxMHQpl8s4KGVrK_EKzzXbj8TPFh62vHl03tuiyke-CqLOXmkzDr1PEF9qG_yFMkwOeNEkRqaHmSjSwyUiAsiaxLYbOVQNw6ekQ08a-hgCsfEmWzNUaabmXx91F3pAcIHMi6yVO8WN92uXBhuqesj4bUANYD1ATcw2t8sLm8vdWnimP0sV0eHHN3hdL1-W_Ut8mAfAAcGWwIuTYJF0iSaZCvCt4GubkO1cBVRXTXkcjIgcu9kYDBX4-zWOekXvRvnWYY7zmFtYgEq_WVSPAU93WMcq_YMEQO8pQvKw4bMzv2cae46h-y9gIpOB7jMGq6WmZczIcz9GYivNr86AxslcbN6D_jhn7hN_Z4ov4ZrBICfiNdnzonR8YvRXYGZOH_MUfZ4_y9FNn-6HvyROwAT30M_-3AHgBAGIBZehj8QDoAYugAfjzY1GqAenzLECqAfi2LECqAemvhuoB8zOsQKoB_PRG6gHltgbqAeqm7ECqAeOzhuoB5PYG6gH8OAbqAfulrECqAf-nrECqAevvrECqAea4bECqAfVyRuoB9m2sQKoB5oGqAf_nrECqAffn7ECqAf4wrECqAf7wrECqAfCyLEC2AcA0ggyCIDhgBAQARidATIIqoKAgICAgAg6DoDAA4CAhICAlKiIAqgHSL39wTpYg6Kro5fvkwOxCeEDCXLu-lMbgAoDigpKaHR0cDovL3d3dy5zY2hyZWliZXItaW5uZW5hdXNiYXUuZGUvP2dhZF9zb3VyY2U9NSZnYWRfY2FtcGFpZ25pZD05NDgxNjI3MTGYCwHICwHgCwGADAGiDA8qCgoIjt-xApXisQKQAQGqDQJERcgNAeINEwjd86ujl--TAxUkWAAGHRWJI8_qDRMIvsCso5fvkwMVJFgABh0ViSPP8A0CiA7___________8BuBPkA9gTCtAVAZgWAcoWAgoA-BYBgBcBshcQGAEqCjY3MzE4NDAyNTBQBroXAjgBqhgXCQAAAAAADBVBEgo2NzMxODQwMjUwGAGyGAkSAqFPGC4iAQDQGAHCGQIIAQ&ae=1&gclid=EAIaIQobChMI5a6to5fvkwMVJFgABh0ViSPPEAEYASAAEgI1LfD_BwE&num=1&cid=CAQScAAFq6B9twQ7o1yXdGaq-aNeUNEtwz7ORO5DVXto65MNCaV5SwbzUhlFbnBXgeYAp9BAiWMo1xpBaSSvJAm4cNi9f7z9WxkPiIYx-zQS1_o-7v5kRodXt53KKhja0spqvM79kcKZxYeZR2q0TqZIpP0YAQ&sig=AOD64_2kwV20sDQf4DZnWcVPJF2Q1aPv2Q&client=ca-pub-2012933198307164&rf=4&nb=9&adurl=https://schreiber-innenausbau.de/%3Fgad_source%3D5%26gad_campaignid%3D948162711%26gclid%3DEAIaIQobChMI5a6to5fvkwMVJFgABh0ViSPPEAEYASAAEgI1LfD_BwE,https://schreiber-innenausbau.de/?gad_source=5&gad_campaignid=948162711&gclid=EAIaIQobChMI5a6to5fvkwMVJFgABh0ViSPPEAEYASAAEgI1LfD_BwE,no,no,,,
1055,https://googleads.g.doubleclick.net/aclk?sa=l&ai=C7CCOmt7eac7SOpvxjeYP8fqtsAfo8ZHXhQHEx4_9uBWv_fP9CBABILvjhyRgpbiagJwBoAGS3d_PPcgBAqkCgZeWKj3ppz7gAgCoAwHIAwiqBOoCT9ABy7xU4hvmk4KYOh3ogRJEVTtJSvwGArnCztIVuZVYSGLzwErB0ddq5J04l4x5-jDv1QSMNLJu0QKoQD9r0bNGAqzQwi96quFQqHZb0SPOCMd0XKSwCktI5RhfLPOx2RU17Akb0O7STQTolz52fsTuinDH4L7Q1dvW7e9INwHTE8vce4w1lte1iv0tRsiI5OkD5wt2bzt2itiTFvT843fX5TPoH71ac6omlE4HiTEpe587JCfKcnUwwmnsK310IFs2eUgcg8AKQdeDIs7UNewzwt17vVhe6PJouHeRHwLVkPBTCFc-xZJ1Q6y8_48KUrFvaTsWYdn1DMR_wovwSIg2ulFhbcX0uGg_Xo9wgPYNutOXRevZXfQtqPuI3K1jjD1sLm0HpzM_Bz9PBhdDe0m-fFOjvrUHlyYKtSaLVsIUcvs1bd7p9pdlETJa9Ta55rci7-mQHFl6ko4ZvVEabGw9j1x91R0gTbHABLGblNTWBeAEAYgFnvbBxlegBgKAB5KVsK8YqAenzLECqAemvhuoB8zOsQKoB_PRG6gHltgbqAeqm7ECqAeOzhuoB5PYG6gH8OAbqAfulrECqAf-nrECqAevvrECqAea4bECqAfVyRuoB9m2sQKoB5oGqAf_nrECqAffn7ECqAf4wrECqAf7wrEC2AcB0ggvCIBhEAEYHTIIioKAgICAgAg6DoBAgMCAgICAqIACqIMQSL39wTpYjPS9wc_ukwOxCS-8SRugkNbdgAoDmAsByAsBqg0CQVXIDQHiDRMI5pi-wc_ukwMVm3jDBh1xfQt26g0TCNizv8HP7pMDFZt4wwYdcX0LdvANAogO____________AdgTA9AVAcoWAgoA-BYBgBcBshcQGAEqCjc0NTE3ODk5MDBQBroXAjgBqhgXCQAAAABomhBBEgo3NDUxNzg5OTAwGAGyGAkSAqpQGAIiAQDQGAHCGQIIAQ&ae=1&gclid=EAIaIQobChMIzofAwc_ukwMVm3jDBh1xfQt2EAEYASAAEgK5nPD_BwE&num=1&cid=CAQS4wEABaugfWTdr6W3MHnkNvGNd2rbuCbVJEn6Oc76400eJDbx1_5xU-nO2r452Byny4xQF47BlHnFRqtKr-ANCJzavhQjeek3jKBUuY1EG9hMSMqMcP0PRea4wTJO-KhEKz8wOmVObX77jenGLWp1L5EjBJLb7w_c8_9mHA16OEE4Oay9QIs8VVBDMP4e8vi9SE-wLXvoJ64a5c6AKo17IeGgSgch1p809Srhwt1cKPZL6vjkuUI-qI9ev7zszG-ofvqfhZOl47Drp-v39MX3i1MGWZeYJLZqv8-WnNFrog-7E-fqpRgB&sig=AOD64_1HSUdxQnIkjx-BNuFvErdTIshJHQ&client=ca-pub-1301581561755234&rf=5&nx=CLICK_X&ny=CLICK_Y&uap=UACH(platform)&uapv=UACH(platformVersion)&uaa=UACH(architecture)&uam=UACH(model)&uafv=UACH(uaFullVersion)&uab=UACH(bitness)&uaw=UACH(wow64)&uafvl=UACH(fullVersionList)&nb=2&adurl=https://www.theultimaterenewable.com.au/%3Fgad_source%3D5%26gad_campaignid%3D23501765406%26gclid%3DEAIaIQobChMIzofAwc_ukwMVm3jDBh1xfQt2EAEYASAAEgK5nPD_BwE,https://www.theultimaterenewable.com.au/?gad_source=5&gad_campaignid=23501765406&gclid=EAIaIQobChMIzofAwc_ukwMVm3jDBh1xfQt2EAEYASAAEgK5nPD_BwE,,,,,
1235,https://adclick.g.doubleclick.net/aclk?sa=l&ai=C8GDZwkPfaeK1Gr6B3NMP0-XSCKSGkbSGAbSjxPjqFLCQHxABIJuohzdgleKQgqAHoAHU0NCXA8gBCakCfNlce6TEsz7gAgCoAwHIA8sEqgTUA0_QnP1oGhqhALoL2aMOmAFz7Jlw75q5bzTFOdw5nSR2CKXK20MaC2UcH57dT1s18_ok4HLLpWHXlj8EbJM173SEEzv24y6tOKrDU94DZgqxOn_I2OJ3mtGpmUYwV7lBs9fpo9vCc3f6tO8vRuMvyV5fer1Iqqxwbzvb3O5wecdRGzu0wmpkOFNU4aiqUhf3xMZMNaql5Dg3y5WCSSUOVsZGRdcbz1l_NrU8B3gydCyWjNU34EgWKZBqBFZlc5QEh9FmsW3mkOmS8XNR8FiYOSmNL3LqvmhKEzlKKm_k50hZpmxFXM5r_-xEM8DPUY8wurleTnLii7bbfPf0TG21LFzIUyRNdOGcSSAGDBZCr4C_f7l3AkteTbqSJ9vVyUGF6_1n9h7X8hIFNrCBtyDvqF6WkCPteMIRLKWUflzSyOKn0PdThSmaejJuYWV9_OX8p-1SRvc83Iidg8QTswHV90K8_7BnMdf34cwI0JKOH61ftdvkk9tcUO-XBFrbqC0X4E8xbuemkM8UQljKKKb6ncmHmIVphqAhw2szuZZTYoZ_baeSN8IG6cux5ArPknFGgwFDU-CBHEE-nkhRIQjTU0ER7Ee2Kj4UuB5A519Zaeql_cAQkcAErdnt__YE4AQBiAX3z-utUcAFBfoFBgglEAEYAKAGLoAHpe6ZlwOoB6fMsQKoB6a-G6gHzM6xAqgH89EbqAeW2BuoB6qbsQKoB47OG6gHk9gbqAfw4BuoB-6WsQKoB_6esQKoB6--sQKoB5rhsQKoB5oGqAf_nrECqAffn7ECqAf4wrEC2AcA-gcNY29tLmdyb3ZlcmFwcMAIBdIIMgiA4YAQEAEYnQEyCKqCgICAgIAIOg6AwAOAgISAgJSoiAKoB0i9_cE6WNOshv2v75MDgAoDkAsDmAsByAsBgAwBogwtSAFiEwoRY29tLmdyb3ZlcmFwcC5pb3NqDwoNY29tLmdyb3ZlcmFwcHgBiAEBqg0CREXIDQHiDRMI0e6G_a_vkwMVvgB3BB3TshQB6g0TCJHLh_2v75MDFb4AdwQd07IUAfANAogO____________AeASmJDg4fvV5PNk2BMNiBQC0BUB8BWbldfzE_oVBTI3NDQ1yhYCCgD4FgGAFwGyFxAYASoKNDE5NjAwMzM0M1AGuhcCOAGqGBcJAAAAAOAwAEESCjQxOTYwMDMzNDMYAbIYDwoE98uyTBICxWgYLiIBANAYAegYAcIZAggB&ae=1&gclid=EAIaIQobChMI4p62_a_vkwMVvgB3BB3TshQBEAEYASAFEgIFIPD_BwE&num=1&cid=CAQSbwAFq6B9JtwoXubPGe9jlP_YbtqJV2K3DIW6OLmU5CSQqZfFqQrzfifxc3Vli9I_mQ16Li9_w1HlawE6L1jIIj6xxspfRMWQje50tdK2e6qQmmgylhvlMFi6Xk-_DbP7steQyWZe4JjReUtYR0fRthgB&sig=AOD64_0y2aczSZulTIrCnGEpRsBinf5mkg&ctype=5&client=ca-pub-9636953777155876&nb=9&adurl=https://www.grover.com/de-de/products/sony-alpha-fx6-cinema-camera-fe-mount%3FselectedMinDuration%3D18%26utm_source%3Dgoogle_demand_gen%26utm_medium%3Ddisplay%26utm_campaign%3Dde_b2c_awareness_grover_awareness_campaign_24102024_demand_gen%26aw_campaign%3D21839407095%26aw_adgroup%3D169382472877%26aw_creative%3D778206795805%26aw_dev%3Dc%26aw_network%3D%26aw_target%3D%26gad_source%3D5%26gad_campaignid%3D21839407095%26gclid%3DEAIaIQobChMI4p62_a_vkwMVvgB3BB3TshQBEAEYASAFEgIFIPD_BwE,https://www.grover.com/de-de/products/sony-alpha-fx6-cinema-camera-fe-mount?selectedMinDuration=18&utm_source=google_demand_gen&utm_medium=display&utm_campaign=de_b2c_awareness_grover_awareness_campaign_24102024_demand_gen&aw_campaign=21839407095&aw_adgroup=169382472877&aw_creative=778206795805&aw_dev=c&aw_network=&aw_target=&gad_source=5&gad_campaignid=21839407095&gclid=EAIaIQobChMI4p62_a_vkwMVvgB3BB3TshQBEAEYASAFEgIFIPD_BwE,no,no,no,no,no
1218,https://www.googleadservices.com/pagead/aclk?sa=L&ai=C_-9TzNbeafrgIIeR3NMPuOu9uAWMlb2ShgGxv5-_zRXtm5W0jQ4QASDTsd9NYKW4moCcAaAB-5jmngLIAQKpAuvhUl8j46c-4AIAqAMByAMIqgSvAk_QU9_APg50UW5wgEngWQ0g0FsgJkYUAdAQetH5ZjDHoWiwIX5hnZUeW-LbRmu0_K7LzzQhiiDyg-foiYd4q8Jwlsq_rZe4jv6NSwVTC5pwCrLwTY92V010KL0or6Kv35rsP2wKYHDPwKdxz_LKJVdbTHNseByhbT8am2Jcs06DxRjIwz1kvy1qgNUJ-CT6doVBqxiopWmeptBEcfa7ASt6y48JszhbtmFsVWZy8inT4Bw6nRVWWrz94oPCDT6cONYAPYqDV-3XDAkQm4wzec3PFLx7qR8CgAXTfrkubmKye2uJQ0UTWgnhO5dCt_fQL8VuGIaqE6ehTefU7B8_e3sujAG28RMTht4W8KOBWd_oZjdtoqMU5R6ECB8Ozl8jK0P1A9R_loE_kInn-N2wC8AE8J-Op60F4AQBiAXGoM6uU6AGAoAH7eaZ4QGoB6fMsQKoB-LYsQKoB6a-G6gHzM6xAqgH89EbqAeW2BuoB6qbsQKoB47OG6gHk9gbqAfw4BuoB-6WsQKoB_6esQKoB6--sQKoB5rhsQKoB9XJG6gH2baxAqgHmgaoB_-esQKoB9-fsQKoB_jCsQKoB_vCsQLYBwHSCC4IgGEQARgdMgiKgoCAgICACDoNgECAwICAgICogAKoA0i9_cE6WIbqx4jI7pMDsQlao5toUnGV7IAKA4oK0QFodHRwczovL21vbml0b3IuY2xpY2tjZWFzZS5jb20vdHJhY2tlci90cmFja2VyLmFzcHg_aWQ9aGZjZm5ISEMxR0x0SncmYWRwb3M9JmxvY3BoaXNpY2FsPTEwMDA0MjImbG9jaW50ZXJlc3Q9JmFkZ3JwPTE4Mzk2MDMwOTc0NCZrdz0mbnc9ZCZ1cmw9e2xwdXJsfSZjcG49MjIzNzc4OTM5NTgmZGV2aWNlPWMmY2NwdHVybD12ZWdhLmNvbSZwbD13ZWF0aGVybmV3cy5qcJgLAcgLAeALAaIMA5ABAaoNAkFVyA0B4g0TCLGTyIjI7pMDFYcIdwQduHUPV-oNEwjJsMmIyO6TAxWHCHcEHbh1D1fwDQKIDv___________wHYEwPQFQGYFgHKFgIKAPgWAYAXAbIXEBgBKgo0NTQ3NDA3MjIwUAa6FwI4AaoYFwkAAAAAlEseQRIKNDU0NzQwNzIyMBgBshgJEgKYaRgCIgEA0BgBwhkCCAE&ae=1&gclid=EAIaIQobChMI-vbJiMjukwMVhwh3BB24dQ9XEAEYASAAEgLF7PD_BwE&num=1&cid=CAQS5AEABaugfYVMv1RpLWhsDciWdjwRZSPZM7V39qXohX9c4TxKcqqUDGj71qUvqshLnt_T94uPlJ0GkzQplHpSQEoecAk42PUoCR0Is1WooLYNPmHqkzGPQq0qzz8Uo1ccaNY2uGjs7waE3kHLZrHx9_vgyNBUpy8Ez7NpRm1apRwSSSu-MBZkv4wvyv6cBucG5mlgv2HPUt8BxXpWnHZdVo3oHIIy3OeG_ambxedCrNKZageED3-S9vOJk18GLB5Rxr7-ckZY28SpqDMegb49lb_ry7sJVzAinx_xWsKtquMzqYDMUjMYAQ&sig=AOD64_28yUYyaB0Mwy7ALVNnnXqzRaniGw&client=ca-pub-7732679874752919&rf=5&nx=CLICK_X&ny=CLICK_Y&uap=UACH(platform)&uapv=UACH(platformVersion)&uaa=UACH(architecture)&uam=UACH(model)&uafv=UACH(uaFullVersion)&uab=UACH(bitness)&uaw=UACH(wow64)&uafvl=UACH(fullVersionList)&nb=2&adurl=https://www.vega.com/en-au/products/product-catalog/level/radar%3Futm_source%3Dgoogle%26utm_medium%3Dcpc%26utm_campaign%3DProcess-automation_AU%26utm_content%3DAU_2026_0102_Portfolio_Basic-Series-Radar_All-Audiences%26utm_term%3D%26gad_source%3D5%26gad_campaignid%3D22377893958%26gclid%3DEAIaIQobChMI-vbJiMjukwMVhwh3BB24dQ9XEAEYASAAEgLF7PD_BwE,https://www.vega.com/en-au/products/product-catalog/level/radar?utm_source=google&utm_medium=cpc&utm_campaign=Process-automation_AU&utm_content=AU_2026_0102_Portfolio_Basic-Series-Radar_All-Audiences&utm_term=&gad_source=5&gad_campaignid=22377893958&gclid=EAIaIQobChMI-vbJiMjukwMVhwh3BB24dQ9XEAEYASAAEgLF7PD_BwE&gclid=EAIaIQobChMI-vbJiMjukwMVhwh3BB24dQ9XEAEYASAAEgLF7PD_BwE,,,,,
921,https://www.googleadservices.com/pagead/aclk?sa=L&ai=CLdDRfkLgac-qO9nV7OsPgLPA8Q2KxozshAHnnr_pshXHo_3akg4QASDcrK8gYMfV_42EJqAB2e22wQHIAQmpAqUiZnsiZnA-qAMByAPLBKoE4gJP0JjCfYig7PP0MdnqryrdQwhCbH3pfA85_jI__oNYnTSJU3HE9_F-avzAvjjfzBDAE3bSbU9DiJft1OEuPWhZjyfhk15CW2D92legwUM74dAUaXGZJNHpuxDsO0014sAvNAxnYD9ZaWY2ejKSoksjrx1G8OAM13PjHMgRipgFtEsFNpIGLqWOb7SO8F5gy64bM5fsN8rYKMOPQm8LudoiQYPnLibtXd30q2pJXKNHnwOMn_zFOIYJ3vgx78uctRsH5seRLM0zslvxoPr72h93hQ0blbIT5LlFNuHjlT8YcOhx4o7HWO-YJOBtHCwaDIkTfBZ_bfyWYtnXvbALGxEh850aIzlZgdKOZLy6OXrmnAH9I6-a0I3tHRF6ELAWgjVfVhg4z2SkDOnwMtB29Ra210nQbkWginGm2_HMycMY2l-72tuphcqWaf1qX1BUd9MRIB_vqYWAF61aBoL9CCWPZ_DABMuM073JBYgFi7nGuVegBi6AB4-Syb4CqAenzLECqAfi2LECqAemvhuoB8zOsQKoB_PRG6gHltgbqAeqm7ECqAeOzhuoB5PYG6gH8OAbqAfulrECqAf-nrECqAevvrECqAea4bECqAfVyRuoB9m2sQKoB5oGqAf_nrECqAffn7ECqAf4wrECqAf7wrEC2AcA0ggvCIBhEAEYnwMyCIqCgICAgIAIOg2AQIDAgICAgKiAAqgDSL39wTpY_8iW9aLxkwOxCfD4dUCE_SOtgAoBmAsByAsBgAwBogwDkAEBqg0CWkHIDQHqDRMI8eeX9aLxkwMV2Sp7Bx2AGTDe8A0CiA4JuBPkA9gTDdAVAZgWAcoWAgoA-BYBgBcBshcQGAEqCjkxOTA4MTg5MTFQBroXAjgBqhgXCQAAAABI9RxBEgo5MTkwODE4OTExGAGyGAUYLiIBANAYAcIZAggB&ae=1&gclid=EAIaIQobChMIz-GX9aLxkwMV2Sp7Bx2AGTDeEAEYASAAEgKYufD_BwE&num=1&cid=CAQS0QEABaugfSOj1r2HIdA_U0KE3g7JYWFlVlxAns_7cdm-zoxeQJVF9JnIzHBxFBdH1suJ3LVeay8F-WW0ZX3tapXKnWIBz9gN0ZKHO7T8eG2XWIfoBKPNjKRkpysztqBygvBV8TStdIQ7_jGythCVQR9y9_VhQjxhlDcD6KO4iQl1mlsIp_X-ea_HssYlJiOsgMHO6_0BkxJmPlGYlW8CU4kwfOFswMwEkF8HYDs2iCZ6Z7Oel_itnXfcS7Dn8FaK8Fc0yI6kQIWMc2_xrvLT3IsASBgB&sig=AOD64_2kEcTKyVAiY6D-9vx7B1y6fTf23g&client=ca-pub-1919012362442653&rf=1&nb=9&adurl=https://omnicor.co/schools-teacher-surveys/%3Futm_term%3D%26utm_campaign%3DSchools%2BSurveys%26utm_source%3Dadwords%26utm_medium%3Dppc%26hsa_acc%3D5174692994%26hsa_cam%3D23474576523%26hsa_grp%3D191523767883%26hsa_ad%3D801111813118%26hsa_src%3Dd%26hsa_tgt%3Dkwd-0%26hsa_kw%3D%26hsa_mt%3D%26hsa_net%3Dadwords%26hsa_ver%3D3%26gad_source%3D5%26gad_campaignid%3D23474576523%26gclid%3DEAIaIQobChMIz-GX9aLxkwMV2Sp7Bx2AGTDeEAEYASAAEgKYufD_BwE,https://omnicor.co/schools-teacher-surveys/?utm_term=&utm_campaign=Schools+Surveys&utm_source=adwords&utm_medium=ppc&hsa_acc=5174692994&hsa_cam=23474576523&hsa_grp=191523767883&hsa_ad=801111813118&hsa_src=d&hsa_tgt=kwd-0&hsa_kw=&hsa_mt=&hsa_net=adwords&hsa_ver=3&gad_source=5&gad_campaignid=23474576523&gclid=EAIaIQobChMIz-GX9aLxkwMV2Sp7Bx2AGTDeEAEYASAAEgKYufD_BwE,yes,,,,
900,https://www.googleadservices.com/pagead/aclk?sa=L&ai=C_e08YTjeadOPK8a0geAP2brtyA-dgayjhgHLyP-M0xXZ2R4QASC8luEQYImLxIT0E6ABrte70ULIAQOpAomWmLqy92A-4AIAqAMByAMIqgTOAk_QlDoZnfbpxpfUJtzsD368kCiwTVddCBanpK4aSAWRofg2K5ZCP5XbYdYAu9-7k5WDRN4feMsGo-Itcbf7FB8U9sOLDiXS1kOVvkX8ZTWNITlr0wYDCT7SfFW-dtY8V0BSRRR6OTpuPRi0Bd5Ez4ZQtcXaJ1ZcJ7QHCAJV47OLKkZuQsuWQZpOL061yiSFNFzOx8MLAxTj0HwGnz7WjFYa729MI1qxDt_7cmpEHewWiX_jmi7Vqe3OuwQLilPPAS6mzk4J9bBgNptSIg9Ci_fYq9jkncatj0NOPldWSiLr9g0UOeFHqgy9pv4deLXEFCczAxgDdyZGISot8v9fiFqL5DnMzZ9JpJrOnhYagkS6Z6h8tgieL9pcuR_e0kVqmp5Fb51zbYXdTgabe-fvlEqFI2TdGiGhjSunZYnT6aCudTBwaQhdks_JHu2-YhrABLT5gMfpBeAEAYgF7sXvrFigBgOAB66PjLEdqAenzLECqAemvhuoB8zOsQKoB_PRG6gHltgbqAeqm7ECqAeOzhuoB5PYG6gH8OAbqAfulrECqAf-nrECqAevvrECqAea4bECqAfVyRuoB9m2sQKoB5oGqAf_nrECqAffn7ECqAf4wrECqAf7wrEC2AcB0ggyCIDhgBAQARidATIIqoKAgICAgAg6DoDAA4CAhICAlK7gA6gHSL39wTpYyqPB_rDtkwOxCV54p_WsaBg_gAoDmAsByAsBqg0CSlDIDQHiDRMI3dLB_rDtkwMVRloABh1ZXRv56g0TCPSRw_6w7ZMDFUZaAAYdWV0b-fANAogO____________AdgTA9AVAcoWAgoA-BYBgBcBshcQGAEqCjY3MzE4NDAyNTBQBroXAjgBqhgXCQAAAABAR_RAEgo2NzMxODQwMjUwGAGyGAkSArlPGAMiAQDQGAHCGQIIAQ&ae=1&gclid=EAIaIQobChMIk8TD_rDtkwMVRloABh1ZXRv5EAEYASAAEgLIwfD_BwE&num=1&cid=CAQScQAFq6B9NVI0hU6_EyN0WypJ-D6ivtbgkkZ8CijfvcvfNGYN6O8ChsO6SdwFUnF5rFmufgjMBUzCHUmei478KEnip96_D15bABiWIu6l-xFW6tMl8C4NTQ0pJXiKHp_bVHDCNQ2FV4fcDSA-4tORaMcrGAE&sig=AOD64_3aTWXtwsiR_c2GEvBrguypOEvlQA&client=ca-pub-2012933198307164&rf=5&nx=CLICK_X&ny=CLICK_Y&uap=UACH(platform)&uapv=UACH(platformVersion)&uaa=UACH(architecture)&uam=UACH(model)&uafv=UACH(uaFullVersion)&uab=UACH(bitness)&uaw=UACH(wow64)&uafvl=UACH(fullVersionList)&nb=2&adurl=https://online.order.erptaiwan.com/TonKatsu/%3Fgad_source%3D5%26gad_campaignid%3D23716422382%26gclid%3DEAIaIQobChMIk8TD_rDtkwMVRloABh1ZXRv5EAEYASAAEgLIwfD_BwE,https://online.order.erptaiwan.com/TonKatsu/?gad_source=5&gad_campaignid=23716422382&gclid=EAIaIQobChMIk8TD_rDtkwMVRloABh1ZXRv5EAEYASAAEgLIwfD_BwE,,,,,
1094,https://www.googleadservices.com/pagead/aclk?sa=L&ai=CE0sThnffad71M76gjeYPit3rgAi51J-hhgGS65mf8xXTr_Pl9QoQASDX2J0iYM3A0I-sA6AB9rKFzgPIAQmpAuoe9Mmm54o-4AIAqAMByAMKqgSSA0_QeHMpQaA4ayE0rwMyO9dE9xqDLpIj9nWqRRKpoNTAS0z4hFwJa9yAZYY41ylJ_duAd258SOMeGQe7hDCsIyVlLiu2AvbU2mn1TfVJN4ZwW_m79BSGW_TrKrGP-zqbk9uLlfP2LDXvppZzlUOc6vyKxoEj25NV9zIn0_NtDDbvWvJxghz50lMrzaZ76e-AHdxbwAe1Apmbew9UmodBvvdMNCUE1fpVA4UmDhRtYwQU1kLZ67lwV-T9NYtuh7o0P07m68HDmkzexisMiQIF9DHxAHMn6RdGQ1Hpqs8cMmvwuH0M3945PrURaVCr9oTBiVy53i9G9Kyx29pqQSKdNdQprFOp8XOzEq4KWmC8lop-YFCx3emf54XoDf3ionqKM1OgPTjvF9MHl3TkCYV3WMZ0A264M6NkAAL43rcj63pvEW9397BWO5RUmQegMFcbbL7wl3R4Th7FakHmK9NRqOL2v2miyhkqwVTWpHlSftAGoGUVnYluNpvOJC6ga1Bsw3k4AG-pTgXR6_EjDgWyPQqrwMAEkqj7xdMF4AQBiAWh0Z34VqAGLoAH9feZrAGoB6fMsQKoB6a-G6gHzM6xAqgH89EbqAeW2BuoB6qbsQKoB47OG6gHk9gbqAfw4BuoB-6WsQKoB_6esQKoB6--sQKoB5rhsQKoB9XJG6gH2baxAqgHmgaoB_-esQKoB9-fsQKoB_jCsQKoB_vCsQLYBwDSCC8IgGEQARidATIIioKAgICAgAg6DYBAgMCAgICAqIACqANIvf3BOlit69Os4e-TA7EJSoLbWw3X1i2ACgOYCwHICwGADAGqDQJCUsgNAeINEwjYktSs4e-TAxU-UMMGHYruGoDqDRMI1aLVrOHvkwMVPlDDBh2K7hqA8A0CiA7___________8BsA7567b3GLgT5APYEwzQFQHKFgIKAPgWAYAXAbIXEBgBKgoxMjY5MDEwMzQ4UAaqGBcJAAAAAChEE0ESCjEyNjkwMTAzNDgYAbIYCRICwVwYLiIBAOgYAcIZAggB&ae=1&gclid=EAIaIQobChMI3tDVrOHvkwMVPlDDBh2K7hqAEAEYASAAEgIK0vD_BwE&num=1&cid=CAQS4gEABaugfZYVYb9Dd24kksqucbydjAFIn9RBUKNviVpu0u48W7peoBQ3nezOkQk5126JqnSGEMFXsmRCq9VQWHAfQM4gWb31i49rKI4bhASYe8XeudxC3Pkb9THUCbNjOycXYjI9EBJ6bE7UsV-x0MX8joB5lntM0ZSSuduFP-dZOLbGzCa5PcQ6Tcg_8BHLiJc4ThWEIlPjigz7F3nFjRUpj6xAKCpv2KUbMKv6LDNERqqsFMT5mYO2GG81bh_YjZe561xfdSid9bLco7CHZAw59458a6hyIBA17tMD3f78d37XGAE&sig=AOD64_3yHcsQnRe9JvAMl2YqKmjhd5o4Cg&client=ca-pub-8475685469544477&rf=4&nb=9&adurl=https://www.bv.com.br/credito/credito-com-veiculo-garantia/simulacaov2/pre-analise/informar-cpf/parceiroComercial/475767%3Fidcmp%3DT01%7CC31%7CV03%7CF14%7CP214%7CP%7Cvizinhos-ltv-42026%7Cpmax-canalnegocio%7Cegv_midia_google_pmax_performance_performance_pmax-canalnegocio_122025_25-GO-P1-G8-c0222%26gc_fallback%3DEAIaIQobChMI3tDVrOHvkwMVPlDDBh2K7hqAEAEYASAAEgIK0vD_BwE%26bmid%3D25-GO-P1-G8-c0017%26gad_campaignid%3D23337592993%26gclid%3DEAIaIQobChMI3tDVrOHvkwMVPlDDBh2K7hqAEAEYASAAEgIK0vD_BwE,https://www.bv.com.br/credito/credito-com-veiculo-garantia/simulacaov2/pre-analise/informar-cpf/parceiroComercial/475767?idcmp=T01%7CC31%7CV03%7CF14%7CP214%7CP%7Cvizinhos-ltv-42026%7Cpmax-canalnegocio%7Cegv_midia_google_pmax_performance_performance_pmax-canalnegocio_122025_25-GO-P1-G8-c0222&gc_fallback=EAIaIQobChMI3tDVrOHvkwMVPlDDBh2K7hqAEAEYASAAEgIK0vD_BwE&bmid=25-GO-P1-G8-c0017&gad_campaignid=23337592993&gclid=EAIaIQobChMI3tDVrOHvkwMVPlDDBh2K7hqAEAEYASAAEgIK0vD_BwE,yes,yes,yes,yes,yes
975,https://www.googleadservices.com/pagead/aclk?sa=L&ai=Cr-KwNiLfaf3mKuCPjeYP1PHF2ArQ1oazhgGH5OGtwBOhpvjz0B0QASD5mYwyYJXikIKgB6ABsqSagynIAQmpAq7skubRyLM-4AIAqAMByAPLBKoEswNP0ABvGwsl8gzno8AsZbN2oS6_RSGc5arxyc7kmeeI5j8D6WJErAkGWgACWZWSxe7hNMPjY9zmWm6zDpW6Be_a0q2eyk85wEPqQXlR0tVyGXinJgjferXNzn1o-Xl7-di5048_x1O1LOa8-mrvBgc8p6I0FpkFijky_zKt4bRZ9GCWk8xsmR8sOsmA1qvbuEzm-X4aEZ-zOhO3wgsoThtzncuLgjzhUtBua80uGADhtNvCAu1ofW98xoaE-2cBUq2WUS_0gBaUTXmbZLJFoYxNH_eND5S0NwgHjUYjwmpaQBBT0ViT8w8yDJ5HfwBrM-pONC9QNwLuTi900w1Dzx9hvcM7RP8fbvyCGJdm-_JKxaJwRwhlFIHv29T1T2gu0GsAA4Uxg0HjBlOxE3l6IIYFha_iL_2aCQV4CW_k44qDhUzdk9AxpViTSalkrGcapZzLNzQTCwuiZ1h6jR61v1uEPieSgo59FwusQ9WEHY_DRUM_CFW7qD_VP-6DS9o_8V7Q4jAH2DCkotM5hiJOH464X9fUqReuH_zm1-vVD8EDlPFipk1lvTB55JTTTZ-7vgd2JQ3ABLm50eD-BOAEAYgF6vaBuFLABQX6BQYIJRABGACgBi6AB7Lc6uIDqAenzLECqAfi2LECqAemvhuoB8zOsQKoB_PRG6gHltgbqAeqm7ECqAeOzhuoB5PYG6gH8OAbqAfulrECqAf-nrECqAevvrECqAea4bECqAfZtrECqAeaBqgH_56xAqgH35-xAqgH-MKxAqgH4tixAqgH4tixAqgH4tixAtgHAMAIAdIIMgiA4YAQEAEYnQEyCKqCgICAgIAIOg6AwAOAgISAgJSoiAKoB0i9_cE6WO6mu_6P75MDgAoDkAsDmAsByAsBgAwBogwFSAGQAQGqDQJERcgNAeINEwj_3rv-j--TAxXgR8MGHdR4EavqDRMI9ai8_o_vkwMV4EfDBh3UeBGr8A0CiA7___________8BsA7vq_SSGOASpviZrc3z_o2KAdgTC9AVAekVFleL6m7j6drwFf2QobsC-hUnc2hvcGlmeV9ERV84NjM2MDg1ODI5OTU4XzQ4NjYxMjY4MTAzNDk0mBYByhYCCgD4FgGAFwGyFxAYASoKMzI5NTk3MDA4M1AGuhcCOAGqGBcJAAAAAECR-0ASCjMyOTU5NzAwODMYAbIYCRICzl4YLiIBANAYAcIZAggB&ae=1&gclid=EAIaIQobChMI_dm8_o_vkwMV4EfDBh3UeBGrEAEYASABEgJ6Z_D_BwE&num=1&cid=CAQScQAFq6B996G_l5FoITfkc7B3FToXjQDXMG4CRVO43xQLxQS-DLP0AR3qTqLSUblXCogR5Xlo5kocfr1KulwKbH8eC-APUQH35v0DHXgeLhEaGp1MyahrXRoJqgmb90YbWoB7w-TTO5_sNjtaDFSa4JEjGAE&sig=AOD64_2iS4mSlGYPMdN8FYC8Q1cwbbT5rQ&ctype=5&client=ca-pub-7264737598998814&nb=9&adurl=https://www.solakon.de/products/onpower%3Fvariant%3D48661268103494%26adb_ad_id%3D%26adb_ad_source%3Dgoogle%26adb_click_id%3DEAIaIQobChMI_dm8_o_vkwMV4EfDBh3UeBGrEAEYASABEgJ6Z_D_BwE%26adb_campaign_id%3D20758140957%26adb_adgroup_id%3D%26adb_target_id%3D%26adb_placement%3D%26adb_target%3D%26https://www.solakon.de/products/onpower%253Fvariant%253D48661268103494%3Ftrc_gcmp_id%3D20758140957%26trc_gag_id%3D%26trc_gad_id%3D%26gad_source%3D5%26gad_campaignid%3D22129179498%26gclid%3DEAIaIQobChMI_dm8_o_vkwMV4EfDBh3UeBGrEAEYASABEgJ6Z_D_BwE,https://www.solakon.de/products/onpower?variant=48661268103494&adb_ad_id=&adb_ad_source=google&adb_click_id=EAIaIQobChMI_dm8_o_vkwMV4EfDBh3UeBGrEAEYASABEgJ6Z_D_BwE&adb_campaign_id=20758140957&adb_adgroup_id=&adb_target_id=&adb_placement=&adb_target=&https://www.solakon.de/products/onpower%3Fvariant%3D48661268103494?trc_gcmp_id=20758140957&trc_gag_id=&trc_gad_id=&gad_source=5&gad_campaignid=22129179498&gclid=EAIaIQobChMI_dm8_o_vkwMV4EfDBh3UeBGrEAEYASABEgJ6Z_D_BwE,,,,,
1213,https://www.googleadservices.com/pagead/aclk?sa=L&ai=C_NCmR0zgabPyKc27geAPm_C-QbP_z5F999nxmLITtb_rlKIOEAEgwoi5ImDH1f-NhCagAf-t0Z8DyAEC4AIAqAMByAMIqgTUAk_Q1C1ylrPowEQAzZqeiU8TxirnOd2Wn4RumKPHUyllQ4QbxpnVzoGl27e5qJGdFbAF47sINcghGKR-9MnTYQcuW0Zvc4OrnvOX9XoigeUWBkQyYDSsfWMV3pfJAuPEbXGukqNDFp8_ckS29b1shwdCwCDng7O3eWghZHl7YXfnV0OQlhATHKfi3Y-qU4j3AO51hS-4Zy8mfESdDoW1IufFF0XUsXqaLVCPceaCiEA5lyiS8DWXYY9FlRYKAJyiWJ57S3071FWvlSbV-c4oc3S_gsO4FGTPAA3BzOUVlsR7j5u3f9Yj2snKUz77w0eimwHlUFV-8f1wMFSHhLZzXLBoCqc7M44Xphn0ydIpLt0N0sNq8b27azosASc3Ogi1kkMvHNvzSK7SSEDvgUlAGNOK20oNnUE2pKjdV08BMw9TDigs2K37AmysOSX3XCAzSlqt40fABPuMi9GIBeAEAYgFtJzx2VKgBgKAB-nRrmCoB6fMsQKoB6a-G6gHzM6xAqgH89EbqAeW2BuoB6qbsQKoB47OG6gHk9gbqAfw4BuoB-6WsQKoB_6esQKoB6--sQKoB5rhsQKoB9XJG6gH2baxAqgHmgaoB_-esQKoB9-fsQKoB_jCsQKoB_vCsQLYBwHSCC4IgGEQARgdMgiKgoCAgICACDoNgECAwICAgICogAKoA0i9_cE6WKvnwJ-s8ZMD8ggbYWR4LXN1YnN5bi0zNDQ4MzQxODUyOTI5MjUzsQnQ2b4fgYmO-4AKA5gLAcgLAaoNAlpByA0B4g0TCPmXwZ-s8ZMDFc1dAAYdG7gvCOoNEwjbyMKfrPGTAxXNXQAGHRu4LwjwDQKIDv___________wHYEw3QFQHKFgIKAPgWAYAXAbIXEBgBKgo0ODEyMTEzMTUxUAa6FwI4AaoYFwkAAAAArFUXQRIKNDgxMjExMzE1MRgBshgJEgKTThgCIgEA0BgBwhkCCAE&ae=1&gclid=EAIaIQobChMI87HDn6zxkwMVzV0ABh0buC8IEAEYASAAEgKSWvD_BwE&num=1&cid=CAQS0QEABaugfXoCdJi_JT29_1YRAy3PC_T2fvxdzocwxOc6f_iRCFA2Bqm1KSKYs2tEHx2TX6-rQnSErNiAyX0P_wxb8wsF7zlLl0yDKNXhB9xSdjkJ58AqoFIbDt9K51U16rd4WrDe1o99BKblT-mzU0smfWHr6hs12n-ggyb2XHxJymgbW_-jVFQoNuNozeNtsbPLHLcZ4MvZ_RUNsYCglVuXvcMp9j1l_5jpbBYJk6XYnIU-7kI3MesM6XoKzxXFIRg6dxcGlL9mQzQJiBQkO3R4chgB&sig=AOD64_2NnjrLqQXXnHOIM7Sn69HUw5mYGQ&client=ca-pub-5610521491184789&rf=5&nx=CLICK_X&ny=CLICK_Y&uap=UACH(platform)&uapv=UACH(platformVersion)&uaa=UACH(architecture)&uam=UACH(model)&uafv=UACH(uaFullVersion)&uab=UACH(bitness)&uaw=UACH(wow64)&uafvl=UACH(fullVersionList)&nb=2&adurl=https://www.yourlakeslife.com/%3Futm_source%3Dgoogle%26utm_medium%3Dcpc%26utm_campaign%3D%26utm_agid%3D174116226683%26utm_term%3D%26gad_source%3D5%26gad_campaignid%3D22200208948%26gclid%3DEAIaIQobChMI87HDn6zxkwMVzV0ABh0buC8IEAEYASAAEgKSWvD_BwE,https://www.yourlakeslife.com/?utm_source=google&utm_medium=cpc&utm_campaign=&utm_agid=174116226683&utm_term=&gad_source=5&gad_campaignid=22200208948&gclid=EAIaIQobChMI87HDn6zxkwMVzV0ABh0buC8IEAEYASAAEgKSWvD_BwE,,,,,
899,https://www.googleadservices.com/pagead/aclk?sa=L&ai=Cus285N_eacWpDJSZjeYPgKGK8Qm9obaxhgGPmfa2mhaB_LLrAhABIIuIgyhgpbiagJwBoAHPqLaRQMgBCeACAKgDAcgDCqoEpwJP0If9Y0RT37RCiNWtD5GtmgoItBLWkP-PSJpJCDRbfe94inybRRhRPC7kxUSWcU0d0V1ODVwkyZ93kshZLmQnbyeqm96tVsI1EyEOtIYVDfTMSv6kpqlSQxrCD9osNUaqbFTGKbW8YbtQPT0ZsMdEiZ8UaB3PjN3bnaDC0uk_fiQbbHBaBPeq81pzEh3U3DNevJ-MxbBofbpiKIK_-aNqTbMOLxB3vKgpm2fUYSSsRNFYezlqj3oh4-lBAOv1I2vc6VzWIpq5ab6zN3D5ExF4eyvEZfSU7A1Mc5JnoOVAKtY2OI_VxJXj9knWM3OWRTS1E6XnuHkXMWvlZ82t6tvYN6-DViwqljmEe779WTkefq24HKfMVgLtwmxKZYTgymoaDOGCkvk1wASwu4OE7AXgBAGIBdPGobdYoAYugAfP4IbxGqgHp8yxAqgHpr4bqAfMzrECqAfz0RuoB5bYG6gHqpuxAqgHjs4bqAeT2BuoB_DgG6gH7paxAqgH_p6xAqgHr76xAqgHmuGxAqgH1ckbqAfZtrECqAeaBqgH_56xAqgH35-xAqgH-MKxAqgH-8KxAtgHANIILwiAYRABGJ0BMgiKgoCAgICACDoNgECAwICAgICogAKoA0i9_cE6WOW9u97Q7pMDsQkZtLid8SeCFIAKA5gLAcgLAYAMAaoNAkFVyA0B4g0TCNamvN7Q7pMDFZRMwwYdgJAinuoNEwiS973e0O6TAxWUTMMGHYCQIp7wDQKIDv___________wHYEwrQFQHKFgIKAPgWAYAXAbIXEBgBKgo3NTcyMDgxNjYxUAa6FwI4AaoYFwkAAAAAiLgHQRIKNzU3MjA4MTY2MRgBshgJEgKRVBguIgEA0BgBwhkCCAE&ae=1&gclid=EAIaIQobChMIxau_3tDukwMVlEzDBh2AkCKeEAEYASAAEgI9ivD_BwE&num=1&cid=CAQS0gEABaugfY06yJGILadYpG5rX-h6xFVDk8roni6PtYVurr6nR62DNB20ywAPTxhFa6bs82DVjmOJv__4EX5TZVd0jM8jpPYo1dw9Krr4J_pmwvcR2bRyxf2BzOo-PfSpGkreKaF4Ec_mWBkdPx1bYP2ckrG35_cSp9FnRE5MesejOvOITjf6uEcJ3B1OdsgX-HEAf6O15DFFPPWn7NaP0geovF61LhZBsIwOvi-bn5SbAdUQqepkjpBoidPTSEwKm8hVtoMGu6hHCM1a4NAfksztDsQYAQ&sig=AOD64_3Bx0M0OyAWAW3i0fDieaks7VlftQ&client=ca-pub-9172700587175332&rf=4&nb=9&adurl=https://www.comohotels.com/france/como-le-beauvallon%3Futm_source%3Dgoogle%26utm_medium%3Ddisplay%26utm_campaign%3Dclb_premium%26gad_source%3D5%26gad_campaignid%3D23738213203%26gclid%3DEAIaIQobChMIxau_3tDukwMVlEzDBh2AkCKeEAEYASAAEgI9ivD_BwE,https://www.comohotels.com/france/como-le-beauvallon?utm_source=google&utm_medium=display&utm_campaign=clb_premium&gad_source=5&gad_campaignid=23738213203&gclid=EAIaIQobChMIxau_3tDukwMVlEzDBh2AkCKeEAEYASAAEgI9ivD_BwE,yes,yes,yes,yes,yes
1241,https://www.googleadservices.com/pagead/aclk?sa=L&ai=CP1oHA1XeacmiFYuI3NMPjv-S0ALsmcaihgHy9rKh8BWhpvjz0B0QASCVos4cYImLxIT0E6ABm6qV4UHIAQngAgCoAwHIA8sEqgTSAk_QG8glIH5mnUWadYdZJeOCeOppP01OOPn-UY_WV2tLtrS2lMluPHbR2Btez61OAsduL4ucRfrcqj1dcvjDwMe8rgMriK6nqMbtugm2q-yaISDe5GKhwmYoz8pPySSctaNkPjAJCE7_4J034_PpQw9Su7OTbGnPay8IHmeF5-HjH67VLZ5u7xhQZYSaw4-J91GqlfHlMyD0ngYIE4UnrCIpC7uEKX2-uwFHdEPe4IoKUA7zD8wV4Vow-1-h-IBSlx6AiuLyjYHDI7wTkwy-PtJ8Bv1zcx6KBXbrQB28KFAYEwNE6isxFZj7uMDAbGrBe23bsjNu2ySlqVYuSuza0tZzy4NFbz1-XnbrGRzU2U9mDdJX2QK3wCUVVcHR4X9YIuLrRWSKNuE3HptZrxDdNGrRcTLIeOHb9h-QSjn71_hh0xTkyZw_T3VdU1wbvKDPK0ZYwATG3fKNzAXgBAGIBYHtq6lYwAUF-gUGCCUQARgAoAYugAeb4uXAHKgHp8yxAqgH4tixAqgHpr4bqAfMzrECqAfz0RuoB5bYG6gHqpuxAqgHjs4bqAeT2BuoB_DgG6gH7paxAqgH_p6xAqgHr76xAqgHmuGxAqgH2baxAqgHmgaoB_-esQKoB9-fsQKoB_jCsQKoB-LYsQKoB-LYsQKoB-LYsQLYBwDACAHSCDIIgOGAEBABGJ0BMgiqgoCAgICACDoOgMADgICEgICUjuADqAdIvf3BOljM4cWlzO2TA4AKA5ALA5gLAcgLAYAMAaIMBUgBkAEBqg0CSlDIDQHiDRMIy63GpcztkwMVCwR3BB2OvwQq6g0TCOanyKXM7ZMDFQsEdwQdjr8EKvANAogO____________AbAOz4LU-BjgEqr3n8egmIePfNgTDNAVAfAV1aSFhxX6FShzaG9waWZ5X1paXzEwMTA0ODM3NjAzNjE5XzU0NjY1MTQ2MDQwNjExmBYByhYCCgD4FgGAFwGyFxAYASoKMzczOTA2NjYwOFAGuhcCOAGqGBcJAAAAAICo-EASCjM3MzkwNjY2MDgYAbIYCRICoE8YLiIBANAYAcIZAggB&ae=1&gclid=EAIaIQobChMIibDJpcztkwMVCwR3BB2OvwQqEAEYASABEgKerfD_BwE&num=1&cid=CAQScQAFq6B9fxo4EO02yV3Zk3HF3-rBHFXY-FXsDlNh1k8EO0YgRDJDuEagWQz3sC4Dsb-Y434i3IZk16biiUwxi-S2JXktp1nvHaFemuG1h5p1DY_HMeyKNGLjHeJV7sEFLdbVkYrCt57E--iyopm_c3mBGAE&sig=AOD64_2kRawf4kwD9V9ocr2S7Q1hYLWHYQ&ctype=5&client=ca-pub-0414436487628782&nb=9&adurl=https://3ozs.com/products/visible-toiletry-bag%3Fvariant%3D54665146040611%26country%3DJP%26currency%3DJPY%26utm_medium%3Dproduct_sync%26utm_source%3Dgoogle%26utm_content%3Dsag_organic%26utm_campaign%3Dsag_organic%26gad_source%3D5%26gad_campaignid%3D23709021825%26gclid%3DEAIaIQobChMIibDJpcztkwMVCwR3BB2OvwQqEAEYASABEgKerfD_BwE,https://3ozs.com/products/visible-toiletry-bag?variant=54665146040611&country=JP&currency=JPY&utm_medium=product_sync&utm_source=google&utm_content=sag_organic&utm_campaign=sag_organic&gad_source=5&gad_campaignid=23709021825&gclid=EAIaIQobChMIibDJpcztkwMVCwR3BB2OvwQqEAEYASABEgKerfD_BwE,,,,,
1148,https://www.googleadservices.com/pagead/aclk?sa=L&ai=CK2pwpV3gafaVDOOUjeYPkZSf0QHPipG7ggH_1P2m_RTr6LS6-0cQASDHxaUmYMfV_42EJqAByPyUxwHIAQKpAnVB4KpNzbM-4AIAqAMByAMIqgTRAk_QZ_COYhK8Gziq2H7F__bgtdVIO5D4fMmFXV-X34K8C_CIUzbmO_ll0Kqh8wM0b6bZHrbknytO0wtpvvpeRW3xGLu4J_F7M-9FYaKv6GLt0qnhQH7-tN6uQsRj1ACnkkoNcb9vtdCy6pIWUPM9xBIvYCTfR1ymTjeaBmhbv7_2DUR1mA2LtBGjL0nuWhzMzfbvG44zeVfMS41bZsCjb4rEJBOcBh2IQvty6wtpfrzAtH33TFoSXeWXBDQ3ECRz1n38P_8BWc2lErpRKTQwRlM0qIo7lQv78yA_y0YTW-Zq0CVyjpPDS-X6PIkfeMGuKInMjCVrzkzIUvu0dTpwlrh_3HPpEUTGCf0b_hFLXmbH38P9m6rZwWbhughxUabfsNQ58aAfVzE3EX0pR9KLaVlBGA62b5_k1BQDBaK81GEWq0TjC7xTcWH_3__FN-D0QQLABP6C---3BeAEAYgFt6LjiVagBgKAB6CD67gCqAenzLECqAemvhuoB8zOsQKoB_PRG6gHltgbqAeqm7ECqAeOzhuoB5PYG6gH8OAbqAfulrECqAf-nrECqAevvrECqAea4bECqAfVyRuoB9m2sQKoB5oGqAf_nrECqAffn7ECqAf4wrECqAf7wrEC2AcB0ggvCIBhEAEYnQEyCIqCgICAgIAIOg2AQIDAgICAgKiAAqgDSL39wTpYsYWm57zxkwOxCV0HHA6srkDbgAoDmAsByAsBqg0CWkHIDQHiDRMI67ym57zxkwMVY0rDBh0Ryica6g0TCJfYp-e88ZMDFWNKwwYdEconGvANAogO____________AdgTDdAVAcoWAgoA-BYBgBcBshcQGAEqCjgzNzYzOTcwNjRQBroXAjgBqhgXCQAAAABQDAhBEgo4Mzc2Mzk3MDY0GAGyGAkSArNpGAIiAQDQGAHCGQIIAQ&ae=1&gclid=EAIaIQobChMItvyn57zxkwMVY0rDBh0RyicaEAEYASAAEgJqrfD_BwE&num=1&cid=CAQS4gEABaugfZYIU9qHcutng3TH8Sm1ONV7j9DaoJlRx6OhyxFXynolv51xvtSnkn_M-aTbfglsbTI5P9VcHs-wc319Xeihh9hnr6pauXoZ3o25GzTmM0eDElkcHDZ5a2M3Tqg-RAwUQrRViJQivahp4GdOIHXou1CLy_R4F3gkVDtfNpZd7UUMw68jC08PSwOKmuxQRmq1eWAXKgNl3K00_FfMQ2VsHeP6kmQX6r5xLVt1Yc2mVubE8sZgSBbfBplFeDL0prsOsSGD81YF68oiBOM7ZMkgrJH-jMp3RVq2tJyPjN0qGAE&sig=AOD64_3wsRBtZ4Qo5msDFBAQxpcYNpbpVw&client=ca-pub-7270302704377593&rf=5&nx=CLICK_X&ny=CLICK_Y&uap=UACH(platform)&uapv=UACH(platformVersion)&uaa=UACH(architecture)&uam=UACH(model)&uafv=UACH(uaFullVersion)&uab=UACH(bitness)&uaw=UACH(wow64)&uafvl=UACH(fullVersionList)&nb=2&adurl=https://www.oxipack.com/%3Futm_source%3Dgoogle%26utm_medium%3Dcpc%26utm_campaign%3DOXI053_Retargeting_Engaged_Display%26utm_content%3DOXI052_Retarget_Converters%26gad_source%3D5%26gad_campaignid%3D23105950007%26gclid%3DEAIaIQobChMItvyn57zxkwMVY0rDBh0RyicaEAEYASAAEgJqrfD_BwE,https://www.oxipack.com/?utm_source=google&utm_medium=cpc&utm_campaign=OXI053_Retargeting_Engaged_Display&utm_content=OXI052_Retarget_Converters&gad_source=5&gad_campaignid=23105950007&gclid=EAIaIQobChMItvyn57zxkwMVY0rDBh0RyicaEAEYASAAEgJqrfD_BwE,,,,,
958,https://adclick.g.doubleclick.net/aclk?sa=l&ai=CYgdAcjbfae7WMt2OjeYPjKiumAbJ28m4hgH-yvGorhW_4R4QASCtspoqYJXikIKgB6AB7fO19wPIAQmpAnzZXHukxLM-4AIAqAMByAMKqgSaAk_Qp9ayhcf7Ripp-4Rj_93iXjfDJ1GPhhiyRdO6e_HFMQs7gze841x2dEzhleXTeu9z1LPWtl-JqCe__RpRQuZbaIlEK6lh-K2yhGHLEDBf7HqNqXNmiqJH7gQiup5-sKzzrgYYTRhxKGZvWutdYAgytTD1mLGna_4GW9BDSEadUIhJCNLKcuq6C3s3CCNhO1h-2gj5KTc7Rmnmkakot7h9MGk8M_8s99K_TePa_b0YUJInrPT3M9XnXUQVog0nIq3nz6ggo1TGAMtccixwvNFJMdPonbNwnptVz8XkMVY4aOXCNVnAsse-iiDnVAg7kPQrSR6w-2KbgWijukkKx9JY3yDgrTtdO168FAC6g6eWCcT9_HdyTnHGh8AEw7aWxN4F4AQBiAWClduMWKAGLoAH-4vKCKgHp8yxAqgH4tixAqgHpr4bqAfMzrECqAfz0RuoB5bYG6gHqpuxAqgHjs4bqAeT2BuoB_DgG6gH7paxAqgH_p6xAqgHr76xAqgHmuGxAqgH1ckbqAfZtrECqAeaBqgH_56xAqgH35-xAqgH-MKxAqgH-8KxAtgHANIIMgiA4YAQEAEYnQEyCKqCgICAgIAIOg6AwAOAgISAgJSoiAKoB0i9_cE6WLuRxaSj75MDsQmZVAwg2sds9YAKA5gLAcgLAYAMAaIMA5ABAaoNAkRFyA0B4g0TCP3SxaSj75MDFV1HwwYdDJQLY-oNEwjhpcako--TAxVdR8MGHQyUC2PwDQKIDv___________wG4E-QD2BMNiBQC0BUBmBYByhYCCgD4FgGAFwGyFxAYASoKNDU5Nzc3ODEyM1AGuhcCOAGqGBcJAAAAAECJ60ASCjQ1OTc3NzgxMjMYAbIYCRICqE4YLiIBANAYAcIZAggB&ae=1&gclid=EAIaIQobChMI7tfGpKPvkwMVXUfDBh0MlAtjEAEYASAAEgI6MvD_BwE&num=1&cid=CAQSgwEABaugfdbhl08VVWwogdnZNC3YkpIB5ml8A-tM8rkhEOsOYvKN68xqm1RcDdxb0qzvRkd8w_8tPk0iyKFdSZWP5PwqntgctpkoMp9XUh6m8n41SpOAQHQFnlRMTEPEqxwsoYtNfV3vdKbkWPhx3_jSyOTBtG7rJFiuDhl0ukOt-VOV7BgB&sig=AOD64_2rY79vFcSRiOCVHiE8oX0cMh6I3g&client=ca-pub-8864803855381259&rf=4&nb=9&adurl=http://www.subaru.de/action-praemie%3Fgad_source%3D5%26gad_campaignid%3D23648979586%26gclid%3DEAIaIQobChMI7tfGpKPvkwMVXUfDBh0MlAtjEAEYASAAEgI6MvD_BwE,https://www.subaru.de/action-praemie?gad_source=5&gad_campaignid=23648979586&gclid=EAIaIQobChMI7tfGpKPvkwMVXUfDBh0MlAtjEAEYASAAEgI6MvD_BwE,yes,,,,
1231,https://www.googleadservices.com/pagead/aclk?sa=L&ai=C-lBURLPfafWgLaaXjeYP3L274Qn3tvL6hQHe1tqsyBSCuvmfkA4QASC0o80iYJsDoAG_zI-DP8gBAakCNMmcSApGBz7gAgCoAwHIAwqqBLwDT9CfjdqWdmUJTHmKsiZXKuqwzKBrrbaNC7Tz6_9CqW053toGBQU54xxSLrzrETjTs3HUtWFpskTMPh_XoD9ViiLs5Qzx2vwSE2Pb3ETcdibmsI0Hy2HADr4Y-IwAFrT7v5CEW6TcZXpBkPe2E9eotNUGIkUh9B8DYBuq846jhD2teoT5rhPa4lnJ39qIcdxNH-08mMGdtU4CSC9w8XW5Eecn3oYpQdLienI68HkoV5oEvz2rivrnSIGaykqmNNRu8529sdyf9YdthguM75p0MX_3SAkn6ybjZfln8TMhuHTfo0aLm_uOIImUrfhvX8YmML39Pyw6xPox6p-SPF0IhEiCqpHxrNsUP6ox5OTOmXPQ7rUzM4stgjRujQVEc7yUpfzID5bhHemjd-kq-wo9AX23Rr8Q2q-Gsu9JBoJjuYwTDZmLwHXYu67zjayxujhax6cAeq5kajISjH7ABq0LXLa74mXwfVjDzbKpwfce9QfoVyAf1-KHOrbltguooxs8EeY-YaRQD2tNVUhNFu26L513aYQMa20XaRxY3kc8nXBvKVKOaxgMewjcaFddoQNQeuw4JAJOFCAkGAm_wATtn-3vsQXgBAGIBYm3--BVgAe_hODiGagHp8yxAqgHpr4bqAfMzrECqAfz0RuoB5bYG6gHqpuxAqgHjs4bqAeT2BuoB_DgG6gH7paxAqgH_p6xAqgHr76xAqgHmuGxAqgH1ckbqAfZtrECqAeaBqgH_56xAqgH35-xAqgH-MKxAqgH-8KxAtgHAdIILwiAYRABGB0yCIqCgICAgIAIOg6AQIDAgICAgKiAAqiDEEi9_cE6WIfj1Kia8JMDsQlCwASK8qi7moAKAZgLAcgLAaoNAktSyA0B4g0TCNaE1aia8JMDFaZLwwYd3N4unOoNEwitpdaomvCTAxWmS8MGHdzeLpzwDQKIDv___________wHYEwOIFAHQFQHKFgIKAPgWAYAXAbIXEBgBKgo1Nzk5NzExMDcyUAa6FwI4AaoYFwkAAAAAAOzzQBIKNTc5OTcxMTA3MhgBshgJEgLlWRgBIgEA0BgBwhkCCAE&ae=1&gclid=EAIaIQobChMI9dKuqZrwkwMVpkvDBh3c3i6cEAEYASAAEgJDyfD_BwE&num=1&cid=CAQS0QEABaugfVxrz_knAQCc0t30JwfXsp6MCCJLnJLxTTijbhBuy3Me_BDPSG3eHZozTMPeo7Bqr2kAokWajkbOo-zPg2g_wun9pxeA_xWz9rKCN_IWxamS5z4EFm5YERxDwoRI6_I_J4bJGCJzbjAXUJJp-A2tSqhH87Tmyt888DoYrZ5bi77GFZuUKMkmWmuTl4P6kLD-i3oa9NsEoJetvQxsD47U_267GCjpguHU4njzeV4ygjltBOOk_Bt3E1U7DFuV5sOkDe2uKzBO-Vv3F6tsKRgB&sig=AOD64_3AwToejblAcmS3u4P20tFJ0G0G9w&client=ca-pub-2334602378211593&rf=4&nb=19&adurl=https://go.teledynelecroy.com/l/48392/2026-01-11/8r5rdm%3Fgad_source%3D5%26gad_campaignid%3D23020362633%26gclid%3DEAIaIQobChMI9dKuqZrwkwMVpkvDBh3c3i6cEAEYASAAEgJDyfD_BwE,https://go.teledynelecroy.com/l/48392/2026-01-11/8r5rdm?gad_source=5&gad_campaignid=23020362633&gclid=EAIaIQobChMI9dKuqZrwkwMVpkvDBh3c3i6cEAEYASAAEgJDyfD_BwE,,,,,
1128,https://adclick.g.doubleclick.net/aclk?sa=l&ai=ClPRZa2beaavJCqmZjeYP59iqsQTS-NTPfPGijInOFPDioMLlARABIOa0z5kBYImLxIT0E6ABgami4CrIAQmpAvKvWUIYDDs-4AIAqAMByAMKqgSCA0_QHW-NgiLshbNvHhUaEwEt_PF2YX4mHmwkedCJydA09uCKpDJuRfOPEsTLN_NLKmlfs6s96E8uPrKt2bwRoRwyR-i8envOTJU8gC5FYejII9Do6F90BXEw-Iikp_YDc2yPhBoffuLNXBauXmCeB0fi_Op77w7HzJEjeNEdiYWxhGN-Wa8x7kIhxhdB9-lMXzLoqdMY6szWSQYMG891lTscXQybTor_zu8zkwT0niFkCDVj38MVc0wD_A7dBFwyRUzNmGdHcSwRHhTR_c_j_A-ZbQ0hDYdK6Q_4mPoJX7EgyT_R7HtlBcYibA3GSlA2IXCDVYIL--GdJn9w3DQUpgH-WkZ6X343DyU6hU5oSx8Hg8q8kR1Dw-ZXso52OsWWeXK262myye3uQ9j9aSqdJmrSoT9B81GBNUYD4VCtw7lkZcnx38NYlO0zRXl8AY_5zG-UCFSHfP67V8hn9-tp5r8znymkGtey7EcECQYv9Xpdhu_Go6wBfsSj6ZtmkCNdbsLOwASuitOnxwTgBAGIBf2B0IdOoAYugAeB4fK_BagHp8yxAqgH4tixAqgHpr4bqAfMzrECqAfz0RuoB5bYG6gHqpuxAqgHjs4bqAeT2BuoB_DgG6gH7paxAqgH_p6xAqgHr76xAqgHmuGxAqgH1ckbqAfZtrECqAeaBqgH_56xAqgH35-xAqgH-MKxAqgH-8KxAtgHANIIMgiB4YBgEAEYnQEyCMuKgICAgIAKOg6AgASAwICAgICogAKoA0i9_cE6WIrGovLc7ZMDsQmI717yHmoQYoAKA5gLAcgLAYAMAaIMA5ABAaoNAkpQyA0B4g0TCNXqovLc7ZMDFalMwwYdZ6wqRuoNEwiJh6Py3O2TAxWpTMMGHWesKkbwDQKIDv___________wG4E-QD2BMN0BUBmBYByhYCCgD4FgGAFwGyFxAYASoKNTEwMzg3OTQ4M1AGuhcCOAGqGBcJAAAAAMAv8UASCjUxMDM4Nzk0ODMYAbIYCRICk04YLiIBANAYAcIZAggB&ae=1&gclid=EAIaIQobChMI66qj8tztkwMVqUzDBh1nrCpGEAEYASAAEgJ57vD_BwE&num=1&sig=AOD64_34DMYJTrffga6oYe-VmH3pHOFEkg&client=ca-pub-3677668629134422&rf=4&nb=9&adurl=https://base-resort.jp/%3Fgad_source%3D5%26gad_campaignid%3D20953956605%26gclid%3DEAIaIQobChMI66qj8tztkwMVqUzDBh1nrCpGEAEYASAAEgJ57vD_BwE,https://base-resort.jp/?gad_source=5&gad_campaignid=20953956605&gclid=EAIaIQobChMI66qj8tztkwMVqUzDBh1nrCpGEAEYASAAEgJ57vD_BwE,,,,,
992,https://www.googleadservices.com/pagead/aclk?sa=L&ai=CvTefsCrfaYaTLKbxjeYPhLSvyA-sj-O_hAHz0qWFmhWwkB8QASC8luEQYJXikIKgB6AB5efx4gHIAQmpAnzZXHukxLM-4AIAqAMByAPLBKoEyANP0LG4o8gVkKaNcJUIH_a1NoLo9Kvtak-fpFWVfTcYe4khuHAwZ6jzPAoTp6aIHd-luKceJ_X68an5CO35uXeRBKeVhIMCBXRTEucLwc62qVB_lybAAyPZWNGtQt4SCw4RVMfsVt4Mq-fUKPmLuhicoZ87gPAwkOFUrWDxgJtOtwXs_QDPYfcI0yPgM2GnyC-Ofa4g6Q5GPW_lpvqKnMGk0-8wDrBg6zWIXIX9PwUj5rLDxCPiauabHxtDH1SVxlgMbuGYFGqabQWo09PhbdNfjJeEuD07KWjfXrVEBjV5mx37QNivD2vazYviEU6_le_CrXEGcD1XCDUaMOYFQ3muiro6v2ANrqwj_2rz6UnEyqRH86onAB6R9b08Bh4JxdAVC_raXLXa4EECjH7EDTVtSmwvUBXlnGW76M8kNUuPaSnzRTN3hqZ5OhiQDvXkesGNTwDvmJQgXhoFLqL_haPPTzf_FD-8PWPn6CqzChBZbQC08gk4Fijd40mmgTkX3vfRqw_bHrcngXepfL8jjQhoYcIFIbDsfGKQCfCl9L-Cjqv26L17xlJSSfmyU4Hz8OuXrr5pJfn4sh5QkS4Pag_Rn1Zrs8_toYfABIvlobrVBeAEAYgF363ynlegBi6AB4OYjp0CqAenzLECqAfi2LECqAemvhuoB8zOsQKoB_PRG6gHltgbqAeqm7ECqAeOzhuoB5PYG6gH8OAbqAfulrECqAf-nrECqAevvrECqAea4bECqAfVyRuoB9m2sQKoB5oGqAf_nrECqAffn7ECqAf4wrECqAf7wrEC2AcA0ggyCIDhgBAQARidATIIqoKAgICAgAg6DoDAA4CAhICAlKiIAqgHSL39wTpY872aiZjvkwOxCWrL9Jxlj9uvgAoDmAsByAsBgAwBogwPKgoKCI7fsQKV4rECkAEBqg0CREXIDQHiDRMIvfuaiZjvkwMVpnjDBh0E2gv56g0TCIPGm4mY75MDFaZ4wwYdBNoL-fANAogO____________AdgTDdAVAZgWAcoWAgoA-BYBgBcBshcQGAEqCjY3MzE4NDAyNTBQBroXAjgBqhgXCQAAAACAqPhAEgo2NzMxODQwMjUwGAGyGAkSAqdRGC4iAQDQGAHoGAHCGQIIAQ&ae=1&gclid=EAIaIQobChMIhquciZjvkwMVpnjDBh0E2gv5EAEYASAAEgIsVPD_BwE&num=1&cid=CAQScAAFq6B9gG-fYUipQI7b4krKawLle9eil8TbzZX0kyuR6k77yR8Mlx2QB0r3Z8xTZ99CwjGi92NCXGRE9m6ALBh9VK10paOz6uxviwHT2lBIh08ddxknlZ5Q8g-O5BL35-lLC7IOlwWIQAP1IrBIb8IYAQ&sig=AOD64_02JyPTbdzoxVwRhbOgtce1xAUqDg&client=ca-pub-2012933198307164&rf=1&nb=9&adurl=https://www.culligan.de/purity/%3Futm_source%3Dgoogle%26utm_medium%3Dcpc%26utm_campaign%3DDE%2520-%2520DE%2520-%2520DGEN%2520-%2520NB%2520-%2520CUL%2520-%2520Generic%2520-%2520FP%2520-%2520None%2520-%2520Awareness%26utm_content%3D792987968828%26utm_term%3D%26gad_source%3D5%26gad_campaignid%3D23418672863%26gclid%3DEAIaIQobChMIhquciZjvkwMVpnjDBh0E2gv5EAEYASAAEgIsVPD_BwE,https://www.culligan.de/purity/?utm_source=google&utm_medium=cpc&utm_campaign=DE%20-%20DE%20-%20DGEN%20-%20NB%20-%20CUL%20-%20Generic%20-%20FP%20-%20None%20-%20Awareness&utm_content=792987968828&utm_term=&gad_source=5&gad_campaignid=23418672863&gclid=EAIaIQobChMIhquciZjvkwMVpnjDBh0E2gv5EAEYASAAEgIsVPD_BwE,,,,,
993,https://www.googleadservices.com/pagead/aclk?sa=L&ai=CLekX-1jgaamDPb-0geAPp-iP6QzeuPvAhgGNq5XayhXBqY6Xp0YQASCGiOacAWDH1f-NhCagAdHWn9ADyAEJ4AIAqAMByAMKqgTbAk_QKsFsYi90A7FU38SySv1EzprBXxHi_WpblKJZNTwoFUn6_-7DMqyydsMMvachwt0NJLtDM21cR5-QVXOv-3ZEn2hCHVvRDOtH868OKdZKkt8dEe6fyCcFWsL7lpHhRBA9o_nPa-Dg_FVMfsmKponR9C-n7NjY_LOjKKZIcvYKBSep9zptvPuqxfkqy0UOOu35k49G_-y8MbvBEw7yv--rxr3BTlYz-UpYePq9yZGegRzBuVY0fhpqiKJFBhexSsiH5XePbAC4F1G6xGTAApP19RdtPQUCmzgZ8OQAnECwqzHm0FvO3EFr4Ka-Zds5Cb7D1O2XhQ_-AdbDesHu_vVPhydxfJ7o_rjW70q37HXVcAjZLR_IV7_wj5c5iQzbfHu9wW1aCbIJ1DsUeLlE_M19kT9jz72mRzHsr6oItYh7xnUk-E97a7HRwxoBwPrDJUByyQh64oMS8_enwASmr_205gXgBAGIBezi05ZYoAYugAeXqeAvqAenzLECqAemvhuoB8zOsQKoB_PRG6gHltgbqAeqm7ECqAeOzhuoB5PYG6gH8OAbqAfulrECqAf-nrECqAevvrECqAea4bECqAfVyRuoB9m2sQKoB5oGqAf_nrECqAffn7ECqAf4wrECqAf7wrEC2AcA0ggvCIBhEAEYnQEyCIqCgICAgIAIOg2AQIDAgICAgKiAAqgDSL39wTpYkKOerrjxkwOxCSl161nxoj2JgAoDmAsByAsBgAwBqg0CWkHIDQHiDRMIpsaerrjxkwMVP1oABh0n9CPN6g0TCLnrn6648ZMDFT9aAAYdJ_QjzfANAogO____________AbAO2fqm-xjYEwvQFQHKFgIKAPgWAYAXAbIXEBgBKgo2Nzk3NTgxMDEyUAa6FwI4AaoYFwkAAAAAplokQRIKNjc5NzU4MTAxMhgBshgJEgKBTxguIgEB0BgBwhkCCAE&ae=1&gclid=EAIaIQobChMI6eysrrjxkwMVP1oABh0n9CPNEAEYASAAEgJQ3fD_BwE&num=1&cid=CAQS9AEABaugfSXUq7C6_KUx08lYOk_nuA174D2b7cLynkPTYfbhhSeET-2asQDlIocRqPt4fNMHnLOv9BuIBurcbOZJIuna4GxBVaxPv9zB_uPZCOWkBiTwDHKTapjo1OwzatoiBLRqxjAs-fn6Gf9uzm8X-nX5N3CgvEE5k2CAf5bq-AbPaUOjLnFRGc8ynWQ6BjsXRLcXzEGw-ETtOU-fZZ4QagWa5K4LjPr9-fBCDIhkTk4TFPkHay0MFyp421DK3Uo9Ro3YLCRSA5RGx-nRymjy4rS99Tm9e9wdbeQ60Ww2ffKXWCEf9CwA6dgZeFkCXOfA9KuWGAE&sig=AOD64_26rU9QkdSPXpWfRWSbDG779Pc-9w&client=ca-pub-8466440498224020&rf=4&nb=9&adurl=https://nalgene.com/customize/%3Futm_source%3Dgoogle%26utm_medium%3Dcpc%26utm_campaign%3DVital_Performance_Max_Customizer_Branded%26adgroup%3D%26utm_term%3D%26utm_content%3D%26gad_source%3D5%26gad_campaignid%3D23669829996%26gclid%3DEAIaIQobChMI6eysrrjxkwMVP1oABh0n9CPNEAEYASAAEgJQ3fD_BwE,https://nalgene.com/customize/?utm_source=google&utm_medium=cpc&utm_campaign=Vital_Performance_Max_Customizer_Branded&adgroup=&utm_term=&utm_content=&gad_source=5&gad_campaignid=23669829996&gclid=EAIaIQobChMI6eysrrjxkwMVP1oABh0n9CPNEAEYASAAEgJQ3fD_BwE,,,,,
1087,https://www.googleadservices.com/pagead/aclk?sa=L&ai=CtWUJjVrgabK1IPrhs8IPoNLLwA_VweSnhQHGiZG_6hTAjbcBEAEg2vGODGDH1f-NhCagAYGI-f8CyAEJqQKni4xp5GdwPqgDAcgDywSqBJcCT9A7kmkUvj-LqY2tWyUohnL2iDWdWhajDzFrqw--yZ3wZBsJT6H_PAV6J1NMZNUTfnQUCjeu9AH94RW0FqacF_dPyj32QkC9Y-g9B-K7b6gkASdwjVa1yU8XgDdBRw-tz5MhuXUbC4qaWhCQFnbEjlf4TKUwZR0fHzo-nldQ_6S2g7di0_SzIOZzVPF8SBifbN9Ykiqb9PybMcYdue_BqTi6KYCiZ_rL5Mkarpu3IYcLY-D3pl5PTgnTC_qR__cvy2or8twj7TZzCpk3HQUuzM9q0heBLzjh4a4icExCKj4AOwxXhmMHDiUH4_H3001u4E5_q1dllUtS_Kdw0WK-bN54b1KcRk1LVi-GDCr5yFV9cqkwZjPYwATQi7vU1wWIBd3Imc9WoAYugAfn94aAAagHp8yxAqgHpr4bqAfMzrECqAfz0RuoB5bYG6gHqpuxAqgHjs4bqAeT2BuoB_DgG6gH7paxAqgH_p6xAqgHr76xAqgHmuGxAqgH1ckbqAfZtrECqAeaBqgH_56xAqgH35-xAqgH-MKxAqgH-8KxAtgHANIILwiAYRABGJ8DMgiKgoCAgICACDoNgECAwICAgICogAKoA0i9_cE6WLqX5-258ZMDsQnYKmoFyplwzYAKAZgLAcgLAYAMAaoNAlpByA0B6g0TCM626O258ZMDFfrwTAIdIOkS-PANAogOCbgT5APYEwqIFAHQFQHKFgIKAPgWAYAXAbIXEBgBKgoxODcwNTIyNzc4UAa6FwI4AaoYFwkAAAAAQJ76QBIKMTg3MDUyMjc3OBgBshgJEgK7TxguIgEA0BgBwhkCCAE&ae=1&gclid=EAIaIQobChMI8q_o7bnxkwMV-vBMAh0g6RL4EAEYASAAEgKtf_D_BwE&num=1&cid=CAQS0AEABaugfQkYY2OCLe4kuEFzGSEgWunK7LR08tffM-eOXE7jReyE6_ipzXBI60i1HZy3nZ0d3C2wZFAOJA9Z9fD5_DBnqy2F6IrGBdzj9q_KyQWn2m2VYgDM9GBaMNuX7hlLQf9nra3yvaFu7TWSNx0-AMJrD6WvkGesqq9eqOci3na_LlQHeyG-Q43XEjMbEOJ2_8kGL9R29PZ_5I2r4AlVClCAs6nD2G4YVJLfzG5QSGsh0xzq1oiOWsTGc0cu41-5Zb2i7pgzi1IgLXeo8_k1GAE&sig=AOD64_1zT7J3g5kcTAtUkC89RtfFQzPJUA&client=ca-pub-9783515403541006&rf=1&nb=9&adurl=https://knox.co.za/krugerrands-south-africa/%3Fgad_source%3D5%26gad_campaignid%3D23251543133%26gclid%3DEAIaIQobChMI8q_o7bnxkwMV-vBMAh0g6RL4EAEYASAAEgKtf_D_BwE,https://knox.co.za/krugerrands-south-africa/?gad_source=5&gad_campaignid=23251543133&gclid=EAIaIQobChMI8q_o7bnxkwMV-vBMAh0g6RL4EAEYASAAEgKtf_D_BwE,,,,,
891,https://www.googleadservices.com/pagead/aclk?sa=L&ai=CcFpIXFTgaberGZqejeYPkYjkkQmU1tDVeaW0vNirEeyPz-PiRhABIM2ejxhgx9X_jYQmoAGuo5CdA8gBCakCfgeEPAhlcD7gAgCoAwHIAwqqBMoCT9AgjNFrSTX2e9l1uRJJxdZjOXIG2jvvpzPOGGX0rJ3o2QyWoWpOHkC934dEJtHGSj_eTg5MruyNucusYxq8zu4vOBtGUiGnZHE2OMxNQOr3pQLcP7GtgkwLmYGMUu9b9HQ1rbdzpaL-xEVOzDsxTkHWgyqTk8qDgA0MsC72MvcpkIi6-sl4ateDmLj-OpsE3I1GwqUa4VqSV1Fq_bNDxEgJiW6I8AR4hmtlCQWz65Yj8cAZT9KxpsUd-xJqKqjl8a320tisCpZD7emG1gzZQTLFUErtMWbqkKjggJU1nP8jQJH_kCwuykepYBbyUK3TxeSG7uzPZd-ZPtilnQ0ckOyHzO0Zeb85eBsE8Oo69noFmseT1HC58U7_l_t8tzlYdONR81Yer2nD70JWDg3R12gKUcz0TSDr4RXitTpHtKkiAYNQ8orpLdFmwATqveWCtwTgBAGIBd_Cl4lLoAYugAe63O9iqAenzLECqAfi2LECqAemvhuoB8zOsQKoB_PRG6gHltgbqAeqm7ECqAeOzhuoB5PYG6gH8OAbqAfulrECqAf-nrECqAevvrECqAea4bECqAfVyRuoB9m2sQKoB5oGqAf_nrECqAffn7ECqAf4wrECqAfn17EC2AcAwAgB0gguCIBhEAEYHTIIioKAgICAgAg6DYBAgMCAgICAqIACqANIvf3BOliW5vr5s_GTA4AKAZgLAcgLAdoLCggfENrtg_pQGACADAGiDAOQAQGqDQJaQcgNAeINEwj7hPv5s_GTAxUaT8MGHREEOZLqDRMI3pn8-bPxkwMVGk_DBh0RBDmS8A0CiA7___________8BuBPkA9gTDYgUAtAVAZgWAcoWAgoA-BYBgBcBshcQGAEqCjk5MTMxMTU1MTZQBroXAjgBqhgXCQAAAACgNgFBEgo5OTEzMTE1NTE2GAGyGAkSArlPGC4iAQHQGAHCGQIIAQ&ae=1&gclid=EAIaIQobChMIt8n8-bPxkwMVGk_DBh0RBDmSEAEYASABEgK6IfD_BwE&num=1&cid=CAQS0AEABaugfXautTj-WG70gPMnkz1rZtQ3_8C7UoVrcSMrxJZb45j6PevQbt8ozNe8cLZ3dcQlycb0cTKiFTT8hYx1UdMQAn2goxvB0VcH-Gb6yX0jB4ZL95plnx6apfuU52xDCZFQyycfuvduf3RFRCeAMGFu0ccs2WFxunqLrrtnw9SyjVBEPP_1kkFQgYBcecm5gtqv79kQyINYCmBLQtmohk312FEZl4h6aOksbTL4sWp_1bBVV5A9IHDpKbVXaHPtOn03-Vs4ypRQ9XV2jT5sGAE&sig=AOD64_2znJruloQCMU3iC_MGTN7OALKTgA&nb=6&adurl=http://dryice.co.za/faq/%3Fgad_source%3D5%26gad_campaignid%3D20151918943%26gclid%3DEAIaIQobChMIt8n8-bPxkwMVGk_DBh0RBDmSEAEYASABEgK6IfD_BwE,https://dryice.co.za/faq/?gad_source=5&gad_campaignid=20151918943&gclid=EAIaIQobChMIt8n8-bPxkwMVGk_DBh0RBDmSEAEYASABEgK6IfD_BwE,yes,yes,yes,yes,yes
1111,https://www.googleadservices.com/pagead/aclk?sa=L&ai=Cgjv0zUfgafLiDcOFjeYPkrLZ6Q7IuK6_hgGoqvLplhXA1J_ziQ4QASDNno8YYMfV_42EJqAB4a-kuQPIAQLgAgCoAwHIAwiqBNsCT9A3OLRhyYbs2UIdyenkCnr7-xUew0dsgiEll9Ym087ex6DwI6wNDkCGbFQn7-rQveh-exqlur8u8E_L5q5XyuDLIC-UT81lqzgj3aCPi0sms9TfvaeGw9067oWjgBVAUXZIAB0INFsDt5rAdHdzn5TkbA_2JsrvzQi7fXZWdtf4ExrMZtjDCLimq3dARp9QAy_TJB0waHbrJ88Kle9174f_CdDvcnkatVbmHy87eQZbrHx30p3-SJ2PZHxjU7q1EPF_PPnHZoC2yDsBtwIT0jEeqr-UBuIpj29kno785m9TKkxqCn3e0nO-SHzvLLNPLV3NiNdWyMUq_dtn6Za2Sp4xf6yLHKTBRRqGZ2hCKqC6QiSMw3vbJWTWk6H0B7IqieOMCzTkqUSrguUA_Yn5KvfnlwP29d9MpOi4KLGH1nss3tRapQE_QM_gb1FAgpYu0bt7rGhBax7HshvABKWYsPPJBeAEAYgFi8Wr0FOgBgKAB4fQ20aoB6fMsQKoB6a-G6gHzM6xAqgH89EbqAeW2BuoB6qbsQKoB47OG6gHk9gbqAfw4BuoB-6WsQKoB_6esQKoB6--sQKoB5rhsQKoB9XJG6gH2baxAqgHmgaoB_-esQKoB9-fsQKoB_jCsQKoB_vCsQLYBwHSCC4IgGEQARgdMgiKgoCAgICACDoNgECAwICAgICogAKoA0i9_cE6WMmU6_yn8ZMDsQkSgdvFN7BkfYAKAZgLAcgLAaoNAlpByA0B4g0TCPK66_yn8ZMDFcNCwwYdElk27eoNEwjby-z8p_GTAxXDQsMGHRJZNu3wDQKIDv___________wHYEwrQFQHKFgIKAPgWAYAXAbIXEBgBKgoxMTI1MDYyMDIyUAa6FwI4AaoYFwkAAAAAYEcHQRIKMTEyNTA2MjAyMhgBshgJEgLRTxgCIgEA0BgB6BgBwhkCCAE&ae=1&gclid=EAIaIQobChMIsv3s_KfxkwMVw0LDBh0SWTbtEAEYASAAEgJbe_D_BwE&num=1&cid=CAQS0AEABaugfeoDw40wotcpt7SXMGbRTMoXQB_bg_p4v4R_V_8Z_Ln6zUo_vxDSFetj6w4AYwH-KB17AnQDABI-d4d_WfB3jVxDg7qEWLb0P9_BifnMtYpDao5xvWiHzH8qcEm-ZuLkBbAGTcIIcuO2mj7O--hkymb11uyqVVdIFTo0bpyWQ7wGeFtpbq4FGXR-SQOWp9NXlRfWwzvGgOhbAwyr5UILGdCeVJnusDTcY2VCezTkL9ap5d8M51i8ltxwr2PxQNEh1Epe9negIqrIrWbcGAE&sig=AOD64_2BhEbXlhNlFE7OyKJxMzRZzoEkzQ&client=ca-pub-4075694933314520&rf=5&nx=CLICK_X&ny=CLICK_Y&uap=UACH(platform)&uapv=UACH(platformVersion)&uaa=UACH(architecture)&uam=UACH(model)&uafv=UACH(uaFullVersion)&uab=UACH(bitness)&uaw=UACH(wow64)&uafvl=UACH(fullVersionList)&nb=2&adurl=https://www.identifix.com/%3Flead_source%3DDisplay%2520Ad%26utm_source%3Dgoogle%26lead_source_detail%3DGoogle%26utm_medium%3Dcpc%26utm_campaign%3Didx%7Cdirecthit%7Cdisplayimage%7Cawareness%26utm_adgroup%3Dstatic_images_idx_team%26utm_term%3D%26gad_source%3D5%26gad_campaignid%3D22448628363%26gclid%3DEAIaIQobChMIsv3s_KfxkwMVw0LDBh0SWTbtEAEYASAAEgJbe_D_BwE,https://www.identifix.com/?lead_source=Display%20Ad&utm_source=google&lead_source_detail=Google&utm_medium=cpc&utm_campaign=idx%7Cdirecthit%7Cdisplayimage%7Cawareness&utm_adgroup=static_images_idx_team&utm_term&gad_source=5&gad_campaignid=22448628363&gclid=EAIaIQobChMIsv3s_KfxkwMVw0LDBh0SWTbtEAEYASAAEgJbe_D_BwE,yes,,,,
1036,https://googleads.g.doubleclick.net/aclk?sa=l&ai=Cw4exFt7eac3gFNT0jeYPwP7iwQ_ClOufhgHb0szs4hS2kB8QASDavNY4YKW4moCcAaABiOnSxyrIAQGpAuvhUl8j46c-4AIAqAMByAPLBKoE4QJP0LJK1tMCU-bprOTm5YD59Hmv1h5_T3U6fQEPQKSqqYuUTRCFM3W7zhtQcT4S4aytOx3UQZo0C3_d5CpUkctTdFooUR3L2grlZ4li4h57WYULWjiGC3CZISjFkNU6LSMmlmw-arbgDh03c2IJ_0yMoAygpWfExe4Y5HBE33YaGwXdzr9Oc43GRNegY_C2b-nPBIfKyAgjN5WtxgLgDsIpOvo1CK3r0f7gRa6_N6YMNzNuY2da0cUh7DDU4R2VAOFyMhamWoDDgRK4_-eB4RZkHSMVpYhy8TM5Vopx1UclL_0k1Gq8flOieRf1qIf06OALUlxM6watwPXB0iJJWIH8ciVo1ziJ08VBDwDpj2F1dKwv7eie3lMVu-HOUmTVfJ0mxEOzxFPuBJnlBuLhuHquqMpULb01Mklv2wEQZjMka9ipSqOipRC3-DDV7Qc6Qskb_n_vdE-G65Zsf1yht93txsAE95av0rUF4AQBiAXVx_rrVaAGLoAHiKGjpwWoB6fMsQKoB6a-G6gHzM6xAqgH89EbqAeW2BuoB6qbsQKoB47OG6gHk9gbqAfw4BuoB-6WsQKoB_6esQKoB6--sQKoB5rhsQKoB9XJG6gH2baxAqgHmgaoB_-esQKoB9-fsQKoB_jCsQKoB_vCsQLYBwHSCDIIgOGAEBABGJ0BMgiqgoCAgICACDoOgMADgICEgICUruADqAdIvf3BOljJ0Z6Cz-6TA7EJpLkRkgMEb7mACgOYCwHICwGqDQJBVcgNAeINEwjMh5-Cz-6TAxVUesMGHUC_OPjqDRMIweqggs_ukwMVVHrDBh1Avzj48A0CiA7___________8B2BMMiBQB0BUByhYCCgD4FgGAFwGyFxAYASoKNDA1NDI1Njc1OFAGuhcCOAGqGBcJAAAAANAIEEESCjQwNTQyNTY3NTgYAbIYCRICqlAYLiIBANAYAcIZAggB&ae=1&gclid=EAIaIQobChMIzcOhgs_ukwMVVHrDBh1Avzj4EAEYASAAEgI84_D_BwE&num=1&cid=CAQSggEABaugfddAAHQjKTIXiLRjnpPssj0o8aUk-P3kktWYlPVyL8_TSsKvToll4Up0Wl3EFZaOUcsq0IHVmBJ3XtR0sfzt_MAO4WNVAvSG2moj3HGHwkNr2QyVWuNF4XTkOa9eSIIche8sa1ZJl1jkksfS_z4B9motBwYM02t-KVuu4IPJGAE&sig=AOD64_0WmIz6-8gFf0-oWynQ3toJ6vzmvg&client=ca-pub-9273264035880389&rf=1&nb=19&adurl=https://gardeningwithpope.com.au/collections/hoses%3Futm_source%3Dgoogle%26utm_medium%3Dcpc%26utm_campaign%3D23043417045%26utm_content%3D186198510455%26gad_source%3D5%26gad_campaignid%3D23043417045%26gclid%3DEAIaIQobChMIzcOhgs_ukwMVVHrDBh1Avzj4EAEYASAAEgI84_D_BwE,https://gardeningwithpope.com.au/collections/hoses?utm_source=google&utm_medium=cpc&utm_campaign=23043417045&utm_content=186198510455&gad_source=5&gad_campaignid=23043417045&gclid=EAIaIQobChMIzcOhgs_ukwMVVHrDBh1Avzj4EAEYASAAEgI84_D_BwE,,,,,
1080,https://www.googleadservices.com/pagead/aclk?sa=L&ai=Cx-GSbmzgabznCZGZjeYP8ofqsQe85MbBhgGSh-P09hXGtPXDjg4QASCLiIMoYMfV_42EJqABuZnb4gPIAQmpAmEj8F4oBGE-4AIAqAMByAMKqgToAk_Q8TNgI6ra1Ic-X3Qaw8q-GjBwODmUh-eJCcqi34vjXmILcxjbgi1zxGZl2rWocsq_ulOwOkMvTBbVycloqejWBhnhIQugyafvF2uM7jYxk8_bCcQ5oRXfeTei04P-FPLwwzMIB-2vtrHd6e12wXDexjd_BYueiMe-sfgVdxTPieHeaApMh76IqrLAgnSYnAOS-xHIS1BmTRtkGbz-zsEoGfAnwhkJRPySpPrVDh0ig7hwXhUdBHtkPqrxJ9CuMx9_m1z9S_TyY9pYUqc4C0Mk16g5AvJnKRLnp6w2NaYnsmntCz4oq1hruvQoXhWiXogxJDq94WkD4l2poYBvJQ0pVpQ0PY-l0w2htouwJz9Lf5fM0P0OZS3egRQTe6g8inl0TZX0IuvJxVLAgRme5j8miA-39j1grsRO0EJzBV8y9XbtpGniyUwE18-zKnitf83YOwZfo6BQEJFxkgiQFbV8mENhByu6m8AEgIqkuPEF4AQBiAXG2YS9WKAGLoAHzNXlaqgHp8yxAqgH4tixAqgHpr4bqAfMzrECqAfz0RuoB5bYG6gHqpuxAqgHjs4bqAeT2BuoB_DgG6gH7paxAqgH_p6xAqgHr76xAqgHmuGxAqgH1ckbqAfZtrECqAeaBqgH_56xAqgH35-xAqgH-MKxAqgH-8KxAtgHANIILwiAYRABGJ0BMgiKgoCAgICACDoNgECAwICAgICogAKoA0i9_cE6WOLTjfTK8ZMDsQnQD3uBhH8nwYAKA5gLAcgLAYAMAaIMA5ABAaoNAlpByA0B4g0TCLP6jfTK8ZMDFZFMwwYd8oM6duoNEwizp4_0yvGTAxWRTMMGHfKDOnbwDQKIDv___________wGwDorMuvsY2BML0BUBmBYByhYCCgD4FgGAFwGyFxAYASoKNTkzNTYxNzY2N1AGuhcCOAGqGBcJAAAAAICJ-kASCjU5MzU2MTc2NjcYAbIYCRICnWMYLiIBANAYAegYAcIZAggB&ae=1&gclid=EAIaIQobChMIvNaP9MrxkwMVkUzDBh3ygzp2EAEYASAAEgJUO_D_BwE&num=1&cid=CAQS0QEABaugfVNm1FhiteQgDeklmeomXIUsFPUZGmKHOAaj3QOotC_m3BO94kfZ1O1ahQM8IAsvj8nkcuZbNOnuH6U2yBpa3wJroXI07obq7jDssEgxP0Wp6SOmnE4__-talOSd5Uale_ThwhC1ZAS1-cW8xcXe-WNQPnzY0WmU_Let2nWdrHk4xQGeQF5JdouI6itOilPzUlkX6ajrUXX8vNrOqEW6eu2dYu345O37IAVInTh2xObD-oXF2m9m5DGUh8aYMJa0ycVUtlkDQ-TZnt3eyRgB&sig=AOD64_2bDK7VpUTWhiPvbZcNpAK2FFyMbQ&client=ca-pub-9172700587175332&rf=4&nb=9&adurl=https://myedit.online/en/photo-editor/image-enhancer%3Faffid%3D2581_-1_1086_myedit%26affid%3D2581_-1_1086_myedit_pmax%26gad_source%3D5%26gad_campaignid%3D23750323398%26gclid%3DEAIaIQobChMIvNaP9MrxkwMVkUzDBh3ygzp2EAEYASAAEgJUO_D_BwE,https://myedit.online/en/photo-editor/image-enhancer?affid=2581_-1_1086_myedit&affid=2581_-1_1086_myedit_pmax&gad_source=5&gad_campaignid=23750323398&gclid=EAIaIQobChMIvNaP9MrxkwMVkUzDBh3ygzp2EAEYASAAEgJUO_D_BwE,yes,yes,yes,yes,yes
1015,https://www.googleadservices.com/pagead/aclk?sa=L&ai=C4znWUE7gafKYBKz59NkP9eiNsQTJ6MK-hgH49cLEuBXJ9PzfuBkQASDApasjYMfV_42EJqAB27ic0wPIAQngAgCoAwHIAwqqBK0DT9DA_21pCwI4ngDB6sLv0wxJSPeFR6KM-7sNl4GHbWtMmy-GC5vQynME9MPBHSwjCiq7zmBCt__Pi3_mLnU4YNtNr5k1YyLr-1LH_3E49vnco-tpZL8c1qNZVPe__qiupQgQXnc7FTCkj-G17D3pRT2KupdxQEf_rfkStTkdvrN0U16Kafx-T1Z1hI3gy68gawTs98b4G45ellw89pQD3HWsv2711Eg9HJ1fEfQN9pTELBZm9373kPB7WM7IJk8hOBHxPWiUPHag2sK5L__D9SB8k-CYwr1qRWv7o5nJjzEECah6P2c1rB-LyLlVlFJAa9iz5P5kkxv3jauTkY1D3oPU1FkVSiTls40S7lcu4TB9xmo7_nZZxBWT-znXKXZwZm214rfO3nF-EC1wuzGIAd0AJWdzGkewxXjCrQtgOwbiwKNxOLEEA95mIG8D1Qr838q8SonQrfcjiT0PZs7gw0Zqv4OeY56Hfr9U3GrflGQ291Wb0bBKdtwvqCd3vsuR2ZLFIsQXHceqzKfefaPgy2Mo5t8Fyd0giaYbfU74u8thbADNnYRWZTBJijBDwASO5r-8uwXgBAGIBcvoxPJUoAYugAeNx-MsqAenzLECqAfi2LECqAemvhuoB8zOsQKoB_PRG6gHltgbqAeqm7ECqAeOzhuoB5PYG6gH8OAbqAfulrECqAf-nrECqAevvrECqAea4bECqAfVyRuoB9m2sQKoB5oGqAf_nrECqAffn7ECqAf4wrECqAf7wrEC2AcA0gguCIBhEAEYHTIIioKAgICAgAg6DYBAgMCAgICAqIACqANIvf3BOliqr9OXrvGTA7EJNYHG7py3i4qACgOYCwHICwGADAGiDAOQAQGqDQJaQcgNAeINEwjt19OXrvGTAxWsPD0FHXV0I0bqDRMIvdzUl67xkwMVrDw9BR11dCNG8A0CiA7___________8BuBPkA9gTDYgUBdAVAZgWAcoWAgoA-BYBgBcBshcQGAEqCjE1OTg3NjE0MThQBroXAjgBqhgXCQAAAADwrAdBEgoxNTk4NzYxNDE4GAGyGAkSAoNVGC4iAQDQGAHCGQIIAQ&ae=1&gclid=EAIaIQobChMI8oDVl67xkwMVrDw9BR11dCNGEAEYASAAEgJfivD_BwE&num=1&cid=CAQS0QEABaugfZKDOLiP1JxxL10hNGcXrl9QaO9vHu_Huc5YUOWzelZ1m4LXErZbR1_tGZNK46slsCjZMmgO3hU3hShw6Jl4YU-UAEjKm5VTXwJYbqtU5vB7dqG2KnOUmrDnfgSIXv2bPFnnBlyRMiJk_iDrc6axhtdYsVJD0bczRrGxHKsitgF5OkOTGW_2msK3d-2Orybw0NIzufpF419TU29wQaPyeX_KEjip0bi-JRPBKEzM4sS9OrxYjctyLEP0NlkSabEGPBbogldvvK5Jipur9hgB&sig=AOD64_1pRCS2CZNIBefOTso9grBnKlealg&client=ca-pub-5227748429508049&rf=4&nb=9&adurl=https://www.createyourtomorrow.us/mxpvisionkioskconvenience%3Futm_source%3Dgoogle%26utm_medium%3Dcpc%26utm_campaign%3Ddisplay%26utm_content%3D-cyt-2026-anteriad-mdfads-(intel)%26utm_source_platform%3Danteriad%26campaignid%3D22788781131%26adgroupid%3D187763258126%26adid%3D785285071577%26gad_source%3D5%26gad_campaignid%3D22788781131%26gclid%3DEAIaIQobChMI8oDVl67xkwMVrDw9BR11dCNGEAEYASAAEgJfivD_BwE,https://www.createyourtomorrow.us/mxpvisionkioskconvenience?utm_source=google&utm_medium=cpc&utm_campaign=display&utm_content=-cyt-2026-anteriad-mdfads-(intel)&utm_source_platform=anteriad&campaignid=22788781131&adgroupid=187763258126&adid=785285071577&gad_source=5&gad_campaignid=22788781131&gclid=EAIaIQobChMI8oDVl67xkwMVrDw9BR11dCNGEAEYASAAEgJfivD_BwE,,,,,
1155,https://www.googleadservices.com/pagead/aclk?sa=L&ai=CD0RNS0LgabnMFvOa3NMPtrCtsALR_e-ghgHm2pDrpxWwkB8QASDH6_YeYMfV_42EJqAB35bLjj_IAQmpAunJ73FDZ3A-4AIAqAMByAPLBKoEsgJP0MXrgIdR9it3LDUih5EpZCqvoynQFHD2GDsCbgoVPeaQs5NSuRnrImfmPcij_-TVHieM6s-CBCxfOQPxRuRUTQ6wtO0rawtBLczIKVa1Rth9fmlMfpqeKt4z9qz6eNPlTuWNriNAoc7Crsj3pnfR8ULHJT1OIpidFT8sW8xPR8qTyWOgjAfoTJHgOLcxk2WMAaO71MVUrYEsHfkkKajMQqEx9Iiizkn5l21V_xhYxQrq7oM1WXlD3fXJDyVlakVtYuKZasWJ_5XDeEH5Qg3TsBFjlMaQPNZzjWTrbUsBBPYuFe4plVxiknq01ZzAEm28zoJuFInH1ql3fxkgUp9bMzHTxqwVGX5MGz0LGVw_NmqJHIhFliv-nEdb4IcbduCgZ8MSrADaaO5A29f7QsmgzFHABNrkiJ3BBeAEAYgFlKujv1egBi6AB9_Om-4ZqAenzLECqAfi2LECqAemvhuoB8zOsQKoB_PRG6gHltgbqAeqm7ECqAeOzhuoB5PYG6gH8OAbqAfulrECqAf-nrECqAevvrECqAea4bECqAfVyRuoB9m2sQKoB5oGqAf_nrECqAffn7ECqAf4wrECqAf7wrEC2AcA0ggvCIBhEAEYnQEyCIqCgICAgIAIOg2AQIDAgICAgKiAAqgDSL39wTpY68fH3KLxkwOxCRaHcFPq2jXUgAoDmAsByAsBgAwBogwDkAEBqg0CWkHIDQHiDRMIz4rI3KLxkwMVcw13BB02WAsm6g0TCJC_ydyi8ZMDFXMNdwQdNlgLJvANAogO____________AdgTDYgUBNAVAZgWAcoWAgoA-BYBgBcBshcQGAEqCjIwMzE0Mzk3ODVQBroXAjgBqhgXCQAAAACs9RdBEgoyMDMxNDM5Nzg1GAGyGAkSAp5UGC4iAQDQGAHCGQIIAQ&ae=1&gclid=EAIaIQobChMI-Z3K3KLxkwMVcw13BB02WAsmEAEYASAAEgLZHvD_BwE&num=1&cid=CAQSzwEABaugfVzHBtuGK3vbaiKKhfTSyDoGfzlIJ1RbG-b4alWkiGdMBfyM_LhYHzG4VnLH4bNIfA6k6x9eqFqpj8Ogf2HiAqilZO2AiS0IArq9lFeUCwzq5akCXDYgFrdblR13tt3qWwhAr7ghpD6AkotZBCBefQCRny6_IplqMiGeuvA7eQLBYHnTsAl61fT7B4ACE1B-qgKKFUCFeJeptRf7iS8igzkVl2D-4Lby0B5DfK5JAF8YY0RGoJDzN0UAsNHwHouDzr__5yRAdYs_xWEYAQ&sig=AOD64_0FpcsYTAXlypObUmMJt3TTqT7akg&client=ca-pub-8188431425509997&rf=1&nb=9&adurl=https://www.thrifty.co.za/offers/monthly-flex/%3Futm_source%3Dgoogle%26utm_medium%3Dcpc%26utm_campaign%3DThrifty_PromoAudience_MonthlyFlex%26gad_source%3D5%26gad_campaignid%3D23486584212%26gclid%3DEAIaIQobChMI-Z3K3KLxkwMVcw13BB02WAsmEAEYASAAEgLZHvD_BwE,https://www.thrifty.co.za/offers/monthly-flex/?utm_source=google&utm_medium=cpc&utm_campaign=Thrifty_PromoAudience_MonthlyFlex&gad_source=5&gad_campaignid=23486584212&gclid=EAIaIQobChMI-Z3K3KLxkwMVcw13BB02WAsmEAEYASAAEgLZHvD_BwE,,,,,
1123,https://googleads.g.doubleclick.net/aclk?sa=l&ai=CfqH5ZlrgaYTkM5mUjeYP-bOGgAqQh8_9eKHky5-XEmQQASCs2bgiYMfV_42EJqAB_rm4wijIAQbgAgCoAwHIAwqqBMsCT9AqH9El05LnzHUCeafdNcng7tIZRMe7uzaNBSFA0EfgJaI6M7g1BerN7Qz4dhQbu0jPXRmompRgC6UjRoZjDdvZkXlsqffMcpWRoH2FaH54NyYQr3wDIGR8HYzDEhj0QcY3ey6-l-fSQNuV1h2E-MTFE_rCSnxCbKk-3GRmB3drX1_uEINK_Hfazkc-wFZI8Fi5BqNUnnu7pEA_uU-NLzJMrs5DZts4pcY-ZbnXb7PlX2XejOfUVMe077HHEZ7MfKCCom7FULLRreYRAy2glV4wJWuOGNuyX6j63KrWOlMZ0G6x3Bd4v-z4dup2J46LbbKKZjRDo4cF9USZlPjUMji5xps0Qf2yt1C_xFb7tKt104PQB4yZt-goQW5Qdmyoq14HT-Rgy7a7zGaCFinGDJGpfc5xU_dsdhDNQ4jBFjNTEB77JovLM_931MAEzqX8ltAE4AQBiAXQhIbfTqAGN4AH_vGIogOoB6fMsQKoB-LYsQKoB6a-G6gHzM6xAqgH89EbqAeW2BuoB6qbsQKoB47OG6gHk9gbqAfw4BuoB-6WsQKoB_6esQKoB6--sQKoB5rhsQKoB9XJG6gH2baxAqgHmgaoB_-esQKoB9-fsQKoB_jCsQKoB_vCsQLYBwHSCC8IgGEQARidATIIioKAgICAgAg6DYBAgMCAgICAqIACqANIvf3BOlio1a3bufGTA7EJgKpw5cOE99WACgOYCwHICwGiDAOQAQGqDQJaQcgNAeINEwj9_a3bufGTAxUZSsMGHfmZAaDqDRMIrYqv27nxkwMVGUrDBh35mQGg8A0CiA7___________8B2BMNiBQB0BUBmBYByhYCCgD4FgGAFwGyFxAYASoKNTM0NDE5ODc0OFAGuhcCOAGqGBcJAAAAAMBlIEESCjUzNDQxOTg3NDgYAbIYCRICtlAYNyIBANAYAcIZAggB&ae=1&gclid=EAIaIQobChMIhK-v27nxkwMVGUrDBh35mQGgEAEYASAAEgKddfD_BwE&num=1&cid=CAQS4gEABaugfauVdaMEa5WjKjidvQOjrATB0gxOgSlWnuRVms8I9TvpoM0jsRlZ53pX7y0F2lXNIPp0vYCqi0W3eZYhnVTKhDAzsBX5wygAb541XEhHAiNjvqn6bkL3KYMZFU1Tk68bH8krSadD1jRoiwR7X8SFk5NKnlP5EZxeENjL5POCzHnoDIlHZfuvtmN4oEqSAS99m_SUJ4N1SwQMVkHx3vKvc5dtYhiq959phWq5FNEZ-g7ihv1bEJxrQ5Kt0NUc0Hw0E7WekHkf0TsLLB7-ft1VRP3rcaHcUtt83yNWUn_6GAE&sig=AOD64_0NwvcDyk1CrBLb8o_Ol1MmI0YCVw&client=ca-pub-4180835694166255&nx=CLICK_X&ny=CLICK_Y&uap=UACH(platform)&uapv=UACH(platformVersion)&uaa=UACH(architecture)&uam=UACH(model)&uafv=UACH(uaFullVersion)&uab=UACH(bitness)&uaw=UACH(wow64)&uafvl=UACH(fullVersionList)&nb=9&adurl=https://globalsurgical.com/dental-equipment/a-series-dental-microscopes/%3Fgad_source%3D5%26gad_campaignid%3D21137293904%26gclid%3DEAIaIQobChMIhK-v27nxkwMVGUrDBh35mQGgEAEYASAAEgKddfD_BwE,https://globalsurgical.com/a-series-dental-microscopes/?gad_source=5&gad_campaignid=21137293904&gclid=EAIaIQobChMIhK-v27nxkwMVGUrDBh35mQGgEAEYASAAEgKddfD_BwE,,,,,
998,https://www.googleadservices.com/pagead/aclk?sa=L&ai=CjJ_NSFXgaaLkNMWKjeYPqIndqAWIifzBhgGQkL-5gBaRhMeS4DIQASDo5LYTYMfV_42EJqAB5MD1uALIAQmpAn4HhDwIZXA-4AIAqAMByAMKqgS8Ak_QBms6ZtspzfQxo6P5QBho2f4XKXpPdIaYoO2wimMR9NONPibhj1iLurJTYUgNEM2yxfjSdDxxnMxbVv2M3ELBr_rs2HvZp3uv7-ZmYy-M-i5y5GTMwEKrkPyNeh0Rty7OFSTsjwNxQoNMyqIDT6wTIoanYzDYEPAsf4i3v6bgTe_GkCw9zAqrg_pmj8QMIKRHIbymA8PYDNyoXOuRnZYclvM1oWiqcm2OAnAPOKORnRF0ehesx0Yc1NxhwpYl51g0yU4r_CC1FqifqaMq53NYyboTPJlzMsXLqg5aeON086mAsnAYA4ZRyjfTlzp38xWF48FjPxHnufWj1DmDsa5KPlnkskVTd2XfV2K3imuZMkwMj4JLNgyclsyppunh3K3AiX4dvWe55yi2sLJt8H0uwshhzpGvjQ3f7-HABJ-P0sC0BeAEAYgFuZiG5lCgBi6AB4S_iscBqAenzLECqAfi2LECqAemvhuoB8zOsQKoB_PRG6gHltgbqAeqm7ECqAeOzhuoB5PYG6gH8OAbqAfulrECqAf-nrECqAevvrECqAea4bECqAfVyRuoB9m2sQKoB5oGqAf_nrECqAffn7ECqAf4wrECqAf7wrEC2AcA0ggvCIBhEAEYnQEyCIqCgICAgIAIOg2AQIDAgICAgKiAAqgDSL39wTpY4Kra6rTxkwOxCR4Rr5iQASb1gAoDmAsByAsBgAwBogwDkAEBqg0CWkHIDQHiDRMI0NLa6rTxkwMVRUXDBh2oRBdV6g0TCKrs2-q08ZMDFUVFwwYdqEQXVfANAogO____________AbAO7KOj0xjYEwzQFQGYFgHKFgIKAPgWAYAXAbIXEBgBKgo3MjY5NTEwNDc0UAa6FwI4AaoYFwkAAAAAOForQRIKNzI2OTUxMDQ3NBgBshgJEgLXahguIgEA0BgB6BgBwhkCCAE&ae=1&gclid=EAIaIQobChMIoqjc6rTxkwMVRUXDBh2oRBdVEAEYASAAEgJRqPD_BwE&num=1&cid=CAQS4gEABaugfTq1RS64zt5jIq1Aig721433ENBruWhhA8MioYhZBYWuqNO7iWFW7GbUyINGC_1QXfbjeKU40oMdIprXAeaJa3CxLInnkzIAL7rf8fQGbk_cZP7PITMpqfEpo47O86B2Yg0V44LmsWQDFKoK5Xg6S-g6s2Vx35XAODk41QLzsWXuUBiAzIL6HdNX2g8PNEqmv0MlWEmGNOnEAuCBkXONU4WvASpyb_y7IaINM7CG9BtLa1T5BZdjEdSZuoIQqxrmefWoXN5hmFcslFbLvUW5rMlntDP3bTx1QJkKDrgKGAE&sig=AOD64_1UZBfjw45h1HkO_Z9z3R1FlIr01A&client=ca-pub-9922974912311690&rf=4&nb=9&adurl=https://webuyexecutivecars.co.za/sell-your-vehicle/%3Fgad_source%3D5%26gad_campaignid%3D21688847417%26gclid%3DEAIaIQobChMIoqjc6rTxkwMVRUXDBh2oRBdVEAEYASAAEgJRqPD_BwE,https://webuyexecutivecars.co.za/sell-your-vehicle/?gad_source=5&gad_campaignid=21688847417&gclid=EAIaIQobChMIoqjc6rTxkwMVRUXDBh2oRBdVEAEYASAAEgJRqPD_BwE,,,,,
1117,https://www.googleadservices.com/pagead/aclk?sa=L&ai=CyQ8So1LgabX8OJOAjeYPwPTTsQTOxMPOhQG626b-xRW_kPGg3DIQASDa8Y4MYMfV_42EJqABtpOX80LIAQHgAgCoAwHIAwiqBOECT9CzOE5Lhf05FgRoiS_-8Qdt4l1ISOAwwsUihbNSXelQSq9sNASSgBkDPRNS2LAaeLe5c6hwaumN0q9WEin9yRjJyLRYwnfLPqfxFfFRF9rwpvqZYYOhBlJjwSjZZ7cmKc_2CBTgUt9fZwW9tUHB48WdxAn2R_esaRpXNncnsKWHTkvFtbycjYjpHT1LfPKRRRzXLQSxZ6kr7R9HF-oWSyIFqC0gNhPfZ37MV5kCO3_OftGvkIJhPh9L__RcB3FEb-d2sV8cGdHgKPqYojpgqgckpx_Ye-SZ_J8ukbCEctNTZIWgUPhoi5q9t3pbM0Mtrj-xWwSRZpBDjryjaJSk-j_tStT9Ns9zk7rtu3QBuxWWLwi7a6PKg54jsC39m01u-rGdomVbSxl6ArSDb9LjqSjBQTBf3O93Z3kiSY3f1uxtUanEoJWB-agWUv3XZFF5u3g-w7naKD1LqP4EjCurahHABJ_k9_beBeAEAYgFsp6k8legBi6AB7bL59IdqAenzLECqAemvhuoB8zOsQKoB_PRG6gHltgbqAeqm7ECqAeOzhuoB5PYG6gH8OAbqAfulrECqAf-nrECqAevvrECqAea4bECqAfVyRuoB9m2sQKoB5oGqAf_nrECqAffn7ECqAf4wrECqAf7wrEC2AcB0gguCIBhEAEYHTIIioKAgICAgAg6DYBAgMCAgICAqIACqANIvf3BOliBgeWnsvGTA7EJBE93cYarqzqACgGYCwHICwGqDQJaQcgNAeINEwimteWnsvGTAxUTQMMGHUD6NEbqDRMImtfmp7LxkwMVE0DDBh1A-jRG8A0CiA7___________8BsA6u5dLwGNgTDNAVAcoWAgoA-BYBgBcBshcQGAEqCjU5Mjg4MzE4NzJQBroXAjgBqhgXCQAAAABk8hdBEgo1OTI4ODMxODcyGAGyGAkSArtPGC4iAQDQGAHCGQIIAQ&ae=1&gclid=EAIaIQobChMI9dn3p7LxkwMVE0DDBh1A-jRGEAEYASAAEgLbGPD_BwE&num=1&cid=CAQS4gEABaugffDFty_Ms3e1KOc15nwVVmCGJjaEJEghLnXRNzvtdD7AxchmF7GjitDkUMCztqftOB1fLPnLODQG2TukyNg04Qe991TXqs_T461x1SdgX53OAfAxeWXysxtbzAB2MY4a7MNB0nvE0iugil8K8XFz3fGMlgwY2KAmHhus-gMdE2mCwHoYV0h3oQuNgeSyiDrnDhtHS4-gNMDk35i_JvhN2iYeq7jIh3nNWP2RY6k6nYHGhZRL-v8nugckKvmjNNpPqreFozBzkAA4QScMPxMVH1zq-wv9JT4xVPD28WrBGAE&sig=AOD64_3lCFixxr7wJLxJ3_V9OW-_S2ApuQ&client=ca-pub-9783515403541006&rf=4&nb=0&adurl=https://localsilvermint.com/newsletter%3Futm_term%3D%26utm_campaign%3DNews%2BLetter%2Bsign%2Bups%26utm_source%3Dadwords%26utm_medium%3Dppc%26hsa_acc%3D2946919654%26hsa_cam%3D23598124957%26hsa_grp%3D%26hsa_ad%3D%26hsa_src%3Dx%26hsa_tgt%3D%26hsa_kw%3D%26hsa_mt%3D%26hsa_net%3Dadwords%26hsa_ver%3D3%26gad_source%3D5%26gad_campaignid%3D23593553714%26gclid%3DEAIaIQobChMI9dn3p7LxkwMVE0DDBh1A-jRGEAEYASAAEgLbGPD_BwE,https://localsilvermint.com/newsletter?utm_term=&utm_campaign=News+Letter+sign+ups&utm_source=adwords&utm_medium=ppc&hsa_acc=2946919654&hsa_cam=23598124957&hsa_grp=&hsa_ad=&hsa_src=x&hsa_tgt=&hsa_kw=&hsa_mt=&hsa_net=adwords&hsa_ver=3&gad_source=5&gad_campaignid=23593553714&gclid=EAIaIQobChMI9dn3p7LxkwMVE0DDBh1A-jRGEAEYASAAEgLbGPD_BwE,,,,,
933,https://www.googleadservices.com/pagead/aclk?sa=L&ai=CXJFoW1Hgae-MGtffjeYPhuvXwQHVkoXed-LB57j6EszQs_rqQRABIJrd5B9gx9X_jYQmoAHa09O1KcgBAuACAKgDAcgDCKoErQJP0Ajm8U5u1YehdApNlvDW9PfmCKukG83iAlkl4cV_Di6AuNarzD2RVCIfF3M48m-nmiLkphvjju7vG17yas9mQjLkhGd9Xuoe569Fi5wurNL0Ob--gDvrgQ2pbVevZ3Hb9KudHHpxn5c-uzq9o23Os7OOiEwz7XC28iMYicDO6Z4BrJjfXMatF1HjPfQBh0VuOcaWutQGfT0PXS9yD2cSy_VBMJFu9802sS0yjzzyJFs38-876UZyY1HREKVJUUIVFmSuMjzlFzdvwREYjUXwgNhpklRZqOurU4PF3huzPS1INfRSJauKD4EraS5BtjH-4H7uuiYgLtF2Nc4arpjQCXbCnUo27mB5O_ki8WpgaFrNa0omMxC4D53kLZlnGUK8Cy9nNZJj2rihcNovwASLpteH3ATgBAGIBc_K1dVNoAYCgAfai6SVBKgHp8yxAqgH4tixAqgHpr4bqAfMzrECqAfz0RuoB5bYG6gHqpuxAqgHjs4bqAeT2BuoB_DgG6gH7paxAqgH_p6xAqgHr76xAqgHmuGxAqgH1ckbqAfZtrECqAeaBqgH_56xAqgH35-xAqgH-MKxAqgH-8KxAtgHAdIILgiAYRABGB0yCIqCgICAgIAIOg2AQIDAgICAgKiAAqgDSL39wTpY8Naji7HxkwOxCa-Tl8zRjWiVgAoDmAsByAsBogwDkAEBqg0CWkHIDQHiDRMI3fyji7HxkwMV12_DBh2G9TUY6g0TCIOCpYux8ZMDFddvwwYdhvU1GPANAogO____________AdgTDtAVAZgWAcoWAgoA-BYBgBcBshcQGAEqCjI4ODgyMTU3MTdQBroXAjgBqhgXCQAAAADwbfVAEgoyODg4MjE1NzE3GAGyGAkSAvJOGAIiAQDQGAHCGQIIAQ&ae=1&gclid=EAIaIQobChMIr6ali7HxkwMV12_DBh2G9TUYEAEYASAAEgJRGfD_BwE&num=1&cid=CAQS4wEABaugffks__xL_qiMH_RTqr9-EsfxEi71EForQ4m9UX6vI2VrKeFc3243ZCg-MyaWd6jwLgCNPk9ot913LjkC33K4-ASgVkbBMOqmCmH-qp-xWteUf7uTiBsGwiwusGilczy0K1gzgPOeH7-fc8UMLArmt4YZIv98aAWjWzMiuS07sCInBfY5nmO67-d4xMjO31MGIo3bHf3LYegSAVZZ3GcU4y44RDA1ObLjX2Vbqo4bu1GBEN4Pu7GXgV9eePNT7j1rxzXfKybtnHMK3OssiE29VBI9vOQwSuqPoHN9aUxgsBgB&sig=AOD64_0RreNLbGEDHQNVMua0Zatspx9UEw&client=ca-pub-7439281311086140&rf=5&nx=CLICK_X&ny=CLICK_Y&uap=UACH(platform)&uapv=UACH(platformVersion)&uaa=UACH(architecture)&uam=UACH(model)&uafv=UACH(uaFullVersion)&uab=UACH(bitness)&uaw=UACH(wow64)&uafvl=UACH(fullVersionList)&nb=2&adurl=https://www.talentneuron.com/request-a-demo%3Futm_source%3Dgoogle%26utm_medium%3Dcpc%26utm_campaign%3DRM_NA_2020_CTN_CPC_SEM1_EVERGREEN-RAD%26utm_adgroup%3D162151125771%26utm_term%3D%26ad%3D701861389598%26matchtype%3D%26gad_source%3D5%26gad_campaignid%3D20849190223%26gclid%3DEAIaIQobChMIr6ali7HxkwMV12_DBh2G9TUYEAEYASAAEgJRGfD_BwE,https://www.talentneuron.com/request-a-demo?utm_source=google&utm_medium=cpc&utm_campaign=RM_NA_2020_CTN_CPC_SEM1_EVERGREEN-RAD&utm_adgroup=162151125771&utm_term=&ad=701861389598&matchtype=&gad_source=5&gad_campaignid=20849190223&gclid=EAIaIQobChMIr6ali7HxkwMV12_DBh2G9TUYEAEYASAAEgJRGfD_BwE,yes,,,,
1126,https://www.googleadservices.com/pagead/aclk?sa=L&ai=CLLLUh0ngadjyMa-djeYPvrDgsATn-vbChgGAtPSB9hXnloDmFBABINOx301gx9X_jYQmoAGr6vu4KMgBAqkCAXhOp5EKOz7gAgCoAwHIAwiqBMQCT9Ce_LkZ-ih9_3VwID6q0I_3uetZOkI3Q7i4Amid6mFctbs62JDZreT7aRmhBWgCb0mc9zp1c55dy6gQ-BtxeHJaDSwwSXNw2F8NBRev7s5i-1_LbV8fSJfcbfkWiQL5pKh7y678hoSqwqooGvRJaxOED_uvLTeoLIh3iSKGW-6dkrIxzq_tWYm26dkH6AMI2TmvXtg_nVGs7iAJwPcM88vuig5ik1WA6_rCdwUQIjdZcHSuhKBd5oATlXV4NZX1uePEEkbYGz2OB5MbLCSk2Bh4HovRJ4ZAoOhvFeBOJXu3s2MGrvpeQwEwTzOSqlJg6vzdUyq3ByG3mjJflQqa8EnTVQYrDv56AGbq-QInZi5rEZ36tWQN3MzSLF3yd6vbYbcUDTMr63iohlD-wMLcfUXe1_pZaJ77vt6SKKkq3gvhlhArwAScj6Hz2gXgBAGIBafj0b1YoAYCgAerosyYA6gHp8yxAqgH4tixAqgHpr4bqAfMzrECqAfz0RuoB5bYG6gHqpuxAqgHjs4bqAeT2BuoB_DgG6gH7paxAqgH_p6xAqgHr76xAqgHmuGxAqgH1ckbqAfZtrECqAeaBqgH_56xAqgH35-xAqgH-MKxAqgH-8KxAtgHAdIILgiAYRABGB0yCIqCgICAgIAIOg2AQIDAgICAgKiAAqgDSL39wTpY8t_wz6nxkwOxCYREmDKIuheCgAoDmAsByAsBogwDkAEBqg0CWkHIDQHiDRMIrILxz6nxkwMVr07DBh0-GBhG6g0TCLOu8s-p8ZMDFa9OwwYdPhgYRvANAogO____________AdgTDdAVAZgWAcoWAgoA-BYBgBcBshcQGAEqCjQ1NDc0MDcyMjBQBroXAjgBqhgXCQAAAAAuJSdBEgo0NTQ3NDA3MjIwGAGyGAkSArlPGAIiAQDQGAHCGQIIAQ&ae=1&gclid=EAIaIQobChMImNLyz6nxkwMVr07DBh0-GBhGEAEYASAAEgJeUPD_BwE&num=1&cid=CAQS4wEABaugfUvbgvTl6XHasQFT3ehSLznJ2dUw2yN3l4QJmqH-DV4jAF900G_0eTVA65wkIxco0qhIxDtHpKmHMm6A0cWsiaGM562lOhguseJLMOmH7xDp3IoFhWl3cxyQzqvEeCwEF4fZxwwoCWyxiohNtuqqcNLPH5N0pk1kGUBTA1R6B01yrSxGgZ5bg_D-mmVZ55-Lgtv2WJxFnMID95P5_hVk44UzDU9hSo2vcKgPnYPYkhfNm6KzE1FSjiJd9HGP4_JWzrRRuB-0CY4Br1T_UBDMBotpSjpSPWN7b3PNwjBwXxgB&sig=AOD64_2O4ObEjQsyPKNTuR2kf5OjtyJtag&client=ca-pub-7732679874752919&rf=5&nx=CLICK_X&ny=CLICK_Y&uap=UACH(platform)&uapv=UACH(platformVersion)&uaa=UACH(architecture)&uam=UACH(model)&uafv=UACH(uaFullVersion)&uab=UACH(bitness)&uaw=UACH(wow64)&uafvl=UACH(fullVersionList)&nb=2&adurl=https://delicious-foodies.com/obon_mf_first_offerfix2_adstyle_01_260414_gdg_suothkxx61020357%3Fgad_source%3D5%26gad_campaignid%3D23751586215%26gclid%3DEAIaIQobChMImNLyz6nxkwMVr07DBh0-GBhGEAEYASAAEgJeUPD_BwE,https://delicious-foodies.com/obon_mf_first_offerfix2_adstyle_01_260414_gdg_suothkxx61020357?gad_source=5&gad_campaignid=23751586215&gclid=EAIaIQobChMImNLyz6nxkwMVr07DBh0-GBhGEAEYASAAEgJeUPD_BwE,,,,,
997,https://www.googleadservices.com/pagead/aclk?sa=L&ai=CiOK3z2vgacXDGeCfjeYP-oKDsQfQ_MuChgHfk5HqnRbc2R4QASCLiIMoYMfV_42EJqAB69G63ijIAQmpArRriMTlroM-4AIAqAMByAMKqgTOAk_QC65oxdQqKGelSkLo1QSh8U-RZHffevRdBE-q3dCmsWKAQVMvaw4V2YhvAEb4s5lmVOIQXK9pd56BQ5R8VfGJhWM6kJVnz6FSvG56oa1VM51eWUEmRORX23625Pom0H8X1x6GuDzSi4lXJHsiSBywlu54eA6yvGXle8KuOw_CL_AngW0NqhiVGrOeC5TstUqJN8yL0SdXdfgBCFiT-4jhHZcSnodiN83_Mr5dQ_y_rRIHZHR6_F-nzxFebePZ66A6N50viS-0GmA0VEsVhpHcBNNI1gJ1hr-TK9U8Qle_Roa9ZDH3eHq38J12YPZbu_0qKEgSQPxDpTo8xqmnsIT7TmPcCmz0M1t-pzySDej6-rO_sIwVjMo4yCLf8gUN6CD2id-RUXLhw5I74OBIxTIBzSQPhPsaPDWvW6udoYGj8ajr1Us41tFkV0iFTjjABImv_vWkBOAEAYgF_uSS40agBi6AB-uJi74DqAenzLECqAfi2LECqAemvhuoB8zOsQKoB_PRG6gHltgbqAeqm7ECqAeOzhuoB5PYG6gH8OAbqAfulrECqAf-nrECqAevvrECqAea4bECqAfVyRuoB9m2sQKoB5oGqAf_nrECqAffn7ECqAf4wrECqAf7wrEC2AcA0ggvCIBhEAEYnQEyCIqCgICAgIAIOg2AQIDAgICAgKiAAqgDSL39wTpYrp20qMrxkwOxCWyu6eMpqQCjgAoDmAsByAsBgAwBogwDkAEBqg0CWkHIDQHiDRMIjdi0qMrxkwMV4E_DBh16wSB26g0TCMCPtqjK8ZMDFeBPwwYdesEgdvANAogO____________AbgT5APYEw3QFQGYFgHKFgIKAPgWAYAXAbIXEBgBKgo3NTcyMDgxNjYxUAa6FwI4AaoYFwkAAAAA3PgTQRIKNzU3MjA4MTY2MRgBshgJEgKlahguIgEA0BgBwhkCCAE&ae=1&gclid=EAIaIQobChMIhee2qMrxkwMV4E_DBh16wSB2EAEYASAAEgJAVfD_BwE&num=1&cid=CAQS0QEABaugfU4iVUz9dFBUPXv5kkoYEunHeEul4CsMnZlDATX5YqOT1WyGsEbje0ZDXsjhVNuPztqD1jbpvuQdFA_wByqC-h0f4GT88Y2HeROFweSNChWoV2d6V7sPyRf0MXLu6PAOkw96_gE0KB8zbTVeTvQzMB233a13lEA9KawoMa2i1ytiWGDQhyawBDViZOZsTcU5R14UGQKer9Zucz94pUfxv5ZfyE59sqdiH6qF9XDnc_PYgkQ52jUFRxuufPH7K7FDI8gQNu_PAiCXF3GcbBgB&sig=AOD64_2upBTTIgyQm9Qf2CADQHjwNg5k-Q&client=ca-pub-9172700587175332&rf=4&nb=9&adurl=https://wanhesport.com/padel-tennis-court/%3Fgad_source%3D5%26gad_campaignid%3D18998407806%26gclid%3DEAIaIQobChMIhee2qMrxkwMV4E_DBh16wSB2EAEYASAAEgJAVfD_BwE,https://wanhesport.com/padel-tennis-court/?gad_source=5&gad_campaignid=18998407806&gclid=EAIaIQobChMIhee2qMrxkwMV4E_DBh16wSB2EAEYASAAEgJAVfD_BwE,,,,,
1156,https://www.googleadservices.com/pagead/aclk?sa=L&ai=CjG31sEXgaejiGoubjeYPiOTpoQOg9Oi7hgGLrJu71xXc2R4QASDenax1YMfV_42EJqABvKirq0PIAQKpAn4HhDwIZXA-4AIAqAMByAMIqgTKAk_QX9z7vpC7w5skYvEb0e_l9szQOdB3yb49E4PB_fdQ1HyrrpNP0CmFWCvYmzM2Eh1awlU-NcW7zqGIkv3P_aDGeLneHGVUcWxQez9wH9VzK46Q6Ku3riwjerGWvBxXe0Dc887sYYKotBMucu-erxepFCAJ1UCDFxoXi52xsQ-E8_nMAi6icexZj_5pBbVKabcIgbp4oadHs1Au8mA_GjksMKJWmYwTnNCw5sB2Z18k-orHy_3OY1vyMjNMraciY54y2Bebl64z14_t9ZgLsJEmWpjPg4W04RKWebiQGdpIiv5es3zL3aGlJ9kobYTbd6f6clFEytbfZlBkzkbj-Z-CNnAXdYlGnp3k_1P1z4n5eRYdZ_DkWPOKcz61wYrAa1MOdERPQh9azzImuPgoUFTiIG9JzamH_yQ8bdLn9GIzmUQQ0Y72jc8bgMAE4bvLwOEF4AQBiAWUtu20WKAGAoAHvOD7ih6oB6fMsQKoB-LYsQKoB6a-G6gHzM6xAqgH89EbqAeW2BuoB6qbsQKoB47OG6gHk9gbqAfw4BuoB-6WsQKoB_6esQKoB6--sQKoB5rhsQKoB9XJG6gH2baxAqgHmgaoB_-esQKoB9-fsQKoB_jCsQKoB_vCsQLYBwHSCC4IgGEQARgdMgiKgoCAgICACDoNgECAwICAgICogAKoA0i9_cE6WKb53vql8ZMDsQn21raHGSfCtYAKA5gLAcgLAaIMA5ABAaoNAlpByA0B4g0TCLCi3_ql8ZMDFYtNwwYdCHI6NOoNEwj8oeD6pfGTAxWLTcMGHQhyOjTwDQKIDv___________wHYEwPQFQGYFgHKFgIKAPgWAYAXAbIXEBgBKgoyODkzNzU3MTUyUAa6FwI4AaoYFwn_____X_0OQRIKMjg5Mzc1NzE1MhgBshgFGAIiAQDQGAHCGQIIAQ&ae=1&gclid=EAIaIQobChMI6Pr9-qXxkwMVi03DBh0Icjo0EAEYASAAEgJpIfD_BwE&num=1&cid=CAQS0AEABaugfVw-_iCOyJwaIAk4k2mdjXdCEtU5aOtcLtPN10G5B1aOvWCpPDqF5bCAyshMxnyz6i_09iIlJGuBu7ujnEvkuj5ruihDUEJ1_kbDgQVgUxtgY7UEItXiv4hlDSP2ddQGRtdXK-hQ8V1QTFmJ0lOreixxTDb4OK6HBBvDeds7fHzg4O7sVly9CIAeknQqQD3SBR6ICWjLbj94pBBMziw65Mr8DcBhywILdgs7NijqFzrLMmjYT-dotQszB-uDa6IkVi3iWZ7IXlIjUOaCGAE&sig=AOD64_2sXImVibOFrPeOo3t4BXoNCH4GLw&client=ca-pub-7209808242714184&rf=5&nx=CLICK_X&ny=CLICK_Y&uap=UACH(platform)&uapv=UACH(platformVersion)&uaa=UACH(architecture)&uam=UACH(model)&uafv=UACH(uaFullVersion)&uab=UACH(bitness)&uaw=UACH(wow64)&uafvl=UACH(fullVersionList)&nb=2&adurl=https://www.jhbcityparksandzoo.com/services-facilities/cemeteries/alternative-burial-methods%3Fgad_source%3D5%26gad_campaignid%3D23733164820%26gclid%3DEAIaIQobChMI6Pr9-qXxkwMVi03DBh0Icjo0EAEYASAAEgJpIfD_BwE,https://www.jhbcityparksandzoo.com/services-facilities/cemeteries/alternative-burial-methods?gad_source=5&gad_campaignid=23733164820&gclid=EAIaIQobChMI6Pr9-qXxkwMVi03DBh0Icjo0EAEYASAAEgJpIfD_BwE,,,,,
1108,https://www.googleadservices.com/pagead/aclk?sa=L&ai=CLdj0XGjgaeq_OIyijeYPkJyh-QyOw9L7hQGzwoSn2xWt95_B6UYQASDa8Y4MYMfV_42EJqABk7D20gLIAQGpAlTO-HYzzrM-4AIAqAMByAMKqgTxAk_Qq5_QWlFZ8xlDifRvVeg4F1Ra3Nvm_T14Im-1MLCSI_SSKurv4GATnVx_lrT8KTVPWwa02uxOu1lG5xxVtEM_NnSYbXvg2MkkOqt93uBbI0UzGqPGe8UjKRZIep36HrE9u3oCfZzBk-bghB3wGoNGg8sYHPl7e7bzbYWGXedmxVGcQzt2EdKm4tGrIYaJmjk8JrlnHk7Yhr8SLH4dQbRRSfYDWmmSOkLf95D3e0MfhzLmiT0xqjBszSyHuqIERcuT6228PDUKzassE-d8ejMCYPBHJcPs4I16ig4AKTZ3KsFsk5jUEpwFIDw89T0hJBMeDhFYbMr2xvu_2RP80njP0uUUvH5D27x9KCk_bJ8VkP_0MGTGeKxLoKsOzk2r_dYMTNSzo3fgoNZTKEjznBk1fKFpdH6iX4FHEutLUV9l8xux_JMPbX9JROoCCnXtPder95nIHvWnlI7ijrMyMcikGnVdz2W9bKrgh3988PBVbMAEioDb4doF4AQBiAWJ8IHdT6AGLoAH1c-JrQGoB6fMsQKoB-LYsQKoB6a-G6gHzM6xAqgH89EbqAeW2BuoB6qbsQKoB47OG6gHk9gbqAfw4BuoB-6WsQKoB_6esQKoB6--sQKoB5rhsQKoB9XJG6gH2baxAqgHmgaoB_-esQKoB9-fsQKoB_jCsQKoB_vCsQLYBwHSCC4IgGEQARgdMgiKgoCAgICACDoNgECAwICAgICogAKoA0i9_cE6WILbqIPH8ZMDsQlw13AhdgWLn4AKAZgLAcgLAaIMA5ABAaoNAlpByA0B4g0TCOP-qIPH8ZMDFQxRwwYdEE4oz-oNEwimmaqDx_GTAxUMUcMGHRBOKM_wDQKIDv___________wGwDpzdyvkY2BMM0BUBmBYByhYCCgD4FgGAFwGyFxAYASoKOTYyMDQxODExMFAGuhcCOAGqGBcJAAAAAFTZHEESCjk2MjA0MTgxMTAYAbIYCRIC41kYLiIBAdAYAcIZAggB&ae=1&gclid=EAIaIQobChMI6t3Pg8fxkwMVDFHDBh0QTijPEAEYASAAEgJHo_D_BwE&num=1&cid=CAQS4gEABaugfbNJKqSjj5kmUzbx4_GJ0Jc0ZxHwJR1Li_q3h70fM6oFA7IlU9JkdVu_hSR2XVwClwweAdXQQFs9K2jJZFE7qYrPNQSmb2hVaYVJFslfb5seiVZt7fnJ2ZIKxx7GWKp6hLurfBz4CoIcRbiDFdLsh5EldsqOQwWaGoXu6RdpfUjVLV-hf6Ob8EeBXiG-c3fqd9dNW7jMbtANETv-atTDOBi9jKv1AVAFp2QR6M2kjD9jHHACoCKo81ZqxFGh8eJ1xOKrBCBgjr9RDt2qaku7j9v4IKywn3ca17QUfnYRGAE&sig=AOD64_2EIuU271EIL1wquahabif99Ga-jw&client=ca-pub-9783515403541006&rf=4&nb=0&adurl=https://getryoko.com/ryoko-pro/product%3Fl%3Den%26vndr%3Dryoproggsan%26subid3%3D21401465215%26subid%3D%26subid2%3D%26subid4%3D%26gad_source%3D5%26gad_campaignid%3D21401466889%26gclid%3DEAIaIQobChMI6t3Pg8fxkwMVDFHDBh0QTijPEAEYASAAEgJHo_D_BwE,https://getryoko.com/ryoko-pro/product?l=en&vndr=ryoproggsan&subid3=21401465215&subid=&subid2=&subid4=&gad_source=5&gad_campaignid=21401466889&gclid=EAIaIQobChMI6t3Pg8fxkwMVDFHDBh0QTijPEAEYASAAEgJHo_D_BwE,,,,,
972,https://www.googleadservices.com/pagead/aclk?sa=L&ai=CFSBTPKHfaZaJKbuB3NMP-8vwwQGqs-mjhgH21casoAzjscqwgxwQASCj_sIfYJsDoAGN4siWAsgBCeACAKgDAcgDCqoE3AJP0Nk2QaGiC24ejdMMFrFar0hZu0r7Z9tS0DeWCiN4ejlTbJlFhkSg2K98Ax-FTz3rZjfF0-bZZNCp4Q5DduWywnAcU6e3EOkJAvMbJ5lENl-5sBfW9r9gWwQUvGqEKGE7Vmzu4NBfLcjy7jEe50fSMCivpDSGoR_8f8ADkkrxSRNc5ILLRHh4BiMAlCoaGZELJmI_Le-e9RF3SON6LGJA984xH5aVEOXWqxcX2hxTtKp8RJucJsuuL_wojLMvIafDXZ-rzEX0NcEc6HXXby_FYKQjgJn5a7Jr7FkFHnOBuzCzARGZO-39170JTzVA-LUSuaKUj8Q_lK7WbAsn9SOumZikxr7usZYnSyOzYTG7AkXsBaHBvyzYN29aS6xB1K88RWwNlGFJu8GQjYVSRJ41bnBXDlcOB_5JyonkX43WgL0-SxOu5bVfrRl3DIUrYhwAUsd2p-A8_iVe9T7ABJytuf-eA-AEAYgF1cjpxymgBi6AB9udt-kBqAenzLECqAemvhuoB8zOsQKoB_PRG6gHltgbqAeqm7ECqAeOzhuoB5PYG6gH8OAbqAfulrECqAf-nrECqAevvrECqAea4bECqAfVyRuoB9m2sQKoB5oGqAf_nrECqAffn7ECqAf4wrECqAf7wrEC2AcA0gguCIBhEAEYHTIIioKAgICAgAg6DYBAgMCAgICAqIACqANIvf3BOlj_y4OQifCTA7EJyWCUXGa1xbeACgOYCwHICwGADAGqDQJLUsgNAeINEwjg-YOQifCTAxW7AHcEHfslPBjqDRMI74SFkInwkwMVuwB3BB37JTwY8A0CiA7___________8B2BMDiBQK0BUByhYCCgD4FgGAFwGyFxAYASoKNjgwOTgwNTU4OFAGuhcCOAGqGBcJAAAAAABw50ASCjY4MDk4MDU1ODgYAbIYCRICqk4YLiIBANAYAcIZAggB&ae=1&gclid=EAIaIQobChMIlpegkInwkwMVuwB3BB37JTwYEAEYASAAEgKpvvD_BwE&num=1&cid=CAQS0QEABaugfXWtUJJYD2-lDCxd8isQE0hyZDLLSCj9h4WK0QzIMA0hcINJ8OXV-8ta8yYt8q-Nl6rR6xsvBF0_0gGunLoTQ8ne-Gppbt3hdSVSxPKB6ZiXjENBqVAJXDT8aXZVrI9bIfTbyYd2AlQSfiCGe3hocty4C68JQpHvK5ic5H81L4zFw56woJl7D0OmauBu24RXSG-2MmJf9ldOF_phkpGrr2t9PnNzJBKamxAIILdjuxKA2GjHh1BQoFPcbXYF03LiMXn35NDIuFQ1jPeYGRgB&sig=AOD64_0T3CH7AwvNaY6IuHRsymw_FWi7Ww&client=ca-pub-3805416966001714&rf=4&nb=9&adurl=https://www.aerostarmfg.com/%3Futm_source%3Dgoogle%26utm_medium%3Dcpc%26utm_campaign%3D%26utm_term%3D%26utm_content%3D467391815000%26utm_id%3D11156481109%26ad_group_id%3D111399556764%26match_type%3D%26network_type%3Dd%26device_type%3Dc%26ad_position%3D%26target_identifier%3D%26placement_url%3Dwww.infobae.com%26physical_location_id%3D9060440%26extension_id%3D%26gclid%3DEAIaIQobChMIlpegkInwkwMVuwB3BB37JTwYEAEYASAAEgKpvvD_BwE%26gad_source%3D5%26gad_campaignid%3D11156481109%26gclid%3DEAIaIQobChMIlpegkInwkwMVuwB3BB37JTwYEAEYASAAEgKpvvD_BwE,https://www.aerostarmfg.com/?utm_source=google&utm_medium=cpc&utm_campaign&utm_term&utm_content=467391815000&utm_id=11156481109&ad_group_id=111399556764&match_type&network_type=d&device_type=c&ad_position&target_identifier&placement_url=www.infobae.com&physical_location_id=9060440&extension_id&gclid=EAIaIQobChMIlpegkInwkwMVuwB3BB37JTwYEAEYASAAEgKpvvD_BwE&gad_source=5&gad_campaignid=11156481109,,,,,
1085,https://www.googleadservices.com/pagead/aclk?sa=L&ai=CT6oF8Evgacj_MrDujeYPnpbs0A_Kqc6OhgHG2YuEwhWZ3PX1kg4QASDa18U5YMfV_42EJqABhYjehkLIAQmpAqrH51cZz7M-4AIAqAMByAMKqgTTAk_QT8yuY48O5KXSTboFYtQtLiGGPVwkiKv_G2zn-xIq7ftHSgm4xVinKDcEG6qhBXuXO7S-RCy54GbiNvuq9LxvWJ0t1pX4Pq2o-sh7quhNnyrUjltVmL8jgSpgvbYRfnv3H_Njm09YsEtN1X8Yolb7DQaEzWSxnBv7P7bY8FZvHU2Iw--5oyFkzfrCQlhmaHyVLK_JuTK1rhWkEy77l1O7cVil8DNnkVIiMkE4xJHmZ4UdAHT4S4qLWfFEGBebraJGRsu-RGcvwfBNvXGOxKS9Y3ZWGIAyT1BnVCdFHZLNmToRk7zOZ_VwOzwnf5VvALAzETEsULVGPmS-VhRER9yK0olcZjADiXAjJev1Dae3tHDkJ67RbTHunSfPkmcNUYHYJLblHP9UU8nBvqBrIlDiOzNsNSW1DNTOWqj3XTzhmOjNeyD7sA7GeyNmUw10_hK3dsAEwM7PxtYF4AQBiAWux4TQV6AGLoAHhcCu5hyoB6fMsQKoB6a-G6gHzM6xAqgH89EbqAeW2BuoB6qbsQKoB47OG6gHk9gbqAfw4BuoB-6WsQKoB_6esQKoB6--sQKoB5rhsQKoB9XJG6gH2baxAqgHmgaoB_-esQKoB9-fsQKoB_jCsQKoB_vCsQLYBwDSCC4IgGEQARgdMgiKgoCAgICACDoNgECAwICAgICogAKoA0i9_cE6WOrwjPar8ZMD8ggbYWR4LXN1YnN5bi0xNjE0OTEzNTk4ODc1NDk2sQljBGjBLlsl2IAKA5gLAcgLAYAMAaoNAlpByA0B4g0TCMWPjfar8ZMDFTB3wwYdHgsb-uoNEwjsjo72q_GTAxUwd8MGHR4LG_rwDQKIDv___________wG4E-QD2BMNiBQF0BUByhYCCgD4FgGAFwGyFxAYASoKODQ2NjE1NjM1NFAGuhcCOAGqGBcJAAAAAGAo80ASCjg0NjYxNTYzNTQYAbIYBRguIgEA0BgBwhkCCAE&ae=1&gclid=EAIaIQobChMIyLeO9qvxkwMVMHfDBh0eCxv6EAEYASAAEgJQhvD_BwE&num=1&cid=CAQS4gEABaugfUumv6vqBmyARlKeJNSgMK9pipTzI25KouuZ6E2kKr2-RiMOu1dVL3Y_fwVgZmkJ5jt9xcM5jId1LFHXs6tm1x5qT3Z-0cGuUqjtpu34kLF-63TwR0zf9gFdQ7FfTt6frjLZTS57IXX-V2Iljb70pmn-0HbmVaCAKB5bq-w1FVtyqRXDYzv7t_fX6Qew1hBAriyLFYY3HN-tjicFNqtI3aMStKaefttUcnddxq5WlJsVdidJlkOsm2Mw0mgS2vYUvIrX2mkh9EcorOFiGqF7JeCrFixuGLtoP-dkD6XjGAE&sig=AOD64_2c5MeZlUO3_66RoJnynwn9IHUJVw&client=ca-pub-3605257360853185&rf=4&nb=9&adurl=https://usoftware.co/blackbox%3Futm_source%3Dgoogle%26utm_medium%3Dcpc%26utm_campaign%3DDisplay-3-Speed-Vendor-Exit-BlackBox-PDF%26utm_term%3D%26utm_content%3DOutsourcing-Alternative-Switch-to-Ownership%26hsa_acc%3D1618132968%26hsa_cam%3D23521731502%26hsa_grp%3D195032246080%26hsa_ad%3D795287020252%26hsa_src%3Dd%26hsa_tgt%3D%26hsa_kw%3D%26hsa_mt%3D%26hsa_net%3Dadwords%26hsa_ver%3D3%26gad_source%3D5%26gad_campaignid%3D23521731502%26gclid%3DEAIaIQobChMIyLeO9qvxkwMVMHfDBh0eCxv6EAEYASAAEgJQhvD_BwE,https://www.usoftware.co/blackbox?utm_source=google&utm_medium=cpc&utm_campaign=Display-3-Speed-Vendor-Exit-BlackBox-PDF&utm_term=&utm_content=Outsourcing-Alternative-Switch-to-Ownership&hsa_acc=1618132968&hsa_cam=23521731502&hsa_grp=195032246080&hsa_ad=795287020252&hsa_src=d&hsa_tgt=&hsa_kw=&hsa_mt=&hsa_net=adwords&hsa_ver=3&gad_source=5&gad_campaignid=23521731502&gclid=EAIaIQobChMIyLeO9qvxkwMVMHfDBh0eCxv6EAEYASAAEgJQhvD_BwE,yes,yes,yes,yes,yes
1253,https://www.googleadservices.com/pagead/aclk?sa=L&ai=CkVdiqVLgafj4L53ujeYPg6eTKdb05st83L3g8sUSi4GUt40OEAEgk9jSH2DH1f-NhCagAd_Ti9UDyAEJ4AIAqAMByAMKqgTCAk_Qi6kPNLWi1gb2evmWBNpNNBoUi6in62giQ39_hofPwJ7wkDVLmWAcpN7Gmc5RyTLxYF_9NnDMOZJ2kHM1cYDVPT-GJxTXRb02AcqZew8Gx5Fr2s2rNdsLIoTQWZAeH9H4GSpWMfOqcI8LB3RSU42uf6R9nL02C3qm3yhNT6yU9l3PQ92fy_27jbmIhFQnLA639ivLsCX7aFoykbF2lUpM84FX6em4bwRqMo0Cc9m8neC3x4QhIg5DO-uzGkV_jOZ4FV4bgF-XMbIBBPRfSElUcx-Y71guQkWgSt47gnQCRBSsnKlF3pXfE14bMrKnu9WT1DTKC2pRpwC_C53baEcOaYyRrJvVR3dvryvE_hSbQ95TkSJN_-CDuHrf9QVRPWiwvCvJP0S-7UQEh0KJaylc0bEL8_m2BQ21l3yuZ6ogKUrABOa4wZLtAeAEAYgFhNCDjQagBi6AB4ms9CqoB6fMsQKoB-LYsQKoB6a-G6gHzM6xAqgH89EbqAeW2BuoB6qbsQKoB47OG6gHk9gbqAfw4BuoB-6WsQKoB_6esQKoB6--sQKoB5rhsQKoB9XJG6gH2baxAqgHmgaoB_-esQKoB9-fsQKoB_jCsQKoB_vCsQLYBwDSCC8IgGEQARidATIIioKAgICAgAg6DYBAgMCAgICAqIACqANIvf3BOljxndqqsvGTA7EJN0ayI8sXoEOACgOYCwHICwGADAGiDAOQAQGqDQJaQcgNAeINEwie0NqqsvGTAxUdd8MGHYPTJAXqDRMIoPjbqrLxkwMVHXfDBh2D0yQF8A0CiA7___________8B2BMNiBQI0BUBmBYByhYCCgD4FgGAFwGyFxAYASoKNjIxMzEyMzAyNlAGuhcCOAGqGBcJAAAAAEDT-EASCjYyMTMxMjMwMjYYAbIYCRICr08YLiIBANAYAegYAcIZAggB&ae=1&gclid=EAIaIQobChMIuPHcqrLxkwMVHXfDBh2D0yQFEAEYASAAEgJ_8PD_BwE&num=1&cid=CAQS0QEABaugffhEYbZN6KTcMkBU2SQivJ0ZCf1oBej-5mZgo4sEvWbjbIa7zXGWxtIse8lKpZFkWZ2s-8reWbeMllHY_U4Ch1bjYknOPPJ2KPz2isWk8QZJan8hzTvaWMalzdSMoG8U3PhBc2C7HToxNRtQPAG9TNx4vZYgd8-cL2I3FEyp8lxJsIcSi9sttSxiXB4cTKu9kNW-LSE-CVbp2vQ8_WyxwGVQ1KbtHl2zxMnuj5Rgk0rcY5gnTlgqOXLB2H_YVu52dA6JTyz-brKbYPspjhgB&sig=AOD64_1XuWtomMNr8QOSqgg25U9JfnkN0g&client=ca-pub-2870152834215954&rf=4&nb=9&adurl=https://www.mrtargetonline.com/product-category/best-sellers/%3Forderby%3Dpopularity%26utm_source%3Dadwords%26utm_medium%3Dremarketing%26utm_campaign%3Deveryone%26gad_source%3D5%26gad_campaignid%3D1637935108%26gclid%3DEAIaIQobChMIuPHcqrLxkwMVHXfDBh2D0yQFEAEYASAAEgJ_8PD_BwE,https://www.mrtargetonline.com/product-category/best-sellers/?orderby=popularity&utm_source=adwords&utm_medium=remarketing&utm_campaign=everyone&gad_source=5&gad_campaignid=1637935108&gclid=Cj0KCQjwkYLPBhC3ARIsAIyHi3Sh9-xT5i9g22xHiJkZUXZ5kk--Qp_HDlEcSXcaonPz9jyTz4G3VZQaAtmNEALw_wcB&v=55add3d845bf,,,,,
1232,https://www.googleadservices.com/pagead/aclk?sa=L&ai=Cg2MU-FXgafK-K5_9ovUPnvD0iQbrpZmIhgGRo8bcnxXc2R4QASCL1bEgYMfV_42EJqABpfKF8yjIAQOpAqUiZnsiZnA-4AIAqAMByAMIqgTvAk_QSuYZxFIVBYTA27hJRfE3AO7f2pRqICI3dv_18bYbMgT8gaBAbjjLMo8uEA6AfI5MVxOrh8pU3KCdUphifgIZejbq27V-23DZG2chhcm6LLOMRU3HTlawzaGd6MdMCY8dj4DFIU76gjrZMMYvk9KOWHsg53iyyosa4-tD3PPcUhEMbUFoCp8K35VbLIUUyvZx5xyHK2eoLlnuRgRqhKfe5zw7WEu5X9SMzgHd_LSvE1XSFtI9LZQ31jduEnj8breBczhEx0e6wiFc_htW6FaKr56J01EvR_WPjcxTqBS_hDNlP0OqIzhTqNvGQnSi9LytE5Ku3miWQqLMJCW77KAgS5iC6sg6vtRwsj36jnd5jiS8rsZfOrActFj7V1jUDiAqj-0qKjnB3aA0um1HerK-70NNIpCH3-kpUthDB-5zRn0Tnzg75oop67CwW9cZdAx9xzY3EWZqZjcEOivS2HVmklmTeQUphyPEiKBgA2vABPbooaK2BeAEAYgFjty4tlagBgOAB6Wq1tIDqAenzLECqAfi2LECqAemvhuoB8zOsQKoB_PRG6gHltgbqAeqm7ECqAeOzhuoB5PYG6gH8OAbqAfulrECqAf-nrECqAevvrECqAea4bECqAfVyRuoB9m2sQKoB5oGqAf_nrECqAffn7ECqAf4wrECqAf7wrEC2AcB0ggvCIBhEAEYnQEyCIqCgICAgIAIOg2AQIDAgICAgKiAAqgDSL39wTpY7fm8vrXxkwOxCen0iHY-Dl7MgAoDmAsByAsBogwDkAEBqg0CWkHIDQHiDRMIla29vrXxkwMVn76oCB0eOD1h6g0TCJzivr618ZMDFZ--qAgdHjg9YfANAogO____________AdgTCtAVAZgWAcoWAgoA-BYBgBcBshcQGAEqCjg5OTA0MTE5MDRQBroXAjgBqhgXCQEAAAC4ow5BEgo4OTkwNDExOTA0GAGyGAUYAyIBANAYAegYAcIZAggB&ae=1&gclid=EAIaIQobChMI8prJvrXxkwMVn76oCB0eOD1hEAEYASAAEgLq6_D_BwE&num=1&cid=CAQS0QEABaugfVV3y-E3ac90dkdJ6uFzkI63Z9Xk7eLblvcRX5ANuxTBgDwOBZiSOhUSv13CJtBw6d9a6mS4slB2qKxR1zsjlqE4JozRs2BC6HwxvYIiNy7j3ilJg_ncYkwV9kifwc9f75WA35Fwtu5uAnHNd7K6PNkE3-nJ2p_Q7fk4WqpxSmKJn7pN3gBRWJ_1OJtq19AlTDAsG_y7EGQ6jhPj8O-UE4J2YEbHFWfZdRg5L05qnq2lecV2Uu9I1GpNNKAm1AeeaDpGA9qF-sggJIroExgB&sig=AOD64_2anHPN9ksf8NIswoD0v1_6oCQ3eA&client=ca-pub-2378110306265632&rf=5&nx=CLICK_X&ny=CLICK_Y&uap=UACH(platform)&uapv=UACH(platformVersion)&uaa=UACH(architecture)&uam=UACH(model)&uafv=UACH(uaFullVersion)&uab=UACH(bitness)&uaw=UACH(wow64)&uafvl=UACH(fullVersionList)&nb=2&adurl=https://www.thevirtualagent.co.za/%3Futm_source%3Dgoogle%26utm_medium%3Dcpc%26utm_campaign%3DTVA%2BDisplay%26utm_content%3Dvetro%2Bleads%26campaign%3D23199624718%26content%3D786703037952%26keyword%3D%26gad_source%3D5%26gad_campaignid%3D23199624718%26gclid%3DEAIaIQobChMI8prJvrXxkwMVn76oCB0eOD1hEAEYASAAEgLq6_D_BwE,https://go.teledynelecroy.com/l/48392/2026-01-11/8r5rdm?gad_source=5&gad_campaignid=23020362633&gclid=EAIaIQobChMI9dKuqZrwkwMVpkvDBh3c3i6cEAEYASAAEgJDyfD_BwE,,,,,
1139,https://www.googleadservices.com/pagead/aclk?sa=L&ai=CJsLrPl_gacikIZu6geAPkLaKoAPouO77hAHR7dmSlxKX8fP9CBABIIWv8x5gx9X_jYQmoAG88KzpKcgBAuACAKgDAcgDCKoElANP0N4KQTyvOf7IGeA2tZuhYajlNny90X58YHFAkKVg4cPLP8PBRgTm0OVvzyElwr4cbRnjbNS10lzF9vVGkwcVayUc2xr3aB3c9rjpHPlyj7nansyaoxryfGnk1RRPurKHg0_KARRw9MWYxG7_JuznWqN9wAjbQ6Oq4eih4V1ryQqzIz1J9OBc5tA2hK6tmsoyxFZCsmwSAtxWISvggNIV-U18wgshRf0EA03DXAdoiqGoy63gfWqcqAibkJ8tPm0AD_Q245bqqCCqkgq0fRJk9odv9seDb9E0wZXPPvkaNYDUQYr3azw-afurfRSYxOPUXPTf-iSr6Qm7sS99u2W9LVTu_8_XbWIet4ni4WvyvF1-0xxmLDnxpf7ur2oiOtR-w1XKFDru0xlE2T7oLmJC3tfMayUyyxb6PkNWPGUcUS56aiXRHucnXden7CSwG5Yyu2jhjYX_pdz-rLRMqrdGmkzhuG6ds45zrG4RxKIbG72YhU6ZwPr-1O46qQB04a33-_QItQ2wsnK0urOcr0Rk4T3a2sAE3LL9pdsE4AQBiAXC_9DOS6AGAoAHvKj9yASoB6fMsQKoB-LYsQKoB6a-G6gHzM6xAqgH89EbqAeW2BuoB6qbsQKoB47OG6gHk9gbqAfw4BuoB-6WsQKoB_6esQKoB6--sQKoB5rhsQKoB9XJG6gH2baxAqgHmgaoB_-esQKoB9-fsQKoB_jCsQKoB_vCsQLYBwHSCC4IgGEQARgdMgiKgoCAgICACDoNgECAwICAgICogAKoA0i9_cE6WLGNvKq-8ZMDsQlq2pvYakw3koAKA5gLAcgLAaIMA5ABAaoNAlpByA0B4g0TCIKNvaq-8ZMDFRtdAAYdEJsCNOoNEwjZhr-qvvGTAxUbXQAGHRCbAjTwDQKIDv___________wHYEwrQFQGYFgHKFgIKAPgWAYAXAbIXEBgBKgo1NTAxODI5NTc4UAa6FwI4AaoYFwkAAAAAPkMhQRIKNTUwMTgyOTU3OBgBshgJEgKqThgCIgEA0BgBwhkCCAE&ae=1&gclid=EAIaIQobChMIyLvAqr7xkwMVG10ABh0QmwI0EAEYASAAEgJXjvD_BwE&num=1&cid=CAQSzwEABaugfZZou0MRkjOxRcNUDVuhkFQ2l6FGDGYrNhtCN-SPbALEtLgPm54pSUvgC1igvM3-mYHMmE7So0f41znV6FieOvURqg6vqH6mOZKnnXQlt8sXU9v5AIRn9Ddg2LDplU01UTJv1FvGdzvDfOU7XLefP9L5vZvM2856oiWQmUeV1YZglsEtOF1GEMorMNdqEpR8xXVNOrbmTUu3dH5khaP8bodKZ9ySqxJ1puJpLt5Fllg9VePC0TYJsjXsrZhOzUsUk0ZJq7lWgUG6ly4YAQ&sig=AOD64_3sK_tCT3x7ugcawT356UwtObPiwQ&client=ca-pub-6131228133143733&rf=5&nx=CLICK_X&ny=CLICK_Y&uap=UACH(platform)&uapv=UACH(platformVersion)&uaa=UACH(architecture)&uam=UACH(model)&uafv=UACH(uaFullVersion)&uab=UACH(bitness)&uaw=UACH(wow64)&uafvl=UACH(fullVersionList)&nb=2&adurl=https://www.rcdperformance.com/cpx-pump/%3Futm_source%3Dgoogle%26utm_medium%3Ddisplay%26utm_campaign%3Drcd_cpx_fuel_pump%26utm_source%3Dgoogle%26utm_medium%3Dcpc%26utm_campaign%3D20297564098_161946229084%26gad_source%3D5%26gad_campaignid%3D20297564098%26gclid%3DEAIaIQobChMIyLvAqr7xkwMVG10ABh0QmwI0EAEYASAAEgJXjvD_BwE,https://rcdperformance.com/cpx-pump/?utm_source=google&utm_medium=display&utm_campaign=rcd_cpx_fuel_pump&utm_source=google&utm_medium=cpc&utm_campaign=20297564098_161946229084&gad_source=5&gad_campaignid=20297564098&gclid=EAIaIQobChMIyLvAqr7xkwMVG10ABh0QmwI0EAEYASAAEgJXjvD_BwE,,,,,
1057,https://www.googleadservices.com/pagead/aclk?sa=L&ai=CTZijBc3eaav_EP2VjeYP9uj8qA6xqJufhQGKp_vc7BTQ_ZeM80YQASD84akZYKW4moCcAaABicu4hD7IAQGoAwHIA8sEqgSgAk_QFgWf8uVI7-7k2YA6tQuSuUm97_BCn3d-i6P6vzDRiDlnqI8WE3FzsIKiFtmTQ62jHZfEXGwXbuLO39e9XYhFNIceI5mrF7PDcVsD99RpQV33MO-pfKIT4LRT24663gZfChmGIAP-8ggrM2jfOpgyz0qsmuwga8G8xnpI4DqbHUiAZKDdMzFQIx06Am3IL82kY8rbYyCiT9iA8o41SZ1YSxVdv9gNcWJSQFCklpJ23zHTBjSdisttQEDfgbj-s7GYBr1-VK1nn8gEKYMJiHWwq8LJjl7Li94FbIaAs-38B_MJLUS0BOKQNfYhTr1uouD1bS_yCm1a_ARy9Vb2qnlqOyNEqZ7EB5dLdoeg0vn5zR9lFRh7nHyXcuYSS40qysAE5IWkwMYFiAXPh7WAVYAHiYOJ5BioB6fMsQKoB-LYsQKoB6a-G6gHzM6xAqgH89EbqAeW2BuoB6qbsQKoB47OG6gHk9gbqAfw4BuoB-6WsQKoB_6esQKoB6--sQKoB5rhsQKoB9XJG6gH2baxAqgHmgaoB_-esQKoB9-fsQKoB_jCsQKoB_vCsQLYBwHSCC8IgGEQARifAzIIioKAgICAgAg6DYBAgMCAgICAqIACqANIvf3BOliC-vbevu6TA7EJgfwIjW1KzcWACgGYCwHICwGiDAOQAQGqDQJBVcgNAeoNEwitm_fevu6TAxX9SsMGHXY0H-XwDQKIDgnYEwPQFQGYFgHKFgIKAPgWAYAXAbIXEBgBKgoxMjE2MTE4MDEwUAa6FwI4AaoYFwkAAAAAAOzzQBIKMTIxNjExODAxMBgBshgJEgK3URgBIgEA0BgBwhkCCAE&ae=1&gclid=EAIaIQobChMI65X33r7ukwMV_UrDBh12NB_lEAEYASAAEgK76vD_BwE&num=1&cid=CAQS0gEABaugfeFtVdE5j_brwXHMvYVB4siLLB7lweLhvouWyo8x9k-gnIDAND8fFKFAmwylrDty0P7MuqF4OBn3LMgw8UnKQQH_Kv4JcuC4ecWlV7jvhsQ6u6sWGH1ptP5y3gdntk5KRyGaWuj4u5NfiN9tQsKNgM-yZuWhZvVcOl8jo7Z3YAhwCLGoiZonGcVDY8K0l0Hrm0PuMaswEB0IF4K6xHMP3mqWIRXLEoN9uuvL8P4BxMKem9xKEaati0S7lJEai306iWErleY2ZNrSID658swYAQ&sig=AOD64_3kbzOhlrBUpSQWWUDBe4J7r9Uq9w&client=ca-pub-7694956726795277&rf=1&nb=2&adurl=https://momcozy.com/collections/baby-bottle-warmers%3Ftw_source%3Dgoogle%26tw_adid%3D774407843734%26tw_campaign%3D22817883087%26tw_kwdid%3D%26gad_source%3D5%26gad_campaignid%3D22817883087%26gclid%3DEAIaIQobChMI65X33r7ukwMV_UrDBh12NB_lEAEYASAAEgK76vD_BwE,https://momcozy.com/collections/baby-bottle-warmers?tw_source=google&tw_adid=774407843734&tw_campaign=22817883087&tw_kwdid=&gad_source=5&gad_campaignid=22817883087&gclid=EAIaIQobChMI65X33r7ukwMV_UrDBh12NB_lEAEYASAAEgK76vD_BwE,,,,,
1203,https://www.googleadservices.com/pagead/aclk?sa=L&ai=CWI_gEuveaay5O5y_geAPrfzk4A6q8dK-hgGD0dPMqhCtl9a8ixAQASCS5skmYIkDoAGmlPbEA8gBAeACAKgDAcgDCqoEqwJP0CGIh1g21AtLgV168A9-_mNNlwpTZeKZxte5EFhhnRZHo4IURgHi96Lehy7txM-z83-q74cAZ5YntJLVIjSs9TvR27yNoHMsf7l9GVJ7b0PIQkLVNPaWRWgVHHbChN_8YPTCy_8MlQ59dW9EWSp3a6mCSEsgWy1_95cPQTu2fg3Dst5-S410cvIMiVrYajibouebsMFvorls_TRqBtsUyvF_OFijG_IznEHwJ8KPXctCUyfai3Pg86HZuslFY6ueZPDvGPpa_Df0YUMtzuwerLSfYiuRc29XHTDd3ueZSMBRUEEmRhTCKgEk9QPFOVcZkrjzfiub_fcFna-ygMd69PJqAXaFnMsDZhccveswF8lEpaXh-h8_B7o4W2UDQMEdt15qpwreo4FJcsAE-t7mgI4E4AQBiAXRz96TQ6AGLoAHwuuJO6gHp8yxAqgHpr4bqAfMzrECqAfz0RuoB5bYG6gHqpuxAqgHjs4bqAeT2BuoB_DgG6gH7paxAqgH_p6xAqgHr76xAqgHmuGxAqgH1ckbqAfZtrECqAeaBqgH_56xAqgH35-xAqgH-MKxAqgH-8KxAtgHAdIILwiAYRABGJ0BMgiKgoCAgICACDoNgECAwICAgICogAKoA0i9_cE6WN-wxrPb7pMDsQklxJc51a8QIYAKA5gLAcgLAaoNAkpQyA0B4g0TCLbaxrPb7pMDFZxfAAYdLT4Z7OoNEwjYpMiz2-6TAxWcXwAGHS0-GezwDQKIDv___________wHYEwOIFAXQFQHKFgIKAPgWAYAXAbIXEBgBKgozMjYzNTg3NzE1UAa6FwI4AaoYFwkAAAAALNArQRIKMzI2MzU4NzcxNRgBshgJEgKLTxguIgEA0BgBwhkCCAE&ae=1&gclid=EAIaIQobChMIrIrJs9vukwMVnF8ABh0tPhnsEAEYASAAEgIuDfD_BwE&num=1&cid=CAQS4wEABaugfcyPCxhTU24ixdp9nufSegRxk7UZYpppz938QWtqadFeC3tYnJ-g5hJBPJ6vsFisLt_LO9UsZXXzZ6EKO9Vs-4QSpnEbLyPFqeNid2G6QiNPWObm82xkbK50Hyf757flsF0dJ3uaZO9iD24h8MNjGtJ0fgz7rFInHVxm3Gs4yqjGZandBm0-J2sFEIlxKT1OPGH7_d13ATQFfYNePEF370KB1-lzpE_U9W8LgQCbibaMF0Z-r0JodFcdSfB1uc2WJCqE97_tI8sX4bEysLzoLxCVIu5sGPH-2zoNVKN7CxgB&sig=AOD64_3uTYkCeyiatBkRWoXNI4ZJvIU9Cw&client=ca-pub-8162630360170543&rf=4&nb=0&adurl=https://peopleinccontentlicensing.com/%3Fgad_source%3D5%26gad_campaignid%3D18026571729%26gclid%3DEAIaIQobChMIrIrJs9vukwMVnF8ABh0tPhnsEAEYASAAEgIuDfD_BwE,https://peopleinccontentlicensing.com/?gad_source=5&gad_campaignid=18026571729&gclid=EAIaIQobChMIrIrJs9vukwMVnF8ABh0tPhnsEAEYASAAEgIuDfD_BwE,,,,,
1098,https://www.googleadservices.com/pagead/aclk?sa=L&ai=CBLj-6DTfac_rCYvcjeYPkaSJsQOQwOaLhgH59c-10xXt6dq_zQEQASC8luEQYJXikIKgB6AB_62Q_wPIAQmpAnqKRZfsx7M-4AIAqAMByAPLBKoE1AJP0B6SvUaNZgdAwGSJxDMM0skqyEyARSELBnGQOEDmjhz9rSje1KpYEmATCvFma79hWKq4Hq_Df8TINZxl9lTo4Dnkcb0VtRCWLS8H-Wwl0zhrK9cZS_JuNm6t1SCUC_yJo3vJNqddEu2Y8jmJfurWvPCpPpGhTTtBSVmf7puiQkJUXLtGkUgcJBov8Ma2VXzqj7bGIz4QU1_XiBacGbWW0JAZT0-R_Kzew7iE4NiamgRNuZ8Zr3P8ikj9SCf19hmdL90jhzOKmkgf_r8vs17RIbkY-_Q8Y5W6uv_V1h5PkGWWzFI2F_SkIE3Xuwyy4H68w9IDOJl_ivaWvsc0XgLjRn18B14AXk4SNF-tIrrqZV0Dw-a7XAYejPVywEh8Mh8oGYdIvTaD2Gaizqi004Qy1qvvfCNAGp96ziEK_5ICzWOTQ1XRPKZ6OxDJoit-FxowV_4EwAStlriMyAXgBAGIBZuApZBYwAUF-gUGCCUQARgAoAYugAfp0W-oB6fMsQKoB-LYsQKoB6a-G6gHzM6xAqgH89EbqAeW2BuoB6qbsQKoB47OG6gHk9gbqAfw4BuoB-6WsQKoB_6esQKoB6--sQKoB5rhsQKoB9m2sQKoB5oGqAf_nrECqAffn7ECqAf4wrECqAfi2LECqAfi2LECqAfi2LEC2AcAwAgB0ggyCIDhgBAQARidATIIqoKAgICAgAg6DoDAA4CAhICAlKiIAqgHSL39wTpY1aSs6KHvkwOACgOQCwOYCwHICwGADAGiDBEqCgoIjt-xApXisQJIAZABAaoNAkRFyA0B4g0TCNLfrOih75MDFQtuwwYdEVIiNuoNEwjquK3ooe-TAxULbsMGHRFSIjbwDQKIDv___________wGwDo-F8_QY4BLqxOuvhYStzpQB2BML0BUB6RUuyyCMEQW40fAV1oqd9wH6FQhYNi1CSC0wMZgWAcoWAgoA-BYBgBcBshcQGAEqCjY3MzE4NDAyNTBQBroXAjgBqhgXCQAAAABwkQlBEgo2NzMxODQwMjUwGAGyGAkSArxQGC4iAQDQGAHCGQIIAQ&ae=1&gclid=EAIaIQobChMIz_-t6KHvkwMVC27DBh0RUiI2EAEYASABEgID-PD_BwE&num=1&cid=CAQScAAFq6B9hICBTYX9CavaisCsP4ZbCwI_ee94che_LbfeTODm9dKL_tdBqvrxNCXmlrX_whbOsanJA0qtHwAV0nCQUAgBQJt45N5bgkpSjgVDFM6ZHQ54g3xD0RwfLqeVN2TrVa9iTn6jzowA62nDLqgYAQ&sig=AOD64_0LUPvgyrN3nBk1bbQOs6RsN_prTA&ctype=5&client=ca-pub-2012933198307164&nb=9&adurl=https://www.rundb.de/Ergonomischer-Buerostuhl-hoehenverstellbar-Business-Chair-85x33x65-Silber-Matt-1-Stueck/X6-BH-01%3Fgad_source%3D5%26gad_campaignid%3D23656480795%26gclid%3DEAIaIQobChMIz_-t6KHvkwMVC27DBh0RUiI2EAEYASABEgID-PD_BwE,https://www.rundb.de/Ergonomischer-Buerostuhl-hoehenverstellbar-Business-Chair-85x33x65-Silber-Matt-1-Stueck/X6-BH-01?gad_source=5&gad_campaignid=23656480795&gclid=EAIaIQobChMIz_-t6KHvkwMVC27DBh0RUiI2EAEYASABEgID-PD_BwE,no,no,no,no,no
1152,https://www.googleadservices.com/pagead/aclk?sa=L&ai=Cnc3tjGXgacy8CIGajeYP0rSWiAiB6sKjhQH76aL8_ROwkB8QASDTsd9NYMfV_42EJqABt5-5vwPIAQngAgCoAwHIAwqqBMoCT9CoL5kQPS9QR4k5iSCDSi2aLQfYAahoiwWbtt0zQVZL4Dj_7bKoWtJw9fQxVn3rReGfYFc3sL5bgaDiU8kz2IkPu4RbBCySq16xxp1wivMvmcBQEsyCAiEq-OcHCuQNMnQIO230-11SPXFekMd9PXeoNJTcAB-55wUbnn_Ce387rf4DB29FL_kHeql7HUWQ0-p8AkxCj3D-kxarrYD3o7u5cwKF72aceB_BS-i8jVJOmqlB0xGSFaCIcMyVt3Gb0typeScdnTI5x9TlN75Ie-DCNVlzIVIwXnLvq9B3y9qUglpw7EqOyIhI6XVOy2DZYQgO9HVRUsV56_vx-ojRCgdbbO_zpNyImM9MLzCfz9QfdjsQmGnjN-f3jsm3Lk5-3SEIBMn6Wx6KGNMHDF2ZZMwVBTvNbe28YM_hmA4j9ogPpv8mQLqfOm5owAS8ibqFmgXgBAGIBf2Bt81ToAYugAex4MZAqAenzLECqAfi2LECqAemvhuoB8zOsQKoB_PRG6gHltgbqAeqm7ECqAeOzhuoB5PYG6gH8OAbqAfulrECqAf-nrECqAevvrECqAea4bECqAfVyRuoB9m2sQKoB5oGqAf_nrECqAffn7ECqAf4wrECqAf7wrEC2AcA0gguCIBhEAEYHTIIioKAgICAgAg6DYBAgMCAgICAqIACqANIvf3BOliv_-SrxPGTA7EJYMp7cfvT772ACgOYCwHICwGADAGiDAOQAQGqDQJaQcgNAeINEwiQp-WrxPGTAxUBTcMGHVKaBYHqDRMIw77mq8TxkwMVAU3DBh1SmgWB8A0CiA7___________8BuBPkA9gTDYgUBNAVAZgWAcoWAgoA-BYBgBcBshcQGAEqCjQ1NDc0MDcyMjBQBroXAjgBqhgXCQAAAAAcpRFBEgo0NTQ3NDA3MjIwGAGyGAkSAuhYGC4iAQDQGAHoGAHCGQIIAQ&ae=1&gclid=EAIaIQobChMIzLL2q8TxkwMVAU3DBh1SmgWBEAEYASAAEgK79PD_BwE&num=1&cid=CAQS4gEABaugfXyHvvRLI2kvEbQ7fx6i70TYWItppwh_531NbkWiOHNvzUExc4dgFuTQw-SzHlYGvJog4vRHGCQpiTIMEk9WZ1Tf9oxpJlyP4-VSdB4fJfM7z27fHpMaOhfX-1vBYrrtZ32bCiX_UFh3ycMPgWArmju1QX_8DvOYzIKSl9bHJKz4o72bOTJ4GfhV5ZUmXDN0fnPekR1YVJYlCQqPRrnbK3cBMyFEKk2uKMfSfZIKiiPESZsbPOYyYYBFP4Qgxuajq9P8SjEjz4i2rNToLVI4nuHrraAytgpoyOFcII5FGAE&sig=AOD64_32fItPLUTSpRvE5ZuSXsisVeVaDQ&client=ca-pub-7732679874752919&rf=4&nb=9&adurl=https://www.captivate.com/get-started/advertisers/%3Fdevice%3Dc%26matchtype%3D%26adid%3D746292384689%26utm_term%3D%26utm_campaign%3D22442524925-Ad%2520Sales%2520Retargeting%26utm_source%3Dgoogle%26utm_medium%3Dcpc%26utm_content%3D178789450940%26hsa_acc%3D3937340730%26hsa_cam%3D22442524925%26hsa_grp%3D178789450940%26hsa_ad%3D746292384689%26hsa_src%3Dd%26hsa_tgt%3D%26hsa_kw%3D%26hsa_mt%3D%26hsa_net%3Dadwords%26hsa_ver%3D3%26gad_source%3D5%26gad_campaignid%3D22442524925%26gclid%3DEAIaIQobChMIzLL2q8TxkwMVAU3DBh1SmgWBEAEYASAAEgK79PD_BwE,https://www.captivate.com/get-started/advertisers/?device=c&matchtype=&adid=746292384689&utm_term=&utm_campaign=22442524925-Ad%20Sales%20Retargeting&utm_source=google&utm_medium=cpc&utm_content=178789450940&hsa_acc=3937340730&hsa_cam=22442524925&hsa_grp=178789450940&hsa_ad=746292384689&hsa_src=d&hsa_tgt=&hsa_kw=&hsa_mt=&hsa_net=adwords&hsa_ver=3&gad_source=5&gad_campaignid=22442524925&gclid=EAIaIQobChMIzLL2q8TxkwMVAU3DBh1SmgWBEAEYASAAEgK79PD_BwE,yes,,,,
1237,https://www.googleadservices.com/pagead/aclk?sa=L&ai=Cd-eNv1bgaby1MpaxgeAPx-yWkQW_3pjDhgGW8oezrBXAjbcBEAEg07HfTWDH1f-NhCagAY-uucsDyAEJqQK9Vmw08wI7PuACAKgDAcgDCqoEtwJP0Pl1Rygz5-Q0Cc2DnHYimw19Q1kYWJubP95UI4W2mPBmS1a4H9x5sJdBPM6iXrhFP0CP5GXuHll87Qfp2dnErCznW9oQl7lg956y1giBHrYi--UFt-GOZ753trPclVJpF-czb12hs09-hFgj5m585aNaKo4UtBqTByMB331OjhmB-EnnIYhTS7F1Zz3Zy0O_7DDCUk8sJX7Ubb-PTyUZnuLJlpH_FW24d07twkJpNcN-3HuBwKG9IJT0caGIcc2qxk3_xWe40O0J5ji9lpzycxO1_tpFD-plKwaWI72qyInnTl_YcYjS6BqCOTSsoGss6Xrt2XBxDh2ETDteoesSxZZnDPk81c5MYWeltzsolyggCad-tZQbjQvSZ5bP-DC126NejxLnotpNmwMCL63mcgfAB63OnsAE8vGyy5sF4AQBiAXn8-ypVaAGLoAH2dHGNKgHp8yxAqgH4tixAqgHpr4bqAfMzrECqAfz0RuoB5bYG6gHqpuxAqgHjs4bqAeT2BuoB_DgG6gH7paxAqgH_p6xAqgHr76xAqgHmuGxAqgH1ckbqAfZtrECqAeaBqgH_56xAqgH35-xAqgH-MKxAqgH-8KxAtgHANIILgiAYRABGB0yCIqCgICAgIAIOg2AQIDAgICAgKiAAqgDSL39wTpYmKDAnbbxkwOxCcNu6dxMWVkNgAoDmAsByAsBgAwBogwDkAEBqg0CWkHIDQHiDRMI677AnbbxkwMVllgABh1HtiVS6g0TCOzSwZ228ZMDFZZYAAYdR7YlUvANAogO____________AdgTDYgUAdAVAZgWAcoWAgoA-BYBgBcBshcQGAEqCjQ1NDc0MDcyMjBQBroXAjgBqhgXCQAAAAAQegJBEgo0NTQ3NDA3MjIwGAGyGAkSAuNZGC4iAQDQGAHCGQIIAQ&ae=1&gclid=EAIaIQobChMI_JDCnbbxkwMVllgABh1HtiVSEAEYASAAEgKrIvD_BwE&num=1&cid=CAQS4wEABaugfaQG5ODl3j2-5VJClHFme99CM8CP87gUZwlV08wvSb4uhX2ZJ4dYeB3ZBG6xfkDyjQ6RVrrnvD2YWN9GMqFEOMhB6LR4GEn27laThXozWHCC7Oibdc94T31L-SdnGZCQmZIAz-ob7qIa5JQWwchbstxb0swu6usfC98a-_rtQy0_iy_nO4uE1k6iCyUMJu1hI_uRsrRx28a8-q2mZtiHnXgNRVAA91RFhABCiGBMFat7HKln4il6AV5dnh07kCF6wfIfm6l_pkDfHZPy8WHhg88_Am2uL33BtMtfyjNBahgB&sig=AOD64_1DDdwsxxtDaNhXhUXPa09W_TveDw&client=ca-pub-7732679874752919&rf=4&nb=9&adurl=https://www.jcom.co.jp/service/net/%3Futm_source%3Dgoogle%26utm_medium%3Ddisplay%26utm_campaign%3Dta_gw_sa_md_3_m72_0000243_hk_ultrast01b%26utm_content%3Dta_gw_sa_md_3_m72_0000243_hk_ultrast01b%26utm_term%3D3431693610_22904781287_179204569330_795842462568__kwd-1453206500__%25E6%2588%25B8%25E5%25BB%25BA%25E3%2581%25A6%26gad_source%3D5%26gad_campaignid%3D22904781287%26gclid%3DEAIaIQobChMI_JDCnbbxkwMVllgABh1HtiVSEAEYASAAEgKrIvD_BwE,https://www.jcom.co.jp/en/service/net/?utm_source=google&utm_medium=display&utm_campaign=ta_gw_sa_md_3_m72_0000243_hk_ultrast01b&utm_content=ta_gw_sa_md_3_m72_0000243_hk_ultrast01b&utm_term=3431693610_22904781287_179204569330_795842462568__kwd-1453206500__%E6%88%B8%E5%BB%BA%E3%81%A6&gad_source=5&gad_campaignid=22904781287&gclid=EAIaIQobChMI_JDCnbbxkwMVllgABh1HtiVSEAEYASAAEgKrIvD_BwE,,,,,
1200,https://www.googleadservices.com/pagead/aclk?sa=L&ai=Cl04WzFjgaeq5No6I3NMPvuzgsASQmtmghgG3gcrryhW_kPGg3DIQASCM95YmYMfV_42EJqABjtijzALIAQmpAunJ73FDZ3A-4AIAqAMByAMKqgTUAk_QnH8Q28J01HJ2mPMbOe8nuMryEGCiSBScJzd5RA4WJ2fusf0NjFOIwb66eNeNsBJoDeW51jRguxTLo6ImNcpCPZncUrqc21XTZiDcj7cqozjC1aWMbEYQM_zmFAKrQJymjAK_LG1dl_o7yFsF3K3SpdZZX9qWeJh35azf7djCJ0kBxIO0JrpEan7pR6e5Dr6vu690bY6TDY72hC9xYIqDWQgf4aZkrHPFeJ_-1hsfv2G5C1ts_YwiubekRUVA7vM3fXO11giYlKNWr6UB3L-eZvbsxNnmNj_HVtl2QV8Rj4I1hiZSrXHSDrA-SbBiwDlsMKtw-Lza9LwWzN0skc7s6VbA1inv_9nvKrhgz3-Rhb8JKZRPN7q9Ql0To4-5dfZ37GFhufsKGp4SokrN74YrGc6IsoCGudewKUvlUwcPwA4-DgaxtgQl5ppjgrSxltRSe07ABLD-tJrrBeAEAYgFubmx_U-gBi6AB-TpuTaoB6fMsQKoB6a-G6gHzM6xAqgH89EbqAeW2BuoB6qbsQKoB47OG6gHk9gbqAfw4BuoB-6WsQKoB_6esQKoB6--sQKoB5rhsQKoB9XJG6gH2baxAqgHmgaoB_-esQKoB9-fsQKoB_jCsQKoB_vCsQLYBwDSCC4IgGEQARgdMgiKgoCAgICACDoNgECAwICAgICogAKoA0i9_cE6WNTR7pe48ZMDsQnVFoZS3s9pFoAKA5gLAcgLAYAMAaoNAlpByA0B4g0TCMGT75e48ZMDFQ4EdwQdPjYYRuoNEwj26vCXuPGTAxUOBHcEHT42GEbwDQKIDv___________wGwDuvtmPgYohNLCi4IA0ABUggKBhIECAEQAXIeEhwgAigBOAJAubmx_U9YAWj-__________8BmAEDGhkKF2NhLXB1Yi02NTU0MzMwMDE5Mzg0ODA4uBPkA9gTDNAVAcoWAgoA-BYBgBcBshcQGAEqCjE5MDg3NTczNzlQBroXAjgBqhgXCQAAAAAQLgRBEgoxOTA4NzU3Mzc5GAGyGAkSAu1OGC4iAQDQGAHoGAHCGQIIAQ&ae=1&gclid=EAIaIQobChMI6s_xl7jxkwMVDgR3BB0-NhhGEAEYASAAEgJSd_D_BwE&num=1&cid=CAQS0QEABaugfVYpcKzUDS8QE185lJ2uCu6c6Kavab0PChudpWMXKTd2dWX_jG4X35VThuKZh0nGnCH7AqAG8zxI-ylo0ameQySZWYzYZ_JPseXd5bNgs6v3s9j33U_L-00c8vapN5bAISQVO0lPjaHfZX3reCDcUligDijdJtSbBbkMqm-pnFeiog4CiDOXs3WiGXBIF3b_TfZUMTtbw79yTSoU-yGt7dLZAudOzhj1IOkTtetX8RIRVKqMi4CmP2OBElZJiStvitqNTAjhjBeKe5y0hxgB&sig=AOD64_28Vd_rgZn3-8L6Sp7W8RqEhTbAPw&client=ca-pub-6554330019384808&rf=4&nb=9&adurl=https://apply.lula.co.za/business-funding%3Futm_source%3Dgoogle%26utm_medium%3Dcpc%26utm_term%3Dpmax%26utm_device%3Dc%26utm_campaign%3Dpmax_funding_priority_provinces%26utm_content%3Dfunding%26utm_adgroup%3D%26gad_source%3D5%26gad_campaignid%3D21469355193%26gclid%3DEAIaIQobChMI6s_xl7jxkwMVDgR3BB0-NhhGEAEYASAAEgJSd_D_BwE,https://apply.lula.co.za/business-funding?utm_source=google&utm_medium=cpc&utm_term=pmax&utm_device=c&utm_campaign=pmax_funding_priority_provinces&utm_content=funding&utm_adgroup=&gad_source=5&gad_campaignid=21469355193&gclid=EAIaIQobChMI6s_xl7jxkwMVDgR3BB0-NhhGEAEYASAAEgJSd_D_BwE,yes,yes,yes,yes,yes
927,https://www.googleadservices.com/pagead/aclk?sa=L&ai=CrHbcsKPfac_7GJCdjeYP2MTe2Q6eq_7PfeHh4uaZFdnf1-jFPBABIMecgyRgmwOgAeTfnaIDyAEB4AIAqAMByAMKqgS8Ak_QUrbfmmDtkU6KhT_WjrBuZNs3IlEmHiSeV7OS_fsEYDt-5cWvdw1hyk6T2OsCswESWlDW1NVRDCwbi1w9rUzWGuf0dEV0j_vD9rtBaCwt6em9DmmeOEJcJud8qGq2Y2XOIUxwnRG2m8f0Gwj7pSxYg6AX52a0keU_MIZhRHaYt4Vp55FAss_i2uGUIfoLLS00sguExwgXVOR0E4d2VGqPTa_dBpezq9SWD8qGIWqBkWl-I24VCylSDudouG3Bke6KNpZJ0swmfNyUuj21RLvXhU_yfKGav790iwehtvOMeid0R6bCYJ1SRTO3De5vKAGWxNTXnYI5_HU3lKquE7UvcOwTFxQuR1kUcIeQ_zlYP6zNpe7Io-0bgzePNtO39-UiZVLF3QAl1NbtAcFINybVHTSPFqUxyKnT-8DABICk8uOGBeAEAYgFtJ2P_1CAB4Sg4l2oB6fMsQKoB6a-G6gHzM6xAqgH89EbqAeW2BuoB6qbsQKoB47OG6gHk9gbqAfw4BuoB-6WsQKoB_6esQKoB6--sQKoB5rhsQKoB9XJG6gH2baxAqgH2LaxAqgHmgaoB_-esQKoB9-fsQKoB_jCsQKoB_vCsQLYBwHSCC4IgGEQARgdMgiKgoCAgICACDoNgECAwICAgICogAKoA0i9_cE6WJbAyLuL8JMD8ggbYWR4LXN1YnN5bi01NTMzNjUwMDg4NjA2NjcwsQko9RNyW3vBtIAKA5gLAcgLAaoNAktSyA0B4g0TCLngyLuL8JMDFZBOwwYdWKI36-oNEwiZ78m7i_CTAxWQTsMGHViiN-vwDQKIDv___________wHYEwOIFAHQFQHKFgIKAPgWAYAXAbIXEBgBKgo3MDUxMTM3NDc1UAa6FwYIATgBSAGqGBcJAAAAAEDCCUESCjcwNTExMzc0NzUYAbIYCRICy1gYASIBANAYAegYAYAZA8IZAggB&ae=1&gclid=EAIaIQobChMIz5PKu4vwkwMVkE7DBh1YojfrEAEYASAAEgI38PD_BwE&num=1&cid=CAQSvgEABaugfTxW0GIosXie9XpwbUfMyZAj3gTT76SdUkm1Kr8yMspnZa0meCryWsCyqVvvRG0xjyl3uFGWXcUPhNKD-b76g6wXMPwApb19CIIsfVymb72V2m8VpKnJr7ENwa8aVAxBqdG4ixu5J1D01nq2rKRpjTTznaYYxjy3L2txPCMNqpGh_eupBxrhiyZbR4sKDFuph-HKkR4-HerUbHSmc6_oTVMAS4iB0mMSpLyTlJSnLcVzBf9MZ1eittX1GAE&sig=AOD64_03hWxrogpadqrpm6BR9gKgF3-ZmA&client=ca-pub-3533864070776314&rf=4&nb=0&adurl=https://www.grimco.com/catalog/products/hplatexr530printer%3Fgbraid%3D0AAAAADRHb-T91Q-6ol3_bEykGd1cgBEr-%26utm_campaign%3DHP_Latex_RDA%26utm_source%3Dadwords%26utm_medium%3Dppc%26utm_term%3D%26hsa_kw%3D%26hsa_net%3Dadwords%26hsa_grp%3D173618795008%26hsa_cam%3D21741424308%26hsa_acc%3D6995058817%26hsa_tgt%3D%26hsa_ver%3D3%26hsa_ad%3D800318324366%26hsa_mt%3D%26hsa_src%3Dd%26gad_source%3D5%26gad_campaignid%3D21741424308%26gclid%3DEAIaIQobChMIz5PKu4vwkwMVkE7DBh1YojfrEAEYASAAEgI38PD_BwE,https://www.grimco.com/catalog/products/hplatexr530printer?gbraid=0AAAAADRHb-T91Q-6ol3_bEykGd1cgBEr-&utm_campaign=HP_Latex_RDA&utm_source=adwords&utm_medium=ppc&utm_term=&hsa_kw=&hsa_net=adwords&hsa_grp=173618795008&hsa_cam=21741424308&hsa_acc=6995058817&hsa_tgt=&hsa_ver=3&hsa_ad=800318324366&hsa_mt=&hsa_src=d&gad_source=5&gad_campaignid=21741424308&gclid=EAIaIQobChMIz5PKu4vwkwMVkE7DBh1YojfrEAEYASAAEgI38PD_BwE,,,,,
1224,https://www.googleadservices.com/pagead/aclk?sa=L&ai=CI-1ja9reaZy-A5efjeYPyMyf-AyB1pndgwH3jMqbxBXphbTXjioQASCM95YmYKW4moCcAaAB2a-u1gHIAQngAgCoAwHIAwqqBMYCT9BkI8X6_Ng0cQYowvHuGYGfwUy98hv2Lttfk0EmvX13F-CuJIoCBQGw_3lyOnxAHqxIEXsTNbkBuIhrCwHeXwn8dWmFP8lpXFgWbWk0A9L7WJz7cCOknQVvccJeUxYZylW3a8kXVzU7yqfUYeC85W7AcMbAaAtc6kKE65UGh95GX4XvyIe1kgQpzAlhFtrOCzFyJqpBDFbghuleOYJPPSQs_jl0WNZsqjiF3q-NFAKSvCLkXiAAe2mq9UnSmf2pGrU8z8B5NzaegquO70ypnl3IYKWbYQ7eN5LlBa5mgmeSiMhoxF-Py8OfkFtRUSnxzCyy3DG6aap0iLw3S_iyprmu5ssDLQM2tIhPb8E1P-Es8gLS4fAZHyaKwzJU4aWPGK4NACRfFFTfDJIOhhqf9fzu0IXi8VqlI10uYu0hu0TUlhK3svTABIrSwuemBOAEAYgFlLS1yUqgBi6AB4_Q0akCqAenzLECqAemvhuoB8zOsQKoB_PRG6gHltgbqAeqm7ECqAeOzhuoB5PYG6gH8OAbqAfulrECqAf-nrECqAevvrECqAea4bECqAfVyRuoB9m2sQKoB5oGqAf_nrECqAffn7ECqAf4wrECqAf7wrEC2AcA0gguCIBhEAEYHTIIioKAgICAgAg6DYBAgMCAgICAqIACqANIvf3BOlixhK7Cy-6TA7EJJ_R8bz7B2n-ACgOYCwHICwGADAGqDQJBVcgNAeINEwjJvq7Cy-6TAxWXT8MGHUjmB8_qDRMIpuOvwsvukwMVl0_DBh1I5gfP8A0CiA7___________8BsA760o-LGLgT5APYEwzQFQHKFgIKAPgWAYAXAbIXEBgBKgoxOTA4NzU3Mzc5UAa6FwI4AaoYFwkAAAAAkIT4QBIKMTkwODc1NzM3ORgBshgFGC4iAQDQGAHoGAHCGQIIAQ&ae=1&gclid=EAIaIQobChMI3J-wwsvukwMVl0_DBh1I5gfPEAEYASAAEgLTVvD_BwE&num=1&cid=CAQS0gEABaugfSApc4c8zg3l4kBbQxsagjFH6Rjaj5HEZneNjbFKUlPHnxNkrSAI9cbUUDCTpqlWkovo0F3w-e1DQk1vv9DRqlrvUa3fPX1mTRLAqLynMPLp-3H39Q69Nb29cNE9Pa22g6P0OzIOKw0bjb4ZBklY4_oL3yzGeLiCzufHvv-DnhkTyM_IZduDpGUWeDZtGYb0xSn0-GTlPgkFX8UWPPsHUKZr96ojQLq7UrAHbxL7DNwTjwTWxzae3n1katmdES0PoPthkzLNRqd7UwoBD7oYAQ&sig=AOD64_0LYoFQcIXeaskTYufKNY89lI5Tag&client=ca-pub-6554330019384808&rf=4&nb=9&adurl=https://justcall.io/lp-v1-au/%3Futm_source%3Dadwords%26utm_campaign%3D20015285471%26utm_medium%3Dcpc%26utm_term%3D%26utm_content%3D%26hsa_acc%3D2345718846%26hsa_cam%3D20015285471%26hsa_grp%3D%26hsa_ad%3D%26hsa_src%3Dx%26hsa_tgt%3D%26hsa_kw%3D%26hsa_mt%3D%26hsa_net%3Dadwords%26hsa_ver%3D3%26gad_source%3D5%26gad_campaignid%3D20018190868%26gclid%3DEAIaIQobChMI3J-wwsvukwMVl0_DBh1I5gfPEAEYASAAEgLTVvD_BwE,https://justcall.io/lp-v1-au/?utm_source=adwords&utm_campaign=20015285471&utm_medium=cpc&utm_term=&utm_content=&hsa_acc=2345718846&hsa_cam=20015285471&hsa_grp=&hsa_ad=&hsa_src=x&hsa_tgt=&hsa_kw=&hsa_mt=&hsa_net=adwords&hsa_ver=3&gad_source=5&gad_campaignid=20018190868&gclid=EAIaIQobChMI3J-wwsvukwMVl0_DBh1I5gfPEAEYASAAEgLTVvD_BwE,yes,yes,,,
882,https://www.googleadservices.com/pagead/aclk?sa=L&ai=CUK9CytfeaYe-Euub3NMPiOG62QqlvLavhgGpxdfR7hWhpvjz0B0QASDskNEXYKWAgICcAaABhazr7ALIAQmpAuvhUl8j46c-4AIAqAMByAMKqgSyAk_QRD7BmQR8wBeZ5sl3kxGRA8RT0MpcZZ242HOSydKaw6p6lQ2rEqrsH6pNZcXzvduqhhbEHAwQnR2DfPDJMAR-9fjXHSLGgzvQpyzgQ-mGiYQnCM_eWeFt7UWSiWwM1PLrYIlDRV0faxRXCXZmbV-ysGfiuqcysYaotabFVM7kGX-LS4kU-9IhlsGVPBDhymSovdcwI3pUJ4rQNZ1RwUwWxwtypR1lphUufmZ1PHnaq41uCQYbLGZZ9CTkoev4d7aSpaob4vR4NrR1QvUFHLv1HSrapPKP2j5HhhDYh1lehobCxbqywb_dOHX7gwFfbwSYlPfUr_VAak3oOalxkGnLedQ8EUjOvBZ9SBWakwpvEPrnD6EiRGLv3E7R5j3UoAC6fbUcmfSRJYLnFDtm29Lb0cAEnKy-3rQF4AQBiAXe0aLgUqAGLoAH49OUkwGoB6fMsQKoB-LYsQKoB6a-G6gHzM6xAqgH89EbqAeW2BuoB6qbsQKoB47OG6gHk9gbqAfw4BuoB-6WsQKoB_6esQKoB6--sQKoB5rhsQKoB9XJG6gH2baxAqgHmgaoB_-esQKoB9-fsQKoB_jCsQKoB_vCsQLYBwDSCC4IgGEQARgdMgiKgoCAgICACDoNgECAwICAgICogAKoA0i9_cE6WMydyIHJ7pMDsQmgrMGpYiGCd4AKA5gLAcgLAYAMAaIMA5ABAaoNAkFVyA0B4g0TCIbQyIHJ7pMDFesNdwQdiLAuq-oNEwiMksqBye6TAxXrDXcEHYiwLqvwDQKIDv___________wGwDrKRwLoYuBPkA9gTC9AVAZgWAcoWAgoA-BYBgBcBshcQGAEqCjM2MDI4NzIyNTlQBqoYFwkAAAAAVMQTQRIKMzYwMjg3MjI1ORgBshgJEgLeTxguIgEA6BgBwhkCCAE&ae=1&gclid=EAIaIQobChMIh8vKgcnukwMV6w13BB2IsC6rEAEYASAAEgJYD_D_BwE&num=1&cid=CAQS5AEABaugfWGbAjZ_9mo9meLml-8IRNIXbRdd43w4PeY1U874B4l2s6aH6b8xAnHGNLSbWKFVxj8zhvVs91uhQZzm-8Jbauv3_2RfagE--c_m5GY4OMhF8IR52B8zK381OOUVVrU9JExWpngJ1vnUGET5AeKKlqi7S64NYonyeUwWg2IMnkZDhnCjTPeO0HVc8J90CZHmQOn2bjtrPqlNDLeDfnkpCMl1k9qV1UNPu0mJHz1rvAN1KALSXyjDCg35Wd5YYW0BRcVeQOY4pMOf62DahJrEq9GUvYwQ4GbN9RW-ZwBjh-kYAQ&sig=AOD64_2ECCTEKDCB05P1nmbAxvTFXc2TwQ&client=ca-pub-6275030221952515&rf=4&nb=9&adurl=https://www.getmosh.com.au/start/weight-loss-intro100%3Futm_campaign_name%3DWeight_Performance-Max_Rx%26utm_term%3D%26utm_campaign%3D18011456531%26utm_source%3Dpaid-search%26utm_medium%3Dadwords%26utm_content%3D6565136562%26hsa_acc%3D5792635568%26hsa_cam%3D18011456531%26hsa_grp%3D%26hsa_ad%3D%26hsa_src%3Dx%26hsa_tgt%3D%26hsa_kw%3D%26hsa_mt%3D%26hsa_net%3Dadwords%26hsa_ver%3D3%26gad_campaignid%3D22213601502%26gclid%3DEAIaIQobChMIh8vKgcnukwMV6w13BB2IsC6rEAEYASAAEgJYD_D_BwE,https://www.getmosh.com.au/start/weight-loss-intro100?utm_campaign_name=Weight_Performance-Max_Rx&utm_term=&utm_campaign=18011456531&utm_source=paid-search&utm_medium=adwords&utm_content=6565136562&hsa_acc=5792635568&hsa_cam=18011456531&hsa_grp=&hsa_ad=&hsa_src=x&hsa_tgt=&hsa_kw=&hsa_mt=&hsa_net=adwords&hsa_ver=3&gad_campaignid=22213601502&gclid=EAIaIQobChMIh8vKgcnukwMV6w13BB2IsC6rEAEYASAAEgJYD_D_BwE,,,,,
881,https://googleads.g.doubleclick.net/aclk?sa=l&ai=CP1fHQ0LgaYzeEb_AssUPgoGwgQX-38m2hgGp1Lj-yhXAjbcBEAEgxKiAImDH1f-NhCagAaC7hJYqyAECqQKhUZvzZ8yzPuACAKgDAcgDCKoE4QJP0HpbbCoZ8OAAHRnIlVq4YZOiK-7l9CiTEq1Vpr5tg5JeTcylt6QRWZlJHFS3a5Y9UuBuXu1hemfd9Hu3563HJN0eITinkvr-CdzeYSSwO6bX3-2zUVunI0Clma2MUkVHwJYrqg0KUElMfwHbl1HnMw_s457fiAk6uq0WzwqgA3Dbz4yU7joKJi1zzBmmQp9GJqDDkwm7q1ZOvgqmx9gviLGc1OMyGY-KvZ9IMoAULl1VO60kgCDu54Wk5K2_kvtmzIWn6jaVKODvMpXl7pvIMrnXtXK-klYxeQQW4TTiQrUAo73LaKdWqm6GTshteSXa9ZUAkQjfSnz9UEQDj9PUQNOeY4EM6gHSI5-sERHqCCEULz4cwPnvK-hsdZelaOXtBWC-H7pGTyDfJ8a4paSmppt4-T0FxioQMbWFBiZGkJT_esF2YGGFu7B9thIKUWTkjsC7AAsso9SuWfYdQYJyc8AEsZW_zNMF4AQBiAXi74OxV6AGAoAHoPPU9QSoB6fMsQKoB-LYsQKoB6a-G6gHzM6xAqgH89EbqAeW2BuoB6qbsQKoB47OG6gHk9gbqAfw4BuoB-6WsQKoB_6esQKoB6--sQKoB5rhsQKoB9XJG6gH2baxAqgHmgaoB_-esQKoB9-fsQKoB_jCsQKoB_vCsQLYBwHSCC4IgGEQARgdMgiKgoCAgICACDoNgECAwICAgICogAKoA0i9_cE6WJPF2tii8ZMDsQlOnnH2sM81eIAKA5gLAcgLAaIMA5ABAaoNAlpByA0B4g0TCJD52tii8ZMDFT-grAIdggAsUOoNEwi_sNzYovGTAxU_oKwCHYIALFDwDQKIDv___________wHYEwzQFQGYFgHKFgIKAPgWAYAXAbIXEBgBKgo3OTQyNDU1MDUxUAa6FwI4AaoYFwkAAAAAWEoZQRIKNzk0MjQ1NTA1MRgBshgJEgKFVBgCIgEA0BgB6BgBwhkCCAE&ae=1&gclid=EAIaIQobChMIzIvd2KLxkwMVP6CsAh2CACxQEAEYASAAEgKnF_D_BwE&num=1&cid=CAQS0QEABaugfWLVQenz9OU1GaRodBtOurwdIKWZ2BaPpvlME3Qiz9fHT2FrvFFLRqxViY45LzxJKQAMwFMW1haoewt5N0w5wdpwnFk1kTgiS8pK5EfRg6J-uCLVJyPv2ClJZCWhCb8zZfxuAL9jtdUDPF6vHWPxkZ28r2JrUqhdyORCrpH5PLC7Cv-hNGwZ9kZZNc3ye9hBVSisHE0z8g3H94-UP188qEz1JB9rqJYrkkveYFmbDM7YrivlPs1xcSR4utQKjg936pz8ayfMvl8cWmsakBgB&sig=AOD64_3wCwftlUu7i9992lFAEOx_IGphvA&client=ca-pub-7208923277260888&rf=5&nx=CLICK_X&ny=CLICK_Y&uap=UACH(platform)&uapv=UACH(platformVersion)&uaa=UACH(architecture)&uam=UACH(model)&uafv=UACH(uaFullVersion)&uab=UACH(bitness)&uaw=UACH(wow64)&uafvl=UACH(fullVersionList)&nb=2&adurl=https://coursiv.io/dynamic%3Fprc_id%3D1061%26utm_source%3Dgoogle%26utm_medium%3Dcpc%26utm_campaign%3D23456708578%26utm_adgroupid%3D194239253169%26utm_ad%3D792360517611%26utm_type%3Dgdn%26utm_acc%3D1308143291%26utm_alen%3D1%26gad_source%3D5%26gad_campaignid%3D23456708578%26gclid%3DEAIaIQobChMIzIvd2KLxkwMVP6CsAh2CACxQEAEYASAAEgKnF_D_BwE,https://coursiv.io/dynamic?prc_id=1061&utm_source=google&utm_medium=cpc&utm_campaign=23456708578&utm_adgroupid=194239253169&utm_ad=792360517611&utm_type=gdn&utm_acc=1308143291&utm_alen=1&gad_source=5&gad_campaignid=23456708578&gclid=EAIaIQobChMIzIvd2KLxkwMVP6CsAh2CACxQEAEYASAAEgKnF_D_BwE,,,,,
973,https://www.googleadservices.com/pagead/aclk?sa=L&ai=Ca8zth8zeaZiWKfyR3NMPkv6zwA6p1rTRhAGy2p-7yRTTo_C3ukcQASDo5LYTYKW4moCcAaABi8qt4inIAQmpAkwqNe8B8Kc-4AIAqAMByAMKqgSXA0_Q5sShdDeyKiPfVORcYgsAurbUC7RrTLqlYN1s1F7fi40sZbTTW3UoNOzWX6hloE6XnsCA856QjluX-52AeCq-0z2YF77MGsf0H_147xDWgHY7gQt3g3VwGgC3qI3bmXwZQXxgVzYm3EcGtm0CqeoaUljVh0JZcyK2PLcbFnWDCWtNk2kISg0oVaIhGaYTm2-H7B3Zbg8o-CSrXkSU_BVUyZ-8eWVm-065p6-mk0P8l1OcTFvKvZJNkbSn2Q9Ap1My1uYGxSgYXEEnI7i-xQfbrrsJX1volItYuXZ89Lyho8n-sIhMgyMuqvXI1o64e2w3AezSOLa0VdgBPkmo8FZeJ5LoFHDm5_xphSJi2XmXzXC986-fesi-AHnV9k-d6KrBKGFSOYgiyx3kYYzNgMJCYrbkFyiiUqgnHJ4Qwjb1eLflQTbyN4q1pPvzc3mAjEdaVx596XxnX7SjcHKtj7SPy_PFg0zUiviCxDRvNvXc0x0kv7LBSIyMYqgWyTAQ5rBq5Jj7zC6h44FbrTzXdkoIt_KhREi9wASug_HcyAXgBAGIBYyP34xXoAYugAeLgv7BBKgHp8yxAqgHpr4bqAfMzrECqAfz0RuoB5bYG6gHqpuxAqgHjs4bqAeT2BuoB_DgG6gH7paxAqgH_p6xAqgHr76xAqgHmuGxAqgH1ckbqAfZtrECqAeaBqgH_56xAqgH35-xAqgH-MKxAqgH-8KxAtgHANIILwiAYRABGJ0BMgiKgoCAgICACDoNgECAwICAgICogAKoA0i9_cE6WOGBgqO-7pMDsQm7BMAD8ELhBoAKA5gLAcgLAYAMAaoNAkFVyA0B4g0TCLKsgqO-7pMDFfwIdwQdEv8M6OoNEwijtISjvu6TAxX8CHcEHRL_DOjwDQKIDv___________wHYEwOIFALQFQHKFgIKAPgWAYAXAbIXEBgBKgo4MTgwNDI0NDc3UAa6FwI4AaoYFwkAAAAAKVgzQRIKODE4MDQyNDQ3NxgBshgJEgKxXxguIgEA0BgB6BgBwhkCCAE&ae=1&gclid=EAIaIQobChMI2PWEo77ukwMV_Ah3BB0S_wzoEAEYASAAEgJNjPD_BwE&num=1&cid=CAQShgIABaugfaoTzgab5iWM1shngBIJJvUdYcGLo3eoPhjhU8QdfaWPvQR3QYRUX3zmJC9gETOSCkH9eolMZ8NfRSKrUavwMpCUcYb7sL3930M518-naUOI6cm5ub7o80aU4PfOLxYF61EgECfgk9qqaZNIl4ioksop3H8GkCEK7j7WgX38KpyZPI1VKjagcUYJ5zJUueHGN0WpuhOPDwZ1f0owQWhTQFZ4o_uT2ZKe8dPZ8CPVanFD9HQQjGA3PfAEaRS9EDjs7kzDFujzIOK3Cx9BFpHI7rW-VKo3IuAB_UXA2yl5VIjkX8WV6tyi-E2sR7LEduYhesg3Uxuq2XOJoUvNdh0eDbLhGAE&sig=AOD64_3jdZG8B8yPvjvn9UIgYNuAHYOBdA&client=ca-pub-9922974912311690&rf=4&nb=9&adurl=https://techforgood.com.au/pages/recover-e%3Futm_term%3D%26utm_campaign%3DBrand%2BAwareness%2B%257C%2BDisplay%2B%257C%2BAU%2B%257C%2BFY26%26utm_source%3Dadwords%26utm_medium%3Dppc%26hsa_acc%3D4124884854%26hsa_cam%3D23380608908%26hsa_grp%3D191320834478%26hsa_ad%3D788987491572%26hsa_src%3Dd%26hsa_tgt%3D%26hsa_kw%3D%26hsa_mt%3D%26hsa_net%3Dadwords%26hsa_ver%3D3%26gad_source%3D5%26gad_campaignid%3D23380608908%26gclid%3DEAIaIQobChMI2PWEo77ukwMV_Ah3BB0S_wzoEAEYASAAEgJNjPD_BwE,https://techforgood.com.au/pages/recover-e?utm_term=&utm_campaign=Brand+Awareness+%7C+Display+%7C+AU+%7C+FY26&utm_source=adwords&utm_medium=ppc&hsa_acc=4124884854&hsa_cam=23380608908&hsa_grp=191320834478&hsa_ad=788987491572&hsa_src=d&hsa_tgt=&hsa_kw=&hsa_mt=&hsa_net=adwords&hsa_ver=3&gad_source=5&gad_campaignid=23380608908&gclid=EAIaIQobChMI2PWEo77ukwMV_Ah3BB0S_wzoEAEYASAAEgJNjPD_BwE,,,,,
962,https://googleads.g.doubleclick.net/aclk?sa=l&ai=C8Kc-Tdfeaa2VMqrwjeYP9ojf6Q-k8ayThgGY1qiH9RWo-YX2ig4QASDTsd9NYKW4moCcAaAB-5jmngLIAQOpAuvhUl8j46c-4AIAqAMByAMIqgS_Ak_Q4QRKnDZbx6ow3ZtpgMmJXxuW6RfNU0bb3crCAoixCOnpn-SR8WxE6Uz7WZVEF0og3Avp1teDMIOEgI1WkA_NyQPqTA4MjzQiJmZ6D57BpRluKPI5z4p5TuTBqTrFKbquiRC7oyUjK4R8N0LesjObrwrABTIC0EHYRF1vCP1A_eyjneqUCsojp6rZ0e74gopmbxFpAJmqw8Fg21omrzkVYgODsa8mgz0kmItikcj48Yo3-rwIXROLTr8XQgzlQMEk85ZdbHmNJ_AfW3PrWQZheZq-b4-B-M8xRVz6rEPFps4b9uO9QZNEAVISAYUSMm2PSeCUpcaqjvzScFmZ9iVdD35Z4DUvh2p8K1gYxlLPQj5jsI8tiWtejU7oOaN0eZObUdOfpAOqxQAsQkoyN9mc2hIyKF89X-Fm3qQrdaDABKLXxOe7A-AEAYgFtdDA7S6gBgOAB-3mmeEBqAenzLECqAfi2LECqAemvhuoB8zOsQKoB_PRG6gHltgbqAeqm7ECqAeOzhuoB5PYG6gH8OAbqAfulrECqAf-nrECqAevvrECqAea4bECqAfVyRuoB9m2sQKoB5oGqAf_nrECqAffn7ECqAf4wrECqAf7wrEC2AcB0gguCIBhEAEYHTIIioKAgICAgAg6DYBAgMCAgICAqIACqANIvf3BOljp2ZrGyO6TA7EJ2JhUvIRI8kaACgOKCtEBaHR0cHM6Ly9tb25pdG9yLmNsaWNrY2Vhc2UuY29tL3RyYWNrZXIvdHJhY2tlci5hc3B4P2lkPWhmY2ZuSEhDMUdMdEp3JmFkcG9zPSZsb2NwaGlzaWNhbD0xMDAwNDIyJmxvY2ludGVyZXN0PSZhZGdycD0xMTkxMzQwMzg5NDYma3c9Jm53PWQmdXJsPXtscHVybH0mY3BuPTEyNTc3Njc5NDEzJmRldmljZT1jJmNjcHR1cmw9dmVnYS5jb20mcGw9d2VhdGhlcm5ld3MuanCYCwHICwHgCwGiDAOQAQGqDQJBVcgNAeINEwiFgJvGyO6TAxUqeMMGHXbEN_3qDRMIxbOcxsjukwMVKnjDBh12xDf98A0CiA7___________8B2BMD0BUBmBYByhYCCgD4FgGAFwGyFxAYASoKNDU0NzQwNzIyMFAGuhcCOAGqGBcJAAAAANKgIUESCjQ1NDc0MDcyMjAYAbIYCRICmGkYAyIBANAYAcIZAggB&ae=1&gclid=EAIaIQobChMI7e-cxsjukwMVKnjDBh12xDf9EAEYASAAEgK3lPD_BwE&num=1&cid=CAQS4wEABaugfZ5Uttj8gAscuLJEAKpI0Ck0Rkva67a0Ywzm0gm-kqqx70eD5AW7fIadnpnFCInWfwU6z3Z3SaZfOQY5C2ND5ijGqDMOB952QY6jRr4gcRu-B16GPvOGDllxdxcyQmabewQQ5pRiThFST44t_W2RIaEREp4vh5oPZBIr4S9B8Riyr-6depOtpQvEYKvjVz0JA-E6-TZu_Rc-P5lrAfvGeWoDZa4X8q7_DapFRqwJyy9t5_LoHJo-gQZtVdg3iIkE7sa5Q0XI1TXN4mgL95ecZtUXCBSiPM1Q_1aZSaEdARgB&sig=AOD64_2zF-uPMrUoNn8sp0xPz4txM4kvRg&client=ca-pub-7732679874752919&rf=5&nx=CLICK_X&ny=CLICK_Y&uap=UACH(platform)&uapv=UACH(platformVersion)&uaa=UACH(architecture)&uam=UACH(model)&uafv=UACH(uaFullVersion)&uab=UACH(bitness)&uaw=UACH(wow64)&uafvl=UACH(fullVersionList)&nb=2&adurl=https://www.vega.com/en-au/industries/mining-and-metal-processing%3Futm_source%3Dgoogle%26utm_medium%3Dcpc%26utm_campaign%3DMining_AU%26utm_content%3DAU_2026_0098_Portfolio_Industry_All-Audiences%26utm_term%3D%26gad_source%3D5%26gad_campaignid%3D12577679413%26gclid%3DEAIaIQobChMI7e-cxsjukwMVKnjDBh12xDf9EAEYASAAEgK3lPD_BwE,https://www.vega.com/en-au/industries/mining-and-metal-processing?utm_source=google&utm_medium=cpc&utm_campaign=Mining_AU&utm_content=AU_2026_0098_Portfolio_Industry_All-Audiences&utm_term=&gad_source=5&gad_campaignid=12577679413&gclid=EAIaIQobChMI7e-cxsjukwMVKnjDBh12xDf9EAEYASAAEgK3lPD_BwE&gclid=EAIaIQobChMI7e-cxsjukwMVKnjDBh12xDf9EAEYASAAEgK3lPD_BwE,,,,,
1251,https://www.googleadservices.com/pagead/aclk?sa=L&ai=CNL_FD9feaaSTNYyejeYP-ILo2A6Cj9SqhgHQo76j8BWmit3uhCoQASCwhZ0aYKW4moCcAaABtJ7zpUPIAQmpAoGXlio96ac-4AIAqAMByAMKqgTXAk_Qnks51Tf58zynC1-eFRh1ihm5pcij_7LFeHbcMPR94xBykfD3PLokVmuf7MkjBDIDTBDhkf8oncDA1coW8RTpUZgDOjkKmA8vDsoe4ovB5bHkbb6rZ_6gwNzGlHx3ie80fCcMKiQHbvS_t9f4RSWocTtPR9EJMzrNX_ugYhD8Q4D5DbLp9L6IjdAIAFtLVv-RG61tGYueeQ5PFAMratvE2NNYpjkX4FETE00zAuPLAH-A5wQGRdE3iKIGkB-Ny6W6yccwng6_0JjyEBU8ok5dB64WcCBje_qxmYodOFss383c_TBp7gge28Bzdw66yhoHwHsvFvP3igyx2ELZiEnq2A_7V_nRYXnqxFcTnP3igBhAFakhjPle3S5m8Qt5RbeAwyFDhbx44QQ97yDTysImGh4cV1JOjNO8O8JcotDIBCp7Zumn8n9ydIpqCe31ZABFdxyYJ83ABL3kqOnWBeAEAYgF5YrqsligBi6AB7TWw4UeqAenzLECqAemvhuoB8zOsQKoB_PRG6gHltgbqAeqm7ECqAeOzhuoB5PYG6gH8OAbqAfulrECqAf-nrECqAevvrECqAea4bECqAfVyRuoB9m2sQKoB5oGqAf_nrECqAffn7ECqAf4wrECqAf7wrEC2AcA0ggyCIDhgBAQARidATIIqoKAgICAgAg6DoDAA4CAhICAlK7gA6gHSL39wTpYh7LUqMjukwOxCe1hNx7P0othgAoDmAsByAsBgAwBqg0CQVXIDQHiDRMIkerUqMjukwMVDE_DBh14ARrr6g0TCPT61qjI7pMDFQxPwwYdeAEa6_ANAogO____________AbAO86SX-RjYEwzQFQHKFgIKAPgWAYAXAbIXEBgBKgoyNDU5ODM3NjU3UAa6FwI4AaoYFwkAAAAAOAkBQRIKMjQ1OTgzNzY1NxgBshgJEgKVUxguIgEA0BgBwhkCCAE&ae=1&gclid=EAIaIQobChMI5NbXqMjukwMVDE_DBh14ARrrEAEYASAAEgJcf_D_BwE&num=1&cid=CAQScQAFq6B9BhyuueCNtwypu5a0TjF3GkPf2cvtUuXdETmSgyHOwHhi8mc5B1ebrTXttz94jWdMeGq6LIvdMH5wQTD9Uli2kiY86T_ofygoxdH56MdbqLTzlzmqSd0babSw7zKMAy0goK3DprQXurV9GkScGAE&sig=AOD64_0Bg0y6PX4lvOlPJ8k0NT_W2EpZ0Q&client=ca-pub-6447179309296276&rf=4&nb=9&adurl=https://goblowstraws.com/%3Fgad_source%3D5%26gad_campaignid%3D23728915813%26gclid%3DEAIaIQobChMI5NbXqMjukwMVDE_DBh14ARrrEAEYASAAEgJcf_D_BwE,https://go.goblowstraws.com/,,,,,
985,https://www.googleadservices.com/pagead/aclk?sa=L&ai=CeiuqzcbeabihMqG2geAP6PiAiQfg9aWYhgG47PSr_xTIwpbLjw4QASDMka4iYKW4moCcAaAB_YXI4QPIAQngAgCoAwHIAwqqBKgCT9DJxLsLywccba5rTNpZfhnO5LDg8yFSZhEBFJJbg1QC3XB_S2Hh-KgjOenX1y1eiJcygP23_M8uGjkpkXEyG3yKxOxsc-5jnuR18bq4ypWdXefFEzOyHehcm6baBShECq5z3AgVNv9EmtnejNwpaDwAph2sQuwKfoo-rpcjgqg1SpQFt26CTv185E7fje7doWkJv8cbdMpDg_nBN-uMEztWmfO8KzMj6g0Clpjd-FABfcJGiE47f17XtDLsVGQnZVA7W74gpsRJ71Z-4laQf6ySgOU9DK3rn6vVmlMoCCno6RcpwC384IB4as6SvAKEUVP6r1ZN1EBy0xow6K9ClvxvBRodtfiNmNXqngVQYABhvkDarmKCQqFWGUBR4KzPU5-bHA_OJc3ABPCx-bbLBeAEAYgF6vWdsVegBi6AB-v5tx6oB6fMsQKoB-LYsQKoB6a-G6gHzM6xAqgH89EbqAeW2BuoB6qbsQKoB47OG6gHk9gbqAfw4BuoB-6WsQKoB_6esQKoB6--sQKoB5rhsQKoB9XJG6gH2baxAqgHmgaoB_-esQKoB9-fsQKoB_jCsQKoB_vCsQLYBwDSCC4IgGEQARgdMgiKgoCAgICACDoNgECAwICAgICogAKoA0i9_cE6WLHDhei47pMDsQk7BTd7WfbRaoAKA5gLAcgLAYAMAaIMA5ABAaoNAkFVyA0B4g0TCMf4hei47pMDFSFbAAYdaDwgceoNEwi0r4fouO6TAxUhWwAGHWg8IHHwDQKIDv___________wGwDvLwsucYuBPkA9gTDNAVAZgWAcoWAgoA-BYBgBcBshcQGAEqCjk3NjEzNDg3MzBQBroXAjgBqhgXCQAAAADoHQtBEgo5NzYxMzQ4NzMwGAGyGAkSApFUGC4iAQDQGAHoGAHCGQIIAQ&ae=1&gclid=EAIaIQobChMI-LuI6LjukwMVIVsABh1oPCBxEAEYASAAEgL2JPD_BwE&num=1&cid=CAQS0QEABaugfb_FfcP7EINp7Aw3MQH5bCpPopu6MAKsfAWGbFBdbPAIbQMJSryrZhel8XnynEZwOXCEHXJsOM6oMDvEu0FnxY8qEjCVHl2fbriQ1SRZ7iJzImynHhSuKc-Ev-OMVpYoFKKn4hud7f1e9bnu6a6ob6l4CTVue-f703efNFu5JIm290JPNKYcHcKEGlHkZTjAeOTNZurjmWnSnZbO5ch7pXvV8IwxXqF3JrWHj6x15jbNhduQGl-ZxWomK36EFhGMrZFpz--OfZhgULh2GxgB&sig=AOD64_2ieVDgSGUdBbnQfOJKZeAkmhu8FA&client=ca-pub-1991679624331369&rf=4&nb=9&adurl=https://www.puntapacificarealty.com/margaritaville-playa-caracol/%3Fgad_source%3D5%26gad_campaignid%3D23457135338%26gclid%3DEAIaIQobChMI-LuI6LjukwMVIVsABh1oPCBxEAEYASAAEgL2JPD_BwE,https://www.puntapacificarealty.com/margaritaville-playa-caracol/?gad_source=5&gad_campaignid=23457135338&gclid=EAIaIQobChMI-LuI6LjukwMVIVsABh1oPCBxEAEYASAAEgL2JPD_BwE,yes,yes,,,
1012,https://googleads.g.doubleclick.net/aclk?sa=l&ai=CfQWcrD7gacDqHOqCjeYPx5-T-AyNhPrWfv-Btai9E9zZHhABIPqpihdgx9X_jYQmoAGT3cigAsgBAuACAKgDAcgDCKoEtQJP0AyvT2KZfNv4UyXfzp5j7gc5V9kdj1qSrw5Ezz0Cd5TsUD5BBLsdIvEn2B5Xm7QUm42_u7C5Ill-wWNGD67djugR7BQq7ofMDidwZRV6vCEsCP7iDSgFD8i7WJWwzG9jYjdPG3wNZlLAfSeSPU4wva8LPyHhQs-UasFUNb7rakf7_WvntF54nVxRKReccCsue3QozGiutMfex6ItFAy40ssQDijisjemMgQU58IvHIckc00YumIAbjdVOfiE5rLEe0G49jfcqYWgoo9ehtslmkmSVGGFr9Ndvnaqq5LwDcYvf7qSK_vPhzq2hn4vGCrjN1zv7skW_0QsWsjYX6OXaDBgS1THZQqzc7sW16-b63qVobb-sqeqtSO0ciP6c1LzjnRp29zqWXaJ4vYwY3NJovR98pPABOKLx9uUBOAEAYgF1f79v0KgBgKAB-6l49sCqAenzLECqAfi2LECqAemvhuoB8zOsQKoB_PRG6gHltgbqAeqm7ECqAeOzhuoB5PYG6gH8OAbqAfulrECqAf-nrECqAevvrECqAea4bECqAfVyRuoB9m2sQKoB5oGqAf_nrECqAffn7ECqAf4wrECqAf7wrEC2AcB0ggvCIBhEAEYnQEyCIqCgICAgIAIOg2AQIDAgICAgKiAAqgDSL39wTpYppXLop_xkwOxCS50q8YRg3GmgAoDmAsByAsBogwDkAEBqg0CWkHIDQHiDRMI9L7Lop_xkwMVakHDBh3HzwTP6g0TCM7BzKKf8ZMDFWpBwwYdx88Ez_ANAogO____________AdgTDNAVAZgWAcoWAgoA-BYBgBcBshcQGAEqCjkzMzI3OTI5MDZQBroXAjgBqhgXCQAAAABANuxAEgo5MzMyNzkyOTA2GAGyGAkSAsFPGAIiAQDQGAHCGQIIAQ&ae=1&gclid=EAIaIQobChMIwPDMop_xkwMVakHDBh3HzwTPEAEYASAAEgJn3_D_BwE&num=1&cid=CAQS0AEABaugfUFRZf2uTfmYKQOb3e3WSxlimzHFTRMBd1guE_3GTLZ0vttVrRbTXn6xvVsAqx9KUqnSyxTT1NE6cE5vA6knA20802-a3VDZUS3FGwJ2X4PTptAMsmadpGGIEPnDe_lkEwYZI-Mlg7zcX3fhFXaolZ06v53p3w85DMFf9aRoy0lqLriIPOtr74abPc_PtLtMZ6pbracxRiqFkfH_wjunb2Usz_UQd2Q1h2KM-SdMfnUKGDfjez1tVL7WPD0PwSBGhXzAXJU1arGPm4BKGAE&sig=AOD64_1v5u4op1TSodKrV1Mgqx0vndygpg&client=ca-pub-5405132603504384&rf=5&nx=CLICK_X&ny=CLICK_Y&uap=UACH(platform)&uapv=UACH(platformVersion)&uaa=UACH(architecture)&uam=UACH(model)&uafv=UACH(uaFullVersion)&uab=UACH(bitness)&uaw=UACH(wow64)&uafvl=UACH(fullVersionList)&nb=2&adurl=https://www.vivaia.com/promotion/VIVAIA-Izabel-Sneaker-Flats-For-Walking.html%3Futm_source%3Dgoogle%26utm_medium%3Dcpc%26utm_campaign%3D17850924885%26gad_source%3D5%26gad_campaignid%3D17850924885%26gclid%3DEAIaIQobChMIwPDMop_xkwMVakHDBh3HzwTPEAEYASAAEgJn3_D_BwE,https://vivaia.jp/?utm_source=google&utm_medium=cpc&utm_campaign=17850924885&gad_source=5&gad_campaignid=17850924885&gclid=EAIaIQobChMIwPDMop_xkwMVakHDBh3HzwTPEAEYASAAEgJn3_D_BwE,,,,,
930,https://www.googleadservices.com/pagead/aclk?sa=L&ai=CS71diSPfaf74Fov0jeYPldrp6Qy1-pfAhgGpn8PKrBWhpvjz0B0QASDNno8YYJXikIKgB6AB8sDSnAPIAQmpAoHmgMOcyrM-4AIAqAMByAPLBKoE2gJP0DRippU0txufwDnlc3IqX-6FJia8UHH4VJYTZmH2yNl-ZDBW56Y2mB84iEeeOGhOVblg-2x2cVAJwAiRuATmN9dFQ_9v0e5lQjPyw0zA-i9QNJCTGwveqzdC4bWthHUsxfLl4KsuJ_4GNTFRG-XmjZRSi-16X9eegSQeYDR_Sld_CKWCyC2-jXbTdWC4fi3BICH2ITyaMnzE9Di0Ip3asmRkf63A_HUpmsErgIsY1yYbpJqwTFeON9UfVSvi8ceSxxq1dswgZh-Rso1M1RKVGePG_LVIq8XnMASr1XIvBBbjSrF_oIyL-PI6pUyYya4Prpeav5oVey3m59k_vmRQSPaHHWG6xuOAreJBrx7rx3p1LTH8OzVdQdX8SnADlkenGYqY_TvdP9ej9N7tSXaPGpu7hzIVV0q_FCXw43nJpcoQ0TPPTWkqPHwvXJkV2PYZEyPeAFzNgI4MwATC1P3qlQXgBAGIBe6kmtBToAYugAeDg6RkqAenzLECqAemvhuoB8zOsQKoB_PRG6gHltgbqAeqm7ECqAeOzhuoB5PYG6gH8OAbqAfulrECqAf-nrECqAevvrECqAea4bECqAfVyRuoB9m2sQKoB5oGqAf_nrECqAffn7ECqAf4wrECqAf7wrEC2AcA0ggyCIDhgBAQARidATIIqoKAgICAgAo6DoDAA4CAhICAlKiIAqgHSL39wTpYyv-sn5HvkwOxCaYUVWAhZR3TgAoBmAsByAsBgAwBmAyv_qGxkgWqDQJERcgNAeINEwiYtq2fke-TAxULesMGHRVtOs3qDRMIvYSun5HvkwMVC3rDBh0VbTrN8A0CiA7___________8BsA7Bwv27GLgTgwTYEw7QFQHKFgIKAPgWAYAXAbIXEBgBKgoyMzE2NDYxMzY2UAa6FwI4AaoYFwkAAAAAAOzzQBIKMjMxNjQ2MTM2NhgBshgJEgK7TxguIgEA0BgBwhkCCAE&ae=1&gclid=EAIaIQobChMIvuH7n5HvkwMVC3rDBh0VbTrNEAEYASAAEgL9cPD_BwE&num=1&cid=CAQScQAFq6B9pbEBK9wYODsynKXOUcgioePYXlg3e8UH5prqwv29aOUZtgOPcKhiys8twPLz9lrVIlXDMRxiEhp1d3KfLwAWUJq-i8g8OkEmbSems-tKI7YmRC1BYOfc0TYkAqOyr8yUU4tAjaBVk_jwFKSYGAE&sig=AOD64_2MILlMuP72vo_APvNmajeuilxFXg&client=ca-pub-4075694933314520&rf=1&nb=12&adurl=https://niessing.com/de-DE/mothersday%3Fgad_source%3D5%26gad_campaignid%3D22448345710%26gclid%3DEAIaIQobChMIvuH7n5HvkwMVC3rDBh0VbTrNEAEYASAAEgL9cPD_BwE,https://niessing.com/de-DE/mothersday?gad_source=5&gad_campaignid=22448345710&gclid=EAIaIQobChMIvuH7n5HvkwMVC3rDBh0VbTrNEAEYASAAEgL9cPD_BwE,no,,,,
1196,https://www.googleadservices.com/pagead/aclk?sa=L&ai=CgMDqRlzeadvUC7-hjeYPme7CkAfghNyobZGZi-bDEGQQASCgwYUeYImLxIT0E6AB3suh4CjIAQmpAm8_Hiygx7M-4AIAqAMByAMKqgTFAk_QGCIckeYbIsS-iro255CzhsWnpSQ1MatgFav1PW_jqw69cg6FovoGdsbe9dRfRiWwFvS-l33mRW-zE47yWf6gM-NT03o1hrwHGLtJTrR0X7rVg9swM5xBp8UbBmH6d4-C91eEP3Uor3ZPyLy6AKBgYzZ9flj-OLBflzfxh3zqXjjvQ9Sf4dFPNUg_KAfv4_jAKT8RJWU_zjdzTxAh2QrFC10ngqPLYAZeWklmxKfO838QELcXKO3tHrR-gYmhqAB19YJbMXcZioob4v0x9BZeBTt-OTLoN4GbnYMHlxMlFFJekpl3se1QFWYs1sVZLlAUYRD8huxsdV-mrrSYGaqmKH0IA3eZhfQCdYhmgVac8f7t470EVHFzdMO1f0Txx6UL3XJhpymdjAT6TVoD5_A5F4TQzQZoFJM9opj0JpSjVK872yPABICGj5aVBOAEAYgF2vjz3UOgBi6AB96D8r8DqAenzLECqAemvhuoB8zOsQKoB_PRG6gHltgbqAeqm7ECqAeOzhuoB5PYG6gH8OAbqAfulrECqAf-nrECqAevvrECqAea4bECqAfVyRuoB9m2sQKoB5oGqAf_nrECqAffn7ECqAf4wrECqAf7wrEC2AcA0ggyCIDhgBAQARidATIIqoKAgICAgAg6DoDAA4CAhICAlK7gA6gHSL39wTpYkL31m9PtkwOxCX3We2AX1aHLgAoDmAsByAsBgAwBqg0CSlDIDQHiDRMIvfL1m9PtkwMVv1DDBh0ZtxBy6g0TCNDo95vT7ZMDFb9QwwYdGbcQcvANAogO____________AdgTDdAVAcoWAgoA-BYBgBcBshcQGAEqCjIzNzAxMDk0MTVQBroXAjgBqhgXCQAAAAAwgvNAEgoyMzcwMTA5NDE1GAGyGAkSAoNVGC4iAQDQGAHCGQIIAQ&ae=1&gclid=EAIaIQobChMI24_4m9PtkwMVv1DDBh0ZtxByEAEYASAAEgJ77vD_BwE&num=1&cid=CAQScAAFq6B9rj0w-w73xocEBUJ-547lFQHc-7DHNxy9-fYfIir5n0v8RqvjzbwuU234l6arCNJ8Pw-7Rj5plJfR_wLstz46hTDXY6O8oG2nT0FFJ_KSvkHH9p_iBVuEkx6XNK7WXV9wDLoDv7kUhhZPnJ0YAQ&sig=AOD64_2fhMB1V0ess1IvcTyBDBlZaJQ7uQ&client=ca-pub-8625962252420196&rf=4&nb=9&adurl=https://www.smartape.net/dedicated-servers%3Fgad_source%3D5%26gad_campaignid%3D18182110298%26gclid%3DEAIaIQobChMI24_4m9PtkwMVv1DDBh0ZtxByEAEYASAAEgJ77vD_BwE,https://www.smartape.net/dedicated-servers?gad_source=5&gad_campaignid=18182110298&gclid=EAIaIQobChMI24_4m9PtkwMVv1DDBh0ZtxByEAEYASAAEgJ77vD_BwE,,,,,
944,https://www.googleadservices.com/pagead/aclk?sa=L&ai=CtPwZoljgab_mI_mMjeYP-eGu2A7d-KHChQGf8sWTnBW-27-rmUcQASDCiLkiYMfV_42EJqABttiAzSrIAQmpAn4HhDwIZXA-4AIAqAMByAMKqgTVAk_QqoXCUVS-NiD7va_voKSO906Y8sUYgHdwfMzZ7vUuI0PTdSInlK0YwuZcMNqWtqNjFaXmqg9QKW3qrLTPfexWXU5mGabqM1pd3GbBeJ0b3bSMXWjv9jap65xru4YVK4XfEy1fBpJRFEGU1k4AucZME6wfpLnQU05uEw-hxt7acmDvdRj3IWHsK6dbdZl6fOT_8CdjHw8ZeO3rtigkMasCqBgKpPR2ervGadbVlKUThSC4KS86NuqqhW27PF9l0yY4OBdHnTv6R1js5jpYA1JxDDCDLRRiwRkq5Rbkv3wdhGGIx_iDF5RA7dfSZcRqAHJOqhttIfMRvm8f2gizxyfPqaYQmBTFvadNemxCHZAuiKSXAEZArxxke5QEOQ4bGp4x3ePlD_-aRVsg3t5UL2Mo8udJ5EieFq73l7lei6J8338q-6qs2pDfTUIXNI6J5M4joy25wAT55_vR0wTgBAGIBYXtuuhNoAYugAe2kNGsBagHp8yxAqgH4tixAqgHpr4bqAfMzrECqAfz0RuoB5bYG6gHqpuxAqgHjs4bqAeT2BuoB_DgG6gH7paxAqgH_p6xAqgHr76xAqgHmuGxAqgH1ckbqAfZtrECqAeaBqgH_56xAqgH35-xAqgH-MKxAqgH-8KxAtgHANIILgiAYRABGB0yCIqCgICAgIAIOg2AQIDAgICAgKiAAqgDSL39wTpY2rLZg7jxkwPyCBthZHgtc3Vic3luLTM0NDgzNDE4NTI5MjkyNTOxCYwie5xk-swugAoDigqVAWh0dHBzOi8vdHJjay0wMDEuY2xja3B0cmwuY29tLz91aWQ9OUM1MDY2MjItODAwQy00QkExLTk0M0QtMTVCQkZDNEJFQjE0JmFkcD0mbHBtPTEwMjg2NjUmbGltPSZhZGk9Jms9Jm49eCZjaT0yMDg4MjA1OTE1MiZkPWMmcD0mdT17bHB1cmx9Jm1hPSZ0YT0mY3I9mAsByAsB4AsBgAwBogwDkAEBqg0CWkHIDQHiDRMIh9rZg7jxkwMVeUbDBh35sAvr6g0TCNyH24O48ZMDFXlGwwYd-bAL6_ANAogO____________AbAO2PTelBjYEwvQFQGYFgHKFgIKAPgWAYAXAbIXEBgBKgo0ODEyMTEzMTUxUAa6FwI4AaoYFwkAAAAAEGITQRIKNDgxMjExMzE1MRgBshgJEgKeVBguIgEB0BgB6BgBwhkCCAE&ae=1&gclid=EAIaIQobChMIv7_bg7jxkwMVeUbDBh35sAvrEAEYASAAEgIAhfD_BwE&num=1&cid=CAQS0QEABaugfaW7PGG4e_yGwjXldgnxmZLPEisd6uOG-ZS4GEM9RUFPufXPX6CR5F_DG2drnHgwD4Uns2yzRr3H4R5Qi8dudrEHcEsshgJ34ZVfnPVOV2IVCp_GWSx_aGnPijAVRxtqk-mXm2IGaavaI_mshXaoZSM7GqGzrtkhI4nasSJXRG7sQhZby_375-6v0h0DWsMWr4TZ94GN86VN2p9rVz1XcMJEbvzCbRxweGITJ9FL25zwyCaat8J51OWiX7fTyYkQxYKRNvwlYI1iXmb69hgB&sig=AOD64_2MjFo7Dk8f35zLOO_ux9M63qsdYg&client=ca-pub-5610521491184789&rf=4&nb=9&adurl=https://book.budget.co.za%3Futm_source%3Dgoogle%26utm_medium%3Dcpc%26utm_campaign%3D%26utm_content%3D%26keyword%3D%26device%3Dc%26network%3Dx%26placement%3D%26hsa_acc%3D%7Baccountid%7D%26hsa_cam%3D20882059152%26hsa_grp%3D%26hsa_ad%3D%26hsa_net%3Dadwords%26hsa_src%3Dx%26hsa_mt%3D%26hsa_kw%3D%26hsa_tgt%3D%26gad_source%3D5%26gad_campaignid%3D20888598149%26gclid%3DEAIaIQobChMIv7_bg7jxkwMVeUbDBh35sAvrEAEYASAAEgIAhfD_BwE,https://book.budget.co.za/?utm_source=google&utm_medium=cpc&utm_campaign=&utm_content=&keyword=&device=c&network=x&placement=&hsa_acc={accountid}&hsa_cam=20882059152&hsa_grp=&hsa_ad=&hsa_net=adwords&hsa_src=x&hsa_mt=&hsa_kw=&hsa_tgt=&gad_source=5&gad_campaignid=20888598149&gclid=EAIaIQobChMIv7_bg7jxkwMVeUbDBh35sAvrEAEYASAAEgIAhfD_BwE&vd=&source=g,no,,,,
1250,https://www.googleadservices.com/pagead/aclk?sa=L&ai=CJgkxOUPeaerGCNuNjeYPvKSSoQeHxf3AhgG5opvKrBWok4_O3BMQASC-z4caYImLxIT0E6ABv-jN5D3IAQapAi0uk0NQyrM-4AIAqAMByAMKqgStA0_QSkJFYOCK8p0zh2ib8pL5Lf0n8r1dz_kSFazTGGmqkEKy-e6yZrGaoUWVFtlZjLyu6kB7fpKUNS41C2zBofNhC333tjGBQkZtwhqFR6etBC7ZtcqBgokvmuvELEFkdSx7CiWYs7AN2Y0d_KtjN5-b6y8PvSRBEiBdQP_C7iVlJuQegBTMiW2Uc-fc-wzVE1NYZnuBeg-qArSiXax_sZgxzX5cODilCIsBQH5yO7rKup0QF7cY3J5Yv8yTzZJeDgp31IEo4s7yDYyG5p9Zbnoueo-S_Uh_0nL057RGaoJ-QTtPmWRyL_idbNuPga9if1R8Oy4htwTL9TYEVrwpLe7rYCVfLpZqKeeH8p0XMS-eaca08D7xVZUbd843V-mRntjDMosl231ykatOJK2YMRSYxzq_VXETaEpOtYT4WDsjj01a3ZN2EuMfKfAJ5e7lu0nJ--_omIGW7UvXCXtboLVaztnS3qivFzAkJSOS1ZjoFUw0o0gtqx4MbVWJM4oaqABRu6s616q5WE9-3fLzkSERsc9a0DheahIxDfY81q42XW4gU6SqYJjmAnaftMAEweXh0c8F4AQBiAWF5eTAWKAGLoAHv6CexBioB6fMsQKoB-LYsQKoB6a-G6gHzM6xAqgH89EbqAeW2BuoB6qbsQKoB47OG6gHk9gbqAfw4BuoB-6WsQKoB_6esQKoB6--sQKoB5rhsQKoB9XJG6gH2baxAqgHmgaoB_-esQKoB9-fsQKoB_jCsQKoB_vCsQLYBwHSCC4IgGEQARgdMgiKgoCAgICACDoNgECAwICAgICogAKoA0i9_cE6WKfe96m77ZMDsQk9EaRodf9juIAKA5gLAcgLAaIMA5ABAaoNAkpQyA0B4g0TCNyO-Km77ZMDFdtGwwYdPJIkdOoNEwiA1vmpu-2TAxXbRsMGHTySJHTwDQKIDv___________wHYEwPQFQGYFgHKFgIKAPgWAYAXAbIXEBgBKgozODUyNjA3NDM4UAa6FwI4AaoYFwkAAAAAMCT1QBIKMzg1MjYwNzQzOBgBshgJEgKVUxguIgEA0BgBwhkCCAE&ae=1&gclid=EAIaIQobChMIqsf6qbvtkwMV20bDBh08kiR0EAEYASAAEgLewvD_BwE&num=1&cid=CAQS4wEABaugfWwlxHB3xlcY9jxFZ4iu3Ykeb5xpkPgHJHJW_5rkBfNANRmTbLvSl41YYm4-6ICrkEx5gZ3AlSNuuufYXwZRSFmC4OCSs8Rfvay2pfyvbOwoqYZbWARr5dfJBHIEabxJF3duIl4ImWHth-bMDvK2eFHXjCSfepVA19jrM1URJyDNXvaDwRXUmeD-Ml9h8rN7kLNUx-NaPWmKStIuE0z7zKoYQFgZL8L5Nwo9i_oQJTHnIobdVth_SvYon9Ys3S-qOPJSFS707uRvPaFXKr0X0FlCGmdHe53GqPshexMZJBgB&sig=AOD64_2BtgUL4TT7pKMI1eMq1moJRMvFFQ&client=ca-pub-6453680425766689&rf=4&nb=0&adurl=https://mahle-smartbike.com/content-hub/smart-assist-traction-control-intelligent-features-for-the-mahle-m40/%3Fgad_source%3D5%26gad_campaignid%3D23758189189%26gclid%3DEAIaIQobChMIqsf6qbvtkwMV20bDBh08kiR0EAEYASAAEgLewvD_BwE,https://mahle-smartbike.com/content-hub/smart-assist-traction-control-intelligent-features-for-the-mahle-m40/?gad_source=5&gad_campaignid=23758189189&gclid=EAIaIQobChMIqsf6qbvtkwMV20bDBh08kiR0EAEYASAAEgLewvD_BwE,no,no,no,no,no
1011,https://www.googleadservices.com/pagead/aclk?sa=L&ai=CwH6ssh3faeXTAqSwgeAP9o6U4Qrvl5SlhgGLxbnzyRSwkB8QASDlz-sWYJXikIKgB6ABhaqq5QPIAQmpAuu5pUq3ybM-4AIAqAMByAPLBKoEzAJP0Mh0Y9xfik6-Mnnuq5WeBQ79b5o7PDOsJJ4IbQx6-SmU6H1tZadyo-tEzCdXoYpOzjn0pz0jV3wxu7s7842KpmUKy9_bcsaBagvAdsD8ntm9LoQsFMig9IBg05SeLtPf-Y4V8jJZjasUx7jpDuwFXXPAaHm_h7AhLOch2Y39ysWPWBT6dOp8IwGR0X2UW-xpDnXHFBZUepw1kyyqgHLypirR0X_G7_wcubguEW_UUn71QmtVQxu_OBJM2DrRTtTDzZizX6qtabvCtqMxd-GD73wh--_BAUPH7ugF-7YiohaCquxVz8Q10GiJV69RNU5wmRETA2UpI0MgDoFc9ses_jd5D76tdAiMdg1XM6_wWdPsu2uQsFTkfDu6QoHZIadL01ZhMpAlQlDPa98ON7HKBXnJlEU050B4ZdCtK3TOsoEcwn2rkpTY47TvLsAEnaW-vaoF4AQBiAX5vrePVaAGLoAH49XVGqgHp8yxAqgHpr4bqAfMzrECqAfz0RuoB5bYG6gHqpuxAqgHjs4bqAeT2BuoB_DgG6gH7paxAqgH_p6xAqgHr76xAqgHmuGxAqgH1ckbqAfZtrECqAeaBqgH_56xAqgH35-xAqgH-MKxAqgH-8KxAtgHANIIMgiA4YAQEAEYnQEyCKqCgICAgIAIOg6AwAOAgISAgJSoiAKoB0i9_cE6WJS99taL75MDsQmI20pvBdW3G4AKA5gLAcgLAYAMAaoNAkRFyA0B4g0TCMf79taL75MDFSRYAAYddgclrOoNEwj0xffWi--TAxUkWAAGHXYHJazwDQKIDv___________wHYEwyIFALQFQHKFgIKAPgWAYAXAbIXEBgBKgo2MDE3MDU2NDQ5UAa6FwI4AaoYFwkAAAAAIAL1QBIKNjAxNzA1NjQ0ORgBshgJEgLoThguIgEA0BgBwhkCCAE&ae=1&gclid=EAIaIQobChMI5fT31ovvkwMVJFgABh12ByWsEAEYASAAEgJIDvD_BwE&num=1&cid=CAQScQAFq6B9l0Uszk3vGtb2o-5bLxpKzUWF7mF6UFOXNT7PYp_RiAMu2rsq4IJAVa6_PZRyb9QvnftNIQUGdQ20A27BNWduU6l3PFOJBsX4Q-fpqJQIr360W-mHgIoHp3e9nMWMd81tsAfyP27PbYHtTVOlGAE&sig=AOD64_25ONZ0plhnTLNoNvuecHEWsuVL4g&client=ca-pub-9914992914910847&rf=1&nb=9&adurl=https://www.biobam.com/omicsbox/%3Futm_source%3Dgoogle%26utm_medium%3Dcpc%26utm_campaign%3DDGENESIT%26utm_content%3D%7BGroup1%7D%26utm_term%3D%7Badname%7D%26gad_source%3D5%26gad_campaignid%3D22849380217%26gclid%3DEAIaIQobChMI5fT31ovvkwMVJFgABh12ByWsEAEYASAAEgJIDvD_BwE,https://www.biobam.com/omicsbox/?utm_source=google&utm_medium=cpc&utm_campaign=DGENESIT&utm_term=%7Badname%7D&utm_content=%7BGroup1%7D&gclid=EAIaIQobChMI5fT31ovvkwMVJFgABh12ByWsEAEYASAAEgJIDvD_BwE,yes,,,,
968,https://www.googleadservices.com/pagead/aclk?sa=L&ai=CEwOhtETgaZXuCMaWgeAPjILH4Ayc0efDhgHDmI3N4hXRjLikBBABIIvVsSBgx9X_jYQmoAHQ_bW5KsgBAuACAKgDAcgDCKoEiQNP0HvHbgRWD7UgpMCUXzBlL25BdJYpQuYuzBFkks5cMV0Ms_GllgfqEJ4DHV2Yu8-40fCK4VhYGLMwxW3WWCxvgWFH40R7cPY3DYVbtaLJSA4KFD4IRi4oVASbdLkqo3FG65S_iUtvwxcN07Ou29yy8BEKND1vhycMbdhYNcQb_qrTUZCFXQ73YC7koO_sqkffczUZJfBQuRyaBeCODL11b8ubNJO3FGoZZuPDpJXphZ-71YwABe2oCdWIWy3sPBrQa0x8ztnI4eQxVBWKlOEUuhl4_bWsct1UegOjjIxKcoobLoG5RYXNnf1mG7G1KtQjAHfRaH7TIW2t1TEnwMhDBN4Zz66JOncoMgtmACiHM-GkwL33Z176L8eMw0Z614GvpW56iq3LEQ5_snAinXATFgNM5Nmun3fo2yaLzMDveyX78ymOPSYi9frzOOKSKRUpT76YPxwg2s4guJNhNyd7z_WLQScebKfopCoYZYIDwMJQQpqoWBQUA9EonT1TmK3v68ATdSeEz0DABP2KiJDIBeAEAYgFwd_5i1igBgKAB9C1hpkFqAenzLECqAemvhuoB8zOsQKoB_PRG6gHltgbqAeqm7ECqAeOzhuoB5PYG6gH8OAbqAfulrECqAf-nrECqAevvrECqAea4bECqAfVyRuoB9m2sQKoB5oGqAf_nrECqAffn7ECqAf4wrECqAf7wrEC2AcB0ggvCIBhEAEYnQEyCIqCgICAgIAIOg2AQIDAgICAgKiAAqgDSL39wTpY9pbVgqXxkwOxCVodXWlZNunHgAoDmAsByAsBqg0CWkHIDQHiDRMIrsbVgqXxkwMVRksABh0MwRHM6g0TCPvQ1oKl8ZMDFUZLAAYdDMERzPANAogO____________AdgTDtAVAcoWAgoA-BYBgBcBshcQGAEqCjg5OTA0MTE5MDRQBroXAjgBqhgXCQAAAAAAvO1AEgo4OTkwNDExOTA0GAGyGAkSAsJnGAIiAQDQGAHoGAHCGQIIAQ&ae=1&gclid=EAIaIQobChMIlZjXgqXxkwMVRksABh0MwRHMEAEYASAAEgJWmfD_BwE&num=1&cid=CAQS0QEABaugfe6ttHq4w_X6uqx31GxXDq9Ju6plr_BIE8eXJ_vyMD35j_HhLRzut6YptDNObNbpw4yioWqhgZH_vrPCN6sC9VFSf3oe4hSE5ZL0ypkF9k_cEFN6st-8Qqs_P7frk7DeuV6V2DJioz4EGEwlXNGEp4xp-aHjXZFXrv__-lCD0WB7tK3V6euyMDdgrjOIeL1yBPp4kUacTRDkwl-J1YIFTbcODF0Znx1fHa9ThWx75Ar0qngGn9vnG_Vh3prC88G41o2hlPldeg-26iDJEhgB&sig=AOD64_0A6zX6oKw6k6AvugcosAZvqjiiBA&client=ca-pub-2378110306265632&rf=5&nx=CLICK_X&ny=CLICK_Y&uap=UACH(platform)&uapv=UACH(platformVersion)&uaa=UACH(architecture)&uam=UACH(model)&uafv=UACH(uaFullVersion)&uab=UACH(bitness)&uaw=UACH(wow64)&uafvl=UACH(fullVersionList)&nb=2&adurl=https://lifehackswiki.com/1/%3Futm_source%3Dgoogleads%26utm_campaign%3DLHWD_G_DSK_ALL_SmartUsesEggCarton_CPA_031326%26utm_medium%3Dwww.boston.com%26creative%3D800156503104%26gclid%3DEAIaIQobChMIlZjXgqXxkwMVRksABh0MwRHMEAEYASAAEgJWmfD_BwE%26cpid%3Da3f2bca2-405e-4ca3-8b52-edd99101f0cb%26lpid%3Dac772e26-373e-44b7-8198-07d5eb55ad54%26gad_source%3D5%26gad_campaignid%3D23647383489%26gclid%3DEAIaIQobChMIlZjXgqXxkwMVRksABh0MwRHMEAEYASAAEgJWmfD_BwE,https://lifehackswiki.com/1/?utm_source=googleads&utm_campaign=LHWD_G_DSK_ALL_SmartUsesEggCarton_CPA_031326&utm_medium=www.boston.com&creative=800156503104&gclid=EAIaIQobChMIlZjXgqXxkwMVRksABh0MwRHMEAEYASAAEgJWmfD_BwE&cpid=a3f2bca2-405e-4ca3-8b52-edd99101f0cb&lpid=ac772e26-373e-44b7-8198-07d5eb55ad54&gad_source=5&gad_campaignid=23647383489&gclid=EAIaIQobChMIlZjXgqXxkwMVRksABh0MwRHMEAEYASAAEgJWmfD_BwE,,,,,
1245,https://www.googleadservices.com/pagead/aclk?sa=L&ai=CuBq9i0fgadr8IpCKjeYPuuKJ2Aa2tOGbb820m7WDEc3t2r_NARABIJPY0h9gx9X_jYQmoAGJnID8AsgBCakCdPW6okPBtj7gAgCoAwHIAwqqBMwCT9CPhgZgHOxAt8RspNm6DDgo55oiyflNU0OB4Leno0wba2P5qeO-UQDS-EhYOWh-gH9o9QixHBFvj5_ASrfRC87aXE_Pl5RtdZuQP5z2qfe2CZMESMtUwXRJsW_sMeMQzQsAJfv1sVc9aIM0YLnhfbPAKGX-PFMlLefQFsHaacCw3sGmDX9Fg1hPeJATcTUYCQdlopjHjpwA3gf8x2tQTf7Ae6xUcneoV7-jXdWNiSbuxcZ0LMl2ygFA9fG225TIXPDuXydvvtmPW9vEJo7nPv0S9uqZxN_CD5Rv9vxIB99RuvH2uhXEnRaInVyL4tOqRJx3M99rffraSDz63X4QN_urajsIFFsFCuFC7tK53IEspGhsUtxQ9zsuk1D3Fviwp2f0A5UZO2X2G4FcTgZRhNptcQwv11eULrEp5660NvSLppfqeFhJZohlEzLABL_9j7KcBOAEAYgFwfH0v0mgBi6AB9_j_4MBqAenzLECqAfi2LECqAemvhuoB8zOsQKoB_PRG6gHltgbqAeqm7ECqAeOzhuoB5PYG6gH8OAbqAfulrECqAf-nrECqAevvrECqAea4bECqAfVyRuoB9m2sQKoB5oGqAf_nrECqAffn7ECqAf4wrECqAf7wrEC2AcA0ggvCIBhEAEYnQEyCIqCgICAgIAIOg2AQIDAgICAgKiAAqgDSL39wTpY28bD3afxkwOxCWzAT7AACnQugAoDmAsByAsBgAwBogwDkAEBqg0CWkHIDQHiDRMIlIfE3afxkwMVEEXDBh06cQJr6g0TCJSVxd2n8ZMDFRBFwwYdOnECa_ANAogO____________AdgTDdAVAZgWAcoWAgoA-BYBgBcBshcQGAEqCjYyMTMxMjMwMjZQBroXAjgBqhgXCQAAAAAsBhFBEgo2MjEzMTIzMDI2GAGyGAkSAq1RGC4iAQDQGAHCGQIIAQ&ae=1&gclid=EAIaIQobChMImu7F3afxkwMVEEXDBh06cQJrEAEYASAAEgLnxfD_BwE&num=1&cid=CAQS0QEABaugfcMR0UTF7uF2tbIsgxF2_X56CY9MA_ExBd_rdBZ4XVXz4EE8TU0HbB_NDB4psaX-5-CCIiPmnBlUz_jIjsHzKy2QJ2A9O7CrNu4jNbLCthqfhhJjeSor4r_M-YghlBqOFYT8R4M4Ojc-Bf9ci3qpTkRP3yrWjftGEwcwspcDDoHkbv9RosQVAHK2sA-VVfb8GRyWfuSPtHSOMvira4nBgW4RLflqBFhd0CQuZuqi54v-FDFKWaDsuPY4-QjIXufwsdILTHD9JfRAnkk7wRgB&sig=AOD64_0uV4g-4GksHKj-5HNeWHYm9NuOKQ&client=ca-pub-2870152834215954&rf=4&nb=9&adurl=https://www.somerville.je/kitchen-studio-jersey%3Fgad_source%3D5%26gad_campaignid%3D19729823937%26gclid%3DEAIaIQobChMImu7F3afxkwMVEEXDBh06cQJrEAEYASAAEgLnxfD_BwE,https://www.somerville.je/kitchen-studio-jersey?gad_source=5&gad_campaignid=19729823937&gclid=EAIaIQobChMImu7F3afxkwMVEEXDBh06cQJrEAEYASAAEgLnxfD_BwE,,,,,
1077,https://www.googleadservices.com/pagead/aclk?sa=L&ai=CaQlKIGLgaeTuO92OjeYPjKiumAaW6t69hgG74p-p2xSK7uC35w4QASCS5skmYMfV_42EJqABtrOfogLIAQKpAn4HhDwIZXA-4AIAqAMByAMIqgSqAk_Q-Xmmvk2thGfP8GfIYZDIT6UcKUk_WXEI7z9sdivhoFy1OAEu46Nco4afu0s-U1EEYlm68EJxqCTeNgrxdg2DQCsWk6lXTDxINCej2t26fzyoIiVZygXFN9BRrlZFGQOfSGWMkMMx2SEOWZneDDKQewfU1YLQnlSsUWkvc7zeFDLl6JFANPqylrEZXemsLhXCB4nofYpC5JyFcAmot9NJIsZ3K0KVFSC3uxkME2LiWxMIDW0sPmEFwUMWIkB8UzW2iJI77z4X_oyNwVfBhMet0bLFLy8gU2UvOteWdlvkvKPU0KLUpqeQIM5mTu2BbkxAdOkGtdLGU1xZ8ICMYE-43inX5Fd_uI7eTJmFNGvLyGQazBdl0XmM4NWwFL3WzXBREi0i9HkGbsPABKXw8_uwBeAEAYgFkMv9qlSgBgKAB7LM4N0BqAenzLECqAfi2LECqAemvhuoB8zOsQKoB_PRG6gHltgbqAeqm7ECqAeOzhuoB5PYG6gH8OAbqAfulrECqAf-nrECqAevvrECqAea4bECqAfVyRuoB9m2sQKoB9i2sQKoB5oGqAf_nrECqAffn7ECqAf4wrECqAf7wrEC2AcB0ggvCIBhEAEYnQEyCIqCgICAgIAIOg2AQIDAgICAgKiAAqgDSL39wTpY4cbMisHxkwOxCZYVvNoVoIsZgAoDmAsByAsBogwDkAEBqg0CWkHIDQHiDRMIpPnMisHxkwMVXUfDBh0MlAtj6g0TCO6UzorB8ZMDFV1HwwYdDJQLY_ANAogO____________AdgTDNAVAZgWAcoWAgoA-BYBgBcBshcQGAEqCjMyNjM1ODc3MTVQBroXBAgBSAGqGBcJAAAAAIhnCkESCjMyNjM1ODc3MTUYAbIYCRICwVwYAiIBAOgYAYAZA8IZAggB&ae=1&gclid=EAIaIQobChMI5P7OisHxkwMVXUfDBh0MlAtjEAEYASAAEgKm9vD_BwE&num=1&cid=CAQS4gEABaugfd8miFFse94JZdbRJ1wzJ9mTnmzljcn_g56f3yg1cFpudTIYAE5UsOkR_MaDbd7Enpu0pbd3J6zZTpAVP4hRlRY-WRjN-YySZg1HzhTN7TdeTMKBisEe-WpJo6gUBBjsfbi-x2B3YXTnQGyZNUjKC0WoU-4vNGTvuTEUZsUbKCsvvpTIT1QnYxAioix0Z6Q5HbVMHSDFmTvjhC96oy1CX5-_WMwHB5j-Sq35m3M9se33gYMUfCFZHU4Jve6FycFem1NXHISoJyriIlm7GduSHgslM8b8CmvO6b8FSrB9GAE&sig=AOD64_3F8RZhX5dO8Ut0MReusMU7VW1sQg&client=ca-pub-8162630360170543&rf=5&nx=CLICK_X&ny=CLICK_Y&uap=UACH(platform)&uapv=UACH(platformVersion)&uaa=UACH(architecture)&uam=UACH(model)&uafv=UACH(uaFullVersion)&uab=UACH(bitness)&uaw=UACH(wow64)&uafvl=UACH(fullVersionList)&nb=2&adurl=https://unifi.credit/za/%3Fgbraid%3D0AAAAACRH2bbq3uxhbuGS2nUzyhO0aLiEq%26utm_source%3Dgoogle%26utm_medium%3Dcpc%26utm_campaign%3Dcls_display_cl_lla%26utm_content%3D184943441957%26utm_term%3D%26gad_campaignid%3D22638716304%26gclid%3DEAIaIQobChMI5P7OisHxkwMVXUfDBh0MlAtjEAEYASAAEgKm9vD_BwE,https://unifi.credit/za/?gbraid=0AAAAACRH2bbq3uxhbuGS2nUzyhO0aLiEq&utm_source=google&utm_medium=cpc&utm_campaign=cls_display_cl_lla&utm_content=184943441957&utm_term=&gad_campaignid=22638716304&gclid=EAIaIQobChMI5P7OisHxkwMVXUfDBh0MlAtjEAEYASAAEgKm9vD_BwE,yes,yes,yes,yes,yes
1038,https://www.googleadservices.com/pagead/aclk?sa=L&ai=C3o_ysV_gacWSFNX1jeYP_4OMsQbTvIS5hQGyveSahxXCkpSNzgQQASD3kJ4nYMfV_42EJqABme7C_QPIAQngAgCoAwHIAwqqBN4CT9A25dpk_DXHQtahSRitZ_54E-ctyAV042Cdqpa1uH4IIkvL8A_CwQQov-cwfxy6ZFo9Gj2YeKFVVady0XxJ3NUqP4kNXrjdhit9WFCOgr1C6oBsSr-AyDtGd-kboV_0_zjwF38HUszoFgzECZ4Z1QVjDGJDEX7nRFXA9YbtrphPKPb675zthTP5zxkyeA0Z2UjQkpQLaAPpb1DVIoaJbBb6aBYQ5eIsVxRDaoHdAfaCwkSWCacSgAYsOIhR6_T9wPhganLB6rNYHSxDXywCMXx2-auw5dsf9yv3dt6k-HauYv8T-iMTx8Lj54oEnXwnvfSNogrJbXyWbdLaRodxw6CJnWEjqda93zEaKnInr_3Dvpe1o1EYPtaY5JNJ0zmNFlXmgKIX5OsgG0CRak4Bda7w_TeBWuJnoZQgSwxN5WJIny_7Ues6d3CiDOnnagxygQbP_j3QFYonCIWLTxzABPqw0p2wBeAEAYgFqK6w81agBi6AB8-RvQKoB6fMsQKoB-LYsQKoB6a-G6gHzM6xAqgH89EbqAeW2BuoB6qbsQKoB47OG6gHk9gbqAfw4BuoB-6WsQKoB_6esQKoB6--sQKoB5rhsQKoB9XJG6gH2baxAqgHmgaoB_-esQKoB9-fsQKoB_jCsQKoB_vCsQLYBwDSCC8IgGEQARidATIIioKAgICAgAg6DYBAgMCAgICAqIACqANIvf3BOlj_0JzhvvGTA7EJPnCKwPqwQomACgOYCwHICwGADAGiDAOQAQGqDQJaQcgNAeINEwiJ-ZzhvvGTAxXVesMGHf8BI2bqDRMI-oye4b7xkwMV1XrDBh3_ASNm8A0CiA7___________8BsA6G9Ii4GLgT5APYEwvQFQGYFgHKFgIKAPgWAYAXAbIXEBgBKgoxOTU0MDExNzg3UAa6FwI4AaoYFwkBAAAAeC4PQRIKMTk1NDAxMTc4NxgBshgJEgKRVBguIgEA0BgB6BgBwhkCCAE&ae=1&gclid=EAIaIQobChMIha-e4b7xkwMV1XrDBh3_ASNmEAEYASAAEgILcPD_BwE&num=1&cid=CAQS4gEABaugfSczoiKLw1RjLCU5A-Oz7FljbjZDmM9BUk3AmOhuH_ZCn6dA5UYbpbCRTsTdd5j64QI6qXO3TC69_wzc2QockhdnCb3JRhaSVIb9g_ZIuBsBou-oAw-LdiGbKVduGfa0gysPF_zZ-JbYYceN4ftl3UqjjX8qLky1yJc0cqtJzW7eU54zILje9p_i6XG2uwYBz_YNymPQF8Yi0Z73dptV5qQG1B_nrx80zLpDgtuaSlU6p3AXJXENqH5uIzNzC2s8F6VbmD_wYj8rUytRQlT0dFguuY4gzavEWHmx3ghRGAE&sig=AOD64_19fQ2JdMJutv7usI17oBStg1U6Kg&client=ca-pub-7779027078698074&rf=4&nb=9&adurl=https://www.westgateresorts.com/hotels/nevada/las-vegas/westgate-las-vegas-resort-casino/%3Futm_medium%3Dcpc%26utm_source%3Dgoogle%26utm_content%3Dlv_ubrnd%26utm_term%3Dinmkt%26utm_marketing_tactic%3Dprospecting%26utm_creative_format%3Dpmax%26gad_source%3D5%26gad_campaignid%3D23327414056%26gclid%3DEAIaIQobChMIha-e4b7xkwMV1XrDBh3_ASNmEAEYASAAEgILcPD_BwE,https://www.westgateresorts.com/hotels/nevada/las-vegas/westgate-las-vegas-resort-casino/?utm_medium=cpc&utm_source=google&utm_content=lv_ubrnd&utm_term=inmkt&utm_marketing_tactic=prospecting&utm_creative_format=pmax&gad_source=5&gad_campaignid=23327414056&gclid=EAIaIQobChMIha-e4b7xkwMV1XrDBh3_ASNmEAEYASAAEgILcPD_BwE,yes,yes,yes,yes,yes
1104,https://www.googleadservices.com/pagead/aclk?sa=L&ai=C4B01rEbgadf4Ks-J3NMPtbfz2Q6-9_iBhgHjzsOg8hGT-ey2pw4QASCb3IkiYMfV_42EJqABjee6kCrIAQapArJfU-IHxLY-4AIAqAMByAMKqgSdBE_QofXnudrXm__XMs0co-LjYPWsl2YUP-9CMpu2UdDw11w_McQB3WY71RCNz-hAM75DvuQWnoQk59d_7ajgRV9nSytPJdG8bO49iVSyzZKCtnZ-dQfnsL03UoMa_986rUm-9WTjmRz5DL7InVIDLJjntiaxyYY8BlaMGhWYdyT-UE2NRRAMNwztJ-WrF-XcapkrSQya3ICKtHTuvcAsngD2XCkdWcQSaeDsZee5tsfhsQVT5BLmvMO5SDoN2uz3up8nW47JBDR0xQkK9NiMZKF5brGqa5w7_ROUE-BJA3-RPx_tTelzSEdWb7tVgEkwFwpO1pS-2Vi5MjO7d3_nAEEY5zYGvjLEy1Z1JZmC03PomHT54AuenbzIrDkspSHEpxlIIDdaAopUcqi6eeZAf1hHYpK6TniI5SvPGI7uNekdOPIhGEDkwZY8lMqnq75fF7AmXh0PmXFXfDu4fPAvwthdU2unb_w9ZKM2AlIjdrNkKO1awWa002qd0YFoFf3JpS8zfH_SNP9vx5OsTnWDxzg1P7sA8TY3euw9t4D3A3QcXNITjjrXYmTVpJ0FNIcEjvXrhwqM-E3ZOEdo0zmIUmJkm-BFAmNLxxKf00KbktgbyJaNt6NXmVnufYOeHlTmJ_EKMNNznvL5dvVy27x80vrziT_g-oMMyU-JpaU3H_XKebSuCgI5PhirUahvh67IY1mB17GWiGN47jGiQAPABJap0o64BOAEAYgFlNCN0EygBi6AB42fi_AEqAenzLECqAfi2LECqAemvhuoB8zOsQKoB_PRG6gHltgbqAeqm7ECqAeOzhuoB5PYG6gH8OAbqAfulrECqAf-nrECqAevvrECqAea4bECqAfVyRuoB9m2sQKoB5oGqAf_nrECqAffn7ECqAf4wrECqAf7wrEC2AcB0ggvCIBhEAEYnQEyCIqCgICAgIAIOg2AQIDAgICAgKiAAqgDSL39wTpY0pah86bxkwOxCabxnSk8K34UgAoDmAsByAsBogwDkAEBqg0CWkHIDQHiDRMI8LSh86bxkwMVzwR3BB212zzr6g0TCPPIovOm8ZMDFc8EdwQdtds86_ANAogO____________AdgTDYgUCtAVAZgWAcoWAgoA-BYBgBcBshcQGAEqCjQ2NzYwMjE2NjRQBroXAjgBqhgXCQAAAACAqPhAEgo0Njc2MDIxNjY0GAGyGAkSAvxbGC4iAQDQGAHCGQIIAQ&ae=1&gclid=EAIaIQobChMI1_6i86bxkwMVzwR3BB212zzrEAEYASAAEgJsHfD_BwE&num=1&cid=CAQS0AEABaugfYBFJxMSSRWjqh1H3pRUmIjgEiWyhpmXHhtcYxN_xaU-Dncsv7dhW8R7O9rrZVrbqNMCtbtikKJcKmX5hUmZ6e3f3GR3GGjw8vBIwM2Wxwt7rnIAqk0aj9ayl42P4WfS-SqjTD3zXTApVzJiij6e6sz3mibpVQr9opekBVv9nRpLWwiahTemNKgf_b95i_mZjgJ6GSvEDe6kP2MhN8mOqSsIWDaMh85ryfGCwZKrGwcKn8Jfci9Uesi4hHtQhQ8h7W_VK246IT4OP9yBGAE&sig=AOD64_0fgvD1DgWF7hj8yxrvylG7vYIa2w&client=ca-pub-8241049497608997&rf=4&nb=19&adurl=https://nutrinature.uk/%3Fhttps://nutrinature.uk/products/magnesium-l-threonate-clean-genuine-1%3F_pos%3D2%26_psq%3Dl%2Bthre%26_ss%3De%26_v%3D1.0%26gad_source%3D5%26gad_campaignid%3D20569090068%26gclid%3DEAIaIQobChMI1_6i86bxkwMVzwR3BB212zzrEAEYASAAEgJsHfD_BwE,https://nutrinature.uk/?https://nutrinature.uk/products/magnesium-l-threonate-clean-genuine-1?_pos=2&_psq=l+thre&_ss=e&_v=1.0&gad_source=5&gad_campaignid=20569090068&gclid=EAIaIQobChMI1_6i86bxkwMVzwR3BB212zzrEAEYASAAEgJsHfD_BwE,yes,yes,,,
1125,https://www.googleadservices.com/pagead/aclk?sa=L&ai=CVw49hkXgabDnO63cjeYPzZzcyQGG-_eDhgHOuvbTgxSH0dfekg4QASDa8Y4MYMfV_42EJqAB1OecwwPIAQngAgCoAwHIA0iqBMUCT9Dnkk2EKvf9imsZ9iW4arB4pbs8CgGWBgqKSAHAnE3FvQ4gSI3CRdI6FAUsX0e16Amkqt5_7r8j_bDZPZzWSU26tAKeVZ_jP3z3fSQYoPqT9JL9dO0NLGRNmPpmsawTBA_B7X2jzQoFLu9naDGAFDQ6MD_LXmLWAzcXFgWjLt9TqnVapaX_-txjaJUmV7iEBJwBAlRsY4s5RwARUvIf8Nf6pjV7Q4XEX9PXs1956wAuGuWb1GovtH3aEmetssRrJgjidGbPwA3T8W-f8HsiOchLDJJA5MsBRYZ02Picr5-GkBrvBqHHFJDH1DKxPuXdzPHaoiRB9xbF9tsEuHZ_oGeC9zxQZOvj7isEynLZeUIXgckD4BDWDQ_Zjbec5-27W_rRsNMgmiRqO2bgXO7_Xzk72OQkNm0uqfWkT-RuPrtfhJ3lScAE-8WVxpAF4AQBiAX_o6uEU6AGLoAHlJjjPKgHp8yxAqgHpr4bqAfMzrECqAfz0RuoB5bYG6gHqpuxAqgHjs4bqAeT2BuoB_DgG6gH7paxAqgH_p6xAqgHr76xAqgHmuGxAqgH1ckbqAfZtrECqAeaBqgH_56xAqgH35-xAqgH-MKxAqgH-8KxAtgHANIILgiAYRABGB0yCIqCgICAgIAIOg2AQIDAgICAgKiAAqgDSL39wTpYvoSZ56XxkwOxCWiJ2tLP559-gAoBigqTA2h0dHBzOi8vbW9uaXRvci5jbGlja2NlYXNlLmNvbS90cmFja2VyL3RyYWNrZXIuYXNweD9pZD1xc3FpZFlXSmw4WWg0aCZ1dG1fc291cmNlPWdvb2dsZSZ1dG1fbWVkaXVtPWNwYyZ1dG1fY2FtcGFpZ249UmV0YXJnZXRpbmclMjAyMDI1JnV0bV9jb250ZW50PVZpZGVvJTIwQnJvY2h1cmUmdXRtX3Rlcm09JmNhbXBhaWduaWQ9MjIyODkyNDA1NzUmYWRncm91cGlkPTE3NjI0MDgxMjc5NSZtYXRjaHR5cGU9JmRldmljZT1jJm5ldHdvcms9ZCZkZXZpY2Vtb2RlbD0mcGxhY2VtZW50PXd3dy5saXZlaGluZHVzdGFuLmNvbWFkPTc0NDAzNTgxMDg3NyZnY2xpZD17Z2NsaWR9JmtleXdvcmQ9JnRhcmdldGlkPWV4dGVuc2lvbmlkPSZsb2NhdGlvbmlkPTEwMjY0ODEtMTAyODY2NSZwb3NpdGlvbj0mdXJsPXtscHVybH2YCwHICwHgCwGADAGqDQJaQcgNAeINEwj8uZnnpfGTAxUtbsMGHU0ONxnqDRMI3c6a56XxkwMVLW7DBh1NDjcZ8A0CiA7___________8B2BMK0BUByhYCCgD4FgGAFwGyFxAYASoKNTEwOTE5MTMzNFAGuhcCOAGqGBcJAAAAAED__kASCjUxMDkxOTEzMzQYAbIYCRIC6FgYLiIBANAYAegYAcIZAggB&ae=1&gclid=EAIaIQobChMIsMKb56XxkwMVLW7DBh1NDjcZEAEYASAAEgJkPvD_BwE&num=1&cid=CAQS4gEABaugfcgGtL3Zb9enJECv--1YKTlMSO__XciPQ2n_iAw9_Fu0J9pfP2WV0rlWPsuwkkATCuQC1mw77Vv9E2keyWvaOXb6XOgOnrt2ISuAhhhZVLlvnHwoRayII-l0ZgfT4Q-0TU42patdKKhJzR4Tshl9eneZFTPUu9gt-o8Cps_kWgeBzZmIBeUsiXhJqbSCBpaheGy9oGVkCuiS-jzYULB1B1_lNnuhkOErSLFe5XVS5D4M7xRBVv0-5_XVw47dzdff7nuGvYsBOPlbTqg4j7gWq6Lu3qHnCaWBaKlszXJIGAE&sig=AOD64_0K67hQbslVMELyQTHABSFgiMYMQw&client=ca-pub-9783515403541006&rf=1&nb=25&adurl=https://mediafast.com/video-brochure/%3Futm_source%3Dgoogle%26utm_medium%3Dcpc%26utm_campaign%3DRetargeting%25202025%26utm_content%3DVideo%2520Brochure%26utm_term%3D%26campaignid%3D22289240575%26adgroupid%3D176240812795%26matchtype%3D%26device%3Dc%26network%3Dd%26devicemodel%3D%26placement%3Dwww.livehindustan.com%26ad%3D744035810877%26gclid%3DEAIaIQobChMIsMKb56XxkwMVLW7DBh1NDjcZEAEYASAAEgJkPvD_BwE%26keyword%3D%26targetid%3D%26extensionid%3D%26locationid%3D1026481_1028665%26position%3D%26gad_source%3D5%26gad_campaignid%3D22289240575%26gclid%3DEAIaIQobChMIsMKb56XxkwMVLW7DBh1NDjcZEAEYASAAEgJkPvD_BwE,"https://mediafast.com/video-brochure/?utm_source=google&gclid=EAIaIQobChMIsMKb56XxkwMVLW7DBh1NDjcZEAEYASAAEgJkPvD_BwE,EAIaIQobChMIsMKb56XxkwMVLW7DBh1NDjcZEAEYASAAEgJkPvD_BwE,EAIaIQobChMIsMKb56XxkwMVLW7DBh1NDjcZEAEYASAAEgJkPvD_BwE",,,,,
1135,https://www.googleadservices.com/pagead/aclk?sa=L&ai=CPqRLhkfgabfJDuiWjeYP7fLcsASK3sH1ctzZvt9vpfuU44AQEAEgrNm4ImDH1f-NhCagAaTJ3dsDyAEBqQKyX1PiB8S2PuACAKgDAcgDCqoE4QJP0BHuMTla9MnlxcHzhrybxpZtV1e7qYj3c5lGMapX-NN3GIG1JdjVsTtkHD_wZW5FkUvccxVaOdS3H5QUMhPDBEWs5fFeE43CdNZiEmnthcjyhZE_9PISCkGkeRy437PPBuGHOKHOiwTIN7BMfwq-E1j5bkORzJHDV2aEKi8vPLXfh_KPxGMmjhCG4-ZV_2k8alMTb5vBIOvFrbGhTIqVOL_tXZt4LbX_zegFM1YDekIb8VAzo2oDTIJY06n5j6vQUKYpwGVR3O0XoZR3PKr-lkoXcmkB7F5NIFtwmZJvKvin9wNyhs5mod_V7sj2nQpfkp3oBiFpV8K6Ej9ymBQHowd10_EhdBk5JASwRLv82bbOExassj8o8wxxOVCfJWpY2kqHVKFpC8-7AaBsR_gzITzUnhOBV8hrilPVP813yN37qSHjhZMj7Ypk6ogx8JBBRjPjE35O-0VnBkuImMqr-sAEvOra-QjgBAGIBdz__CCAB8S2oiSoB6fMsQKoB6a-G6gHzM6xAqgH89EbqAeW2BuoB6qbsQKoB47OG6gHk9gbqAfw4BuoB-6WsQKoB_6esQKoB6--sQKoB5rhsQKoB9XJG6gH2baxAqgHmgaoB_-esQKoB9-fsQKoB_jCsQKoB_vCsQLYBwHSCC8IgGEQARidATIIioKAgICAgAg6DYBAgMCAgICAqIACqANIvf3BOljA1_7ap_GTA7EJuFCLWcekL1uACgOYCwHICwGqDQJaQcgNAeINEwj9hP_ap_GTAxVoS8MGHW05F0bqDRMIzf__2qfxkwMVaEvDBh1tORdG8A0CiA7___________8B2BMC0BUByhYCCgD4FgGAFwGyFxAYASoKNTM0NDE5ODc0OFAGuhcCOAGqGBcJAAAAAPwwE0ESCjUzNDQxOTg3NDgYAbIYCRICs08YASIBANAYAcIZAggB&ae=1&gclid=EAIaIQobChMIt6SA26fxkwMVaEvDBh1tORdGEAEYASAAEgLHpfD_BwE&num=1&cid=CAQS4gEABaugfTeGYN9iwe4g182nZ1Iw_cURtgAtViAINnJipoCNnI5S4iaFmDD7xRoF92O0Z7pXPSeYPdHwWhRFqTRM0ert6j3OQgpUinWhuMeCBi6_QGFlCpV2tlKDz6k5ZsDF-xXpi4hivEcvNyNSOqR63fv9eWKw-eBDxu6rExU2CjkBDIGLnYsv0XKJAGj29MT1YzJJsKeSt267iURV_BAutLFCHypwb0yfCCiaCIA1oFcN5irAMJNnHTe-lOVhGKHvbvH1oT0hNRbJRFuh7d-VUyw43j3Q7cYqD3b-DmVOS9tfGAE&sig=AOD64_1lajHuhcGvo2gdHm7jyyjb8H5M2g&client=ca-pub-4180835694166255&rf=4&nb=0&adurl=http://www.dilapsuk.com%3Fgad_source%3D5%26gad_campaignid%3D69156828%26gclid%3DEAIaIQobChMIt6SA26fxkwMVaEvDBh1tORdGEAEYASAAEgLHpfD_BwE,https://dilapsuk.com/?gad_source=5&gad_campaignid=69156828&gclid=EAIaIQobChMIt6SA26fxkwMVaEvDBh1tORdGEAEYASAAEgLHpfD_BwE,yes,yes,yes,yes,yes
